Standardized_Genus,Standardized_Species,Full_Path_Key,Segregation_Type,Sex_Without_Recomb,Sex_Chromosome_Sys,Diploid_Number
Acalles,camelus,Animalia|Insecta|Coleoptera|Curculionidae|Acalles|camelus,Asynaptic Sex Chromosomes,Heterogametic,XY,30
Acalles,commutatus,Animalia|Insecta|Coleoptera|Curculionidae|Acalles|commutatus,Asynaptic Sex Chromosomes,Heterogametic,XY,28
Acalles,echitus,Animalia|Insecta|Coleoptera|Curculionidae|Acalles|echitus,Asynaptic Sex Chromosomes,Heterogametic,XY,30
Acalles,fallax,Animalia|Insecta|Coleoptera|Curculionidae|Acalles|fallax,Asynaptic Sex Chromosomes,Heterogametic,XY,30
Acalles,petryszaki,Animalia|Insecta|Coleoptera|Curculionidae|Acalles|petryszaki,Asynaptic Sex Chromosomes,Heterogametic,XY,30
Acallopistus,sp.,Animalia|Insecta|Coleoptera|Curculionidae|Acallopistus|sp.,Asynaptic Sex Chromosomes,Heterogametic,XY,24
Acanthocinus,aedilis,Animalia|Insecta|Coleoptera|Cerambycidae|Acanthocinus|aedilis,Asynaptic Sex Chromosomes,Heterogametic,XY,22
Acanthocinus,circumflexus,Animalia|Insecta|Coleoptera|Cerambycidae|Acanthocinus|circumflexus,Asynaptic Sex Chromosomes,Heterogametic,XY,26
Acanthocrios,furnarii,Animalia|Insecta|Hemiptera|Cimicidae|Acanthocrios|furnarii,Achiasmatic Meiosis,Heterogametic,XY,12
Acanthocyclops,vernalis,Animalia|Maxillopoda|Cyclopoida|Cyclopidae|Acanthocyclops|vernalis,Asynaptic Sex Chromosomes,Heterogametic,NA,8
Acanthocyclops,vernalis ssp. parcus?,Animalia|Maxillopoda|Cyclopoida|Cyclopidae|Acanthocyclops|vernalis ssp. parcus?,Achiasmatic Meiosis,Heterogametic,NA,6
Achaetella,varipes,Animalia|Insecta|Diptera|Anthomyiidae|Achaetella|varipes,Achiasmatic Meiosis,Heterogametic,XY,12
Acicnemis,alni,Animalia|Insecta|Coleoptera|Curculionidae|Acicnemis|alni,Asynaptic Sex Chromosomes,Heterogametic,XY,24
Acicnemis,nigra,Animalia|Insecta|Coleoptera|Curculionidae|Acicnemis|nigra,Asynaptic Sex Chromosomes,Heterogametic,XY,22
Acinia,fucata,Animalia|Insecta|Diptera|Tephritidae|Acinia|fucata,Achiasmatic Meiosis,Heterogametic,ZW,12
Acinia,mallochi,Animalia|Insecta|Diptera|Tephritidae|Acinia|mallochi,Achiasmatic Meiosis,Heterogametic,ZW,12
Acledra,bonariensis,Animalia|Insecta|Hemiptera|Pentatomidae|Acledra|bonariensis,Achiasmatic Sex Chromosomes,Heterogametic,XY,12
Acledra,kinbergii,Animalia|Insecta|Hemiptera|Pentatomidae|Acledra|kinbergii,Achiasmatic Sex Chromosomes,Heterogametic,XY,14
Acledra,modesta,Animalia|Insecta|Hemiptera|Pentatomidae|Acledra|modesta,Achiasmatic Sex Chromosomes,Heterogametic,XY,14
Acmaeodera,boryi,Animalia|Insecta|Coleoptera|Buprestidae|Acmaeodera|boryi,Asynaptic Sex Chromosomes,Heterogametic,XY,18
Acmaeodera,flavofasciata,Animalia|Insecta|Coleoptera|Buprestidae|Acmaeodera|flavofasciata,Asynaptic Sex Chromosomes,Heterogametic,XY,18
Acmaeodera,gibbulosa,Animalia|Insecta|Coleoptera|Buprestidae|Acmaeodera|gibbulosa,Asynaptic Sex Chromosomes,Heterogametic,XY,18
Acmaeodera,vetusta,Animalia|Insecta|Coleoptera|Buprestidae|Acmaeodera|vetusta,Asynaptic Sex Chromosomes,Heterogametic,XY,18
Acmaeops,proteus,Animalia|Insecta|Coleoptera|Cerambycidae|Acmaeops|proteus,Asynaptic Sex Chromosomes,Heterogametic,XY,22
Acridiophaga,aculeata,Animalia|Insecta|Diptera|Sarcophagidae|Acridiophaga|aculeata,Achiasmatic Meiosis,Heterogametic,XY,12
Acrobates,pygmaeus,Animalia|Mammalia|Diprodontia|Acrobatidae|Acrobates|pygmaeus,Asynaptic Sex Chromosomes,Heterogametic,XY,14
Acrobates,pygmaeus,Animalia|Mammalia|Diprotodontia|Acrobatidae|Acrobates|pygmaeus,Asynaptic Sex Chromosomes,Heterogametic,XY,14
Acrophthalmyda,paulseni,Animalia|Insecta|Diptera|Bombyliidae|Acrophthalmyda|paulseni,Achiasmatic Meiosis,Heterogametic,NA,12
Actina,incisularis,Animalia|Insecta|Diptera|Stratiomyidae|Actina|incisularis,Achiasmatic Meiosis,Heterogametic,NA,10
Actina,incisurali,Animalia|Insecta|Diptera|Stratiomyidae|Actina|incisurali,Achiasmatic Meiosis,Heterogametic,XY,10
Adalia,bipunctata,Animalia|Insecta|Coleoptera|Coccinellidae|Adalia|bipunctata,Asynaptic Sex Chromosomes,Heterogametic,XY,20
Adalia,frigida,Animalia|Insecta|Coleoptera|Coccinellidae|Adalia|frigida,Asynaptic Sex Chromosomes,Heterogametic,XY,20
Adelocera,muri,Animalia|Insecta|Coleoptera|Elateridae|Adelocera|muri,Asynaptic Sex Chromosomes,Heterogametic,XY,22
Adesmia,biskrensis,Animalia|Insecta|Coleoptera|Tenebrionidae|Adesmia|biskrensis,Asynaptic Sex Chromosomes,Heterogametic,XY,18
Adesmia,cancellata,Animalia|Insecta|Coleoptera|Tenebrionidae|Adesmia|cancellata,Asynaptic Sex Chromosomes,Heterogametic,XY,20
Adesmia,metallica,Animalia|Insecta|Coleoptera|Tenebrionidae|Adesmia|metallica,Asynaptic Sex Chromosomes,Heterogametic,XY,18
Adetoxenus,Formosus,Animalia|Insecta|Diptera|Drosophilidae|Adetoxenus|Formosus,Achiasmatic Meiosis,Heterogametic,NA,12
Adexius,scrobipennis,Animalia|Insecta|Coleoptera|Curculionidae|Adexius|scrobipennis,Asynaptic Sex Chromosomes,Heterogametic,XY,36
Adoretus,bombitor,Animalia|Insecta|Coleoptera|Scarabaeidae|Adoretus|bombitor,Asynaptic Sex Chromosomes,Heterogametic,XY,22
Adoretus,decanus,Animalia|Insecta|Coleoptera|Scarabaeidae|Adoretus|decanus,Asynaptic Sex Chromosomes,Heterogametic,XY,22
Adoretus,duvauceli,Animalia|Insecta|Coleoptera|Scarabaeidae|Adoretus|duvauceli,Asynaptic Sex Chromosomes,Heterogametic,XY,22
Adoretus,epipleuralis,Animalia|Insecta|Coleoptera|Scarabaeidae|Adoretus|epipleuralis,Asynaptic Sex Chromosomes,Heterogametic,XY,22
Adoretus,incurvatus,Animalia|Insecta|Coleoptera|Scarabaeidae|Adoretus|incurvatus,Asynaptic Sex Chromosomes,Heterogametic,XY,22
Adoretus,lasiopygus,Animalia|Insecta|Coleoptera|Scarabaeidae|Adoretus|lasiopygus,Asynaptic Sex Chromosomes,Heterogametic,XY,22
Adoretus,limbatus,Animalia|Insecta|Coleoptera|Scarabaeidae|Adoretus|limbatus,Asynaptic Sex Chromosomes,Heterogametic,XY,22
Adoretus,sp.,Animalia|Insecta|Coleoptera|Scarabaeidae|Adoretus|sp.,Asynaptic Sex Chromosomes,Heterogametic,XY,22
Adoretus,versutus,Animalia|Insecta|Coleoptera|Scarabaeidae|Adoretus|versutus,Asynaptic Sex Chromosomes,Heterogametic,XY,24
Adorrhinyptia,dorsalis,Animalia|Insecta|Coleoptera|Scarabaeidae|Adorrhinyptia|dorsalis,Asynaptic Sex Chromosomes,Heterogametic,XY,22
Adorrhinyptia,sp.,Animalia|Insecta|Coleoptera|Scarabaeidae|Adorrhinyptia|sp.,Asynaptic Sex Chromosomes,Heterogametic,XY,16
Adosomus,melanogrammus,Animalia|Insecta|Coleoptera|Curculionidae|Adosomus|melanogrammus,Asynaptic Sex Chromosomes,Heterogametic,XY,46
Adoxomyia,rustica,Animalia|Insecta|Diptera|Stratiomyidae|Adoxomyia|rustica,Achiasmatic Meiosis,Heterogametic,NA,8
Aegiala,blanchardi,Animalia|Insecta|Coleoptera|Scarabaeidae|Aegiala|blanchardi,Asynaptic Sex Chromosomes,Heterogametic,XY,20
Aeloesthes,holosericea,Animalia|Insecta|Coleoptera|Cerambycidae|Aeloesthes|holosericea,Asynaptic Sex Chromosomes,Heterogametic,XY,18
Aemymone,cariosa,Animalia|Insecta|Coleoptera|Tenebrionidae|Aemymone|cariosa,Asynaptic Sex Chromosomes,Heterogametic,XY,18
Aepyprymnus,rufescens,Animalia|Mammalia|Diprotodontia|Potoroidae|Aepyprymnus|rufescens,Asynaptic Sex Chromosomes,Heterogametic,XY,32
Afissa,parvula,Animalia|Insecta|Coleoptera|Coccinellidae|Afissa|parvula,Asynaptic Sex Chromosomes,Heterogametic,XY,18
Afrodacus,jarvisi,Animalia|Insecta|Diptera|Tephritidae|Afrodacus|jarvisi,Achiasmatic Meiosis,Heterogametic,XY,14
Agabus,bipustulatus,Animalia|Insecta|Coleoptera|Dytiscidae|Agabus|bipustulatus,Asynaptic Sex Chromosomes,Heterogametic,XY,42
Agabus,sturmi,Animalia|Insecta|Coleoptera|Dytiscidae|Agabus|sturmi,Asynaptic Sex Chromosomes,Heterogametic,XY,42
Agapanthia,dahli,Animalia|Insecta|Coleoptera|Cerambycidae|Agapanthia|dahli,Asynaptic Sex Chromosomes,Heterogametic,XY,20
Agapanthia,korostelevi,Animalia|Insecta|Coleoptera|Tenebrionidae|Agapanthia|korostelevi,Asynaptic Sex Chromosomes,Heterogametic,XY,20
Agapanthia,villosoviridescens,Animalia|Insecta|Coleoptera|Cerambycidae|Agapanthia|villosoviridescens,Asynaptic Sex Chromosomes,Heterogametic,XY,20
Agapanthia,walteri,Animalia|Insecta|Coleoptera|Tenebrionidae|Agapanthia|walteri,Asynaptic Sex Chromosomes,Heterogametic,XY,20
Agathomerus,sellatus,Animalia|Insecta|Coleoptera|Chrysomelidae|Agathomerus|sellatus,Asynaptic Sex Chromosomes,Heterogametic,XY,20
Agathomerus,subfasciatus,Animalia|Insecta|Coleoptera|Chrysomelidae|Agathomerus|subfasciatus,Asynaptic Sex Chromosomes,Heterogametic,XY,20
Agathomerus,testaceus,Animalia|Insecta|Coleoptera|Chrysomelidae|Agathomerus|testaceus,Asynaptic Sex Chromosomes,Heterogametic,XY,20
Agelastica,coerulea,Animalia|Insecta|Coleoptera|Chrysomelidae|Agelastica|coerulea,Asynaptic Sex Chromosomes,Heterogametic,XY,24
Agraulis,vanillae,Animalia|Insecta|Lepidoptera|Nymphalidae|Agraulis|vanillae,Achiasmatic Meiosis,Heterogametic,NA,NA
Agria,affinis,Animalia|Insecta|Diptera|Sarcophagidae|Agria|affinis,Achiasmatic Meiosis,Heterogametic,NA,20
Agrilus,angustulus,Animalia|Insecta|Coleoptera|Buprestidae|Agrilus|angustulus,Asynaptic Sex Chromosomes,Heterogametic,XY,22
Agrilus,anxius,Animalia|Insecta|Coleoptera|Buprestidae|Agrilus|anxius,Asynaptic Sex Chromosomes,Heterogametic,XY,22
Agrilus,obscuricollis,Animalia|Insecta|Coleoptera|Buprestidae|Agrilus|obscuricollis,Asynaptic Sex Chromosomes,Heterogametic,XY,20
Agrilus,sp.,Animalia|Insecta|Coleoptera|Buprestidae|Agrilus|sp.,Asynaptic Sex Chromosomes,Heterogametic,XY,NA
Agriotes,sputator,Animalia|Insecta|Coleoptera|Elateridae|Agriotes|sputator,Asynaptic Sex Chromosomes,Heterogametic,XY,20
Agroiconota,inedita,Animalia|Insecta|Coleoptera|Chrysomelidae|Agroiconota|inedita,Asynaptic Sex Chromosomes,Heterogametic,XY,40
Agroiconota,propinqua,Animalia|Insecta|Coleoptera|Chrysomelidae|Agroiconota|propinqua,Asynaptic Sex Chromosomes,Heterogametic,XY,38
Agrypnetes,crassicornis,Animalia|Insecta|Trichoptera|Phryganeidae|Agrypnetes|crassicornis,Achiasmatic Meiosis,Heterogametic,ZW,50
Ahasverus,adve,Animalia|Insecta|Coleoptera|Silvanidae|Ahasverus|adve,Asynaptic Sex Chromosomes,Heterogametic,XY,18
Ailurops,ursinus,Animalia|Mammalia|Diprotodontia|Phalangeridae|Ailurops|ursinus,Asynaptic Sex Chromosomes,Heterogametic,XY,NA
Aiolopus,thalassiunus,Animalia|Insecta|Lepidoptera|Acrididae|Aiolopus|thalassiunus,Asynaptic Sex Chromosomes,Heterogametic,NA,NA
Alagoasa,acutangula,Animalia|Insecta|Coleoptera|Chrysomelidae|Alagoasa|acutangula,Asynaptic Sex Chromosomes,Heterogametic,XY,22
Alagoasa,apicata,Animalia|Insecta|Coleoptera|Chrysomelidae|Alagoasa|apicata,Asynaptic Sex Chromosomes,Heterogametic,XY,22
Alagoasa,arcifera,Animalia|Insecta|Coleoptera|Chrysomelidae|Alagoasa|arcifera,Asynaptic Sex Chromosomes,Heterogametic,XY,16
Alagoasa,bicolor,Animalia|Insecta|Coleoptera|Chrysomelidae|Alagoasa|bicolor,Asynaptic Sex Chromosomes,Heterogametic,XY,22
Alagoasa,bipunctata,Animalia|Insecta|Coleoptera|Chrysomelidae|Alagoasa|bipunctata,Asynaptic Sex Chromosomes,Heterogametic,XY,22
Alagoasa,burmeisteri,Animalia|Insecta|Coleoptera|Chrysomelidae|Alagoasa|burmeisteri,Asynaptic Sex Chromosomes,Heterogametic,XY,22
Alagoasa,ceracollis,Animalia|Insecta|Coleoptera|Chrysomelidae|Alagoasa|ceracollis,Asynaptic Sex Chromosomes,Heterogametic,XY,22
Alagoasa,decemguttata,Animalia|Insecta|Coleoptera|Chrysomelidae|Alagoasa|decemguttata,Asynaptic Sex Chromosomes,Heterogametic,XY,22
Alagoasa,dipus,Animalia|Insecta|Coleoptera|Chrysomelidae|Alagoasa|dipus,Asynaptic Sex Chromosomes,Heterogametic,XY,22
Alagoasa,dissepta,Animalia|Insecta|Coleoptera|Chrysomelidae|Alagoasa|dissepta,Asynaptic Sex Chromosomes,Heterogametic,XY,22
Alagoasa,equestris,Animalia|Insecta|Coleoptera|Chrysomelidae|Alagoasa|equestris,Asynaptic Sex Chromosomes,Heterogametic,XY,12
Alagoasa,extrema,Animalia|Insecta|Coleoptera|Chrysomelidae|Alagoasa|extrema,Asynaptic Sex Chromosomes,Heterogametic,XY,22
Alagoasa,fasciaticollis,Animalia|Insecta|Coleoptera|Chrysomelidae|Alagoasa|fasciaticollis,Asynaptic Sex Chromosomes,Heterogametic,XY,22
Alagoasa,illustris,Animalia|Insecta|Coleoptera|Chrysomelidae|Alagoasa|illustris,Asynaptic Sex Chromosomes,Heterogametic,XY,22
Alagoasa,januaria,Animalia|Insecta|Coleoptera|Chrysomelidae|Alagoasa|januaria,Asynaptic Sex Chromosomes,Heterogametic,XY,22
Alagoasa,jufi,Animalia|Insecta|Coleoptera|Chrysomelidae|Alagoasa|jufi,Asynaptic Sex Chromosomes,Heterogametic,XY,22
Alagoasa,libenti,Animalia|Insecta|Coleoptera|Chrysomelidae|Alagoasa|libenti,Asynaptic Sex Chromosomes,Heterogametic,XY,22
Alagoasa,mella,Animalia|Insecta|Coleoptera|Chrysomelidae|Alagoasa|mella,Asynaptic Sex Chromosomes,Heterogametic,XY,22
Alagoasa,posticalis,Animalia|Insecta|Coleoptera|Chrysomelidae|Alagoasa|posticalis,Asynaptic Sex Chromosomes,Heterogametic,XY,22
Alagoasa,rotundicollis,Animalia|Insecta|Coleoptera|Chrysomelidae|Alagoasa|rotundicollis,Asynaptic Sex Chromosomes,Heterogametic,XY,22
Alagoasa,sp.,Animalia|Insecta|Coleoptera|Chrysomelidae|Alagoasa|sp.,Asynaptic Sex Chromosomes,Heterogametic,XY,22
Alagoasa,trifasciata,Animalia|Insecta|Coleoptera|Chrysomelidae|Alagoasa|trifasciata,Asynaptic Sex Chromosomes,Heterogametic,XY,22
Alagosa,trifasciata vulgatissima,Animalia|Insecta|Coleoptera|Chrysomelidae|Alagosa|trifasciata vulgatissima,Achiasmatic Meiosis,Heterogametic,NA,NA
Albuquerquea,latifrons,Animalia|Insecta|Diptera|Calliphoridae|Albuquerquea|latifrons,Achiasmatic Meiosis,Heterogametic,XY,12
Alcides,sp.,Animalia|Insecta|Coleoptera|Curculionidae|Alcides|sp.,Asynaptic Sex Chromosomes,Heterogametic,XY,34
Alcidodes,affaber,Animalia|Insecta|Coleoptera|Curculionidae|Alcidodes|affaber,Asynaptic Sex Chromosomes,Heterogametic,XY,32
Alcidodes,sp.,Animalia|Insecta|Coleoptera|Curculionidae|Alcidodes|sp.,Asynaptic Sex Chromosomes,Heterogametic,XY,32
Aliatypus,californicus,Animalia|Arachnida|Araneae|Antrodiaetidae|Aliatypus|californicus,Achiasmatic Meiosis,Heterogametic,XO,28
Alloecella,grisea,Animalia|Insecta|Trichoptera|Helicophidae|Alloecella|grisea,Achiasmatic Meiosis,Heterogametic,NA,58
Alloecella,longispina,Animalia|Insecta|Trichoptera|Helicophidae|Alloecella|longispina,Achiasmatic Meiosis,Heterogametic,NA,NA
Alloecella,pilosa,Animalia|Insecta|Trichoptera|Helicophidae|Alloecella|pilosa,Achiasmatic Meiosis,Both,ZO,52
Allogamus,auricollis,Animalia|Insecta|Trichoptera|Limnephilidae|Allogamus|auricollis,Achiasmatic Meiosis,Heterogametic,NA,NA
Allographa,exotica,Animalia|Insecta|Diptera|Syrphidae|Allographa|exotica,Achiasmatic Meiosis,Heterogametic,XY,10
Allographa,hortensis,Animalia|Insecta|Diptera|Syrphidae|Allographa|hortensis,Achiasmatic Meiosis,Heterogametic,XY,8
Allographa,neotropica,Animalia|Insecta|Diptera|Syrphidae|Allographa|neotropica,Achiasmatic Meiosis,Heterogametic,XY,10
Allographa,piurana,Animalia|Insecta|Diptera|Syrphidae|Allographa|piurana,Achiasmatic Meiosis,Heterogametic,XY,10
Allographa,pulchra,Animalia|Insecta|Diptera|Syrphidae|Allographa|pulchra,Achiasmatic Meiosis,Heterogametic,XY,10
Allograpta,calopoides,Animalia|Insecta|Diptera|Syrphidae|Allograpta|calopoides,Achiasmatic Meiosis,Heterogametic,NA,8
Allograpta,calopus,Animalia|Insecta|Diptera|Syrphidae|Allograpta|calopus,Achiasmatic Meiosis,Heterogametic,XY,8
Allograpta,exotica,Animalia|Insecta|Diptera|Syrphidae|Allograpta|exotica,Achiasmatic Meiosis,Heterogametic,XY,10
Allograpta,fuscisquama,Animalia|Insecta|Diptera|Syrphidae|Allograpta|fuscisquama,Achiasmatic Meiosis,Heterogametic,XY,10
Allograpta,hortensis,Animalia|Insecta|Diptera|Syrphidae|Allograpta|hortensis,Achiasmatic Meiosis,Heterogametic,XY,8
Allograpta,neotropica,Animalia|Insecta|Diptera|Syrphidae|Allograpta|neotropica,Achiasmatic Meiosis,Heterogametic,XY,10
Allograpta,nummularia,Animalia|Insecta|Diptera|Syrphidae|Allograpta|nummularia,Achiasmatic Meiosis,Heterogametic,XY,8
Allograpta,obliqua,Animalia|Insecta|Diptera|Syrphidae|Allograpta|obliqua,Achiasmatic Meiosis,Heterogametic,XY,10
Allograpta,pfeifferi,Animalia|Insecta|Diptera|Syrphidae|Allograpta|pfeifferi,Achiasmatic Meiosis,Heterogametic,XY,12
Allograpta,pulchra_I_,Animalia|Insecta|Diptera|Syrphidae|Allograpta|pulchra_I_,Achiasmatic Meiosis,Heterogametic,XY,10
Allograpta,pulchra_hybrid?_,Animalia|Insecta|Diptera|Syrphidae|Allograpta|pulchra_hybrid?_,Achiasmatic Meiosis,Heterogametic,XY,8
Allograpta,sp.25,Animalia|Insecta|Diptera|Syrphidae|Allograpta|sp.25,Achiasmatic Meiosis,Heterogametic,XY,8
Allograpta,sp.26,Animalia|Insecta|Diptera|Syrphidae|Allograpta|sp.26,Achiasmatic Meiosis,Heterogametic,XY,10
Allograpta,sp.27,Animalia|Insecta|Diptera|Syrphidae|Allograpta|sp.27,Achiasmatic Meiosis,Heterogametic,XY,10
Allograpta,sp.AE,Animalia|Insecta|Diptera|Syrphidae|Allograpta|sp.AE,Achiasmatic Meiosis,Heterogametic,XY,8
Allograpta,sp.BP,Animalia|Insecta|Diptera|Syrphidae|Allograpta|sp.BP,Achiasmatic Meiosis,Heterogametic,NA,10
Allograpta,venusta,Animalia|Insecta|Diptera|Syrphidae|Allograpta|venusta,Achiasmatic Meiosis,Heterogametic,XY,8
Allomyrina,dichotoma,Animalia|Insecta|Coleoptera|Scarabaeidae|Allomyrina|dichotoma,Asynaptic Sex Chromosomes,Heterogametic,XY,20
Alobates,pennsylvanica,Animalia|Insecta|Coleoptera|Tenebrionidae|Alobates|pennsylvanica,Asynaptic Sex Chromosomes,Heterogametic,XY,20
Alphasida,depressa,Animalia|Insecta|Coleoptera|Tenebrionidae|Alphasida|depressa,Asynaptic Sex Chromosomes,Heterogametic,XY,20
Alphasida,sp.,Animalia|Insecta|Coleoptera|Tenebrionidae|Alphasida|sp.,Asynaptic Sex Chromosomes,Heterogametic,XY,18
Alphitobius,pliceus,Animalia|Insecta|Coleoptera|Tenebrionidae|Alphitobius|pliceus,Asynaptic Sex Chromosomes,Heterogametic,XY,20
Alphitobius,sp.,Animalia|Insecta|Coleoptera|Tenebrionidae|Alphitobius|sp.,Asynaptic Sex Chromosomes,Heterogametic,XY,20
Altica,aenea,Animalia|Insecta|Coleoptera|Chrysomelidae|Altica|aenea,Asynaptic Sex Chromosomes,Heterogametic,XY,24
Altica,ambiens,Animalia|Insecta|Coleoptera|Chrysomelidae|Altica|ambiens,Asynaptic Sex Chromosomes,Heterogametic,XY,24
Altica,amethysti,Animalia|Insecta|Coleoptera|Chrysomelidae|Altica|amethysti,Asynaptic Sex Chromosomes,Heterogametic,XY,24
Altica,ampelophaga,Animalia|Insecta|Coleoptera|Chrysomelidae|Altica|ampelophaga,Asynaptic Sex Chromosomes,Heterogametic,XY,24
Altica,brevicollis,Animalia|Insecta|Coleoptera|Chrysomelidae|Altica|brevicollis,Asynaptic Sex Chromosomes,Heterogametic,XY,24
Altica,carduorum,Animalia|Insecta|Coleoptera|Chrysomelidae|Altica|carduorum,Asynaptic Sex Chromosomes,Heterogametic,XY,24
Altica,carita,Animalia|Insecta|Coleoptera|Chrysomelidae|Altica|carita,Asynaptic Sex Chromosomes,Heterogametic,XY,24
Altica,chalybea,Animalia|Insecta|Coleoptera|Chrysomelidae|Altica|chalybea,Asynaptic Sex Chromosomes,Heterogametic,XY,22
Altica,coerulea,Animalia|Insecta|Coleoptera|Chrysomelidae|Altica|coerulea,Asynaptic Sex Chromosomes,Heterogametic,XY,22
Altica,coerulescens,Animalia|Insecta|Coleoptera|Chrysomelidae|Altica|coerulescens,Asynaptic Sex Chromosomes,Heterogametic,XY,24
Altica,corni,Animalia|Insecta|Coleoptera|Chrysomelidae|Altica|corni,Asynaptic Sex Chromosomes,Heterogametic,XY,24
Altica,lythri,Animalia|Insecta|Coleoptera|Chrysomelidae|Altica|lythri,Asynaptic Sex Chromosomes,Heterogametic,XY,24
Altica,oleeracea,Animalia|Insecta|Coleoptera|Chrysomelidae|Altica|oleeracea,Asynaptic Sex Chromosomes,Heterogametic,XY,24
Altica,populi,Animalia|Insecta|Coleoptera|Chrysomelidae|Altica|populi,Asynaptic Sex Chromosomes,Heterogametic,XY,24
Altica,rosae,Animalia|Insecta|Coleoptera|Chrysomelidae|Altica|rosae,Asynaptic Sex Chromosomes,Heterogametic,XY,24
Altica,sp.,Animalia|Insecta|Coleoptera|Chrysomelidae|Altica|sp.,Asynaptic Sex Chromosomes,Heterogametic,NA,22
Altica,subplicata,Animalia|Insecta|Coleoptera|Chrysomelidae|Altica|subplicata,Asynaptic Sex Chromosomes,Heterogametic,XY,24
Altica,tamaricis,Animalia|Insecta|Coleoptera|Chrysomelidae|Altica|tamaricis,Asynaptic Sex Chromosomes,Heterogametic,XY,24
Altica,tincta?,Animalia|Insecta|Coleoptera|Chrysomelidae|Altica|tincta?,Asynaptic Sex Chromosomes,Heterogametic,XY,24
Altica,ulmi,Animalia|Insecta|Coleoptera|Chrysomelidae|Altica|ulmi,Asynaptic Sex Chromosomes,Heterogametic,XY,24
Amaurodes,passerini,Animalia|Insecta|Coleoptera|Scarabaeidae|Amaurodes|passerini,Asynaptic Sex Chromosomes,Heterogametic,XY,20
Amauromyza,flavifrons,Animalia|Insecta|Diptera|Agromyzidae|Amauromyza|flavifrons,Achiasmatic Meiosis,Heterogametic,XY,6
Amauromyza,verbasci,Animalia|Insecta|Diptera|Agromyzidae|Amauromyza|verbasci,Achiasmatic Meiosis,Heterogametic,XY,6
Amblyrrhinus,poricollis,Animalia|Insecta|Coleoptera|Curculionidae|Amblyrrhinus|poricollis,Asynaptic Sex Chromosomes,Heterogametic,XY,22
Amblyrrhinus,sp.,Animalia|Insecta|Coleoptera|Curculionidae|Amblyrrhinus|sp.,Asynaptic Sex Chromosomes,Heterogametic,XY,22
Amblyrrhinus,subrecticollis,Animalia|Insecta|Coleoptera|Curculionidae|Amblyrrhinus|subrecticollis,Asynaptic Sex Chromosomes,Heterogametic,XY,22
Ambrostoma,superbum,Animalia|Insecta|Coleoptera|Chrysomelidae|Ambrostoma|superbum,Asynaptic Sex Chromosomes,Heterogametic,XY,40
Amenia,chrysame,Animalia|Insecta|Diptera|Calliphoridae|Amenia|chrysame,Achiasmatic Meiosis,Heterogametic,XY,12
Ammobius,rufus,Animalia|Insecta|Coleoptera|Tenebrionidae|Ammobius|rufus,Asynaptic Sex Chromosomes,Heterogametic,XY,20
Amphicnephes,sp.,Animalia|Insecta|Diptera|Platystomatidae|Amphicnephes|sp.,Achiasmatic Meiosis,Heterogametic,XY,6
Amystax,fasciatus,Animalia|Insecta|Coleoptera|Curculionidae|Amystax|fasciatus,Asynaptic Sex Chromosomes,Heterogametic,XY,22
Anabolia,furcata,Animalia|Insecta|Trichoptera|Limnephilidae|Anabolia|furcata,Achiasmatic Meiosis,Heterogametic,NA,NA
Anacaena,bipustulata,Animalia|Insecta|Coleoptera|Hydrophilidae|Anacaena|bipustulata,Asynaptic Sex Chromosomes,Heterogametic,XY,18
Anacaena,globulus,Animalia|Insecta|Coleoptera|Hydrophilidae|Anacaena|globulus,Asynaptic Sex Chromosomes,Heterogametic,XY,16
Anacaena,limbata,Animalia|Insecta|Coleoptera|Hydrophilidae|Anacaena|limbata,Asynaptic Sex Chromosomes,Heterogametic,XY,18
Anacaena,lutescens,Animalia|Insecta|Coleoptera|Hydrophilidae|Anacaena|lutescens,Asynaptic Sex Chromosomes,Heterogametic,XY,18
Anaesthetis,testacea,Animalia|Insecta|Coleoptera|Cerambycidae|Anaesthetis|testacea,Asynaptic Sex Chromosomes,Heterogametic,XY,22
Anaflus,protensus,Animalia|Insecta|Coleoptera|Cerambycidae|Anaflus|protensus,Asynaptic Sex Chromosomes,Heterogametic,XY,20
Ananteris,balzanii,Animalia|Arachnida|Scorpiones|Buthidae|Ananteris|balzanii,Achiasmatic Meiosis,Heterogametic,NA,14
Anastepha,ludens,Animalia|Insecta|Diptera|Tephritidae|Anastepha|ludens,Achiasmatic Meiosis,Heterogametic,NA,10
Anastrepha,amita,Animalia|Insecta|Diptera|Tephritidae|Anastrepha|amita,Achiasmatic Meiosis,Heterogametic,XY,12
Anastrepha,aphelocentema,Animalia|Insecta|Diptera|Tephritidae|Anastrepha|aphelocentema,Achiasmatic Meiosis,Heterogametic,NA,12
Anastrepha,barnesi,Animalia|Insecta|Diptera|Tephritidae|Anastrepha|barnesi,Achiasmatic Meiosis,Heterogametic,XY,12
Anastrepha,bistrigata,Animalia|Insecta|Diptera|Tephritidae|Anastrepha|bistrigata,Achiasmatic Meiosis,Heterogametic,NA,12
Anastrepha,distincta,Animalia|Insecta|Diptera|Tephritidae|Anastrepha|distincta,Achiasmatic Meiosis,Heterogametic,XY,12
Anastrepha,fraterculus,Animalia|Insecta|Diptera|Tephritidae|Anastrepha|fraterculus,Achiasmatic Meiosis,Heterogametic,XY,12
Anastrepha,grandis,Animalia|Insecta|Diptera|Tephritidae|Anastrepha|grandis,Achiasmatic Meiosis,Heterogametic,XY,12
Anastrepha,leptozona,Animalia|Insecta|Diptera|Tephritidae|Anastrepha|leptozona,Achiasmatic Meiosis,Heterogametic,XY,10
Anastrepha,ludens,Animalia|Insecta|Diptera|Tephritidae|Anastrepha|ludens,Achiasmatic Meiosis,Heterogametic,XY,12
Anastrepha,mombinpraeoptans,Animalia|Insecta|Diptera|Tephritidae|Anastrepha|mombinpraeoptans,Achiasmatic Meiosis,Heterogametic,NA,12
Anastrepha,montei,Animalia|Insecta|Diptera|Tephritidae|Anastrepha|montei,Achiasmatic Meiosis,Heterogametic,XY,8
Anastrepha,obliqua,Animalia|Insecta|Diptera|Tephritidae|Anastrepha|obliqua,Achiasmatic Meiosis,Heterogametic,XY,12
Anastrepha,pickeli,Animalia|Insecta|Diptera|Tephritidae|Anastrepha|pickeli,Achiasmatic Meiosis,Heterogametic,XY,8
Anastrepha,pseudoparallela,Animalia|Insecta|Diptera|Tephritidae|Anastrepha|pseudoparallela,Achiasmatic Meiosis,Heterogametic,XY,12
Anastrepha,serpentina,Animalia|Insecta|Diptera|Tephritidae|Anastrepha|serpentina,Achiasmatic Meiosis,Heterogametic,NA,12
Anastrepha,sororcula,Animalia|Insecta|Diptera|Tephritidae|Anastrepha|sororcula,Achiasmatic Meiosis,Heterogametic,XY,12
Anastrepha,spatula,Animalia|Insecta|Diptera|Tephritidae|Anastrepha|spatula,Achiasmatic Meiosis,Heterogametic,XY,12
Anastrepha,spatulata,Animalia|Insecta|Diptera|Tephritidae|Anastrepha|spatulata,Achiasmatic Meiosis,Heterogametic,XY,12
Anastrepha,striata,Animalia|Insecta|Diptera|Tephritidae|Anastrepha|striata,Achiasmatic Meiosis,Heterogametic,XY,12
Anastrepha,suspensa,Animalia|Insecta|Diptera|Tephritidae|Anastrepha|suspensa,Achiasmatic Meiosis,Heterogametic,XY,12
Anastrepha,turpiniae,Animalia|Insecta|Diptera|Tephritidae|Anastrepha|turpiniae,Achiasmatic Meiosis,Heterogametic,XY,12
Anastrepha,zenildae,Animalia|Insecta|Diptera|Tephritidae|Anastrepha|zenildae,Achiasmatic Meiosis,Heterogametic,XY,12
Anastrepha,zuelaniae,Animalia|Insecta|Diptera|Tephritidae|Anastrepha|zuelaniae,Achiasmatic Meiosis,Heterogametic,XY,12
Androctonus,amoreuxi,Animalia|Arachnida|Scorpiones|Buthidae|Androctonus|amoreuxi,Achiasmatic Meiosis,Heterogametic,NA,24
Androctonus,amoreuxi amoreuxi,Animalia|Arachnida|Scorpiones|Buthidae|Androctonus|amoreuxi amoreuxi,Achiasmatic Meiosis,Heterogametic,NA,24
Androctonus,amoreuxi levyi,Animalia|Arachnida|Scorpiones|Buthidae|Androctonus|amoreuxi levyi,Achiasmatic Meiosis,Heterogametic,NA,24
Androctonus,australis,Animalia|Arachnida|Scorpiones|Buthidae|Androctonus|australis,Achiasmatic Meiosis,Heterogametic,NA,24
Androctonus,bicolor,Animalia|Arachnida|Scorpiones|Buthidae|Androctonus|bicolor,Achiasmatic Meiosis,Heterogametic,NA,24
Androctonus,bicolor bicolor,Animalia|Arachnida|Scorpiones|Buthidae|Androctonus|bicolor bicolor,Achiasmatic Meiosis,Heterogametic,NA,24
Androctonus,bicolor longecarinatus,Animalia|Arachnida|Scorpiones|Buthidae|Androctonus|bicolor longecarinatus,Achiasmatic Meiosis,Heterogametic,NA,24
Androctonus,bourdoni,Animalia|Arachnida|Scorpiones|Buthidae|Androctonus|bourdoni,Achiasmatic Meiosis,Heterogametic,NA,24
Androctonus,crassicauda,Animalia|Arachnida|Scorpiones|Buthidae|Androctonus|crassicauda,Achiasmatic Meiosis,Heterogametic,NA,24
Androctonus,gonneti,Animalia|Arachnida|Scorpiones|Buthidae|Androctonus|gonneti,Achiasmatic Meiosis,Heterogametic,NA,24
Androctonus,liouvillei,Animalia|Arachnida|Scorpiones|Buthidae|Androctonus|liouvillei,Achiasmatic Meiosis,Heterogametic,NA,24
Androctonus,maelfaiti,Animalia|Arachnida|Scorpiones|Buthidae|Androctonus|maelfaiti,Achiasmatic Meiosis,Heterogametic,NA,24
Androctonus,mauritanicus,Animalia|Arachnida|Scorpiones|Buthidae|Androctonus|mauritanicus,Achiasmatic Meiosis,Heterogametic,NA,24
Androctonus,sergenti,Animalia|Arachnida|Scorpiones|Buthidae|Androctonus|sergenti,Achiasmatic Meiosis,Heterogametic,NA,24
Androctonus,tenuissimus,Animalia|Arachnida|Scorpiones|Buthidae|Androctonus|tenuissimus,Achiasmatic Meiosis,Heterogametic,NA,24
Anisarthron,barbipes,Animalia|Insecta|Coleoptera|Cerambycidae|Anisarthron|barbipes,Asynaptic Sex Chromosomes,Heterogametic,XY,20
Anisocalvia,duodecimmaculata,Animalia|Insecta|Coleoptera|Coccinellidae|Anisocalvia|duodecimmaculata,Asynaptic Sex Chromosomes,Heterogametic,XY,20
Anisocalvia,quatuordecimguttata,Animalia|Insecta|Coleoptera|Coccinellidae|Anisocalvia|quatuordecimguttata,Asynaptic Sex Chromosomes,Heterogametic,XY,20
Anisogammarus,annandalei,Animalia|Malacostraca|Amphipoda|Anisogammaridae|Anisogammarus|annandalei,Achiasmatic Meiosis,Heterogametic,XY,54
Anisoplia,flavipennis,Animalia|Insecta|Coleoptera|Scarabaeidae|Anisoplia|flavipennis,Asynaptic Sex Chromosomes,Heterogametic,XY,20
Anobleptus,sp.,Animalia|Insecta|Coleoptera|Curculionidae|Anobleptus|sp.,Asynaptic Sex Chromosomes,Heterogametic,XY,22
Anomala,dorsalis,Animalia|Insecta|Coleoptera|Scarabaeidae|Anomala|dorsalis,Asynaptic Sex Chromosomes,Heterogametic,XY,20
Anomala,lucens,Animalia|Insecta|Coleoptera|Scarabaeidae|Anomala|lucens,Asynaptic Sex Chromosomes,Heterogametic,XY,20
Anomala,polita,Animalia|Insecta|Coleoptera|Scarabaeidae|Anomala|polita,Asynaptic Sex Chromosomes,Heterogametic,XY,20
Anomala,ruficapilla,Animalia|Insecta|Coleoptera|Scarabaeidae|Anomala|ruficapilla,Asynaptic Sex Chromosomes,Heterogametic,XY,20
Anomala,sp.,Animalia|Insecta|Coleoptera|Scarabaeidae|Anomala|sp.,Asynaptic Sex Chromosomes,Heterogametic,XY,20
Anomala,superflua,Animalia|Insecta|Coleoptera|Scarabaeidae|Anomala|superflua,Asynaptic Sex Chromosomes,Heterogametic,XY,20
Anomala,varicolor,Animalia|Insecta|Coleoptera|Scarabaeidae|Anomala|varicolor,Asynaptic Sex Chromosomes,Heterogametic,XY,20
Anomala,vestigator,Animalia|Insecta|Coleoptera|Scarabaeidae|Anomala|vestigator,Asynaptic Sex Chromosomes,Heterogametic,XY,20
Anoplophora,glabripennis,Animalia|Insecta|Coleoptera|Cerambycidae|Anoplophora|glabripennis,Asynaptic Sex Chromosomes,Heterogametic,XY,20
Anoplophora,malasiaca,Animalia|Insecta|Coleoptera|Cerambycidae|Anoplophora|malasiaca,Asynaptic Sex Chromosomes,Heterogametic,XY,30
Anoplotrupes,stercorosus,Animalia|Insecta|Coleoptera|Scarabaeidae|Anoplotrupes|stercorosus,Asynaptic Sex Chromosomes,Heterogametic,XY,20
Antechinomys,laniger,Animalia|Mammalia|Dasyuromorphia|Dasyuridae|Antechinomys|laniger,Asynaptic Sex Chromosomes,Heterogametic,XY,14
Antechinus,flavipes,Animalia|Mammalia|Dasyuromorphia|Dasyuridae|Antechinus|flavipes,Asynaptic Sex Chromosomes,Heterogametic,XY,14
Anthaxia,amasi,Animalia|Insecta|Coleoptera|Buprestidae|Anthaxia|amasi,Asynaptic Sex Chromosomes,Heterogametic,XY,16
Anthaxia,bicolor,Animalia|Insecta|Coleoptera|Buprestidae|Anthaxia|bicolor,Asynaptic Sex Chromosomes,Heterogametic,XY,16
Anthaxia,deaurata,Animalia|Insecta|Coleoptera|Buprestidae|Anthaxia|deaurata,Asynaptic Sex Chromosomes,Heterogametic,XY,16
Anthaxia,hungarica,Animalia|Insecta|Coleoptera|Buprestidae|Anthaxia|hungarica,Asynaptic Sex Chromosomes,Heterogametic,XY,16
Anthaxia,lgockii,Animalia|Insecta|Coleoptera|Buprestidae|Anthaxia|lgockii,Asynaptic Sex Chromosomes,Heterogametic,XY,16
Anthaxia,mirabilis,Animalia|Insecta|Coleoptera|Buprestidae|Anthaxia|mirabilis,Asynaptic Sex Chromosomes,Heterogametic,XY,16
Anthaxia,olympica,Animalia|Insecta|Coleoptera|Buprestidae|Anthaxia|olympica,Asynaptic Sex Chromosomes,Heterogametic,XY,16
Anthaxia,podolica,Animalia|Insecta|Coleoptera|Buprestidae|Anthaxia|podolica,Asynaptic Sex Chromosomes,Heterogametic,XY,16
Anthaxia,sponsa,Animalia|Insecta|Coleoptera|Buprestidae|Anthaxia|sponsa,Asynaptic Sex Chromosomes,Heterogametic,XY,16
Anthaxia,viridifrons,Animalia|Insecta|Coleoptera|Buprestidae|Anthaxia|viridifrons,Asynaptic Sex Chromosomes,Heterogametic,XY,16
Antheraea,assamensis,Animalia|Insecta|Lepidoptera|Saturniidae|Antheraea|assamensis,Achiasmatic Meiosis,Heterogametic,ZO,30
Antheraea,compata,Animalia|Insecta|Lepidoptera|Saturniidae|Antheraea|compata,Achiasmatic Meiosis,Heterogametic,ZW,30
Antheraea,compta,Animalia|Insecta|Lepidoptera|Saturniidae|Antheraea|compta,Achiasmatic Meiosis,Heterogametic,ZW,30
Anthocharis,cardamines,Animalia|Insecta|Lepidoptera|Pieridae|Anthocharis|cardamines,Asynaptic Sex Chromosomes,Heterogametic,NA,30
Anthocharis,nemorum,Animalia|Insecta|Lepidoptera|Pieridae|Anthocharis|nemorum,Achiasmatic Meiosis,Heterogametic,ZW,28
Anthonomus,bisignifer,Animalia|Insecta|Coleoptera|Curculionidae|Anthonomus|bisignifer,Asynaptic Sex Chromosomes,Heterogametic,XY,30
Anthonomus,corvulus,Animalia|Insecta|Coleoptera|Curculionidae|Anthonomus|corvulus,Asynaptic Sex Chromosomes,Heterogametic,XY,26
Anthonomus,grandis,Animalia|Insecta|Coleoptera|Curculionidae|Anthonomus|grandis,Asynaptic Sex Chromosomes,Heterogametic,XY,42
Anthonomus,scutellatus,Animalia|Insecta|Coleoptera|Curculionidae|Anthonomus|scutellatus,Asynaptic Sex Chromosomes,Heterogametic,XY,28
Anthonomus,sigtus,Animalia|Insecta|Coleoptera|Curculionidae|Anthonomus|sigtus,Asynaptic Sex Chromosomes,Heterogametic,XY,34
Anthonomus,sp.,Animalia|Insecta|Coleoptera|Curculionidae|Anthonomus|sp.,Asynaptic Sex Chromosomes,Heterogametic,XY,32
Anthracomyza,atratula,Animalia|Insecta|Diptera|Calliphoridae|Anthracomyza|atratula,Achiasmatic Meiosis,Heterogametic,XY,12
Anthrax,anthrax,Animalia|Insecta|Diptera|Bombyliidae|Anthrax|anthrax,Achiasmatic Meiosis,Heterogametic,NA,16
Anthrax,cordillerensis,Animalia|Insecta|Diptera|Bombyliidae|Anthrax|cordillerensis,Achiasmatic Meiosis,Heterogametic,XY,12
Anthrax,lateralis,Animalia|Insecta|Diptera|Bombyliidae|Anthrax|lateralis,Achiasmatic Meiosis,Heterogametic,NA,12
Anthrax,mystaceus,Animalia|Insecta|Diptera|Bombyliidae|Anthrax|mystaceus,Achiasmatic Meiosis,Heterogametic,NA,14
Anthrax,oedipus,Animalia|Insecta|Diptera|Bombyliidae|Anthrax|oedipus,Achiasmatic Meiosis,Heterogametic,XY,18
Anthrax,sinuosa,Animalia|Insecta|Diptera|Bombyliidae|Anthrax|sinuosa,Achiasmatic Meiosis,Heterogametic,XY,18
Anthrax,tigrinus,Animalia|Insecta|Diptera|Bombyliidae|Anthrax|tigrinus,Achiasmatic Meiosis,Heterogametic,NA,12
Anthrax,yamashiroensis,Animalia|Insecta|Diptera|Bombyliidae|Anthrax|yamashiroensis,Achiasmatic Meiosis,Heterogametic,XY,10
Anthrenus,fasciatus,Animalia|Insecta|Coleoptera|Dermestidae|Anthrenus|fasciatus,Asynaptic Sex Chromosomes,Heterogametic,XY,18
Anthrenus,flavipes,Animalia|Insecta|Coleoptera|Dermestidae|Anthrenus|flavipes,Asynaptic Sex Chromosomes,Heterogametic,XY,18
Anthrenus,sp.,Animalia|Insecta|Coleoptera|Dermestidae|Anthrenus|sp.,Asynaptic Sex Chromosomes,Heterogametic,XY,18
Anthrenus,verbasci,Animalia|Insecta|Coleoptera|Dermestidae|Anthrenus|verbasci,Asynaptic Sex Chromosomes,Heterogametic,XY,18
Antichaeta,melanosoma,Animalia|Insecta|Diptera|Sciomyzidae|Antichaeta|melanosoma,Achiasmatic Meiosis,Heterogametic,NA,12
Antopocerus,aduncus,Animalia|Insecta|Diptera|Drosophilidae|Antopocerus|aduncus,Achiasmatic Meiosis,Heterogametic,NA,12
Antopocerus,arcuatus,Animalia|Insecta|Diptera|Drosophilidae|Antopocerus|arcuatus,Achiasmatic Meiosis,Heterogametic,NA,12
Antopocerus,cognatus,Animalia|Insecta|Diptera|Drosophilidae|Antopocerus|cognatus,Achiasmatic Meiosis,Heterogametic,NA,12
Antopocerus,diamphidiopodus,Animalia|Insecta|Diptera|Drosophilidae|Antopocerus|diamphidiopodus,Achiasmatic Meiosis,Heterogametic,NA,12
Antopocerus,tanythrix,Animalia|Insecta|Diptera|Drosophilidae|Antopocerus|tanythrix,Achiasmatic Meiosis,Heterogametic,NA,12
Antopocerus,villosus,Animalia|Insecta|Diptera|Drosophilidae|Antopocerus|villosus,Achiasmatic Meiosis,Heterogametic,NA,12
Apate,mocha,Animalia|Insecta|Coleoptera|Bostrichidae|Apate|mocha,Asynaptic Sex Chromosomes,Heterogametic,XY,22
Aphidecta,axyridis,Animalia|Insecta|Coleoptera|Coccinellidae|Aphidecta|axyridis,Asynaptic Sex Chromosomes,Heterogametic,XY,16
Aphidecta,bruchii,Animalia|Insecta|Coleoptera|Coccinellidae|Aphidecta|bruchii,Asynaptic Sex Chromosomes,Heterogametic,XY,18
Aphidecta,californica,Animalia|Insecta|Coleoptera|Coccinellidae|Aphidecta|californica,Asynaptic Sex Chromosomes,Heterogametic,XY,20
Aphidecta,crotchi,Animalia|Insecta|Coleoptera|Coccinellidae|Aphidecta|crotchi,Asynaptic Sex Chromosomes,Heterogametic,XY,20
Aphidecta,novemnotata,Animalia|Insecta|Coleoptera|Coccinellidae|Aphidecta|novemnotata,Asynaptic Sex Chromosomes,Heterogametic,XY,20
Aphidecta,repanda,Animalia|Insecta|Coleoptera|Coccinellidae|Aphidecta|repanda,Asynaptic Sex Chromosomes,Heterogametic,XY,20
Aphidecta,septempunctata,Animalia|Insecta|Coleoptera|Coccinellidae|Aphidecta|septempunctata,Asynaptic Sex Chromosomes,Heterogametic,XY,20
Aphidecta,transversalis,Animalia|Insecta|Coleoptera|Coccinellidae|Aphidecta|transversalis,Asynaptic Sex Chromosomes,Heterogametic,XY,20
Aphidecta,transversoguttata,Animalia|Insecta|Coleoptera|Coccinellidae|Aphidecta|transversoguttata,Asynaptic Sex Chromosomes,Heterogametic,XY,20
Aphidecta,trifasciata,Animalia|Insecta|Coleoptera|Coccinellidae|Aphidecta|trifasciata,Asynaptic Sex Chromosomes,Heterogametic,XY,20
Aphiocaeta,sp,Animalia|Insecta|Diptera|Phoridae|Aphiocaeta|sp,Achiasmatic Meiosis,Heterogametic,NA,6
Aphodius,borealis,Animalia|Insecta|Coleoptera|Scarabaeidae|Aphodius|borealis,Asynaptic Sex Chromosomes,Heterogametic,XY,20
Aphodius,rufus,Animalia|Insecta|Coleoptera|Scarabaeidae|Aphodius|rufus,Asynaptic Sex Chromosomes,Heterogametic,XY,20
Aphthona,lamprocyanea,Animalia|Insecta|Coleoptera|Chrysomelidae|Aphthona|lamprocyanea,Asynaptic Sex Chromosomes,Heterogametic,XY,24
Apion,abruptum,Animalia|Insecta|Coleoptera|Brentidae|Apion|abruptum,Asynaptic Sex Chromosomes,Heterogametic,XY,22
Apion,collare,Animalia|Insecta|Coleoptera|Brentidae|Apion|collare,Asynaptic Sex Chromosomes,Heterogametic,XY,22
Apion,sp.,Animalia|Insecta|Coleoptera|Brentidae|Apion|sp.,Asynaptic Sex Chromosomes,Heterogametic,XY,22
Apiophorus,pictus,Animalia|Insecta|Coleoptera|Curculionidae|Apiophorus|pictus,Asynaptic Sex Chromosomes,Heterogametic,XY,30
Apistobuthus,pterygocercus,Animalia|Arachnida|Scorpiones|Buthidae|Apistobuthus|pterygocercus,Achiasmatic Meiosis,Heterogametic,NA,22
Aplemonus,tuberculata,Animalia|Insecta|Coleoptera|Brentidae|Aplemonus|tuberculata,Asynaptic Sex Chromosomes,Heterogametic,XY,26
Aplomya,caesar,Animalia|Insecta|Diptera|Tachinidae|Aplomya|caesar,Achiasmatic Meiosis,Heterogametic,XY,12
Aplomya,mitis,Animalia|Insecta|Diptera|Tachinidae|Aplomya|mitis,Achiasmatic Meiosis,Heterogametic,XY,12
Aplotes,roelofsi,Animalia|Insecta|Coleoptera|Curculionidae|Aplotes|roelofsi,Asynaptic Sex Chromosomes,Heterogametic,XY,22
Apoderus,balteatus,Animalia|Insecta|Coleoptera|Attelabidae|Apoderus|balteatus,Asynaptic Sex Chromosomes,Heterogametic,XY,22
Apoderus,coryli,Animalia|Insecta|Coleoptera|Attelabidae|Apoderus|coryli,Asynaptic Sex Chromosomes,Heterogametic,XY,28
Apoderus,erythrogaster,Animalia|Insecta|Coleoptera|Attelabidae|Apoderus|erythrogaster,Asynaptic Sex Chromosomes,Heterogametic,XY,28
Apogonia,carita,Animalia|Insecta|Coleoptera|Scarabaeidae|Apogonia|carita,Asynaptic Sex Chromosomes,Heterogametic,XY,20
Apogonia,nigricans,Animalia|Insecta|Coleoptera|Scarabaeidae|Apogonia|nigricans,Asynaptic Sex Chromosomes,Heterogametic,XY,20
Apogonia,proxima,Animalia|Insecta|Coleoptera|Scarabaeidae|Apogonia|proxima,Asynaptic Sex Chromosomes,Heterogametic,XY,20
Apogonia,sp.,Animalia|Insecta|Coleoptera|Scarabaeidae|Apogonia|sp.,Asynaptic Sex Chromosomes,Heterogametic,XY,20
Apomecyna,neglecta,Animalia|Insecta|Coleoptera|Cerambycidae|Apomecyna|neglecta,Asynaptic Sex Chromosomes,Heterogametic,XY,22
Apophylia,sericea,Animalia|Insecta|Coleoptera|Chrysomelidae|Apophylia|sericea,Asynaptic Sex Chromosomes,Heterogametic,XY,30
Apotomorhinus,cribatus,Animalia|Insecta|Coleoptera|Curculionidae|Apotomorhinus|cribatus,Asynaptic Sex Chromosomes,Heterogametic,XY,26
Apriona,germari,Animalia|Insecta|Coleoptera|Cerambycidae|Apriona|germari,Asynaptic Sex Chromosomes,Heterogametic,XY,20
Arachnidiomyia,aldrichi,Animalia|Insecta|Diptera|Sarcophagidae|Arachnidiomyia|aldrichi,Achiasmatic Meiosis,Heterogametic,XY,12
Araecerus,fasciculatus,Animalia|Insecta|Coleoptera|Anthribidae|Araecerus|fasciculatus,Asynaptic Sex Chromosomes,Heterogametic,XY,22
Araucanomela,wellingtonensis,Animalia|Insecta|Coleoptera|Chrysomelidae|Araucanomela|wellingtonensis,Asynaptic Sex Chromosomes,Heterogametic,XY,28
Archylas,apicifer,Animalia|Insecta|Diptera|Tachinidae|Archylas|apicifer,Achiasmatic Meiosis,Heterogametic,XY,12
Archytas,apicifera,Animalia|Insecta|Diptera|Tachinidae|Archytas|apicifera,Achiasmatic Meiosis,Heterogametic,XY,12
Archytas,prob.Apicifer,Animalia|Insecta|Diptera|Tachinidae|Archytas|prob.Apicifer,Achiasmatic Meiosis,Heterogametic,NA,12
Arrhines,languides,Animalia|Insecta|Coleoptera|Curculionidae|Arrhines|languides,Asynaptic Sex Chromosomes,Heterogametic,XY,22
Arthrodeis,curtus,Animalia|Insecta|Coleoptera|Tenebrionidae|Arthrodeis|curtus,Asynaptic Sex Chromosomes,Heterogametic,XY,20
Arthrodeis,inflatus,Animalia|Insecta|Coleoptera|Tenebrionidae|Arthrodeis|inflatus,Asynaptic Sex Chromosomes,Heterogametic,XY,20
Arthrodeis,punctulatus,Animalia|Insecta|Coleoptera|Tenebrionidae|Arthrodeis|punctulatus,Asynaptic Sex Chromosomes,Heterogametic,XY,20
Arvicola,terrestris,Animalia|Mammalia|Rodentia|Cricetidae|Arvicola|terrestris,Asynaptic Sex Chromosomes,Heterogametic,NA,NA
Asaphidion,caraboides,Animalia|Insecta|Coleoptera|Carabidae|Asaphidion|caraboides,Achiasmatic Meiosis,Heterogametic,XY,24
Asaphidion,cyanicorne,Animalia|Insecta|Coleoptera|Carabidae|Asaphidion|cyanicorne,Achiasmatic Meiosis,Heterogametic,XY,24
Asaphidion,flavipes,Animalia|Insecta|Coleoptera|Carabidae|Asaphidion|flavipes,Achiasmatic Meiosis,Heterogametic,XY,24
Asarkina,clara,Animalia|Insecta|Diptera|Syrphidae|Asarkina|clara,Achiasmatic Meiosis,Heterogametic,XY,10
Asarkina,fulva,Animalia|Insecta|Diptera|Syrphidae|Asarkina|fulva,Achiasmatic Meiosis,Heterogametic,XY,10
Asarkina,morokaensis,Animalia|Insecta|Diptera|Syrphidae|Asarkina|morokaensis,Achiasmatic Meiosis,Heterogametic,XY,10
Asarkina,porcina,Animalia|Insecta|Diptera|Syrphidae|Asarkina|porcina,Achiasmatic Meiosis,Heterogametic,XY,10
Asarkina,rostrata,Animalia|Insecta|Diptera|Syrphidae|Asarkina|rostrata,Achiasmatic Meiosis,Heterogametic,XY,10
Asarkina,sp.1,Animalia|Insecta|Diptera|Syrphidae|Asarkina|sp.1,Achiasmatic Meiosis,Heterogametic,XY,10
Asarkina,sp.A,Animalia|Insecta|Diptera|Syrphidae|Asarkina|sp.A,Achiasmatic Meiosis,Heterogametic,NA,10
Asarkina,sp.B,Animalia|Insecta|Diptera|Syrphidae|Asarkina|sp.B,Achiasmatic Meiosis,Heterogametic,XY,10
Asarkina,sp.C,Animalia|Insecta|Diptera|Syrphidae|Asarkina|sp.C,Achiasmatic Meiosis,Heterogametic,XY,10
Asarkina,sp.D,Animalia|Insecta|Diptera|Syrphidae|Asarkina|sp.D,Achiasmatic Meiosis,Heterogametic,XY,10
Asarkina,sp.E,Animalia|Insecta|Diptera|Syrphidae|Asarkina|sp.E,Achiasmatic Meiosis,Heterogametic,XY,10
Ascalohybris,subjacens,Animalia|Insecta|Neuroptera|Ascalaphidae|Ascalohybris|subjacens,Asynaptic Sex Chromosomes,Heterogametic,XY,22
Asemum,striatum,Animalia|Insecta|Coleoptera|Cerambycidae|Asemum|striatum,Asynaptic Sex Chromosomes,Heterogametic,XY,20
Aserica,pilula,Animalia|Insecta|Coleoptera|Scarabaeidae|Aserica|pilula,Asynaptic Sex Chromosomes,Heterogametic,XY,20
Asida,cardoe,Animalia|Insecta|Coleoptera|Tenebrionidae|Asida|cardoe,Asynaptic Sex Chromosomes,Heterogametic,XY,20
Asida,glacialis,Animalia|Insecta|Coleoptera|Tenebrionidae|Asida|glacialis,Asynaptic Sex Chromosomes,Heterogametic,XY,20
Asida,jurinei,Animalia|Insecta|Coleoptera|Tenebrionidae|Asida|jurinei,Asynaptic Sex Chromosomes,Heterogametic,XY,20
Asida,maraguesi,Animalia|Insecta|Coleoptera|Tenebrionidae|Asida|maraguesi,Asynaptic Sex Chromosomes,Heterogametic,XY,20
Asida,planipennis,Animalia|Insecta|Coleoptera|Tenebrionidae|Asida|planipennis,Asynaptic Sex Chromosomes,Heterogametic,XY,20
Asilus,lecythus,Animalia|Insecta|Diptera|Asilidae|Asilus|lecythus,Achiasmatic Meiosis,Heterogametic,XY,14
Asilus,notatus,Animalia|Insecta|Diptera|Asilidae|Asilus|notatus,Achiasmatic Meiosis,Heterogametic,XY,14
Asilus,sericeus,Animalia|Insecta|Diptera|Asilidae|Asilus|sericeus,Achiasmatic Meiosis,Heterogametic,XY,10
Asphaera,abdomilis,Animalia|Insecta|Coleoptera|Chrysomelidae|Asphaera|abdomilis,Asynaptic Sex Chromosomes,Heterogametic,XY,22
Asphaera,meticulosa,Animalia|Insecta|Coleoptera|Chrysomelidae|Asphaera|meticulosa,Asynaptic Sex Chromosomes,Heterogametic,XY,22
Asphaera,octopunctata,Animalia|Insecta|Coleoptera|Chrysomelidae|Asphaera|octopunctata,Asynaptic Sex Chromosomes,Heterogametic,XY,18
Asphaera,pauperata,Animalia|Insecta|Coleoptera|Chrysomelidae|Asphaera|pauperata,Asynaptic Sex Chromosomes,Heterogametic,XY,18
Asphaera,unicolor,Animalia|Insecta|Coleoptera|Chrysomelidae|Asphaera|unicolor,Asynaptic Sex Chromosomes,Heterogametic,XY,22
Asphondylia,monacha,Animalia|Insecta|Diptera|Cecidomyiidae|Asphondylia|monacha,Achiasmatic Meiosis,Heterogametic,XO,8
Aspidimorpha,difformis,Animalia|Insecta|Coleoptera|Chrysomelidae|Aspidimorpha|difformis,Asynaptic Sex Chromosomes,Heterogametic,XY,18
Aspidimorpha,dorsata,Animalia|Insecta|Coleoptera|Chrysomelidae|Aspidimorpha|dorsata,Asynaptic Sex Chromosomes,Heterogametic,XY,16
Aspidimorpha,furcata,Animalia|Insecta|Coleoptera|Chrysomelidae|Aspidimorpha|furcata,Asynaptic Sex Chromosomes,Heterogametic,XY,18
Aspidimorpha,indica,Animalia|Insecta|Coleoptera|Chrysomelidae|Aspidimorpha|indica,Asynaptic Sex Chromosomes,Heterogametic,XY,18
Aspidimorpha,miliaris,Animalia|Insecta|Coleoptera|Chrysomelidae|Aspidimorpha|miliaris,Asynaptic Sex Chromosomes,Heterogametic,XY,18
Asteromyia,rubra,Animalia|Insecta|Diptera|Cecidomyiidae|Asteromyia|rubra,Achiasmatic Meiosis,Heterogametic,XO,8
Astycus,lateralis,Animalia|Insecta|Coleoptera|Curculionidae|Astycus|lateralis,Asynaptic Sex Chromosomes,Heterogametic,XY,22
Astycus,sp.,Animalia|Insecta|Coleoptera|Curculionidae|Astycus|sp.,Asynaptic Sex Chromosomes,Heterogametic,XY,22
Astylus,antis,Animalia|Insecta|Coleoptera|Melyridae|Astylus|antis,Asynaptic Sex Chromosomes,Heterogametic,XY,18
Atactogaster,sp.,Animalia|Insecta|Coleoptera|Curculionidae|Atactogaster|sp.,Asynaptic Sex Chromosomes,Heterogametic,XY,48
Atemnus,politus,Animalia|Arachnida|Pseudoscorpines|Atemnidae|Atemnus|politus,Achiasmatic Sex Chromosomes,Heterogametic,XO,96
Athyreus,excavatus,Animalia|Insecta|Coleoptera|Scarabaeidae|Athyreus|excavatus,Asynaptic Sex Chromosomes,Heterogametic,XY,20
Atrichomelina,pubera,Animalia|Insecta|Diptera|Sciomyzidae|Atrichomelina|pubera,Achiasmatic Meiosis,Heterogametic,XY,12
Attagenus,elongatulus,Animalia|Insecta|Coleoptera|Dermestidae|Attagenus|elongatulus,Asynaptic Sex Chromosomes,Heterogametic,XY,18
Attagenus,megatoma,Animalia|Insecta|Coleoptera|Dermestidae|Attagenus|megatoma,Asynaptic Sex Chromosomes,Heterogametic,XY,18
Atylotus,bicolor,Animalia|Insecta|Diptera|Tabanidae|Atylotus|bicolor,Achiasmatic Meiosis,Heterogametic,XY,18
Atylotus,fulvus,Animalia|Insecta|Diptera|Tabanidae|Atylotus|fulvus,Achiasmatic Meiosis,Heterogametic,NA,18
Atylotus,horvathi,Animalia|Insecta|Diptera|Tabanidae|Atylotus|horvathi,Achiasmatic Meiosis,Heterogametic,XY,12
Atylotus,loewianus,Animalia|Insecta|Diptera|Tabanidae|Atylotus|loewianus,Achiasmatic Meiosis,Heterogametic,NA,18
Atylotus,ohioensis,Animalia|Insecta|Diptera|Tabanidae|Atylotus|ohioensis,Achiasmatic Meiosis,Heterogametic,XY,18
Atylotus,pulchelluskarybenthinus,Animalia|Insecta|Diptera|Tabanidae|Atylotus|pulchelluskarybenthinus,Achiasmatic Meiosis,Heterogametic,XY,18
Aulacophora,fovecollis,Animalia|Insecta|Coleoptera|Chrysomelidae|Aulacophora|fovecollis,Asynaptic Sex Chromosomes,Heterogametic,XY,30
Auletobius,irkutensis,Animalia|Insecta|Coleoptera|Attelabidae|Auletobius|irkutensis,Asynaptic Sex Chromosomes,Heterogametic,XY,32
Auletobius,puberulus,Animalia|Insecta|Coleoptera|Attelabidae|Auletobius|puberulus,Asynaptic Sex Chromosomes,Heterogametic,XY,32
Austrodacus,cucumis,Animalia|Insecta|Diptera|Tephritidae|Austrodacus|cucumis,Achiasmatic Meiosis,Heterogametic,XY,12
Autoserica,sp.,Animalia|Insecta|Coleoptera|Scarabaeidae|Autoserica|sp.,Asynaptic Sex Chromosomes,Heterogametic,XY,18
Axona,chalcopyga,Animalia|Insecta|Diptera|Syrphidae|Axona|chalcopyga,Achiasmatic Meiosis,Heterogametic,XY,10
Baccha,alicia,Animalia|Insecta|Diptera|Syrphidae|Baccha|alicia,Achiasmatic Meiosis,Heterogametic,XY,10
Baccha,asthenia,Animalia|Insecta|Diptera|Syrphidae|Baccha|asthenia,Achiasmatic Meiosis,Heterogametic,XY,10
Baccha,clavata,Animalia|Insecta|Diptera|Syrphidae|Baccha|clavata,Achiasmatic Meiosis,Heterogametic,XY,10
Baccha,clavata_II_,Animalia|Insecta|Diptera|Syrphidae|Baccha|clavata_II_,Achiasmatic Meiosis,Heterogametic,XY,10
Baccha,clavata_I_,Animalia|Insecta|Diptera|Syrphidae|Baccha|clavata_I_,Achiasmatic Meiosis,Heterogametic,XY,10
Baccha,costata,Animalia|Insecta|Diptera|Syrphidae|Baccha|costata,Achiasmatic Meiosis,Heterogametic,XY,10
Baccha,debasa,Animalia|Insecta|Diptera|Syrphidae|Baccha|debasa,Achiasmatic Meiosis,Heterogametic,XY,10
Baccha,elongata,Animalia|Insecta|Diptera|Syrphidae|Baccha|elongata,Achiasmatic Meiosis,Heterogametic,XY,6
Baccha,estrelita,Animalia|Insecta|Diptera|Syrphidae|Baccha|estrelita,Achiasmatic Meiosis,Heterogametic,XY,10
Baccha,fasciata,Animalia|Insecta|Diptera|Syrphidae|Baccha|fasciata,Achiasmatic Meiosis,Heterogametic,XY,10
Baccha,fascipennis,Animalia|Insecta|Diptera|Syrphidae|Baccha|fascipennis,Achiasmatic Meiosis,Heterogametic,XY,10
Baccha,flavipennis,Animalia|Insecta|Diptera|Syrphidae|Baccha|flavipennis,Achiasmatic Meiosis,Heterogametic,XY,10
Baccha,funebris,Animalia|Insecta|Diptera|Syrphidae|Baccha|funebris,Achiasmatic Meiosis,Heterogametic,XY,10
Baccha,fuscipennis,Animalia|Insecta|Diptera|Syrphidae|Baccha|fuscipennis,Achiasmatic Meiosis,Heterogametic,XY,10
Baccha,gastrostacta,Animalia|Insecta|Diptera|Syrphidae|Baccha|gastrostacta,Achiasmatic Meiosis,Heterogametic,XY,10
Baccha,laudabilis,Animalia|Insecta|Diptera|Syrphidae|Baccha|laudabilis,Achiasmatic Meiosis,Heterogametic,XY,10
Baccha,livida,Animalia|Insecta|Diptera|Syrphidae|Baccha|livida,Achiasmatic Meiosis,Heterogametic,XY,8
Baccha,loewi,Animalia|Insecta|Diptera|Syrphidae|Baccha|loewi,Achiasmatic Meiosis,Heterogametic,XY,10
Baccha,maculata,Animalia|Insecta|Diptera|Syrphidae|Baccha|maculata,Achiasmatic Meiosis,Heterogametic,XY,8
Baccha,melanorrhina,Animalia|Insecta|Diptera|Syrphidae|Baccha|melanorrhina,Achiasmatic Meiosis,Heterogametic,XY,10
Baccha,mexicana,Animalia|Insecta|Diptera|Syrphidae|Baccha|mexicana,Achiasmatic Meiosis,Heterogametic,XY,10
Baccha,n.sp.1,Animalia|Insecta|Diptera|Syrphidae|Baccha|n.sp.1,Achiasmatic Meiosis,Heterogametic,XY,10
Baccha,neavei,Animalia|Insecta|Diptera|Syrphidae|Baccha|neavei,Achiasmatic Meiosis,Heterogametic,XY,10
Baccha,norina,Animalia|Insecta|Diptera|Syrphidae|Baccha|norina,Achiasmatic Meiosis,Heterogametic,XY,8
Baccha,nymphaea,Animalia|Insecta|Diptera|Syrphidae|Baccha|nymphaea,Achiasmatic Meiosis,Heterogametic,XY,10
Baccha,obscuripennis,Animalia|Insecta|Diptera|Syrphidae|Baccha|obscuripennis,Achiasmatic Meiosis,Heterogametic,XY,6
Baccha,polista,Animalia|Insecta|Diptera|Syrphidae|Baccha|polista,Achiasmatic Meiosis,Heterogametic,XY,10
Baccha,purpuricola,Animalia|Insecta|Diptera|Syrphidae|Baccha|purpuricola,Achiasmatic Meiosis,Heterogametic,XY,10
Baccha,sapphirina,Animalia|Insecta|Diptera|Syrphidae|Baccha|sapphirina,Achiasmatic Meiosis,Heterogametic,XY,10
Baccha,scutellata,Animalia|Insecta|Diptera|Syrphidae|Baccha|scutellata,Achiasmatic Meiosis,Heterogametic,NA,8
Baccha,siphanticida,Animalia|Insecta|Diptera|Syrphidae|Baccha|siphanticida,Achiasmatic Meiosis,Heterogametic,XY,10
Baccha,sp.A1,Animalia|Insecta|Diptera|Syrphidae|Baccha|sp.A1,Achiasmatic Meiosis,Heterogametic,XY,10
Baccha,sp.B1,Animalia|Insecta|Diptera|Syrphidae|Baccha|sp.B1,Achiasmatic Meiosis,Heterogametic,XY,10
Baccha,virginio,Animalia|Insecta|Diptera|Syrphidae|Baccha|virginio,Achiasmatic Meiosis,Heterogametic,XY,8
Baccha,vittiger,Animalia|Insecta|Diptera|Syrphidae|Baccha|vittiger,Achiasmatic Meiosis,Heterogametic,XY,10
Baccha,zilla,Animalia|Insecta|Diptera|Syrphidae|Baccha|zilla,Achiasmatic Meiosis,Heterogametic,XY,10
Bactrocera,arecae,Animalia|Insecta|Diptera|Tephritidae|Bactrocera|arecae,Achiasmatic Meiosis,Heterogametic,XY,12
Bactrocera,carambolae,Animalia|Insecta|Diptera|Tephritidae|Bactrocera|carambolae,Achiasmatic Meiosis,Heterogametic,XY,12
Bactrocera,cucurbitae,Animalia|Insecta|Diptera|Tephritidae|Bactrocera|cucurbitae,Achiasmatic Meiosis,Heterogametic,XY,12
Bactrocera,diversa,Animalia|Insecta|Diptera|Tephritidae|Bactrocera|diversa,Achiasmatic Meiosis,Heterogametic,XY,12
Bactrocera,diversus,Animalia|Insecta|Diptera|Tephritidae|Bactrocera|diversus,Achiasmatic Meiosis,Heterogametic,XY,12
Bactrocera,irvingiae,Animalia|Insecta|Diptera|Tephritidae|Bactrocera|irvingiae,Achiasmatic Meiosis,Heterogametic,XY,12
Bactrocera,latifrons,Animalia|Insecta|Diptera|Tephritidae|Bactrocera|latifrons,Achiasmatic Meiosis,Heterogametic,XY,12
Bactrocera,melastomatos,Animalia|Insecta|Diptera|Tephritidae|Bactrocera|melastomatos,Achiasmatic Meiosis,Heterogametic,XY,12
Bactrocera,modican.comb.,Animalia|Insecta|Diptera|Tephritidae|Bactrocera|modican.comb.,Achiasmatic Meiosis,Heterogametic,XY,12
Bactrocera,oleae,Animalia|Insecta|Diptera|Tephritidae|Bactrocera|oleae,Achiasmatic Meiosis,Heterogametic,XY,12
Bactrocera,propinqua,Animalia|Insecta|Diptera|Tephritidae|Bactrocera|propinqua,Achiasmatic Meiosis,Heterogametic,XY,12
Bactrocera,pyrifoliae,Animalia|Insecta|Diptera|Tephritidae|Bactrocera|pyrifoliae,Achiasmatic Meiosis,Heterogametic,XY,12
Bactrocera,rubellan.comb.,Animalia|Insecta|Diptera|Tephritidae|Bactrocera|rubellan.comb.,Achiasmatic Meiosis,Heterogametic,XY,12
Bactrocera,scutellaris,Animalia|Insecta|Diptera|Tephritidae|Bactrocera|scutellaris,Achiasmatic Meiosis,Heterogametic,XY,12
Bactrocera,tau,Animalia|Insecta|Diptera|Tephritidae|Bactrocera|tau,Achiasmatic Meiosis,Heterogametic,XY,12
Bactrocera,zonatus,Animalia|Insecta|Diptera|Tephritidae|Bactrocera|zonatus,Achiasmatic Meiosis,Heterogametic,XY,12
Baliga,micans,Animalia|Insecta|Neuroptera|Myrmeleontidae|Baliga|micans,Asynaptic Sex Chromosomes,Heterogametic,XY,14
Baliga,sagax,Animalia|Insecta|Neuroptera|Myrmeleontidae|Baliga|sagax,Asynaptic Sex Chromosomes,Heterogametic,XY,14
Baliosus,californicus,Animalia|Insecta|Coleoptera|Chrysomelidae|Baliosus|californicus,Asynaptic Sex Chromosomes,Heterogametic,XY,18
Barbaracurus,winklerorum sp. n.,Animalia|Arachnida|Scorpiones|Buthidae|Barbaracurus|winklerorum sp. n.,Achiasmatic Meiosis,Heterogametic,NA,NA
Barbaracurus,yemenensis sp. n.,Animalia|Arachnida|Scorpiones|Buthidae|Barbaracurus|yemenensis sp. n.,Achiasmatic Meiosis,Heterogametic,NA,NA
Barioscaphus,cordiae,Animalia|Insecta|Coleoptera|Curculionidae|Barioscaphus|cordiae,Asynaptic Sex Chromosomes,Heterogametic,XY,22
Baris,arthemisiae,Animalia|Insecta|Coleoptera|Curculionidae|Baris|arthemisiae,Asynaptic Sex Chromosomes,Heterogametic,XY,38
Baris,ezoa,Animalia|Insecta|Coleoptera|Curculionidae|Baris|ezoa,Asynaptic Sex Chromosomes,Heterogametic,XY,32
Baris,sp.,Animalia|Insecta|Coleoptera|Curculionidae|Baris|sp.,Asynaptic Sex Chromosomes,Heterogametic,XY,18
Barypeithes,albie,Animalia|Insecta|Coleoptera|Curculionidae|Barypeithes|albie,Asynaptic Sex Chromosomes,Heterogametic,XY,22
Barypeithes,chevrolati,Animalia|Insecta|Coleoptera|Curculionidae|Barypeithes|chevrolati,Asynaptic Sex Chromosomes,Heterogametic,XY,22
Barypeithes,formaneki,Animalia|Insecta|Coleoptera|Curculionidae|Barypeithes|formaneki,Asynaptic Sex Chromosomes,Heterogametic,XY,22
Barypeithes,interpositus,Animalia|Insecta|Coleoptera|Curculionidae|Barypeithes|interpositus,Asynaptic Sex Chromosomes,Heterogametic,XY,22
Barypeithes,liptoviensis,Animalia|Insecta|Coleoptera|Curculionidae|Barypeithes|liptoviensis,Asynaptic Sex Chromosomes,Heterogametic,XY,28
Barypeithes,mollicomis,Animalia|Insecta|Coleoptera|Curculionidae|Barypeithes|mollicomis,Asynaptic Sex Chromosomes,Heterogametic,XY,22
Barypeithes,pellucidus,Animalia|Insecta|Coleoptera|Curculionidae|Barypeithes|pellucidus,Asynaptic Sex Chromosomes,Heterogametic,XY,22
Barypeithes,purkynei,Animalia|Insecta|Coleoptera|Curculionidae|Barypeithes|purkynei,Asynaptic Sex Chromosomes,Heterogametic,XY,22
Basilepta,balyi,Animalia|Insecta|Coleoptera|Chrysomelidae|Basilepta|balyi,Asynaptic Sex Chromosomes,Heterogametic,XY,28
Basilepta,fuvipes,Animalia|Insecta|Coleoptera|Chrysomelidae|Basilepta|fuvipes,Asynaptic Sex Chromosomes,Heterogametic,XY,28
Basilepta,obliteratum,Animalia|Insecta|Coleoptera|Chrysomelidae|Basilepta|obliteratum,Asynaptic Sex Chromosomes,Heterogametic,XY,24
Basiprionota,decemmaculata,Animalia|Insecta|Coleoptera|Chrysomelidae|Basiprionota|decemmaculata,Asynaptic Sex Chromosomes,Heterogametic,XY,18
Batocera,lineolata,Animalia|Insecta|Coleoptera|Cerambycidae|Batocera|lineolata,Asynaptic Sex Chromosomes,Heterogametic,XY,20
Batocera,rubus,Animalia|Insecta|Coleoptera|Cerambycidae|Batocera|rubus,Asynaptic Sex Chromosomes,Heterogametic,XY,20
Batrisodes,globosus,Animalia|Insecta|Coleoptera|Staphylinidae|Batrisodes|globosus,Asynaptic Sex Chromosomes,Heterogametic,XY,28
Belostoma,angustum,Animalia|Insecta|Lepidoptera|Belostomatidae|Belostoma|angustum,Achiasmatic Meiosis,Heterogametic,ZW,30
Belostoma,candidulum,Animalia|Insecta|Hemiptera|Belostomatidae|Belostoma|candidulum,Achiasmatic Sex Chromosomes,Heterogametic,XY,16
Belostoma,cummings,Animalia|Insecta|Hemiptera|Belostomatidae|Belostoma|cummings,Achiasmatic Sex Chromosomes,Heterogametic,XY,24
Belostoma,dentatum,Animalia|Insecta|Hemiptera|Belostomatidae|Belostoma|dentatum,Achiasmatic Sex Chromosomes,Heterogametic,NA,30
Belostoma,dialatatum,Animalia|Insecta|Hemiptera|Belostomatidae|Belostoma|dialatatum,Achiasmatic Sex Chromosomes,Heterogametic,NA,32
Belostoma,discretum,Animalia|Insecta|Hemiptera|Belostomatidae|Belostoma|discretum,Achiasmatic Sex Chromosomes,Heterogametic,NA,30
Belostoma,elongatum,Animalia|Insecta|Hemiptera|Belostomatidae|Belostoma|elongatum,Achiasmatic Sex Chromosomes,Heterogametic,NA,30
Belostoma,gestroi,Animalia|Insecta|Hemiptera|Belostomatidae|Belostoma|gestroi,Achiasmatic Sex Chromosomes,Heterogametic,NA,30
Belostoma,horvathi,Animalia|Insecta|Hemiptera|Belostomatidae|Belostoma|horvathi,Achiasmatic Sex Chromosomes,Heterogametic,XY,16
Belostoma,nessimiani,Animalia|Insecta|Lepidoptera|Belostomatidae|Belostoma|nessimiani,Achiasmatic Meiosis,Heterogametic,ZW,16
Belostoma,sanctulum,Animalia|Insecta|Lepidoptera|Belostomatidae|Belostoma|sanctulum,Achiasmatic Meiosis,Heterogametic,ZW,16
Belostoma,sp.,Animalia|Insecta|Hemiptera|Belostomatidae|Belostoma|sp.,Achiasmatic Sex Chromosomes,Heterogametic,XY,16
Belostoma,testacopallidum,Animalia|Insecta|Hemiptera|Belostomatidae|Belostoma|testacopallidum,Achiasmatic Sex Chromosomes,Heterogametic,NA,32
Bembidion,quadripustulatum,Animalia|Insecta|Coleoptera|Carabidae|Bembidion|quadripustulatum,Achiasmatic Meiosis,Heterogametic,XY,24
Bengalia,inermis,Animalia|Insecta|Diptera|Calliphoridae|Bengalia|inermis,Achiasmatic Meiosis,Heterogametic,XY,12
Bengalia,lyneborgi,Animalia|Insecta|Diptera|Calliphoridae|Bengalia|lyneborgi,Achiasmatic Meiosis,Heterogametic,XY,12
Beris,chalybeata,Animalia|Insecta|Diptera|Stratiomyidae|Beris|chalybeata,Achiasmatic Meiosis,Heterogametic,XY,10
Berosus,affinis,Animalia|Insecta|Coleoptera|Hydrophilidae|Berosus|affinis,Asynaptic Sex Chromosomes,Heterogametic,XY,18
Berosus,bispina,Animalia|Insecta|Coleoptera|Hydrophilidae|Berosus|bispina,Asynaptic Sex Chromosomes,Heterogametic,XY,18
Berosus,fulvus,Animalia|Insecta|Coleoptera|Hydrophilidae|Berosus|fulvus,Asynaptic Sex Chromosomes,Heterogametic,XY,18
Berosus,hispanicus,Animalia|Insecta|Coleoptera|Hydrophilidae|Berosus|hispanicus,Asynaptic Sex Chromosomes,Heterogametic,XY,18
Berosus,luridus,Animalia|Insecta|Coleoptera|Hydrophilidae|Berosus|luridus,Asynaptic Sex Chromosomes,Heterogametic,XY,18
Berosus,signaticollis,Animalia|Insecta|Coleoptera|Hydrophilidae|Berosus|signaticollis,Asynaptic Sex Chromosomes,Heterogametic,XY,20
Bessa,selecta,Animalia|Insecta|Diptera|Tachinidae|Bessa|selecta,Achiasmatic Meiosis,Heterogametic,XY,12
Betasyrphus,adligatus,Animalia|Insecta|Diptera|Syrphidae|Betasyrphus|adligatus,Achiasmatic Meiosis,Heterogametic,XY,8
Betasyrphus,hirticeps,Animalia|Insecta|Diptera|Syrphidae|Betasyrphus|hirticeps,Achiasmatic Meiosis,Heterogametic,XY,8
Betasyrphus,sp.C,Animalia|Insecta|Diptera|Syrphidae|Betasyrphus|sp.C,Achiasmatic Meiosis,Heterogametic,XY,8
Betasyrphus,sp.D,Animalia|Insecta|Diptera|Syrphidae|Betasyrphus|sp.D,Achiasmatic Meiosis,Heterogametic,XY,8
Betasyrphus,sp.E,Animalia|Insecta|Diptera|Syrphidae|Betasyrphus|sp.E,Achiasmatic Meiosis,Heterogametic,XY,8
Betasyrphus,sp.F,Animalia|Insecta|Diptera|Syrphidae|Betasyrphus|sp.F,Achiasmatic Meiosis,Heterogametic,XY,8
Bettongia,gaimardi,Animalia|Mammalia|Diprotodontia|Potoroidae|Bettongia|gaimardi,Asynaptic Sex Chromosomes,Heterogametic,XY,22
Bettongia,penicillata,Animalia|Mammalia|Diprotodontia|Potoroidae|Bettongia|penicillata,Asynaptic Sex Chromosomes,Heterogametic,XY,22
Bibio,hortulanus,Animalia|Insecta|Diptera|Bibionidae|Bibio|hortulanus,Achiasmatic Meiosis,Heterogametic,NA,10
Bithynia,leachi,Animalia|Gastropoda|Littorinimorpha|Bithyniidae|Bithynia|leachi,Achiasmatic Meiosis,Heterogametic,XY,NA
Bithynia,leachi,Animalia|Mollusca|Littorinida|Bithyniidae|Bithynia|leachi,Achiasmatic Meiosis,Heterogametic,XY,NA
Bithynia,tentaculata,Animalia|Gastropoda|Littorinimorpha|Bithyniidae|Bithynia|tentaculata,Achiasmatic Meiosis,Heterogametic,XY,32
Bithynia,tentaculata,Animalia|Mollusca|Littorinida|Bithyniidae|Bithynia|tentaculata,Achiasmatic Meiosis,Heterogametic,XY,32
Blaesoxipha,hunteri,Animalia|Insecta|Diptera|Sarcophagidae|Blaesoxipha|hunteri,Achiasmatic Meiosis,Heterogametic,XY,12
Blaesoxipha,opifera,Animalia|Insecta|Diptera|Sarcophagidae|Blaesoxipha|opifera,Achiasmatic Meiosis,Heterogametic,XY,12
Blaps,cribosa,Animalia|Insecta|Coleoptera|Tenebrionidae|Blaps|cribosa,Achiasmatic Meiosis,Heterogametic,NA,28
Blaps,mucoronata,Animalia|Insecta|Coleoptera|Tenebrionidae|Blaps|mucoronata,Achiasmatic Meiosis,Heterogametic,NA,NA
Blapstinus,sp.,Animalia|Insecta|Coleoptera|Tenebrionidae|Blapstinus|sp.,Asynaptic Sex Chromosomes,Heterogametic,XY,20
Blaptea,elguetai,Animalia|Insecta|Coleoptera|Chrysomelidae|Blaptea|elguetai,Asynaptic Sex Chromosomes,Heterogametic,XY,28
Blastophagus,minor,Animalia|Insecta|Coleoptera|Scolytidae|Blastophagus|minor,Asynaptic Sex Chromosomes,Heterogametic,XY,30
Blastophagus,pinierda,Animalia|Insecta|Coleoptera|Scolytidae|Blastophagus|pinierda,Asynaptic Sex Chromosomes,Heterogametic,XY,26
Blepharicnema,splendens,Animalia|Insecta|Diptera|Calliphoridae|Blepharicnema|splendens,Achiasmatic Meiosis,Heterogametic,XY,12
Blepharida,rhois,Animalia|Insecta|Coleoptera|Chrysomelidae|Blepharida|rhois,Asynaptic Sex Chromosomes,Heterogametic,XY,32
Blera,analis,Animalia|Insecta|Diptera|Syrphidae|Blera|analis,Achiasmatic Meiosis,Heterogametic,NA,12
Blera,badia,Animalia|Insecta|Diptera|Syrphidae|Blera|badia,Achiasmatic Meiosis,Heterogametic,XY,12
Blera,confusa,Animalia|Insecta|Diptera|Syrphidae|Blera|confusa,Achiasmatic Meiosis,Heterogametic,XY,12
Blera,fallax,Animalia|Insecta|Diptera|Syrphidae|Blera|fallax,Achiasmatic Meiosis,Heterogametic,XY,12
Blera,nigra,Animalia|Insecta|Diptera|Syrphidae|Blera|nigra,Achiasmatic Meiosis,Heterogametic,XY,12
Blera,scitula,Animalia|Insecta|Diptera|Syrphidae|Blera|scitula,Achiasmatic Meiosis,Heterogametic,XY,12
Blosyrus,asellus,Animalia|Insecta|Coleoptera|Curculionidae|Blosyrus|asellus,Asynaptic Sex Chromosomes,Heterogametic,XY,24
Blosyrus,falcatus,Animalia|Insecta|Coleoptera|Curculionidae|Blosyrus|falcatus,Asynaptic Sex Chromosomes,Heterogametic,XY,22
Boettcheria,cimbicis,Animalia|Insecta|Diptera|Sarcophagidae|Boettcheria|cimbicis,Achiasmatic Meiosis,Heterogametic,XY,12
Boettcherisca,peregrina,Animalia|Insecta|Diptera|Sarcophagidae|Boettcherisca|peregrina,Achiasmatic Meiosis,Heterogametic,XY,12
Bolbe,lowi,Animalia|Insecta|Mantodea|Nanomantidae|Bolbe|lowi,Achiasmatic Meiosis,Heterogametic,XO,NA
Bolbe,maia,Animalia|Insecta|Mantodea|Nanomantidae|Bolbe|maia,Achiasmatic Meiosis,Heterogametic,XO,NA
Bolbe,nigra,Animalia|Insecta|Mantodea|Nanomantidae|Bolbe|nigra,Achiasmatic Meiosis,Heterogametic,XO,NA
Bolbe,pallida,Animalia|Insecta|Mantodea|Nanomantidae|Bolbe|pallida,Achiasmatic Meiosis,Heterogametic,XO,26
Bolbe,pygmea,Animalia|Insecta|Mantodea|Nanomantidae|Bolbe|pygmea,Achiasmatic Meiosis,Heterogametic,XO,NA
Bolbelasmus,arcuatus,Animalia|Insecta|Coleoptera|Scarabaeidae|Bolbelasmus|arcuatus,Asynaptic Sex Chromosomes,Heterogametic,XY,20
Bolbites,onitoides,Animalia|Insecta|Coleoptera|Scarabaeidae|Bolbites|onitoides,Asynaptic Sex Chromosomes,Heterogametic,XY,20
Bolboceras,quadridens,Animalia|Insecta|Coleoptera|Scarabaeidae|Bolboceras|quadridens,Asynaptic Sex Chromosomes,Heterogametic,XY,20
Bolboceras,sp.,Animalia|Insecta|Coleoptera|Scarabaeidae|Bolboceras|sp.,Asynaptic Sex Chromosomes,Heterogametic,XY,20
Bolbocerus,indicum,Animalia|Insecta|Coleoptera|Scarabaeidae|Bolbocerus|indicum,Asynaptic Sex Chromosomes,Heterogametic,XY,20
Bombylius,fulvescens,Animalia|Insecta|Diptera|Bombyliidae|Bombylius|fulvescens,Achiasmatic Meiosis,Heterogametic,NA,12
Bombylius,pygmaeus,Animalia|Insecta|Diptera|Bombyliidae|Bombylius|pygmaeus,Achiasmatic Meiosis,Heterogametic,XY,12
Bombyx,mandarina,Animalia|Insecta|Lepidoptera|Bombycidae|Bombyx|mandarina,Achiasmatic Meiosis,Heterogametic,NA,NA
Bombyx,mori,Animalia|Insecta|Lepidoptera|Bombycidae|Bombyx|mori,Achiasmatic Meiosis,Heterogametic,NA,NA
Boreellus,atriceps,Animalia|Insecta|Diptera|Calliphoridae|Boreellus|atriceps,Achiasmatic Meiosis,Heterogametic,XY,12
Bostrychopsis,bengalensis,Animalia|Insecta|Coleoptera|Bostrichidae|Bostrychopsis|bengalensis,Asynaptic Sex Chromosomes,Heterogametic,XY,20
Botanochara,boriensis,Animalia|Insecta|Coleoptera|Chrysomelidae|Botanochara|boriensis,Asynaptic Sex Chromosomes,Heterogametic,NA,26
Botanochara,tesselata,Animalia|Insecta|Coleoptera|Chrysomelidae|Botanochara|tesselata,Asynaptic Sex Chromosomes,Heterogametic,XY,36
Bothriurus,Sp.,Animalia|Arachnida|Scorpiones|Bothriuridae|Bothriurus|Sp.,Achiasmatic Meiosis,Heterogametic,NA,36
Bothriurus,araguayae,Animalia|Arachnida|Scorpiones|Bothriuridae|Bothriurus|araguayae,Achiasmatic Meiosis,Heterogametic,NA,44
Bothriurus,rochensis,Animalia|Arachnida|Scorpiones|Bothriuridae|Bothriurus|rochensis,Achiasmatic Meiosis,Heterogametic,NA,46
Bothrometopus,fasciatus,Animalia|Insecta|Coleoptera|Curculionidae|Bothrometopus|fasciatus,Asynaptic Sex Chromosomes,Heterogametic,XY,22
Bothynus,striatellus,Animalia|Insecta|Coleoptera|Scarabaeidae|Bothynus|striatellus,Asynaptic Sex Chromosomes,Heterogametic,XY,20
Bovicola,caprae,Animalia|Insecta|Phthiraptera|Bovicolidae|Bovicola|caprae,Achiasmatic Meiosis,Heterogametic,NA,14
Bovicola,limbata,Animalia|Insecta|Phthiraptera|Bovicolidae|Bovicola|limbata,Achiasmatic Meiosis,Heterogametic,NA,14
Brachistosternus,alienus,Animalia|Arachnida|Scorpiones|Bothriuridae|Brachistosternus|alienus,Achiasmatic Meiosis,Heterogametic,NA,28
Brachistosternus,ferrugineus,Animalia|Arachnida|Scorpiones|Bothriuridae|Brachistosternus|ferrugineus,Achiasmatic Meiosis,Heterogametic,NA,46
Brachistosternus,montanus,Animalia|Arachnida|Scorpiones|Bothriuridae|Brachistosternus|montanus,Achiasmatic Meiosis,Heterogametic,NA,46
Brachistosternus,pentheri,Animalia|Arachnida|Scorpiones|Bothriuridae|Brachistosternus|pentheri,Achiasmatic Meiosis,Heterogametic,NA,42
Brachyderes,incanus,Animalia|Insecta|Coleoptera|Curculionidae|Brachyderes|incanus,Asynaptic Sex Chromosomes,Heterogametic,XY,22
Brachynemurus,hubbardi,Animalia|Insecta|Neuroptera|Myrmeleontidae|Brachynemurus|hubbardi,Asynaptic Sex Chromosomes,Heterogametic,XY,14
Brachynemurus,mexicanus,Animalia|Insecta|Neuroptera|Myrmeleontidae|Brachynemurus|mexicanus,Asynaptic Sex Chromosomes,Heterogametic,XY,14
Brachyopa,scutellaris,Animalia|Insecta|Diptera|Syrphidae|Brachyopa|scutellaris,Achiasmatic Meiosis,Heterogametic,XY,10
Brachypeza,radiata,Animalia|Insecta|Diptera|Mycetophilidae|Brachypeza|radiata,Achiasmatic Meiosis,Heterogametic,XY,12
Brachysomus,dispar,Animalia|Insecta|Coleoptera|Curculionidae|Brachysomus|dispar,Asynaptic Sex Chromosomes,Heterogametic,XY,22
Brachysomus,setiger,Animalia|Insecta|Coleoptera|Curculionidae|Brachysomus|setiger,Asynaptic Sex Chromosomes,Heterogametic,XY,22
Bradysia,hygida,Animalia|Insecta|Diptera|Sciaridae|Bradysia|hygida,Achiasmatic Meiosis,Heterogametic,XO,8
Brentus,anchorago,Animalia|Insecta|Coleoptera|Brentidae|Brentus|anchorago,Asynaptic Sex Chromosomes,Heterogametic,XY,12
Brentus,mexicanus,Animalia|Insecta|Coleoptera|Brentidae|Brentus|mexicanus,Asynaptic Sex Chromosomes,Heterogametic,XY,12
Bromius,obscurus,Animalia|Insecta|Coleoptera|Chrysomelidae|Bromius|obscurus,Asynaptic Sex Chromosomes,Heterogametic,XY,16
Brotheas,Silvestris,Animalia|Arachnida|Scorpiones|Chactidae|Brotheas|Silvestris,Achiasmatic Meiosis,Heterogametic,NA,40
Brotheas,amazonicus,Animalia|Arachnida|Scorpiones|Chactidae|Brotheas|amazonicus,Achiasmatic Meiosis,Heterogametic,NA,50
Brotheas,paraensis,Animalia|Arachnida|Scorpiones|Chactidae|Brotheas|paraensis,Achiasmatic Meiosis,Heterogametic,NA,48
Bruchidius,albizziae,Animalia|Insecta|Coleoptera|Chrysomelidae|Bruchidius|albizziae,Asynaptic Sex Chromosomes,Heterogametic,XY,22
Bruchidius,aureus,Animalia|Insecta|Coleoptera|Chrysomelidae|Bruchidius|aureus,Asynaptic Sex Chromosomes,Heterogametic,XY,20
Bruchidius,dimorphous,Animalia|Insecta|Coleoptera|Chrysomelidae|Bruchidius|dimorphous,Asynaptic Sex Chromosomes,Heterogametic,XY,20
Bruchidius,mimosae,Animalia|Insecta|Coleoptera|Chrysomelidae|Bruchidius|mimosae,Asynaptic Sex Chromosomes,Heterogametic,XY,22
Bruchidius,multilineolatus,Animalia|Insecta|Coleoptera|Chrysomelidae|Bruchidius|multilineolatus,Asynaptic Sex Chromosomes,Heterogametic,XY,20
Bruchidius,saundersi,Animalia|Insecta|Coleoptera|Chrysomelidae|Bruchidius|saundersi,Asynaptic Sex Chromosomes,Heterogametic,XY,20
Bruchidius,sp.,Animalia|Insecta|Coleoptera|Chrysomelidae|Bruchidius|sp.,Asynaptic Sex Chromosomes,Heterogametic,XY,22
Bruchidius,urbanus,Animalia|Insecta|Coleoptera|Chrysomelidae|Bruchidius|urbanus,Asynaptic Sex Chromosomes,Heterogametic,XY,20
Bruchus,pisorum,Animalia|Insecta|Coleoptera|Chrysomelidae|Bruchus|pisorum,Asynaptic Sex Chromosomes,Heterogametic,XY,22
Bubopsis,hamatus,Animalia|Insecta|Neuroptera|Ascalaphidae|Bubopsis|hamatus,Asynaptic Sex Chromosomes,Heterogametic,XY,18
Bubopsis,hamatus,Animalia|Insecta|Neuroptera|Myrmelontidae|Bubopsis|hamatus,Asynaptic Sex Chromosomes,Heterogametic,XY,18
Bufolucilia,silvarum,Animalia|Insecta|Diptera|Calliphoridae|Bufolucilia|silvarum,Achiasmatic Meiosis,Heterogametic,XY,12
Bunostoma,anomala,Animalia|Insecta|Diptera|Drosophilidae|Bunostoma|anomala,Achiasmatic Meiosis,Heterogametic,NA,10
Bunostoma,n.,Animalia|Insecta|Diptera|Drosophilidae|Bunostoma|n.,Achiasmatic Meiosis,Heterogametic,NA,8
Bunostoma,palmae,Animalia|Insecta|Diptera|Drosophilidae|Bunostoma|palmae,Achiasmatic Meiosis,Heterogametic,NA,10
Bunostoma,varifrons,Animalia|Insecta|Diptera|Drosophilidae|Bunostoma|varifrons,Achiasmatic Meiosis,Heterogametic,NA,10
Bunostoma,xanthopleura,Animalia|Insecta|Diptera|Drosophilidae|Bunostoma|xanthopleura,Achiasmatic Meiosis,Heterogametic,NA,10
Burramys,parvus,Animalia|Mammalia|Diprotodontia|Burramyidae|Burramys|parvus,Asynaptic Sex Chromosomes,Heterogametic,XY,14
Buthacus,macrocentrus,Animalia|Arachnida|Scorpiones|Buthidae|Buthacus|macrocentrus,Achiasmatic Meiosis,Heterogametic,NA,28
Buthacus,nigroaculeatus,Animalia|Arachnida|Scorpiones|Buthidae|Buthacus|nigroaculeatus,Achiasmatic Meiosis,Heterogametic,NA,26
Buthacus,stockmanni,Animalia|Arachnida|Scorpiones|Buthidae|Buthacus|stockmanni,Achiasmatic Meiosis,Heterogametic,NA,20
Buthacus,stockmanni sp. n.,Animalia|Arachnida|Scorpiones|Buthidae|Buthacus|stockmanni sp. n.,Achiasmatic Meiosis,Heterogametic,NA,20
Buthus,atlantis,Animalia|Arachnida|Scorpiones|Buthidae|Buthus|atlantis,Achiasmatic Meiosis,Heterogametic,NA,22
Buthus,awashensis,Animalia|Arachnida|Scorpiones|Buthidae|Buthus|awashensis,Achiasmatic Meiosis,Heterogametic,NA,22
Buthus,maroccancus,Animalia|Arachnida|Scorpiones|Buthidae|Buthus|maroccancus,Achiasmatic Meiosis,Heterogametic,NA,22
Buthus,pococki sp. n,Animalia|Arachnida|Scorpiones|Buthidae|Buthus|pococki sp. n,Achiasmatic Meiosis,Heterogametic,NA,22
Buthus,zeylensis,Animalia|Arachnida|Scorpiones|Buthidae|Buthus|zeylensis,Achiasmatic Meiosis,Heterogametic,NA,22
Byctiscus,congener,Animalia|Insecta|Coleoptera|Curculionidae|Byctiscus|congener,Asynaptic Sex Chromosomes,Heterogametic,XY,22
Byctiscus,venustus,Animalia|Insecta|Coleoptera|Curculionidae|Byctiscus|venustus,Asynaptic Sex Chromosomes,Heterogametic,XY,18
Byrrhus,sp.,Animalia|Insecta|Coleoptera|Byrrhidae|Byrrhus|sp.,Asynaptic Sex Chromosomes,Heterogametic,XY,18
Byrsopages,kiso,Animalia|Insecta|Coleoptera|Curculionidae|Byrsopages|kiso,Asynaptic Sex Chromosomes,Heterogametic,XY,22
Byrsopages,sp_Mt.,Animalia|Insecta|Coleoptera|Curculionidae|Byrsopages|sp_Mt.,Asynaptic Sex Chromosomes,Heterogametic,XY,22
Caccobius,schreberi,Animalia|Insecta|Coleoptera|Scarabaeidae|Caccobius|schreberi,Asynaptic Sex Chromosomes,Heterogametic,XY,20
Cacopsylla,myrtilli,Animalia|Insecta|Hemiptera|Psyllidae|Cacopsylla|myrtilli,Asynaptic Sex Chromosomes,Heterogametic,XY,NA
Cacopsylla,myrtilli,Animalia|Insecta|Lepidoptera|Psyllidae|Cacopsylla|myrtilli,Asynaptic Sex Chromosomes,Heterogametic,NA,NA
Cacopsylla,peregrina,Animalia|Insecta|Hemiptera|Psyllidae|Cacopsylla|peregrina,Achiasmatic Sex Chromosomes,Heterogametic,XY,28
Cacoxenus,indigator,Animalia|Insecta|Diptera|Drosophilidae|Cacoxenus|indigator,Achiasmatic Meiosis,Heterogametic,NA,8
Caenocryptorrhynchus,frontalis,Animalia|Insecta|Coleoptera|Curculionidae|Caenocryptorrhynchus|frontalis,Asynaptic Sex Chromosomes,Heterogametic,XY,34
Caenolestes,fuliginosus,Animalia|Mammalia|Paucituberculata|Caenolestidae|Caenolestes|fuliginosus,Asynaptic Sex Chromosomes,Heterogametic,XY,14
Caenota,plicata,Animalia|Insecta|Trichoptera|Calcocidae|Caenota|plicata,Achiasmatic Meiosis,Heterogametic,ZW,44
Calathus,ascendens,Animalia|Insecta|Coleoptera|Carabidae|Calathus|ascendens,Asynaptic Sex Chromosomes,Heterogametic,NA,22
Calchas,nordmanni,Animalia|Arachnida|Scorpiones|Iuridae|Calchas|nordmanni,Achiasmatic Meiosis,Heterogametic,NA,82
Calendra,australis,Animalia|Insecta|Coleoptera|Curculionidae|Calendra|australis,Asynaptic Sex Chromosomes,Heterogametic,XY,26
Calendra,bruchi,Animalia|Insecta|Coleoptera|Curculionidae|Calendra|bruchi,Asynaptic Sex Chromosomes,Heterogametic,XY,26
Calendra,costipennis,Animalia|Insecta|Coleoptera|Curculionidae|Calendra|costipennis,Asynaptic Sex Chromosomes,Heterogametic,XY,30
Calendra,linearis,Animalia|Insecta|Coleoptera|Curculionidae|Calendra|linearis,Asynaptic Sex Chromosomes,Heterogametic,XY,24
Calendra,parvula,Animalia|Insecta|Coleoptera|Curculionidae|Calendra|parvula,Asynaptic Sex Chromosomes,Heterogametic,XY,26
Calendra,zeae,Animalia|Insecta|Coleoptera|Curculionidae|Calendra|zeae,Asynaptic Sex Chromosomes,Heterogametic,XY,26
Calligrapha,multipunctata,Animalia|Insecta|Coleoptera|Chrysomelidae|Calligrapha|multipunctata,Asynaptic Sex Chromosomes,Heterogametic,XY,24
Calligrapha,polyspila,Animalia|Insecta|Coleoptera|Chrysomelidae|Calligrapha|polyspila,Asynaptic Sex Chromosomes,Heterogametic,XY,24
Callimantis,antillarun,Animalia|Insecta|Mantodea|Epaphroditidae|Callimantis|antillarun,Achiasmatic Meiosis,Heterogametic,NA,18
Calliopum,aeneum,Animalia|Insecta|Diptera|Lauxaniidae|Calliopum|aeneum,Achiasmatic Meiosis,Heterogametic,XY,12
Calliphora,accepta,Animalia|Insecta|Diptera|Calliphoridae|Calliphora|accepta,Achiasmatic Meiosis,Heterogametic,XY,12
Calliphora,bomitoria,Animalia|Insecta|Diptera|Calliphoridae|Calliphora|bomitoria,Achiasmatic Meiosis,Heterogametic,XY,12
Calliphora,croceipalpisI,Animalia|Insecta|Diptera|Calliphoridae|Calliphora|croceipalpisI,Achiasmatic Meiosis,Heterogametic,XY,12
Calliphora,croceipalpisII,Animalia|Insecta|Diptera|Calliphoridae|Calliphora|croceipalpisII,Achiasmatic Meiosis,Heterogametic,XY,12
Calliphora,erythrocephala,Animalia|Insecta|Diptera|Calliphoridae|Calliphora|erythrocephala,Achiasmatic Meiosis,Heterogametic,XY,12
Calliphora,erythrocephala,Animalia|Insecta|Diptera|Muscidae|Calliphora|erythrocephala,Achiasmatic Meiosis,Heterogametic,XY,12
Calliphora,fallax,Animalia|Insecta|Diptera|Calliphoridae|Calliphora|fallax,Achiasmatic Meiosis,Heterogametic,XY,12
Calliphora,fulviceps,Animalia|Insecta|Diptera|Calliphoridae|Calliphora|fulviceps,Achiasmatic Meiosis,Heterogametic,XY,12
Calliphora,fulvicoxa,Animalia|Insecta|Diptera|Calliphoridae|Calliphora|fulvicoxa,Achiasmatic Meiosis,Heterogametic,XY,12
Calliphora,hilli,Animalia|Insecta|Diptera|Calliphoridae|Calliphora|hilli,Achiasmatic Meiosis,Heterogametic,XY,12
Calliphora,lilaea,Animalia|Insecta|Diptera|Calliphoridae|Calliphora|lilaea,Achiasmatic Meiosis,Heterogametic,XY,12
Calliphora,peruviana,Animalia|Insecta|Diptera|Calliphoridae|Calliphora|peruviana,Achiasmatic Meiosis,Heterogametic,XY,12
Calliphora,plebeia,Animalia|Insecta|Diptera|Calliphoridae|Calliphora|plebeia,Achiasmatic Meiosis,Heterogametic,XY,12
Calliphora,sternalis,Animalia|Insecta|Diptera|Calliphoridae|Calliphora|sternalis,Achiasmatic Meiosis,Heterogametic,XY,12
Calliphora,stygia,Animalia|Insecta|Diptera|Calliphoridae|Calliphora|stygia,Achiasmatic Meiosis,Heterogametic,XY,12
Calliphora,tibialis,Animalia|Insecta|Diptera|Calliphoridae|Calliphora|tibialis,Achiasmatic Meiosis,Heterogametic,XY,12
Calliphora,varifrons,Animalia|Insecta|Diptera|Calliphoridae|Calliphora|varifrons,Achiasmatic Meiosis,Heterogametic,XY,12
Calliphora,vicina,Animalia|Insecta|Diptera|Calliphoridae|Calliphora|vicina,Achiasmatic Meiosis,Heterogametic,XY,12
Calliphora,vicinaI,Animalia|Insecta|Diptera|Calliphoridae|Calliphora|vicinaI,Achiasmatic Meiosis,Heterogametic,XY,12
Calliphora,vicinaII,Animalia|Insecta|Diptera|Calliphoridae|Calliphora|vicinaII,Achiasmatic Meiosis,Heterogametic,XY,12
Calliphora,viridenscens,Animalia|Insecta|Diptera|Calliphoridae|Calliphora|viridenscens,Achiasmatic Meiosis,Heterogametic,XY,12
Calliphora,viridescens,Animalia|Insecta|Diptera|Calliphoridae|Calliphora|viridescens,Achiasmatic Meiosis,Heterogametic,XY,12
Calliphora,vomitoria,Animalia|Insecta|Diptera|Calliphoridae|Calliphora|vomitoria,Achiasmatic Meiosis,Heterogametic,XY,12
Calliphora,vomitoriaI,Animalia|Insecta|Diptera|Calliphoridae|Calliphora|vomitoriaI,Achiasmatic Meiosis,Heterogametic,XY,12
Calliphora,vomitoriaII,Animalia|Insecta|Diptera|Calliphoridae|Calliphora|vomitoriaII,Achiasmatic Meiosis,Heterogametic,XY,12
Calliphora,vomitoriaIII,Animalia|Insecta|Diptera|Calliphoridae|Calliphora|vomitoriaIII,Achiasmatic Meiosis,Heterogametic,XY,12
Callipogon,armillatus,Animalia|Insecta|Coleoptera|Cerambycidae|Callipogon|armillatus,Asynaptic Sex Chromosomes,Heterogametic,XY,26
Calliprobola,crawfordi,Animalia|Insecta|Diptera|Syrphidae|Calliprobola|crawfordi,Achiasmatic Meiosis,Heterogametic,XY,10
Callitroga,hominivorax,Animalia|Insecta|Diptera|Calliphoridae|Callitroga|hominivorax,Achiasmatic Meiosis,Heterogametic,XY,12
Callitroga,macellaria,Animalia|Insecta|Diptera|Calliphoridae|Callitroga|macellaria,Achiasmatic Meiosis,Heterogametic,XY,12
Callosobruchus,alis,Animalia|Insecta|Coleoptera|Chrysomelidae|Callosobruchus|alis,Asynaptic Sex Chromosomes,Heterogametic,XY,20
Callosobruchus,chinensis,Animalia|Insecta|Coleoptera|Chrysomelidae|Callosobruchus|chinensis,Asynaptic Sex Chromosomes,Heterogametic,XY,20
Callosobruchus,maculatus,Animalia|Insecta|Coleoptera|Chrysomelidae|Callosobruchus|maculatus,Asynaptic Sex Chromosomes,Heterogametic,XY,20
Calocoris,quadripunctatus,Animalia|Insecta|Hemiptera|Miridae|Calocoris|quadripunctatus,Achiasmatic Meiosis,Heterogametic,XY,16
Caluromys,derbianus,Animalia|Mammalia|Didelphimorphia|Didelphidae|Caluromys|derbianus,Asynaptic Sex Chromosomes,Heterogametic,XY,14
Caluromys,lanatus,Animalia|Mammalia|Didelphimorphia|Didelphidae|Caluromys|lanatus,Asynaptic Sex Chromosomes,Heterogametic,XY,14
Calystegia,hederacea,Plantae|Magnoliopsida|Solanales|Convolvulaceae|Calystegia|hederacea,Asynaptic Sex Chromosomes,NA,NA,12
Cameraria,ohridella,Animalia|Insecta|Lepidoptera|Gracillariidae|Cameraria|ohridella,Achiasmatic Meiosis,Heterogametic,ZW,60
Camptischium,clavipes,Animalia|Insecta|Hemiptera|Coreidae|Camptischium|clavipes,Achiasmatic Meiosis,Heterogametic,XO,20
Camptoneura,picta,Animalia|Insecta|Diptera|Ulidiidae|Camptoneura|picta,Achiasmatic Meiosis,Heterogametic,NA,12
Canonopsis,sericea,Animalia|Insecta|Coleoptera|Curculionidae|Canonopsis|sericea,Asynaptic Sex Chromosomes,Heterogametic,XY,22
Cantabrogeus,luquei,Animalia|Insecta|Coleoptera|Leiodidae|Cantabrogeus|luquei,Asynaptic Sex Chromosomes,Heterogametic,XY,22
Cantharis,fusca,Animalia|Insecta|Coleoptera|Cantharidae|Cantharis|fusca,Asynaptic Sex Chromosomes,Heterogametic,XY,20
Cantharis,sp.,Animalia|Insecta|Coleoptera|Cantharidae|Cantharis|sp.,Asynaptic Sex Chromosomes,Heterogametic,XY,20
Cantharis,tenuicollis,Animalia|Insecta|Coleoptera|Cantharidae|Cantharis|tenuicollis,Asynaptic Sex Chromosomes,Heterogametic,XY,20
Canthidium,breve,Animalia|Insecta|Coleoptera|Scarabaeidae|Canthidium|breve,Asynaptic Sex Chromosomes,Heterogametic,XY,18
Canthochilum,andyi,Animalia|Insecta|Coleoptera|Scarabaeidae|Canthochilum|andyi,Asynaptic Sex Chromosomes,Heterogametic,XY,18
Canthochilum,hispidum,Animalia|Insecta|Coleoptera|Scarabaeidae|Canthochilum|hispidum,Asynaptic Sex Chromosomes,Heterogametic,XY,18
Canthochilum,histeroides,Animalia|Insecta|Coleoptera|Scarabaeidae|Canthochilum|histeroides,Asynaptic Sex Chromosomes,Heterogametic,XY,18
Canthochilum,oakleyi,Animalia|Insecta|Coleoptera|Scarabaeidae|Canthochilum|oakleyi,Asynaptic Sex Chromosomes,Heterogametic,XY,18
Canthon,aff,Animalia|Insecta|Coleoptera|Scarabaeidae|Canthon|aff,Asynaptic Sex Chromosomes,Heterogametic,XY,20
Canthon,chalybaeus,Animalia|Insecta|Coleoptera|Scarabaeidae|Canthon|chalybaeus,Asynaptic Sex Chromosomes,Heterogametic,XY,20
Canthon,indigaceus,Animalia|Insecta|Coleoptera|Scarabaeidae|Canthon|indigaceus,Asynaptic Sex Chromosomes,Heterogametic,XY,18
Canthon,muticus,Animalia|Insecta|Coleoptera|Scarabaeidae|Canthon|muticus,Asynaptic Sex Chromosomes,Heterogametic,XY,20
Canthon,septemmaculatus,Animalia|Insecta|Coleoptera|Scarabaeidae|Canthon|septemmaculatus,Asynaptic Sex Chromosomes,Heterogametic,XY,20
Canthon,staigi,Animalia|Insecta|Coleoptera|Scarabaeidae|Canthon|staigi,Asynaptic Sex Chromosomes,Heterogametic,XY,18
Capnodis,miliaris,Animalia|Insecta|Coleoptera|Buprestidae|Capnodis|miliaris,Asynaptic Sex Chromosomes,Heterogametic,XY,20
Capraita,egleri,Animalia|Insecta|Coleoptera|Chrysomelidae|Capraita|egleri,Asynaptic Sex Chromosomes,Heterogametic,XY,22
Capraita,sp.,Animalia|Insecta|Coleoptera|Chrysomelidae|Capraita|sp.,Asynaptic Sex Chromosomes,Heterogametic,XY,22
Capraita,strichocephala,Animalia|Insecta|Coleoptera|Chrysomelidae|Capraita|strichocephala,Asynaptic Sex Chromosomes,Heterogametic,XY,22
Capraita,trinidadensis,Animalia|Insecta|Coleoptera|Chrysomelidae|Capraita|trinidadensis,Asynaptic Sex Chromosomes,Heterogametic,XY,22
Capsus,ater,Animalia|Insecta|Hemiptera|Miridae|Capsus|ater,Achiasmatic Meiosis,Heterogametic,XY,32
Carabus,blaptoides,Animalia|Insecta|Coleoptera|Carabidae|Carabus|blaptoides,Asynaptic Sex Chromosomes,Heterogametic,XY,28
Carabus,fruhstorferi,Animalia|Insecta|Coleoptera|Carabidae|Carabus|fruhstorferi,Asynaptic Sex Chromosomes,Heterogametic,XY,28
Carcilia,strigicollis,Animalia|Insecta|Coleoptera|Curculionidae|Carcilia|strigicollis,Asynaptic Sex Chromosomes,Heterogametic,XY,22
Cardiophorus,cardisce,Animalia|Insecta|Coleoptera|Elateridae|Cardiophorus|cardisce,Asynaptic Sex Chromosomes,Heterogametic,XY,22
Cardiophorus,convexulus,Animalia|Insecta|Coleoptera|Elateridae|Cardiophorus|convexulus,Asynaptic Sex Chromosomes,Heterogametic,XY,22
Cardiophorus,convexus,Animalia|Insecta|Coleoptera|Elateridae|Cardiophorus|convexus,Asynaptic Sex Chromosomes,Heterogametic,XY,20
Cardiophorus,fenestratus,Animalia|Insecta|Coleoptera|Elateridae|Cardiophorus|fenestratus,Asynaptic Sex Chromosomes,Heterogametic,XY,22
Cardiophorus,gagates,Animalia|Insecta|Coleoptera|Elateridae|Cardiophorus|gagates,Asynaptic Sex Chromosomes,Heterogametic,XY,22
Cardiophorus,togatus,Animalia|Insecta|Coleoptera|Elateridae|Cardiophorus|togatus,Asynaptic Sex Chromosomes,Heterogametic,XY,22
Carposcalis,obscura,Animalia|Insecta|Diptera|Syrphidae|Carposcalis|obscura,Achiasmatic Meiosis,Heterogametic,XY,8
Carposcalis,sp.,Animalia|Insecta|Diptera|Syrphidae|Carposcalis|sp.,Achiasmatic Meiosis,Heterogametic,XY,8
Carposcalis,sp.1,Animalia|Insecta|Diptera|Syrphidae|Carposcalis|sp.1,Achiasmatic Meiosis,Heterogametic,XY,8
Carposcalis,sp.2,Animalia|Insecta|Diptera|Syrphidae|Carposcalis|sp.2,Achiasmatic Meiosis,Heterogametic,XY,8
Carposcalis,sp.3,Animalia|Insecta|Diptera|Syrphidae|Carposcalis|sp.3,Achiasmatic Meiosis,Heterogametic,XY,8
Carposcalis,sp.4,Animalia|Insecta|Diptera|Syrphidae|Carposcalis|sp.4,Achiasmatic Meiosis,Heterogametic,XY,8
Carposcalis,sp.5,Animalia|Insecta|Diptera|Syrphidae|Carposcalis|sp.5,Achiasmatic Meiosis,Heterogametic,XY,8
Carposcalis,sp.6,Animalia|Insecta|Diptera|Syrphidae|Carposcalis|sp.6,Achiasmatic Meiosis,Heterogametic,XY,8
Carposcalis,sp.8,Animalia|Insecta|Diptera|Syrphidae|Carposcalis|sp.8,Achiasmatic Meiosis,Heterogametic,XY,8
Carposcalis,sp.A,Animalia|Insecta|Diptera|Syrphidae|Carposcalis|sp.A,Achiasmatic Meiosis,Heterogametic,XY,8
Carposcalis,sp.B,Animalia|Insecta|Diptera|Syrphidae|Carposcalis|sp.B,Achiasmatic Meiosis,Heterogametic,XY,8
Carposcalis,stegna,Animalia|Insecta|Diptera|Syrphidae|Carposcalis|stegna,Achiasmatic Meiosis,Heterogametic,XY,8
Caryedon,acaciae,Animalia|Insecta|Coleoptera|Chrysomelidae|Caryedon|acaciae,Asynaptic Sex Chromosomes,Heterogametic,XY,18
Caryedon,gogra,Animalia|Insecta|Coleoptera|Chrysomelidae|Caryedon|gogra,Asynaptic Sex Chromosomes,Heterogametic,XY,18
Caryedon,lineatonota,Animalia|Insecta|Coleoptera|Chrysomelidae|Caryedon|lineatonota,Asynaptic Sex Chromosomes,Heterogametic,XY,20
Caryedon,longus,Animalia|Insecta|Coleoptera|Chrysomelidae|Caryedon|longus,Asynaptic Sex Chromosomes,Heterogametic,XY,18
Caryedon,opacus,Animalia|Insecta|Coleoptera|Chrysomelidae|Caryedon|opacus,Asynaptic Sex Chromosomes,Heterogametic,XY,18
Caryedon,prosopius,Animalia|Insecta|Coleoptera|Chrysomelidae|Caryedon|prosopius,Asynaptic Sex Chromosomes,Heterogametic,XY,18
Caryedon,serratus,Animalia|Insecta|Coleoptera|Chrysomelidae|Caryedon|serratus,Asynaptic Sex Chromosomes,Heterogametic,XY,18
Caryedon,sp.,Animalia|Insecta|Coleoptera|Chrysomelidae|Caryedon|sp.,Asynaptic Sex Chromosomes,Heterogametic,XY,20
Caryomyia,sp,Animalia|Insecta|Diptera|Cecidomyiidae|Caryomyia|sp,Achiasmatic Meiosis,Heterogametic,XO,8
Cassida,azurea,Animalia|Insecta|Coleoptera|Chrysomelidae|Cassida|azurea,Asynaptic Sex Chromosomes,Heterogametic,XY,18
Cassida,bergeali,Animalia|Insecta|Coleoptera|Chrysomelidae|Cassida|bergeali,Asynaptic Sex Chromosomes,Heterogametic,XY,18
Cassida,circumdata,Animalia|Insecta|Coleoptera|Chrysomelidae|Cassida|circumdata,Asynaptic Sex Chromosomes,Heterogametic,XY,18
Cassida,deflorata,Animalia|Insecta|Coleoptera|Chrysomelidae|Cassida|deflorata,Asynaptic Sex Chromosomes,Heterogametic,XY,18
Cassida,enervis,Animalia|Insecta|Coleoptera|Chrysomelidae|Cassida|enervis,Asynaptic Sex Chromosomes,Heterogametic,XY,18
Cassida,flaveola,Animalia|Insecta|Coleoptera|Chrysomelidae|Cassida|flaveola,Asynaptic Sex Chromosomes,Heterogametic,XY,18
Cassida,fuscorufa,Animalia|Insecta|Coleoptera|Chrysomelidae|Cassida|fuscorufa,Asynaptic Sex Chromosomes,Heterogametic,XY,18
Cassida,hemisphaerica,Animalia|Insecta|Coleoptera|Chrysomelidae|Cassida|hemisphaerica,Asynaptic Sex Chromosomes,Heterogametic,XY,20
Cassida,hexastigma,Animalia|Insecta|Coleoptera|Chrysomelidae|Cassida|hexastigma,Asynaptic Sex Chromosomes,Heterogametic,XY,18
Cassida,inquita,Animalia|Insecta|Coleoptera|Chrysomelidae|Cassida|inquita,Asynaptic Sex Chromosomes,Heterogametic,XY,18
Cassida,leucanthemi,Animalia|Insecta|Coleoptera|Chrysomelidae|Cassida|leucanthemi,Asynaptic Sex Chromosomes,Heterogametic,XY,18
Cassida,margaritacea,Animalia|Insecta|Coleoptera|Chrysomelidae|Cassida|margaritacea,Asynaptic Sex Chromosomes,Heterogametic,XY,30
Cassida,nebulosa,Animalia|Insecta|Coleoptera|Chrysomelidae|Cassida|nebulosa,Asynaptic Sex Chromosomes,Heterogametic,XY,18
Cassida,pannonica,Animalia|Insecta|Coleoptera|Chrysomelidae|Cassida|pannonica,Asynaptic Sex Chromosomes,Heterogametic,XY,20
Cassida,panzeri,Animalia|Insecta|Coleoptera|Chrysomelidae|Cassida|panzeri,Asynaptic Sex Chromosomes,Heterogametic,XY,18
Cassida,prasi,Animalia|Insecta|Coleoptera|Chrysomelidae|Cassida|prasi,Asynaptic Sex Chromosomes,Heterogametic,XY,18
Cassida,pusilla,Animalia|Insecta|Coleoptera|Chrysomelidae|Cassida|pusilla,Asynaptic Sex Chromosomes,Heterogametic,XY,18
Cassida,rubiginosa,Animalia|Insecta|Coleoptera|Chrysomelidae|Cassida|rubiginosa,Asynaptic Sex Chromosomes,Heterogametic,XY,18
Cassida,rufovirens,Animalia|Insecta|Coleoptera|Chrysomelidae|Cassida|rufovirens,Asynaptic Sex Chromosomes,Heterogametic,XY,18
Cassida,sanguinolenta,Animalia|Insecta|Coleoptera|Chrysomelidae|Cassida|sanguinolenta,Asynaptic Sex Chromosomes,Heterogametic,XY,18
Cassida,sanguinosa,Animalia|Insecta|Coleoptera|Chrysomelidae|Cassida|sanguinosa,Asynaptic Sex Chromosomes,Heterogametic,XY,18
Cassida,sp.,Animalia|Insecta|Coleoptera|Chrysomelidae|Cassida|sp.,Asynaptic Sex Chromosomes,Heterogametic,XY,20
Cassida,subreticulata,Animalia|Insecta|Coleoptera|Chrysomelidae|Cassida|subreticulata,Asynaptic Sex Chromosomes,Heterogametic,XY,30
Cassida,varians,Animalia|Insecta|Coleoptera|Chrysomelidae|Cassida|varians,Asynaptic Sex Chromosomes,Heterogametic,XY,18
Cassida,vibex,Animalia|Insecta|Coleoptera|Chrysomelidae|Cassida|vibex,Asynaptic Sex Chromosomes,Heterogametic,XY,20
Cassida,virdis,Animalia|Insecta|Coleoptera|Chrysomelidae|Cassida|virdis,Asynaptic Sex Chromosomes,Heterogametic,XY,30
Cassida,vittata,Animalia|Insecta|Coleoptera|Chrysomelidae|Cassida|vittata,Asynaptic Sex Chromosomes,Heterogametic,XY,20
Castiarina,adelaidae,Animalia|Insecta|Coleoptera|Buprestidae|Castiarina|adelaidae,Asynaptic Sex Chromosomes,Heterogametic,XY,22
Castiarina,argillacea,Animalia|Insecta|Coleoptera|Buprestidae|Castiarina|argillacea,Asynaptic Sex Chromosomes,Heterogametic,XY,22
Castiarina,cupreoflava,Animalia|Insecta|Coleoptera|Buprestidae|Castiarina|cupreoflava,Asynaptic Sex Chromosomes,Heterogametic,XY,22
Castiarina,decemmaculata,Animalia|Insecta|Coleoptera|Buprestidae|Castiarina|decemmaculata,Asynaptic Sex Chromosomes,Heterogametic,XY,22
Castiarina,flavopicta,Animalia|Insecta|Coleoptera|Buprestidae|Castiarina|flavopicta,Asynaptic Sex Chromosomes,Heterogametic,XY,22
Castiarina,grata,Animalia|Insecta|Coleoptera|Buprestidae|Castiarina|grata,Asynaptic Sex Chromosomes,Heterogametic,XY,22
Castiarina,rufipennis,Animalia|Insecta|Coleoptera|Buprestidae|Castiarina|rufipennis,Asynaptic Sex Chromosomes,Heterogametic,XY,22
Castiarina,sexplagiata,Animalia|Insecta|Coleoptera|Buprestidae|Castiarina|sexplagiata,Asynaptic Sex Chromosomes,Heterogametic,XY,22
Castiarina,simulata,Animalia|Insecta|Coleoptera|Buprestidae|Castiarina|simulata,Asynaptic Sex Chromosomes,Heterogametic,XY,22
Castiarina,subnotata,Animalia|Insecta|Coleoptera|Buprestidae|Castiarina|subnotata,Asynaptic Sex Chromosomes,Heterogametic,XY,22
Castiarina,subtincta,Animalia|Insecta|Coleoptera|Buprestidae|Castiarina|subtincta,Asynaptic Sex Chromosomes,Heterogametic,XY,22
Castiarina,triramosa,Animalia|Insecta|Coleoptera|Buprestidae|Castiarina|triramosa,Asynaptic Sex Chromosomes,Heterogametic,XY,22
Catagmatus,japonicus,Animalia|Insecta|Coleoptera|Curculionidae|Catagmatus|japonicus,Asynaptic Sex Chromosomes,Heterogametic,XY,32
Catapionus,modestus,Animalia|Insecta|Coleoptera|Curculionidae|Catapionus|modestus,Asynaptic Sex Chromosomes,Heterogametic,XY,22
Catapionus,obscurus,Animalia|Insecta|Coleoptera|Curculionidae|Catapionus|obscurus,Asynaptic Sex Chromosomes,Heterogametic,XY,22
Catharsius,aff.,Animalia|Insecta|Coleoptera|Scarabaeidae|Catharsius|aff.,Asynaptic Sex Chromosomes,Heterogametic,XY,20
Catharsius,molossus,Animalia|Insecta|Coleoptera|Scarabaeidae|Catharsius|molossus,Asynaptic Sex Chromosomes,Heterogametic,XY,20
Catharsius,pithecius,Animalia|Insecta|Coleoptera|Scarabaeidae|Catharsius|pithecius,Asynaptic Sex Chromosomes,Heterogametic,XY,20
Catharsius,sagax,Animalia|Insecta|Coleoptera|Scarabaeidae|Catharsius|sagax,Asynaptic Sex Chromosomes,Heterogametic,XY,20
Catharsius,sp1,Animalia|Insecta|Coleoptera|Scarabaeidae|Catharsius|sp1,Asynaptic Sex Chromosomes,Heterogametic,XY,18
Catharsius,sp2,Animalia|Insecta|Coleoptera|Scarabaeidae|Catharsius|sp2,Asynaptic Sex Chromosomes,Heterogametic,XY,20
Catharsius,sp3,Animalia|Insecta|Coleoptera|Scarabaeidae|Catharsius|sp3,Asynaptic Sex Chromosomes,Heterogametic,XY,20
Catops,coracinus,Animalia|Insecta|Coleoptera|Leiodidae|Catops|coracinus,Asynaptic Sex Chromosomes,Heterogametic,XY,22
Cecidocharella,borrichia,Animalia|Insecta|Diptera|Tephritidae|Cecidocharella|borrichia,Achiasmatic Meiosis,Heterogametic,ZW,12
Cecidomyia,serotinae,Animalia|Insecta|Diptera|Cecidomyiidae|Cecidomyia|serotinae,Achiasmatic Meiosis,Heterogametic,XO,8
Cecidomyia,sp.,Animalia|Insecta|Diptera|Cecidomyiidae|Cecidomyia|sp.,Achiasmatic Meiosis,Heterogametic,XO,8
Cecidomyia,vicola,Animalia|Insecta|Diptera|Cecidomyiidae|Cecidomyia|vicola,Achiasmatic Meiosis,Heterogametic,XO,8
Centricnemus,leucogrammus,Animalia|Insecta|Coleoptera|Curculionidae|Centricnemus|leucogrammus,Asynaptic Sex Chromosomes,Heterogametic,XY,22
Centroclisis,brachygaster,Animalia|Insecta|Neuroptera|Myrmeleontidae|Centroclisis|brachygaster,Asynaptic Sex Chromosomes,Heterogametic,XY,14
Centrocorynus,aemulus,Animalia|Insecta|Coleoptera|Attelabidae|Centrocorynus|aemulus,Asynaptic Sex Chromosomes,Heterogametic,XY,28
Centruroides,baracoae,Animalia|Arachnida|Scorpiones|Buthidae|Centruroides|baracoae,Achiasmatic Meiosis,Heterogametic,NA,26
Centruroides,exilicauda,Animalia|Arachnida|Scorpiones|Buthidae|Centruroides|exilicauda,Achiasmatic Meiosis,Heterogametic,NA,26
Centruroides,gracilis,Animalia|Arachnida|Scorpiones|Buthidae|Centruroides|gracilis,Achiasmatic Meiosis,Heterogametic,NA,24
Centruroides,vittatus,Animalia|Arachnida|Scorpiones|Buthidae|Centruroides|vittatus,Achiasmatic Meiosis,Heterogametic,NA,26
Cephaloon,lepturides,Animalia|Insecta|Coleoptera|Stenotrachelidae|Cephaloon|lepturides,Asynaptic Sex Chromosomes,Heterogametic,XY,18
Cephenemyia,phobifer,Animalia|Insecta|Diptera|Oestridae|Cephenemyia|phobifer,Achiasmatic Meiosis,Heterogametic,XY,12
Ceracia,dentata,Animalia|Insecta|Diptera|Tachinidae|Ceracia|dentata,Achiasmatic Meiosis,Heterogametic,XY,12
Cerambyx,scopolii,Animalia|Insecta|Coleoptera|Cerambycidae|Cerambyx|scopolii,Asynaptic Sex Chromosomes,Heterogametic,XY,20
Ceratapion,austriacum,Animalia|Insecta|Coleoptera|Brentidae|Ceratapion|austriacum,Asynaptic Sex Chromosomes,Heterogametic,XY,22
Ceratapion,penetrans,Animalia|Insecta|Coleoptera|Brentidae|Ceratapion|penetrans,Asynaptic Sex Chromosomes,Heterogametic,XY,22
Ceratitis,capitata,Animalia|Insecta|Diptera|Tephritidae|Ceratitis|capitata,Achiasmatic Meiosis,Heterogametic,XY,12
Ceratitis,fasciventris,Animalia|Insecta|Diptera|Tephritidae|Ceratitis|fasciventris,Achiasmatic Meiosis,Heterogametic,NA,12
Ceratitis,rosa,Animalia|Insecta|Diptera|Tephritidae|Ceratitis|rosa,Achiasmatic Meiosis,Heterogametic,XY,12
Cercartetus,concinnus,Animalia|Mammalia|Diprodontia|Burramyidae|Cercartetus|concinnus,Asynaptic Sex Chromosomes,Heterogametic,XY,14
Cercartetus,concinnus,Animalia|Mammalia|Diprotodontia|Burramyidae|Cercartetus|concinnus,Asynaptic Sex Chromosomes,Heterogametic,XY,14
Cercartetus,lepidus,Animalia|Mammalia|Diprotodontia|Burramyidae|Cercartetus|lepidus,Asynaptic Sex Chromosomes,Heterogametic,XY,14
Cercartetus,nanus,Animalia|Mammalia|Diprotodontia|Burramyidae|Cercartetus|nanus,Asynaptic Sex Chromosomes,Heterogametic,XY,14
Cerchus,ligrius,Animalia|Insecta|Coleoptera|Lucanidae|Cerchus|ligrius,Asynaptic Sex Chromosomes,Heterogametic,XY,20
Cercyon,convexiusculus,Animalia|Insecta|Coleoptera|Hydrophilidae|Cercyon|convexiusculus,Asynaptic Sex Chromosomes,Heterogametic,XY,30
Cercyon,haemorrhoidalis,Animalia|Insecta|Coleoptera|Hydrophilidae|Cercyon|haemorrhoidalis,Asynaptic Sex Chromosomes,Heterogametic,XY,24
Cercyon,marinus,Animalia|Insecta|Coleoptera|Hydrophilidae|Cercyon|marinus,Asynaptic Sex Chromosomes,Heterogametic,XY,24
Cercyon,melanocephalus,Animalia|Insecta|Coleoptera|Hydrophilidae|Cercyon|melanocephalus,Asynaptic Sex Chromosomes,Heterogametic,XY,24
Ceriana,conopsoides,Animalia|Insecta|Diptera|Syrphidae|Ceriana|conopsoides,Achiasmatic Meiosis,Heterogametic,XY,10
Ceriana,vespiformis,Animalia|Insecta|Diptera|Syrphidae|Ceriana|vespiformis,Achiasmatic Meiosis,Heterogametic,XY,10
Ceriogaster,sp.,Animalia|Insecta|Diptera|Syrphidae|Ceriogaster|sp.,Achiasmatic Meiosis,Heterogametic,NA,10
Cerodontha,angulata,Animalia|Insecta|Diptera|Agromyzidae|Cerodontha|angulata,Achiasmatic Meiosis,Heterogametic,XY,6
Cerodontha,eucaricis,Animalia|Insecta|Diptera|Agromyzidae|Cerodontha|eucaricis,Achiasmatic Meiosis,Heterogametic,XY,12
Cerodontha,ireos,Animalia|Insecta|Diptera|Agromyzidae|Cerodontha|ireos,Achiasmatic Meiosis,Heterogametic,XY,12
Cerodontha,pseuderrans,Animalia|Insecta|Diptera|Agromyzidae|Cerodontha|pseuderrans,Achiasmatic Meiosis,Heterogametic,XY,12
Cerodontha,scirpi,Animalia|Insecta|Diptera|Agromyzidae|Cerodontha|scirpi,Achiasmatic Meiosis,Heterogametic,XY,12
Cerodontha,spinata,Animalia|Insecta|Diptera|Agromyzidae|Cerodontha|spinata,Achiasmatic Meiosis,Heterogametic,XY,12
Cerodontha,vignae,Animalia|Insecta|Diptera|Agromyzidae|Cerodontha|vignae,Achiasmatic Meiosis,Heterogametic,XY,12
Ceromasia,auricaudata,Animalia|Insecta|Diptera|Tachinidae|Ceromasia|auricaudata,Achiasmatic Meiosis,Heterogametic,XY,12
Ceroxys,latiusculus,Animalia|Insecta|Diptera|Ulidiidae|Ceroxys|latiusculus,Achiasmatic Meiosis,Heterogametic,XY,12
Ceroxys,urticae,Animalia|Insecta|Diptera|Ulidiidae|Ceroxys|urticae,Achiasmatic Meiosis,Heterogametic,XY,12
Cervimunida,princeps,Animalia|Malacostraca|Decapoda|Munididae|Cervimunida|princeps,Asynaptic Sex Chromosomes,Heterogametic,NA,110
Ceutorrhynchus,ancola,Animalia|Insecta|Coleoptera|Curculionidae|Ceutorrhynchus|ancola,Asynaptic Sex Chromosomes,Heterogametic,XY,34
Ceutorrhynchus,costatus,Animalia|Insecta|Coleoptera|Curculionidae|Ceutorrhynchus|costatus,Asynaptic Sex Chromosomes,Heterogametic,XY,20
Ceutorrhynchus,lewisi,Animalia|Insecta|Coleoptera|Curculionidae|Ceutorrhynchus|lewisi,Asynaptic Sex Chromosomes,Heterogametic,NA,28
Ceutorrhynchus,sp.,Animalia|Insecta|Coleoptera|Curculionidae|Ceutorrhynchus|sp.,Asynaptic Sex Chromosomes,Heterogametic,XY,24
Chaerilus,cimrmani,Animalia|Arachnida|Scorpiones|Chaerilidae|Chaerilus|cimrmani,Achiasmatic Meiosis,Heterogametic,NA,104
Chaerilus,majkusi sp. n.,Animalia|Arachnida|Scorpiones|Chaerilidae|Chaerilus|majkusi sp. n.,Achiasmatic Meiosis,Heterogametic,NA,NA
Chaerilus,neradorum sp. n.,Animalia|Arachnida|Scorpiones|Chaerilidae|Chaerilus|neradorum sp. n.,Achiasmatic Meiosis,Heterogametic,NA,NA
Chaerilus,sejnai,Animalia|Arachnida|Scorpiones|Chaerilidae|Chaerilus|sejnai,Achiasmatic Meiosis,Heterogametic,NA,NA
Chaerilus,stockmannorum sp. n.,Animalia|Arachnida|Scorpiones|Chaerilidae|Chaerilus|stockmannorum sp. n.,Achiasmatic Meiosis,Heterogametic,NA,186
Chaerilus,tichyi,Animalia|Arachnida|Scorpiones|Chaerilidae|Chaerilus|tichyi,Achiasmatic Meiosis,Heterogametic,NA,136
Chaetarthria,simillima,Animalia|Insecta|Coleoptera|Hydrophilidae|Chaetarthria|simillima,Asynaptic Sex Chromosomes,Heterogametic,XY,18
Chaetocnema,chloropha,Animalia|Insecta|Coleoptera|Chrysomelidae|Chaetocnema|chloropha,Asynaptic Sex Chromosomes,Heterogametic,XY,20
Chaetocnema,conducta,Animalia|Insecta|Coleoptera|Chrysomelidae|Chaetocnema|conducta,Asynaptic Sex Chromosomes,Heterogametic,XY,22
Chaetocnema,depressa,Animalia|Insecta|Coleoptera|Chrysomelidae|Chaetocnema|depressa,Asynaptic Sex Chromosomes,Heterogametic,XY,26
Chaetocnema,major,Animalia|Insecta|Coleoptera|Chrysomelidae|Chaetocnema|major,Asynaptic Sex Chromosomes,Heterogametic,XY,22
Chaetocnema,tibialis,Animalia|Insecta|Coleoptera|Chrysomelidae|Chaetocnema|tibialis,Asynaptic Sex Chromosomes,Heterogametic,XY,22
Chaetopsis,fulvifrons,Animalia|Insecta|Diptera|Ulidiidae|Chaetopsis|fulvifrons,Achiasmatic Meiosis,Heterogametic,NA,8
Chaetopsis,ulvi,Animalia|Insecta|Diptera|Ulidiidae|Chaetopsis|ulvi,Achiasmatic Meiosis,Heterogametic,NA,8
Chalcophana,cincta,Animalia|Insecta|Coleoptera|Chrysomelidae|Chalcophana|cincta,Asynaptic Sex Chromosomes,Heterogametic,XY,26
Chalcophana,verecunda,Animalia|Insecta|Coleoptera|Chrysomelidae|Chalcophana|verecunda,Asynaptic Sex Chromosomes,Heterogametic,XY,26
Chalcosyrphus,anthreas,Animalia|Insecta|Diptera|Syrphidae|Chalcosyrphus|anthreas,Achiasmatic Meiosis,Heterogametic,XY,10
Chalcosyrphus,ariel,Animalia|Insecta|Diptera|Syrphidae|Chalcosyrphus|ariel,Achiasmatic Meiosis,Heterogametic,XY,10
Chalcosyrphus,nemorum,Animalia|Insecta|Diptera|Syrphidae|Chalcosyrphus|nemorum,Achiasmatic Meiosis,Heterogametic,XY,8
Chalcosyrphus,plesia,Animalia|Insecta|Diptera|Syrphidae|Chalcosyrphus|plesia,Achiasmatic Meiosis,Heterogametic,NA,10
Chalcosyrphus,sp.2,Animalia|Insecta|Diptera|Syrphidae|Chalcosyrphus|sp.2,Achiasmatic Meiosis,Heterogametic,XY,10
Chalepus,dorsalis,Animalia|Insecta|Coleoptera|Chrysomelidae|Chalepus|dorsalis,Asynaptic Sex Chromosomes,Heterogametic,XY,16
Chalepus,inequalis,Animalia|Insecta|Coleoptera|Chrysomelidae|Chalepus|inequalis,Asynaptic Sex Chromosomes,Heterogametic,XY,18
Chalepus,sanguinicollis,Animalia|Insecta|Coleoptera|Chrysomelidae|Chalepus|sanguinicollis,Asynaptic Sex Chromosomes,Heterogametic,XY,18
Chalepus,sp.,Animalia|Insecta|Coleoptera|Chrysomelidae|Chalepus|sp.,Asynaptic Sex Chromosomes,Heterogametic,XY,18
Chamaepsila,rosae,Animalia|Insecta|Diptera|Psilidae|Chamaepsila|rosae,Achiasmatic Meiosis,Heterogametic,NA,8
Chamaesphegina,argentifacies,Animalia|Insecta|Diptera|Syrphidae|Chamaesphegina|argentifacies,Achiasmatic Meiosis,Heterogametic,XY,12
Charaxes,jasius,Animalia|Insecta|Lepidoptera|Nymphalidae|Charaxes|jasius,Achiasmatic Meiosis,Both,ZW,50
Charexes,jasius,Animalia|Insecta|Lepidoptera|Nymphalidae|Charexes|jasius,Achiasmatic Meiosis,Heterogametic,NA,NA
Charidotella,immaculata,Animalia|Insecta|Coleoptera|Chrysomelidae|Charidotella|immaculata,Asynaptic Sex Chromosomes,Heterogametic,XY,22
Charidotella,quadrisigta,Animalia|Insecta|Coleoptera|Chrysomelidae|Charidotella|quadrisigta,Asynaptic Sex Chromosomes,Heterogametic,XY,24
Charidotella,sexpunctata,Animalia|Insecta|Coleoptera|Chrysomelidae|Charidotella|sexpunctata,Asynaptic Sex Chromosomes,Heterogametic,XY,22
Cheilosia,barbata,Animalia|Insecta|Diptera|Syrphidae|Cheilosia|barbata,Achiasmatic Meiosis,Heterogametic,XY,12
Cheilosia,burkei,Animalia|Insecta|Diptera|Syrphidae|Cheilosia|burkei,Achiasmatic Meiosis,Heterogametic,XY,12
Cheilosia,canicularis,Animalia|Insecta|Diptera|Syrphidae|Cheilosia|canicularis,Achiasmatic Meiosis,Heterogametic,NA,12
Cheilosia,chalybescens,Animalia|Insecta|Diptera|Syrphidae|Cheilosia|chalybescens,Achiasmatic Meiosis,Heterogametic,XY,12
Cheilosia,derasa,Animalia|Insecta|Diptera|Syrphidae|Cheilosia|derasa,Achiasmatic Meiosis,Heterogametic,XY,12
Cheilosia,frontosa,Animalia|Insecta|Diptera|Syrphidae|Cheilosia|frontosa,Achiasmatic Meiosis,Heterogametic,XY,10
Cheilosia,illustrata,Animalia|Insecta|Diptera|Syrphidae|Cheilosia|illustrata,Achiasmatic Meiosis,Heterogametic,XY,12
Cheilosia,impressa,Animalia|Insecta|Diptera|Syrphidae|Cheilosia|impressa,Achiasmatic Meiosis,Heterogametic,XY,12
Cheilosia,longula,Animalia|Insecta|Diptera|Syrphidae|Cheilosia|longula,Achiasmatic Meiosis,Heterogametic,NA,10
Cheilosia,montana,Animalia|Insecta|Diptera|Syrphidae|Cheilosia|montana,Achiasmatic Meiosis,Heterogametic,NA,12
Cheilosia,pagana,Animalia|Insecta|Diptera|Syrphidae|Cheilosia|pagana,Achiasmatic Meiosis,Heterogametic,XY,12
Cheilosia,pallipes,Animalia|Insecta|Diptera|Syrphidae|Cheilosia|pallipes,Achiasmatic Meiosis,Heterogametic,XY,10
Cheilosia,plutonia,Animalia|Insecta|Diptera|Syrphidae|Cheilosia|plutonia,Achiasmatic Meiosis,Heterogametic,XY,12
Cheilosia,scutellata,Animalia|Insecta|Diptera|Syrphidae|Cheilosia|scutellata,Achiasmatic Meiosis,Heterogametic,XY,10
Cheilosia,soror,Animalia|Insecta|Diptera|Syrphidae|Cheilosia|soror,Achiasmatic Meiosis,Heterogametic,XY,10
Cheilosia,sp.1,Animalia|Insecta|Diptera|Syrphidae|Cheilosia|sp.1,Achiasmatic Meiosis,Heterogametic,XY,10
Cheilosia,sp.Nr.Frontalis,Animalia|Insecta|Diptera|Syrphidae|Cheilosia|sp.Nr.Frontalis,Achiasmatic Meiosis,Heterogametic,XY,12
Cheilosia,tristis,Animalia|Insecta|Diptera|Syrphidae|Cheilosia|tristis,Achiasmatic Meiosis,Heterogametic,XY,10
Cheilosia,variabilis,Animalia|Insecta|Diptera|Syrphidae|Cheilosia|variabilis,Achiasmatic Meiosis,Heterogametic,XY,12
Cheilosia,vernalis,Animalia|Insecta|Diptera|Syrphidae|Cheilosia|vernalis,Achiasmatic Meiosis,Heterogametic,XY,10
Cheilosia,vulpina,Animalia|Insecta|Diptera|Syrphidae|Cheilosia|vulpina,Achiasmatic Meiosis,Heterogametic,XY,12
Chelymorpha,cassidea,Animalia|Insecta|Coleoptera|Chrysomelidae|Chelymorpha|cassidea,Asynaptic Sex Chromosomes,Heterogametic,XY,22
Chelymorpha,cribaria,Animalia|Insecta|Coleoptera|Chrysomelidae|Chelymorpha|cribaria,Asynaptic Sex Chromosomes,Heterogametic,XY,22
Chelymorpha,cribraria,Animalia|Insecta|Coleoptera|Chrysomelidae|Chelymorpha|cribraria,Asynaptic Sex Chromosomes,Heterogametic,XY,22
Chelymorpha,indigesta,Animalia|Insecta|Coleoptera|Chrysomelidae|Chelymorpha|indigesta,Asynaptic Sex Chromosomes,Heterogametic,XY,22
Chelymorpha,nigricollis,Animalia|Insecta|Coleoptera|Chrysomelidae|Chelymorpha|nigricollis,Asynaptic Sex Chromosomes,Heterogametic,XY,22
Chelymorpha,varians,Animalia|Insecta|Coleoptera|Chrysomelidae|Chelymorpha|varians,Asynaptic Sex Chromosomes,Heterogametic,XY,22
Chinchilla,laniger,Animalia|Mammalia|Rodentia|Chinchillinae|Chinchilla|laniger,Achiasmatic Sex Chromosomes,Heterogametic,XY,64
Chirida,sp.,Animalia|Insecta|Coleoptera|Chrysomelidae|Chirida|sp.,Asynaptic Sex Chromosomes,Heterogametic,XY,36
Chiridopsis,bupunctata,Animalia|Insecta|Coleoptera|Chrysomelidae|Chiridopsis|bupunctata,Asynaptic Sex Chromosomes,Heterogametic,XY,18
Chiron,digitatus,Animalia|Insecta|Coleoptera|Scarabaeidae|Chiron|digitatus,Asynaptic Sex Chromosomes,Heterogametic,XY,20
Chironectes,panamensis,Animalia|Mammalia|Didelphimorphia|Didelphidae|Chironectes|panamensis,Asynaptic Sex Chromosomes,Heterogametic,XY,22
Chlaenius,xanthospilus,Animalia|Insecta|Coleoptera|Carabidae|Chlaenius|xanthospilus,Asynaptic Sex Chromosomes,Heterogametic,XY,36
Chlamydocassis,cribripennis,Animalia|Insecta|Coleoptera|Chrysomelidae|Chlamydocassis|cribripennis,Asynaptic Sex Chromosomes,Heterogametic,XY,32
Chlamydocassis,metallica,Animalia|Insecta|Coleoptera|Chrysomelidae|Chlamydocassis|metallica,Asynaptic Sex Chromosomes,Heterogametic,XY,32
Chlorocala,africa,Animalia|Insecta|Coleoptera|Scarabaeidae|Chlorocala|africa,Asynaptic Sex Chromosomes,Heterogametic,XY,14
Chloromyia,formosa,Animalia|Insecta|Diptera|Stratiomyidae|Chloromyia|formosa,Achiasmatic Meiosis,Heterogametic,NA,14
Chlorophanus,grandis,Animalia|Insecta|Coleoptera|Curculionidae|Chlorophanus|grandis,Asynaptic Sex Chromosomes,Heterogametic,XY,24
Chlorophanus,viridis,Animalia|Insecta|Coleoptera|Curculionidae|Chlorophanus|viridis,Asynaptic Sex Chromosomes,Heterogametic,XY,22
Chlorophorus,annularis,Animalia|Insecta|Coleoptera|Cerambycidae|Chlorophorus|annularis,Asynaptic Sex Chromosomes,Heterogametic,XY,20
Chlorophorus,figuratus,Animalia|Insecta|Coleoptera|Cerambycidae|Chlorophorus|figuratus,Asynaptic Sex Chromosomes,Heterogametic,XY,20
Chlorops,oryzae,Animalia|Insecta|Diptera|Chloropidae|Chlorops|oryzae,Achiasmatic Meiosis,Heterogametic,NA,8
Chnoodes,sp.,Animalia|Insecta|Coleoptera|Coccinellidae|Chnoodes|sp.,Asynaptic Sex Chromosomes,Heterogametic,XY,18
Chokkirius,truncatus,Animalia|Insecta|Coleoptera|Curculionidae|Chokkirius|truncatus,Asynaptic Sex Chromosomes,Heterogametic,XY,22
Christensenia,antarctica,Animalia|Insecta|Coleoptera|Curculionidae|Christensenia|antarctica,Asynaptic Sex Chromosomes,Heterogametic,XY,22
Chrysobothris,affinis,Animalia|Insecta|Coleoptera|Buprestidae|Chrysobothris|affinis,Asynaptic Sex Chromosomes,Heterogametic,XY,16
Chrysobothris,dentipes,Animalia|Insecta|Coleoptera|Buprestidae|Chrysobothris|dentipes,Asynaptic Sex Chromosomes,Heterogametic,XY,16
Chrysobothris,floricola,Animalia|Insecta|Coleoptera|Buprestidae|Chrysobothris|floricola,Asynaptic Sex Chromosomes,Heterogametic,XY,16
Chrysochus,asclepiadeus,Animalia|Insecta|Coleoptera|Chrysomelidae|Chrysochus|asclepiadeus,Asynaptic Sex Chromosomes,Heterogametic,XY,24
Chrysochus,auratus,Animalia|Insecta|Coleoptera|Chrysomelidae|Chrysochus|auratus,Asynaptic Sex Chromosomes,Heterogametic,NA,26
Chrysodina,sp.,Animalia|Insecta|Coleoptera|Chrysomelidae|Chrysodina|sp.,Asynaptic Sex Chromosomes,Heterogametic,XY,12
Chrysogaster,hirtella,Animalia|Insecta|Diptera|Syrphidae|Chrysogaster|hirtella,Achiasmatic Meiosis,Heterogametic,XY,12
Chrysogaster,metallina,Animalia|Insecta|Diptera|Syrphidae|Chrysogaster|metallina,Achiasmatic Meiosis,Heterogametic,XY,12
Chrysogaster,nigrovittata,Animalia|Insecta|Diptera|Syrphidae|Chrysogaster|nigrovittata,Achiasmatic Meiosis,Heterogametic,XY,12
Chrysogaster,nitida,Animalia|Insecta|Diptera|Syrphidae|Chrysogaster|nitida,Achiasmatic Meiosis,Heterogametic,NA,10
Chrysogaster,nobilis,Animalia|Insecta|Diptera|Syrphidae|Chrysogaster|nobilis,Achiasmatic Meiosis,Heterogametic,XY,10
Chrysogaster,parva,Animalia|Insecta|Diptera|Syrphidae|Chrysogaster|parva,Achiasmatic Meiosis,Heterogametic,XY,10
Chrysogaster,poecilophthalma,Animalia|Insecta|Diptera|Syrphidae|Chrysogaster|poecilophthalma,Achiasmatic Meiosis,Heterogametic,NA,8
Chrysogaster,pulchella,Animalia|Insecta|Diptera|Syrphidae|Chrysogaster|pulchella,Achiasmatic Meiosis,Heterogametic,XY,8
Chrysogaster,solstitialis,Animalia|Insecta|Diptera|Syrphidae|Chrysogaster|solstitialis,Achiasmatic Meiosis,Heterogametic,XY,12
Chrysogaster,splendens,Animalia|Insecta|Diptera|Syrphidae|Chrysogaster|splendens,Achiasmatic Meiosis,Heterogametic,XY,12
Chrysogaster,splendida,Animalia|Insecta|Diptera|Syrphidae|Chrysogaster|splendida,Achiasmatic Meiosis,Heterogametic,XY,12
Chrysogaster,splendita,Animalia|Insecta|Diptera|Syrphidae|Chrysogaster|splendita,Achiasmatic Meiosis,Heterogametic,XY,12
Chrysogaster,viduata,Animalia|Insecta|Diptera|Syrphidae|Chrysogaster|viduata,Achiasmatic Meiosis,Heterogametic,XY,12
Chrysolina,affinis,Animalia|Insecta|Coleoptera|Chrysomelidae|Chrysolina|affinis,Asynaptic Sex Chromosomes,Heterogametic,XY,24
Chrysolina,alis,Animalia|Insecta|Coleoptera|Chrysomelidae|Chrysolina|alis,Asynaptic Sex Chromosomes,Heterogametic,XY,40
Chrysolina,americana,Animalia|Insecta|Coleoptera|Chrysomelidae|Chrysolina|americana,Asynaptic Sex Chromosomes,Heterogametic,XY,24
Chrysolina,aurichalcea,Animalia|Insecta|Coleoptera|Chrysomelidae|Chrysolina|aurichalcea,Asynaptic Sex Chromosomes,Heterogametic,XY,46
Chrysolina,bicolor,Animalia|Insecta|Coleoptera|Chrysomelidae|Chrysolina|bicolor,Asynaptic Sex Chromosomes,Heterogametic,XY,24
Chrysolina,bigorrensis,Animalia|Insecta|Coleoptera|Chrysomelidae|Chrysolina|bigorrensis,Asynaptic Sex Chromosomes,Heterogametic,XY,26
Chrysolina,carnifex,Animalia|Insecta|Coleoptera|Chrysomelidae|Chrysolina|carnifex,Asynaptic Sex Chromosomes,Heterogametic,XY,40
Chrysolina,cerealis,Animalia|Insecta|Coleoptera|Chrysomelidae|Chrysolina|cerealis,Asynaptic Sex Chromosomes,Heterogametic,XY,24
Chrysolina,cf.,Animalia|Insecta|Coleoptera|Chrysomelidae|Chrysolina|cf.,Asynaptic Sex Chromosomes,Heterogametic,XY,26
Chrysolina,coerulans,Animalia|Insecta|Coleoptera|Chrysomelidae|Chrysolina|coerulans,Asynaptic Sex Chromosomes,Heterogametic,XY,24
Chrysolina,colasi,Animalia|Insecta|Coleoptera|Chrysomelidae|Chrysolina|colasi,Asynaptic Sex Chromosomes,Heterogametic,XY,24
Chrysolina,curvilinea,Animalia|Insecta|Coleoptera|Chrysomelidae|Chrysolina|curvilinea,Asynaptic Sex Chromosomes,Heterogametic,XY,40
Chrysolina,diluta,Animalia|Insecta|Coleoptera|Chrysomelidae|Chrysolina|diluta,Asynaptic Sex Chromosomes,Heterogametic,XY,36
Chrysolina,fastuosa,Animalia|Insecta|Coleoptera|Chrysomelidae|Chrysolina|fastuosa,Asynaptic Sex Chromosomes,Heterogametic,XY,24
Chrysolina,femoralis,Animalia|Insecta|Coleoptera|Chrysomelidae|Chrysolina|femoralis,Asynaptic Sex Chromosomes,Heterogametic,XY,24
Chrysolina,fragariae,Animalia|Insecta|Coleoptera|Chrysomelidae|Chrysolina|fragariae,Asynaptic Sex Chromosomes,Heterogametic,XY,24
Chrysolina,gebleri,Animalia|Insecta|Coleoptera|Chrysomelidae|Chrysolina|gebleri,Asynaptic Sex Chromosomes,Heterogametic,XY,26
Chrysolina,gemi,Animalia|Insecta|Coleoptera|Chrysomelidae|Chrysolina|gemi,Asynaptic Sex Chromosomes,Heterogametic,XY,24
Chrysolina,globosa,Animalia|Insecta|Coleoptera|Chrysomelidae|Chrysolina|globosa,Asynaptic Sex Chromosomes,Heterogametic,XY,26
Chrysolina,graminis,Animalia|Insecta|Coleoptera|Chrysomelidae|Chrysolina|graminis,Asynaptic Sex Chromosomes,Heterogametic,XY,24
Chrysolina,grossa,Animalia|Insecta|Coleoptera|Chrysomelidae|Chrysolina|grossa,Asynaptic Sex Chromosomes,Heterogametic,XY,24
Chrysolina,gypsophilae,Animalia|Insecta|Coleoptera|Chrysomelidae|Chrysolina|gypsophilae,Asynaptic Sex Chromosomes,Heterogametic,XY,30
Chrysolina,haemoptera,Animalia|Insecta|Coleoptera|Chrysomelidae|Chrysolina|haemoptera,Asynaptic Sex Chromosomes,Heterogametic,XY,40
Chrysolina,herbacea,Animalia|Insecta|Coleoptera|Chrysomelidae|Chrysolina|herbacea,Asynaptic Sex Chromosomes,Heterogametic,XY,24
Chrysolina,interstincta,Animalia|Insecta|Coleoptera|Chrysomelidae|Chrysolina|interstincta,Asynaptic Sex Chromosomes,Heterogametic,XY,40
Chrysolina,janbechynei,Animalia|Insecta|Coleoptera|Chrysomelidae|Chrysolina|janbechynei,Asynaptic Sex Chromosomes,Heterogametic,XY,40
Chrysolina,kuesteri,Animalia|Insecta|Coleoptera|Chrysomelidae|Chrysolina|kuesteri,Asynaptic Sex Chromosomes,Heterogametic,XY,22
Chrysolina,lucida,Animalia|Insecta|Coleoptera|Chrysomelidae|Chrysolina|lucida,Asynaptic Sex Chromosomes,Heterogametic,XY,24
Chrysolina,marcasitica,Animalia|Insecta|Coleoptera|Chrysomelidae|Chrysolina|marcasitica,Asynaptic Sex Chromosomes,Heterogametic,XY,42
Chrysolina,marginata,Animalia|Insecta|Coleoptera|Chrysomelidae|Chrysolina|marginata,Asynaptic Sex Chromosomes,Heterogametic,XY,40
Chrysolina,oricalcia,Animalia|Insecta|Coleoptera|Chrysomelidae|Chrysolina|oricalcia,Asynaptic Sex Chromosomes,Heterogametic,XY,40
Chrysolina,peregrina,Animalia|Insecta|Coleoptera|Chrysomelidae|Chrysolina|peregrina,Asynaptic Sex Chromosomes,Heterogametic,XY,46
Chrysolina,polita,Animalia|Insecta|Coleoptera|Chrysomelidae|Chrysolina|polita,Asynaptic Sex Chromosomes,Heterogametic,XY,24
Chrysolina,purpurascens,Animalia|Insecta|Coleoptera|Chrysomelidae|Chrysolina|purpurascens,Asynaptic Sex Chromosomes,Heterogametic,XY,24
Chrysolina,pyrenaica,Animalia|Insecta|Coleoptera|Chrysomelidae|Chrysolina|pyrenaica,Asynaptic Sex Chromosomes,Heterogametic,XY,40
Chrysolina,staphylea,Animalia|Insecta|Coleoptera|Chrysomelidae|Chrysolina|staphylea,Asynaptic Sex Chromosomes,Heterogametic,XY,22
Chrysolina,umbratilis,Animalia|Insecta|Coleoptera|Chrysomelidae|Chrysolina|umbratilis,Asynaptic Sex Chromosomes,Heterogametic,XY,30
Chrysolina,varians,Animalia|Insecta|Coleoptera|Chrysomelidae|Chrysolina|varians,Asynaptic Sex Chromosomes,Heterogametic,XY,32
Chrysolina,veridana,Animalia|Insecta|Coleoptera|Chrysomelidae|Chrysolina|veridana,Asynaptic Sex Chromosomes,Heterogametic,XY,24
Chrysomela,interrupta,Animalia|Insecta|Coleoptera|Chrysomelidae|Chrysomela|interrupta,Asynaptic Sex Chromosomes,Heterogametic,XY,34
Chrysomela,lapponica,Animalia|Insecta|Coleoptera|Chrysomelidae|Chrysomela|lapponica,Asynaptic Sex Chromosomes,Heterogametic,XY,34
Chrysomela,mainensis,Animalia|Insecta|Coleoptera|Chrysomelidae|Chrysomela|mainensis,Asynaptic Sex Chromosomes,Heterogametic,XY,34
Chrysomela,populi,Animalia|Insecta|Coleoptera|Chrysomelidae|Chrysomela|populi,Asynaptic Sex Chromosomes,Heterogametic,XY,34
Chrysomela,schaefferi,Animalia|Insecta|Coleoptera|Chrysomelidae|Chrysomela|schaefferi,Asynaptic Sex Chromosomes,Heterogametic,XY,34
Chrysomela,sp.,Animalia|Insecta|Coleoptera|Chrysomelidae|Chrysomela|sp.,Asynaptic Sex Chromosomes,Heterogametic,XY,34
Chrysomela,tremulae,Animalia|Insecta|Coleoptera|Chrysomelidae|Chrysomela|tremulae,Asynaptic Sex Chromosomes,Heterogametic,XY,34
Chrysomia,albiceps,Animalia|Insecta|Diptera|Calliphoridae|Chrysomia|albiceps,Achiasmatic Meiosis,Heterogametic,XY,12
Chrysomia,cholorpyga,Animalia|Insecta|Diptera|Calliphoridae|Chrysomia|cholorpyga,Achiasmatic Meiosis,Heterogametic,XY,12
Chrysomia,putoria,Animalia|Insecta|Diptera|Calliphoridae|Chrysomia|putoria,Achiasmatic Meiosis,Heterogametic,XY,12
Chrysomya,albiceps,Animalia|Insecta|Diptera|Calliphoridae|Chrysomya|albiceps,Achiasmatic Meiosis,Heterogametic,NA,12
Chrysomya,bezziana,Animalia|Insecta|Diptera|Calliphoridae|Chrysomya|bezziana,Achiasmatic Meiosis,Heterogametic,XY,12
Chrysomya,marginalis,Animalia|Insecta|Diptera|Calliphoridae|Chrysomya|marginalis,Achiasmatic Meiosis,Heterogametic,XY,12
Chrysomya,megacephala,Animalia|Insecta|Diptera|Calliphoridae|Chrysomya|megacephala,Achiasmatic Meiosis,Heterogametic,XY,12
Chrysomya,phaonis,Animalia|Insecta|Diptera|Calliphoridae|Chrysomya|phaonis,Achiasmatic Meiosis,Heterogametic,XY,12
Chrysomya,pinguis,Animalia|Insecta|Diptera|Calliphoridae|Chrysomya|pinguis,Achiasmatic Meiosis,Heterogametic,XY,12
Chrysomya,putoria,Animalia|Insecta|Diptera|Calliphoridae|Chrysomya|putoria,Achiasmatic Meiosis,Heterogametic,XY,12
Chrysomya,rufifacies,Animalia|Insecta|Diptera|Calliphoridae|Chrysomya|rufifacies,Achiasmatic Meiosis,Heterogametic,NA,12
Chrysomya,saffranea,Animalia|Insecta|Diptera|Calliphoridae|Chrysomya|saffranea,Achiasmatic Meiosis,Heterogametic,XY,12
Chrysomya,varipes,Animalia|Insecta|Diptera|Calliphoridae|Chrysomya|varipes,Achiasmatic Meiosis,Heterogametic,XY,12
Chrysomyia,albiceps,Animalia|Insecta|Diptera|Calliphoridae|Chrysomyia|albiceps,Achiasmatic Meiosis,Heterogametic,XY,12
Chrysomyia,chloropygaI,Animalia|Insecta|Diptera|Calliphoridae|Chrysomyia|chloropygaI,Achiasmatic Meiosis,Heterogametic,XY,12
Chrysomyia,chloropygaII,Animalia|Insecta|Diptera|Calliphoridae|Chrysomyia|chloropygaII,Achiasmatic Meiosis,Heterogametic,XY,12
Chrysomyia,megacephala,Animalia|Insecta|Diptera|Calliphoridae|Chrysomyia|megacephala,Achiasmatic Meiosis,Heterogametic,XY,12
Chrysomyia,pachymera,Animalia|Insecta|Diptera|Calliphoridae|Chrysomyia|pachymera,Achiasmatic Meiosis,Heterogametic,XY,12
Chrysomyia,putoriaI,Animalia|Insecta|Diptera|Calliphoridae|Chrysomyia|putoriaI,Achiasmatic Meiosis,Heterogametic,XY,12
Chrysomyia,putoriaII,Animalia|Insecta|Diptera|Calliphoridae|Chrysomyia|putoriaII,Achiasmatic Meiosis,Heterogametic,XY,12
Chrysomyia,rufifacies,Animalia|Insecta|Diptera|Calliphoridae|Chrysomyia|rufifacies,Achiasmatic Meiosis,Heterogametic,XY,12
Chrysophtharta,aurea,Animalia|Insecta|Coleoptera|Chrysomelidae|Chrysophtharta|aurea,Asynaptic Sex Chromosomes,Heterogametic,XY,24
Chrysophtharta,decolorata,Animalia|Insecta|Coleoptera|Chrysomelidae|Chrysophtharta|decolorata,Asynaptic Sex Chromosomes,Heterogametic,XY,24
Chrysophtharta,nobilitata,Animalia|Insecta|Coleoptera|Chrysomelidae|Chrysophtharta|nobilitata,Asynaptic Sex Chromosomes,Heterogametic,XY,24
Chrysophtharta,variicollis,Animalia|Insecta|Coleoptera|Chrysomelidae|Chrysophtharta|variicollis,Asynaptic Sex Chromosomes,Heterogametic,XY,24
Chrysopilus,sp.,Animalia|Insecta|Diptera|Rhagionidae|Chrysopilus|sp.,Achiasmatic Meiosis,Heterogametic,XY,10
Chrysops,aberrans,Animalia|Insecta|Diptera|Tabanidae|Chrysops|aberrans,Achiasmatic Meiosis,Heterogametic,NA,12
Chrysops,aestuans,Animalia|Insecta|Diptera|Tabanidae|Chrysops|aestuans,Achiasmatic Meiosis,Heterogametic,XY,10
Chrysops,caecutiens,Animalia|Insecta|Diptera|Tabanidae|Chrysops|caecutiens,Achiasmatic Meiosis,Heterogametic,XY,10
Chrysops,flavipes,Animalia|Insecta|Diptera|Tabanidae|Chrysops|flavipes,Achiasmatic Meiosis,Heterogametic,XY,10
Chrysops,frigidus,Animalia|Insecta|Diptera|Tabanidae|Chrysops|frigidus,Achiasmatic Meiosis,Heterogametic,NA,10
Chrysops,indus,Animalia|Insecta|Diptera|Tabanidae|Chrysops|indus,Achiasmatic Meiosis,Heterogametic,NA,10
Chrysops,ludens,Animalia|Insecta|Diptera|Tabanidae|Chrysops|ludens,Achiasmatic Meiosis,Heterogametic,XY,10
Chrysops,mlokosiewiczi,Animalia|Insecta|Diptera|Tabanidae|Chrysops|mlokosiewiczi,Achiasmatic Meiosis,Heterogametic,XY,10
Chrysops,pictus,Animalia|Insecta|Diptera|Tabanidae|Chrysops|pictus,Achiasmatic Meiosis,Heterogametic,XY,10
Chrysops,relictus,Animalia|Insecta|Diptera|Tabanidae|Chrysops|relictus,Achiasmatic Meiosis,Heterogametic,XY,10
Chrysops,shermani,Animalia|Insecta|Diptera|Tabanidae|Chrysops|shermani,Achiasmatic Meiosis,Heterogametic,XY,12
Chrysops,suavis,Animalia|Insecta|Diptera|Tabanidae|Chrysops|suavis,Achiasmatic Meiosis,Heterogametic,XY,10
Chrysops,vanderwulpi,Animalia|Insecta|Diptera|Tabanidae|Chrysops|vanderwulpi,Achiasmatic Meiosis,Heterogametic,XY,10
Chrysops,vittatus,Animalia|Insecta|Diptera|Tabanidae|Chrysops|vittatus,Achiasmatic Meiosis,Heterogametic,NA,8
Chrysotoxum,arcuatum,Animalia|Insecta|Diptera|Syrphidae|Chrysotoxum|arcuatum,Achiasmatic Meiosis,Heterogametic,XY,10
Chrysotoxum,bicinctum,Animalia|Insecta|Diptera|Syrphidae|Chrysotoxum|bicinctum,Achiasmatic Meiosis,Heterogametic,XY,10
Chrysotoxum,cautum,Animalia|Insecta|Diptera|Syrphidae|Chrysotoxum|cautum,Achiasmatic Meiosis,Heterogametic,NA,10
Chrysotoxum,continuum,Animalia|Insecta|Diptera|Syrphidae|Chrysotoxum|continuum,Achiasmatic Meiosis,Heterogametic,XY,10
Chrysotoxum,derivatum,Animalia|Insecta|Diptera|Syrphidae|Chrysotoxum|derivatum,Achiasmatic Meiosis,Heterogametic,XY,10
Chrysotoxum,elegans,Animalia|Insecta|Diptera|Syrphidae|Chrysotoxum|elegans,Achiasmatic Meiosis,Heterogametic,NA,10
Chrysotoxum,fascilatum,Animalia|Insecta|Diptera|Syrphidae|Chrysotoxum|fascilatum,Achiasmatic Meiosis,Heterogametic,XY,10
Chrysotoxum,festivum,Animalia|Insecta|Diptera|Syrphidae|Chrysotoxum|festivum,Achiasmatic Meiosis,Heterogametic,XY,10
Chrysotoxum,intermedium,Animalia|Insecta|Diptera|Syrphidae|Chrysotoxum|intermedium,Achiasmatic Meiosis,Heterogametic,XY,10
Chrysotoxum,latifasciatum,Animalia|Insecta|Diptera|Syrphidae|Chrysotoxum|latifasciatum,Achiasmatic Meiosis,Heterogametic,XY,10
Chrysotoxum,latilimbatum,Animalia|Insecta|Diptera|Syrphidae|Chrysotoxum|latilimbatum,Achiasmatic Meiosis,Heterogametic,XY,10
Chrysotoxum,lessonae,Animalia|Insecta|Diptera|Syrphidae|Chrysotoxum|lessonae,Achiasmatic Meiosis,Heterogametic,XY,10
Chrysotoxum,octomaculatum,Animalia|Insecta|Diptera|Syrphidae|Chrysotoxum|octomaculatum,Achiasmatic Meiosis,Heterogametic,XY,10
Chrysotoxum,parmense,Animalia|Insecta|Diptera|Syrphidae|Chrysotoxum|parmense,Achiasmatic Meiosis,Heterogametic,XY,10
Chrysotoxum,testaceum,Animalia|Insecta|Diptera|Syrphidae|Chrysotoxum|testaceum,Achiasmatic Meiosis,Heterogametic,XY,10
Chrysotoxum,ventricosum,Animalia|Insecta|Diptera|Syrphidae|Chrysotoxum|ventricosum,Achiasmatic Meiosis,Heterogametic,XY,10
Chrysotoxum,verralli,Animalia|Insecta|Diptera|Syrphidae|Chrysotoxum|verralli,Achiasmatic Meiosis,Heterogametic,XY,10
Chrysotrypanea,sp,Animalia|Insecta|Diptera|Tephritidae|Chrysotrypanea|sp,Achiasmatic Meiosis,Heterogametic,ZW,12
Chrysotrypanea,trifasciata,Animalia|Insecta|Diptera|Tephritidae|Chrysotrypanea|trifasciata,Achiasmatic Meiosis,Heterogametic,ZW,12
Chthonius,alpicola,Animalia|Arachnida|Pseudoscorpionida|Chthoniidae|Chthonius|alpicola,Achiasmatic Meiosis,Heterogametic,XO,22
Chthonius,boldorii,Animalia|Arachnida|Pseudoscorpionida|Chthoniidae|Chthonius|boldorii,Achiasmatic Meiosis,Heterogametic,XO,36
Chthonius,carinthiacus,Animalia|Arachnida|Pseudoscorpionida|Chthoniidae|Chthonius|carinthiacus,Achiasmatic Meiosis,Heterogametic,XO,36
Chthonius,diophthalmus,Animalia|Arachnida|Pseudoscorpionida|Chthoniidae|Chthonius|diophthalmus,Achiasmatic Meiosis,Heterogametic,XO,34
Chthonius,fuscimanus,Animalia|Arachnida|Pseudoscorpionida|Chthoniidae|Chthonius|fuscimanus,Achiasmatic Meiosis,Heterogametic,XO,36
Chthonius,heterodactylus,Animalia|Arachnida|Pseudoscorpionida|Chthoniidae|Chthonius|heterodactylus,Achiasmatic Meiosis,Heterogametic,XO,34
Chthonius,ischnocheles_ cytotype I,Animalia|Arachnida|Pseudoscorpionida|Chthoniidae|Chthonius|ischnocheles_ cytotype I,Achiasmatic Meiosis,Heterogametic,XO,32
Chthonius,ischnocheles_ cytotype II,Animalia|Arachnida|Pseudoscorpionida|Chthoniidae|Chthonius|ischnocheles_ cytotype II,Achiasmatic Meiosis,Heterogametic,XO,36
Chthonius,litoralis,Animalia|Arachnida|Pseudoscorpionida|Chthoniidae|Chthonius|litoralis,Achiasmatic Meiosis,Heterogametic,XO,36
Chthonius,nanus,Animalia|Arachnida|Pseudoscorpionida|Chthoniidae|Chthonius|nanus,Achiasmatic Meiosis,Heterogametic,XO,26
Chthonius,orthodactylus,Animalia|Arachnida|Pseudoscorpionida|Chthoniidae|Chthonius|orthodactylus,Achiasmatic Meiosis,Heterogametic,XO,34
Chthonius,poeninus,Animalia|Arachnida|Pseudoscorpionida|Chthoniidae|Chthonius|poeninus,Achiasmatic Meiosis,Heterogametic,XO,26
Chthonius,raridentatus_ cytotype I,Animalia|Arachnida|Pseudoscorpionida|Chthoniidae|Chthonius|raridentatus_ cytotype I,Achiasmatic Meiosis,Heterogametic,XO,30
Chthonius,raridentatus_ cytotype II,Animalia|Arachnida|Pseudoscorpionida|Chthoniidae|Chthonius|raridentatus_ cytotype II,Achiasmatic Meiosis,Heterogametic,XO,30
Chthonius,rhodochelatus_ cytotype I,Animalia|Arachnida|Pseudoscorpionida|Chthoniidae|Chthonius|rhodochelatus_ cytotype I,Achiasmatic Meiosis,Heterogametic,XO,36
Chthonius,rhodochelatus_ cytotype II,Animalia|Arachnida|Pseudoscorpionida|Chthoniidae|Chthonius|rhodochelatus_ cytotype II,Achiasmatic Meiosis,Heterogametic,XO,36
Chthonius,sp. 1,Animalia|Arachnida|Pseudoscorpionida|Chthoniidae|Chthonius|sp. 1,Achiasmatic Meiosis,Heterogametic,XO,30
Chthonius,sp. 2,Animalia|Arachnida|Pseudoscorpionida|Chthoniidae|Chthonius|sp. 2,Achiasmatic Meiosis,Heterogametic,XO,22
Chthonius,sp.2,Animalia|Arachnida|Pseudoscorpionida|Chthoniidae|Chthonius|sp.2,Achiasmatic Meiosis,Heterogametic,XO,22
Chthonius,tenuis,Animalia|Arachnida|Pseudoscorpionida|Chthoniidae|Chthonius|tenuis,Achiasmatic Meiosis,Heterogametic,XO,36
Chthonius,tenuis_ cytotype I,Animalia|Arachnida|Pseudoscorpionida|Chthoniidae|Chthonius|tenuis_ cytotype I,Achiasmatic Meiosis,Heterogametic,XO,36
Chthonius,tenuis_ cytotype II,Animalia|Arachnida|Pseudoscorpionida|Chthoniidae|Chthonius|tenuis_ cytotype II,Achiasmatic Meiosis,Heterogametic,XO,34
Chthonius,tenuis_ cytotype III,Animalia|Arachnida|Pseudoscorpionida|Chthoniidae|Chthonius|tenuis_ cytotype III,Achiasmatic Meiosis,Heterogametic,XO,34
Chthonius,tenuis_ cytotype IV,Animalia|Arachnida|Pseudoscorpionida|Chthoniidae|Chthonius|tenuis_ cytotype IV,Achiasmatic Meiosis,Heterogametic,XO,34
Chthonius,tenuis_ cytotype V,Animalia|Arachnida|Pseudoscorpionida|Chthoniidae|Chthonius|tenuis_ cytotype V,Achiasmatic Meiosis,Heterogametic,XO,22
Chthonius,tetrachelatus,Animalia|Arachnida|Pseudoscorpionida|Chthoniidae|Chthonius|tetrachelatus,Achiasmatic Meiosis,Heterogametic,XO,36
Chthonius,tetrachelatus_ cytotype I,Animalia|Arachnida|Pseudoscorpionida|Chthoniidae|Chthonius|tetrachelatus_ cytotype I,Achiasmatic Meiosis,Heterogametic,XO,36
Chthonius,tetrachelatus_ cytotype II,Animalia|Arachnida|Pseudoscorpionida|Chthoniidae|Chthonius|tetrachelatus_ cytotype II,Achiasmatic Meiosis,Heterogametic,XO,36
Chymomyza,aldrichii,Animalia|Insecta|Diptera|Drosophilidae|Chymomyza|aldrichii,Achiasmatic Meiosis,Heterogametic,XY,8
Chymomyza,amoena,Animalia|Insecta|Diptera|Drosophilidae|Chymomyza|amoena,Achiasmatic Meiosis,Heterogametic,XY,8
Chymomyza,costata,Animalia|Insecta|Diptera|Drosophilidae|Chymomyza|costata,Achiasmatic Meiosis,Heterogametic,NA,8
Chymomyza,coxata,Animalia|Insecta|Diptera|Drosophilidae|Chymomyza|coxata,Achiasmatic Meiosis,Heterogametic,NA,8
Chymomyza,procnemis,Animalia|Insecta|Diptera|Drosophilidae|Chymomyza|procnemis,Achiasmatic Meiosis,Heterogametic,NA,8
Chymomyza,wirthii,Animalia|Insecta|Diptera|Drosophilidae|Chymomyza|wirthii,Achiasmatic Meiosis,Heterogametic,XY,8
Cicindela,pimeria,Animalia|Insecta|Coleoptera|Carabidae|Cicindela|pimeria,Asynaptic Sex Chromosomes,Heterogametic,NA,20
Cicindela,tranquebarica,Animalia|Insecta|Coleoptera|Carabidae|Cicindela|tranquebarica,Asynaptic Sex Chromosomes,Heterogametic,NA,22
Cidaria,variata,Animalia|Insecta|Lepidoptera|Geometridae|Cidaria|variata,Achiasmatic Meiosis,Heterogametic,NA,NA
Cideria,sp.,Animalia|Insecta|Lepidoptera|Geometridae|Cideria|sp.,Achiasmatic Meiosis,Heterogametic,NA,NA
Cidnorrhinus,4-maculatus,Animalia|Insecta|Coleoptera|Curculionidae|Cidnorrhinus|4-maculatus,Asynaptic Sex Chromosomes,Heterogametic,XY,28
Cimex,lectularius,Animalia|Insecta|Hemiptera|Cimicidae|Cimex|lectularius,Achiasmatic Meiosis,Heterogametic,NA,36
Ciona,intestinalis,Animalia|Ascidiacea|Phlebobranchia|Cionidae|Ciona|intestinalis,NA,Heterogametic,NA,28
Cionus,championi,Animalia|Insecta|Coleoptera|Curculionidae|Cionus|championi,Asynaptic Sex Chromosomes,Heterogametic,XY,40
Cionus,ganglbaueri,Animalia|Insecta|Coleoptera|Curculionidae|Cionus|ganglbaueri,Asynaptic Sex Chromosomes,Heterogametic,XY,38
Cionus,hortulans,Animalia|Insecta|Coleoptera|Curculionidae|Cionus|hortulans,Asynaptic Sex Chromosomes,Heterogametic,XY,38
Cionus,longicollis-montanus,Animalia|Insecta|Coleoptera|Curculionidae|Cionus|longicollis-montanus,Asynaptic Sex Chromosomes,Heterogametic,XY,40
Cionus,nigritarsis,Animalia|Insecta|Coleoptera|Curculionidae|Cionus|nigritarsis,Asynaptic Sex Chromosomes,Heterogametic,XY,38
Cionus,olivieri,Animalia|Insecta|Coleoptera|Curculionidae|Cionus|olivieri,Asynaptic Sex Chromosomes,Heterogametic,XY,42
Cionus,tamazo,Animalia|Insecta|Coleoptera|Curculionidae|Cionus|tamazo,Asynaptic Sex Chromosomes,Heterogametic,XY,40
Cionus,tuberculosus,Animalia|Insecta|Coleoptera|Curculionidae|Cionus|tuberculosus,Asynaptic Sex Chromosomes,Heterogametic,XY,44
Cirrorhynchus,kelecsenyi,Animalia|Insecta|Coleoptera|Curculionidae|Cirrorhynchus|kelecsenyi,Asynaptic Sex Chromosomes,Heterogametic,XY,30
Citrogramma,circumdatum,Animalia|Insecta|Diptera|Syrphidae|Citrogramma|circumdatum,Achiasmatic Meiosis,Heterogametic,XY,8
Citrogramma,sp.B,Animalia|Insecta|Diptera|Syrphidae|Citrogramma|sp.B,Achiasmatic Meiosis,Heterogametic,XY,8
Citrogramma,sp.C,Animalia|Insecta|Diptera|Syrphidae|Citrogramma|sp.C,Achiasmatic Meiosis,Heterogametic,XY,8
Citrogramma,sp.D,Animalia|Insecta|Diptera|Syrphidae|Citrogramma|sp.D,Achiasmatic Meiosis,Heterogametic,XY,8
Cladochaeta,nebulosa,Animalia|Insecta|Diptera|Drosophilidae|Cladochaeta|nebulosa,Achiasmatic Meiosis,Heterogametic,NA,8
Clathroneuria,coquilletti,Animalia|Insecta|Neuroptera|Myrmeleontidae|Clathroneuria|coquilletti,Asynaptic Sex Chromosomes,Heterogametic,XY,14
Clathroneuria,schwarzi,Animalia|Insecta|Neuroptera|Myrmeleontidae|Clathroneuria|schwarzi,Asynaptic Sex Chromosomes,Heterogametic,XY,14
Clethrionomys,glareolus,Animalia|Mammalia|Rodentia|Cricetidae|Clethrionomys|glareolus,Asynaptic Sex Chromosomes,Heterogametic,XY,56
Clitobius,ovatus,Animalia|Insecta|Coleoptera|Tenebrionidae|Clitobius|ovatus,Asynaptic Sex Chromosomes,Heterogametic,XY,20
Clytra,laeviuscula,Animalia|Insecta|Coleoptera|Chrysomelidae|Clytra|laeviuscula,Asynaptic Sex Chromosomes,Heterogametic,XY,24
Clytus,arietis,Animalia|Insecta|Coleoptera|Cerambycidae|Clytus|arietis,Asynaptic Sex Chromosomes,Heterogametic,XY,20
Clytus,lama,Animalia|Insecta|Coleoptera|Cerambycidae|Clytus|lama,Asynaptic Sex Chromosomes,Heterogametic,XY,20
Cnemodon,latitarsis,Animalia|Insecta|Diptera|Syrphidae|Cnemodon|latitarsis,Achiasmatic Meiosis,Heterogametic,XY,8
Cnephia,dacotensis,Animalia|Insecta|Diptera|Simuliidae|Cnephia|dacotensis,Achiasmatic Meiosis,Heterogametic,NA,6
Cnephia,ornithophilia,Animalia|Insecta|Diptera|Simuliidae|Cnephia|ornithophilia,Achiasmatic Meiosis,Heterogametic,NA,6
Coccidula,rufa,Animalia|Insecta|Coleoptera|Coccinellidae|Coccidula|rufa,Asynaptic Sex Chromosomes,Heterogametic,XY,20
Coccidula,scutelata,Animalia|Insecta|Coleoptera|Coccinellidae|Coccidula|scutelata,Asynaptic Sex Chromosomes,Heterogametic,XY,20
Coccinella,transversalis,Animalia|Insecta|Coleoptera|Coccinellidae|Coccinella|transversalis,Asynaptic Sex Chromosomes,Heterogametic,XY,20
Cochliomyia,hominivorax,Animalia|Insecta|Diptera|Calliphoridae|Cochliomyia|hominivorax,Achiasmatic Meiosis,Heterogametic,XY,12
Cochliomyia,macellaria,Animalia|Insecta|Diptera|Calliphoridae|Cochliomyia|macellaria,Achiasmatic Meiosis,Heterogametic,XY,12
Cochliomyia,macellariaI,Animalia|Insecta|Diptera|Calliphoridae|Cochliomyia|macellariaI,Achiasmatic Meiosis,Heterogametic,XY,12
Cochliomyia,macellariaII,Animalia|Insecta|Diptera|Calliphoridae|Cochliomyia|macellariaII,Achiasmatic Meiosis,Heterogametic,XY,12
Coelophora,inaequalis,Animalia|Insecta|Coleoptera|Coccinellidae|Coelophora|inaequalis,Asynaptic Sex Chromosomes,Heterogametic,XY,20
Coenochilus,trabecula,Animalia|Insecta|Coleoptera|Scarabaeidae|Coenochilus|trabecula,Asynaptic Sex Chromosomes,Heterogametic,XY,20
Colaspidema,barbarum,Animalia|Insecta|Coleoptera|Chrysomelidae|Colaspidema|barbarum,Asynaptic Sex Chromosomes,Heterogametic,XY,28
Colaspis,greyi,Animalia|Insecta|Coleoptera|Chrysomelidae|Colaspis|greyi,Asynaptic Sex Chromosomes,Heterogametic,XY,22
Colasposoma,auripenne,Animalia|Insecta|Coleoptera|Chrysomelidae|Colasposoma|auripenne,Asynaptic Sex Chromosomes,Heterogametic,XY,16
Colasposoma,lividipes,Animalia|Insecta|Coleoptera|Chrysomelidae|Colasposoma|lividipes,Asynaptic Sex Chromosomes,Heterogametic,XY,16
Colasposoma,metallicum,Animalia|Insecta|Coleoptera|Chrysomelidae|Colasposoma|metallicum,Asynaptic Sex Chromosomes,Heterogametic,XY,16
Colasposoma,ortum,Animalia|Insecta|Coleoptera|Chrysomelidae|Colasposoma|ortum,Asynaptic Sex Chromosomes,Heterogametic,XY,16
Colasposoma,rufipes,Animalia|Insecta|Coleoptera|Chrysomelidae|Colasposoma|rufipes,Asynaptic Sex Chromosomes,Heterogametic,XY,16
Colasposoma,semicostatum,Animalia|Insecta|Coleoptera|Chrysomelidae|Colasposoma|semicostatum,Asynaptic Sex Chromosomes,Heterogametic,XY,16
Colasposoma,sp.,Animalia|Insecta|Coleoptera|Chrysomelidae|Colasposoma|sp.,Asynaptic Sex Chromosomes,Heterogametic,XY,16
Coleomegilla,innotata,Animalia|Insecta|Coleoptera|Coccinellidae|Coleomegilla|innotata,Asynaptic Sex Chromosomes,Heterogametic,XY,20
Coleomegilla,maculata,Animalia|Insecta|Coleoptera|Coccinellidae|Coleomegilla|maculata,Asynaptic Sex Chromosomes,Heterogametic,XY,20
Colobaea,americana,Animalia|Insecta|Diptera|Sciomyzidae|Colobaea|americana,Achiasmatic Meiosis,Heterogametic,NA,12
Colobodes,konoi,Animalia|Insecta|Coleoptera|Curculionidae|Colobodes|konoi,Asynaptic Sex Chromosomes,Heterogametic,XY,48
Colobodes,matsumurai,Animalia|Insecta|Coleoptera|Curculionidae|Colobodes|matsumurai,Asynaptic Sex Chromosomes,Heterogametic,XY,NA
Colobodes,sp.,Animalia|Insecta|Coleoptera|Curculionidae|Colobodes|sp.,Asynaptic Sex Chromosomes,Heterogametic,XY,36
Colymbetes,paykulli,Animalia|Insecta|Coleoptera|Dytiscidae|Colymbetes|paykulli,Asynaptic Sex Chromosomes,Heterogametic,XY,36
Compsa,textilis,Animalia|Insecta|Coleoptera|Cerambycidae|Compsa|textilis,Asynaptic Sex Chromosomes,Heterogametic,XY,20
Compsobuthus,acutecarinatus,Animalia|Arachnida|Scorpiones|Buthidae|Compsobuthus|acutecarinatus,Achiasmatic Meiosis,Heterogametic,NA,22
Compsobuthus,arabicus,Animalia|Arachnida|Scorpiones|Buthidae|Compsobuthus|arabicus,Achiasmatic Meiosis,Heterogametic,NA,22
Compsobuthus,eritreaensis,Animalia|Arachnida|Scorpiones|Buthidae|Compsobuthus|eritreaensis,Achiasmatic Meiosis,Heterogametic,NA,22
Compsobuthus,eritreaensis sp. n.,Animalia|Arachnida|Scorpiones|Buthidae|Compsobuthus|eritreaensis sp. n.,Achiasmatic Meiosis,Heterogametic,NA,22
Compsobuthus,maindroni,Animalia|Arachnida|Scorpiones|Buthidae|Compsobuthus|maindroni,Achiasmatic Meiosis,Heterogametic,NA,22
Compsobuthus,matthiesseni,Animalia|Arachnida|Scorpiones|Buthidae|Compsobuthus|matthiesseni,Achiasmatic Meiosis,Heterogametic,NA,22
Compsobuthus,schmiedeknechti,Animalia|Arachnida|Scorpiones|Buthidae|Compsobuthus|schmiedeknechti,Achiasmatic Meiosis,Heterogametic,NA,22
Compsobuthus,turieli sp. n.,Animalia|Arachnida|Scorpiones|Buthidae|Compsobuthus|turieli sp. n.,Achiasmatic Meiosis,Heterogametic,NA,22
Compsobuthus,ullrichi sp. n.,Animalia|Arachnida|Scorpiones|Buthidae|Compsobuthus|ullrichi sp. n.,Achiasmatic Meiosis,Heterogametic,NA,22
Compsocerus,equestris,Animalia|Insecta|Coleoptera|Cerambycidae|Compsocerus|equestris,Asynaptic Sex Chromosomes,Heterogametic,XY,32
Conchyloctenia,nigrovittata,Animalia|Insecta|Coleoptera|Chrysomelidae|Conchyloctenia|nigrovittata,Asynaptic Sex Chromosomes,Heterogametic,XY,18
Conicobruchus,indicus,Animalia|Insecta|Coleoptera|Chrysomelidae|Conicobruchus|indicus,Asynaptic Sex Chromosomes,Heterogametic,XY,20
Conoesucus,adiastolus,Animalia|Insecta|Trichoptera|Conoesucidae|Conoesucus|adiastolus,Achiasmatic Meiosis,Both,ZO,50
Conoesucus,brontensis,Animalia|Insecta|Trichoptera|Conoesucidae|Conoesucus|brontensis,Achiasmatic Meiosis,Heterogametic,NA,50
Conoesucus,digitiferus,Animalia|Insecta|Trichoptera|Conoesucidae|Conoesucus|digitiferus,Achiasmatic Meiosis,Both,ZO,50
Conoesucus,fromus,Animalia|Insecta|Trichoptera|Conoesucidae|Conoesucus|fromus,Achiasmatic Meiosis,Both,ZO,50
Conoesucus,nepotulus,Animalia|Insecta|Trichoptera|Conoesucidae|Conoesucus|nepotulus,Achiasmatic Meiosis,Both,ZO,50
Conoesucus,norelus,Animalia|Insecta|Trichoptera|Conoesucidae|Conoesucus|norelus,Achiasmatic Meiosis,Heterogametic,NA,50
Conoesucus,notialis,Animalia|Insecta|Trichoptera|Conoesucidae|Conoesucus|notialis,Achiasmatic Meiosis,Heterogametic,NA,50
Copestylum,belinda,Animalia|Insecta|Diptera|Syrphidae|Copestylum|belinda,Achiasmatic Meiosis,Heterogametic,XY,12
Copestylum,dispar,Animalia|Insecta|Diptera|Syrphidae|Copestylum|dispar,Achiasmatic Meiosis,Heterogametic,XY,14
Copestylum,limbipenne,Animalia|Insecta|Diptera|Syrphidae|Copestylum|limbipenne,Achiasmatic Meiosis,Heterogametic,XY,12
Copestylum,marginatum,Animalia|Insecta|Diptera|Syrphidae|Copestylum|marginatum,Achiasmatic Meiosis,Heterogametic,XY,12
Copestylum,mexicanum,Animalia|Insecta|Diptera|Syrphidae|Copestylum|mexicanum,Achiasmatic Meiosis,Heterogametic,XY,12
Copestylum,omochroma,Animalia|Insecta|Diptera|Syrphidae|Copestylum|omochroma,Achiasmatic Meiosis,Heterogametic,XY,12
Copestylum,scutellatum,Animalia|Insecta|Diptera|Syrphidae|Copestylum|scutellatum,Achiasmatic Meiosis,Heterogametic,XY,12
Copestylum,sp.1,Animalia|Insecta|Diptera|Syrphidae|Copestylum|sp.1,Achiasmatic Meiosis,Heterogametic,XY,12
Copestylum,sp.12,Animalia|Insecta|Diptera|Syrphidae|Copestylum|sp.12,Achiasmatic Meiosis,Heterogametic,XY,12
Copestylum,sp.13,Animalia|Insecta|Diptera|Syrphidae|Copestylum|sp.13,Achiasmatic Meiosis,Heterogametic,XY,10
Copestylum,sp.14,Animalia|Insecta|Diptera|Syrphidae|Copestylum|sp.14,Achiasmatic Meiosis,Heterogametic,XY,10
Copestylum,sp.15,Animalia|Insecta|Diptera|Syrphidae|Copestylum|sp.15,Achiasmatic Meiosis,Heterogametic,XY,12
Copestylum,tamaulipanum,Animalia|Insecta|Diptera|Syrphidae|Copestylum|tamaulipanum,Achiasmatic Meiosis,Heterogametic,XY,12
Copris,incertus,Animalia|Insecta|Coleoptera|Scarabaeidae|Copris|incertus,Asynaptic Sex Chromosomes,Heterogametic,XY,14
Copris,lugubris,Animalia|Insecta|Coleoptera|Scarabaeidae|Copris|lugubris,Asynaptic Sex Chromosomes,Heterogametic,XY,14
Copris,sinicus,Animalia|Insecta|Coleoptera|Scarabaeidae|Copris|sinicus,Asynaptic Sex Chromosomes,Heterogametic,XY,14
Copris,sp.,Animalia|Insecta|Coleoptera|Scarabaeidae|Copris|sp.,Asynaptic Sex Chromosomes,Heterogametic,XY,14
Coprophanaeus,cyanescens,Animalia|Insecta|Coleoptera|Scarabaeidae|Coprophanaeus|cyanescens,Asynaptic Sex Chromosomes,Heterogametic,XY,20
Coptocephala,unifasciata,Animalia|Insecta|Coleoptera|Chrysomelidae|Coptocephala|unifasciata,Asynaptic Sex Chromosomes,Heterogametic,XY,24
Coptocycla,adamantina,Animalia|Insecta|Coleoptera|Chrysomelidae|Coptocycla|adamantina,Asynaptic Sex Chromosomes,Heterogametic,XY,18
Coraebus,rubi,Animalia|Insecta|Coleoptera|Buprestidae|Coraebus|rubi,Asynaptic Sex Chromosomes,Heterogametic,XY,22
Coraia,clarki,Animalia|Insecta|Coleoptera|Chrysomelidae|Coraia|clarki,Asynaptic Sex Chromosomes,Heterogametic,XY,36
Coraia,maculicollis,Animalia|Insecta|Coleoptera|Chrysomelidae|Coraia|maculicollis,Asynaptic Sex Chromosomes,Heterogametic,XY,36
Cordilura,ciliata,Animalia|Insecta|Diptera|Anthomyiidae|Cordilura|ciliata,Achiasmatic Meiosis,Heterogametic,XY,12
Cordilura,ontario,Animalia|Insecta|Diptera|Anthomyiidae|Cordilura|ontario,Achiasmatic Meiosis,Heterogametic,XY,12
Cordilura,ontario,Animalia|Insecta|Diptera|Scathophagidae|Cordilura|ontario,Achiasmatic Meiosis,Heterogametic,XY,12
Cordilura,praensia,Animalia|Insecta|Diptera|Scathophagidae|Cordilura|praensia,Achiasmatic Meiosis,Heterogametic,XY,12
Cordilura,varipes,Animalia|Insecta|Diptera|Scathophagidae|Cordilura|varipes,Achiasmatic Meiosis,Heterogametic,XY,12
Corigetus,chandigarhensis,Animalia|Insecta|Coleoptera|Curculionidae|Corigetus|chandigarhensis,Asynaptic Sex Chromosomes,Heterogametic,XY,22
Corigetus,sp.,Animalia|Insecta|Coleoptera|Curculionidae|Corigetus|sp.,Asynaptic Sex Chromosomes,Heterogametic,XY,22
Cosmina,testaceipes,Animalia|Insecta|Diptera|Calliphoridae|Cosmina|testaceipes,Achiasmatic Meiosis,Heterogametic,XY,12
Cosmogramma,decora,Animalia|Insecta|Coleoptera|Chrysomelidae|Cosmogramma|decora,Asynaptic Sex Chromosomes,Heterogametic,XY,20
Cosmopolites,sordidus,Animalia|Insecta|Coleoptera|Curculionidae|Cosmopolites|sordidus,Asynaptic Sex Chromosomes,Heterogametic,XY,30
Cossyphus,depressus,Animalia|Insecta|Coleoptera|Tenebrionidae|Cossyphus|depressus,Asynaptic Sex Chromosomes,Heterogametic,XY,18
Costora,delora,Animalia|Insecta|Trichoptera|Conoesucidae|Costora|delora,Achiasmatic Meiosis,Both,ZO,50
Costora,ebenina,Animalia|Insecta|Trichoptera|Conoesucidae|Costora|ebenina,Achiasmatic Meiosis,Both,ZO,50
Costora,luxata,Animalia|Insecta|Trichoptera|Conoesucidae|Costora|luxata,Achiasmatic Meiosis,Heterogametic,NA,50
Costora,ramosa,Animalia|Insecta|Trichoptera|Conoesucidae|Costora|ramosa,Achiasmatic Meiosis,Both,ZO,50
Costora,rotosca,Animalia|Insecta|Trichoptera|Conoesucidae|Costora|rotosca,Achiasmatic Meiosis,Both,ZO,50
Costora,seposita,Animalia|Insecta|Trichoptera|Conoesucidae|Costora|seposita,Achiasmatic Meiosis,Heterogametic,NA,50
Cotalpa,lanigera,Animalia|Insecta|Coleoptera|Scarabaeidae|Cotalpa|lanigera,Asynaptic Sex Chromosomes,Heterogametic,XY,20
Craspedonta,leaya,Animalia|Insecta|Coleoptera|Chrysomelidae|Craspedonta|leaya,Asynaptic Sex Chromosomes,Heterogametic,XY,18
Cremastocheilus,armatus,Animalia|Insecta|Coleoptera|Scarabaeidae|Cremastocheilus|armatus,Asynaptic Sex Chromosomes,Heterogametic,XY,20
Cremifania,nigrocellulata,Animalia|Insecta|Diptera|Chamaemyiidae|Cremifania|nigrocellulata,Achiasmatic Meiosis,Heterogametic,XY,6
Creoleon,lugdunensis,Animalia|Insecta|Neuroptera|Myrmeleontidae|Creoleon|lugdunensis,Asynaptic Sex Chromosomes,Heterogametic,XY,18
Creophilus,maxillosus,Animalia|Insecta|Coleoptera|Staphylinidae|Creophilus|maxillosus,Asynaptic Sex Chromosomes,Heterogametic,XY,40
Crepidedera,aurea,Animalia|Insecta|Coleoptera|Chrysomelidae|Crepidedera|aurea,Asynaptic Sex Chromosomes,Heterogametic,XY,18
Crepidedera,plutus,Animalia|Insecta|Coleoptera|Chrysomelidae|Crepidedera|plutus,Asynaptic Sex Chromosomes,Heterogametic,XY,26
Criocephalus,rusticus,Animalia|Insecta|Coleoptera|Cerambycidae|Criocephalus|rusticus,Asynaptic Sex Chromosomes,Heterogametic,XY,20
Crioceris,asparagi,Animalia|Insecta|Coleoptera|Chrysomelidae|Crioceris|asparagi,Asynaptic Sex Chromosomes,Heterogametic,XY,16
Crioceris,duodecimpunctata,Animalia|Insecta|Coleoptera|Chrysomelidae|Crioceris|duodecimpunctata,Asynaptic Sex Chromosomes,Heterogametic,XY,16
Crioceris,macilenta,Animalia|Insecta|Coleoptera|Chrysomelidae|Crioceris|macilenta,Asynaptic Sex Chromosomes,Heterogametic,XY,16
Crioceris,paracenthesis,Animalia|Insecta|Coleoptera|Chrysomelidae|Crioceris|paracenthesis,Asynaptic Sex Chromosomes,Heterogametic,XY,16
Criorhina,asilica,Animalia|Insecta|Diptera|Syrphidae|Criorhina|asilica,Achiasmatic Meiosis,Heterogametic,XY,12
Criorhina,berberina,Animalia|Insecta|Diptera|Syrphidae|Criorhina|berberina,Achiasmatic Meiosis,Heterogametic,XY,8
Criorhina,caudata,Animalia|Insecta|Diptera|Syrphidae|Criorhina|caudata,Achiasmatic Meiosis,Heterogametic,XY,12
Criorhina,coquilletti,Animalia|Insecta|Diptera|Syrphidae|Criorhina|coquilletti,Achiasmatic Meiosis,Heterogametic,XY,12
Criorhina,luna,Animalia|Insecta|Diptera|Syrphidae|Criorhina|luna,Achiasmatic Meiosis,Heterogametic,XY,12
Criorhina,pachymera,Animalia|Insecta|Diptera|Syrphidae|Criorhina|pachymera,Achiasmatic Meiosis,Heterogametic,XY,8
Criorhina,tricolor,Animalia|Insecta|Diptera|Syrphidae|Criorhina|tricolor,Achiasmatic Meiosis,Heterogametic,XY,12
Crosita,altaica,Animalia|Insecta|Coleoptera|Chrysomelidae|Crosita|altaica,Asynaptic Sex Chromosomes,Heterogametic,XY,30
Crosita,rugulosa,Animalia|Insecta|Coleoptera|Chrysomelidae|Crosita|rugulosa,Asynaptic Sex Chromosomes,Heterogametic,XY,30
Crosita,salviae,Animalia|Insecta|Coleoptera|Chrysomelidae|Crosita|salviae,Asynaptic Sex Chromosomes,Heterogametic,XY,24
Crozetia,crozetensis,Animalia|Insecta|Diptera|Simuliidae|Crozetia|crozetensis,Achiasmatic Meiosis,Heterogametic,NA,6
Cryphalus,abietis,Animalia|Insecta|Coleoptera|Scolytidae|Cryphalus|abietis,Asynaptic Sex Chromosomes,Heterogametic,XY,26
Cryphalus,piceae,Animalia|Insecta|Coleoptera|Scolytidae|Cryphalus|piceae,Asynaptic Sex Chromosomes,Heterogametic,XY,26
Cryptobium,bernhaueri,Animalia|Insecta|Coleoptera|Staphylinidae|Cryptobium|bernhaueri,Asynaptic Sex Chromosomes,Heterogametic,XY,30
Cryptocephalus,alis,Animalia|Insecta|Coleoptera|Chrysomelidae|Cryptocephalus|alis,Asynaptic Sex Chromosomes,Heterogametic,XY,30
Cryptocephalus,aureolus,Animalia|Insecta|Coleoptera|Chrysomelidae|Cryptocephalus|aureolus,Asynaptic Sex Chromosomes,Heterogametic,XY,30
Cryptocephalus,bipunctatus,Animalia|Insecta|Coleoptera|Chrysomelidae|Cryptocephalus|bipunctatus,Asynaptic Sex Chromosomes,Heterogametic,XY,30
Cryptocephalus,capucinus,Animalia|Insecta|Coleoptera|Chrysomelidae|Cryptocephalus|capucinus,Asynaptic Sex Chromosomes,Heterogametic,XY,30
Cryptocephalus,crassus,Animalia|Insecta|Coleoptera|Chrysomelidae|Cryptocephalus|crassus,Asynaptic Sex Chromosomes,Heterogametic,XY,32
Cryptocephalus,espanoli,Animalia|Insecta|Coleoptera|Chrysomelidae|Cryptocephalus|espanoli,Asynaptic Sex Chromosomes,Heterogametic,XY,30
Cryptocephalus,globicollis,Animalia|Insecta|Coleoptera|Chrysomelidae|Cryptocephalus|globicollis,Asynaptic Sex Chromosomes,Heterogametic,XY,30
Cryptocephalus,hypochoeridis,Animalia|Insecta|Coleoptera|Chrysomelidae|Cryptocephalus|hypochoeridis,Asynaptic Sex Chromosomes,Heterogametic,XY,30
Cryptocephalus,moraei,Animalia|Insecta|Coleoptera|Chrysomelidae|Cryptocephalus|moraei,Asynaptic Sex Chromosomes,Heterogametic,XY,30
Cryptocephalus,ocellatus,Animalia|Insecta|Coleoptera|Chrysomelidae|Cryptocephalus|ocellatus,Asynaptic Sex Chromosomes,Heterogametic,XY,30
Cryptocephalus,ochroleucus,Animalia|Insecta|Coleoptera|Chrysomelidae|Cryptocephalus|ochroleucus,Asynaptic Sex Chromosomes,Heterogametic,XY,30
Cryptocephalus,octopilosus,Animalia|Insecta|Coleoptera|Chrysomelidae|Cryptocephalus|octopilosus,Asynaptic Sex Chromosomes,Heterogametic,XY,32
Cryptocephalus,oppositus,Animalia|Insecta|Coleoptera|Chrysomelidae|Cryptocephalus|oppositus,Asynaptic Sex Chromosomes,Heterogametic,XY,30
Cryptocephalus,primarius,Animalia|Insecta|Coleoptera|Chrysomelidae|Cryptocephalus|primarius,Asynaptic Sex Chromosomes,Heterogametic,XY,40
Cryptocephalus,quadruplex,Animalia|Insecta|Coleoptera|Chrysomelidae|Cryptocephalus|quadruplex,Asynaptic Sex Chromosomes,Heterogametic,XY,24
Cryptocephalus,rugicollis,Animalia|Insecta|Coleoptera|Chrysomelidae|Cryptocephalus|rugicollis,Asynaptic Sex Chromosomes,Heterogametic,XY,30
Cryptocephalus,sexmaculatus,Animalia|Insecta|Coleoptera|Chrysomelidae|Cryptocephalus|sexmaculatus,Asynaptic Sex Chromosomes,Heterogametic,XY,28
Cryptocephalus,sexpunctatus,Animalia|Insecta|Coleoptera|Chrysomelidae|Cryptocephalus|sexpunctatus,Asynaptic Sex Chromosomes,Heterogametic,XY,16
Cryptocephalus,sexpustulatus,Animalia|Insecta|Coleoptera|Chrysomelidae|Cryptocephalus|sexpustulatus,Asynaptic Sex Chromosomes,Heterogametic,XY,30
Cryptocephalus,sp.,Animalia|Insecta|Coleoptera|Chrysomelidae|Cryptocephalus|sp.,Asynaptic Sex Chromosomes,Heterogametic,XY,30
Cryptocephalus,sulphureus,Animalia|Insecta|Coleoptera|Chrysomelidae|Cryptocephalus|sulphureus,Asynaptic Sex Chromosomes,Heterogametic,XY,32
Cryptocephalus,triangularis,Animalia|Insecta|Coleoptera|Chrysomelidae|Cryptocephalus|triangularis,Asynaptic Sex Chromosomes,Heterogametic,XY,32
Cryptocephalus,violaceus,Animalia|Insecta|Coleoptera|Chrysomelidae|Cryptocephalus|violaceus,Asynaptic Sex Chromosomes,Heterogametic,XY,30
Cryptocephalus,vittula,Animalia|Insecta|Coleoptera|Chrysomelidae|Cryptocephalus|vittula,Asynaptic Sex Chromosomes,Heterogametic,XY,28
Cryptolaemus,montrouzieri,Animalia|Insecta|Coleoptera|Coccinellidae|Cryptolaemus|montrouzieri,Asynaptic Sex Chromosomes,Heterogametic,XY,22
Cryptolestes,ferrugineus,Animalia|Insecta|Coleoptera|Laemophloeidae|Cryptolestes|ferrugineus,Asynaptic Sex Chromosomes,Heterogametic,XY,18
Cryptolestes,pusilloides,Animalia|Insecta|Coleoptera|Laemophloeidae|Cryptolestes|pusilloides,Asynaptic Sex Chromosomes,Heterogametic,XY,18
Cryptolestes,pusillus,Animalia|Insecta|Coleoptera|Laemophloeidae|Cryptolestes|pusillus,Asynaptic Sex Chromosomes,Heterogametic,XY,18
Cryptolestes,spartii,Animalia|Insecta|Coleoptera|Laemophloeidae|Cryptolestes|spartii,Asynaptic Sex Chromosomes,Heterogametic,XY,18
Cryptolestes,turcicus,Animalia|Insecta|Coleoptera|Laemophloeidae|Cryptolestes|turcicus,Asynaptic Sex Chromosomes,Heterogametic,XY,18
Cryptorrhynchus,erectus,Animalia|Insecta|Coleoptera|Curculionidae|Cryptorrhynchus|erectus,Asynaptic Sex Chromosomes,Heterogametic,XY,32
Cryptorrhynchus,lapathi,Animalia|Insecta|Coleoptera|Curculionidae|Cryptorrhynchus|lapathi,Asynaptic Sex Chromosomes,Heterogametic,XY,34
Cryptorrhynchus,sp.,Animalia|Insecta|Coleoptera|Curculionidae|Cryptorrhynchus|sp.,Asynaptic Sex Chromosomes,Heterogametic,XY,38
Crypturgus,pusillus,Animalia|Insecta|Coleoptera|Scolytidae|Crypturgus|pusillus,Asynaptic Sex Chromosomes,Heterogametic,XY,26
Cryptycus,gibbulus,Animalia|Insecta|Coleoptera|Tenebrionidae|Cryptycus|gibbulus,Asynaptic Sex Chromosomes,Heterogametic,XY,20
Cteisella,confusa,Animalia|Insecta|Coleoptera|Chrysomelidae|Cteisella|confusa,Asynaptic Sex Chromosomes,Heterogametic,XY,18
Ctenicera,appressa,Animalia|Insecta|Coleoptera|Elateridae|Ctenicera|appressa,Asynaptic Sex Chromosomes,Heterogametic,XY,22
Ctenicera,bombyci,Animalia|Insecta|Coleoptera|Elateridae|Ctenicera|bombyci,Asynaptic Sex Chromosomes,Heterogametic,XY,22
Ctenicera,inflata,Animalia|Insecta|Coleoptera|Elateridae|Ctenicera|inflata,Asynaptic Sex Chromosomes,Heterogametic,XY,20
Ctenicera,media,Animalia|Insecta|Coleoptera|Elateridae|Ctenicera|media,Asynaptic Sex Chromosomes,Heterogametic,XY,22
Ctenicera,ochreipennis,Animalia|Insecta|Coleoptera|Elateridae|Ctenicera|ochreipennis,Asynaptic Sex Chromosomes,Heterogametic,XY,22
Ctenicera,tarsalis,Animalia|Insecta|Coleoptera|Elateridae|Ctenicera|tarsalis,Asynaptic Sex Chromosomes,Heterogametic,XY,20
Ctenicera,tessellata,Animalia|Insecta|Coleoptera|Elateridae|Ctenicera|tessellata,Asynaptic Sex Chromosomes,Heterogametic,XY,22
Curculio,aino,Animalia|Insecta|Coleoptera|Curculionidae|Curculio|aino,Asynaptic Sex Chromosomes,Heterogametic,XY,28
Curculio,arakawai,Animalia|Insecta|Coleoptera|Curculionidae|Curculio|arakawai,Asynaptic Sex Chromosomes,Heterogametic,XY,26
Curculio,convexus,Animalia|Insecta|Coleoptera|Curculionidae|Curculio|convexus,Asynaptic Sex Chromosomes,Heterogametic,XY,26
Curculio,dentipes,Animalia|Insecta|Coleoptera|Curculionidae|Curculio|dentipes,Asynaptic Sex Chromosomes,Heterogametic,XY,26
Curculio,distinguendus,Animalia|Insecta|Coleoptera|Curculionidae|Curculio|distinguendus,Asynaptic Sex Chromosomes,Heterogametic,XY,26
Curculio,elaeagni,Animalia|Insecta|Coleoptera|Curculionidae|Curculio|elaeagni,Asynaptic Sex Chromosomes,Heterogametic,XY,26
Curculio,flavescens,Animalia|Insecta|Coleoptera|Curculionidae|Curculio|flavescens,Asynaptic Sex Chromosomes,Heterogametic,XY,28
Curculio,funebris,Animalia|Insecta|Coleoptera|Curculionidae|Curculio|funebris,Asynaptic Sex Chromosomes,Heterogametic,XY,26
Curculio,koreanus,Animalia|Insecta|Coleoptera|Curculionidae|Curculio|koreanus,Asynaptic Sex Chromosomes,Heterogametic,XY,32
Curculio,longirostris,Animalia|Insecta|Coleoptera|Curculionidae|Curculio|longirostris,Asynaptic Sex Chromosomes,Heterogametic,XY,26
Curculio,minutissimus,Animalia|Insecta|Coleoptera|Curculionidae|Curculio|minutissimus,Asynaptic Sex Chromosomes,Heterogametic,XY,34
Curculio,murakamii,Animalia|Insecta|Coleoptera|Curculionidae|Curculio|murakamii,Asynaptic Sex Chromosomes,Heterogametic,XY,26
Curculio,nucum,Animalia|Insecta|Coleoptera|Curculionidae|Curculio|nucum,Asynaptic Sex Chromosomes,Heterogametic,XY,26
Curculio,obtusus,Animalia|Insecta|Coleoptera|Curculionidae|Curculio|obtusus,Asynaptic Sex Chromosomes,Heterogametic,XY,26
Curculio,pictus,Animalia|Insecta|Coleoptera|Curculionidae|Curculio|pictus,Asynaptic Sex Chromosomes,Heterogametic,XY,22
Curculio,roelofsi,Animalia|Insecta|Coleoptera|Curculionidae|Curculio|roelofsi,Asynaptic Sex Chromosomes,Heterogametic,XY,26
Curculio,sp.,Animalia|Insecta|Coleoptera|Curculionidae|Curculio|sp.,Asynaptic Sex Chromosomes,Heterogametic,XY,28
Cuterebra,emasculator,Animalia|Insecta|Diptera|Oestridae|Cuterebra|emasculator,Achiasmatic Meiosis,Heterogametic,XY,12
Cyaneolytta,n.,Animalia|Insecta|Coleoptera|Meloidae|Cyaneolytta|n.,Asynaptic Sex Chromosomes,Heterogametic,XY,20
Cyanolicimex,patagonicus,Animalia|Insecta|Hemiptera|Cimicidae|Cyanolicimex|patagonicus,Achiasmatic Meiosis,Heterogametic,XY,32
Cyclocephala,insulicola,Animalia|Insecta|Coleoptera|Scarabaeidae|Cyclocephala|insulicola,Asynaptic Sex Chromosomes,Heterogametic,XY,20
Cyclocephala,lutea,Animalia|Insecta|Coleoptera|Scarabaeidae|Cyclocephala|lutea,Asynaptic Sex Chromosomes,Heterogametic,XY,20
Cyclocephala,maffafa,Animalia|Insecta|Coleoptera|Scarabaeidae|Cyclocephala|maffafa,Asynaptic Sex Chromosomes,Heterogametic,XY,20
Cyclocephala,melanocephala,Animalia|Insecta|Coleoptera|Scarabaeidae|Cyclocephala|melanocephala,Asynaptic Sex Chromosomes,Heterogametic,XY,20
Cyclocephala,putrida,Animalia|Insecta|Coleoptera|Scarabaeidae|Cyclocephala|putrida,Asynaptic Sex Chromosomes,Heterogametic,XY,20
Cyclocephala,tridentata,Animalia|Insecta|Coleoptera|Scarabaeidae|Cyclocephala|tridentata,Asynaptic Sex Chromosomes,Heterogametic,XY,20
Cycloneda,polita,Animalia|Insecta|Coleoptera|Coccinellidae|Cycloneda|polita,Asynaptic Sex Chromosomes,Heterogametic,XY,20
Cycloneda,sanguinea,Animalia|Insecta|Coleoptera|Coccinellidae|Cycloneda|sanguinea,Asynaptic Sex Chromosomes,Heterogametic,XY,20
Cyclops,furcifer,Animalia|Maxillopoda|Cyclopoida|Cyclopidae|Cyclops|furcifer,Asynaptic Sex Chromosomes,Heterogametic,NA,22
Cyclops,strenuus divulsus,Animalia|Maxillopoda|Cyclopoida|Cyclopidae|Cyclops|strenuus divulsus,Asynaptic Sex Chromosomes,Heterogametic,NA,22
Cyclops,strenuus strenuus,Animalia|Maxillopoda|Cyclopoida|Cyclopidae|Cyclops|strenuus strenuus,Asynaptic Sex Chromosomes,Heterogametic,NA,22
Cylas,formicarius,Animalia|Insecta|Coleoptera|Brentidae|Cylas|formicarius,Asynaptic Sex Chromosomes,Heterogametic,XY,22
Cylindrocopturus,sp.,Animalia|Insecta|Coleoptera|Curculionidae|Cylindrocopturus|sp.,Asynaptic Sex Chromosomes,Heterogametic,XY,32
Cymatia,coleoptrata,Animalia|Insecta|Hemiptera|Corixidae|Cymatia|coleoptrata,Achiasmatic Meiosis,Heterogametic,XY,24
Cymatia,rogenhoferi,Animalia|Insecta|Hemiptera|Corixidae|Cymatia|rogenhoferi,Achiasmatic Meiosis,Heterogametic,XY,34
Cymbiodyta,bifida,Animalia|Insecta|Coleoptera|Hydrophilidae|Cymbiodyta|bifida,Asynaptic Sex Chromosomes,Heterogametic,XY,18
Cynaeus,angustus,Animalia|Insecta|Coleoptera|Tenebrionidae|Cynaeus|angustus,Asynaptic Sex Chromosomes,Heterogametic,XY,20
Cynomya,cadaverina,Animalia|Insecta|Diptera|Calliphoridae|Cynomya|cadaverina,Achiasmatic Meiosis,Heterogametic,XY,12
Cynomya,mortuorumI,Animalia|Insecta|Diptera|Calliphoridae|Cynomya|mortuorumI,Achiasmatic Meiosis,Heterogametic,XY,12
Cynomya,mortuorumII,Animalia|Insecta|Diptera|Calliphoridae|Cynomya|mortuorumII,Achiasmatic Meiosis,Heterogametic,XY,12
Cynomya,mortuorumIII,Animalia|Insecta|Diptera|Calliphoridae|Cynomya|mortuorumIII,Achiasmatic Meiosis,Heterogametic,XY,12
Cynomyia,mortuorum,Animalia|Insecta|Diptera|Calliphoridae|Cynomyia|mortuorum,Achiasmatic Meiosis,Heterogametic,XY,12
Cynomyopsis,cadaverina,Animalia|Insecta|Diptera|Calliphoridae|Cynomyopsis|cadaverina,Achiasmatic Meiosis,Heterogametic,XY,12
Cynorhinella,bella,Animalia|Insecta|Diptera|Syrphidae|Cynorhinella|bella,Achiasmatic Meiosis,Heterogametic,XY,12
Cyphicerinus,tectoe,Animalia|Insecta|Coleoptera|Curculionidae|Cyphicerinus|tectoe,Asynaptic Sex Chromosomes,Heterogametic,XY,22
Cyphicerus,aceri,Animalia|Insecta|Coleoptera|Curculionidae|Cyphicerus|aceri,Asynaptic Sex Chromosomes,Heterogametic,XY,22
Cyprolais,hornimani,Animalia|Insecta|Coleoptera|Scarabaeidae|Cyprolais|hornimani,Asynaptic Sex Chromosomes,Heterogametic,XY,20
Cyrtepistomus,bardus,Animalia|Insecta|Coleoptera|Curculionidae|Cyrtepistomus|bardus,Asynaptic Sex Chromosomes,Heterogametic,XY,22
Cyrtepistomus,gucindus,Animalia|Insecta|Coleoptera|Curculionidae|Cyrtepistomus|gucindus,Asynaptic Sex Chromosomes,Heterogametic,XY,22
Cyrtepistomus,jucundus,Animalia|Insecta|Coleoptera|Curculionidae|Cyrtepistomus|jucundus,Asynaptic Sex Chromosomes,Heterogametic,XY,22
Cyrtepistomus,sp.,Animalia|Insecta|Coleoptera|Curculionidae|Cyrtepistomus|sp.,Asynaptic Sex Chromosomes,Heterogametic,XY,22
Cyrtonus,arcasi,Animalia|Insecta|Coleoptera|Chrysomelidae|Cyrtonus|arcasi,Asynaptic Sex Chromosomes,Heterogametic,XY,40
Cyrtonus,contractus,Animalia|Insecta|Coleoptera|Chrysomelidae|Cyrtonus|contractus,Asynaptic Sex Chromosomes,Heterogametic,XY,28
Cyrtonus,cupreovirens,Animalia|Insecta|Coleoptera|Chrysomelidae|Cyrtonus|cupreovirens,Asynaptic Sex Chromosomes,Heterogametic,XY,28
Cyrtonus,cylindricus,Animalia|Insecta|Coleoptera|Chrysomelidae|Cyrtonus|cylindricus,Asynaptic Sex Chromosomes,Heterogametic,XY,28
Cyrtonus,dufouri,Animalia|Insecta|Coleoptera|Chrysomelidae|Cyrtonus|dufouri,Asynaptic Sex Chromosomes,Heterogametic,XY,28
Cyrtonus,elegans,Animalia|Insecta|Coleoptera|Chrysomelidae|Cyrtonus|elegans,Asynaptic Sex Chromosomes,Heterogametic,XY,28
Cyrtonus,fairmarei,Animalia|Insecta|Coleoptera|Chrysomelidae|Cyrtonus|fairmarei,Asynaptic Sex Chromosomes,Heterogametic,XY,40
Cyrtonus,majoricensis,Animalia|Insecta|Coleoptera|Chrysomelidae|Cyrtonus|majoricensis,Asynaptic Sex Chromosomes,Heterogametic,XY,28
Cyrtonus,pardoi,Animalia|Insecta|Coleoptera|Chrysomelidae|Cyrtonus|pardoi,Asynaptic Sex Chromosomes,Heterogametic,XY,46
Cyrtonus,plumbeus,Animalia|Insecta|Coleoptera|Chrysomelidae|Cyrtonus|plumbeus,Asynaptic Sex Chromosomes,Heterogametic,XY,28
Cyrtonus,puncticeps,Animalia|Insecta|Coleoptera|Chrysomelidae|Cyrtonus|puncticeps,Asynaptic Sex Chromosomes,Heterogametic,XY,40
Cyrtonus,punctipennis,Animalia|Insecta|Coleoptera|Chrysomelidae|Cyrtonus|punctipennis,Asynaptic Sex Chromosomes,Heterogametic,XY,28
Cyrtonus,rotundatus,Animalia|Insecta|Coleoptera|Chrysomelidae|Cyrtonus|rotundatus,Asynaptic Sex Chromosomes,Heterogametic,XY,28
Cyrtonus,ruficornis,Animalia|Insecta|Coleoptera|Chrysomelidae|Cyrtonus|ruficornis,Asynaptic Sex Chromosomes,Heterogametic,XY,28
Cyrtonus,sp.,Animalia|Insecta|Coleoptera|Chrysomelidae|Cyrtonus|sp.,Asynaptic Sex Chromosomes,Heterogametic,XY,28
Cytilus,alternatus,Animalia|Insecta|Coleoptera|Byrrhidae|Cytilus|alternatus,Asynaptic Sex Chromosomes,Heterogametic,XY,18
Dactylispa,atkinsoni,Animalia|Insecta|Coleoptera|Chrysomelidae|Dactylispa|atkinsoni,Asynaptic Sex Chromosomes,Heterogametic,XY,16
Dactylispa,brevispinosa,Animalia|Insecta|Coleoptera|Chrysomelidae|Dactylispa|brevispinosa,Asynaptic Sex Chromosomes,Heterogametic,XY,16
Dactylispa,humeralis,Animalia|Insecta|Coleoptera|Chrysomelidae|Dactylispa|humeralis,Asynaptic Sex Chromosomes,Heterogametic,XY,16
Dactylopsila,palpator,Animalia|Mammalia|Diprotodontia|Acrobatidae|Dactylopsila|palpator,Asynaptic Sex Chromosomes,Heterogametic,XY,18
Dactylopsila,trivirgata,Animalia|Mammalia|Diprotodontia|Acrobatidae|Dactylopsila|trivirgata,Asynaptic Sex Chromosomes,Heterogametic,XY,18
Dacus,ciliatus,Animalia|Insecta|Diptera|Tephritidae|Dacus|ciliatus,Achiasmatic Meiosis,Heterogametic,XY,12
Dacus,olea,Animalia|Insecta|Diptera|Tephritidae|Dacus|olea,Achiasmatic Meiosis,Heterogametic,XY,12
Dahlica,triquetrella,Animalia|Insecta|Lepidoptera|Psychidae|Dahlica|triquetrella,Achiasmatic Meiosis,Heterogametic,NA,NA
Dailognatha,pumila,Animalia|Insecta|Coleoptera|Tenebrionidae|Dailognatha|pumila,Asynaptic Sex Chromosomes,Heterogametic,XY,20
Danaus,chrysippus,Animalia|Insecta|Lepidoptera|Nymphalidae|Danaus|chrysippus,Achiasmatic Meiosis,Heterogametic,NA,NA
Danaus,melanogaster,Animalia|Insecta|Lepidoptera|Nymphalidae|Danaus|melanogaster,Achiasmatic Meiosis,Heterogametic,NA,NA
Danaus,plexippus,Animalia|Insecta|Lepidoptera|Nymphalidae|Danaus|plexippus,Achiasmatic Meiosis,Heterogametic,NA,NA
Darevskia,unisexualis,Animalia|Reptilia|Squamata|Lacertidae|Darevskia|unisexualis,Asynaptic Sex Chromosomes,Heterogametic,ZW,38
Dasyllis,grossa,Animalia|Insecta|Diptera|Asilidae|Dasyllis|grossa,Achiasmatic Meiosis,Heterogametic,XO,10
Dasyllis,thoracica,Animalia|Insecta|Diptera|Asilidae|Dasyllis|thoracica,Achiasmatic Meiosis,Heterogametic,XY,10
Dasyneura,affinis,Animalia|Insecta|Diptera|Cecidomyiidae|Dasyneura|affinis,Achiasmatic Meiosis,Heterogametic,XO,8
Dasyrhamphis,umbrinus,Animalia|Insecta|Diptera|Tabanidae|Dasyrhamphis|umbrinus,Achiasmatic Meiosis,Heterogametic,NA,12
Dasysyrphus,albostriatus,Animalia|Insecta|Diptera|Syrphidae|Dasysyrphus|albostriatus,Achiasmatic Meiosis,Heterogametic,XY,10
Dasysyrphus,amalopis,Animalia|Insecta|Diptera|Syrphidae|Dasysyrphus|amalopis,Achiasmatic Meiosis,Heterogametic,XY,10
Dasysyrphus,arcuatus,Animalia|Insecta|Diptera|Syrphidae|Dasysyrphus|arcuatus,Achiasmatic Meiosis,Heterogametic,XY,10
Dasysyrphus,lunulatus,Animalia|Insecta|Diptera|Syrphidae|Dasysyrphus|lunulatus,Achiasmatic Meiosis,Heterogametic,XY,10
Dasysyrphus,sp.,Animalia|Insecta|Diptera|Syrphidae|Dasysyrphus|sp.,Achiasmatic Meiosis,Heterogametic,XY,10
Dasysyrphus,sp.A,Animalia|Insecta|Diptera|Syrphidae|Dasysyrphus|sp.A,Achiasmatic Meiosis,Heterogametic,XY,10
Dasysyrphus,sp.A1,Animalia|Insecta|Diptera|Syrphidae|Dasysyrphus|sp.A1,Achiasmatic Meiosis,Heterogametic,XY,10
Dasysyrphus,sp.B1,Animalia|Insecta|Diptera|Syrphidae|Dasysyrphus|sp.B1,Achiasmatic Meiosis,Heterogametic,XY,10
Dasysyrphus,sp.C1,Animalia|Insecta|Diptera|Syrphidae|Dasysyrphus|sp.C1,Achiasmatic Meiosis,Heterogametic,XY,10
Dasysyrphus,sp.venustusgrp,Animalia|Insecta|Diptera|Syrphidae|Dasysyrphus|sp.venustusgrp,Achiasmatic Meiosis,Heterogametic,XY,10
Dasysyrphus,tricinctus,Animalia|Insecta|Diptera|Syrphidae|Dasysyrphus|tricinctus,Achiasmatic Meiosis,Heterogametic,XY,10
Dasysyrphus,venustus,Animalia|Insecta|Diptera|Syrphidae|Dasysyrphus|venustus,Achiasmatic Meiosis,Heterogametic,XY,10
Dasyuroides,byrnei,Animalia|Mammalia|Dasyuromorphia|Dasyuridae|Dasyuroides|byrnei,Asynaptic Sex Chromosomes,Heterogametic,XY,14
Dasyurops,maculatus,Animalia|Mammalia|Dasyuromorphia|Dasyuridae|Dasyurops|maculatus,Asynaptic Sex Chromosomes,Heterogametic,XY,14
Dasyurus,albopunctatus,Animalia|Mammalia|Dasyuromorphia|Dasyuridae|Dasyurus|albopunctatus,Asynaptic Sex Chromosomes,Heterogametic,XY,14
Dasyurus,hallucatus,Animalia|Mammalia|Dasyuromorphia|Dasyuridae|Dasyurus|hallucatus,Asynaptic Sex Chromosomes,Heterogametic,XY,14
Dasyurus,maculatus,Animalia|Mammalia|Dasyuromorphia|Dasyuridae|Dasyurus|maculatus,Asynaptic Sex Chromosomes,Heterogametic,XY,14
Dasyurus,viverrinus,Animalia|Mammalia|Dasyuromorphia|Dasyuridae|Dasyurus|viverrinus,Asynaptic Sex Chromosomes,Heterogametic,XY,14
Deiradolcus,pubescens,Animalia|Insecta|Coleoptera|Curculionidae|Deiradolcus|pubescens,Asynaptic Sex Chromosomes,Heterogametic,XY,22
Deiradolcus,sp.,Animalia|Insecta|Coleoptera|Curculionidae|Deiradolcus|sp.,Asynaptic Sex Chromosomes,Heterogametic,XY,22
Deloyala,cruciata,Animalia|Insecta|Coleoptera|Chrysomelidae|Deloyala|cruciata,Asynaptic Sex Chromosomes,Heterogametic,XY,18
Deloyala,guttata,Animalia|Insecta|Coleoptera|Chrysomelidae|Deloyala|guttata,Asynaptic Sex Chromosomes,Heterogametic,XY,18
Delphinia,picta,Animalia|Insecta|Diptera|Ulidiidae|Delphinia|picta,Achiasmatic Meiosis,Heterogametic,XY,12
Deltochilum,elevatum,Animalia|Insecta|Coleoptera|Scarabaeidae|Deltochilum|elevatum,Asynaptic Sex Chromosomes,Heterogametic,XY,20
Deltochilum,verruciferum,Animalia|Insecta|Coleoptera|Scarabaeidae|Deltochilum|verruciferum,Asynaptic Sex Chromosomes,Heterogametic,XY,20
Demimaea,mori,Animalia|Insecta|Coleoptera|Curculionidae|Demimaea|mori,Asynaptic Sex Chromosomes,Heterogametic,XY,24
Dendroctonus,frontalis,Animalia|Insecta|Coleoptera|Curculionidae|Dendroctonus|frontalis,Asynaptic Sex Chromosomes,Heterogametic,XY,16
Dendroctonus,frontalis,Animalia|Insecta|Coleoptera|Scolytidae|Dendroctonus|frontalis,Asynaptic Sex Chromosomes,Heterogametic,XY,16
Dendroctonus,mesoamericanus,Animalia|Insecta|Coleoptera|Curculionidae|Dendroctonus|mesoamericanus,Asynaptic Sex Chromosomes,Heterogametic,XY,12
Dendroctonus,mexicanus,Animalia|Insecta|Coleoptera|Scolytidae|Dendroctonus|mexicanus,Asynaptic Sex Chromosomes,Heterogametic,XY,12
Dendroctonus,micans,Animalia|Insecta|Coleoptera|Curculionidae|Dendroctonus|micans,Asynaptic Sex Chromosomes,Heterogametic,XY,22
Dendroctonus,murrayae,Animalia|Insecta|Coleoptera|Scolytidae|Dendroctonus|murrayae,Asynaptic Sex Chromosomes,Heterogametic,XY,30
Dendroctonus,parallelocollis,Animalia|Insecta|Coleoptera|Scolytidae|Dendroctonus|parallelocollis,Asynaptic Sex Chromosomes,Heterogametic,XY,28
Dendroctonus,pseudotsugae,Animalia|Insecta|Coleoptera|Scolytidae|Dendroctonus|pseudotsugae,Asynaptic Sex Chromosomes,Heterogametic,XY,30
Dendroctonus,punctatus,Animalia|Insecta|Coleoptera|Scolytidae|Dendroctonus|punctatus,Asynaptic Sex Chromosomes,Heterogametic,XY,32
Dendroctonus,rhizophagus,Animalia|Insecta|Coleoptera|Scolytidae|Dendroctonus|rhizophagus,Asynaptic Sex Chromosomes,Heterogametic,XY,28
Dendroctonus,rufipennis,Animalia|Insecta|Coleoptera|Scolytidae|Dendroctonus|rufipennis,Asynaptic Sex Chromosomes,Heterogametic,XY,30
Dendroctonus,simplex,Animalia|Insecta|Coleoptera|Scolytidae|Dendroctonus|simplex,Asynaptic Sex Chromosomes,Heterogametic,XY,30
Dendroctonus,terebrans,Animalia|Insecta|Coleoptera|Scolytidae|Dendroctonus|terebrans,Asynaptic Sex Chromosomes,Heterogametic,XY,26
Dendroctonus,valens,Animalia|Insecta|Coleoptera|Scolytidae|Dendroctonus|valens,Asynaptic Sex Chromosomes,Heterogametic,XY,28
Dendrolagus,dorianus,Animalia|Mammalia|Diprotodontia|Macropodidae|Dendrolagus|dorianus,Asynaptic Sex Chromosomes,Heterogametic,XY,12
Dendrolagus,goodfellowi,Animalia|Mammalia|Diprotodontia|Macropodidae|Dendrolagus|goodfellowi,Asynaptic Sex Chromosomes,Heterogametic,XY,14
Dendroleon,jezoensis,Animalia|Insecta|Neuroptera|Myrmeleontidae|Dendroleon|jezoensis,Asynaptic Sex Chromosomes,Heterogametic,XY,16
Deporaus,harmanni,Animalia|Insecta|Coleoptera|Attelabidae|Deporaus|harmanni,Asynaptic Sex Chromosomes,Heterogametic,XY,22
Deporaus,margitus,Animalia|Insecta|Coleoptera|Attelabidae|Deporaus|margitus,Asynaptic Sex Chromosomes,Heterogametic,XY,22
Deporaus,minimus,Animalia|Insecta|Coleoptera|Attelabidae|Deporaus|minimus,Asynaptic Sex Chromosomes,Heterogametic,XY,26
Deporaus,sp.,Animalia|Insecta|Coleoptera|Attelabidae|Deporaus|sp.,Asynaptic Sex Chromosomes,Heterogametic,XY,22
Deporaus,unicolor,Animalia|Insecta|Coleoptera|Attelabidae|Deporaus|unicolor,Asynaptic Sex Chromosomes,Heterogametic,XY,34
Depressa,striatipennis,Animalia|Insecta|Diptera|Lauxaniidae|Depressa|striatipennis,Achiasmatic Meiosis,Heterogametic,XY,12
Derancistrus,thomae,Animalia|Insecta|Coleoptera|Cerambycidae|Derancistrus|thomae,Asynaptic Sex Chromosomes,Heterogametic,XY,28
Dermatoxenus,caesicollis,Animalia|Insecta|Coleoptera|Curculionidae|Dermatoxenus|caesicollis,Asynaptic Sex Chromosomes,Heterogametic,XY,20
Dermatoxenus,clathratus,Animalia|Insecta|Coleoptera|Curculionidae|Dermatoxenus|clathratus,Asynaptic Sex Chromosomes,Heterogametic,XY,22
Dermatoxenus,sp.,Animalia|Insecta|Coleoptera|Curculionidae|Dermatoxenus|sp.,Asynaptic Sex Chromosomes,Heterogametic,XY,22
Dermestes,ater,Animalia|Insecta|Coleoptera|Dermestidae|Dermestes|ater,Asynaptic Sex Chromosomes,Heterogametic,XY,18
Dermestes,caninus,Animalia|Insecta|Coleoptera|Dermestidae|Dermestes|caninus,Asynaptic Sex Chromosomes,Heterogametic,XY,18
Dermestes,frischii,Animalia|Insecta|Coleoptera|Dermestidae|Dermestes|frischii,Asynaptic Sex Chromosomes,Heterogametic,XY,18
Dermestes,haemorrhoidalis,Animalia|Insecta|Coleoptera|Dermestidae|Dermestes|haemorrhoidalis,Asynaptic Sex Chromosomes,Heterogametic,XY,18
Dermestes,lardarius,Animalia|Insecta|Coleoptera|Dermestidae|Dermestes|lardarius,Asynaptic Sex Chromosomes,Heterogametic,XY,18
Dermestes,maculatus,Animalia|Insecta|Coleoptera|Dermestidae|Dermestes|maculatus,Asynaptic Sex Chromosomes,Heterogametic,XY,18
Dermestes,peruvianus,Animalia|Insecta|Coleoptera|Dermestidae|Dermestes|peruvianus,Asynaptic Sex Chromosomes,Heterogametic,XY,18
Dermestes,talpinus,Animalia|Insecta|Coleoptera|Dermestidae|Dermestes|talpinus,Asynaptic Sex Chromosomes,Heterogametic,XY,18
Dermestes,vulpinus,Animalia|Insecta|Coleoptera|Dermestidae|Dermestes|vulpinus,Asynaptic Sex Chromosomes,Heterogametic,XY,18
Dermests,sigtus,Animalia|Insecta|Coleoptera|Dermestidae|Dermests|sigtus,Asynaptic Sex Chromosomes,Heterogametic,XY,18
Deromyia,winthemi,Animalia|Insecta|Diptera|Asilidae|Deromyia|winthemi,Achiasmatic Meiosis,Heterogametic,XY,12
Derosphaerus,cribum,Animalia|Insecta|Coleoptera|Tenebrionidae|Derosphaerus|cribum,Asynaptic Sex Chromosomes,Heterogametic,XY,20
Desmidophorus,sp.,Animalia|Insecta|Coleoptera|Curculionidae|Desmidophorus|sp.,Asynaptic Sex Chromosomes,Heterogametic,XY,22
Desmogramma,nigripes,Animalia|Insecta|Coleoptera|Chrysomelidae|Desmogramma|nigripes,Asynaptic Sex Chromosomes,Heterogametic,XY,24
Dettopsomyia,nigrovittata,Animalia|Insecta|Diptera|Drosophilidae|Dettopsomyia|nigrovittata,Achiasmatic Meiosis,Heterogametic,NA,10
Diabroctis,mimas,Animalia|Insecta|Coleoptera|Scarabaeidae|Diabroctis|mimas,Asynaptic Sex Chromosomes,Heterogametic,XY,20
Diacyclops,bicuspidatus,Animalia|Maxillopoda|Cyclopoida|Cyclopidae|Diacyclops|bicuspidatus,Asynaptic Sex Chromosomes,Heterogametic,NA,NA
Diacyclops,biscupidatus thomasi,Animalia|Maxillopoda|Cyclopoida|Cyclopidae|Diacyclops|biscupidatus thomasi,Achiasmatic Meiosis,Heterogametic,NA,18
Dianthus,angulatus,Plantae|Magnoliopsida|Caryophyllales|Caryophyllaceae|Dianthus|angulatus,Asynaptic Sex Chromosomes,Hermaphroditic,NA,30
Diaprepes,abbreviatus,Animalia|Insecta|Coleoptera|Curculionidae|Diaprepes|abbreviatus,Asynaptic Sex Chromosomes,Heterogametic,XY,22
Diaprepes,marginicollis,Animalia|Insecta|Coleoptera|Curculionidae|Diaprepes|marginicollis,Asynaptic Sex Chromosomes,Heterogametic,XY,22
Diaprepres,abbreviata,Animalia|Insecta|Coleoptera|Curculionidae|Diaprepres|abbreviata,Asynaptic Sex Chromosomes,Heterogametic,XY,22
Diapromorpha,quadripunctata,Animalia|Insecta|Coleoptera|Chrysomelidae|Diapromorpha|quadripunctata,Asynaptic Sex Chromosomes,Heterogametic,XY,22
Diapromorpha,turcica,Animalia|Insecta|Coleoptera|Chrysomelidae|Diapromorpha|turcica,Asynaptic Sex Chromosomes,Heterogametic,XY,22
Diastolinus,fortipes,Animalia|Insecta|Coleoptera|Tenebrionidae|Diastolinus|fortipes,Asynaptic Sex Chromosomes,Heterogametic,XY,26
Diatropus,marshalli,Animalia|Insecta|Coleoptera|Curculionidae|Diatropus|marshalli,Asynaptic Sex Chromosomes,Heterogametic,XY,22
Dibolia,timida,Animalia|Insecta|Coleoptera|Chrysomelidae|Dibolia|timida,Asynaptic Sex Chromosomes,Heterogametic,XY,40
Dicera,divaricata,Animalia|Insecta|Coleoptera|Buprestidae|Dicera|divaricata,Asynaptic Sex Chromosomes,Heterogametic,XY,20
Dicera,prolongata,Animalia|Insecta|Coleoptera|Buprestidae|Dicera|prolongata,Asynaptic Sex Chromosomes,Heterogametic,XY,20
Dicera,tenebrosa,Animalia|Insecta|Coleoptera|Buprestidae|Dicera|tenebrosa,Asynaptic Sex Chromosomes,Heterogametic,XY,20
Dicerca,aenea,Animalia|Insecta|Coleoptera|Buprestidae|Dicerca|aenea,Asynaptic Sex Chromosomes,Heterogametic,XY,20
Dichetophora,boyesi,Animalia|Insecta|Diptera|Sciomyzidae|Dichetophora|boyesi,Achiasmatic Meiosis,Heterogametic,NA,12
Dichotomius,aff,Animalia|Insecta|Coleoptera|Scarabaeidae|Dichotomius|aff,Asynaptic Sex Chromosomes,Heterogametic,XY,18
Dichotomius,bos,Animalia|Insecta|Coleoptera|Scarabaeidae|Dichotomius|bos,Asynaptic Sex Chromosomes,Heterogametic,XY,18
Dichotomius,carolinus,Animalia|Insecta|Coleoptera|Scarabaeidae|Dichotomius|carolinus,Asynaptic Sex Chromosomes,Heterogametic,XY,20
Dichotomius,crinicollis,Animalia|Insecta|Coleoptera|Scarabaeidae|Dichotomius|crinicollis,Asynaptic Sex Chromosomes,Heterogametic,XY,18
Dichotomius,depresicollis,Animalia|Insecta|Coleoptera|Scarabaeidae|Dichotomius|depresicollis,Asynaptic Sex Chromosomes,Heterogametic,XY,18
Dichotomius,geminatus,Animalia|Insecta|Coleoptera|Scarabaeidae|Dichotomius|geminatus,Asynaptic Sex Chromosomes,Heterogametic,XY,18
Dichotomius,laevicollis,Animalia|Insecta|Coleoptera|Scarabaeidae|Dichotomius|laevicollis,Asynaptic Sex Chromosomes,Heterogametic,XY,18
Dichotomius,mormon,Animalia|Insecta|Coleoptera|Scarabaeidae|Dichotomius|mormon,Asynaptic Sex Chromosomes,Heterogametic,XY,18
Dichotomius,nisus,Animalia|Insecta|Coleoptera|Scarabaeidae|Dichotomius|nisus,Asynaptic Sex Chromosomes,Heterogametic,XY,18
Dichotomius,semianeus,Animalia|Insecta|Coleoptera|Scarabaeidae|Dichotomius|semianeus,Asynaptic Sex Chromosomes,Heterogametic,XY,18
Dichotomius,semisquamosus,Animalia|Insecta|Coleoptera|Scarabaeidae|Dichotomius|semisquamosus,Asynaptic Sex Chromosomes,Heterogametic,XY,18
Dichotomius,sericeus,Animalia|Insecta|Coleoptera|Scarabaeidae|Dichotomius|sericeus,Asynaptic Sex Chromosomes,Heterogametic,XY,18
Dichotomius,sp,Animalia|Insecta|Coleoptera|Scarabaeidae|Dichotomius|sp,Asynaptic Sex Chromosomes,Heterogametic,XY,18
Dichrochirosa,dissimilis,Animalia|Insecta|Diptera|Sciomyzidae|Dichrochirosa|dissimilis,Achiasmatic Meiosis,Heterogametic,NA,12
Dichrochirosa,sp,Animalia|Insecta|Diptera|Sciomyzidae|Dichrochirosa|sp,Achiasmatic Meiosis,Heterogametic,XY,12
Dichrochirosa,sp.Neardissimilis,Animalia|Insecta|Diptera|Sciomyzidae|Dichrochirosa|sp.Neardissimilis,Achiasmatic Meiosis,Heterogametic,XY,12
Dicladispa,occator,Animalia|Insecta|Coleoptera|Chrysomelidae|Dicladispa|occator,Asynaptic Sex Chromosomes,Heterogametic,XY,16
Dicladispa,testacea,Animalia|Insecta|Coleoptera|Chrysomelidae|Dicladispa|testacea,Asynaptic Sex Chromosomes,Heterogametic,XY,16
Dicronorhina,derbya,Animalia|Insecta|Coleoptera|Scarabaeidae|Dicronorhina|derbya,Asynaptic Sex Chromosomes,Heterogametic,XY,20
Dicronorhina,micans,Animalia|Insecta|Coleoptera|Scarabaeidae|Dicronorhina|micans,Asynaptic Sex Chromosomes,Heterogametic,XY,20
Dictya,atlantica,Animalia|Insecta|Diptera|Sciomyzidae|Dictya|atlantica,Achiasmatic Meiosis,Heterogametic,XY,12
Dictya,brimleyi,Animalia|Insecta|Diptera|Sciomyzidae|Dictya|brimleyi,Achiasmatic Meiosis,Heterogametic,XY,12
Dictya,brimleyiE,Animalia|Insecta|Diptera|Sciomyzidae|Dictya|brimleyiE,Achiasmatic Meiosis,Heterogametic,XY,12
Dictya,floridensis,Animalia|Insecta|Diptera|Sciomyzidae|Dictya|floridensis,Achiasmatic Meiosis,Heterogametic,XY,12
Dictya,sabroski,Animalia|Insecta|Diptera|Sciomyzidae|Dictya|sabroski,Achiasmatic Meiosis,Heterogametic,XY,12
Dictya,sabroskyi,Animalia|Insecta|Diptera|Sciomyzidae|Dictya|sabroskyi,Achiasmatic Meiosis,Heterogametic,XY,12
Dictya,stricta,Animalia|Insecta|Diptera|Sciomyzidae|Dictya|stricta,Achiasmatic Meiosis,Heterogametic,XY,12
Dictya,texensis,Animalia|Insecta|Diptera|Sciomyzidae|Dictya|texensis,Achiasmatic Meiosis,Heterogametic,XY,12
Dictya,txensis,Animalia|Insecta|Diptera|Sciomyzidae|Dictya|txensis,Achiasmatic Meiosis,Heterogametic,XY,12
Dictya,umbrarum,Animalia|Insecta|Diptera|Sciomyzidae|Dictya|umbrarum,Achiasmatic Meiosis,Heterogametic,XY,12
Dictya,umbrarumseriesII,Animalia|Insecta|Diptera|Sciomyzidae|Dictya|umbrarumseriesII,Achiasmatic Meiosis,Heterogametic,XY,12
Dictyodes,dictyodes,Animalia|Insecta|Diptera|Sciomyzidae|Dictyodes|dictyodes,Achiasmatic Meiosis,Heterogametic,XY,12
Didea,alneti,Animalia|Insecta|Diptera|Syrphidae|Didea|alneti,Achiasmatic Meiosis,Heterogametic,XY,8
Didea,fasciata,Animalia|Insecta|Diptera|Syrphidae|Didea|fasciata,Achiasmatic Meiosis,Heterogametic,XY,10
Didea,fuscipes,Animalia|Insecta|Diptera|Syrphidae|Didea|fuscipes,Achiasmatic Meiosis,Heterogametic,XY,8
Didea,intermedia,Animalia|Insecta|Diptera|Syrphidae|Didea|intermedia,Achiasmatic Meiosis,Heterogametic,XY,10
Didea,laxa,Animalia|Insecta|Diptera|Syrphidae|Didea|laxa,Achiasmatic Meiosis,Heterogametic,XY,10
Didelphis,marsupialis,Animalia|Mammalia|Didelphimorphia|Didelphidae|Didelphis|marsupialis,Asynaptic Sex Chromosomes,Heterogametic,XY,22
Didelphis,virginiana,Animalia|Mammalia|Didelphimorphia|Didelphidae|Didelphis|virginiana,Asynaptic Sex Chromosomes,Heterogametic,XY,22
Didelphys,albiventris,Animalia|Mammalia|Didelphimorphia|Didelphidae|Didelphys|albiventris,Asynaptic Sex Chromosomes,Heterogametic,XY,22
Dideoides,latus,Animalia|Insecta|Diptera|Syrphidae|Dideoides|latus,Achiasmatic Meiosis,Heterogametic,NA,8
Didothis,melancholica,Animalia|Insecta|Coleoptera|Curculionidae|Didothis|melancholica,Asynaptic Sex Chromosomes,Heterogametic,XY,28
Didothis,sp.,Animalia|Insecta|Coleoptera|Curculionidae|Didothis|sp.,Asynaptic Sex Chromosomes,Heterogametic,XY,34
Digitonthophagus,bosus,Animalia|Insecta|Coleoptera|Scarabaeidae|Digitonthophagus|bosus,Asynaptic Sex Chromosomes,Heterogametic,XY,20
Digitonthophagus,gazella,Animalia|Insecta|Coleoptera|Scarabaeidae|Digitonthophagus|gazella,Asynaptic Sex Chromosomes,Heterogametic,NA,20
Diguetia,albolineata,Animalia|Arachnida|Araneae|Diguetidae|Diguetia|albolineata,Achiasmatic Meiosis,Heterogametic,XY,20
Diguetia,canities,Animalia|Arachnida|Araneae|Diguetidae|Diguetia|canities,Achiasmatic Meiosis,Heterogametic,XY,16
Diloboderus,abderus,Animalia|Insecta|Coleoptera|Scarabaeidae|Diloboderus|abderus,Asynaptic Sex Chromosomes,Heterogametic,XY,20
Diocalandra,sp.,Animalia|Insecta|Coleoptera|Curculionidae|Diocalandra|sp.,Asynaptic Sex Chromosomes,Heterogametic,XY,26
Dioxina,chilensis,Animalia|Insecta|Diptera|Tephritidae|Dioxina|chilensis,Achiasmatic Meiosis,Heterogametic,NA,12
Diphaulaca,arguta,Animalia|Insecta|Coleoptera|Chrysomelidae|Diphaulaca|arguta,Asynaptic Sex Chromosomes,Heterogametic,XY,30
Diphaulaca,sp.,Animalia|Insecta|Coleoptera|Chrysomelidae|Diphaulaca|sp.,Asynaptic Sex Chromosomes,Heterogametic,XY,30
Diplodacus,sienatiles,Animalia|Insecta|Diptera|Tephritidae|Diplodacus|sienatiles,Achiasmatic Meiosis,Heterogametic,XY,12
Diplogrammus,quadrivittatus,Animalia|Insecta|Coleoptera|Curculionidae|Diplogrammus|quadrivittatus,Asynaptic Sex Chromosomes,Heterogametic,XY,30
Diplosoma,listerianum,Animalia|Ascidiacea|Aplousobranchia|Didemnidae|Diplosoma|listerianum,NA,Heterogametic,NA,30
Diplotaxis,obscura,Animalia|Insecta|Coleoptera|Scarabaeidae|Diplotaxis|obscura,Asynaptic Sex Chromosomes,Heterogametic,XY,20
Diplotaxis,sierrae,Animalia|Insecta|Coleoptera|Scarabaeidae|Diplotaxis|sierrae,Asynaptic Sex Chromosomes,Heterogametic,XY,20
Diplotaxis,sp.,Animalia|Insecta|Coleoptera|Scarabaeidae|Diplotaxis|sp.,Asynaptic Sex Chromosomes,Heterogametic,XY,20
Dircaea,4-maculata,Animalia|Insecta|Coleoptera|Melandryidae|Dircaea|4-maculata,Asynaptic Sex Chromosomes,Heterogametic,XY,20
Discritomyia,fasciata,Animalia|Insecta|Diptera|Calliphoridae|Discritomyia|fasciata,Achiasmatic Meiosis,Heterogametic,XY,12
Discritomyia,fulgens,Animalia|Insecta|Diptera|Calliphoridae|Discritomyia|fulgens,Achiasmatic Meiosis,Heterogametic,XY,12
Discritomyia,newspecies,Animalia|Insecta|Diptera|Calliphoridae|Discritomyia|newspecies,Achiasmatic Meiosis,Heterogametic,XY,12
Discritomyia,terryi,Animalia|Insecta|Diptera|Calliphoridae|Discritomyia|terryi,Achiasmatic Meiosis,Heterogametic,XY,12
Disker,tenuicornis,Animalia|Insecta|Coleoptera|Curculionidae|Disker|tenuicornis,Asynaptic Sex Chromosomes,Heterogametic,XY,22
Disonycha,laevigata,Animalia|Insecta|Coleoptera|Chrysomelidae|Disonycha|laevigata,Asynaptic Sex Chromosomes,Heterogametic,XY,46
Dissoptera,sp.,Animalia|Insecta|Diptera|Syrphidae|Dissoptera|sp.,Achiasmatic Meiosis,Heterogametic,XY,10
Distoechurus,pennatus,Animalia|Mammalia|Diprotodontia|Acrobatidae|Distoechurus|pennatus,Asynaptic Sex Chromosomes,Heterogametic,XY,14
Distoleon,tetragrammicus,Animalia|Insecta|Neuroptera|Myrmeleontidae|Distoleon|tetragrammicus,Asynaptic Sex Chromosomes,Heterogametic,XY,18
Distoleon,tetragrammicus,Animalia|Insecta|Neuroptera|Myrmelontidae|Distoleon|tetragrammicus,Asynaptic Sex Chromosomes,Heterogametic,XY,18
Dodecastichus,atripes,Animalia|Insecta|Coleoptera|Curculionidae|Dodecastichus|atripes,Asynaptic Sex Chromosomes,Heterogametic,XY,22
Dodecastichus,aurosigtus,Animalia|Insecta|Coleoptera|Curculionidae|Dodecastichus|aurosigtus,Asynaptic Sex Chromosomes,Heterogametic,XY,22
Dodecastichus,dolomitae,Animalia|Insecta|Coleoptera|Curculionidae|Dodecastichus|dolomitae,Asynaptic Sex Chromosomes,Heterogametic,XY,22
Dodecastichus,geniculatus,Animalia|Insecta|Coleoptera|Curculionidae|Dodecastichus|geniculatus,Asynaptic Sex Chromosomes,Heterogametic,XY,22
Dodecastichus,inflatus,Animalia|Insecta|Coleoptera|Curculionidae|Dodecastichus|inflatus,Asynaptic Sex Chromosomes,Heterogametic,XY,22
Dodecastichus,obsoletus,Animalia|Insecta|Coleoptera|Curculionidae|Dodecastichus|obsoletus,Asynaptic Sex Chromosomes,Heterogametic,XY,22
Donacia,andalusica,Animalia|Insecta|Coleoptera|Chrysomelidae|Donacia|andalusica,Asynaptic Sex Chromosomes,Heterogametic,XY,30
Donacia,bicolor,Animalia|Insecta|Coleoptera|Chrysomelidae|Donacia|bicolor,Asynaptic Sex Chromosomes,Heterogametic,XY,30
Donacia,biimpressa,Animalia|Insecta|Coleoptera|Chrysomelidae|Donacia|biimpressa,Asynaptic Sex Chromosomes,Heterogametic,XY,30
Donacia,clavipes,Animalia|Insecta|Coleoptera|Chrysomelidae|Donacia|clavipes,Asynaptic Sex Chromosomes,Heterogametic,XY,30
Donacia,hirticollis,Animalia|Insecta|Coleoptera|Chrysomelidae|Donacia|hirticollis,Asynaptic Sex Chromosomes,Heterogametic,XY,28
Donacia,subtilis,Animalia|Insecta|Coleoptera|Chrysomelidae|Donacia|subtilis,Asynaptic Sex Chromosomes,Heterogametic,XY,28
Donacia,vulgaris,Animalia|Insecta|Coleoptera|Chrysomelidae|Donacia|vulgaris,Asynaptic Sex Chromosomes,Heterogametic,XY,30
Donus,comatus,Animalia|Insecta|Coleoptera|Curculionidae|Donus|comatus,Asynaptic Sex Chromosomes,Heterogametic,XY,22
Donus,oxalidis,Animalia|Insecta|Coleoptera|Curculionidae|Donus|oxalidis,Asynaptic Sex Chromosomes,Heterogametic,XY,22
Dorcadion,atolicum,Animalia|Insecta|Coleoptera|Cerambycidae|Dorcadion|atolicum,Asynaptic Sex Chromosomes,Heterogametic,XY,24
Dorcopsis,muelleri,Animalia|Mammalia|Diprotodontia|Macropodidae|Dorcopsis|muelleri,Asynaptic Sex Chromosomes,Heterogametic,XY,22
Dorcopsulus,vanheurni,Animalia|Mammalia|Diprotodontia|Macropodidae|Dorcopsulus|vanheurni,Asynaptic Sex Chromosomes,Heterogametic,XY,18
Doros,aequalis,Animalia|Insecta|Diptera|Syrphidae|Doros|aequalis,Achiasmatic Meiosis,Heterogametic,NA,10
Doros,conopseus,Animalia|Insecta|Diptera|Syrphidae|Doros|conopseus,Achiasmatic Meiosis,Heterogametic,XY,10
Dorytomus,mongolicus,Animalia|Insecta|Coleoptera|Curculionidae|Dorytomus|mongolicus,Asynaptic Sex Chromosomes,Heterogametic,XY,28
Drimeotus,kovacsi,Animalia|Insecta|Coleoptera|Leiodidae|Drimeotus|kovacsi,Asynaptic Sex Chromosomes,Heterogametic,XY,24
Drino,bohemica,Animalia|Insecta|Diptera|Tachinidae|Drino|bohemica,Achiasmatic Meiosis,Heterogametic,XY,12
Dromiciops,australis,Animalia|Mammalia|Microbiotheria|Microbiotheriidae|Dromiciops|australis,Asynaptic Sex Chromosomes,Heterogametic,XO,14
Dromiciops,gliroides,Animalia|Mammalia|Microbiotheria|Microbiotheriidae|Dromiciops|gliroides,Asynaptic Sex Chromosomes,Heterogametic,XY,14
Drosophila,"""melanissima""","Animalia|Insecta|Diptera|Drosophilidae|Drosophila|""melanissima""",Achiasmatic Meiosis,Heterogametic,XY,10
Drosophila,acanthoptera,Animalia|Insecta|Diptera|Drosophilidae|Drosophila|acanthoptera,Achiasmatic Meiosis,Heterogametic,XY,10
Drosophila,acutilabella,Animalia|Insecta|Diptera|Drosophilidae|Drosophila|acutilabella,Achiasmatic Meiosis,Heterogametic,NA,8
Drosophila,adiastola,Animalia|Insecta|Diptera|Drosophilidae|Drosophila|adiastola,Achiasmatic Meiosis,Heterogametic,NA,12
Drosophila,adunca,Animalia|Insecta|Diptera|Drosophilidae|Drosophila|adunca,Achiasmatic Meiosis,Heterogametic,NA,12
Drosophila,afer,Animalia|Insecta|Diptera|Drosophilidae|Drosophila|afer,Achiasmatic Meiosis,Heterogametic,XY,10
Drosophila,affinidisjuncta,Animalia|Insecta|Diptera|Drosophilidae|Drosophila|affinidisjuncta,Achiasmatic Meiosis,Heterogametic,NA,12
Drosophila,affinis,Animalia|Insecta|Diptera|Drosophilidae|Drosophila|affinis,Achiasmatic Meiosis,Heterogametic,XY,10
Drosophila,aglaia,Animalia|Insecta|Diptera|Drosophilidae|Drosophila|aglaia,Achiasmatic Meiosis,Heterogametic,NA,12
Drosophila,agumbensis,Animalia|Insecta|Diptera|Drosophilidae|Drosophila|agumbensis,Achiasmatic Meiosis,Heterogametic,XY,8
Drosophila,airzonensis,Animalia|Insecta|Diptera|Drosophilidae|Drosophila|airzonensis,Achiasmatic Meiosis,Heterogametic,XY,12
Drosophila,albirostris,Animalia|Insecta|Diptera|Drosophilidae|Drosophila|albirostris,Achiasmatic Meiosis,Heterogametic,XY,12
Drosophila,albomicans,Animalia|Insecta|Diptera|Drosophilidae|Drosophila|albomicans,Achiasmatic Meiosis,Heterogametic,NA,8
Drosophila,alboralis,Animalia|Insecta|Diptera|Drosophilidae|Drosophila|alboralis,Achiasmatic Meiosis,Heterogametic,NA,12
Drosophila,aldrichi,Animalia|Insecta|Diptera|Drosophilidae|Drosophila|aldrichi,Achiasmatic Meiosis,Heterogametic,XY,12
Drosophila,alexandrei,Animalia|Insecta|Diptera|Drosophilidae|Drosophila|alexandrei,Achiasmatic Meiosis,Heterogametic,NA,8
Drosophila,algonquin,Animalia|Insecta|Diptera|Drosophilidae|Drosophila|algonquin,Achiasmatic Meiosis,Heterogametic,XY,10
Drosophila,alpina,Animalia|Insecta|Diptera|Drosophilidae|Drosophila|alpina,Achiasmatic Meiosis,Heterogametic,NA,6
Drosophila,alsophila,Animalia|Insecta|Diptera|Drosophilidae|Drosophila|alsophila,Achiasmatic Meiosis,Heterogametic,NA,12
Drosophila,altiplanica,Animalia|Insecta|Diptera|Drosophilidae|Drosophila|altiplanica,Achiasmatic Meiosis,Heterogametic,NA,10
Drosophila,ambigua,Animalia|Insecta|Diptera|Drosophilidae|Drosophila|ambigua,Achiasmatic Meiosis,Heterogametic,XY,10
Drosophila,americana,Animalia|Insecta|Diptera|Drosophilidae|Drosophila|americana,Achiasmatic Meiosis,Heterogametic,NA,8
Drosophila,amplilobus,Animalia|Insecta|Diptera|Drosophilidae|Drosophila|amplilobus,Achiasmatic Meiosis,Heterogametic,NA,10
Drosophila,ananassae,Animalia|Insecta|Diptera|Drosophilidae|Drosophila|ananassae,Achiasmatic Meiosis,Heterogametic,NA,8
Drosophila,anceps,Animalia|Insecta|Diptera|Drosophilidae|Drosophila|anceps,Achiasmatic Meiosis,Heterogametic,XY,12
Drosophila,andamensis,Animalia|Insecta|Diptera|Drosophilidae|Drosophila|andamensis,Achiasmatic Meiosis,Heterogametic,XY,8
Drosophila,andina,Animalia|Insecta|Diptera|Drosophilidae|Drosophila|andina,Achiasmatic Meiosis,Heterogametic,XY,10
Drosophila,angularis,Animalia|Insecta|Diptera|Drosophilidae|Drosophila|angularis,Achiasmatic Meiosis,Heterogametic,NA,12
Drosophila,angustibucca,Animalia|Insecta|Diptera|Drosophilidae|Drosophila|angustibucca,Achiasmatic Meiosis,Heterogametic,NA,12
Drosophila,annulimana,Animalia|Insecta|Diptera|Drosophilidae|Drosophila|annulimana,Achiasmatic Meiosis,Heterogametic,XO,10
Drosophila,annulipes,Animalia|Insecta|Diptera|Drosophilidae|Drosophila|annulipes,Achiasmatic Meiosis,Heterogametic,XY,6
Drosophila,anomalipes,Animalia|Insecta|Diptera|Drosophilidae|Drosophila|anomalipes,Achiasmatic Meiosis,Heterogametic,NA,12
Drosophila,anomelani,Animalia|Insecta|Diptera|Drosophilidae|Drosophila|anomelani,Achiasmatic Meiosis,Heterogametic,XY,8
Drosophila,anoplastoma,Animalia|Insecta|Diptera|Drosophilidae|Drosophila|anoplastoma,Achiasmatic Meiosis,Heterogametic,NA,12
Drosophila,antilla,Animalia|Insecta|Diptera|Drosophilidae|Drosophila|antilla,Achiasmatic Meiosis,Heterogametic,NA,8
Drosophila,aracea,Animalia|Insecta|Diptera|Drosophilidae|Drosophila|aracea,Achiasmatic Meiosis,Heterogametic,NA,6
Drosophila,araicas,Animalia|Insecta|Diptera|Drosophilidae|Drosophila|araicas,Achiasmatic Meiosis,Heterogametic,NA,10
Drosophila,arapuan,Animalia|Insecta|Diptera|Drosophilidae|Drosophila|arapuan,Achiasmatic Meiosis,Heterogametic,XY,8
Drosophila,ararama,Animalia|Insecta|Diptera|Drosophilidae|Drosophila|ararama,Achiasmatic Meiosis,Heterogametic,NA,10
Drosophila,arassari,Animalia|Insecta|Diptera|Drosophilidae|Drosophila|arassari,Achiasmatic Meiosis,Heterogametic,XY,12
Drosophila,arauana,Animalia|Insecta|Diptera|Drosophilidae|Drosophila|arauana,Achiasmatic Meiosis,Heterogametic,NA,12
Drosophila,araucana,Animalia|Insecta|Diptera|Drosophilidae|Drosophila|araucana,Achiasmatic Meiosis,Heterogametic,XY,12
Drosophila,arauna,Animalia|Insecta|Diptera|Drosophilidae|Drosophila|arauna,Achiasmatic Meiosis,Heterogametic,NA,12
Drosophila,arawakana,Animalia|Insecta|Diptera|Drosophilidae|Drosophila|arawakana,Achiasmatic Meiosis,Heterogametic,XY,8
Drosophila,arcuata,Animalia|Insecta|Diptera|Drosophilidae|Drosophila|arcuata,Achiasmatic Meiosis,Heterogametic,NA,12
Drosophila,argentostriata,Animalia|Insecta|Diptera|Drosophilidae|Drosophila|argentostriata,Achiasmatic Meiosis,Heterogametic,NA,12
Drosophila,arizonensis,Animalia|Insecta|Diptera|Drosophilidae|Drosophila|arizonensis,Achiasmatic Meiosis,Heterogametic,XY,12
Drosophila,asketostoma,Animalia|Insecta|Diptera|Drosophilidae|Drosophila|asketostoma,Achiasmatic Meiosis,Heterogametic,NA,12
Drosophila,asper,Animalia|Insecta|Diptera|Drosophilidae|Drosophila|asper,Achiasmatic Meiosis,Heterogametic,NA,12
Drosophila,assita,Animalia|Insecta|Diptera|Drosophilidae|Drosophila|assita,Achiasmatic Meiosis,Heterogametic,NA,12
Drosophila,atalaia,Animalia|Insecta|Diptera|Drosophilidae|Drosophila|atalaia,Achiasmatic Meiosis,Heterogametic,XY,6
Drosophila,athabasca,Animalia|Insecta|Diptera|Drosophilidae|Drosophila|athabasca,Achiasmatic Meiosis,Heterogametic,XY,10
Drosophila,atrata,Animalia|Insecta|Diptera|Drosophilidae|Drosophila|atrata,Achiasmatic Meiosis,Heterogametic,NA,12
Drosophila,atrimentum,Animalia|Insecta|Diptera|Drosophilidae|Drosophila|atrimentum,Achiasmatic Meiosis,Heterogametic,NA,12
Drosophila,atripex,Animalia|Insecta|Diptera|Drosophilidae|Drosophila|atripex,Achiasmatic Meiosis,Heterogametic,XY,8
Drosophila,atroscutellata,Animalia|Insecta|Diptera|Drosophilidae|Drosophila|atroscutellata,Achiasmatic Meiosis,Heterogametic,NA,12
Drosophila,attigua,Animalia|Insecta|Diptera|Drosophilidae|Drosophila|attigua,Achiasmatic Meiosis,Heterogametic,NA,12
Drosophila,auraria,Animalia|Insecta|Diptera|Drosophilidae|Drosophila|auraria,Achiasmatic Meiosis,Heterogametic,XY,8
Drosophila,aureata,Animalia|Insecta|Diptera|Drosophilidae|Drosophila|aureata,Achiasmatic Meiosis,Heterogametic,XY,12
Drosophila,austrosaltans,Animalia|Insecta|Diptera|Drosophilidae|Drosophila|austrosaltans,Achiasmatic Meiosis,Heterogametic,NA,6
Drosophila,azteca,Animalia|Insecta|Diptera|Drosophilidae|Drosophila|azteca,Achiasmatic Meiosis,Heterogametic,XY,10
Drosophila,baelladunni,Animalia|Insecta|Diptera|Drosophilidae|Drosophila|baelladunni,Achiasmatic Meiosis,Heterogametic,NA,8
Drosophila,baimaii,Animalia|Insecta|Diptera|Drosophilidae|Drosophila|baimaii,Achiasmatic Meiosis,Heterogametic,XY,6
Drosophila,bakoue,Animalia|Insecta|Diptera|Drosophilidae|Drosophila|bakoue,Achiasmatic Meiosis,Heterogametic,NA,8
Drosophila,balioptera,Animalia|Insecta|Diptera|Drosophilidae|Drosophila|balioptera,Achiasmatic Meiosis,Heterogametic,NA,12
Drosophila,bandeirantorum,Animalia|Insecta|Diptera|Drosophilidae|Drosophila|bandeirantorum,Achiasmatic Meiosis,Heterogametic,XY,12
Drosophila,barbarae,Animalia|Insecta|Diptera|Drosophilidae|Drosophila|barbarae,Achiasmatic Meiosis,Heterogametic,XY,6
Drosophila,basimacula,Animalia|Insecta|Diptera|Drosophilidae|Drosophila|basimacula,Achiasmatic Meiosis,Heterogametic,NA,12
Drosophila,basisetae,Animalia|Insecta|Diptera|Drosophilidae|Drosophila|basisetae,Achiasmatic Meiosis,Heterogametic,NA,12
Drosophila,bedicheki,Animalia|Insecta|Diptera|Drosophilidae|Drosophila|bedicheki,Achiasmatic Meiosis,Heterogametic,NA,8
Drosophila,belladunni,Animalia|Insecta|Diptera|Drosophilidae|Drosophila|belladunni,Achiasmatic Meiosis,Heterogametic,XY,8
Drosophila,betari,Animalia|Insecta|Diptera|Drosophilidae|Drosophila|betari,Achiasmatic Meiosis,Heterogametic,XY,10
Drosophila,biarmipes,Animalia|Insecta|Diptera|Drosophilidae|Drosophila|biarmipes,Achiasmatic Meiosis,Heterogametic,XY,8
Drosophila,biauraria,Animalia|Insecta|Diptera|Drosophilidae|Drosophila|biauraria,Achiasmatic Meiosis,Heterogametic,XY,6
Drosophila,bicornuta,Animalia|Insecta|Diptera|Drosophilidae|Drosophila|bicornuta,Achiasmatic Meiosis,Heterogametic,XY,8
Drosophila,bifasciata,Animalia|Insecta|Diptera|Drosophilidae|Drosophila|bifasciata,Achiasmatic Meiosis,Heterogametic,NA,10
Drosophila,bifasicata,Animalia|Insecta|Diptera|Drosophilidae|Drosophila|bifasicata,Achiasmatic Meiosis,Heterogametic,XY,10
Drosophila,bifurca,Animalia|Insecta|Diptera|Drosophilidae|Drosophila|bifurca,Achiasmatic Meiosis,Heterogametic,XY,12
Drosophila,biopaca,Animalia|Insecta|Diptera|Drosophilidae|Drosophila|biopaca,Achiasmatic Meiosis,Heterogametic,NA,6
Drosophila,bipectinata,Animalia|Insecta|Diptera|Drosophilidae|Drosophila|bipectinata,Achiasmatic Meiosis,Heterogametic,XY,8
Drosophila,bipunctata,Animalia|Insecta|Diptera|Drosophilidae|Drosophila|bipunctata,Achiasmatic Meiosis,Heterogametic,XY,12
Drosophila,birchii,Animalia|Insecta|Diptera|Drosophilidae|Drosophila|birchii,Achiasmatic Meiosis,Heterogametic,XY,8
Drosophila,biseriata,Animalia|Insecta|Diptera|Drosophilidae|Drosophila|biseriata,Achiasmatic Meiosis,Heterogametic,NA,10
Drosophila,biseriata-like,Animalia|Insecta|Diptera|Drosophilidae|Drosophila|biseriata-like,Achiasmatic Meiosis,Heterogametic,NA,12
Drosophila,bizonata,Animalia|Insecta|Diptera|Drosophilidae|Drosophila|bizonata,Achiasmatic Meiosis,Heterogametic,XY,8
Drosophila,blumelae,Animalia|Insecta|Diptera|Drosophilidae|Drosophila|blumelae,Achiasmatic Meiosis,Heterogametic,XY,12
Drosophila,bocainensis,Animalia|Insecta|Diptera|Drosophilidae|Drosophila|bocainensis,Achiasmatic Meiosis,Heterogametic,XY,6
Drosophila,bocainoides,Animalia|Insecta|Diptera|Drosophilidae|Drosophila|bocainoides,Achiasmatic Meiosis,Heterogametic,NA,6
Drosophila,bocki,Animalia|Insecta|Diptera|Drosophilidae|Drosophila|bocki,Achiasmatic Meiosis,Heterogametic,XY,8
Drosophila,bocqueti,Animalia|Insecta|Diptera|Drosophilidae|Drosophila|bocqueti,Achiasmatic Meiosis,Heterogametic,NA,8
Drosophila,borborema,Animalia|Insecta|Diptera|Drosophilidae|Drosophila|borborema,Achiasmatic Meiosis,Heterogametic,NA,12
Drosophila,borealis,Animalia|Insecta|Diptera|Drosophilidae|Drosophila|borealis,Achiasmatic Meiosis,Heterogametic,NA,10
Drosophila,bostrycha,Animalia|Insecta|Diptera|Drosophilidae|Drosophila|bostrycha,Achiasmatic Meiosis,Heterogametic,NA,12
Drosophila,brachynephros,Animalia|Insecta|Diptera|Drosophilidae|Drosophila|brachynephros,Achiasmatic Meiosis,Heterogametic,NA,12
Drosophila,brevicarinata,Animalia|Insecta|Diptera|Drosophilidae|Drosophila|brevicarinata,Achiasmatic Meiosis,Heterogametic,XY,12
Drosophila,briegeri,Animalia|Insecta|Diptera|Drosophilidae|Drosophila|briegeri,Achiasmatic Meiosis,Heterogametic,NA,8
Drosophila,bristle,Animalia|Insecta|Diptera|Drosophilidae|Drosophila|bristle,Achiasmatic Meiosis,Heterogametic,NA,10
Drosophila,brncici,Animalia|Insecta|Diptera|Drosophilidae|Drosophila|brncici,Achiasmatic Meiosis,Heterogametic,NA,10
Drosophila,bromeliae,Animalia|Insecta|Diptera|Drosophilidae|Drosophila|bromeliae,Achiasmatic Meiosis,Heterogametic,XY,8
Drosophila,bromelioides,Animalia|Insecta|Diptera|Drosophilidae|Drosophila|bromelioides,Achiasmatic Meiosis,Heterogametic,XY,8
Drosophila,brooksae,Animalia|Insecta|Diptera|Drosophilidae|Drosophila|brooksae,Achiasmatic Meiosis,Heterogametic,XY,8
Drosophila,brunneipalpa,Animalia|Insecta|Diptera|Drosophilidae|Drosophila|brunneipalpa,Achiasmatic Meiosis,Heterogametic,XY,12
Drosophila,brunneipennis,Animalia|Insecta|Diptera|Drosophilidae|Drosophila|brunneipennis,Achiasmatic Meiosis,Heterogametic,NA,12
Drosophila,bryani,Animalia|Insecta|Diptera|Drosophilidae|Drosophila|bryani,Achiasmatic Meiosis,Heterogametic,NA,6
Drosophila,busckii,Animalia|Insecta|Diptera|Drosophilidae|Drosophila|busckii,Achiasmatic Meiosis,Heterogametic,NA,6
Drosophila,buzzatii,Animalia|Insecta|Diptera|Drosophilidae|Drosophila|buzzatii,Achiasmatic Meiosis,Heterogametic,XY,12
Drosophila,californica,Animalia|Insecta|Diptera|Drosophilidae|Drosophila|californica,Achiasmatic Meiosis,Heterogametic,NA,8
Drosophila,calloptera,Animalia|Insecta|Diptera|Drosophilidae|Drosophila|calloptera,Achiasmatic Meiosis,Heterogametic,XY,10
Drosophila,camargoi,Animalia|Insecta|Diptera|Drosophilidae|Drosophila|camargoi,Achiasmatic Meiosis,Heterogametic,NA,8
Drosophila,camaronensis,Animalia|Insecta|Diptera|Drosophilidae|Drosophila|camaronensis,Achiasmatic Meiosis,Heterogametic,NA,10
Drosophila,canalinea,Animalia|Insecta|Diptera|Drosophilidae|Drosophila|canalinea,Achiasmatic Meiosis,Heterogametic,XY,6
Drosophila,canalinioides,Animalia|Insecta|Diptera|Drosophilidae|Drosophila|canalinioides,Achiasmatic Meiosis,Heterogametic,XY,12
Drosophila,canapalpa,Animalia|Insecta|Diptera|Drosophilidae|Drosophila|canapalpa,Achiasmatic Meiosis,Heterogametic,XY,12
Drosophila,cancellata,Animalia|Insecta|Diptera|Drosophilidae|Drosophila|cancellata,Achiasmatic Meiosis,Heterogametic,NA,10
Drosophila,caponei,Animalia|Insecta|Diptera|Drosophilidae|Drosophila|caponei,Achiasmatic Meiosis,Heterogametic,NA,8
Drosophila,capricorni,Animalia|Insecta|Diptera|Drosophilidae|Drosophila|capricorni,Achiasmatic Meiosis,Heterogametic,XY,6
Drosophila,carbonaria,Animalia|Insecta|Diptera|Drosophilidae|Drosophila|carbonaria,Achiasmatic Meiosis,Heterogametic,NA,12
Drosophila,carcinophila,Animalia|Insecta|Diptera|Drosophilidae|Drosophila|carcinophila,Achiasmatic Meiosis,Heterogametic,NA,10
Drosophila,cardini,Animalia|Insecta|Diptera|Drosophilidae|Drosophila|cardini,Achiasmatic Meiosis,Heterogametic,XY,12
Drosophila,cardinoides,Animalia|Insecta|Diptera|Drosophilidae|Drosophila|cardinoides,Achiasmatic Meiosis,Heterogametic,XY,8
Drosophila,caribaiana,Animalia|Insecta|Diptera|Drosophilidae|Drosophila|caribaiana,Achiasmatic Meiosis,Heterogametic,NA,8
Drosophila,carsoni,Animalia|Insecta|Diptera|Drosophilidae|Drosophila|carsoni,Achiasmatic Meiosis,Heterogametic,NA,12
Drosophila,castanea,Animalia|Insecta|Diptera|Drosophilidae|Drosophila|castanea,Achiasmatic Meiosis,Heterogametic,XY,8
Drosophila,centralis,Animalia|Insecta|Diptera|Drosophilidae|Drosophila|centralis,Achiasmatic Meiosis,Heterogametic,XY,12
Drosophila,chaetopeza,Animalia|Insecta|Diptera|Drosophilidae|Drosophila|chaetopeza,Achiasmatic Meiosis,Heterogametic,NA,12
Drosophila,chamundiensis,Animalia|Insecta|Diptera|Drosophilidae|Drosophila|chamundiensis,Achiasmatic Meiosis,Heterogametic,XY,8
Drosophila,cheda,Animalia|Insecta|Diptera|Drosophilidae|Drosophila|cheda,Achiasmatic Meiosis,Heterogametic,XY,8
Drosophila,ciliaticrus,Animalia|Insecta|Diptera|Drosophilidae|Drosophila|ciliaticrus,Achiasmatic Meiosis,Heterogametic,NA,12
Drosophila,cilifemorata,Animalia|Insecta|Diptera|Drosophilidae|Drosophila|cilifemorata,Achiasmatic Meiosis,Heterogametic,NA,12
Drosophila,cilifera,Animalia|Insecta|Diptera|Drosophilidae|Drosophila|cilifera,Achiasmatic Meiosis,Heterogametic,NA,12
Drosophila,circumdata,Animalia|Insecta|Diptera|Drosophilidae|Drosophila|circumdata,Achiasmatic Meiosis,Heterogametic,XY,12
Drosophila,clavisetae,Animalia|Insecta|Diptera|Drosophilidae|Drosophila|clavisetae,Achiasmatic Meiosis,Heterogametic,NA,12
Drosophila,claytonae,Animalia|Insecta|Diptera|Drosophilidae|Drosophila|claytonae,Achiasmatic Meiosis,Heterogametic,NA,12
Drosophila,cognata,Animalia|Insecta|Diptera|Drosophilidae|Drosophila|cognata,Achiasmatic Meiosis,Heterogametic,NA,12
Drosophila,colorata,Animalia|Insecta|Diptera|Drosophilidae|Drosophila|colorata,Achiasmatic Meiosis,Heterogametic,XY,12
Drosophila,comatifemora,Animalia|Insecta|Diptera|Drosophilidae|Drosophila|comatifemora,Achiasmatic Meiosis,Heterogametic,NA,12
Drosophila,confusa,Animalia|Insecta|Diptera|Drosophilidae|Drosophila|confusa,Achiasmatic Meiosis,Heterogametic,NA,12
Drosophila,conjectura,Animalia|Insecta|Diptera|Drosophilidae|Drosophila|conjectura,Achiasmatic Meiosis,Heterogametic,NA,12
Drosophila,conspicua,Animalia|Insecta|Diptera|Drosophilidae|Drosophila|conspicua,Achiasmatic Meiosis,Heterogametic,NA,12
Drosophila,converga,Animalia|Insecta|Diptera|Drosophilidae|Drosophila|converga,Achiasmatic Meiosis,Heterogametic,NA,12
Drosophila,coracina,Animalia|Insecta|Diptera|Drosophilidae|Drosophila|coracina,Achiasmatic Meiosis,Heterogametic,XY,8
Drosophila,cordata,Animalia|Insecta|Diptera|Drosophilidae|Drosophila|cordata,Achiasmatic Meiosis,Heterogametic,NA,6
Drosophila,coroica,Animalia|Insecta|Diptera|Drosophilidae|Drosophila|coroica,Achiasmatic Meiosis,Heterogametic,NA,12
Drosophila,crassifemur,Animalia|Insecta|Diptera|Drosophilidae|Drosophila|crassifemur,Achiasmatic Meiosis,Heterogametic,NA,10
Drosophila,crocina,Animalia|Insecta|Diptera|Drosophilidae|Drosophila|crocina,Achiasmatic Meiosis,Heterogametic,XY,12
Drosophila,crucigera,Animalia|Insecta|Diptera|Drosophilidae|Drosophila|crucigera,Achiasmatic Meiosis,Heterogametic,NA,12
Drosophila,cuauhtemoci,Animalia|Insecta|Diptera|Drosophilidae|Drosophila|cuauhtemoci,Achiasmatic Meiosis,Heterogametic,NA,10
Drosophila,curviceps,Animalia|Insecta|Diptera|Drosophilidae|Drosophila|curviceps,Achiasmatic Meiosis,Heterogametic,NA,8
Drosophila,cyrtoloma,Animalia|Insecta|Diptera|Drosophilidae|Drosophila|cyrtoloma,Achiasmatic Meiosis,Heterogametic,NA,12
Drosophila,davidi,Animalia|Insecta|Diptera|Drosophilidae|Drosophila|davidi,Achiasmatic Meiosis,Heterogametic,XY,8
Drosophila,deltaneuron,Animalia|Insecta|Diptera|Drosophilidae|Drosophila|deltaneuron,Achiasmatic Meiosis,Heterogametic,NA,8
Drosophila,denticulata,Animalia|Insecta|Diptera|Drosophilidae|Drosophila|denticulata,Achiasmatic Meiosis,Heterogametic,XY,6
Drosophila,desertorum,Animalia|Insecta|Diptera|Drosophilidae|Drosophila|desertorum,Achiasmatic Meiosis,Heterogametic,NA,12
Drosophila,diamphidiopoda,Animalia|Insecta|Diptera|Drosophilidae|Drosophila|diamphidiopoda,Achiasmatic Meiosis,Heterogametic,NA,12
Drosophila,differens,Animalia|Insecta|Diptera|Drosophilidae|Drosophila|differens,Achiasmatic Meiosis,Heterogametic,NA,12
Drosophila,digressa,Animalia|Insecta|Diptera|Drosophilidae|Drosophila|digressa,Achiasmatic Meiosis,Heterogametic,NA,12
Drosophila,diminuens,Animalia|Insecta|Diptera|Drosophilidae|Drosophila|diminuens,Achiasmatic Meiosis,Heterogametic,NA,12
Drosophila,discreta,Animalia|Insecta|Diptera|Drosophilidae|Drosophila|discreta,Achiasmatic Meiosis,Heterogametic,NA,12
Drosophila,disjuncta,Animalia|Insecta|Diptera|Drosophilidae|Drosophila|disjuncta,Achiasmatic Meiosis,Heterogametic,NA,12
Drosophila,dissita,Animalia|Insecta|Diptera|Drosophilidae|Drosophila|dissita,Achiasmatic Meiosis,Heterogametic,NA,12
Drosophila,disticha,Animalia|Insecta|Diptera|Drosophilidae|Drosophila|disticha,Achiasmatic Meiosis,Heterogametic,NA,12
Drosophila,distinguenda,Animalia|Insecta|Diptera|Drosophilidae|Drosophila|distinguenda,Achiasmatic Meiosis,Heterogametic,NA,12
Drosophila,divaricata,Animalia|Insecta|Diptera|Drosophilidae|Drosophila|divaricata,Achiasmatic Meiosis,Heterogametic,NA,12
Drosophila,dominicana,Animalia|Insecta|Diptera|Drosophilidae|Drosophila|dominicana,Achiasmatic Meiosis,Heterogametic,XY,8
Drosophila,dreyfusi,Animalia|Insecta|Diptera|Drosophilidae|Drosophila|dreyfusi,Achiasmatic Meiosis,Heterogametic,XY,6
Drosophila,duncani,Animalia|Insecta|Diptera|Drosophilidae|Drosophila|duncani,Achiasmatic Meiosis,Heterogametic,XY,10
Drosophila,dunni,Animalia|Insecta|Diptera|Drosophilidae|Drosophila|dunni,Achiasmatic Meiosis,Heterogametic,NA,8
Drosophila,earlei,Animalia|Insecta|Diptera|Drosophilidae|Drosophila|earlei,Achiasmatic Meiosis,Heterogametic,NA,6
Drosophila,eilifera,Animalia|Insecta|Diptera|Drosophilidae|Drosophila|eilifera,Achiasmatic Meiosis,Heterogametic,NA,12
Drosophila,elegans,Animalia|Insecta|Diptera|Drosophilidae|Drosophila|elegans,Achiasmatic Meiosis,Heterogametic,XY,10
Drosophila,elliptica,Animalia|Insecta|Diptera|Drosophilidae|Drosophila|elliptica,Achiasmatic Meiosis,Heterogametic,NA,6
Drosophila,emarginata,Animalia|Insecta|Diptera|Drosophilidae|Drosophila|emarginata,Achiasmatic Meiosis,Heterogametic,NA,6
Drosophila,endobranchia,Animalia|Insecta|Diptera|Drosophilidae|Drosophila|endobranchia,Achiasmatic Meiosis,Heterogametic,NA,8
Drosophila,engyochracea,Animalia|Insecta|Diptera|Drosophilidae|Drosophila|engyochracea,Achiasmatic Meiosis,Heterogametic,NA,12
Drosophila,enigma,Animalia|Insecta|Diptera|Drosophilidae|Drosophila|enigma,Achiasmatic Meiosis,Heterogametic,XY,12
Drosophila,entrichocnema,Animalia|Insecta|Diptera|Drosophilidae|Drosophila|entrichocnema,Achiasmatic Meiosis,Heterogametic,NA,12
Drosophila,eohydei,Animalia|Insecta|Diptera|Drosophilidae|Drosophila|eohydei,Achiasmatic Meiosis,Heterogametic,XY,12
Drosophila,equinioxialis,Animalia|Insecta|Diptera|Drosophilidae|Drosophila|equinioxialis,Achiasmatic Meiosis,Heterogametic,XY,6
Drosophila,ercepeae,Animalia|Insecta|Diptera|Drosophilidae|Drosophila|ercepeae,Achiasmatic Meiosis,Heterogametic,XY,8
Drosophila,erecta,Animalia|Insecta|Diptera|Drosophilidae|Drosophila|erecta,Achiasmatic Meiosis,Heterogametic,XY,8
Drosophila,eremophila,Animalia|Insecta|Diptera|Drosophilidae|Drosophila|eremophila,Achiasmatic Meiosis,Heterogametic,XY,12
Drosophila,eskoi,Animalia|Insecta|Diptera|Drosophilidae|Drosophila|eskoi,Achiasmatic Meiosis,Heterogametic,XY,10
Drosophila,eugracilis,Animalia|Insecta|Diptera|Drosophilidae|Drosophila|eugracilis,Achiasmatic Meiosis,Heterogametic,XY,6
Drosophila,euronotus,Animalia|Insecta|Diptera|Drosophilidae|Drosophila|euronotus,Achiasmatic Meiosis,Heterogametic,NA,10
Drosophila,eurypeza,Animalia|Insecta|Diptera|Drosophilidae|Drosophila|eurypeza,Achiasmatic Meiosis,Heterogametic,NA,12
Drosophila,ezoana,Animalia|Insecta|Diptera|Drosophilidae|Drosophila|ezoana,Achiasmatic Meiosis,Heterogametic,NA,12
Drosophila,facialba,Animalia|Insecta|Diptera|Drosophilidae|Drosophila|facialba,Achiasmatic Meiosis,Heterogametic,NA,10
Drosophila,fairchildi,Animalia|Insecta|Diptera|Drosophilidae|Drosophila|fairchildi,Achiasmatic Meiosis,Heterogametic,NA,10
Drosophila,falleni,Animalia|Insecta|Diptera|Drosophilidae|Drosophila|falleni,Achiasmatic Meiosis,Heterogametic,NA,12
Drosophila,fasciculisetae,Animalia|Insecta|Diptera|Drosophilidae|Drosophila|fasciculisetae,Achiasmatic Meiosis,Heterogametic,NA,12
Drosophila,fasciola,Animalia|Insecta|Diptera|Drosophilidae|Drosophila|fasciola,Achiasmatic Meiosis,Heterogametic,XY,12
Drosophila,fascioloides,Animalia|Insecta|Diptera|Drosophilidae|Drosophila|fascioloides,Achiasmatic Meiosis,Heterogametic,NA,8
Drosophila,ficusphila,Animalia|Insecta|Diptera|Drosophilidae|Drosophila|ficusphila,Achiasmatic Meiosis,Heterogametic,XY,8
Drosophila,flavibasis,Animalia|Insecta|Diptera|Drosophilidae|Drosophila|flavibasis,Achiasmatic Meiosis,Heterogametic,NA,12
Drosophila,flavomontana,Animalia|Insecta|Diptera|Drosophilidae|Drosophila|flavomontana,Achiasmatic Meiosis,Heterogametic,NA,12
Drosophila,flavopilosa,Animalia|Insecta|Diptera|Drosophilidae|Drosophila|flavopilosa,Achiasmatic Meiosis,Heterogametic,NA,12
Drosophila,flavopinicola,Animalia|Insecta|Diptera|Drosophilidae|Drosophila|flavopinicola,Achiasmatic Meiosis,Heterogametic,XY,12
Drosophila,flavorepleta,Animalia|Insecta|Diptera|Drosophilidae|Drosophila|flavorepleta,Achiasmatic Meiosis,Heterogametic,XY,12
Drosophila,flexipes,Animalia|Insecta|Diptera|Drosophilidae|Drosophila|flexipes,Achiasmatic Meiosis,Heterogametic,NA,12
Drosophila,florae,Animalia|Insecta|Diptera|Drosophilidae|Drosophila|florae,Achiasmatic Meiosis,Heterogametic,XY,8
Drosophila,formella,Animalia|Insecta|Diptera|Drosophilidae|Drosophila|formella,Achiasmatic Meiosis,Heterogametic,XY,12
Drosophila,fragilis,Animalia|Insecta|Diptera|Drosophilidae|Drosophila|fragilis,Achiasmatic Meiosis,Heterogametic,NA,14
Drosophila,freycinetiae,Animalia|Insecta|Diptera|Drosophilidae|Drosophila|freycinetiae,Achiasmatic Meiosis,Heterogametic,NA,12
Drosophila,fuliginea,Animalia|Insecta|Diptera|Drosophilidae|Drosophila|fuliginea,Achiasmatic Meiosis,Heterogametic,XY,8
Drosophila,fulvalineata,Animalia|Insecta|Diptera|Drosophilidae|Drosophila|fulvalineata,Achiasmatic Meiosis,Heterogametic,XY,12
Drosophila,fulvimacula,Animalia|Insecta|Diptera|Drosophilidae|Drosophila|fulvimacula,Achiasmatic Meiosis,Heterogametic,NA,12
Drosophila,fulvimaculoides,Animalia|Insecta|Diptera|Drosophilidae|Drosophila|fulvimaculoides,Achiasmatic Meiosis,Heterogametic,XY,12
Drosophila,fumida,Animalia|Insecta|Diptera|Drosophilidae|Drosophila|fumida,Achiasmatic Meiosis,Heterogametic,XY,8
Drosophila,fumipennis,Animalia|Insecta|Diptera|Drosophilidae|Drosophila|fumipennis,Achiasmatic Meiosis,Heterogametic,XY,6
Drosophila,fumosa,Animalia|Insecta|Diptera|Drosophilidae|Drosophila|fumosa,Achiasmatic Meiosis,Heterogametic,XY,8
Drosophila,funebris,Animalia|Insecta|Diptera|Drosophilidae|Drosophila|funebris,Achiasmatic Meiosis,Heterogametic,NA,12
Drosophila,fuscoamoeba,Animalia|Insecta|Diptera|Drosophilidae|Drosophila|fuscoamoeba,Achiasmatic Meiosis,Heterogametic,NA,12
Drosophila,gasici,Animalia|Insecta|Diptera|Drosophilidae|Drosophila|gasici,Achiasmatic Meiosis,Heterogametic,NA,10
Drosophila,gaucha,Animalia|Insecta|Diptera|Drosophilidae|Drosophila|gaucha,Achiasmatic Meiosis,Heterogametic,NA,10
Drosophila,gibberosa,Animalia|Insecta|Diptera|Drosophilidae|Drosophila|gibberosa,Achiasmatic Meiosis,Heterogametic,XY,10
Drosophila,giriensis,Animalia|Insecta|Diptera|Drosophilidae|Drosophila|giriensis,Achiasmatic Meiosis,Heterogametic,XY,8
Drosophila,glabriapex,Animalia|Insecta|Diptera|Drosophilidae|Drosophila|glabriapex,Achiasmatic Meiosis,Heterogametic,NA,12
Drosophila,goureaui,Animalia|Insecta|Diptera|Drosophilidae|Drosophila|goureaui,Achiasmatic Meiosis,Heterogametic,NA,12
Drosophila,gradata,Animalia|Insecta|Diptera|Drosophilidae|Drosophila|gradata,Achiasmatic Meiosis,Heterogametic,NA,12
Drosophila,greeni,Animalia|Insecta|Diptera|Drosophilidae|Drosophila|greeni,Achiasmatic Meiosis,Heterogametic,NA,8
Drosophila,greerae,Animalia|Insecta|Diptera|Drosophilidae|Drosophila|greerae,Achiasmatic Meiosis,Heterogametic,XY,12
Drosophila,grimshawi,Animalia|Insecta|Diptera|Drosophilidae|Drosophila|grimshawi,Achiasmatic Meiosis,Heterogametic,NA,12
Drosophila,grisea,Animalia|Insecta|Diptera|Drosophilidae|Drosophila|grisea,Achiasmatic Meiosis,Heterogametic,XO,12
Drosophila,griseolineata,Animalia|Insecta|Diptera|Drosophilidae|Drosophila|griseolineata,Achiasmatic Meiosis,Heterogametic,XY,12
Drosophila,guanche,Animalia|Insecta|Diptera|Drosophilidae|Drosophila|guanche,Achiasmatic Meiosis,Heterogametic,XY,10
Drosophila,guaraja,Animalia|Insecta|Diptera|Drosophilidae|Drosophila|guaraja,Achiasmatic Meiosis,Heterogametic,XY,10
Drosophila,guaramunu,Animalia|Insecta|Diptera|Drosophilidae|Drosophila|guaramunu,Achiasmatic Meiosis,Heterogametic,XY,12
Drosophila,guarani,Animalia|Insecta|Diptera|Drosophilidae|Drosophila|guarani,Achiasmatic Meiosis,Heterogametic,XY,12
Drosophila,guaru,Animalia|Insecta|Diptera|Drosophilidae|Drosophila|guaru,Achiasmatic Meiosis,Heterogametic,XY,12
Drosophila,guttifera,Animalia|Insecta|Diptera|Drosophilidae|Drosophila|guttifera,Achiasmatic Meiosis,Heterogametic,XY,12
Drosophila,gymnobasis,Animalia|Insecta|Diptera|Drosophilidae|Drosophila|gymnobasis,Achiasmatic Meiosis,Heterogametic,NA,12
Drosophila,gymnophallus,Animalia|Insecta|Diptera|Drosophilidae|Drosophila|gymnophallus,Achiasmatic Meiosis,Heterogametic,NA,12
Drosophila,hamatofila,Animalia|Insecta|Diptera|Drosophilidae|Drosophila|hamatofila,Achiasmatic Meiosis,Heterogametic,XY,12
Drosophila,hamifera,Animalia|Insecta|Diptera|Drosophilidae|Drosophila|hamifera,Achiasmatic Meiosis,Heterogametic,NA,12
Drosophila,hanaulae,Animalia|Insecta|Diptera|Drosophilidae|Drosophila|hanaulae,Achiasmatic Meiosis,Heterogametic,NA,12
Drosophila,hawaiiensis,Animalia|Insecta|Diptera|Drosophilidae|Drosophila|hawaiiensis,Achiasmatic Meiosis,Heterogametic,NA,12
Drosophila,heedi,Animalia|Insecta|Diptera|Drosophilidae|Drosophila|heedi,Achiasmatic Meiosis,Heterogametic,NA,12
Drosophila,helvetica,Animalia|Insecta|Diptera|Drosophilidae|Drosophila|helvetica,Achiasmatic Meiosis,Heterogametic,NA,10
Drosophila,hemipeza,Animalia|Insecta|Diptera|Drosophilidae|Drosophila|hemipeza,Achiasmatic Meiosis,Heterogametic,NA,12
Drosophila,heterobristalis,Animalia|Insecta|Diptera|Drosophilidae|Drosophila|heterobristalis,Achiasmatic Meiosis,Heterogametic,XY,8
Drosophila,heteroneura,Animalia|Insecta|Diptera|Drosophilidae|Drosophila|heteroneura,Achiasmatic Meiosis,Heterogametic,NA,12
Drosophila,hexachaetae,Animalia|Insecta|Diptera|Drosophilidae|Drosophila|hexachaetae,Achiasmatic Meiosis,Heterogametic,NA,12
Drosophila,hexastigma,Animalia|Insecta|Diptera|Drosophilidae|Drosophila|hexastigma,Achiasmatic Meiosis,Heterogametic,XY,12
Drosophila,hexastriata,Animalia|Insecta|Diptera|Drosophilidae|Drosophila|hexastriata,Achiasmatic Meiosis,Heterogametic,NA,8
Drosophila,hirtipalpus,Animalia|Insecta|Diptera|Drosophilidae|Drosophila|hirtipalpus,Achiasmatic Meiosis,Heterogametic,NA,12
Drosophila,histrio,Animalia|Insecta|Diptera|Drosophilidae|Drosophila|histrio,Achiasmatic Meiosis,Heterogametic,XY,12
Drosophila,howensis,Animalia|Insecta|Diptera|Drosophilidae|Drosophila|howensis,Achiasmatic Meiosis,Heterogametic,XY,12
Drosophila,hydei,Animalia|Insecta|Diptera|Drosophilidae|Drosophila|hydei,Achiasmatic Meiosis,Heterogametic,XY,12
Drosophila,hydeoides,Animalia|Insecta|Diptera|Drosophilidae|Drosophila|hydeoides,Achiasmatic Meiosis,Heterogametic,XY,12
Drosophila,hypocausta,Animalia|Insecta|Diptera|Drosophilidae|Drosophila|hypocausta,Achiasmatic Meiosis,Heterogametic,NA,8
Drosophila,hystricosa,Animalia|Insecta|Diptera|Drosophilidae|Drosophila|hystricosa,Achiasmatic Meiosis,Heterogametic,NA,10
Drosophila,imaii,Animalia|Insecta|Diptera|Drosophilidae|Drosophila|imaii,Achiasmatic Meiosis,Heterogametic,XY,12
Drosophila,imeretensis,Animalia|Insecta|Diptera|Drosophilidae|Drosophila|imeretensis,Achiasmatic Meiosis,Heterogametic,XY,10
Drosophila,immigrans,Animalia|Insecta|Diptera|Drosophilidae|Drosophila|immigrans,Achiasmatic Meiosis,Heterogametic,XY,8
Drosophila,immigrans-like,Animalia|Insecta|Diptera|Drosophilidae|Drosophila|immigrans-like,Achiasmatic Meiosis,Heterogametic,NA,12
Drosophila,imparisetae,Animalia|Insecta|Diptera|Drosophilidae|Drosophila|imparisetae,Achiasmatic Meiosis,Heterogametic,NA,12
Drosophila,inca,Animalia|Insecta|Diptera|Drosophilidae|Drosophila|inca,Achiasmatic Meiosis,Heterogametic,NA,12
Drosophila,inedita,Animalia|Insecta|Diptera|Drosophilidae|Drosophila|inedita,Achiasmatic Meiosis,Heterogametic,NA,12
Drosophila,inflatus,Animalia|Insecta|Diptera|Drosophilidae|Drosophila|inflatus,Achiasmatic Meiosis,Heterogametic,NA,10
Drosophila,infuscata,Animalia|Insecta|Diptera|Drosophilidae|Drosophila|infuscata,Achiasmatic Meiosis,Heterogametic,NA,12
Drosophila,ingens,Animalia|Insecta|Diptera|Drosophilidae|Drosophila|ingens,Achiasmatic Meiosis,Heterogametic,NA,12
Drosophila,innubila,Animalia|Insecta|Diptera|Drosophilidae|Drosophila|innubila,Achiasmatic Meiosis,Heterogametic,XY,12
Drosophila,insularis,Animalia|Insecta|Diptera|Drosophilidae|Drosophila|insularis,Achiasmatic Meiosis,Heterogametic,NA,6
Drosophila,ischnotrix,Animalia|Insecta|Diptera|Drosophilidae|Drosophila|ischnotrix,Achiasmatic Meiosis,Heterogametic,NA,8
Drosophila,jambulina,Animalia|Insecta|Diptera|Drosophilidae|Drosophila|jambulina,Achiasmatic Meiosis,Heterogametic,XY,8
Drosophila,johnstonae,Animalia|Insecta|Diptera|Drosophilidae|Drosophila|johnstonae,Achiasmatic Meiosis,Heterogametic,XY,12
Drosophila,kambysellisi,Animalia|Insecta|Diptera|Drosophilidae|Drosophila|kambysellisi,Achiasmatic Meiosis,Heterogametic,NA,12
Drosophila,kanapiae,Animalia|Insecta|Diptera|Drosophilidae|Drosophila|kanapiae,Achiasmatic Meiosis,Heterogametic,XY,6
Drosophila,kanekoi,Animalia|Insecta|Diptera|Drosophilidae|Drosophila|kanekoi,Achiasmatic Meiosis,Heterogametic,XY,12
Drosophila,kauluai,Animalia|Insecta|Diptera|Drosophilidae|Drosophila|kauluai,Achiasmatic Meiosis,Heterogametic,NA,12
Drosophila,kepulauana,Animalia|Insecta|Diptera|Drosophilidae|Drosophila|kepulauana,Achiasmatic Meiosis,Heterogametic,XY,8
Drosophila,khaoyana,Animalia|Insecta|Diptera|Drosophilidae|Drosophila|khaoyana,Achiasmatic Meiosis,Heterogametic,XY,6
Drosophila,kikkawai,Animalia|Insecta|Diptera|Drosophilidae|Drosophila|kikkawai,Achiasmatic Meiosis,Heterogametic,XY,8
Drosophila,kohkoa,Animalia|Insecta|Diptera|Drosophilidae|Drosophila|kohkoa,Achiasmatic Meiosis,Heterogametic,XY,8
Drosophila,komaii,Animalia|Insecta|Diptera|Drosophilidae|Drosophila|komaii,Achiasmatic Meiosis,Heterogametic,XY,8
Drosophila,lacertosa,Animalia|Insecta|Diptera|Drosophilidae|Drosophila|lacertosa,Achiasmatic Meiosis,Heterogametic,NA,12
Drosophila,lacicola,Animalia|Insecta|Diptera|Drosophilidae|Drosophila|lacicola,Achiasmatic Meiosis,Heterogametic,NA,12
Drosophila,lacteicornis,Animalia|Insecta|Diptera|Drosophilidae|Drosophila|lacteicornis,Achiasmatic Meiosis,Heterogametic,XY,8
Drosophila,lamottei,Animalia|Insecta|Diptera|Drosophilidae|Drosophila|lamottei,Achiasmatic Meiosis,Heterogametic,XY,6
Drosophila,lasiopoda,Animalia|Insecta|Diptera|Drosophilidae|Drosophila|lasiopoda,Achiasmatic Meiosis,Heterogametic,NA,12
Drosophila,latifasciaeformis,Animalia|Insecta|Diptera|Drosophilidae|Drosophila|latifasciaeformis,Achiasmatic Meiosis,Heterogametic,NA,6
Drosophila,latifshahi,Animalia|Insecta|Diptera|Drosophilidae|Drosophila|latifshahi,Achiasmatic Meiosis,Heterogametic,XY,12
Drosophila,lativittata,Animalia|Insecta|Diptera|Drosophilidae|Drosophila|lativittata,Achiasmatic Meiosis,Heterogametic,XY,12
Drosophila,lebanonensis,Animalia|Insecta|Diptera|Drosophilidae|Drosophila|lebanonensis,Achiasmatic Meiosis,Heterogametic,NA,8
Drosophila,leonis,Animalia|Insecta|Diptera|Drosophilidae|Drosophila|leonis,Achiasmatic Meiosis,Heterogametic,XY,12
Drosophila,leontia,Animalia|Insecta|Diptera|Drosophilidae|Drosophila|leontia,Achiasmatic Meiosis,Heterogametic,XY,8
Drosophila,limbinervis,Animalia|Insecta|Diptera|Drosophilidae|Drosophila|limbinervis,Achiasmatic Meiosis,Heterogametic,XY,12
Drosophila,limensis,Animalia|Insecta|Diptera|Drosophilidae|Drosophila|limensis,Achiasmatic Meiosis,Heterogametic,XY,12
Drosophila,limitata,Animalia|Insecta|Diptera|Drosophilidae|Drosophila|limitata,Achiasmatic Meiosis,Heterogametic,NA,12
Drosophila,limpiensis,Animalia|Insecta|Diptera|Drosophilidae|Drosophila|limpiensis,Achiasmatic Meiosis,Heterogametic,XY,12
Drosophila,linearepleta,Animalia|Insecta|Diptera|Drosophilidae|Drosophila|linearepleta,Achiasmatic Meiosis,Heterogametic,NA,12
Drosophila,lineosetae,Animalia|Insecta|Diptera|Drosophilidae|Drosophila|lineosetae,Achiasmatic Meiosis,Heterogametic,NA,12
Drosophila,lini,Animalia|Insecta|Diptera|Drosophilidae|Drosophila|lini,Achiasmatic Meiosis,Heterogametic,XY,8
Drosophila,liophallus,Animalia|Insecta|Diptera|Drosophilidae|Drosophila|liophallus,Achiasmatic Meiosis,Heterogametic,NA,12
Drosophila,littoralis,Animalia|Insecta|Diptera|Drosophilidae|Drosophila|littoralis,Achiasmatic Meiosis,Heterogametic,NA,12
Drosophila,longala,Animalia|Insecta|Diptera|Drosophilidae|Drosophila|longala,Achiasmatic Meiosis,Heterogametic,XO,12
Drosophila,longicornis,Animalia|Insecta|Diptera|Drosophilidae|Drosophila|longicornis,Achiasmatic Meiosis,Heterogametic,XY,12
Drosophila,longiseta,Animalia|Insecta|Diptera|Drosophilidae|Drosophila|longiseta,Achiasmatic Meiosis,Heterogametic,XY,12
Drosophila,lowei,Animalia|Insecta|Diptera|Drosophilidae|Drosophila|lowei,Achiasmatic Meiosis,Heterogametic,XY,10
Drosophila,lucipennis,Animalia|Insecta|Diptera|Drosophilidae|Drosophila|lucipennis,Achiasmatic Meiosis,Heterogametic,XY,6
Drosophila,lummei,Animalia|Insecta|Diptera|Drosophilidae|Drosophila|lummei,Achiasmatic Meiosis,Heterogametic,NA,12
Drosophila,lusaltans,Animalia|Insecta|Diptera|Drosophilidae|Drosophila|lusaltans,Achiasmatic Meiosis,Heterogametic,NA,6
Drosophila,lutea,Animalia|Insecta|Diptera|Drosophilidae|Drosophila|lutea,Achiasmatic Meiosis,Heterogametic,XY,8
Drosophila,lutescens,Animalia|Insecta|Diptera|Drosophilidae|Drosophila|lutescens,Achiasmatic Meiosis,Heterogametic,XY,8
Drosophila,macroptera,Animalia|Insecta|Diptera|Drosophilidae|Drosophila|macroptera,Achiasmatic Meiosis,Heterogametic,NA,12
Drosophila,macrospina,Animalia|Insecta|Diptera|Drosophilidae|Drosophila|macrospina,Achiasmatic Meiosis,Heterogametic,XY,12
Drosophila,macrothrix,Animalia|Insecta|Diptera|Drosophilidae|Drosophila|macrothrix,Achiasmatic Meiosis,Heterogametic,NA,12
Drosophila,magnaquinaria,Animalia|Insecta|Diptera|Drosophilidae|Drosophila|magnaquinaria,Achiasmatic Meiosis,Heterogametic,XY,12
Drosophila,mainlandi,Animalia|Insecta|Diptera|Drosophilidae|Drosophila|mainlandi,Achiasmatic Meiosis,Heterogametic,XY,12
Drosophila,malerkotliana,Animalia|Insecta|Diptera|Drosophilidae|Drosophila|malerkotliana,Achiasmatic Meiosis,Heterogametic,XY,8
Drosophila,mangabeirai,Animalia|Insecta|Diptera|Drosophilidae|Drosophila|mangabeirai,Achiasmatic Meiosis,Heterogametic,NA,6
Drosophila,martensis,Animalia|Insecta|Diptera|Drosophilidae|Drosophila|martensis,Achiasmatic Meiosis,Heterogametic,NA,12
Drosophila,mathisis,Animalia|Insecta|Diptera|Drosophilidae|Drosophila|mathisis,Achiasmatic Meiosis,Heterogametic,XY,12
Drosophila,mauritiana,Animalia|Insecta|Diptera|Drosophilidae|Drosophila|mauritiana,Achiasmatic Meiosis,Heterogametic,XY,8
Drosophila,mayri,Animalia|Insecta|Diptera|Drosophilidae|Drosophila|mayri,Achiasmatic Meiosis,Heterogametic,XY,8
Drosophila,mcclintockae,Animalia|Insecta|Diptera|Drosophilidae|Drosophila|mcclintockae,Achiasmatic Meiosis,Heterogametic,XY,10
Drosophila,mediodiffusa,Animalia|Insecta|Diptera|Drosophilidae|Drosophila|mediodiffusa,Achiasmatic Meiosis,Heterogametic,XY,12
Drosophila,medionotata,Animalia|Insecta|Diptera|Drosophilidae|Drosophila|medionotata,Achiasmatic Meiosis,Heterogametic,XY,12
Drosophila,mediopictoides,Animalia|Insecta|Diptera|Drosophilidae|Drosophila|mediopictoides,Achiasmatic Meiosis,Heterogametic,NA,12
Drosophila,mediopunctata,Animalia|Insecta|Diptera|Drosophilidae|Drosophila|mediopunctata,Achiasmatic Meiosis,Heterogametic,XY,10
Drosophila,mediosignata,Animalia|Insecta|Diptera|Drosophilidae|Drosophila|mediosignata,Achiasmatic Meiosis,Heterogametic,XY,12
Drosophila,mediostriata,Animalia|Insecta|Diptera|Drosophilidae|Drosophila|mediostriata,Achiasmatic Meiosis,Heterogametic,XY,12
Drosophila,meitanensis,Animalia|Insecta|Diptera|Drosophilidae|Drosophila|meitanensis,Achiasmatic Meiosis,Heterogametic,XY,8
Drosophila,melanica,Animalia|Insecta|Diptera|Drosophilidae|Drosophila|melanica,Achiasmatic Meiosis,Heterogametic,XY,10
Drosophila,melanocephala,Animalia|Insecta|Diptera|Drosophilidae|Drosophila|melanocephala,Achiasmatic Meiosis,Heterogametic,NA,12
Drosophila,melanogaster,Animalia|Insecta|Diptera|Drosophilidae|Drosophila|melanogaster,Achiasmatic Meiosis,Heterogametic,XY,8
Drosophila,melanopalpa,Animalia|Insecta|Diptera|Drosophilidae|Drosophila|melanopalpa,Achiasmatic Meiosis,Heterogametic,XY,12
Drosophila,melanosoma,Animalia|Insecta|Diptera|Drosophilidae|Drosophila|melanosoma,Achiasmatic Meiosis,Heterogametic,NA,12
Drosophila,melanospila,Animalia|Insecta|Diptera|Drosophilidae|Drosophila|melanospila,Achiasmatic Meiosis,Heterogametic,XY,12
Drosophila,melanura,Animalia|Insecta|Diptera|Drosophilidae|Drosophila|melanura,Achiasmatic Meiosis,Heterogametic,XY,10
Drosophila,mercatorum,Animalia|Insecta|Diptera|Drosophilidae|Drosophila|mercatorum,Achiasmatic Meiosis,Heterogametic,XY,10
Drosophila,meridiana,Animalia|Insecta|Diptera|Drosophilidae|Drosophila|meridiana,Achiasmatic Meiosis,Heterogametic,XY,12
Drosophila,meridionalis,Animalia|Insecta|Diptera|Drosophilidae|Drosophila|meridionalis,Achiasmatic Meiosis,Heterogametic,NA,10
Drosophila,mesophragmatica,Animalia|Insecta|Diptera|Drosophilidae|Drosophila|mesophragmatica,Achiasmatic Meiosis,Heterogametic,XY,10
Drosophila,mettleri,Animalia|Insecta|Diptera|Drosophilidae|Drosophila|mettleri,Achiasmatic Meiosis,Heterogametic,XY,12
Drosophila,metzii,Animalia|Insecta|Diptera|Drosophilidae|Drosophila|metzii,Achiasmatic Meiosis,Heterogametic,XY,12
Drosophila,micromelanica,Animalia|Insecta|Diptera|Drosophilidae|Drosophila|micromelanica,Achiasmatic Meiosis,Heterogametic,XY,10
Drosophila,micromyia,Animalia|Insecta|Diptera|Drosophilidae|Drosophila|micromyia,Achiasmatic Meiosis,Heterogametic,NA,14
Drosophila,mimetica,Animalia|Insecta|Diptera|Drosophilidae|Drosophila|mimetica,Achiasmatic Meiosis,Heterogametic,XY,8
Drosophila,mimica,Animalia|Insecta|Diptera|Drosophilidae|Drosophila|mimica,Achiasmatic Meiosis,Heterogametic,NA,12
Drosophila,mimica-like,Animalia|Insecta|Diptera|Drosophilidae|Drosophila|mimica-like,Achiasmatic Meiosis,Heterogametic,NA,12
Drosophila,miranda,Animalia|Insecta|Diptera|Drosophilidae|Drosophila|miranda,Achiasmatic Meiosis,Heterogametic,XY,10
Drosophila,mitchelli,Animalia|Insecta|Diptera|Drosophilidae|Drosophila|mitchelli,Achiasmatic Meiosis,Heterogametic,NA,12
Drosophila,modified,Animalia|Insecta|Diptera|Drosophilidae|Drosophila|modified,Achiasmatic Meiosis,Heterogametic,NA,8
Drosophila,mojavensis,Animalia|Insecta|Diptera|Drosophilidae|Drosophila|mojavensis,Achiasmatic Meiosis,Heterogametic,XY,12
Drosophila,moju,Animalia|Insecta|Diptera|Drosophilidae|Drosophila|moju,Achiasmatic Meiosis,Heterogametic,XY,12
Drosophila,mojuoides,Animalia|Insecta|Diptera|Drosophilidae|Drosophila|mojuoides,Achiasmatic Meiosis,Heterogametic,NA,12
Drosophila,montana,Animalia|Insecta|Diptera|Drosophilidae|Drosophila|montana,Achiasmatic Meiosis,Heterogametic,NA,12
Drosophila,montgomeryi,Animalia|Insecta|Diptera|Drosophilidae|Drosophila|montgomeryi,Achiasmatic Meiosis,Heterogametic,NA,12
Drosophila,montium,Animalia|Insecta|Diptera|Drosophilidae|Drosophila|montium,Achiasmatic Meiosis,Heterogametic,XY,8
Drosophila,moriwakii,Animalia|Insecta|Diptera|Drosophilidae|Drosophila|moriwakii,Achiasmatic Meiosis,Heterogametic,NA,12
Drosophila,mulleri,Animalia|Insecta|Diptera|Drosophilidae|Drosophila|mulleri,Achiasmatic Meiosis,Heterogametic,NA,12
Drosophila,munda,Animalia|Insecta|Diptera|Drosophilidae|Drosophila|munda,Achiasmatic Meiosis,Heterogametic,NA,8
Drosophila,murphyi,Animalia|Insecta|Diptera|Drosophilidae|Drosophila|murphyi,Achiasmatic Meiosis,Heterogametic,NA,12
Drosophila,musaphila,Animalia|Insecta|Diptera|Drosophilidae|Drosophila|musaphila,Achiasmatic Meiosis,Heterogametic,NA,12
Drosophila,mutandis,Animalia|Insecta|Diptera|Drosophilidae|Drosophila|mutandis,Achiasmatic Meiosis,Heterogametic,XY,12
Drosophila,mycetophila,Animalia|Insecta|Diptera|Drosophilidae|Drosophila|mycetophila,Achiasmatic Meiosis,Heterogametic,NA,12
Drosophila,mysorensis,Animalia|Insecta|Diptera|Drosophilidae|Drosophila|mysorensis,Achiasmatic Meiosis,Heterogametic,XY,8
Drosophila,n.,Animalia|Insecta|Diptera|Drosophilidae|Drosophila|n.,Achiasmatic Meiosis,Heterogametic,NA,12
Drosophila,n.sp.,Animalia|Insecta|Diptera|Drosophilidae|Drosophila|n.sp.,Achiasmatic Meiosis,Heterogametic,NA,10
Drosophila,nagarholensis,Animalia|Insecta|Diptera|Drosophilidae|Drosophila|nagarholensis,Achiasmatic Meiosis,Heterogametic,XY,8
Drosophila,nannoptera,Animalia|Insecta|Diptera|Drosophilidae|Drosophila|nannoptera,Achiasmatic Meiosis,Heterogametic,XY,10
Drosophila,narragansett,Animalia|Insecta|Diptera|Drosophilidae|Drosophila|narragansett,Achiasmatic Meiosis,Heterogametic,XY,10
Drosophila,nasalis,Animalia|Insecta|Diptera|Drosophilidae|Drosophila|nasalis,Achiasmatic Meiosis,Heterogametic,NA,10
Drosophila,nasuta,Animalia|Insecta|Diptera|Drosophilidae|Drosophila|nasuta,Achiasmatic Meiosis,Heterogametic,XY,8
Drosophila,nasutoides,Animalia|Insecta|Diptera|Drosophilidae|Drosophila|nasutoides,Achiasmatic Meiosis,Heterogametic,XY,8
Drosophila,nebulosa,Animalia|Insecta|Diptera|Drosophilidae|Drosophila|nebulosa,Achiasmatic Meiosis,Heterogametic,NA,8
Drosophila,neocardini,Animalia|Insecta|Diptera|Drosophilidae|Drosophila|neocardini,Achiasmatic Meiosis,Heterogametic,XY,8
Drosophila,neocordata,Animalia|Insecta|Diptera|Drosophilidae|Drosophila|neocordata,Achiasmatic Meiosis,Heterogametic,NA,6
Drosophila,neoelliptica,Animalia|Insecta|Diptera|Drosophilidae|Drosophila|neoelliptica,Achiasmatic Meiosis,Heterogametic,NA,6
Drosophila,neogrimshawi,Animalia|Insecta|Diptera|Drosophilidae|Drosophila|neogrimshawi,Achiasmatic Meiosis,Heterogametic,NA,12
Drosophila,neoguaramunu,Animalia|Insecta|Diptera|Drosophilidae|Drosophila|neoguaramunu,Achiasmatic Meiosis,Heterogametic,XY,6
Drosophila,neohydei,Animalia|Insecta|Diptera|Drosophilidae|Drosophila|neohydei,Achiasmatic Meiosis,Heterogametic,XY,12
Drosophila,neohypocausta,Animalia|Insecta|Diptera|Drosophilidae|Drosophila|neohypocausta,Achiasmatic Meiosis,Heterogametic,XY,6
Drosophila,neomorpha,Animalia|Insecta|Diptera|Drosophilidae|Drosophila|neomorpha,Achiasmatic Meiosis,Heterogametic,XY,8
Drosophila,neonasuta,Animalia|Insecta|Diptera|Drosophilidae|Drosophila|neonasuta,Achiasmatic Meiosis,Heterogametic,XY,8
Drosophila,neoperkinsi,Animalia|Insecta|Diptera|Drosophilidae|Drosophila|neoperkinsi,Achiasmatic Meiosis,Heterogametic,NA,12
Drosophila,neopicta,Animalia|Insecta|Diptera|Drosophilidae|Drosophila|neopicta,Achiasmatic Meiosis,Heterogametic,NA,12
Drosophila,neorepleta,Animalia|Insecta|Diptera|Drosophilidae|Drosophila|neorepleta,Achiasmatic Meiosis,Heterogametic,XY,12
Drosophila,neosaltans,Animalia|Insecta|Diptera|Drosophilidae|Drosophila|neosaltans,Achiasmatic Meiosis,Heterogametic,NA,6
Drosophila,nepalensis,Animalia|Insecta|Diptera|Drosophilidae|Drosophila|nepalensis,Achiasmatic Meiosis,Heterogametic,XY,8
Drosophila,nesoetes,Animalia|Insecta|Diptera|Drosophilidae|Drosophila|nesoetes,Achiasmatic Meiosis,Heterogametic,XY,8
Drosophila,nigra,Animalia|Insecta|Diptera|Drosophilidae|Drosophila|nigra,Achiasmatic Meiosis,Heterogametic,NA,12
Drosophila,nigribasis,Animalia|Insecta|Diptera|Drosophilidae|Drosophila|nigribasis,Achiasmatic Meiosis,Heterogametic,NA,12
Drosophila,nigricruria,Animalia|Insecta|Diptera|Drosophilidae|Drosophila|nigricruria,Achiasmatic Meiosis,Heterogametic,XY,12
Drosophila,nigrifacies,Animalia|Insecta|Diptera|Drosophilidae|Drosophila|nigrifacies,Achiasmatic Meiosis,Heterogametic,NA,12
Drosophila,nigrilineata,Animalia|Insecta|Diptera|Drosophilidae|Drosophila|nigrilineata,Achiasmatic Meiosis,Heterogametic,NA,12
Drosophila,nigrodunni,Animalia|Insecta|Diptera|Drosophilidae|Drosophila|nigrodunni,Achiasmatic Meiosis,Heterogametic,NA,8
Drosophila,nigrohydei,Animalia|Insecta|Diptera|Drosophilidae|Drosophila|nigrohydei,Achiasmatic Meiosis,Heterogametic,XY,12
Drosophila,nigromaculata,Animalia|Insecta|Diptera|Drosophilidae|Drosophila|nigromaculata,Achiasmatic Meiosis,Heterogametic,NA,12
Drosophila,nigromelanica,Animalia|Insecta|Diptera|Drosophilidae|Drosophila|nigromelanica,Achiasmatic Meiosis,Heterogametic,NA,10
Drosophila,nigrosaltans,Animalia|Insecta|Diptera|Drosophilidae|Drosophila|nigrosaltans,Achiasmatic Meiosis,Heterogametic,NA,6
Drosophila,nigrosparsa,Animalia|Insecta|Diptera|Drosophilidae|Drosophila|nigrosparsa,Achiasmatic Meiosis,Heterogametic,XY,12
Drosophila,nigrospiracula,Animalia|Insecta|Diptera|Drosophilidae|Drosophila|nigrospiracula,Achiasmatic Meiosis,Heterogametic,NA,12
Drosophila,nikananu,Animalia|Insecta|Diptera|Drosophilidae|Drosophila|nikananu,Achiasmatic Meiosis,Heterogametic,XY,8
Drosophila,nitidithorax,Animalia|Insecta|Diptera|Drosophilidae|Drosophila|nitidithorax,Achiasmatic Meiosis,Heterogametic,XY,12
Drosophila,niveifrons,Animalia|Insecta|Diptera|Drosophilidae|Drosophila|niveifrons,Achiasmatic Meiosis,Heterogametic,XY,8
Drosophila,nixifrons,Animalia|Insecta|Diptera|Drosophilidae|Drosophila|nixifrons,Achiasmatic Meiosis,Heterogametic,XY,10
Drosophila,novamaculosa,Animalia|Insecta|Diptera|Drosophilidae|Drosophila|novamaculosa,Achiasmatic Meiosis,Heterogametic,XY,12
Drosophila,novamexicana,Animalia|Insecta|Diptera|Drosophilidae|Drosophila|novamexicana,Achiasmatic Meiosis,Heterogametic,XY,12
Drosophila,novemeristata,Animalia|Insecta|Diptera|Drosophilidae|Drosophila|novemeristata,Achiasmatic Meiosis,Heterogametic,XY,12
Drosophila,novopaca,Animalia|Insecta|Diptera|Drosophilidae|Drosophila|novopaca,Achiasmatic Meiosis,Heterogametic,NA,12
Drosophila,oahuensis,Animalia|Insecta|Diptera|Drosophilidae|Drosophila|oahuensis,Achiasmatic Meiosis,Heterogametic,NA,12
Drosophila,obatai,Animalia|Insecta|Diptera|Drosophilidae|Drosophila|obatai,Achiasmatic Meiosis,Heterogametic,NA,12
Drosophila,obscura,Animalia|Insecta|Diptera|Drosophilidae|Drosophila|obscura,Achiasmatic Meiosis,Heterogametic,NA,12
Drosophila,obscuripes,Animalia|Insecta|Diptera|Drosophilidae|Drosophila|obscuripes,Achiasmatic Meiosis,Heterogametic,NA,12
Drosophila,obscuroides,Animalia|Insecta|Diptera|Drosophilidae|Drosophila|obscuroides,Achiasmatic Meiosis,Heterogametic,XY,12
Drosophila,occidentalis,Animalia|Insecta|Diptera|Drosophilidae|Drosophila|occidentalis,Achiasmatic Meiosis,Heterogametic,NA,12
Drosophila,ocellata,Animalia|Insecta|Diptera|Drosophilidae|Drosophila|ocellata,Achiasmatic Meiosis,Heterogametic,NA,12
Drosophila,ochracea,Animalia|Insecta|Diptera|Drosophilidae|Drosophila|ochracea,Achiasmatic Meiosis,Heterogametic,NA,12
Drosophila,ochrobasis,Animalia|Insecta|Diptera|Drosophilidae|Drosophila|ochrobasis,Achiasmatic Meiosis,Heterogametic,NA,12
Drosophila,odontophallus,Animalia|Insecta|Diptera|Drosophilidae|Drosophila|odontophallus,Achiasmatic Meiosis,Heterogametic,NA,12
Drosophila,olaae,Animalia|Insecta|Diptera|Drosophilidae|Drosophila|olaae,Achiasmatic Meiosis,Heterogametic,NA,12
Drosophila,onca,Animalia|Insecta|Diptera|Drosophilidae|Drosophila|onca,Achiasmatic Meiosis,Heterogametic,XY,8
Drosophila,orbospiracula,Animalia|Insecta|Diptera|Drosophilidae|Drosophila|orbospiracula,Achiasmatic Meiosis,Heterogametic,XO,12
Drosophila,orena,Animalia|Insecta|Diptera|Drosophilidae|Drosophila|orena,Achiasmatic Meiosis,Heterogametic,XY,8
Drosophila,orkui,Animalia|Insecta|Diptera|Drosophilidae|Drosophila|orkui,Achiasmatic Meiosis,Heterogametic,NA,10
Drosophila,ornata,Animalia|Insecta|Diptera|Drosophilidae|Drosophila|ornata,Achiasmatic Meiosis,Heterogametic,NA,12
Drosophila,ornatipennis,Animalia|Insecta|Diptera|Drosophilidae|Drosophila|ornatipennis,Achiasmatic Meiosis,Heterogametic,NA,10
Drosophila,orosa,Animalia|Insecta|Diptera|Drosophilidae|Drosophila|orosa,Achiasmatic Meiosis,Heterogametic,XY,8
Drosophila,orphnopeza,Animalia|Insecta|Diptera|Drosophilidae|Drosophila|orphnopeza,Achiasmatic Meiosis,Heterogametic,NA,12
Drosophila,orthofascia,Animalia|Insecta|Diptera|Drosophilidae|Drosophila|orthofascia,Achiasmatic Meiosis,Heterogametic,NA,12
Drosophila,pachea,Animalia|Insecta|Diptera|Drosophilidae|Drosophila|pachea,Achiasmatic Meiosis,Heterogametic,XY,10
Drosophila,pachuca,Animalia|Insecta|Diptera|Drosophilidae|Drosophila|pachuca,Achiasmatic Meiosis,Heterogametic,XY,12
Drosophila,paenehamifera,Animalia|Insecta|Diptera|Drosophilidae|Drosophila|paenehamifera,Achiasmatic Meiosis,Heterogametic,NA,12
Drosophila,pagliolii,Animalia|Insecta|Diptera|Drosophilidae|Drosophila|pagliolii,Achiasmatic Meiosis,Heterogametic,NA,10
Drosophila,pallidifrons,Animalia|Insecta|Diptera|Drosophilidae|Drosophila|pallidifrons,Achiasmatic Meiosis,Heterogametic,XY,8
Drosophila,pallidipennis,Animalia|Insecta|Diptera|Drosophilidae|Drosophila|pallidipennis,Achiasmatic Meiosis,Heterogametic,XY,12
Drosophila,pallidosa,Animalia|Insecta|Diptera|Drosophilidae|Drosophila|pallidosa,Achiasmatic Meiosis,Heterogametic,XY,8
Drosophila,palustris,Animalia|Insecta|Diptera|Drosophilidae|Drosophila|palustris,Achiasmatic Meiosis,Heterogametic,XY,12
Drosophila,parabipectinata,Animalia|Insecta|Diptera|Drosophilidae|Drosophila|parabipectinata,Achiasmatic Meiosis,Heterogametic,XY,8
Drosophila,parabocainensis,Animalia|Insecta|Diptera|Drosophilidae|Drosophila|parabocainensis,Achiasmatic Meiosis,Heterogametic,NA,6
Drosophila,paracanalinea,Animalia|Insecta|Diptera|Drosophilidae|Drosophila|paracanalinea,Achiasmatic Meiosis,Heterogametic,NA,8
Drosophila,parachrogaster,Animalia|Insecta|Diptera|Drosophilidae|Drosophila|parachrogaster,Achiasmatic Meiosis,Heterogametic,NA,12
Drosophila,paraguttata,Animalia|Insecta|Diptera|Drosophilidae|Drosophila|paraguttata,Achiasmatic Meiosis,Heterogametic,XY,12
Drosophila,paralutea,Animalia|Insecta|Diptera|Drosophilidae|Drosophila|paralutea,Achiasmatic Meiosis,Heterogametic,XY,6
Drosophila,paramediostriata,Animalia|Insecta|Diptera|Drosophilidae|Drosophila|paramediostriata,Achiasmatic Meiosis,Heterogametic,NA,12
Drosophila,paramelanica,Animalia|Insecta|Diptera|Drosophilidae|Drosophila|paramelanica,Achiasmatic Meiosis,Heterogametic,NA,10
Drosophila,paranaensis,Animalia|Insecta|Diptera|Drosophilidae|Drosophila|paranaensis,Achiasmatic Meiosis,Heterogametic,XY,10
Drosophila,pararepleta,Animalia|Insecta|Diptera|Drosophilidae|Drosophila|pararepleta,Achiasmatic Meiosis,Heterogametic,XY,10
Drosophila,pararubida,Animalia|Insecta|Diptera|Drosophilidae|Drosophila|pararubida,Achiasmatic Meiosis,Heterogametic,NA,8
Drosophila,parasaltans,Animalia|Insecta|Diptera|Drosophilidae|Drosophila|parasaltans,Achiasmatic Meiosis,Heterogametic,NA,6
Drosophila,paratriangulata,Animalia|Insecta|Diptera|Drosophilidae|Drosophila|paratriangulata,Achiasmatic Meiosis,Heterogametic,XY,8
Drosophila,parthenogenetica,Animalia|Insecta|Diptera|Drosophilidae|Drosophila|parthenogenetica,Achiasmatic Meiosis,Heterogametic,NA,8
Drosophila,parva,Animalia|Insecta|Diptera|Drosophilidae|Drosophila|parva,Achiasmatic Meiosis,Heterogametic,NA,8
Drosophila,parvula,Animalia|Insecta|Diptera|Drosophilidae|Drosophila|parvula,Achiasmatic Meiosis,Heterogametic,XY,6
Drosophila,pattersoni,Animalia|Insecta|Diptera|Drosophilidae|Drosophila|pattersoni,Achiasmatic Meiosis,Heterogametic,NA,8
Drosophila,paucicilia,Animalia|Insecta|Diptera|Drosophilidae|Drosophila|paucicilia,Achiasmatic Meiosis,Heterogametic,NA,12
Drosophila,paucipuncta,Animalia|Insecta|Diptera|Drosophilidae|Drosophila|paucipuncta,Achiasmatic Meiosis,Heterogametic,NA,12
Drosophila,paulistorum,Animalia|Insecta|Diptera|Drosophilidae|Drosophila|paulistorum,Achiasmatic Meiosis,Heterogametic,XY,6
Drosophila,pavani,Animalia|Insecta|Diptera|Drosophilidae|Drosophila|pavani,Achiasmatic Meiosis,Heterogametic,NA,10
Drosophila,pavlovskiana,Animalia|Insecta|Diptera|Drosophilidae|Drosophila|pavlovskiana,Achiasmatic Meiosis,Heterogametic,NA,6
Drosophila,pectinitarsus,Animalia|Insecta|Diptera|Drosophilidae|Drosophila|pectinitarsus,Achiasmatic Meiosis,Heterogametic,NA,12
Drosophila,pegasa,Animalia|Insecta|Diptera|Drosophilidae|Drosophila|pegasa,Achiasmatic Meiosis,Heterogametic,NA,12
Drosophila,pellewae,Animalia|Insecta|Diptera|Drosophilidae|Drosophila|pellewae,Achiasmatic Meiosis,Heterogametic,XY,12
Drosophila,pengi,Animalia|Insecta|Diptera|Drosophilidae|Drosophila|pengi,Achiasmatic Meiosis,Heterogametic,NA,10
Drosophila,peniculipedis,Animalia|Insecta|Diptera|Drosophilidae|Drosophila|peniculipedis,Achiasmatic Meiosis,Heterogametic,NA,12
Drosophila,peninsularis,Animalia|Insecta|Diptera|Drosophilidae|Drosophila|peninsularis,Achiasmatic Meiosis,Heterogametic,XY,12
Drosophila,pennae,Animalia|Insecta|Diptera|Drosophilidae|Drosophila|pennae,Achiasmatic Meiosis,Heterogametic,XY,6
Drosophila,percnosoma,Animalia|Insecta|Diptera|Drosophilidae|Drosophila|percnosoma,Achiasmatic Meiosis,Heterogametic,NA,12
Drosophila,perkinsi,Animalia|Insecta|Diptera|Drosophilidae|Drosophila|perkinsi,Achiasmatic Meiosis,Heterogametic,NA,12
Drosophila,persimilis,Animalia|Insecta|Diptera|Drosophilidae|Drosophila|persimilis,Achiasmatic Meiosis,Heterogametic,XY,10
Drosophila,phaeopleura,Animalia|Insecta|Diptera|Drosophilidae|Drosophila|phaeopleura,Achiasmatic Meiosis,Heterogametic,XY,8
Drosophila,phalerata,Animalia|Insecta|Diptera|Drosophilidae|Drosophila|phalerata,Achiasmatic Meiosis,Heterogametic,XY,12
Drosophila,picta,Animalia|Insecta|Diptera|Drosophilidae|Drosophila|picta,Achiasmatic Meiosis,Heterogametic,NA,12
Drosophila,picticornis,Animalia|Insecta|Diptera|Drosophilidae|Drosophila|picticornis,Achiasmatic Meiosis,Heterogametic,NA,12
Drosophila,pictilis,Animalia|Insecta|Diptera|Drosophilidae|Drosophila|pictilis,Achiasmatic Meiosis,Heterogametic,XY,12
Drosophila,pictiventris,Animalia|Insecta|Diptera|Drosophilidae|Drosophila|pictiventris,Achiasmatic Meiosis,Heterogametic,XO,8
Drosophila,pictura,Animalia|Insecta|Diptera|Drosophilidae|Drosophila|pictura,Achiasmatic Meiosis,Heterogametic,XY,12
Drosophila,pilimana,Animalia|Insecta|Diptera|Drosophilidae|Drosophila|pilimana,Achiasmatic Meiosis,Heterogametic,NA,12
Drosophila,pinicola,Animalia|Insecta|Diptera|Drosophilidae|Drosophila|pinicola,Achiasmatic Meiosis,Heterogametic,XY,6
Drosophila,planitibia,Animalia|Insecta|Diptera|Drosophilidae|Drosophila|planitibia,Achiasmatic Meiosis,Heterogametic,NA,12
Drosophila,polliciforma,Animalia|Insecta|Diptera|Drosophilidae|Drosophila|polliciforma,Achiasmatic Meiosis,Heterogametic,NA,12
Drosophila,polychaeta,Animalia|Insecta|Diptera|Drosophilidae|Drosophila|polychaeta,Achiasmatic Meiosis,Heterogametic,XY,12
Drosophila,polymorpha,Animalia|Insecta|Diptera|Drosophilidae|Drosophila|polymorpha,Achiasmatic Meiosis,Heterogametic,XY,8
Drosophila,ponera,Animalia|Insecta|Diptera|Drosophilidae|Drosophila|ponera,Achiasmatic Meiosis,Heterogametic,XY,12
Drosophila,primaeva,Animalia|Insecta|Diptera|Drosophilidae|Drosophila|primaeva,Achiasmatic Meiosis,Heterogametic,NA,12
Drosophila,procardinoides,Animalia|Insecta|Diptera|Drosophilidae|Drosophila|procardinoides,Achiasmatic Meiosis,Heterogametic,NA,8
Drosophila,prolaticilia,Animalia|Insecta|Diptera|Drosophilidae|Drosophila|prolaticilia,Achiasmatic Meiosis,Heterogametic,NA,12
Drosophila,prolongata,Animalia|Insecta|Diptera|Drosophilidae|Drosophila|prolongata,Achiasmatic Meiosis,Heterogametic,XY,8
Drosophila,promeridiana,Animalia|Insecta|Diptera|Drosophilidae|Drosophila|promeridiana,Achiasmatic Meiosis,Heterogametic,XY,10
Drosophila,propachuca,Animalia|Insecta|Diptera|Drosophilidae|Drosophila|propachuca,Achiasmatic Meiosis,Heterogametic,XY,10
Drosophila,prosaltans,Animalia|Insecta|Diptera|Drosophilidae|Drosophila|prosaltans,Achiasmatic Meiosis,Heterogametic,NA,6
Drosophila,prosaltansII,Animalia|Insecta|Diptera|Drosophilidae|Drosophila|prosaltansII,Achiasmatic Meiosis,Heterogametic,NA,6
Drosophila,prosimilis,Animalia|Insecta|Diptera|Drosophilidae|Drosophila|prosimilis,Achiasmatic Meiosis,Heterogametic,XY,12
Drosophila,prostipennis,Animalia|Insecta|Diptera|Drosophilidae|Drosophila|prostipennis,Achiasmatic Meiosis,Heterogametic,XY,6
Drosophila,prostopalpis,Animalia|Insecta|Diptera|Drosophilidae|Drosophila|prostopalpis,Achiasmatic Meiosis,Heterogametic,NA,12
Drosophila,pseudoananassae,Animalia|Insecta|Diptera|Drosophilidae|Drosophila|pseudoananassae,Achiasmatic Meiosis,Heterogametic,XY,8
Drosophila,pseudomayri,Animalia|Insecta|Diptera|Drosophilidae|Drosophila|pseudomayri,Achiasmatic Meiosis,Heterogametic,XY,8
Drosophila,pseudoobscura,Animalia|Insecta|Diptera|Drosophilidae|Drosophila|pseudoobscura,Achiasmatic Meiosis,Heterogametic,XY,10
Drosophila,pseudosaltans,Animalia|Insecta|Diptera|Drosophilidae|Drosophila|pseudosaltans,Achiasmatic Meiosis,Heterogametic,NA,6
Drosophila,pseudosordidula,Animalia|Insecta|Diptera|Drosophilidae|Drosophila|pseudosordidula,Achiasmatic Meiosis,Heterogametic,NA,10
Drosophila,pseudotakahashii,Animalia|Insecta|Diptera|Drosophilidae|Drosophila|pseudotakahashii,Achiasmatic Meiosis,Heterogametic,XY,8
Drosophila,pseudotetrachaeta,Animalia|Insecta|Diptera|Drosophilidae|Drosophila|pseudotetrachaeta,Achiasmatic Meiosis,Heterogametic,NA,12
Drosophila,psilophallus,Animalia|Insecta|Diptera|Drosophilidae|Drosophila|psilophallus,Achiasmatic Meiosis,Heterogametic,NA,12
Drosophila,psiolotarsalis,Animalia|Insecta|Diptera|Drosophilidae|Drosophila|psiolotarsalis,Achiasmatic Meiosis,Heterogametic,NA,12
Drosophila,pulaua,Animalia|Insecta|Diptera|Drosophilidae|Drosophila|pulaua,Achiasmatic Meiosis,Heterogametic,XY,8
Drosophila,pulchrella,Animalia|Insecta|Diptera|Drosophilidae|Drosophila|pulchrella,Achiasmatic Meiosis,Heterogametic,XY,8
Drosophila,pulla,Animalia|Insecta|Diptera|Drosophilidae|Drosophila|pulla,Achiasmatic Meiosis,Heterogametic,XY,10
Drosophila,pullata,Animalia|Insecta|Diptera|Drosophilidae|Drosophila|pullata,Achiasmatic Meiosis,Heterogametic,NA,10
Drosophila,pullipes,Animalia|Insecta|Diptera|Drosophilidae|Drosophila|pullipes,Achiasmatic Meiosis,Heterogametic,NA,12
Drosophila,punalua,Animalia|Insecta|Diptera|Drosophilidae|Drosophila|punalua,Achiasmatic Meiosis,Heterogametic,NA,12
Drosophila,punjabiensis,Animalia|Insecta|Diptera|Drosophilidae|Drosophila|punjabiensis,Achiasmatic Meiosis,Heterogametic,XY,8
Drosophila,putrida,Animalia|Insecta|Diptera|Drosophilidae|Drosophila|putrida,Achiasmatic Meiosis,Heterogametic,XY,10
Drosophila,pychnochaetae,Animalia|Insecta|Diptera|Drosophilidae|Drosophila|pychnochaetae,Achiasmatic Meiosis,Heterogametic,NA,12
Drosophila,quadraria,Animalia|Insecta|Diptera|Drosophilidae|Drosophila|quadraria,Achiasmatic Meiosis,Heterogametic,XY,6
Drosophila,quadrilineata,Animalia|Insecta|Diptera|Drosophilidae|Drosophila|quadrilineata,Achiasmatic Meiosis,Heterogametic,XY,12
Drosophila,quadrisetae,Animalia|Insecta|Diptera|Drosophilidae|Drosophila|quadrisetae,Achiasmatic Meiosis,Heterogametic,NA,12
Drosophila,quasianomalipes,Animalia|Insecta|Diptera|Drosophilidae|Drosophila|quasianomalipes,Achiasmatic Meiosis,Heterogametic,NA,12
Drosophila,quinaria,Animalia|Insecta|Diptera|Drosophilidae|Drosophila|quinaria,Achiasmatic Meiosis,Heterogametic,XY,6
Drosophila,racemova,Animalia|Insecta|Diptera|Drosophilidae|Drosophila|racemova,Achiasmatic Meiosis,Heterogametic,XY,12
Drosophila,ramsdeni,Animalia|Insecta|Diptera|Drosophilidae|Drosophila|ramsdeni,Achiasmatic Meiosis,Heterogametic,XY,12
Drosophila,rectangularis,Animalia|Insecta|Diptera|Drosophilidae|Drosophila|rectangularis,Achiasmatic Meiosis,Heterogametic,NA,6
Drosophila,recticilia,Animalia|Insecta|Diptera|Drosophilidae|Drosophila|recticilia,Achiasmatic Meiosis,Heterogametic,NA,12
Drosophila,reducta,Animalia|Insecta|Diptera|Drosophilidae|Drosophila|reducta,Achiasmatic Meiosis,Heterogametic,NA,10
Drosophila,repleta,Animalia|Insecta|Diptera|Drosophilidae|Drosophila|repleta,Achiasmatic Meiosis,Heterogametic,NA,12
Drosophila,repletoides,Animalia|Insecta|Diptera|Drosophilidae|Drosophila|repletoides,Achiasmatic Meiosis,Heterogametic,NA,8
Drosophila,reynoldsiae,Animalia|Insecta|Diptera|Drosophilidae|Drosophila|reynoldsiae,Achiasmatic Meiosis,Heterogametic,NA,12
Drosophila,rhopaloa,Animalia|Insecta|Diptera|Drosophilidae|Drosophila|rhopaloa,Achiasmatic Meiosis,Heterogametic,XY,8
Drosophila,rioensis,Animalia|Insecta|Diptera|Drosophilidae|Drosophila|rioensis,Achiasmatic Meiosis,Heterogametic,XY,10
Drosophila,ritae,Animalia|Insecta|Diptera|Drosophilidae|Drosophila|ritae,Achiasmatic Meiosis,Heterogametic,XY,12
Drosophila,robusta,Animalia|Insecta|Diptera|Drosophilidae|Drosophila|robusta,Achiasmatic Meiosis,Heterogametic,XY,8
Drosophila,roehrae,Animalia|Insecta|Diptera|Drosophilidae|Drosophila|roehrae,Achiasmatic Meiosis,Heterogametic,NA,12
Drosophila,ruberrima,Animalia|Insecta|Diptera|Drosophilidae|Drosophila|ruberrima,Achiasmatic Meiosis,Heterogametic,XY,8
Drosophila,rubida,Animalia|Insecta|Diptera|Drosophilidae|Drosophila|rubida,Achiasmatic Meiosis,Heterogametic,NA,8
Drosophila,rubifrons,Animalia|Insecta|Diptera|Drosophilidae|Drosophila|rubifrons,Achiasmatic Meiosis,Heterogametic,NA,12
Drosophila,rubra,Animalia|Insecta|Diptera|Drosophilidae|Drosophila|rubra,Achiasmatic Meiosis,Heterogametic,XY,8
Drosophila,rufa,Animalia|Insecta|Diptera|Drosophilidae|Drosophila|rufa,Achiasmatic Meiosis,Heterogametic,XY,8
Drosophila,rufifrons,Animalia|Insecta|Diptera|Drosophilidae|Drosophila|rufifrons,Achiasmatic Meiosis,Heterogametic,XY,8
Drosophila,s.,Animalia|Insecta|Diptera|Drosophilidae|Drosophila|s.,Achiasmatic Meiosis,Heterogametic,XY,8
Drosophila,saltans,Animalia|Insecta|Diptera|Drosophilidae|Drosophila|saltans,Achiasmatic Meiosis,Heterogametic,NA,6
Drosophila,sechellia,Animalia|Insecta|Diptera|Drosophilidae|Drosophila|sechellia,Achiasmatic Meiosis,Heterogametic,XY,8
Drosophila,seguyi,Animalia|Insecta|Diptera|Drosophilidae|Drosophila|seguyi,Achiasmatic Meiosis,Heterogametic,XY,8
Drosophila,sejuncta,Animalia|Insecta|Diptera|Drosophilidae|Drosophila|sejuncta,Achiasmatic Meiosis,Heterogametic,NA,12
Drosophila,sellata,Animalia|Insecta|Diptera|Drosophilidae|Drosophila|sellata,Achiasmatic Meiosis,Heterogametic,NA,6
Drosophila,septentriosaltans,Animalia|Insecta|Diptera|Drosophilidae|Drosophila|septentriosaltans,Achiasmatic Meiosis,Heterogametic,NA,6
Drosophila,serenensis,Animalia|Insecta|Diptera|Drosophilidae|Drosophila|serenensis,Achiasmatic Meiosis,Heterogametic,NA,12
Drosophila,serido,Animalia|Insecta|Diptera|Drosophilidae|Drosophila|serido,Achiasmatic Meiosis,Heterogametic,NA,12
Drosophila,serrata,Animalia|Insecta|Diptera|Drosophilidae|Drosophila|serrata,Achiasmatic Meiosis,Heterogametic,NA,8
Drosophila,setosifrons,Animalia|Insecta|Diptera|Drosophilidae|Drosophila|setosifrons,Achiasmatic Meiosis,Heterogametic,NA,12
Drosophila,setosimentum,Animalia|Insecta|Diptera|Drosophilidae|Drosophila|setosimentum,Achiasmatic Meiosis,Heterogametic,NA,12
Drosophila,setula,Animalia|Insecta|Diptera|Drosophilidae|Drosophila|setula,Achiasmatic Meiosis,Heterogametic,NA,12
Drosophila,sigmoides,Animalia|Insecta|Diptera|Drosophilidae|Drosophila|sigmoides,Achiasmatic Meiosis,Heterogametic,NA,12
Drosophila,silvarentis,Animalia|Insecta|Diptera|Drosophilidae|Drosophila|silvarentis,Achiasmatic Meiosis,Heterogametic,NA,12
Drosophila,silvestris,Animalia|Insecta|Diptera|Drosophilidae|Drosophila|silvestris,Achiasmatic Meiosis,Heterogametic,NA,12
Drosophila,silvistriata,Animalia|Insecta|Diptera|Drosophilidae|Drosophila|silvistriata,Achiasmatic Meiosis,Heterogametic,XY,10
Drosophila,similis,Animalia|Insecta|Diptera|Drosophilidae|Drosophila|similis,Achiasmatic Meiosis,Heterogametic,XY,12
Drosophila,simulans,Animalia|Insecta|Diptera|Drosophilidae|Drosophila|simulans,Achiasmatic Meiosis,Heterogametic,XY,8
Drosophila,sobrina,Animalia|Insecta|Diptera|Drosophilidae|Drosophila|sobrina,Achiasmatic Meiosis,Heterogametic,NA,12
Drosophila,sodomae,Animalia|Insecta|Diptera|Drosophilidae|Drosophila|sodomae,Achiasmatic Meiosis,Heterogametic,NA,12
Drosophila,sordidula,Animalia|Insecta|Diptera|Drosophilidae|Drosophila|sordidula,Achiasmatic Meiosis,Heterogametic,XY,10
Drosophila,spaniothrix,Animalia|Insecta|Diptera|Drosophilidae|Drosophila|spaniothrix,Achiasmatic Meiosis,Heterogametic,NA,12
Drosophila,spectabilis,Animalia|Insecta|Diptera|Drosophilidae|Drosophila|spectabilis,Achiasmatic Meiosis,Heterogametic,NA,12
Drosophila,spencensis,Animalia|Insecta|Diptera|Drosophilidae|Drosophila|spencensis,Achiasmatic Meiosis,Heterogametic,XY,12
Drosophila,spenceri,Animalia|Insecta|Diptera|Drosophilidae|Drosophila|spenceri,Achiasmatic Meiosis,Heterogametic,XY,12
Drosophila,spinatermina,Animalia|Insecta|Diptera|Drosophilidae|Drosophila|spinatermina,Achiasmatic Meiosis,Heterogametic,NA,10
Drosophila,spinofemora,Animalia|Insecta|Diptera|Drosophilidae|Drosophila|spinofemora,Achiasmatic Meiosis,Heterogametic,NA,8
Drosophila,sproati,Animalia|Insecta|Diptera|Drosophilidae|Drosophila|sproati,Achiasmatic Meiosis,Heterogametic,NA,12
Drosophila,stalkeri,Animalia|Insecta|Diptera|Drosophilidae|Drosophila|stalkeri,Achiasmatic Meiosis,Heterogametic,XY,12
Drosophila,starmeri,Animalia|Insecta|Diptera|Drosophilidae|Drosophila|starmeri,Achiasmatic Meiosis,Heterogametic,NA,12
Drosophila,sternopleuralis,Animalia|Insecta|Diptera|Drosophilidae|Drosophila|sternopleuralis,Achiasmatic Meiosis,Heterogametic,NA,8
Drosophila,sticta,Animalia|Insecta|Diptera|Drosophilidae|Drosophila|sticta,Achiasmatic Meiosis,Heterogametic,XY,12
Drosophila,stonei,Animalia|Insecta|Diptera|Drosophilidae|Drosophila|stonei,Achiasmatic Meiosis,Heterogametic,XY,8
Drosophila,sturtevanti,Animalia|Insecta|Diptera|Drosophilidae|Drosophila|sturtevanti,Achiasmatic Meiosis,Heterogametic,XY,6
Drosophila,subarctica,Animalia|Insecta|Diptera|Drosophilidae|Drosophila|subarctica,Achiasmatic Meiosis,Heterogametic,NA,12
Drosophila,subbadia,Animalia|Insecta|Diptera|Drosophilidae|Drosophila|subbadia,Achiasmatic Meiosis,Heterogametic,XY,12
Drosophila,subfunebris,Animalia|Insecta|Diptera|Drosophilidae|Drosophila|subfunebris,Achiasmatic Meiosis,Heterogametic,XY,12
Drosophila,submacroptera,Animalia|Insecta|Diptera|Drosophilidae|Drosophila|submacroptera,Achiasmatic Meiosis,Heterogametic,XY,10
Drosophila,subobscura,Animalia|Insecta|Diptera|Drosophilidae|Drosophila|subobscura,Achiasmatic Meiosis,Heterogametic,XY,12
Drosophila,suboccidentalis,Animalia|Insecta|Diptera|Drosophilidae|Drosophila|suboccidentalis,Achiasmatic Meiosis,Heterogametic,NA,12
Drosophila,subpalustris,Animalia|Insecta|Diptera|Drosophilidae|Drosophila|subpalustris,Achiasmatic Meiosis,Heterogametic,NA,12
Drosophila,subquinaria,Animalia|Insecta|Diptera|Drosophilidae|Drosophila|subquinaria,Achiasmatic Meiosis,Heterogametic,XY,12
Drosophila,subsaltans,Animalia|Insecta|Diptera|Drosophilidae|Drosophila|subsaltans,Achiasmatic Meiosis,Heterogametic,NA,6
Drosophila,subsilvestris,Animalia|Insecta|Diptera|Drosophilidae|Drosophila|subsilvestris,Achiasmatic Meiosis,Heterogametic,XY,12
Drosophila,substenoptera,Animalia|Insecta|Diptera|Drosophilidae|Drosophila|substenoptera,Achiasmatic Meiosis,Heterogametic,NA,12
Drosophila,subtilis,Animalia|Insecta|Diptera|Drosophilidae|Drosophila|subtilis,Achiasmatic Meiosis,Heterogametic,NA,10
Drosophila,sucinea,Animalia|Insecta|Diptera|Drosophilidae|Drosophila|sucinea,Achiasmatic Meiosis,Heterogametic,XY,6
Drosophila,suffusca,Animalia|Insecta|Diptera|Drosophilidae|Drosophila|suffusca,Achiasmatic Meiosis,Heterogametic,XY,8
Drosophila,sulfurigaster,Animalia|Insecta|Diptera|Drosophilidae|Drosophila|sulfurigaster,Achiasmatic Meiosis,Heterogametic,NA,8
Drosophila,suzukii,Animalia|Insecta|Diptera|Drosophilidae|Drosophila|suzukii,Achiasmatic Meiosis,Heterogametic,XY,8
Drosophila,takahashii,Animalia|Insecta|Diptera|Drosophilidae|Drosophila|takahashii,Achiasmatic Meiosis,Heterogametic,XY,6
Drosophila,talamancana,Animalia|Insecta|Diptera|Drosophilidae|Drosophila|talamancana,Achiasmatic Meiosis,Heterogametic,XY,10
Drosophila,tani,Animalia|Insecta|Diptera|Drosophilidae|Drosophila|tani,Achiasmatic Meiosis,Heterogametic,NA,8
Drosophila,tanytrix,Animalia|Insecta|Diptera|Drosophilidae|Drosophila|tanytrix,Achiasmatic Meiosis,Heterogametic,XY,12
Drosophila,tarphytrichia,Animalia|Insecta|Diptera|Drosophilidae|Drosophila|tarphytrichia,Achiasmatic Meiosis,Heterogametic,NA,12
Drosophila,teisseri,Animalia|Insecta|Diptera|Drosophilidae|Drosophila|teisseri,Achiasmatic Meiosis,Heterogametic,XY,8
Drosophila,tendomentum,Animalia|Insecta|Diptera|Drosophilidae|Drosophila|tendomentum,Achiasmatic Meiosis,Heterogametic,NA,12
Drosophila,tenebrosa,Animalia|Insecta|Diptera|Drosophilidae|Drosophila|tenebrosa,Achiasmatic Meiosis,Heterogametic,NA,10
Drosophila,tenuicauda,Animalia|Insecta|Diptera|Drosophilidae|Drosophila|tenuicauda,Achiasmatic Meiosis,Heterogametic,NA,12
Drosophila,testacea,Animalia|Insecta|Diptera|Drosophilidae|Drosophila|testacea,Achiasmatic Meiosis,Heterogametic,XY,8
Drosophila,tetrachaeta,Animalia|Insecta|Diptera|Drosophilidae|Drosophila|tetrachaeta,Achiasmatic Meiosis,Heterogametic,NA,12
Drosophila,texana,Animalia|Insecta|Diptera|Drosophilidae|Drosophila|texana,Achiasmatic Meiosis,Heterogametic,XY,10
Drosophila,thoracis,Animalia|Insecta|Diptera|Drosophilidae|Drosophila|thoracis,Achiasmatic Meiosis,Heterogametic,XO,12
Drosophila,tira,Animalia|Insecta|Diptera|Drosophilidae|Drosophila|tira,Achiasmatic Meiosis,Heterogametic,XY,12
Drosophila,tolteca,Animalia|Insecta|Diptera|Drosophilidae|Drosophila|tolteca,Achiasmatic Meiosis,Heterogametic,XY,10
Drosophila,tongpua,Animalia|Insecta|Diptera|Drosophilidae|Drosophila|tongpua,Achiasmatic Meiosis,Heterogametic,XY,8
Drosophila,touchardiae,Animalia|Insecta|Diptera|Drosophilidae|Drosophila|touchardiae,Achiasmatic Meiosis,Heterogametic,NA,12
Drosophila,tranquilla,Animalia|Insecta|Diptera|Drosophilidae|Drosophila|tranquilla,Achiasmatic Meiosis,Heterogametic,NA,8
Drosophila,transversa,Animalia|Insecta|Diptera|Drosophilidae|Drosophila|transversa,Achiasmatic Meiosis,Heterogametic,NA,12
Drosophila,trapeza,Animalia|Insecta|Diptera|Drosophilidae|Drosophila|trapeza,Achiasmatic Meiosis,Heterogametic,XY,12
Drosophila,trapezifrons,Animalia|Insecta|Diptera|Drosophilidae|Drosophila|trapezifrons,Achiasmatic Meiosis,Heterogametic,NA,6
Drosophila,triangula,Animalia|Insecta|Diptera|Drosophilidae|Drosophila|triangula,Achiasmatic Meiosis,Heterogametic,NA,12
Drosophila,triauraria,Animalia|Insecta|Diptera|Drosophilidae|Drosophila|triauraria,Achiasmatic Meiosis,Heterogametic,XY,6
Drosophila,trifiloides,Animalia|Insecta|Diptera|Drosophilidae|Drosophila|trifiloides,Achiasmatic Meiosis,Heterogametic,XY,12
Drosophila,trilutea,Animalia|Insecta|Diptera|Drosophilidae|Drosophila|trilutea,Achiasmatic Meiosis,Heterogametic,XY,6
Drosophila,tripunctata,Animalia|Insecta|Diptera|Drosophilidae|Drosophila|tripunctata,Achiasmatic Meiosis,Heterogametic,NA,8
Drosophila,trispina,Animalia|Insecta|Diptera|Drosophilidae|Drosophila|trispina,Achiasmatic Meiosis,Heterogametic,XY,14
Drosophila,tristis,Animalia|Insecta|Diptera|Drosophilidae|Drosophila|tristis,Achiasmatic Meiosis,Heterogametic,XY,10
Drosophila,tristriata,Animalia|Insecta|Diptera|Drosophilidae|Drosophila|tristriata,Achiasmatic Meiosis,Heterogametic,NA,12
Drosophila,trivittata,Animalia|Insecta|Diptera|Drosophilidae|Drosophila|trivittata,Achiasmatic Meiosis,Heterogametic,NA,10
Drosophila,tropicalis,Animalia|Insecta|Diptera|Drosophilidae|Drosophila|tropicalis,Achiasmatic Meiosis,Heterogametic,XY,6
Drosophila,truncata,Animalia|Insecta|Diptera|Drosophilidae|Drosophila|truncata,Achiasmatic Meiosis,Heterogametic,NA,6
Drosophila,truncipenna,Animalia|Insecta|Diptera|Drosophilidae|Drosophila|truncipenna,Achiasmatic Meiosis,Heterogametic,NA,12
Drosophila,tsacasi,Animalia|Insecta|Diptera|Drosophilidae|Drosophila|tsacasi,Achiasmatic Meiosis,Heterogametic,XY,8
Drosophila,tsigana,Animalia|Insecta|Diptera|Drosophilidae|Drosophila|tsigana,Achiasmatic Meiosis,Heterogametic,XY,10
Drosophila,tumiditarsus,Animalia|Insecta|Diptera|Drosophilidae|Drosophila|tumiditarsus,Achiasmatic Meiosis,Heterogametic,XY,8
Drosophila,turbata,Animalia|Insecta|Diptera|Drosophilidae|Drosophila|turbata,Achiasmatic Meiosis,Heterogametic,NA,12
Drosophila,unipunctata,Animalia|Insecta|Diptera|Drosophilidae|Drosophila|unipunctata,Achiasmatic Meiosis,Heterogametic,XY,10
Drosophila,uniseriata,Animalia|Insecta|Diptera|Drosophilidae|Drosophila|uniseriata,Achiasmatic Meiosis,Heterogametic,NA,12
Drosophila,uniseta,Animalia|Insecta|Diptera|Drosophilidae|Drosophila|uniseta,Achiasmatic Meiosis,Heterogametic,NA,12
Drosophila,unispina,Animalia|Insecta|Diptera|Drosophilidae|Drosophila|unispina,Achiasmatic Meiosis,Heterogametic,NA,12
Drosophila,varians,Animalia|Insecta|Diptera|Drosophilidae|Drosophila|varians,Achiasmatic Meiosis,Heterogametic,XY,8
Drosophila,varipennis,Animalia|Insecta|Diptera|Drosophilidae|Drosophila|varipennis,Achiasmatic Meiosis,Heterogametic,NA,12
Drosophila,vesciseta,Animalia|Insecta|Diptera|Drosophilidae|Drosophila|vesciseta,Achiasmatic Meiosis,Heterogametic,NA,12
Drosophila,vibrissina,Animalia|Insecta|Diptera|Drosophilidae|Drosophila|vibrissina,Achiasmatic Meiosis,Heterogametic,NA,8
Drosophila,victoria,Animalia|Insecta|Diptera|Drosophilidae|Drosophila|victoria,Achiasmatic Meiosis,Heterogametic,NA,8
Drosophila,villitibia,Animalia|Insecta|Diptera|Drosophilidae|Drosophila|villitibia,Achiasmatic Meiosis,Heterogametic,NA,12
Drosophila,villosipedis,Animalia|Insecta|Diptera|Drosophilidae|Drosophila|villosipedis,Achiasmatic Meiosis,Heterogametic,NA,12
Drosophila,viracochi,Animalia|Insecta|Diptera|Drosophilidae|Drosophila|viracochi,Achiasmatic Meiosis,Heterogametic,NA,10
Drosophila,virgulata,Animalia|Insecta|Diptera|Drosophilidae|Drosophila|virgulata,Achiasmatic Meiosis,Heterogametic,NA,12
Drosophila,virilis,Animalia|Insecta|Diptera|Drosophilidae|Drosophila|virilis,Achiasmatic Meiosis,Heterogametic,XY,12
Drosophila,vulcana,Animalia|Insecta|Diptera|Drosophilidae|Drosophila|vulcana,Achiasmatic Meiosis,Heterogametic,XY,8
Drosophila,wheeleri,Animalia|Insecta|Diptera|Drosophilidae|Drosophila|wheeleri,Achiasmatic Meiosis,Heterogametic,XY,12
Drosophila,willistoni,Animalia|Insecta|Diptera|Drosophilidae|Drosophila|willistoni,Achiasmatic Meiosis,Heterogametic,XY,8
Drosophila,wingei,Animalia|Insecta|Diptera|Drosophilidae|Drosophila|wingei,Achiasmatic Meiosis,Heterogametic,NA,6
Drosophila,xanthia,Animalia|Insecta|Diptera|Drosophilidae|Drosophila|xanthia,Achiasmatic Meiosis,Heterogametic,XY,10
Drosophila,xanthogaster,Animalia|Insecta|Diptera|Drosophilidae|Drosophila|xanthogaster,Achiasmatic Meiosis,Heterogametic,NA,10
Drosophila,yakuba,Animalia|Insecta|Diptera|Drosophilidae|Drosophila|yakuba,Achiasmatic Meiosis,Heterogametic,XY,8
Dryadula,phaetusa,Animalia|Insecta|Lepidoptera|Nymphalidae|Dryadula|phaetusa,Achiasmatic Meiosis,Heterogametic,NA,NA
Drymusa,capensis,Animalia|Arachnida|Araneae|Drymusidae|Drymusa|capensis,Achiasmatic Meiosis,Heterogametic,NA,38
Dryocoetes,affaber,Animalia|Insecta|Coleoptera|Scolytidae|Dryocoetes|affaber,Asynaptic Sex Chromosomes,Heterogametic,XY,28
Dryocoetes,autographus,Animalia|Insecta|Coleoptera|Scolytidae|Dryocoetes|autographus,Asynaptic Sex Chromosomes,Heterogametic,XY,28
Dryomyza,anilis,Animalia|Insecta|Diptera|Dryomyzidae|Dryomyza|anilis,Achiasmatic Meiosis,Heterogametic,XY,12
Dusmoecetes,marioni,Animalia|Insecta|Coleoptera|Curculionidae|Dusmoecetes|marioni,Asynaptic Sex Chromosomes,Heterogametic,XY,22
Dusmoecetes,richtersi,Animalia|Insecta|Coleoptera|Curculionidae|Dusmoecetes|richtersi,Asynaptic Sex Chromosomes,Heterogametic,XY,22
Dynamopus,athleta,Animalia|Insecta|Coleoptera|Scarabaeidae|Dynamopus|athleta,Asynaptic Sex Chromosomes,Heterogametic,XY,22
Dyscinetus,bidentatus,Animalia|Insecta|Coleoptera|Scarabaeidae|Dyscinetus|bidentatus,Asynaptic Sex Chromosomes,Heterogametic,XY,20
Dyscinetus,gagates,Animalia|Insecta|Coleoptera|Scarabaeidae|Dyscinetus|gagates,Asynaptic Sex Chromosomes,Heterogametic,XY,20
Dyscinetus,picipes,Animalia|Insecta|Coleoptera|Scarabaeidae|Dyscinetus|picipes,Asynaptic Sex Chromosomes,Heterogametic,XY,20
Dyscinetus,rugifrons,Animalia|Insecta|Coleoptera|Scarabaeidae|Dyscinetus|rugifrons,Asynaptic Sex Chromosomes,Heterogametic,XY,20
Dysdera,crocota,Animalia|Arachnida|Araneae|Dysderidae|Dysdera|crocota,Achiasmatic Meiosis,Heterogametic,XO,10
Dysdercus,intermedius,Animalia|Insecta|Hemiptera|Pyrrhocoridae|Dysdercus|intermedius,Achiasmatic Sex Chromosomes,Heterogametic,NA,18
Dyseuaresta,impluvita,Animalia|Insecta|Diptera|Tephritidae|Dyseuaresta|impluvita,Achiasmatic Meiosis,Heterogametic,NA,12
Dyseuaresta,mexicana,Animalia|Insecta|Diptera|Tephritidae|Dyseuaresta|mexicana,Achiasmatic Meiosis,Heterogametic,NA,12
Dyslobus,verrucifer,Animalia|Insecta|Coleoptera|Curculionidae|Dyslobus|verrucifer,Asynaptic Sex Chromosomes,Heterogametic,XY,22
Dystropicus,dorsalis,Animalia|Insecta|Coleoptera|Curculionidae|Dystropicus|dorsalis,Asynaptic Sex Chromosomes,Heterogametic,XY,56
Eanus,estriatus,Animalia|Insecta|Coleoptera|Elateridae|Eanus|estriatus,Asynaptic Sex Chromosomes,Heterogametic,XY,20
Eanus,maculipennis,Animalia|Insecta|Coleoptera|Elateridae|Eanus|maculipennis,Asynaptic Sex Chromosomes,Heterogametic,XY,20
Eburia,8-maculata,Animalia|Insecta|Coleoptera|Cerambycidae|Eburia|8-maculata,Asynaptic Sex Chromosomes,Heterogametic,XY,20
Echinocnemus,marmoreus,Animalia|Insecta|Coleoptera|Curculionidae|Echinocnemus|marmoreus,Asynaptic Sex Chromosomes,Heterogametic,XY,18
Echinocnemus,sp.,Animalia|Insecta|Coleoptera|Curculionidae|Echinocnemus|sp.,Asynaptic Sex Chromosomes,Heterogametic,XY,16
Echinocnemus,squameus,Animalia|Insecta|Coleoptera|Curculionidae|Echinocnemus|squameus,Asynaptic Sex Chromosomes,Heterogametic,XY,22
Echymipera,kalubu,Animalia|Mammalia|Peramelemorphia|Peramelidae|Echymipera|kalubu,Asynaptic Sex Chromosomes,Heterogametic,XY,14
Ectatorhinus,adamsi,Animalia|Insecta|Coleoptera|Curculionidae|Ectatorhinus|adamsi,Asynaptic Sex Chromosomes,Heterogametic,XY,38
Ectemnorrhinus,angusticollis,Animalia|Insecta|Coleoptera|Curculionidae|Ectemnorrhinus|angusticollis,Asynaptic Sex Chromosomes,Heterogametic,XY,22
Ectemnorrhinus,drygalski,Animalia|Insecta|Coleoptera|Curculionidae|Ectemnorrhinus|drygalski,Asynaptic Sex Chromosomes,Heterogametic,XY,22
Ectemnorrhinus,viridis,Animalia|Insecta|Coleoptera|Curculionidae|Ectemnorrhinus|viridis,Asynaptic Sex Chromosomes,Heterogametic,XY,22
Ectinohoplia,rufipes,Animalia|Insecta|Coleoptera|Scarabaeidae|Ectinohoplia|rufipes,Asynaptic Sex Chromosomes,Heterogametic,XY,20
Ectomylois,ceratoniae,Animalia|Insecta|Lepidoptera|Pyralidae|Ectomylois|ceratoniae,Achiasmatic Meiosis,Heterogametic,NA,NA
Egadroma,marginatum,Animalia|Insecta|Coleoptera|Carabidae|Egadroma|marginatum,Achiasmatic Meiosis,Heterogametic,XY,40
Elaphidion,prob.,Animalia|Insecta|Coleoptera|Cerambycidae|Elaphidion|prob.,Asynaptic Sex Chromosomes,Heterogametic,XY,18
Elaphidion,villosum,Animalia|Insecta|Coleoptera|Cerambycidae|Elaphidion|villosum,Asynaptic Sex Chromosomes,Heterogametic,XY,18
Elenophorus,collaris,Animalia|Insecta|Coleoptera|Tenebrionidae|Elenophorus|collaris,Asynaptic Sex Chromosomes,Heterogametic,XY,26
Elgiva,cucularia,Animalia|Insecta|Diptera|Sciomyzidae|Elgiva|cucularia,Achiasmatic Meiosis,Heterogametic,XY,12
Elgiva,divisa,Animalia|Insecta|Diptera|Sciomyzidae|Elgiva|divisa,Achiasmatic Meiosis,Heterogametic,NA,12
Elgiva,rufa,Animalia|Insecta|Diptera|Sciomyzidae|Elgiva|rufa,Achiasmatic Meiosis,Heterogametic,XY,12
Ellobius,talpinus,Animalia|Mammalia|Rodentia|Cricetidae|Ellobius|talpinus,Asynaptic Sex Chromosomes,Heterogametic,XY,54
Ellobius,tancrei,Animalia|Mammalia|Rodentia|Cricetidae|Ellobius|tancrei,Asynaptic Sex Chromosomes,Heterogametic,XY,54
Emphanes,minimus,Animalia|Insecta|Coleoptera|Carabidae|Emphanes|minimus,Achiasmatic Meiosis,Heterogametic,XY,24
Emphanes,rivularis,Animalia|Insecta|Coleoptera|Carabidae|Emphanes|rivularis,Achiasmatic Meiosis,Heterogametic,XY,24
Emphanes,tenellum,Animalia|Insecta|Coleoptera|Carabidae|Emphanes|tenellum,Achiasmatic Meiosis,Heterogametic,XY,24
Enema,pan,Animalia|Insecta|Coleoptera|Scarabaeidae|Enema|pan,Asynaptic Sex Chromosomes,Heterogametic,XY,18
Enochrus,fuscipennis,Animalia|Insecta|Coleoptera|Hydrophilidae|Enochrus|fuscipennis,Asynaptic Sex Chromosomes,Heterogametic,XY,18
Enochrus,halophilus,Animalia|Insecta|Coleoptera|Hydrophilidae|Enochrus|halophilus,Asynaptic Sex Chromosomes,Heterogametic,XY,18
Enochrus,quadripunctatus,Animalia|Insecta|Coleoptera|Hydrophilidae|Enochrus|quadripunctatus,Asynaptic Sex Chromosomes,Heterogametic,XY,18
Enoclerus,moestus,Animalia|Insecta|Coleoptera|Cleridae|Enoclerus|moestus,Asynaptic Sex Chromosomes,Heterogametic,XY,18
Enoclerus,nigripes,Animalia|Insecta|Coleoptera|Cleridae|Enoclerus|nigripes,Asynaptic Sex Chromosomes,Heterogametic,XY,18
Enoclerus,sp.,Animalia|Insecta|Coleoptera|Cleridae|Enoclerus|sp.,Asynaptic Sex Chromosomes,Heterogametic,XY,18
Entanoneura,phthisica,Animalia|Insecta|Neuroptera|Mantispidae|Entanoneura|phthisica,Asynaptic Sex Chromosomes,Heterogametic,NA,20
Entomoscelis,adonidis,Animalia|Insecta|Coleoptera|Chrysomelidae|Entomoscelis|adonidis,Asynaptic Sex Chromosomes,Heterogametic,XY,26
Entomoscelis,sacra,Animalia|Insecta|Coleoptera|Chrysomelidae|Entomoscelis|sacra,Asynaptic Sex Chromosomes,Heterogametic,XY,26
Eophileurus,platypterus,Animalia|Insecta|Coleoptera|Scarabaeidae|Eophileurus|platypterus,Asynaptic Sex Chromosomes,Heterogametic,XY,20
Epacanthaclisis,moiwanus,Animalia|Insecta|Neuroptera|Myrmeleontidae|Epacanthaclisis|moiwanus,Asynaptic Sex Chromosomes,Heterogametic,XY,16
Ephestia,kuehniella,Animalia|Insecta|Lepidoptera|Pyralidae|Ephestia|kuehniella,Achiasmatic Meiosis,Heterogametic,NA,60
Epicauta,atomaria,Animalia|Insecta|Coleoptera|Meloidae|Epicauta|atomaria,Asynaptic Sex Chromosomes,Heterogametic,XY,20
Epicauta,grammica,Animalia|Insecta|Coleoptera|Meloidae|Epicauta|grammica,Asynaptic Sex Chromosomes,Heterogametic,XY,24
Epicauta,isthmica,Animalia|Insecta|Coleoptera|Meloidae|Epicauta|isthmica,Asynaptic Sex Chromosomes,Heterogametic,XY,20
Epicauta,murina,Animalia|Insecta|Coleoptera|Meloidae|Epicauta|murina,Asynaptic Sex Chromosomes,Heterogametic,XY,20
Epicauta,n.,Animalia|Insecta|Coleoptera|Meloidae|Epicauta|n.,Asynaptic Sex Chromosomes,Heterogametic,XY,20
Epicauta,pluvialis,Animalia|Insecta|Coleoptera|Meloidae|Epicauta|pluvialis,Asynaptic Sex Chromosomes,Heterogametic,XY,20
Epicauta,rosilloi,Animalia|Insecta|Coleoptera|Meloidae|Epicauta|rosilloi,Asynaptic Sex Chromosomes,Heterogametic,XY,20
Epicauta,rufipedes,Animalia|Insecta|Coleoptera|Meloidae|Epicauta|rufipedes,Asynaptic Sex Chromosomes,Heterogametic,XY,20
Epicometis,hirta,Animalia|Insecta|Coleoptera|Scarabaeidae|Epicometis|hirta,Asynaptic Sex Chromosomes,Heterogametic,XY,20
Epicometis,squalida,Animalia|Insecta|Coleoptera|Scarabaeidae|Epicometis|squalida,Asynaptic Sex Chromosomes,Heterogametic,XY,20
Epiglenea,comes,Animalia|Insecta|Coleoptera|Cerambycidae|Epiglenea|comes,Asynaptic Sex Chromosomes,Heterogametic,XY,20
Epilachna,admirabilis,Animalia|Insecta|Coleoptera|Coccinellidae|Epilachna|admirabilis,Asynaptic Sex Chromosomes,Heterogametic,XY,18
Epilachna,cacica,Animalia|Insecta|Coleoptera|Coccinellidae|Epilachna|cacica,Asynaptic Sex Chromosomes,Heterogametic,XY,10
Epilachna,dumerili,Animalia|Insecta|Coleoptera|Coccinellidae|Epilachna|dumerili,Asynaptic Sex Chromosomes,Heterogametic,XY,16
Epilachna,obscurella,Animalia|Insecta|Coleoptera|Coccinellidae|Epilachna|obscurella,Asynaptic Sex Chromosomes,Heterogametic,XY,18
Epilachna,paenulata,Animalia|Insecta|Coleoptera|Coccinellidae|Epilachna|paenulata,Asynaptic Sex Chromosomes,Heterogametic,XY,18
Epilachna,sp.,Animalia|Insecta|Coleoptera|Coccinellidae|Epilachna|sp.,Asynaptic Sex Chromosomes,Heterogametic,XY,18
Epilachna,varivestis,Animalia|Insecta|Coleoptera|Coccinellidae|Epilachna|varivestis,Asynaptic Sex Chromosomes,Heterogametic,XY,20
Episomus,turritus,Animalia|Insecta|Coleoptera|Curculionidae|Episomus|turritus,Asynaptic Sex Chromosomes,Heterogametic,XY,32
Epistrophe,eligans,Animalia|Insecta|Diptera|Syrphidae|Epistrophe|eligans,Achiasmatic Meiosis,Heterogametic,XY,10
Epistrophe,emarginata,Animalia|Insecta|Diptera|Syrphidae|Epistrophe|emarginata,Achiasmatic Meiosis,Heterogametic,NA,10
Epistrophe,grossulariae,Animalia|Insecta|Diptera|Syrphidae|Epistrophe|grossulariae,Achiasmatic Meiosis,Heterogametic,XY,10
Epistrophe,melanostomoides,Animalia|Insecta|Diptera|Syrphidae|Epistrophe|melanostomoides,Achiasmatic Meiosis,Heterogametic,NA,10
Epistrophe,metcalfi,Animalia|Insecta|Diptera|Syrphidae|Epistrophe|metcalfi,Achiasmatic Meiosis,Heterogametic,XY,10
Epistrophe,nitidicollis,Animalia|Insecta|Diptera|Syrphidae|Epistrophe|nitidicollis,Achiasmatic Meiosis,Heterogametic,XY,10
Episyrphus,arcifer,Animalia|Insecta|Diptera|Syrphidae|Episyrphus|arcifer,Achiasmatic Meiosis,Heterogametic,XY,10
Episyrphus,balteatus,Animalia|Insecta|Diptera|Syrphidae|Episyrphus|balteatus,Achiasmatic Meiosis,Heterogametic,XY,10
Episyrphus,circularis,Animalia|Insecta|Diptera|Syrphidae|Episyrphus|circularis,Achiasmatic Meiosis,Heterogametic,XY,10
Episyrphus,nectarinus,Animalia|Insecta|Diptera|Syrphidae|Episyrphus|nectarinus,Achiasmatic Meiosis,Heterogametic,XY,10
Episyrphus,sp.BA,Animalia|Insecta|Diptera|Syrphidae|Episyrphus|sp.BA,Achiasmatic Meiosis,Heterogametic,XY,10
Episyrphus,sp.CA,Animalia|Insecta|Diptera|Syrphidae|Episyrphus|sp.CA,Achiasmatic Meiosis,Heterogametic,XY,10
Episyrphus,sp.DP,Animalia|Insecta|Diptera|Syrphidae|Episyrphus|sp.DP,Achiasmatic Meiosis,Heterogametic,XY,10
Episyrphus,sp.ET,Animalia|Insecta|Diptera|Syrphidae|Episyrphus|sp.ET,Achiasmatic Meiosis,Heterogametic,XY,10
Episyrphus,sp.FJ,Animalia|Insecta|Diptera|Syrphidae|Episyrphus|sp.FJ,Achiasmatic Meiosis,Heterogametic,XY,10
Episyrphus,trisectus,Animalia|Insecta|Diptera|Syrphidae|Episyrphus|trisectus,Achiasmatic Meiosis,Heterogametic,NA,10
Epitrix,cucumeris,Animalia|Insecta|Coleoptera|Chrysomelidae|Epitrix|cucumeris,Asynaptic Sex Chromosomes,Heterogametic,XY,26
Epitrix,fasciata,Animalia|Insecta|Coleoptera|Chrysomelidae|Epitrix|fasciata,Asynaptic Sex Chromosomes,Heterogametic,XY,26
Epochra,canadensis,Animalia|Insecta|Diptera|Tephritidae|Epochra|canadensis,Achiasmatic Meiosis,Heterogametic,XY,10
Erax,rufibarbis,Animalia|Insecta|Diptera|Asilidae|Erax|rufibarbis,Achiasmatic Meiosis,Heterogametic,XY,10
Erganoides,sp.,Animalia|Insecta|Coleoptera|Chrysomelidae|Erganoides|sp.,Asynaptic Sex Chromosomes,Heterogametic,XY,26
Eriocheir,japonicus,Animalia|Malacostraca|Decapoda|Varunidae|Eriocheir|japonicus,Asynaptic Sex Chromosomes,Heterogametic,XY,148
Eriocrania,semipurpurella,Animalia|Insecta|Lepidoptera|Eriocraniidae|Eriocrania|semipurpurella,Achiasmatic Meiosis,Heterogametic,NA,NA
Eriopis,connexa,Animalia|Insecta|Coleoptera|Coccinellidae|Eriopis|connexa,Asynaptic Sex Chromosomes,Heterogametic,XY,20
Eristalinus,abusiva,Animalia|Insecta|Diptera|Syrphidae|Eristalinus|abusiva,Achiasmatic Meiosis,Heterogametic,XY,10
Eristalinus,aeneus,Animalia|Insecta|Diptera|Syrphidae|Eristalinus|aeneus,Achiasmatic Meiosis,Heterogametic,XY,12
Eristalinus,anthophorina,Animalia|Insecta|Diptera|Syrphidae|Eristalinus|anthophorina,Achiasmatic Meiosis,Heterogametic,XY,12
Eristalinus,arbustorum,Animalia|Insecta|Diptera|Syrphidae|Eristalinus|arbustorum,Achiasmatic Meiosis,Heterogametic,XY,10
Eristalinus,arvorum,Animalia|Insecta|Diptera|Syrphidae|Eristalinus|arvorum,Achiasmatic Meiosis,Heterogametic,XY,12
Eristalinus,barda,Animalia|Insecta|Diptera|Syrphidae|Eristalinus|barda,Achiasmatic Meiosis,Heterogametic,XY,12
Eristalinus,bastardii,Animalia|Insecta|Diptera|Syrphidae|Eristalinus|bastardii,Achiasmatic Meiosis,Heterogametic,NA,12
Eristalinus,bellardii,Animalia|Insecta|Diptera|Syrphidae|Eristalinus|bellardii,Achiasmatic Meiosis,Heterogametic,XY,12
Eristalinus,cerealis,Animalia|Insecta|Diptera|Syrphidae|Eristalinus|cerealis,Achiasmatic Meiosis,Heterogametic,XY,12
Eristalinus,cressoni,Animalia|Insecta|Diptera|Syrphidae|Eristalinus|cressoni,Achiasmatic Meiosis,Heterogametic,XY,12
Eristalinus,dimidiata,Animalia|Insecta|Diptera|Syrphidae|Eristalinus|dimidiata,Achiasmatic Meiosis,Heterogametic,XY,12
Eristalinus,gymnops,Animalia|Insecta|Diptera|Syrphidae|Eristalinus|gymnops,Achiasmatic Meiosis,Heterogametic,XY,10
Eristalinus,hirta,Animalia|Insecta|Diptera|Syrphidae|Eristalinus|hirta,Achiasmatic Meiosis,Heterogametic,XY,12
Eristalinus,horticola,Animalia|Insecta|Diptera|Syrphidae|Eristalinus|horticola,Achiasmatic Meiosis,Heterogametic,XY,12
Eristalinus,intricaria,Animalia|Insecta|Diptera|Syrphidae|Eristalinus|intricaria,Achiasmatic Meiosis,Heterogametic,XY,12
Eristalinus,intricarius,Animalia|Insecta|Diptera|Syrphidae|Eristalinus|intricarius,Achiasmatic Meiosis,Heterogametic,XY,12
Eristalinus,jugorum,Animalia|Insecta|Diptera|Syrphidae|Eristalinus|jugorum,Achiasmatic Meiosis,Heterogametic,XY,12
Eristalinus,laetus,Animalia|Insecta|Diptera|Syrphidae|Eristalinus|laetus,Achiasmatic Meiosis,Heterogametic,XY,12
Eristalinus,lineifacies,Animalia|Insecta|Diptera|Syrphidae|Eristalinus|lineifacies,Achiasmatic Meiosis,Heterogametic,XY,12
Eristalinus,lugens,Animalia|Insecta|Diptera|Syrphidae|Eristalinus|lugens,Achiasmatic Meiosis,Heterogametic,XY,12
Eristalinus,madagascariensis,Animalia|Insecta|Diptera|Syrphidae|Eristalinus|madagascariensis,Achiasmatic Meiosis,Heterogametic,XY,12
Eristalinus,nemorum,Animalia|Insecta|Diptera|Syrphidae|Eristalinus|nemorum,Achiasmatic Meiosis,Heterogametic,XY,12
Eristalinus,obscura,Animalia|Insecta|Diptera|Syrphidae|Eristalinus|obscura,Achiasmatic Meiosis,Heterogametic,XY,12
Eristalinus,paria,Animalia|Insecta|Diptera|Syrphidae|Eristalinus|paria,Achiasmatic Meiosis,Heterogametic,XY,12
Eristalinus,pertinax,Animalia|Insecta|Diptera|Syrphidae|Eristalinus|pertinax,Achiasmatic Meiosis,Heterogametic,XY,12
Eristalinus,pexalis,Animalia|Insecta|Diptera|Syrphidae|Eristalinus|pexalis,Achiasmatic Meiosis,Heterogametic,XY,12
Eristalinus,pratorum,Animalia|Insecta|Diptera|Syrphidae|Eristalinus|pratorum,Achiasmatic Meiosis,Heterogametic,XY,12
Eristalinus,punctulatus,Animalia|Insecta|Diptera|Syrphidae|Eristalinus|punctulatus,Achiasmatic Meiosis,Heterogametic,NA,12
Eristalinus,quinquelineatus,Animalia|Insecta|Diptera|Syrphidae|Eristalinus|quinquelineatus,Achiasmatic Meiosis,Heterogametic,XY,12
Eristalinus,rupium,Animalia|Insecta|Diptera|Syrphidae|Eristalinus|rupium,Achiasmatic Meiosis,Heterogametic,XY,12
Eristalinus,saxorum,Animalia|Insecta|Diptera|Syrphidae|Eristalinus|saxorum,Achiasmatic Meiosis,Heterogametic,XY,12
Eristalinus,sepulchralis,Animalia|Insecta|Diptera|Syrphidae|Eristalinus|sepulchralis,Achiasmatic Meiosis,Heterogametic,XY,12
Eristalinus,sp.3,Animalia|Insecta|Diptera|Syrphidae|Eristalinus|sp.3,Achiasmatic Meiosis,Heterogametic,XY,12
Eristalinus,sp.4,Animalia|Insecta|Diptera|Syrphidae|Eristalinus|sp.4,Achiasmatic Meiosis,Heterogametic,XY,12
Eristalinus,sp.5,Animalia|Insecta|Diptera|Syrphidae|Eristalinus|sp.5,Achiasmatic Meiosis,Heterogametic,XY,12
Eristalinus,supulcralis,Animalia|Insecta|Diptera|Syrphidae|Eristalinus|supulcralis,Achiasmatic Meiosis,Heterogametic,XY,12
Eristalinus,taeniops,Animalia|Insecta|Diptera|Syrphidae|Eristalinus|taeniops,Achiasmatic Meiosis,Heterogametic,XY,12
Eristalinus,tarsalis,Animalia|Insecta|Diptera|Syrphidae|Eristalinus|tarsalis,Achiasmatic Meiosis,Heterogametic,XY,12
Eristalinus,tenax,Animalia|Insecta|Diptera|Syrphidae|Eristalinus|tenax,Achiasmatic Meiosis,Heterogametic,XY,12
Eristalinus,transversa,Animalia|Insecta|Diptera|Syrphidae|Eristalinus|transversa,Achiasmatic Meiosis,Heterogametic,XY,14
Ernobius,mollis,Animalia|Insecta|Coleoptera|Anobiidae|Ernobius|mollis,Asynaptic Sex Chromosomes,Heterogametic,XY,22
Erodius,emondi,Animalia|Insecta|Coleoptera|Tenebrionidae|Erodius|emondi,Asynaptic Sex Chromosomes,Heterogametic,XY,20
Erodius,exilipes,Animalia|Insecta|Coleoptera|Tenebrionidae|Erodius|exilipes,Asynaptic Sex Chromosomes,Heterogametic,XY,20
Erodius,lefranci,Animalia|Insecta|Coleoptera|Tenebrionidae|Erodius|lefranci,Asynaptic Sex Chromosomes,Heterogametic,XY,20
Erodius,nitidicollis,Animalia|Insecta|Coleoptera|Tenebrionidae|Erodius|nitidicollis,Asynaptic Sex Chromosomes,Heterogametic,XY,20
Erodius,orientalis,Animalia|Insecta|Coleoptera|Tenebrionidae|Erodius|orientalis,Asynaptic Sex Chromosomes,Heterogametic,XY,20
Esamus,albomarginatus,Animalia|Insecta|Coleoptera|Curculionidae|Esamus|albomarginatus,Asynaptic Sex Chromosomes,Heterogametic,XY,22
Esamus,circumdatus,Animalia|Insecta|Coleoptera|Curculionidae|Esamus|circumdatus,Asynaptic Sex Chromosomes,Heterogametic,XY,22
Esamus,plurisetosus,Animalia|Insecta|Coleoptera|Curculionidae|Esamus|plurisetosus,Asynaptic Sex Chromosomes,Heterogametic,XY,22
Esamus,sciurus,Animalia|Insecta|Coleoptera|Curculionidae|Esamus|sciurus,Asynaptic Sex Chromosomes,Heterogametic,XY,22
Espanoliella,luquei,Animalia|Insecta|Coleoptera|Leiodidae|Espanoliella|luquei,Asynaptic Sex Chromosomes,Heterogametic,XY,22
Estignema,chinensis,Animalia|Insecta|Coleoptera|Chrysomelidae|Estignema|chinensis,Asynaptic Sex Chromosomes,Heterogametic,XY,18
Euagrus,lynceus,Animalia|Arachnida|Araneae|Euagridae|Euagrus|lynceus,Achiasmatic Meiosis,Heterogametic,NA,60
Euaresta,melanogaster,Animalia|Insecta|Diptera|Tephritidae|Euaresta|melanogaster,Achiasmatic Meiosis,Heterogametic,NA,12
Euboettcheria,sp,Animalia|Insecta|Diptera|Sarcophagidae|Euboettcheria|sp,Achiasmatic Meiosis,Heterogametic,XY,12
Eucalliphora,lilaea,Animalia|Insecta|Diptera|Calliphoridae|Eucalliphora|lilaea,Achiasmatic Meiosis,Heterogametic,XY,12
Eucranium,arachnoides,Animalia|Insecta|Coleoptera|Scarabaeidae|Eucranium|arachnoides,Asynaptic Sex Chromosomes,Heterogametic,XY,18
Eucyclops,serrulatus,Animalia|Maxillopoda|Cyclopoida|Cyclopidae|Eucyclops|serrulatus,Asynaptic Sex Chromosomes,Heterogametic,NA,14
Eucyclops,speratus,Animalia|Maxillopoda|Cyclopoida|Cyclopidae|Eucyclops|speratus,Achiasmatic Meiosis,Heterogametic,NA,14
Eudiagogus,episcopalis,Animalia|Insecta|Coleoptera|Curculionidae|Eudiagogus|episcopalis,Asynaptic Sex Chromosomes,Heterogametic,XY,34
Eudicella,aethiopica,Animalia|Insecta|Coleoptera|Scarabaeidae|Eudicella|aethiopica,Asynaptic Sex Chromosomes,Heterogametic,XY,20
Eudicella,gralli,Animalia|Insecta|Coleoptera|Scarabaeidae|Eudicella|gralli,Asynaptic Sex Chromosomes,Heterogametic,XY,20
Eudicella,smithi,Animalia|Insecta|Coleoptera|Scarabaeidae|Eudicella|smithi,Asynaptic Sex Chromosomes,Heterogametic,XY,20
Euetheola,humilis,Animalia|Insecta|Coleoptera|Scarabaeidae|Euetheola|humilis,Asynaptic Sex Chromosomes,Heterogametic,XY,20
Eugnathus,distincyus,Animalia|Insecta|Coleoptera|Curculionidae|Eugnathus|distincyus,Asynaptic Sex Chromosomes,Heterogametic,XY,22
Eulabris,sp.,Animalia|Insecta|Coleoptera|Tenebrionidae|Eulabris|sp.,Asynaptic Sex Chromosomes,Heterogametic,XY,20
Eumea,westermanni,Animalia|Insecta|Diptera|Tachinidae|Eumea|westermanni,Achiasmatic Meiosis,Heterogametic,NA,12
Eumerus,amoenus,Animalia|Insecta|Diptera|Syrphidae|Eumerus|amoenus,Achiasmatic Meiosis,Heterogametic,XY,12
Eumerus,argyropus,Animalia|Insecta|Diptera|Syrphidae|Eumerus|argyropus,Achiasmatic Meiosis,Heterogametic,XY,12
Eumerus,aurifrons,Animalia|Insecta|Diptera|Syrphidae|Eumerus|aurifrons,Achiasmatic Meiosis,Heterogametic,XY,12
Eumerus,figurans,Animalia|Insecta|Diptera|Syrphidae|Eumerus|figurans,Achiasmatic Meiosis,Heterogametic,XY,12
Eumerus,n.sp.,Animalia|Insecta|Diptera|Syrphidae|Eumerus|n.sp.,Achiasmatic Meiosis,Heterogametic,NA,12
Eumerus,nigrostriatus,Animalia|Insecta|Diptera|Syrphidae|Eumerus|nigrostriatus,Achiasmatic Meiosis,Heterogametic,NA,12
Eumerus,obliquus,Animalia|Insecta|Diptera|Syrphidae|Eumerus|obliquus,Achiasmatic Meiosis,Heterogametic,XY,12
Eumerus,okinawaensis,Animalia|Insecta|Diptera|Syrphidae|Eumerus|okinawaensis,Achiasmatic Meiosis,Heterogametic,XY,12
Eumerus,olivaceus,Animalia|Insecta|Diptera|Syrphidae|Eumerus|olivaceus,Achiasmatic Meiosis,Heterogametic,XY,12
Eumerus,pusillus,Animalia|Insecta|Diptera|Syrphidae|Eumerus|pusillus,Achiasmatic Meiosis,Heterogametic,XY,12
Eumerus,sp.,Animalia|Insecta|Diptera|Syrphidae|Eumerus|sp.,Achiasmatic Meiosis,Heterogametic,XY,12
Eumerus,sp.19,Animalia|Insecta|Diptera|Syrphidae|Eumerus|sp.19,Achiasmatic Meiosis,Heterogametic,XY,12
Eumerus,strigatus,Animalia|Insecta|Diptera|Syrphidae|Eumerus|strigatus,Achiasmatic Meiosis,Heterogametic,XY,12
Eumerus,tuberculatus,Animalia|Insecta|Diptera|Syrphidae|Eumerus|tuberculatus,Achiasmatic Meiosis,Heterogametic,XY,12
Eumerus,uncipes,Animalia|Insecta|Diptera|Syrphidae|Eumerus|uncipes,Achiasmatic Meiosis,Heterogametic,NA,12
Eumolpus,sp.,Animalia|Insecta|Coleoptera|Chrysomelidae|Eumolpus|sp.,Asynaptic Sex Chromosomes,Heterogametic,XY,22
Eumolpus,surinamensis,Animalia|Insecta|Coleoptera|Chrysomelidae|Eumolpus|surinamensis,Asynaptic Sex Chromosomes,Heterogametic,XY,22
Euops,punctatostriata,Animalia|Insecta|Coleoptera|Curculionidae|Euops|punctatostriata,Asynaptic Sex Chromosomes,Heterogametic,XY,26
Eupagoderes,sp.,Animalia|Insecta|Coleoptera|Curculionidae|Eupagoderes|sp.,Asynaptic Sex Chromosomes,Heterogametic,XY,22
Euparius,marmoreus,Animalia|Insecta|Coleoptera|Anthribidae|Euparius|marmoreus,Asynaptic Sex Chromosomes,Heterogametic,XY,22
Euparius,oculatus,Animalia|Insecta|Coleoptera|Anthribidae|Euparius|oculatus,Asynaptic Sex Chromosomes,Heterogametic,NA,22
Eupeodes,volucris,Animalia|Insecta|Diptera|Syrphidae|Eupeodes|volucris,Achiasmatic Meiosis,Heterogametic,XY,8
Euphoria,inda,Animalia|Insecta|Coleoptera|Scarabaeidae|Euphoria|inda,Asynaptic Sex Chromosomes,Heterogametic,XY,20
Euphoria,lurida,Animalia|Insecta|Coleoptera|Scarabaeidae|Euphoria|lurida,Asynaptic Sex Chromosomes,Heterogametic,XY,20
Euphumosia,setigera,Animalia|Insecta|Diptera|Calliphoridae|Euphumosia|setigera,Achiasmatic Meiosis,Heterogametic,XY,12
Eurhyncomyia,anterotes,Animalia|Insecta|Diptera|Calliphoridae|Eurhyncomyia|anterotes,Achiasmatic Meiosis,Heterogametic,XY,12
Euroleon,nostras,Animalia|Insecta|Neuroptera|Myrmeleontidae|Euroleon|nostras,Asynaptic Sex Chromosomes,Heterogametic,XY,14
Eurypedus,thoni,Animalia|Insecta|Coleoptera|Chrysomelidae|Eurypedus|thoni,Asynaptic Sex Chromosomes,Heterogametic,XY,20
Eurypepla,jamaicensis,Animalia|Insecta|Coleoptera|Chrysomelidae|Eurypepla|jamaicensis,Asynaptic Sex Chromosomes,Heterogametic,XY,18
Euscorpiops,artemisae sp. nov.,Animalia|Arachnida|Scorpiones|Euscorpiidae|Euscorpiops|artemisae sp. nov.,Achiasmatic Meiosis,Heterogametic,NA,104
Euscorpiops,orioni sp. nov.,Animalia|Arachnida|Scorpiones|Euscorpiidae|Euscorpiops|orioni sp. nov.,Achiasmatic Meiosis,Heterogametic,NA,104
Euscorpius,aladaglarensis,Animalia|Arachnida|Scorpiones|Euscorpiidae|Euscorpius|aladaglarensis,Achiasmatic Meiosis,Heterogametic,NA,88
Euscorpius,bonacinai sp. n.,Animalia|Arachnida|Scorpiones|Buthidae|Euscorpius|bonacinai sp. n.,Achiasmatic Meiosis,Heterogametic,NA,NA
Euscorpius,carpathicus,Animalia|Arachnida|Scorpiones|Euscorpiidae|Euscorpius|carpathicus,Achiasmatic Meiosis,Heterogametic,NA,90
Euscorpius,concinnus,Animalia|Arachnida|Scorpiones|Euscorpiidae|Euscorpius|concinnus,Achiasmatic Meiosis,Heterogametic,NA,88
Euscorpius,hadzii,Animalia|Arachnida|Scorpiones|Euscorpiidae|Euscorpius|hadzii,Achiasmatic Meiosis,Heterogametic,NA,68
Euscorpius,italicus,Animalia|Arachnida|Scorpiones|Euscorpiidae|Euscorpius|italicus,Achiasmatic Meiosis,Heterogametic,NA,36
Euscorpius,janstai sp. n.,Animalia|Arachnida|Scorpiones|Buthidae|Euscorpius|janstai sp. n.,Achiasmatic Meiosis,Heterogametic,NA,112
Euscorpius,kabateki sp. n.,Animalia|Arachnida|Scorpiones|Buthidae|Euscorpius|kabateki sp. n.,Achiasmatic Meiosis,Heterogametic,NA,NA
Euscorpius,naupliensis,Animalia|Arachnida|Scorpiones|Euscorpiidae|Euscorpius|naupliensis,Achiasmatic Meiosis,Heterogametic,NA,60
Euscorpius,sadileki sp. n.,Animalia|Arachnida|Scorpiones|Buthidae|Euscorpius|sadileki sp. n.,Achiasmatic Meiosis,Heterogametic,NA,90
Euscorpius,scheraboni sp. n.,Animalia|Arachnida|Scorpiones|Buthidae|Euscorpius|scheraboni sp. n.,Achiasmatic Meiosis,Heterogametic,NA,NA
Euscorpius,sicanus,Animalia|Arachnida|Scorpiones|Euscorpiidae|Euscorpius|sicanus,Achiasmatic Meiosis,Heterogametic,NA,66
Euscorpius,tergestinus,Animalia|Arachnida|Scorpiones|Euscorpiidae|Euscorpius|tergestinus,Achiasmatic Meiosis,Heterogametic,NA,60
Eusimulium,aureum,Animalia|Insecta|Diptera|Simuliidae|Eusimulium|aureum,Achiasmatic Meiosis,Heterogametic,NA,4
Euthycera,chaerophylli,Animalia|Insecta|Diptera|Sciomyzidae|Euthycera|chaerophylli,Achiasmatic Meiosis,Heterogametic,NA,12
Eutrapha,16-punctata,Animalia|Insecta|Coleoptera|Cerambycidae|Eutrapha|16-punctata,Asynaptic Sex Chromosomes,Heterogametic,XY,20
Eutrichapion,melancholicum,Animalia|Insecta|Coleoptera|Brentidae|Eutrichapion|melancholicum,Asynaptic Sex Chromosomes,Heterogametic,XY,22
Euxesta,notata,Animalia|Insecta|Diptera|Ulidiidae|Euxesta|notata,Achiasmatic Meiosis,Heterogametic,XY,12
Euxesta,notatasp.1,Animalia|Insecta|Diptera|Ulidiidae|Euxesta|notatasp.1,Achiasmatic Meiosis,Heterogametic,XY,12
Euxesta,notatasp.2,Animalia|Insecta|Diptera|Ulidiidae|Euxesta|notatasp.2,Achiasmatic Meiosis,Heterogametic,XY,12
Euxesta,sp1.,Animalia|Insecta|Diptera|Ulidiidae|Euxesta|sp1.,Achiasmatic Meiosis,Heterogametic,XY,12
Euxesta,sp2.,Animalia|Insecta|Diptera|Ulidiidae|Euxesta|sp2.,Achiasmatic Meiosis,Heterogametic,XY,12
Euxoa,annir,Animalia|Insecta|Lepidoptera|Noctuidae|Euxoa|annir,Achiasmatic Meiosis,Heterogametic,NA,62
Euxoa,biformata,Animalia|Insecta|Lepidoptera|Noctuidae|Euxoa|biformata,Achiasmatic Meiosis,Heterogametic,NA,62
Euxoa,declarata,Animalia|Insecta|Lepidoptera|Noctuidae|Euxoa|declarata,Achiasmatic Meiosis,Heterogametic,NA,62
Euxoa,messoria,Animalia|Insecta|Lepidoptera|Noctuidae|Euxoa|messoria,Achiasmatic Meiosis,Heterogametic,NA,62
Euxoa,rockburnei,Animalia|Insecta|Lepidoptera|Noctuidae|Euxoa|rockburnei,Achiasmatic Meiosis,Heterogametic,NA,62
Euxoa,shasta,Animalia|Insecta|Lepidoptera|Noctuidae|Euxoa|shasta,Achiasmatic Meiosis,Heterogametic,NA,62
Exallandra,cinctifacies,Animalia|Insecta|Diptera|Syrphidae|Exallandra|cinctifacies,Achiasmatic Meiosis,Heterogametic,XY,8
Exalloscaptomyza,spp.,Animalia|Insecta|Diptera|Drosophilidae|Exalloscaptomyza|spp.,Achiasmatic Meiosis,Heterogametic,NA,10
Exechia,indecisa,Animalia|Insecta|Diptera|Mycetophilidae|Exechia|indecisa,Achiasmatic Meiosis,Heterogametic,XY,14
Exechia,speciosa,Animalia|Insecta|Diptera|Mycetophilidae|Exechia|speciosa,Achiasmatic Meiosis,Heterogametic,XY,12
Exocentrus,adspersus,Animalia|Insecta|Coleoptera|Cerambycidae|Exocentrus|adspersus,Asynaptic Sex Chromosomes,Heterogametic,XY,26
Exocentrus,lusitanus,Animalia|Insecta|Coleoptera|Cerambycidae|Exocentrus|lusitanus,Asynaptic Sex Chromosomes,Heterogametic,XY,22
Exocentrus,punctipennis,Animalia|Insecta|Coleoptera|Cerambycidae|Exocentrus|punctipennis,Asynaptic Sex Chromosomes,Heterogametic,XY,22
Exophthalmus,famelicus,Animalia|Insecta|Coleoptera|Curculionidae|Exophthalmus|famelicus,Asynaptic Sex Chromosomes,Heterogametic,XY,22
Exoprosopa,atrinasis,Animalia|Insecta|Diptera|Bombyliidae|Exoprosopa|atrinasis,Achiasmatic Meiosis,Heterogametic,XY,18
Exoprosopa,sp.,Animalia|Insecta|Diptera|Bombyliidae|Exoprosopa|sp.,Achiasmatic Meiosis,Heterogametic,XY,14
Exoprosopa,sp.Punctulatagroup,Animalia|Insecta|Diptera|Bombyliidae|Exoprosopa|sp.Punctulatagroup,Achiasmatic Meiosis,Heterogametic,NA,14
Exopthalmus,quadritaenia,Animalia|Insecta|Coleoptera|Curculionidae|Exopthalmus|quadritaenia,Asynaptic Sex Chromosomes,Heterogametic,XY,22
Exorista,bombycis,Animalia|Insecta|Diptera|Tachinidae|Exorista|bombycis,Achiasmatic Meiosis,Heterogametic,XY,12
Fannia,canicularis,Animalia|Insecta|Diptera|Muscidae|Fannia|canicularis,Achiasmatic Meiosis,Heterogametic,XY,12
Fannia,glaucescens,Animalia|Insecta|Diptera|Muscidae|Fannia|glaucescens,Achiasmatic Meiosis,Heterogametic,XY,12
Fannia,sp.,Animalia|Insecta|Diptera|Muscidae|Fannia|sp.,Achiasmatic Meiosis,Heterogametic,XY,12
Ferdinandea,croesus,Animalia|Insecta|Diptera|Syrphidae|Ferdinandea|croesus,Achiasmatic Meiosis,Heterogametic,XY,10
Figulus,punctatus,Animalia|Insecta|Coleoptera|Lucanidae|Figulus|punctatus,Asynaptic Sex Chromosomes,Heterogametic,XY,26
Filistata,insidiatrix,Animalia|Arachnida|Araneae|Filistatidae|Filistata|insidiatrix,Achiasmatic Meiosis,Heterogametic,NA,34
Forsterita,sp.,Animalia|Insecta|Coleoptera|Chrysomelidae|Forsterita|sp.,Asynaptic Sex Chromosomes,Heterogametic,XY,24
Foucartia,liturata,Animalia|Insecta|Coleoptera|Curculionidae|Foucartia|liturata,Asynaptic Sex Chromosomes,Heterogametic,XY,22
Fresnedaella,lucius,Animalia|Insecta|Coleoptera|Leiodidae|Fresnedaella|lucius,Asynaptic Sex Chromosomes,Heterogametic,XY,22
Fucellia,marina,Animalia|Insecta|Diptera|Anthomyiidae|Fucellia|marina,Achiasmatic Meiosis,Heterogametic,XY,12
Fucellia,marina,Animalia|Insecta|Diptera|Muscidae|Fucellia|marina,Achiasmatic Meiosis,Heterogametic,XY,12
Fungivora,blanda,Animalia|Insecta|Diptera|Mycetophilidae|Fungivora|blanda,Achiasmatic Meiosis,Heterogametic,XY,8
Fungivora,funorum,Animalia|Insecta|Diptera|Mycetophilidae|Fungivora|funorum,Achiasmatic Meiosis,Heterogametic,XY,14
Fungivora,guttata,Animalia|Insecta|Diptera|Mycetophilidae|Fungivora|guttata,Achiasmatic Meiosis,Heterogametic,XY,8
Fungivora,lineola,Animalia|Insecta|Diptera|Mycetophilidae|Fungivora|lineola,Achiasmatic Meiosis,Heterogametic,XY,14
Fungivora,unipunctata,Animalia|Insecta|Diptera|Mycetophilidae|Fungivora|unipunctata,Achiasmatic Meiosis,Heterogametic,XY,14
G1yptobasis,dentifera,Animalia|Insecta|Neuroptera|Ascalaphidae|G1yptobasis|dentifera,Asynaptic Sex Chromosomes,Heterogametic,XY,22
Gaetice,depressus,Animalia|Malacostraca|Decapoda|Varunidae|Gaetice|depressus,Asynaptic Sex Chromosomes,Heterogametic,XY,152
Galeruca,angusta,Animalia|Insecta|Coleoptera|Chrysomelidae|Galeruca|angusta,Asynaptic Sex Chromosomes,Heterogametic,XY,44
Galeruca,artemisiae,Animalia|Insecta|Coleoptera|Chrysomelidae|Galeruca|artemisiae,Asynaptic Sex Chromosomes,Heterogametic,XY,44
Galeruca,indica,Animalia|Insecta|Coleoptera|Chrysomelidae|Galeruca|indica,Asynaptic Sex Chromosomes,Heterogametic,XY,46
Galeruca,miegi,Animalia|Insecta|Coleoptera|Chrysomelidae|Galeruca|miegi,Asynaptic Sex Chromosomes,Heterogametic,XY,38
Galeruca,monticola,Animalia|Insecta|Coleoptera|Chrysomelidae|Galeruca|monticola,Asynaptic Sex Chromosomes,Heterogametic,XY,38
Galeruca,taceti,Animalia|Insecta|Coleoptera|Chrysomelidae|Galeruca|taceti,Asynaptic Sex Chromosomes,Heterogametic,XY,40
Galerucella,bicolor,Animalia|Insecta|Coleoptera|Chrysomelidae|Galerucella|bicolor,Asynaptic Sex Chromosomes,Heterogametic,XY,44
Galerucella,bimarnica,Animalia|Insecta|Coleoptera|Chrysomelidae|Galerucella|bimarnica,Asynaptic Sex Chromosomes,Heterogametic,XY,34
Galerucella,calmariensis,Animalia|Insecta|Coleoptera|Chrysomelidae|Galerucella|calmariensis,Asynaptic Sex Chromosomes,Heterogametic,XY,34
Galerucella,cavicollis,Animalia|Insecta|Coleoptera|Chrysomelidae|Galerucella|cavicollis,Asynaptic Sex Chromosomes,Heterogametic,XY,34
Galerucella,lineola,Animalia|Insecta|Coleoptera|Chrysomelidae|Galerucella|lineola,Asynaptic Sex Chromosomes,Heterogametic,XY,34
Galerucella,nymphae,Animalia|Insecta|Coleoptera|Chrysomelidae|Galerucella|nymphae,Asynaptic Sex Chromosomes,Heterogametic,XY,34
Galerucella,placida,Animalia|Insecta|Coleoptera|Chrysomelidae|Galerucella|placida,Asynaptic Sex Chromosomes,Heterogametic,XY,38
Galerucella,sp.,Animalia|Insecta|Coleoptera|Chrysomelidae|Galerucella|sp.,Asynaptic Sex Chromosomes,Heterogametic,XY,34
Galerucella,tenella,Animalia|Insecta|Coleoptera|Chrysomelidae|Galerucella|tenella,Asynaptic Sex Chromosomes,Heterogametic,XY,26
Galerucella,vaccinii,Animalia|Insecta|Coleoptera|Chrysomelidae|Galerucella|vaccinii,Asynaptic Sex Chromosomes,Heterogametic,XY,34
Gasteroclisus,aethiops,Animalia|Insecta|Coleoptera|Curculionidae|Gasteroclisus|aethiops,Asynaptic Sex Chromosomes,Heterogametic,XY,36
Gasteroclisus,binodulus,Animalia|Insecta|Coleoptera|Curculionidae|Gasteroclisus|binodulus,Asynaptic Sex Chromosomes,Heterogametic,XY,36
Gastrophysa,cyanea,Animalia|Insecta|Coleoptera|Chrysomelidae|Gastrophysa|cyanea,Asynaptic Sex Chromosomes,Heterogametic,XY,30
Gastrophysa,poligoni,Animalia|Insecta|Coleoptera|Chrysomelidae|Gastrophysa|poligoni,Asynaptic Sex Chromosomes,Heterogametic,XY,24
Gastrophysa,viridula,Animalia|Insecta|Coleoptera|Chrysomelidae|Gastrophysa|viridula,Asynaptic Sex Chromosomes,Heterogametic,XY,28
Geniates,borelli,Animalia|Insecta|Coleoptera|Scarabaeidae|Geniates|borelli,Asynaptic Sex Chromosomes,Heterogametic,XY,20
Genus,nr.,Animalia|Insecta|Coleoptera|Chrysomelidae|Genus|nr.,Asynaptic Sex Chromosomes,Heterogametic,XY,32
Geotrupes,spiniger,Animalia|Insecta|Coleoptera|Scarabaeidae|Geotrupes|spiniger,Asynaptic Sex Chromosomes,Heterogametic,XY,20
Gibbium,psylloides,Animalia|Insecta|Coleoptera|Anobiidae|Gibbium|psylloides,Asynaptic Sex Chromosomes,Heterogametic,XY,18
Gint,gaitako sp. n.,Animalia|Arachnida|Scorpiones|Buthidae|Gint|gaitako sp. n.,Achiasmatic Meiosis,Heterogametic,NA,30
Glabrasida,goudoti,Animalia|Insecta|Coleoptera|Tenebrionidae|Glabrasida|goudoti,Asynaptic Sex Chromosomes,Heterogametic,XY,20
Glabrasida,melillense,Animalia|Insecta|Coleoptera|Tenebrionidae|Glabrasida|melillense,Asynaptic Sex Chromosomes,Heterogametic,XY,18
Glabrasida,zapateri,Animalia|Insecta|Coleoptera|Tenebrionidae|Glabrasida|zapateri,Asynaptic Sex Chromosomes,Heterogametic,XY,20
Glaresis,sp.,Animalia|Insecta|Coleoptera|Glaresidae|Glaresis|sp.,Asynaptic Sex Chromosomes,Heterogametic,XY,20
Glenea,spilota,Animalia|Insecta|Coleoptera|Cerambycidae|Glenea|spilota,Asynaptic Sex Chromosomes,Heterogametic,XY,20
Glossina,brevipalpis,Animalia|Insecta|Diptera|Glossinidae|Glossina|brevipalpis,Achiasmatic Meiosis,Heterogametic,NA,16
Glyphocassis,trilineata,Animalia|Insecta|Coleoptera|Chrysomelidae|Glyphocassis|trilineata,Asynaptic Sex Chromosomes,Heterogametic,XY,18
Glyphoderus,sterquilinus,Animalia|Insecta|Coleoptera|Scarabaeidae|Glyphoderus|sterquilinus,Asynaptic Sex Chromosomes,Heterogametic,XY,18
Glyphotaelius,pellucides,Animalia|Insecta|Trichoptera|Limnephilidae|Glyphotaelius|pellucides,Achiasmatic Meiosis,Heterogametic,XO,60
Glyphotaelius,pellucidus,Animalia|Insecta|Trichoptera|Limnephilidae|Glyphotaelius|pellucidus,Achiasmatic Meiosis,Heterogametic,NA,NA
Glyptoscelis,chontalensis,Animalia|Insecta|Coleoptera|Chrysomelidae|Glyptoscelis|chontalensis,Asynaptic Sex Chromosomes,Heterogametic,XY,20
Glyptoscelis,sp.,Animalia|Insecta|Coleoptera|Chrysomelidae|Glyptoscelis|sp.,Asynaptic Sex Chromosomes,Heterogametic,XY,16
Gnathocerus,cornutus,Animalia|Insecta|Coleoptera|Tenebrionidae|Gnathocerus|cornutus,Asynaptic Sex Chromosomes,Heterogametic,XY,20
Gnathocerus,maxillosus,Animalia|Insecta|Coleoptera|Tenebrionidae|Gnathocerus|maxillosus,Asynaptic Sex Chromosomes,Heterogametic,XY,20
Goliathus,goliatus,Animalia|Insecta|Coleoptera|Scarabaeidae|Goliathus|goliatus,Asynaptic Sex Chromosomes,Heterogametic,XY,20
Gonioctena,americana,Animalia|Insecta|Coleoptera|Chrysomelidae|Gonioctena|americana,Asynaptic Sex Chromosomes,Heterogametic,XY,24
Gonioctena,linnaeana,Animalia|Insecta|Coleoptera|Chrysomelidae|Gonioctena|linnaeana,Asynaptic Sex Chromosomes,Heterogametic,XY,24
Gonioctena,nivosa,Animalia|Insecta|Coleoptera|Chrysomelidae|Gonioctena|nivosa,Asynaptic Sex Chromosomes,Heterogametic,XY,24
Gonioctena,quinquepunctata,Animalia|Insecta|Coleoptera|Chrysomelidae|Gonioctena|quinquepunctata,Asynaptic Sex Chromosomes,Heterogametic,XY,24
Gonioctena,sibirica,Animalia|Insecta|Coleoptera|Chrysomelidae|Gonioctena|sibirica,Asynaptic Sex Chromosomes,Heterogametic,XY,24
Gonioctena,springlovae,Animalia|Insecta|Coleoptera|Chrysomelidae|Gonioctena|springlovae,Asynaptic Sex Chromosomes,Heterogametic,XY,40
Gonioctena,variabilis,Animalia|Insecta|Coleoptera|Chrysomelidae|Gonioctena|variabilis,Asynaptic Sex Chromosomes,Heterogametic,XY,24
Gonioctena,vimilis,Animalia|Insecta|Coleoptera|Chrysomelidae|Gonioctena|vimilis,Asynaptic Sex Chromosomes,Heterogametic,XY,24
Gonocallus,collaris,Animalia|Insecta|Coleoptera|Cerambycidae|Gonocallus|collaris,Asynaptic Sex Chromosomes,Heterogametic,XY,14
Gonocephalum,bilineatum,Animalia|Insecta|Coleoptera|Tenebrionidae|Gonocephalum|bilineatum,Asynaptic Sex Chromosomes,Heterogametic,XY,20
Gonocephalum,depressum,Animalia|Insecta|Coleoptera|Tenebrionidae|Gonocephalum|depressum,Asynaptic Sex Chromosomes,Heterogametic,XY,20
Gonocephalum,dorsogranosum,Animalia|Insecta|Coleoptera|Tenebrionidae|Gonocephalum|dorsogranosum,Asynaptic Sex Chromosomes,Heterogametic,XY,20
Gonocephalum,elongatum,Animalia|Insecta|Coleoptera|Tenebrionidae|Gonocephalum|elongatum,Asynaptic Sex Chromosomes,Heterogametic,XY,20
Gonocephalum,hoffmannseggi,Animalia|Insecta|Coleoptera|Tenebrionidae|Gonocephalum|hoffmannseggi,Asynaptic Sex Chromosomes,Heterogametic,XY,20
Gonocephalum,oblongum,Animalia|Insecta|Coleoptera|Tenebrionidae|Gonocephalum|oblongum,Asynaptic Sex Chromosomes,Heterogametic,XY,20
Gonocephalum,patruele,Animalia|Insecta|Coleoptera|Tenebrionidae|Gonocephalum|patruele,Asynaptic Sex Chromosomes,Heterogametic,XY,20
Gonocephalum,rusticum,Animalia|Insecta|Coleoptera|Tenebrionidae|Gonocephalum|rusticum,Asynaptic Sex Chromosomes,Heterogametic,XY,20
Gonocephalum,sp.,Animalia|Insecta|Coleoptera|Tenebrionidae|Gonocephalum|sp.,Asynaptic Sex Chromosomes,Heterogametic,XY,20
Gonocephalum,vagum,Animalia|Insecta|Coleoptera|Tenebrionidae|Gonocephalum|vagum,Asynaptic Sex Chromosomes,Heterogametic,XY,20
Graphisurus,obsoletus,Animalia|Insecta|Coleoptera|Cerambycidae|Graphisurus|obsoletus,Asynaptic Sex Chromosomes,Heterogametic,XY,20
Gratiana,lutescens,Animalia|Insecta|Coleoptera|Chrysomelidae|Gratiana|lutescens,Asynaptic Sex Chromosomes,Heterogametic,XY,18
Gratiana,pallidula,Animalia|Insecta|Coleoptera|Chrysomelidae|Gratiana|pallidula,Asynaptic Sex Chromosomes,Heterogametic,XY,18
Gratiana,spadicea,Animalia|Insecta|Coleoptera|Chrysomelidae|Gratiana|spadicea,Asynaptic Sex Chromosomes,Heterogametic,XY,20
Gromphas,lacordairei,Animalia|Insecta|Coleoptera|Scarabaeidae|Gromphas|lacordairei,Asynaptic Sex Chromosomes,Heterogametic,XY,20
Grosphus,sp.,Animalia|Arachnida|Scorpiones|Buthidae|Grosphus|sp.,Achiasmatic Meiosis,Heterogametic,NA,14
Grumicha,grumicha,Animalia|Insecta|Trichoptera|Sericostomatidae|Grumicha|grumicha,Achiasmatic Meiosis,Heterogametic,ZO,36
Gymnetron,antirrhini,Animalia|Insecta|Coleoptera|Curculionidae|Gymnetron|antirrhini,Asynaptic Sex Chromosomes,Heterogametic,XY,32
Gymnetron,smreczynski,Animalia|Insecta|Coleoptera|Curculionidae|Gymnetron|smreczynski,Asynaptic Sex Chromosomes,Heterogametic,XY,32
Gymnetron,tetrum,Animalia|Insecta|Coleoptera|Curculionidae|Gymnetron|tetrum,Asynaptic Sex Chromosomes,Heterogametic,XY,32
Gymnobelideus,leadbeateri,Animalia|Mammalia|Diprotodontia|Petauridae|Gymnobelideus|leadbeateri,Asynaptic Sex Chromosomes,Heterogametic,XY,22
Gymnopleurus,cyaneus,Animalia|Insecta|Coleoptera|Scarabaeidae|Gymnopleurus|cyaneus,Asynaptic Sex Chromosomes,Heterogametic,XY,20
Gymnopleurus,geoffroyi,Animalia|Insecta|Coleoptera|Scarabaeidae|Gymnopleurus|geoffroyi,Asynaptic Sex Chromosomes,Heterogametic,XY,20
Gymnopleurus,koenigi,Animalia|Insecta|Coleoptera|Scarabaeidae|Gymnopleurus|koenigi,Asynaptic Sex Chromosomes,Heterogametic,XY,20
Gymnopleurus,miliaris,Animalia|Insecta|Coleoptera|Scarabaeidae|Gymnopleurus|miliaris,Asynaptic Sex Chromosomes,Heterogametic,XY,36
Gymnopleurus,mundus,Animalia|Insecta|Coleoptera|Scarabaeidae|Gymnopleurus|mundus,Asynaptic Sex Chromosomes,Heterogametic,XY,14
Gymnopleurus,parvus,Animalia|Insecta|Coleoptera|Scarabaeidae|Gymnopleurus|parvus,Asynaptic Sex Chromosomes,Heterogametic,XY,18
Gymnopleurus,situs,Animalia|Insecta|Coleoptera|Scarabaeidae|Gymnopleurus|situs,Asynaptic Sex Chromosomes,Heterogametic,XY,18
Habrissus,longipes,Animalia|Insecta|Coleoptera|Anthribidae|Habrissus|longipes,Asynaptic Sex Chromosomes,Heterogametic,XY,22
Habromyia,lipoflava,Animalia|Insecta|Diptera|Syrphidae|Habromyia|lipoflava,Achiasmatic Meiosis,Heterogametic,NA,10
Habrotrocha,tridens,Animalia|Eurotatoria|Bdelloidea|Habrotrochidae|Habrotrocha|tridens,Asynaptic Sex Chromosomes,Heterogametic,NA,14
Hadromyia,aldrichi,Animalia|Insecta|Diptera|Syrphidae|Hadromyia|aldrichi,Achiasmatic Meiosis,Heterogametic,XY,10
Hadromyia,grandis,Animalia|Insecta|Diptera|Syrphidae|Hadromyia|grandis,Achiasmatic Meiosis,Heterogametic,XY,10
Hadromyia,pulchra,Animalia|Insecta|Diptera|Syrphidae|Hadromyia|pulchra,Achiasmatic Meiosis,Heterogametic,XY,8
Haemalopinus,suis,Animalia|Insecta|Psocodea|Haematopinidae|Haemalopinus|suis,Achiasmatic Meiosis,Heterogametic,NA,10
Haematobia,irritans,Animalia|Insecta|Diptera|Muscidae|Haematobia|irritans,Achiasmatic Meiosis,Heterogametic,XY,10
Haematopota,crassicornis,Animalia|Insecta|Diptera|Tabanidae|Haematopota|crassicornis,Achiasmatic Meiosis,Heterogametic,XY,18
Haematopota,italica,Animalia|Insecta|Diptera|Tabanidae|Haematopota|italica,Achiasmatic Meiosis,Heterogametic,NA,14
Haematopota,pallens,Animalia|Insecta|Diptera|Tabanidae|Haematopota|pallens,Achiasmatic Meiosis,Heterogametic,XY,18
Haematopota,pellucens,Animalia|Insecta|Diptera|Tabanidae|Haematopota|pellucens,Achiasmatic Meiosis,Heterogametic,XY,14
Haematopota,pluvialis,Animalia|Insecta|Diptera|Tabanidae|Haematopota|pluvialis,Achiasmatic Meiosis,Heterogametic,NA,18
Haematopota,scutellatarossica,Animalia|Insecta|Diptera|Tabanidae|Haematopota|scutellatarossica,Achiasmatic Meiosis,Heterogametic,XY,18
Haematopota,subcylindrica,Animalia|Insecta|Diptera|Tabanidae|Haematopota|subcylindrica,Achiasmatic Meiosis,Heterogametic,XY,26
Haematopota,tamerlani,Animalia|Insecta|Diptera|Tabanidae|Haematopota|tamerlani,Achiasmatic Meiosis,Heterogametic,XY,18
Harmonia,arcuata,Animalia|Insecta|Coleoptera|Coccinellidae|Harmonia|arcuata,Asynaptic Sex Chromosomes,Heterogametic,XY,16
Harpagomatis,nana,Animalia|Insecta|Mantodea|Galinthiadidae|Harpagomatis|nana,Achiasmatic Meiosis,Heterogametic,XO,NA
Harpagomatis,tricolor,Animalia|Insecta|Mantodea|Galinthiadidae|Harpagomatis|tricolor,Achiasmatic Meiosis,Heterogametic,XO,26
Hegeter,amaroides,Animalia|Insecta|Coleoptera|Tenebrionidae|Hegeter|amaroides,Asynaptic Sex Chromosomes,Heterogametic,XY,20
Hegeter,brevicollis,Animalia|Insecta|Coleoptera|Tenebrionidae|Hegeter|brevicollis,Asynaptic Sex Chromosomes,Heterogametic,XY,20
Hegeter,costipennis,Animalia|Insecta|Coleoptera|Tenebrionidae|Hegeter|costipennis,Asynaptic Sex Chromosomes,Heterogametic,XY,20
Hegeter,fernandezi,Animalia|Insecta|Coleoptera|Tenebrionidae|Hegeter|fernandezi,Asynaptic Sex Chromosomes,Heterogametic,XY,20
Hegeter,grancanariensis,Animalia|Insecta|Coleoptera|Tenebrionidae|Hegeter|grancanariensis,Asynaptic Sex Chromosomes,Heterogametic,XY,20
Hegeter,lateralis,Animalia|Insecta|Coleoptera|Tenebrionidae|Hegeter|lateralis,Asynaptic Sex Chromosomes,Heterogametic,XY,20
Hegeter,politus,Animalia|Insecta|Coleoptera|Tenebrionidae|Hegeter|politus,Asynaptic Sex Chromosomes,Heterogametic,XY,20
Hegeter,tenuipunctatus,Animalia|Insecta|Coleoptera|Tenebrionidae|Hegeter|tenuipunctatus,Asynaptic Sex Chromosomes,Heterogametic,XY,20
Hegeter,transversus,Animalia|Insecta|Coleoptera|Tenebrionidae|Hegeter|transversus,Asynaptic Sex Chromosomes,Heterogametic,XY,20
Hegeter,tristis,Animalia|Insecta|Coleoptera|Tenebrionidae|Hegeter|tristis,Asynaptic Sex Chromosomes,Heterogametic,XY,20
Heilipodus,erythropus,Animalia|Insecta|Coleoptera|Curculionidae|Heilipodus|erythropus,Asynaptic Sex Chromosomes,Heterogametic,XY,30
Heilipodus,scaber,Animalia|Insecta|Coleoptera|Curculionidae|Heilipodus|scaber,Asynaptic Sex Chromosomes,Heterogametic,NA,30
Heilipodus,sp.,Animalia|Insecta|Coleoptera|Curculionidae|Heilipodus|sp.,Asynaptic Sex Chromosomes,Heterogametic,XY,28
Heilipus,tremolerasi,Animalia|Insecta|Coleoptera|Curculionidae|Heilipus|tremolerasi,Asynaptic Sex Chromosomes,Heterogametic,XY,30
Heilipus,wiedemanni,Animalia|Insecta|Coleoptera|Curculionidae|Heilipus|wiedemanni,Asynaptic Sex Chromosomes,Heterogametic,XY,30
Helicobia,rapax,Animalia|Insecta|Diptera|Sarcophagidae|Helicobia|rapax,Achiasmatic Meiosis,Heterogametic,XY,12
Helicobia,sp,Animalia|Insecta|Diptera|Sarcophagidae|Helicobia|sp,Achiasmatic Meiosis,Heterogametic,XY,12
Heliconius,aliphera,Animalia|Insecta|Lepidoptera|Nymphalidae|Heliconius|aliphera,Achiasmatic Meiosis,Heterogametic,NA,NA
Heliconius,doris,Animalia|Insecta|Lepidoptera|Nymphalidae|Heliconius|doris,Achiasmatic Meiosis,Heterogametic,NA,NA
Heliconius,erato,Animalia|Insecta|Lepidoptera|Nymphalidae|Heliconius|erato,Achiasmatic Meiosis,Heterogametic,NA,NA
Heliconius,ethilla,Animalia|Insecta|Lepidoptera|Nymphalidae|Heliconius|ethilla,Achiasmatic Meiosis,Heterogametic,NA,NA
Heliconius,isabella,Animalia|Insecta|Lepidoptera|Nymphalidae|Heliconius|isabella,Achiasmatic Meiosis,Heterogametic,NA,NA
Heliconius,melpomene,Animalia|Insecta|Lepidoptera|Nymphalidae|Heliconius|melpomene,Achiasmatic Meiosis,Heterogametic,NA,NA
Heliconius,ricini,Animalia|Insecta|Lepidoptera|Nymphalidae|Heliconius|ricini,Achiasmatic Meiosis,Heterogametic,NA,NA
Heliconius,sara,Animalia|Insecta|Lepidoptera|Nymphalidae|Heliconius|sara,Achiasmatic Meiosis,Heterogametic,NA,NA
Helicoverpa,armigera,Animalia|Insecta|Lepidoptera|Noctuidae|Helicoverpa|armigera,Achiasmatic Meiosis,Heterogametic,NA,62
Helicoverpa,punctigera,Animalia|Insecta|Lepidoptera|Noctuidae|Helicoverpa|punctigera,Achiasmatic Meiosis,Heterogametic,NA,62
Heliocopris,gigas,Animalia|Insecta|Coleoptera|Scarabaeidae|Heliocopris|gigas,Asynaptic Sex Chromosomes,Heterogametic,XY,20
Heliothis,subflexa,Animalia|Insecta|Lepidoptera|Noctuidae|Heliothis|subflexa,Asynaptic Sex Chromosomes,Heterogametic,NA,NA
Heliothis,virescens,Animalia|Insecta|Lepidoptera|Noctuidae|Heliothis|virescens,Achiasmatic Meiosis,Heterogametic,NA,NA
Helocassis,clavata,Animalia|Insecta|Coleoptera|Chrysomelidae|Helocassis|clavata,Asynaptic Sex Chromosomes,Heterogametic,XY,18
Helochares,lividus,Animalia|Insecta|Coleoptera|Hydrophilidae|Helochares|lividus,Asynaptic Sex Chromosomes,Heterogametic,XY,18
Helochares,punctatus,Animalia|Insecta|Coleoptera|Hydrophilidae|Helochares|punctatus,Asynaptic Sex Chromosomes,Heterogametic,XY,18
Helocombus,bifidus,Animalia|Insecta|Coleoptera|Hydrophilidae|Helocombus|bifidus,Asynaptic Sex Chromosomes,Heterogametic,XY,18
Helophilus,antipodus,Animalia|Insecta|Diptera|Syrphidae|Helophilus|antipodus,Achiasmatic Meiosis,Heterogametic,XY,12
Helophilus,fasciatus,Animalia|Insecta|Diptera|Syrphidae|Helophilus|fasciatus,Achiasmatic Meiosis,Heterogametic,XY,12
Helophilus,hochstetteri,Animalia|Insecta|Diptera|Syrphidae|Helophilus|hochstetteri,Achiasmatic Meiosis,Heterogametic,XY,12
Helophilus,hybridus,Animalia|Insecta|Diptera|Syrphidae|Helophilus|hybridus,Achiasmatic Meiosis,Heterogametic,XY,12
Helophilus,intentus,Animalia|Insecta|Diptera|Syrphidae|Helophilus|intentus,Achiasmatic Meiosis,Heterogametic,XY,12
Helophilus,latrifrons,Animalia|Insecta|Diptera|Syrphidae|Helophilus|latrifrons,Achiasmatic Meiosis,Heterogametic,XY,12
Helophilus,obscurus,Animalia|Insecta|Diptera|Syrphidae|Helophilus|obscurus,Achiasmatic Meiosis,Heterogametic,XY,12
Helophilus,pendulus,Animalia|Insecta|Diptera|Syrphidae|Helophilus|pendulus,Achiasmatic Meiosis,Heterogametic,XY,12
Helophilus,trivittatus,Animalia|Insecta|Diptera|Syrphidae|Helophilus|trivittatus,Achiasmatic Meiosis,Heterogametic,XY,12
Helophorus,lamicola,Animalia|Insecta|Coleoptera|Helophoridae|Helophorus|lamicola,Asynaptic Sex Chromosomes,Heterogametic,XY,22
Helophorus,ser,Animalia|Insecta|Coleoptera|Helophoridae|Helophorus|ser,Asynaptic Sex Chromosomes,Heterogametic,XY,22
Helophorus,yangae,Animalia|Insecta|Coleoptera|Helophoridae|Helophorus|yangae,Asynaptic Sex Chromosomes,Heterogametic,XY,22
Helosciomyza,ferruginea,Animalia|Insecta|Diptera|Sciomyzidae|Helosciomyza|ferruginea,Achiasmatic Meiosis,Heterogametic,XY,12
Hemerobius,marginatus,Animalia|Insecta|Neuroptera|Hemerobiidae|Hemerobius|marginatus,Asynaptic Sex Chromosomes,Heterogametic,XY,12
Hemerus,sp.,Animalia|Insecta|Coleoptera|Curculionidae|Hemerus|sp.,Asynaptic Sex Chromosomes,Heterogametic,XY,22
Hemibelideus,lemuroides,Animalia|Mammalia|Diprotodontia|Pseudocheiridae|Hemibelideus|lemuroides,Asynaptic Sex Chromosomes,Heterogametic,XY,20
Hemigrapsus,penicillatus,Animalia|Malacostraca|Decapoda|Varunidae|Hemigrapsus|penicillatus,Asynaptic Sex Chromosomes,Heterogametic,XY,138
Hemigrapsus,sanguineus,Animalia|Malacostraca|Decapoda|Varunidae|Hemigrapsus|sanguineus,Asynaptic Sex Chromosomes,Heterogametic,XY,128
Hemilucilia,sp,Animalia|Insecta|Diptera|Calliphoridae|Hemilucilia|sp,Achiasmatic Meiosis,Heterogametic,XY,12
Hemilychas,alexandrinus,Animalia|Arachnida|Scorpiones|Buthidae|Hemilychas|alexandrinus,Achiasmatic Meiosis,Heterogametic,NA,14
Hemipyrellia,brunneipes,Animalia|Insecta|Diptera|Calliphoridae|Hemipyrellia|brunneipes,Achiasmatic Meiosis,Heterogametic,XY,12
Hemipyrellia,fernandica,Animalia|Insecta|Diptera|Calliphoridae|Hemipyrellia|fernandica,Achiasmatic Meiosis,Heterogametic,NA,12
Hemipyrellia,ligurriens,Animalia|Insecta|Diptera|Calliphoridae|Hemipyrellia|ligurriens,Achiasmatic Meiosis,Heterogametic,XY,12
Hemipyrellia,taeniops,Animalia|Insecta|Diptera|Calliphoridae|Hemipyrellia|taeniops,Achiasmatic Meiosis,Heterogametic,XY,12
Hemipyrellia,tagaliana,Animalia|Insecta|Diptera|Calliphoridae|Hemipyrellia|tagaliana,Achiasmatic Meiosis,Heterogametic,XY,12
Henicotherus,porteri,Animalia|Insecta|Coleoptera|Chrysomelidae|Henicotherus|porteri,Asynaptic Sex Chromosomes,Heterogametic,XY,28
Henosepilachna,argus,Animalia|Insecta|Coleoptera|Coccinellidae|Henosepilachna|argus,Asynaptic Sex Chromosomes,Heterogametic,XY,18
Henosepilachna,dodecastigma,Animalia|Insecta|Coleoptera|Coccinellidae|Henosepilachna|dodecastigma,Asynaptic Sex Chromosomes,Heterogametic,XY,20
Henosepilachna,nipponica,Animalia|Insecta|Coleoptera|Coccinellidae|Henosepilachna|nipponica,Asynaptic Sex Chromosomes,Heterogametic,XY,20
Henosepilachna,pustulosa,Animalia|Insecta|Coleoptera|Coccinellidae|Henosepilachna|pustulosa,Asynaptic Sex Chromosomes,Heterogametic,XY,20
Henosepilachna,septima,Animalia|Insecta|Coleoptera|Coccinellidae|Henosepilachna|septima,Asynaptic Sex Chromosomes,Heterogametic,XY,20
Henosepilachna,vigintioctomaculata,Animalia|Insecta|Coleoptera|Coccinellidae|Henosepilachna|vigintioctomaculata,Asynaptic Sex Chromosomes,Heterogametic,XY,20
Henosepilachna,vigintioctopunctata,Animalia|Insecta|Coleoptera|Coccinellidae|Henosepilachna|vigintioctopunctata,Asynaptic Sex Chromosomes,Heterogametic,XY,18
Henosepilachna,yasutomii,Animalia|Insecta|Coleoptera|Coccinellidae|Henosepilachna|yasutomii,Asynaptic Sex Chromosomes,Heterogametic,XY,20
Hepialus,hecta,Animalia|Insecta|Lepidoptera|Hepialidae|Hepialus|hecta,Achiasmatic Meiosis,Heterogametic,NA,NA
Hermetia,illucens,Animalia|Insecta|Diptera|Stratiomyidae|Hermetia|illucens,Achiasmatic Meiosis,Heterogametic,XY,14
Heteroctenus,abudi,Animalia|Arachnida|Scorpiones|Buthidae|Heteroctenus|abudi,Achiasmatic Meiosis,Heterogametic,NA,16
Heteroctenus,garridoi,Animalia|Arachnida|Scorpiones|Buthidae|Heteroctenus|garridoi,Achiasmatic Meiosis,Heterogametic,NA,24
Heteroctenus,princeps,Animalia|Arachnida|Scorpiones|Buthidae|Heteroctenus|princeps,Achiasmatic Meiosis,Heterogametic,NA,16
Heteropsylla,cubana,Animalia|Insecta|Hemiptera|Psyllidae|Heteropsylla|cubana,Achiasmatic Sex Chromosomes,Heterogametic,XY,24
Hiatomyia,plutonia,Animalia|Insecta|Diptera|Syrphidae|Hiatomyia|plutonia,Achiasmatic Meiosis,Heterogametic,XY,10
Hiatomyia,sp.A,Animalia|Insecta|Diptera|Syrphidae|Hiatomyia|sp.A,Achiasmatic Meiosis,Heterogametic,XY,12
Hiatomyia,sp.B,Animalia|Insecta|Diptera|Syrphidae|Hiatomyia|sp.B,Achiasmatic Meiosis,Heterogametic,XY,12
Hilarocassis,exclamationis,Animalia|Insecta|Coleoptera|Chrysomelidae|Hilarocassis|exclamationis,Asynaptic Sex Chromosomes,Heterogametic,NA,34
Hilaus,sp.,Animalia|Insecta|Coleoptera|Curculionidae|Hilaus|sp.,Asynaptic Sex Chromosomes,Heterogametic,XY,22
Himacerus,apterus,Animalia|Insecta|Hemiptera|Nabidae|Himacerus|apterus,Asynaptic Sex Chromosomes,Heterogametic,XY,34
Himacerus,maracandicus,Animalia|Insecta|Hemiptera|Nabidae|Himacerus|maracandicus,Asynaptic Sex Chromosomes,Heterogametic,XY,34
Himacerus,mirmicoides,Animalia|Insecta|Hemiptera|Nabidae|Himacerus|mirmicoides,Asynaptic Sex Chromosomes,Heterogametic,XY,34
Himantoloba,flavopilosa,Animalia|Insecta|Diptera|Stratiomyidae|Himantoloba|flavopilosa,Achiasmatic Meiosis,Heterogametic,XY,16
Himatismus,fasciculatus,Animalia|Insecta|Coleoptera|Tenebrionidae|Himatismus|fasciculatus,Asynaptic Sex Chromosomes,Heterogametic,XY,20
Hippobosca,camelina,Animalia|Insecta|Diptera|Hippoboscidae|Hippobosca|camelina,Asynaptic Sex Chromosomes,Heterogametic,XY,26
Hippodamia,convergens,Animalia|Insecta|Coleoptera|Coccinellidae|Hippodamia|convergens,Asynaptic Sex Chromosomes,Heterogametic,XY,20
Hippodamia,parenthesis,Animalia|Insecta|Coleoptera|Coccinellidae|Hippodamia|parenthesis,Asynaptic Sex Chromosomes,Heterogametic,XY,20
Hippodamia,quinquesigta,Animalia|Insecta|Coleoptera|Coccinellidae|Hippodamia|quinquesigta,Asynaptic Sex Chromosomes,Heterogametic,XY,20
Hippodamia,sinuata,Animalia|Insecta|Coleoptera|Coccinellidae|Hippodamia|sinuata,Asynaptic Sex Chromosomes,Heterogametic,XY,20
Hippodamia,sp.,Animalia|Insecta|Coleoptera|Coccinellidae|Hippodamia|sp.,Asynaptic Sex Chromosomes,Heterogametic,XY,20
Hippodamia,tibialis,Animalia|Insecta|Coleoptera|Coccinellidae|Hippodamia|tibialis,Asynaptic Sex Chromosomes,Heterogametic,XY,20
Hippodamia,tridecimpunctata,Animalia|Insecta|Coleoptera|Coccinellidae|Hippodamia|tridecimpunctata,Asynaptic Sex Chromosomes,Heterogametic,XY,20
Hirtodrosophila,duncani,Animalia|Insecta|Diptera|Drosophilidae|Hirtodrosophila|duncani,Achiasmatic Meiosis,Heterogametic,XY,10
Hirtodrosophila,grisea,Animalia|Insecta|Diptera|Drosophilidae|Hirtodrosophila|grisea,Achiasmatic Meiosis,Heterogametic,XO,12
Hirtodrosophila,longala,Animalia|Insecta|Diptera|Drosophilidae|Hirtodrosophila|longala,Achiasmatic Meiosis,Heterogametic,XO,12
Hirtodrosophila,orbospiracula,Animalia|Insecta|Diptera|Drosophilidae|Hirtodrosophila|orbospiracula,Achiasmatic Meiosis,Heterogametic,XO,12
Hirtodrosophila,pictiventris,Animalia|Insecta|Diptera|Drosophilidae|Hirtodrosophila|pictiventris,Achiasmatic Meiosis,Heterogametic,XO,8
Hirtodrosophila,thoracis,Animalia|Insecta|Diptera|Drosophilidae|Hirtodrosophila|thoracis,Achiasmatic Meiosis,Heterogametic,XO,12
Hispa,atra,Animalia|Insecta|Coleoptera|Chrysomelidae|Hispa|atra,Asynaptic Sex Chromosomes,Heterogametic,XY,16
Hister,sp.,Animalia|Insecta|Coleoptera|Histeridae|Hister|sp.,Asynaptic Sex Chromosomes,Heterogametic,XY,26
Holochilus,chacarius,Animalia|Mammalia|Rodentia|Cricetidae|Holochilus|chacarius,Achiasmatic Sex Chromosomes,Heterogametic,NA,NA
Holocnemus,caudatus,Animalia|Arachnida|Araneae|Pholcidae|Holocnemus|caudatus,Achiasmatic Meiosis,Heterogametic,XO,24
Holotrichia,longipennis,Animalia|Insecta|Coleoptera|Scarabaeidae|Holotrichia|longipennis,Asynaptic Sex Chromosomes,Heterogametic,XY,18
Holotrichia,problematica,Animalia|Insecta|Coleoptera|Scarabaeidae|Holotrichia|problematica,Asynaptic Sex Chromosomes,Heterogametic,XY,20
Holotrichia,serrata,Animalia|Insecta|Coleoptera|Scarabaeidae|Holotrichia|serrata,Asynaptic Sex Chromosomes,Heterogametic,XY,20
Homalomya,sp,Animalia|Insecta|Diptera|Anthomyiidae|Homalomya|sp,Achiasmatic Meiosis,Heterogametic,XY,12
Homalomyia,sp,Animalia|Insecta|Diptera|Muscidae|Homalomyia|sp,Achiasmatic Meiosis,Heterogametic,XY,12
Homaloplia,ruricola,Animalia|Insecta|Coleoptera|Scarabaeidae|Homaloplia|ruricola,Asynaptic Sex Chromosomes,Heterogametic,XY,20
Homoneura,armata,Animalia|Insecta|Diptera|Lauxaniidae|Homoneura|armata,Achiasmatic Meiosis,Heterogametic,XY,12
Homoneura,biroi,Animalia|Insecta|Diptera|Lauxaniidae|Homoneura|biroi,Achiasmatic Meiosis,Heterogametic,NA,12
Homoneura,horvathi,Animalia|Insecta|Diptera|Lauxaniidae|Homoneura|horvathi,Achiasmatic Meiosis,Heterogametic,XY,12
Homoneura,laticosta,Animalia|Insecta|Diptera|Lauxaniidae|Homoneura|laticosta,Achiasmatic Meiosis,Heterogametic,XY,12
Homoneura,newspecies,Animalia|Insecta|Diptera|Lauxaniidae|Homoneura|newspecies,Achiasmatic Meiosis,Heterogametic,XY,12
Homoneura,nsp.Nearpreapicalis,Animalia|Insecta|Diptera|Lauxaniidae|Homoneura|nsp.Nearpreapicalis,Achiasmatic Meiosis,Heterogametic,XY,12
Homoneura,sp1,Animalia|Insecta|Diptera|Lauxaniidae|Homoneura|sp1,Achiasmatic Meiosis,Heterogametic,XY,12
Homoneura,sp2,Animalia|Insecta|Diptera|Lauxaniidae|Homoneura|sp2,Achiasmatic Meiosis,Heterogametic,XY,12
Homoneura,spA,Animalia|Insecta|Diptera|Lauxaniidae|Homoneura|spA,Achiasmatic Meiosis,Heterogametic,NA,12
Homoneura,spB,Animalia|Insecta|Diptera|Lauxaniidae|Homoneura|spB,Achiasmatic Meiosis,Heterogametic,NA,12
Homoneura,speciesA,Animalia|Insecta|Diptera|Lauxaniidae|Homoneura|speciesA,Achiasmatic Meiosis,Heterogametic,XY,12
Homoneura,speciesB,Animalia|Insecta|Diptera|Lauxaniidae|Homoneura|speciesB,Achiasmatic Meiosis,Heterogametic,XY,12
Hoplistoscelis,sordidus,Animalia|Insecta|Hemiptera|Nabidae|Hoplistoscelis|sordidus,Asynaptic Sex Chromosomes,Heterogametic,XY,18
Hoplobrachium,asperipenne,Animalia|Insecta|Coleoptera|Tenebrionidae|Hoplobrachium|asperipenne,Asynaptic Sex Chromosomes,Heterogametic,XY,22
Hoplobrachium,dentipes,Animalia|Insecta|Coleoptera|Tenebrionidae|Hoplobrachium|dentipes,Asynaptic Sex Chromosomes,Heterogametic,XY,22
Hoplodictya,spinicornis,Animalia|Insecta|Diptera|Sciomyzidae|Hoplodictya|spinicornis,Achiasmatic Meiosis,Heterogametic,XO,12
Hoppingiana,hudsonica,Animalia|Insecta|Coleoptera|Melyridae|Hoppingiana|hudsonica,Asynaptic Sex Chromosomes,Heterogametic,XY,14
Hottentotta,arenaceus,Animalia|Arachnida|Scorpiones|Buthidae|Hottentotta|arenaceus,Achiasmatic Meiosis,Heterogametic,NA,14
Hottentotta,conspersus,Animalia|Arachnida|Scorpiones|Buthidae|Hottentotta|conspersus,Achiasmatic Meiosis,Heterogametic,NA,16
Hottentotta,flavidulus,Animalia|Arachnida|Scorpiones|Buthidae|Hottentotta|flavidulus,Achiasmatic Meiosis,Heterogametic,NA,24
Hottentotta,hottentotta,Animalia|Arachnida|Scorpiones|Buthidae|Hottentotta|hottentotta,Achiasmatic Meiosis,Heterogametic,NA,16
Hottentotta,minusalta,Animalia|Arachnida|Scorpiones|Buthidae|Hottentotta|minusalta,Achiasmatic Meiosis,Heterogametic,NA,16
Hottentotta,saulcyi,Animalia|Arachnida|Scorpiones|Buthidae|Hottentotta|saulcyi,Achiasmatic Meiosis,Heterogametic,NA,14
Hottentotta,sousai,Animalia|Arachnida|Scorpiones|Buthidae|Hottentotta|sousai,Achiasmatic Meiosis,Heterogametic,NA,14
Hottentotta,sp.,Animalia|Arachnida|Scorpiones|Buthidae|Hottentotta|sp.,Achiasmatic Meiosis,Heterogametic,NA,22
Hottentotta,trilineatus,Animalia|Arachnida|Scorpiones|Buthidae|Hottentotta|trilineatus,Achiasmatic Meiosis,Heterogametic,NA,24
Hottentotta,ugandensis,Animalia|Arachnida|Scorpiones|Buthidae|Hottentotta|ugandensis,Achiasmatic Meiosis,Heterogametic,NA,22
Huascaromusca,nigrifrons,Animalia|Insecta|Diptera|Calliphoridae|Huascaromusca|nigrifrons,Achiasmatic Meiosis,Heterogametic,XY,12
Hybomitra,arpadi,Animalia|Insecta|Diptera|Tabanidae|Hybomitra|arpadi,Achiasmatic Meiosis,Heterogametic,XY,12
Hybomitra,bimaculata,Animalia|Insecta|Diptera|Tabanidae|Hybomitra|bimaculata,Achiasmatic Meiosis,Heterogametic,XY,14
Hybomitra,brevis,Animalia|Insecta|Diptera|Tabanidae|Hybomitra|brevis,Achiasmatic Meiosis,Heterogametic,XY,18
Hybomitra,ciureai,Animalia|Insecta|Diptera|Tabanidae|Hybomitra|ciureai,Achiasmatic Meiosis,Heterogametic,XY,12
Hybomitra,distinguendadistinguenda,Animalia|Insecta|Diptera|Tabanidae|Hybomitra|distinguendadistinguenda,Achiasmatic Meiosis,Heterogametic,XY,16
Hybomitra,erberi,Animalia|Insecta|Diptera|Tabanidae|Hybomitra|erberi,Achiasmatic Meiosis,Heterogametic,XY,10
Hybomitra,lasiophthalma,Animalia|Insecta|Diptera|Tabanidae|Hybomitra|lasiophthalma,Achiasmatic Meiosis,Heterogametic,XY,14
Hybomitra,lundbecki,Animalia|Insecta|Diptera|Tabanidae|Hybomitra|lundbecki,Achiasmatic Meiosis,Heterogametic,XY,18
Hybomitra,m.acrocentrica,Animalia|Insecta|Diptera|Tabanidae|Hybomitra|m.acrocentrica,Achiasmatic Meiosis,Heterogametic,XY,16
Hybomitra,montanamontana,Animalia|Insecta|Diptera|Tabanidae|Hybomitra|montanamontana,Achiasmatic Meiosis,Heterogametic,XY,16
Hybomitra,muhlfeldi,Animalia|Insecta|Diptera|Tabanidae|Hybomitra|muhlfeldi,Achiasmatic Meiosis,Heterogametic,XY,10
Hybomitra,nigella,Animalia|Insecta|Diptera|Tabanidae|Hybomitra|nigella,Achiasmatic Meiosis,Heterogametic,XY,18
Hybomitra,peculiaris,Animalia|Insecta|Diptera|Tabanidae|Hybomitra|peculiaris,Achiasmatic Meiosis,Heterogametic,XY,14
Hybomitra,stenopselapha,Animalia|Insecta|Diptera|Tabanidae|Hybomitra|stenopselapha,Achiasmatic Meiosis,Heterogametic,XY,18
Hybomitra,tarandina,Animalia|Insecta|Diptera|Tabanidae|Hybomitra|tarandina,Achiasmatic Meiosis,Heterogametic,XY,18
Hybomitra,tarandinoides,Animalia|Insecta|Diptera|Tabanidae|Hybomitra|tarandinoides,Achiasmatic Meiosis,Heterogametic,XY,10
Hybomitra,ussuriensis,Animalia|Insecta|Diptera|Tabanidae|Hybomitra|ussuriensis,Achiasmatic Meiosis,Heterogametic,XY,18
Hybosorus,orientalis,Animalia|Insecta|Coleoptera|Hybosoridae|Hybosorus|orientalis,Asynaptic Sex Chromosomes,Heterogametic,XY,20
Hydrobius,fuscipes,Animalia|Insecta|Coleoptera|Hydrophilidae|Hydrobius|fuscipes,Asynaptic Sex Chromosomes,Heterogametic,XY,18
Hydrochara,flavipes,Animalia|Insecta|Coleoptera|Hydrophilidae|Hydrochara|flavipes,Asynaptic Sex Chromosomes,Heterogametic,XY,30
Hydromya,dorsalis,Animalia|Insecta|Diptera|Sciomyzidae|Hydromya|dorsalis,Achiasmatic Meiosis,Heterogametic,XY,12
Hydromya,dorsalisseriesII,Animalia|Insecta|Diptera|Sciomyzidae|Hydromya|dorsalisseriesII,Achiasmatic Meiosis,Heterogametic,XY,12
Hydrophilus,indicus,Animalia|Insecta|Coleoptera|Hydrophilidae|Hydrophilus|indicus,Asynaptic Sex Chromosomes,Heterogametic,XY,30
Hydrophilus,piceus,Animalia|Insecta|Coleoptera|Hydrophilidae|Hydrophilus|piceus,Asynaptic Sex Chromosomes,Heterogametic,XY,30
Hydrophilus,triangularis,Animalia|Insecta|Coleoptera|Hydrophilidae|Hydrophilus|triangularis,Asynaptic Sex Chromosomes,Heterogametic,XY,30
Hydrophoria,conica,Animalia|Insecta|Diptera|Anthomyiidae|Hydrophoria|conica,Achiasmatic Meiosis,Heterogametic,XY,12
Hydrophoria,conica,Animalia|Insecta|Diptera|Muscidae|Hydrophoria|conica,Achiasmatic Meiosis,Heterogametic,XY,12
Hydrotaea,houghi,Animalia|Insecta|Diptera|Muscidae|Hydrotaea|houghi,Achiasmatic Meiosis,Heterogametic,NA,12
Hydrotaea,irritans,Animalia|Insecta|Diptera|Muscidae|Hydrotaea|irritans,Achiasmatic Meiosis,Heterogametic,NA,10
Hydrotaea,meridionalis,Animalia|Insecta|Diptera|Muscidae|Hydrotaea|meridionalis,Achiasmatic Meiosis,Heterogametic,NA,10
Hydrotaea,meteorica,Animalia|Insecta|Diptera|Muscidae|Hydrotaea|meteorica,Achiasmatic Meiosis,Heterogametic,NA,10
Hydrotaea,pandellei,Animalia|Insecta|Diptera|Muscidae|Hydrotaea|pandellei,Achiasmatic Meiosis,Heterogametic,NA,10
Hydrotaea,pellucens,Animalia|Insecta|Diptera|Muscidae|Hydrotaea|pellucens,Achiasmatic Meiosis,Heterogametic,NA,10
Hydrotaea,scambus,Animalia|Insecta|Diptera|Muscidae|Hydrotaea|scambus,Achiasmatic Meiosis,Heterogametic,XY,10
Hydrotaea,stabulans,Animalia|Insecta|Diptera|Muscidae|Hydrotaea|stabulans,Achiasmatic Meiosis,Heterogametic,NA,10
Hydrotaea,velutina,Animalia|Insecta|Diptera|Muscidae|Hydrotaea|velutina,Achiasmatic Meiosis,Heterogametic,NA,10
Hydrothassa,glabra,Animalia|Insecta|Coleoptera|Chrysomelidae|Hydrothassa|glabra,Asynaptic Sex Chromosomes,Heterogametic,XY,34
Hylastes,angustatus,Animalia|Insecta|Coleoptera|Scolytidae|Hylastes|angustatus,Asynaptic Sex Chromosomes,Heterogametic,XY,26
Hylastes,ater,Animalia|Insecta|Coleoptera|Scolytidae|Hylastes|ater,Asynaptic Sex Chromosomes,Heterogametic,XY,26
Hylastes,cunicularius,Animalia|Insecta|Coleoptera|Scolytidae|Hylastes|cunicularius,Asynaptic Sex Chromosomes,Heterogametic,XY,26
Hylastes,varius,Animalia|Insecta|Coleoptera|Scolytidae|Hylastes|varius,Asynaptic Sex Chromosomes,Heterogametic,XY,26
Hylemya,antiqua,Animalia|Insecta|Diptera|Anthomyiidae|Hylemya|antiqua,Achiasmatic Meiosis,Heterogametic,XY,12
Hylemya,antiqua,Animalia|Insecta|Diptera|Muscidae|Hylemya|antiqua,Achiasmatic Meiosis,Heterogametic,XY,12
Hylemya,brassicae,Animalia|Insecta|Diptera|Anthomyiidae|Hylemya|brassicae,Achiasmatic Meiosis,Heterogametic,XY,12
Hylemya,brassicae,Animalia|Insecta|Diptera|Muscidae|Hylemya|brassicae,Achiasmatic Meiosis,Heterogametic,XY,12
Hylemya,cana,Animalia|Insecta|Diptera|Anthomyiidae|Hylemya|cana,Achiasmatic Meiosis,Heterogametic,XY,12
Hylemya,cana,Animalia|Insecta|Diptera|Muscidae|Hylemya|cana,Achiasmatic Meiosis,Heterogametic,XY,12
Hylemya,cilicrura,Animalia|Insecta|Diptera|Anthomyiidae|Hylemya|cilicrura,Achiasmatic Meiosis,Heterogametic,XY,12
Hylemya,cilicrura,Animalia|Insecta|Diptera|Muscidae|Hylemya|cilicrura,Achiasmatic Meiosis,Heterogametic,XY,12
Hylemya,crucifera,Animalia|Insecta|Diptera|Anthomyiidae|Hylemya|crucifera,Achiasmatic Meiosis,Heterogametic,XY,12
Hylemya,cruciferae,Animalia|Insecta|Diptera|Muscidae|Hylemya|cruciferae,Achiasmatic Meiosis,Heterogametic,NA,12
Hylemya,echinata,Animalia|Insecta|Diptera|Anthomyiidae|Hylemya|echinata,Achiasmatic Meiosis,Heterogametic,XY,12
Hylemya,echinata,Animalia|Insecta|Diptera|Muscidae|Hylemya|echinata,Achiasmatic Meiosis,Heterogametic,NA,12
Hylemya,floralis,Animalia|Insecta|Diptera|Anthomyiidae|Hylemya|floralis,Achiasmatic Meiosis,Heterogametic,XY,12
Hylemya,floralis,Animalia|Insecta|Diptera|Muscidae|Hylemya|floralis,Achiasmatic Meiosis,Heterogametic,NA,12
Hylemya,florilega,Animalia|Insecta|Diptera|Muscidae|Hylemya|florilega,Achiasmatic Meiosis,Heterogametic,NA,12
Hylemya,florilegea,Animalia|Insecta|Diptera|Anthomyiidae|Hylemya|florilegea,Achiasmatic Meiosis,Heterogametic,XY,12
Hylemya,fugax,Animalia|Insecta|Diptera|Anthomyiidae|Hylemya|fugax,Achiasmatic Meiosis,Heterogametic,NA,14
Hylemya,fugax,Animalia|Insecta|Diptera|Muscidae|Hylemya|fugax,Achiasmatic Meiosis,Heterogametic,NA,14
Hylemya,planipalpus,Animalia|Insecta|Diptera|Anthomyiidae|Hylemya|planipalpus,Achiasmatic Meiosis,Heterogametic,XY,12
Hylemya,planipalpus,Animalia|Insecta|Diptera|Muscidae|Hylemya|planipalpus,Achiasmatic Meiosis,Heterogametic,NA,12
Hylemya,pseudobrassicae,Animalia|Insecta|Diptera|Muscidae|Hylemya|pseudobrassicae,Achiasmatic Meiosis,Heterogametic,NA,12
Hylemya,trichodactula,Animalia|Insecta|Diptera|Anthomyiidae|Hylemya|trichodactula,Achiasmatic Meiosis,Heterogametic,XY,12
Hylemya,trichodactyla,Animalia|Insecta|Diptera|Muscidae|Hylemya|trichodactyla,Achiasmatic Meiosis,Heterogametic,NA,12
Hylobius,abietis,Animalia|Insecta|Coleoptera|Curculionidae|Hylobius|abietis,Asynaptic Sex Chromosomes,Heterogametic,XY,22
Hylobius,albosparsus,Animalia|Insecta|Coleoptera|Curculionidae|Hylobius|albosparsus,Asynaptic Sex Chromosomes,Heterogametic,XY,40
Hylobius,aliradicis,Animalia|Insecta|Coleoptera|Curculionidae|Hylobius|aliradicis,Asynaptic Sex Chromosomes,Heterogametic,XY,22
Hylobius,congener,Animalia|Insecta|Coleoptera|Curculionidae|Hylobius|congener,Asynaptic Sex Chromosomes,Heterogametic,XY,22
Hylobius,cribripennis,Animalia|Insecta|Coleoptera|Curculionidae|Hylobius|cribripennis,Asynaptic Sex Chromosomes,Heterogametic,XY,36
Hylobius,desbrochersi,Animalia|Insecta|Coleoptera|Curculionidae|Hylobius|desbrochersi,Asynaptic Sex Chromosomes,Heterogametic,XY,36
Hylobius,elongatus,Animalia|Insecta|Coleoptera|Curculionidae|Hylobius|elongatus,Asynaptic Sex Chromosomes,Heterogametic,XY,48
Hylobius,exculptus,Animalia|Insecta|Coleoptera|Curculionidae|Hylobius|exculptus,Asynaptic Sex Chromosomes,Heterogametic,XY,28
Hylobius,freyi,Animalia|Insecta|Coleoptera|Curculionidae|Hylobius|freyi,Asynaptic Sex Chromosomes,Heterogametic,XY,28
Hylobius,galloisi,Animalia|Insecta|Coleoptera|Curculionidae|Hylobius|galloisi,Asynaptic Sex Chromosomes,Heterogametic,XY,36
Hylobius,gebleri,Animalia|Insecta|Coleoptera|Curculionidae|Hylobius|gebleri,Asynaptic Sex Chromosomes,Heterogametic,XY,22
Hylobius,gigas,Animalia|Insecta|Coleoptera|Curculionidae|Hylobius|gigas,Asynaptic Sex Chromosomes,Heterogametic,XY,36
Hylobius,insularis,Animalia|Insecta|Coleoptera|Curculionidae|Hylobius|insularis,Asynaptic Sex Chromosomes,Heterogametic,XY,50
Hylobius,pales,Animalia|Insecta|Coleoptera|Curculionidae|Hylobius|pales,Asynaptic Sex Chromosomes,Heterogametic,XY,22
Hylobius,perforatus,Animalia|Insecta|Coleoptera|Curculionidae|Hylobius|perforatus,Asynaptic Sex Chromosomes,Heterogametic,XY,36
Hylobius,piceus,Animalia|Insecta|Coleoptera|Curculionidae|Hylobius|piceus,Asynaptic Sex Chromosomes,Heterogametic,XY,40
Hylobius,pinicola,Animalia|Insecta|Coleoptera|Curculionidae|Hylobius|pinicola,Asynaptic Sex Chromosomes,Heterogametic,XY,40
Hylobius,pistri,Animalia|Insecta|Coleoptera|Curculionidae|Hylobius|pistri,Asynaptic Sex Chromosomes,Heterogametic,XY,22
Hylobius,radicis,Animalia|Insecta|Coleoptera|Curculionidae|Hylobius|radicis,Asynaptic Sex Chromosomes,Heterogametic,XY,22
Hylobius,warreni,Animalia|Insecta|Coleoptera|Curculionidae|Hylobius|warreni,Asynaptic Sex Chromosomes,Heterogametic,XY,32
Hylocrinua,sp.,Animalia|Insecta|Coleoptera|Tenebrionidae|Hylocrinua|sp.,Asynaptic Sex Chromosomes,Heterogametic,XY,20
Hylurgops,glabratus,Animalia|Insecta|Coleoptera|Scolytidae|Hylurgops|glabratus,Asynaptic Sex Chromosomes,Heterogametic,XY,26
Hylurgops,palliatus,Animalia|Insecta|Coleoptera|Scolytidae|Hylurgops|palliatus,Asynaptic Sex Chromosomes,Heterogametic,XY,26
Hylurgops,pinifex,Animalia|Insecta|Coleoptera|Scolytidae|Hylurgops|pinifex,Asynaptic Sex Chromosomes,Heterogametic,XY,30
Hypera,elongata,Animalia|Insecta|Coleoptera|Curculionidae|Hypera|elongata,Asynaptic Sex Chromosomes,Heterogametic,XY,22
Hypera,medicaginis,Animalia|Insecta|Coleoptera|Curculionidae|Hypera|medicaginis,Asynaptic Sex Chromosomes,Heterogametic,XY,22
Hypera,nigrirostris,Animalia|Insecta|Coleoptera|Curculionidae|Hypera|nigrirostris,Asynaptic Sex Chromosomes,Heterogametic,XY,22
Hypera,postica,Animalia|Insecta|Coleoptera|Curculionidae|Hypera|postica,Asynaptic Sex Chromosomes,Heterogametic,XY,22
Hypera,rumicus,Animalia|Insecta|Coleoptera|Curculionidae|Hypera|rumicus,Asynaptic Sex Chromosomes,Heterogametic,XY,22
Hypera,viciae,Animalia|Insecta|Coleoptera|Attelabidae|Hypera|viciae,Asynaptic Sex Chromosomes,Heterogametic,XY,22
Hypera,viciae,Animalia|Insecta|Coleoptera|Curculionidae|Hypera|viciae,Asynaptic Sex Chromosomes,Heterogametic,XY,22
Hyperaspis,4-oculata,Animalia|Insecta|Coleoptera|Coccinellidae|Hyperaspis|4-oculata,Asynaptic Sex Chromosomes,Heterogametic,XY,14
Hyperaspis,bigemita,Animalia|Insecta|Coleoptera|Coccinellidae|Hyperaspis|bigemita,Asynaptic Sex Chromosomes,Heterogametic,XY,14
Hyperaspis,billoti,Animalia|Insecta|Coleoptera|Coccinellidae|Hyperaspis|billoti,Asynaptic Sex Chromosomes,Heterogametic,XY,16
Hyperaspis,binotata,Animalia|Insecta|Coleoptera|Coccinellidae|Hyperaspis|binotata,Asynaptic Sex Chromosomes,Heterogametic,XY,14
Hyperaspis,cincta,Animalia|Insecta|Coleoptera|Coccinellidae|Hyperaspis|cincta,Asynaptic Sex Chromosomes,Heterogametic,XY,14
Hyperaspis,congressis,Animalia|Insecta|Coleoptera|Coccinellidae|Hyperaspis|congressis,Asynaptic Sex Chromosomes,Heterogametic,XY,14
Hyperaspis,dissoluta,Animalia|Insecta|Coleoptera|Coccinellidae|Hyperaspis|dissoluta,Asynaptic Sex Chromosomes,Heterogametic,XY,14
Hyperaspis,donzeli,Animalia|Insecta|Coleoptera|Coccinellidae|Hyperaspis|donzeli,Asynaptic Sex Chromosomes,Heterogametic,XY,14
Hyperaspis,jucunda,Animalia|Insecta|Coleoptera|Coccinellidae|Hyperaspis|jucunda,Asynaptic Sex Chromosomes,Heterogametic,XY,16
Hyperaspis,lateralis,Animalia|Insecta|Coleoptera|Coccinellidae|Hyperaspis|lateralis,Asynaptic Sex Chromosomes,Heterogametic,XY,14
Hyperaspis,notatula,Animalia|Insecta|Coleoptera|Coccinellidae|Hyperaspis|notatula,Asynaptic Sex Chromosomes,Heterogametic,XY,14
Hyperaspis,paspalis,Animalia|Insecta|Coleoptera|Coccinellidae|Hyperaspis|paspalis,Asynaptic Sex Chromosomes,Heterogametic,XY,14
Hyperaspis,sp.,Animalia|Insecta|Coleoptera|Coccinellidae|Hyperaspis|sp.,Asynaptic Sex Chromosomes,Heterogametic,XY,14
Hyperaspis,trilineata,Animalia|Insecta|Coleoptera|Coccinellidae|Hyperaspis|trilineata,Asynaptic Sex Chromosomes,Heterogametic,XY,14
Hypermias,sp.,Animalia|Insecta|Coleoptera|Curculionidae|Hypermias|sp.,Asynaptic Sex Chromosomes,Heterogametic,XY,22
Hypochilus,pococki,Animalia|Arachnida|Araneae|Hypochilidae|Hypochilus|pococki,Achiasmatic Meiosis,Heterogametic,NA,NA
Hypoderma,bovis,Animalia|Insecta|Diptera|Oestridae|Hypoderma|bovis,Achiasmatic Meiosis,Heterogametic,XY,12
Hypoderma,lineatum,Animalia|Insecta|Diptera|Oestridae|Hypoderma|lineatum,Achiasmatic Meiosis,Heterogametic,XY,12
Hypolampsis,sp.,Animalia|Insecta|Coleoptera|Chrysomelidae|Hypolampsis|sp.,Asynaptic Sex Chromosomes,Heterogametic,XY,22
Hypolixus,truncatulus,Animalia|Insecta|Coleoptera|Curculionidae|Hypolixus|truncatulus,Asynaptic Sex Chromosomes,Heterogametic,XY,44
Hypomeces,squamosus,Animalia|Insecta|Coleoptera|Curculionidae|Hypomeces|squamosus,Asynaptic Sex Chromosomes,Heterogametic,XY,22
Hypsiprymnodon,moschatus,Animalia|Mammalia|Diprotodontia|Hypsiprymnodontidae|Hypsiprymnodon|moschatus,Asynaptic Sex Chromosomes,Heterogametic,XY,22
Hystricocnema,plinthopyga,Animalia|Insecta|Diptera|Sarcophagidae|Hystricocnema|plinthopyga,Achiasmatic Meiosis,Heterogametic,XY,12
Illeis,cincta,Animalia|Insecta|Coleoptera|Coccinellidae|Illeis|cincta,Asynaptic Sex Chromosomes,Heterogametic,XY,20
Illeis,indica,Animalia|Insecta|Coleoptera|Coccinellidae|Illeis|indica,Asynaptic Sex Chromosomes,Heterogametic,XY,20
Ima,fusca,Animalia|Insecta|Mantodea|Nanomantidae|Ima|fusca,Achiasmatic Meiosis,Heterogametic,XY,34
Incurvaria,pectinea,Animalia|Insecta|Lepidoptera|Incurvariidae|Incurvaria|pectinea,Achiasmatic Meiosis,Heterogametic,NA,NA
Indocurculio,minutus,Animalia|Insecta|Coleoptera|Curculionidae|Indocurculio|minutus,Asynaptic Sex Chromosomes,Heterogametic,XY,24
Indomecus,lectus,Animalia|Insecta|Coleoptera|Curculionidae|Indomecus|lectus,Asynaptic Sex Chromosomes,Heterogametic,XY,22
Indomias,acutipennis,Animalia|Insecta|Coleoptera|Curculionidae|Indomias|acutipennis,Asynaptic Sex Chromosomes,Heterogametic,XY,22
Indopalpares,pardus,Animalia|Insecta|Neuroptera|Myrmeleontidae|Indopalpares|pardus,Asynaptic Sex Chromosomes,Heterogametic,XY,24
Indoscitalinus,achoreta,Animalia|Insecta|Coleoptera|Staphylinidae|Indoscitalinus|achoreta,Asynaptic Sex Chromosomes,Heterogametic,XY,28
Ipomoea,bona-nox,Plantae|Magnoliopsida|Solanales|Convolvulaceae|Ipomoea|bona-nox,Asynaptic Sex Chromosomes,NA,NA,16
Ips,acumitus,Animalia|Insecta|Coleoptera|Scolytidae|Ips|acumitus,Asynaptic Sex Chromosomes,Heterogametic,XY,16
Ips,avulsus,Animalia|Insecta|Coleoptera|Scolytidae|Ips|avulsus,Asynaptic Sex Chromosomes,Heterogametic,XY,32
Ips,bonseai,Animalia|Insecta|Coleoptera|Scolytidae|Ips|bonseai,Asynaptic Sex Chromosomes,Heterogametic,XY,32
Ips,borealis,Animalia|Insecta|Coleoptera|Scolytidae|Ips|borealis,Asynaptic Sex Chromosomes,Heterogametic,XY,32
Ips,calligraphus,Animalia|Insecta|Coleoptera|Scolytidae|Ips|calligraphus,Asynaptic Sex Chromosomes,Heterogametic,XY,32
Ips,chagnoni,Animalia|Insecta|Coleoptera|Scolytidae|Ips|chagnoni,Asynaptic Sex Chromosomes,Heterogametic,XY,32
Ips,concinnus,Animalia|Insecta|Coleoptera|Scolytidae|Ips|concinnus,Asynaptic Sex Chromosomes,Heterogametic,XY,16
Ips,confusus,Animalia|Insecta|Coleoptera|Scolytidae|Ips|confusus,Asynaptic Sex Chromosomes,Heterogametic,XY,32
Ips,cribricollis,Animalia|Insecta|Coleoptera|Scolytidae|Ips|cribricollis,Asynaptic Sex Chromosomes,Heterogametic,XY,32
Ips,emargitus,Animalia|Insecta|Coleoptera|Scolytidae|Ips|emargitus,Asynaptic Sex Chromosomes,Heterogametic,XY,32
Ips,hoppingi,Animalia|Insecta|Coleoptera|Scolytidae|Ips|hoppingi,Asynaptic Sex Chromosomes,Heterogametic,XY,32
Ips,hunteri,Animalia|Insecta|Coleoptera|Scolytidae|Ips|hunteri,Asynaptic Sex Chromosomes,Heterogametic,XY,32
Ips,integer,Animalia|Insecta|Coleoptera|Scolytidae|Ips|integer,Asynaptic Sex Chromosomes,Heterogametic,XY,32
Ips,interstitialis,Animalia|Insecta|Coleoptera|Scolytidae|Ips|interstitialis,Asynaptic Sex Chromosomes,Heterogametic,XY,32
Ips,kusi,Animalia|Insecta|Coleoptera|Scolytidae|Ips|kusi,Asynaptic Sex Chromosomes,Heterogametic,XY,32
Ips,latidens,Animalia|Insecta|Coleoptera|Scolytidae|Ips|latidens,Asynaptic Sex Chromosomes,Heterogametic,XY,20
Ips,lecontei,Animalia|Insecta|Coleoptera|Scolytidae|Ips|lecontei,Asynaptic Sex Chromosomes,Heterogametic,XY,32
Ips,mexicanus,Animalia|Insecta|Coleoptera|Scolytidae|Ips|mexicanus,Asynaptic Sex Chromosomes,Heterogametic,XY,16
Ips,montanus,Animalia|Insecta|Coleoptera|Scolytidae|Ips|montanus,Asynaptic Sex Chromosomes,Heterogametic,XY,32
Ips,paraconfusus,Animalia|Insecta|Coleoptera|Scolytidae|Ips|paraconfusus,Asynaptic Sex Chromosomes,Heterogametic,XY,32
Ips,perroti,Animalia|Insecta|Coleoptera|Scolytidae|Ips|perroti,Asynaptic Sex Chromosomes,Heterogametic,XY,32
Ips,pertubatus,Animalia|Insecta|Coleoptera|Scolytidae|Ips|pertubatus,Asynaptic Sex Chromosomes,Heterogametic,XY,32
Ips,pilifrons,Animalia|Insecta|Coleoptera|Scolytidae|Ips|pilifrons,Asynaptic Sex Chromosomes,Heterogametic,XY,32
Ips,pini,Animalia|Insecta|Coleoptera|Scolytidae|Ips|pini,Asynaptic Sex Chromosomes,Heterogametic,XY,32
Ips,plastographus,Animalia|Insecta|Coleoptera|Scolytidae|Ips|plastographus,Asynaptic Sex Chromosomes,Heterogametic,XY,32
Ips,sexdentatus,Animalia|Insecta|Coleoptera|Scolytidae|Ips|sexdentatus,Asynaptic Sex Chromosomes,Heterogametic,XY,26
Ips,spinifer,Animalia|Insecta|Coleoptera|Scolytidae|Ips|spinifer,Asynaptic Sex Chromosomes,Heterogametic,XY,20
Ips,tridens,Animalia|Insecta|Coleoptera|Scolytidae|Ips|tridens,Asynaptic Sex Chromosomes,Heterogametic,XY,32
Ips,typographus,Animalia|Insecta|Coleoptera|Scolytidae|Ips|typographus,Asynaptic Sex Chromosomes,Heterogametic,XY,30
Ips,woodi,Animalia|Insecta|Coleoptera|Scolytidae|Ips|woodi,Asynaptic Sex Chromosomes,Heterogametic,XY,32
Ischiodon,aegyptius,Animalia|Insecta|Diptera|Syrphidae|Ischiodon|aegyptius,Achiasmatic Meiosis,Heterogametic,XY,8
Ischiodon,scutellaris,Animalia|Insecta|Diptera|Syrphidae|Ischiodon|scutellaris,Achiasmatic Meiosis,Heterogametic,XY,10
Ischnotelson,guanambiensis,Animalia|Arachnida|Scorpiones|Buthidae|Ischnotelson|guanambiensis,Achiasmatic Meiosis,Both,NA,26
Ischnotelson,peruassu,Animalia|Arachnida|Scorpiones|Buthidae|Ischnotelson|peruassu,Achiasmatic Meiosis,Heterogametic,NA,26
Ischnotelson,sp.,Animalia|Arachnida|Scorpiones|Buthidae|Ischnotelson|sp.,Achiasmatic Meiosis,Heterogametic,NA,26
Ischyrosyrphus,glaucius,Animalia|Insecta|Diptera|Syrphidae|Ischyrosyrphus|glaucius,Achiasmatic Meiosis,Heterogametic,XY,10
Ischyrosyrphus,laternarius,Animalia|Insecta|Diptera|Syrphidae|Ischyrosyrphus|laternarius,Achiasmatic Meiosis,Heterogametic,XY,10
Ischyrosyrphus,velutinus,Animalia|Insecta|Diptera|Syrphidae|Ischyrosyrphus|velutinus,Achiasmatic Meiosis,Heterogametic,XY,10
Isocerus,balearicus,Animalia|Insecta|Coleoptera|Tenebrionidae|Isocerus|balearicus,Asynaptic Sex Chromosomes,Heterogametic,XY,20
Isocopris,inhiatus,Animalia|Insecta|Coleoptera|Scarabaeidae|Isocopris|inhiatus,Asynaptic Sex Chromosomes,Heterogametic,XY,18
Isoetes,coromandelina,Plantae|Equisetopsida|Isoetales|Isoetaceae|Isoetes|coromandelina,Asynaptic Sex Chromosomes,NA,NA,46
Isometroides,vescus,Animalia|Arachnida|Scorpiones|Buthidae|Isometroides|vescus,Achiasmatic Meiosis,Heterogametic,NA,14
Isometrus,maculatus,Animalia|Arachnida|Scorpiones|Buthidae|Isometrus|maculatus,Achiasmatic Meiosis,Heterogametic,NA,12
Isometrus,melanodactylus,Animalia|Arachnida|Scorpiones|Buthidae|Isometrus|melanodactylus,Achiasmatic Meiosis,Heterogametic,NA,14
Isometrus,thwaitesi,Animalia|Arachnida|Scorpiones|Buthidae|Isometrus|thwaitesi,Achiasmatic Meiosis,Heterogametic,NA,8
Isomira,quadrastriata,Animalia|Insecta|Coleoptera|Tenebrionidae|Isomira|quadrastriata,Asynaptic Sex Chromosomes,Heterogametic,XY,20
Isomira,sp.,Animalia|Insecta|Coleoptera|Tenebrionidae|Isomira|sp.,Asynaptic Sex Chromosomes,Heterogametic,XY,20
Isomira,variabilis,Animalia|Insecta|Coleoptera|Tenebrionidae|Isomira|variabilis,Asynaptic Sex Chromosomes,Heterogametic,XY,14
Isomyia,connivens,Animalia|Insecta|Diptera|Calliphoridae|Isomyia|connivens,Achiasmatic Meiosis,Heterogametic,XY,12
Isomyia,prasina,Animalia|Insecta|Diptera|Calliphoridae|Isomyia|prasina,Achiasmatic Meiosis,Heterogametic,XY,12
Isoodon,macrourus,Animalia|Mammalia|Peramelemorphia|Peramelidae|Isoodon|macrourus,Asynaptic Sex Chromosomes,Heterogametic,XY,14
Isoodon,obesulus,Animalia|Mammalia|Peramelemorphia|Peramelidae|Isoodon|obesulus,Asynaptic Sex Chromosomes,Heterogametic,XY,14
Ixalma,dentipes,Animalia|Insecta|Coleoptera|Curculionidae|Ixalma|dentipes,Asynaptic Sex Chromosomes,Heterogametic,XY,22
Jaguajir,agamemnon,Animalia|Arachnida|Scorpiones|Buthidae|Jaguajir|agamemnon,Achiasmatic Meiosis,Heterogametic,NA,28
Jaguajir,pintoi,Animalia|Arachnida|Scorpiones|Buthidae|Jaguajir|pintoi,Achiasmatic Meiosis,Both,NA,28
Jaguajir,rochae,Animalia|Arachnida|Scorpiones|Buthidae|Jaguajir|rochae,Achiasmatic Meiosis,Heterogametic,NA,28
Jolivetia,obscura,Animalia|Insecta|Coleoptera|Chrysomelidae|Jolivetia|obscura,Asynaptic Sex Chromosomes,Heterogametic,XY,28
Julodella,globithorax,Animalia|Insecta|Coleoptera|Buprestidae|Julodella|globithorax,Asynaptic Sex Chromosomes,Heterogametic,XY,26
Kanarella,sp.,Animalia|Insecta|Coleoptera|Chrysomelidae|Kanarella|sp.,Asynaptic Sex Chromosomes,Heterogametic,XY,26
Kellymyia,kellyi,Animalia|Insecta|Diptera|Sarcophagidae|Kellymyia|kellyi,Achiasmatic Meiosis,Heterogametic,XY,12
Knutsonia,lineata,Animalia|Insecta|Diptera|Sciomyzidae|Knutsonia|lineata,Achiasmatic Meiosis,Heterogametic,NA,12
Laccobius,bipunctatus,Animalia|Insecta|Coleoptera|Hydrophilidae|Laccobius|bipunctatus,Asynaptic Sex Chromosomes,Heterogametic,XY,18
Laccobius,colon,Animalia|Insecta|Coleoptera|Hydrophilidae|Laccobius|colon,Asynaptic Sex Chromosomes,Heterogametic,XY,18
Laccobius,ytenensis,Animalia|Insecta|Coleoptera|Hydrophilidae|Laccobius|ytenensis,Asynaptic Sex Chromosomes,Heterogametic,XY,18
Laccoptera,quadrimaculata,Animalia|Insecta|Coleoptera|Chrysomelidae|Laccoptera|quadrimaculata,Asynaptic Sex Chromosomes,Heterogametic,XY,18
Lachnaia,pubescens,Animalia|Insecta|Coleoptera|Chrysomelidae|Lachnaia|pubescens,Asynaptic Sex Chromosomes,Heterogametic,XY,24
Lachnosterna,longipennis,Animalia|Insecta|Coleoptera|Scarabaeidae|Lachnosterna|longipennis,Asynaptic Sex Chromosomes,Heterogametic,XY,20
Laena,reitteri,Animalia|Insecta|Coleoptera|Tenebrionidae|Laena|reitteri,Asynaptic Sex Chromosomes,Heterogametic,XY,18
Laglasia,sp.,Animalia|Insecta|Diptera|Platystomatidae|Laglasia|sp.,Achiasmatic Meiosis,Heterogametic,XY,12
Lagochirus,araeiformis,Animalia|Insecta|Coleoptera|Cerambycidae|Lagochirus|araeiformis,Asynaptic Sex Chromosomes,Heterogametic,XY,24
Lagorchestes,conspicillata,Animalia|Mammalia|Diprotodontia|Macropodidae|Lagorchestes|conspicillata,Asynaptic Sex Chromosomes,Heterogametic,XY,16
Lagorchestes,hirsutus,Animalia|Mammalia|Diprotodontia|Macropodidae|Lagorchestes|hirsutus,Asynaptic Sex Chromosomes,Heterogametic,XY,20
Lagostrphus,fasciatus,Animalia|Mammalia|Diprotodontia|Macropodidae|Lagostrphus|fasciatus,Asynaptic Sex Chromosomes,Heterogametic,XY,32
Lanzatus,somalilandusv Sp.n.,Animalia|Arachnida|Scorpiones|Buthidae|Lanzatus|somalilandusv Sp.n.,Achiasmatic Meiosis,Heterogametic,NA,NA
Largus,rufipennis,Animalia|Insecta|Hemiptera|Largidae|Largus|rufipennis,Achiasmatic Sex Chromosomes,Heterogametic,XO,14
Larinodontes,obtusus,Animalia|Insecta|Coleoptera|Curculionidae|Larinodontes|obtusus,Asynaptic Sex Chromosomes,Heterogametic,XY,40
Larinus,griseopilosus,Animalia|Insecta|Coleoptera|Curculionidae|Larinus|griseopilosus,Asynaptic Sex Chromosomes,Heterogametic,XY,40
Larinus,latissimus,Animalia|Insecta|Coleoptera|Curculionidae|Larinus|latissimus,Asynaptic Sex Chromosomes,Heterogametic,XY,40
Larinus,meleagris,Animalia|Insecta|Coleoptera|Curculionidae|Larinus|meleagris,Asynaptic Sex Chromosomes,Heterogametic,XY,40
Larinus,saussureae,Animalia|Insecta|Coleoptera|Curculionidae|Larinus|saussureae,Asynaptic Sex Chromosomes,Heterogametic,XY,36
Larinus,sturnus,Animalia|Insecta|Coleoptera|Attelabidae|Larinus|sturnus,Asynaptic Sex Chromosomes,Heterogametic,XY,38
Lasioderma,serricorne,Animalia|Insecta|Coleoptera|Anobiidae|Lasioderma|serricorne,Asynaptic Sex Chromosomes,Heterogametic,XY,18
Lasionemopoda,hirsuta,Animalia|Insecta|Diptera|Stratiomyidae|Lasionemopoda|hirsuta,Achiasmatic Meiosis,Heterogametic,NA,16
Lasioptera,asterspinosae,Animalia|Insecta|Diptera|Cecidomyiidae|Lasioptera|asterspinosae,Achiasmatic Meiosis,Heterogametic,XO,8
Lasiorhinus,latifrons,Animalia|Mammalia|Diprotodontia|Vombatidae|Lasiorhinus|latifrons,Asynaptic Sex Chromosomes,Heterogametic,XY,14
Latheticus,oryzae,Animalia|Insecta|Coleoptera|Tenebrionidae|Latheticus|oryzae,Asynaptic Sex Chromosomes,Heterogametic,XY,20
Lauxania,cylindricornis,Animalia|Insecta|Diptera|Lauxaniidae|Lauxania|cylindricornis,Achiasmatic Meiosis,Heterogametic,XY,12
Leiodes,calcarata,Animalia|Insecta|Coleoptera|Leiodidae|Leiodes|calcarata,Asynaptic Sex Chromosomes,Heterogametic,XY,22
Leiurus,abdullahbayrami,Animalia|Arachnida|Scorpiones|Buthidae|Leiurus|abdullahbayrami,Achiasmatic Meiosis,Heterogametic,NA,22
Leiurus,hebraeus,Animalia|Arachnida|Scorpiones|Buthidae|Leiurus|hebraeus,Achiasmatic Meiosis,Heterogametic,NA,22
Leiurus,sp.,Animalia|Arachnida|Scorpiones|Buthidae|Leiurus|sp.,Achiasmatic Meiosis,Heterogametic,NA,22
Lejops,arquatus,Animalia|Insecta|Diptera|Syrphidae|Lejops|arquatus,Achiasmatic Meiosis,Heterogametic,XY,12
Lejops,hamatus,Animalia|Insecta|Diptera|Syrphidae|Lejops|hamatus,Achiasmatic Meiosis,Heterogametic,NA,10
Lejops,lineatus,Animalia|Insecta|Diptera|Syrphidae|Lejops|lineatus,Achiasmatic Meiosis,Heterogametic,XY,12
Lejops,lunulatus,Animalia|Insecta|Diptera|Syrphidae|Lejops|lunulatus,Achiasmatic Meiosis,Heterogametic,XY,10
Lejops,mexicanus,Animalia|Insecta|Diptera|Syrphidae|Lejops|mexicanus,Achiasmatic Meiosis,Heterogametic,XY,12
Lejops,obsoletus,Animalia|Insecta|Diptera|Syrphidae|Lejops|obsoletus,Achiasmatic Meiosis,Heterogametic,XY,14
Lejops,relictus,Animalia|Insecta|Diptera|Syrphidae|Lejops|relictus,Achiasmatic Meiosis,Heterogametic,XY,10
Lejops,rex,Animalia|Insecta|Diptera|Syrphidae|Lejops|rex,Achiasmatic Meiosis,Heterogametic,XY,12
Lejops,sp.1,Animalia|Insecta|Diptera|Syrphidae|Lejops|sp.1,Achiasmatic Meiosis,Heterogametic,XY,10
Lejops,stipatus,Animalia|Insecta|Diptera|Syrphidae|Lejops|stipatus,Achiasmatic Meiosis,Heterogametic,XY,12
Lejops,transfugus,Animalia|Insecta|Diptera|Syrphidae|Lejops|transfugus,Achiasmatic Meiosis,Heterogametic,XY,10
Lejops,versicolor,Animalia|Insecta|Diptera|Syrphidae|Lejops|versicolor,Achiasmatic Meiosis,Heterogametic,XY,12
Lejota,cyanea,Animalia|Insecta|Diptera|Syrphidae|Lejota|cyanea,Achiasmatic Meiosis,Heterogametic,XY,12
Lema,cerea,Animalia|Insecta|Coleoptera|Chrysomelidae|Lema|cerea,Asynaptic Sex Chromosomes,Heterogametic,XY,14
Lema,coromandeliana,Animalia|Insecta|Coleoptera|Chrysomelidae|Lema|coromandeliana,Asynaptic Sex Chromosomes,Heterogametic,XY,16
Lema,cyanea,Animalia|Insecta|Coleoptera|Chrysomelidae|Lema|cyanea,Asynaptic Sex Chromosomes,Heterogametic,XY,24
Lema,cyanella,Animalia|Insecta|Coleoptera|Chrysomelidae|Lema|cyanella,Asynaptic Sex Chromosomes,Heterogametic,XY,16
Lema,dorsalis,Animalia|Insecta|Coleoptera|Chrysomelidae|Lema|dorsalis,Asynaptic Sex Chromosomes,Heterogametic,XY,18
Lema,n.sp.,Animalia|Insecta|Coleoptera|Chrysomelidae|Lema|n.sp.,Asynaptic Sex Chromosomes,Heterogametic,XY,16
Lema,nigripes,Animalia|Insecta|Coleoptera|Chrysomelidae|Lema|nigripes,Asynaptic Sex Chromosomes,Heterogametic,XY,18
Lema,nigrrofrontalis,Animalia|Insecta|Coleoptera|Chrysomelidae|Lema|nigrrofrontalis,Asynaptic Sex Chromosomes,Heterogametic,XY,16
Lema,praeusta,Animalia|Insecta|Coleoptera|Chrysomelidae|Lema|praeusta,Asynaptic Sex Chromosomes,Heterogametic,XY,16
Lema,rufotestacea,Animalia|Insecta|Coleoptera|Chrysomelidae|Lema|rufotestacea,Asynaptic Sex Chromosomes,Heterogametic,XY,14
Lema,semifulva,Animalia|Insecta|Coleoptera|Chrysomelidae|Lema|semifulva,Asynaptic Sex Chromosomes,Heterogametic,XY,16
Lema,termita,Animalia|Insecta|Coleoptera|Chrysomelidae|Lema|termita,Asynaptic Sex Chromosomes,Heterogametic,XY,16
Lema,trilineata,Animalia|Insecta|Coleoptera|Chrysomelidae|Lema|trilineata,Asynaptic Sex Chromosomes,Heterogametic,XY,32
Lenophila,caerulea,Animalia|Insecta|Diptera|Platystomatidae|Lenophila|caerulea,Achiasmatic Meiosis,Heterogametic,XY,12
Lepeoptheirus,salmonis salmonis,Animalia|Maxillopoda|Siphonostomatoida|Caligidae|Lepeoptheirus|salmonis salmonis,Achiasmatic Meiosis,Heterogametic,ZW,16
Leperisinus,pruinosis,Animalia|Insecta|Coleoptera|Scolytidae|Leperisinus|pruinosis,Asynaptic Sex Chromosomes,Heterogametic,XY,26
Lepidospyris,demissus,Animalia|Insecta|Coleoptera|Curculionidae|Lepidospyris|demissus,Asynaptic Sex Chromosomes,Heterogametic,XY,22
Lepropus,chrysochlorus,Animalia|Insecta|Coleoptera|Curculionidae|Lepropus|chrysochlorus,Asynaptic Sex Chromosomes,Heterogametic,XY,22
Lepropus,flavovittatus,Animalia|Insecta|Coleoptera|Curculionidae|Lepropus|flavovittatus,Asynaptic Sex Chromosomes,Heterogametic,XY,22
Lepropus,lateralis,Animalia|Insecta|Coleoptera|Curculionidae|Lepropus|lateralis,Asynaptic Sex Chromosomes,Heterogametic,XY,22
Leptinotarsa,decimlineata,Animalia|Insecta|Coleoptera|Chrysomelidae|Leptinotarsa|decimlineata,Asynaptic Sex Chromosomes,Heterogametic,XY,36
Leptis,sp.,Animalia|Insecta|Diptera|Rhagionidae|Leptis|sp.,Achiasmatic Meiosis,Heterogametic,XY,10
Leptogaster,badius,Animalia|Insecta|Diptera|Asilidae|Leptogaster|badius,Achiasmatic Meiosis,Heterogametic,XY,10
Leptomias,angustatus,Animalia|Insecta|Coleoptera|Curculionidae|Leptomias|angustatus,Asynaptic Sex Chromosomes,Heterogametic,XY,22
Leptomias,waltersi,Animalia|Insecta|Coleoptera|Curculionidae|Leptomias|waltersi,Asynaptic Sex Chromosomes,Heterogametic,XY,22
Leptonychus,curvicornis,Animalia|Insecta|Coleoptera|Tenebrionidae|Leptonychus|curvicornis,Asynaptic Sex Chromosomes,Heterogametic,XY,20
Leptostylus,sp.,Animalia|Insecta|Coleoptera|Cerambycidae|Leptostylus|sp.,Asynaptic Sex Chromosomes,Heterogametic,XY,20
Lepyrus,alternans,Animalia|Insecta|Coleoptera|Curculionidae|Lepyrus|alternans,Asynaptic Sex Chromosomes,Heterogametic,XY,30
Lepyrus,konoi,Animalia|Insecta|Coleoptera|Curculionidae|Lepyrus|konoi,Asynaptic Sex Chromosomes,Heterogametic,XY,30
Lepyrus,palustris,Animalia|Insecta|Coleoptera|Curculionidae|Lepyrus|palustris,Asynaptic Sex Chromosomes,Heterogametic,XY,30
Lestodiplosis,sp,Animalia|Insecta|Diptera|Cecidomyiidae|Lestodiplosis|sp,Achiasmatic Meiosis,Heterogametic,XO,8
Leucocera,laevicollis,Animalia|Insecta|Coleoptera|Chrysomelidae|Leucocera|laevicollis,Asynaptic Sex Chromosomes,Heterogametic,XY,24
Leucophenga,maculata,Animalia|Insecta|Diptera|Drosophilidae|Leucophenga|maculata,Achiasmatic Meiosis,Heterogametic,XY,12
Leucophenga,varia,Animalia|Insecta|Diptera|Drosophilidae|Leucophenga|varia,Achiasmatic Meiosis,Heterogametic,NA,12
Leucopis,obscura,Animalia|Insecta|Diptera|Chamaemyiidae|Leucopis|obscura,Achiasmatic Meiosis,Heterogametic,NA,10
Leucozona,lucorum,Animalia|Insecta|Diptera|Syrphidae|Leucozona|lucorum,Achiasmatic Meiosis,Heterogametic,XY,10
Libelloides,coccajus,Animalia|Insecta|Neuroptera|Ascalaphidae|Libelloides|coccajus,Asynaptic Sex Chromosomes,Heterogametic,XY,22
Libelloides,corsicus,Animalia|Insecta|Neuroptera|Ascalaphidae|Libelloides|corsicus,Asynaptic Sex Chromosomes,Heterogametic,XY,20
Libelloides,longicornis,Animalia|Insecta|Neuroptera|Ascalaphidae|Libelloides|longicornis,Asynaptic Sex Chromosomes,Heterogametic,XY,22
Lichnanthe,rathvoni,Animalia|Insecta|Coleoptera|Glaphyridae|Lichnanthe|rathvoni,Asynaptic Sex Chromosomes,Heterogametic,XY,20
Ligyra,cerberus,Animalia|Insecta|Diptera|Bombyliidae|Ligyra|cerberus,Achiasmatic Meiosis,Heterogametic,XY,18
Ligyra,proserpina,Animalia|Insecta|Diptera|Bombyliidae|Ligyra|proserpina,Achiasmatic Meiosis,Heterogametic,XY,18
Ligyrodes,relictus,Animalia|Insecta|Coleoptera|Scarabaeidae|Ligyrodes|relictus,Asynaptic Sex Chromosomes,Heterogametic,XY,20
Ligyrus,cuniculus,Animalia|Insecta|Coleoptera|Scarabaeidae|Ligyrus|cuniculus,Asynaptic Sex Chromosomes,Heterogametic,XY,20
Ligyrus,gibbosus,Animalia|Insecta|Coleoptera|Scarabaeidae|Ligyrus|gibbosus,Asynaptic Sex Chromosomes,Heterogametic,XY,20
Lilioceris,impressa,Animalia|Insecta|Coleoptera|Chrysomelidae|Lilioceris|impressa,Asynaptic Sex Chromosomes,Heterogametic,XY,20
Lilioceris,lilii,Animalia|Insecta|Coleoptera|Chrysomelidae|Lilioceris|lilii,Asynaptic Sex Chromosomes,Heterogametic,XY,22
Limnephilus,affinis,Animalia|Insecta|Trichoptera|Limnephilidae|Limnephilus|affinis,Achiasmatic Meiosis,Heterogametic,NA,6
Limnephilus,borealis,Animalia|Insecta|Trichoptera|Limnephilidae|Limnephilus|borealis,Achiasmatic Meiosis,Heterogametic,NA,NA
Limnephilus,decipens,Animalia|Insecta|Trichoptera|Limnephilidae|Limnephilus|decipens,Achiasmatic Meiosis,Heterogametic,NA,20
Limnephilus,decipiens,Animalia|Insecta|Trichoptera|Limnephilidae|Limnephilus|decipiens,Achiasmatic Meiosis,Heterogametic,NA,NA
Limnephilus,lunatus,Animalia|Insecta|Trichoptera|Limnephilidae|Limnephilus|lunatus,Achiasmatic Meiosis,Heterogametic,ZO,26
Limnia,boscii,Animalia|Insecta|Diptera|Sciomyzidae|Limnia|boscii,Achiasmatic Meiosis,Heterogametic,XY,12
Limnia,paludicola,Animalia|Insecta|Diptera|Sciomyzidae|Limnia|paludicola,Achiasmatic Meiosis,Heterogametic,XY,12
Limnia,unguicornis,Animalia|Insecta|Diptera|Sciomyzidae|Limnia|unguicornis,Achiasmatic Meiosis,Heterogametic,NA,12
Limnobaris,jucunda,Animalia|Insecta|Coleoptera|Curculionidae|Limnobaris|jucunda,Asynaptic Sex Chromosomes,Heterogametic,XY,30
Limnoxenus,niger,Animalia|Insecta|Coleoptera|Hydrophilidae|Limnoxenus|niger,Asynaptic Sex Chromosomes,Heterogametic,XY,18
Limonius,aeger,Animalia|Insecta|Coleoptera|Elateridae|Limonius|aeger,Asynaptic Sex Chromosomes,Heterogametic,XY,20
Linaeidea,aenea,Animalia|Insecta|Coleoptera|Chrysomelidae|Linaeidea|aenea,Asynaptic Sex Chromosomes,Heterogametic,XY,34
Lingora,aurata,Animalia|Insecta|Trichoptera|Conoesucidae|Lingora|aurata,Achiasmatic Meiosis,Heterogametic,NA,50
Liophloeus,gibbus,Animalia|Insecta|Coleoptera|Curculionidae|Liophloeus|gibbus,Asynaptic Sex Chromosomes,Heterogametic,XY,22
Liophloeus,lentus,Animalia|Insecta|Coleoptera|Attelabidae|Liophloeus|lentus,Asynaptic Sex Chromosomes,Heterogametic,XY,22
Liophloeus,lentus,Animalia|Insecta|Coleoptera|Curculionidae|Liophloeus|lentus,Asynaptic Sex Chromosomes,Heterogametic,XY,22
Liophloeus,tessulatus,Animalia|Insecta|Coleoptera|Curculionidae|Liophloeus|tessulatus,Asynaptic Sex Chromosomes,Heterogametic,XY,22
Liopus,nebulosus,Animalia|Insecta|Coleoptera|Cerambycidae|Liopus|nebulosus,Asynaptic Sex Chromosomes,Heterogametic,XY,22
Liparus,glabrirostris,Animalia|Insecta|Coleoptera|Attelabidae|Liparus|glabrirostris,Asynaptic Sex Chromosomes,Heterogametic,XY,32
Lithobius,variegatus,Animalia|Chilopoda|Lithobiomorpha|Lithobiidae|Lithobius|variegatus,Asynaptic Sex Chromosomes,Heterogametic,XY,46
Lixus,acutipennis,Animalia|Insecta|Coleoptera|Curculionidae|Lixus|acutipennis,Asynaptic Sex Chromosomes,Heterogametic,XY,46
Lixus,cardui,Animalia|Insecta|Coleoptera|Curculionidae|Lixus|cardui,Asynaptic Sex Chromosomes,Heterogametic,XY,44
Lixus,divaricatus,Animalia|Insecta|Coleoptera|Curculionidae|Lixus|divaricatus,Asynaptic Sex Chromosomes,Heterogametic,XY,46
Lixus,impressiventris,Animalia|Insecta|Coleoptera|Curculionidae|Lixus|impressiventris,Asynaptic Sex Chromosomes,Heterogametic,XY,40
Lixus,maculatus,Animalia|Insecta|Coleoptera|Curculionidae|Lixus|maculatus,Asynaptic Sex Chromosomes,Heterogametic,XY,46
Lixus,subtilis,Animalia|Insecta|Coleoptera|Curculionidae|Lixus|subtilis,Asynaptic Sex Chromosomes,Heterogametic,XY,40
Lobotrachelus,sp.,Animalia|Insecta|Coleoptera|Curculionidae|Lobotrachelus|sp.,Asynaptic Sex Chromosomes,Heterogametic,XY,28
Lophoceters,pusillus,Animalia|Insecta|Coleoptera|Trogossitidae|Lophoceters|pusillus,Asynaptic Sex Chromosomes,Heterogametic,XY,18
Loxa,flavicolis,Animalia|Insecta|Hemiptera|Pentatomidae|Loxa|flavicolis,Asynaptic Sex Chromosomes,NA,NA,NA
Loxoncus,microgonus,Animalia|Insecta|Coleoptera|Carabidae|Loxoncus|microgonus,Asynaptic Sex Chromosomes,Heterogametic,XY,38
Loxosceles,intermedia,Animalia|Arachnida|Araneae|Sicariidae|Loxosceles|intermedia,Achiasmatic Meiosis,Heterogametic,XY,24
Loxosceles,laeta,Animalia|Arachnida|Araneae|Sicariidae|Loxosceles|laeta,Achiasmatic Meiosis,Heterogametic,XY,24
Loxosceles,reclusa,Animalia|Arachnida|Araneae|Sicariidae|Loxosceles|reclusa,Achiasmatic Meiosis,Heterogametic,XY,18
Loxosceles,rufescens,Animalia|Arachnida|Araneae|Sicariidae|Loxosceles|rufescens,Achiasmatic Meiosis,Heterogametic,NA,22
Loxosceles,rufipes,Animalia|Arachnida|Araneae|Sicariidae|Loxosceles|rufipes,Achiasmatic Meiosis,Heterogametic,XY,20
Loxosceles,spinulosa,Animalia|Arachnida|Araneae|Sicariidae|Loxosceles|spinulosa,Achiasmatic Meiosis,Heterogametic,XY,20
Lucanus,maculifermoratus,Animalia|Insecta|Coleoptera|Lucanidae|Lucanus|maculifermoratus,Asynaptic Sex Chromosomes,Heterogametic,XY,26
Lucilia,ampullacea,Animalia|Insecta|Diptera|Calliphoridae|Lucilia|ampullacea,Achiasmatic Meiosis,Heterogametic,XY,12
Lucilia,caesar,Animalia|Insecta|Diptera|Calliphoridae|Lucilia|caesar,Achiasmatic Meiosis,Heterogametic,XY,12
Lucilia,coreuleiviridis,Animalia|Insecta|Diptera|Calliphoridae|Lucilia|coreuleiviridis,Achiasmatic Meiosis,Heterogametic,XY,12
Lucilia,cuprina,Animalia|Insecta|Diptera|Calliphoridae|Lucilia|cuprina,Achiasmatic Meiosis,Heterogametic,XY,12
Lucilia,eximia,Animalia|Insecta|Diptera|Calliphoridae|Lucilia|eximia,Achiasmatic Meiosis,Heterogametic,XY,12
Lucilia,illustria,Animalia|Insecta|Diptera|Calliphoridae|Lucilia|illustria,Achiasmatic Meiosis,Heterogametic,XY,12
Lucilia,illustris,Animalia|Insecta|Diptera|Calliphoridae|Lucilia|illustris,Achiasmatic Meiosis,Heterogametic,XY,12
Lucilia,porphyrina,Animalia|Insecta|Diptera|Calliphoridae|Lucilia|porphyrina,Achiasmatic Meiosis,Heterogametic,XY,12
Lucilia,sericata,Animalia|Insecta|Diptera|Calliphoridae|Lucilia|sericata,Achiasmatic Meiosis,Heterogametic,XY,12
Lutreolina,crassicaudata,Animalia|Mammalia|Didelphimorphia|Didelphidae|Lutreolina|crassicaudata,Asynaptic Sex Chromosomes,Heterogametic,XY,22
Lychas,alexandrinus,Animalia|Arachnida|Scorpiones|Buthidae|Lychas|alexandrinus,Achiasmatic Meiosis,Heterogametic,NA,NA
Lychas,amucronatus,Animalia|Arachnida|Scorpiones|Buthidae|Lychas|amucronatus,Achiasmatic Meiosis,Heterogametic,NA,10
Lychas,krali,Animalia|Arachnida|Scorpiones|Buthidae|Lychas|krali,Achiasmatic Meiosis,Heterogametic,NA,16
Lychas,marmoreus,Animalia|Arachnida|Scorpiones|Buthidae|Lychas|marmoreus,Achiasmatic Meiosis,Heterogametic,NA,14
Lychas,obsti,Animalia|Arachnida|Scorpiones|Buthidae|Lychas|obsti,Achiasmatic Meiosis,Heterogametic,NA,10
Lychas,scutilus,Animalia|Arachnida|Scorpiones|Buthidae|Lychas|scutilus,Achiasmatic Meiosis,Heterogametic,NA,14
Lychas,variatus,Animalia|Arachnida|Scorpiones|Buthidae|Lychas|variatus,Achiasmatic Meiosis,Heterogametic,NA,14
Lychas,variatus canopensis,Animalia|Arachnida|Scorpiones|Buthidae|Lychas|variatus canopensis,Achiasmatic Meiosis,Heterogametic,NA,16
Lychas,variatus variatus,Animalia|Arachnida|Scorpiones|Buthidae|Lychas|variatus variatus,Achiasmatic Meiosis,Heterogametic,NA,16
Lyciella,bicoloripes,Animalia|Insecta|Diptera|Lauxaniidae|Lyciella|bicoloripes,Achiasmatic Meiosis,Heterogametic,XY,12
Lyciella,hirtiventris,Animalia|Insecta|Diptera|Lauxaniidae|Lyciella|hirtiventris,Achiasmatic Meiosis,Heterogametic,XY,12
Lyciella,illota,Animalia|Insecta|Diptera|Lauxaniidae|Lyciella|illota,Achiasmatic Meiosis,Heterogametic,XY,10
Lyciella,newspecies,Animalia|Insecta|Diptera|Lauxaniidae|Lyciella|newspecies,Achiasmatic Meiosis,Heterogametic,NA,12
Lyciella,nsp.Nr.Spinigera,Animalia|Insecta|Diptera|Lauxaniidae|Lyciella|nsp.Nr.Spinigera,Achiasmatic Meiosis,Heterogametic,XY,12
Lyciella,rorida,Animalia|Insecta|Diptera|Lauxaniidae|Lyciella|rorida,Achiasmatic Meiosis,Heterogametic,XY,10
Lyciella,sp1,Animalia|Insecta|Diptera|Lauxaniidae|Lyciella|sp1,Achiasmatic Meiosis,Heterogametic,NA,12
Lyciella,sp2,Animalia|Insecta|Diptera|Lauxaniidae|Lyciella|sp2,Achiasmatic Meiosis,Heterogametic,XY,12
Lyciella,spinigera,Animalia|Insecta|Diptera|Lauxaniidae|Lyciella|spinigera,Achiasmatic Meiosis,Heterogametic,XY,12
Lydella,grisescens,Animalia|Insecta|Diptera|Tachinidae|Lydella|grisescens,Achiasmatic Meiosis,Heterogametic,XY,12
Lygirus,ebenus,Animalia|Insecta|Coleoptera|Scarabaeidae|Lygirus|ebenus,Asynaptic Sex Chromosomes,Heterogametic,XY,20
Lysathia,ludoviciana,Animalia|Insecta|Coleoptera|Chrysomelidae|Lysathia|ludoviciana,Asynaptic Sex Chromosomes,Heterogametic,XY,24
Lysathia,occidentalis,Animalia|Insecta|Coleoptera|Chrysomelidae|Lysathia|occidentalis,Asynaptic Sex Chromosomes,Heterogametic,XY,24
Lysathia,sp.,Animalia|Insecta|Coleoptera|Chrysomelidae|Lysathia|sp.,Asynaptic Sex Chromosomes,Heterogametic,XY,24
Lytta,picta,Animalia|Insecta|Coleoptera|Meloidae|Lytta|picta,Asynaptic Sex Chromosomes,Heterogametic,XY,20
Macraspis,dichroa,Animalia|Insecta|Coleoptera|Scarabaeidae|Macraspis|dichroa,Asynaptic Sex Chromosomes,Heterogametic,XY,18
Macraspis,festiva,Animalia|Insecta|Coleoptera|Scarabaeidae|Macraspis|festiva,Asynaptic Sex Chromosomes,Heterogametic,XY,18
Macraspis,tristis,Animalia|Insecta|Coleoptera|Scarabaeidae|Macraspis|tristis,Asynaptic Sex Chromosomes,Heterogametic,XY,18
Macrobiotus,richtersi,Animalia|Eutardigrada|Parachela|Macrobiotidae|Macrobiotus|richtersi,Achiasmatic Meiosis,Heterogametic,NA,12
Macrocoma,rufotibialis,Animalia|Insecta|Coleoptera|Chrysomelidae|Macrocoma|rufotibialis,Asynaptic Sex Chromosomes,Heterogametic,XY,16
Macrocyclops,albidus,Animalia|Maxillopoda|Cyclopoida|Cyclopidae|Macrocyclops|albidus,Asynaptic Sex Chromosomes,Heterogametic,NA,14
Macrocyclops,ater,Animalia|Maxillopoda|Cyclopoida|Cyclopidae|Macrocyclops|ater,Asynaptic Sex Chromosomes,Heterogametic,NA,22
Macrodorcas,binervis,Animalia|Insecta|Coleoptera|Lucanidae|Macrodorcas|binervis,Asynaptic Sex Chromosomes,Heterogametic,XY,14
Macrodorcas,rectus,Animalia|Insecta|Coleoptera|Lucanidae|Macrodorcas|rectus,Asynaptic Sex Chromosomes,Heterogametic,XY,18
Macrohaltica,jamaicensis,Animalia|Insecta|Coleoptera|Chrysomelidae|Macrohaltica|jamaicensis,Asynaptic Sex Chromosomes,Heterogametic,XY,24
Macrohaltica,mexica,Animalia|Insecta|Coleoptera|Chrysomelidae|Macrohaltica|mexica,Asynaptic Sex Chromosomes,Heterogametic,XY,26
Macrohaltica,transversa,Animalia|Insecta|Coleoptera|Chrysomelidae|Macrohaltica|transversa,Asynaptic Sex Chromosomes,Heterogametic,XY,24
Macronemurus,appendiculatus,Animalia|Insecta|Neuroptera|Myrmeleontidae|Macronemurus|appendiculatus,Asynaptic Sex Chromosomes,Heterogametic,XY,16
Macronemurus,bilineatus,Animalia|Insecta|Neuroptera|Myrmeleontidae|Macronemurus|bilineatus,Asynaptic Sex Chromosomes,Heterogametic,XY,16
Macronemurus,bilineatus,Animalia|Insecta|Neuroptera|Myrmelontidae|Macronemurus|bilineatus,Asynaptic Sex Chromosomes,Heterogametic,XY,16
Macronemurus,sp.,Animalia|Insecta|Neuroptera|Myrmeleontidae|Macronemurus|sp.,Asynaptic Sex Chromosomes,Heterogametic,XY,16
Macropus,agilis,Animalia|Mammalia|Diprotodontia|Macropodidae|Macropus|agilis,Asynaptic Sex Chromosomes,Heterogametic,XY,16
Macropus,antilopinus,Animalia|Mammalia|Diprotodontia|Macropodidae|Macropus|antilopinus,Asynaptic Sex Chromosomes,Heterogametic,XY,16
Macropus,bicolor,Animalia|Mammalia|Diprotodontia|Macropodidae|Macropus|bicolor,Asynaptic Sex Chromosomes,Heterogametic,XY,10
Macropus,eugenii,Animalia|Mammalia|Diprodontia|Macropodidae|Macropus|eugenii,Asynaptic Sex Chromosomes,Heterogametic,XY,16
Macropus,eugenii,Animalia|Mammalia|Diprotodontia|Macropodidae|Macropus|eugenii,Asynaptic Sex Chromosomes,Heterogametic,XY,16
Macropus,fuliginosus,Animalia|Mammalia|Diprotodontia|Macropodidae|Macropus|fuliginosus,Asynaptic Sex Chromosomes,Heterogametic,XY,16
Macropus,giganteus,Animalia|Mammalia|Diprotodontia|Macropodidae|Macropus|giganteus,Asynaptic Sex Chromosomes,Heterogametic,XY,16
Macropus,irma,Animalia|Mammalia|Diprotodontia|Macropodidae|Macropus|irma,Asynaptic Sex Chromosomes,Heterogametic,XY,16
Macropus,parma,Animalia|Mammalia|Diprotodontia|Macropodidae|Macropus|parma,Asynaptic Sex Chromosomes,Heterogametic,XY,16
Macropus,parryi,Animalia|Mammalia|Diprotodontia|Macropodidae|Macropus|parryi,Asynaptic Sex Chromosomes,Heterogametic,XY,16
Macropus,robustus,Animalia|Mammalia|Diprotodontia|Macropodidae|Macropus|robustus,Asynaptic Sex Chromosomes,Heterogametic,XY,16
Macropus,rufogriseus,Animalia|Mammalia|Diprotodontia|Macropodidae|Macropus|rufogriseus,Asynaptic Sex Chromosomes,Heterogametic,XY,16
Macropus,rufus,Animalia|Mammalia|Diprotodontia|Macropodidae|Macropus|rufus,Asynaptic Sex Chromosomes,Heterogametic,XY,20
Macrorchus,ausoba,Animalia|Insecta|Diptera|Muscidae|Macrorchus|ausoba,Achiasmatic Meiosis,Heterogametic,NA,12
Macrotis,lagotis,Animalia|Mammalia|Peramelemorphia|Thylacomyidae|Macrotis|lagotis,Asynaptic Sex Chromosomes,Heterogametic,NA,18
Madremyia,saundersii,Animalia|Insecta|Diptera|Tachinidae|Madremyia|saundersii,Achiasmatic Meiosis,Heterogametic,XY,12
Magdalis,alutacea,Animalia|Insecta|Coleoptera|Curculionidae|Magdalis|alutacea,Asynaptic Sex Chromosomes,Heterogametic,XY,32
Magdalis,gentilis,Animalia|Insecta|Coleoptera|Curculionidae|Magdalis|gentilis,Asynaptic Sex Chromosomes,Heterogametic,XY,30
Magdalis,leconti,Animalia|Insecta|Coleoptera|Curculionidae|Magdalis|leconti,Asynaptic Sex Chromosomes,Heterogametic,XY,32
Magdalis,perforata,Animalia|Insecta|Coleoptera|Curculionidae|Magdalis|perforata,Asynaptic Sex Chromosomes,Heterogametic,XY,32
Magdalis,sp.,Animalia|Insecta|Coleoptera|Curculionidae|Magdalis|sp.,Asynaptic Sex Chromosomes,Heterogametic,XY,34
Maladera,alcocki,Animalia|Insecta|Coleoptera|Scarabaeidae|Maladera|alcocki,Asynaptic Sex Chromosomes,Heterogametic,XY,20
Malagoniella,aff,Animalia|Insecta|Coleoptera|Scarabaeidae|Malagoniella|aff,Asynaptic Sex Chromosomes,Heterogametic,XY,20
Mallota,bautias,Animalia|Insecta|Diptera|Syrphidae|Mallota|bautias,Achiasmatic Meiosis,Heterogametic,NA,8
Mallota,cimbiciformis,Animalia|Insecta|Diptera|Syrphidae|Mallota|cimbiciformis,Achiasmatic Meiosis,Heterogametic,NA,12
Mallota,margarita,Animalia|Insecta|Diptera|Syrphidae|Mallota|margarita,Achiasmatic Meiosis,Heterogametic,XY,10
Mallota,posticata,Animalia|Insecta|Diptera|Syrphidae|Mallota|posticata,Achiasmatic Meiosis,Heterogametic,XY,12
Mallota,sp.,Animalia|Insecta|Diptera|Syrphidae|Mallota|sp.,Achiasmatic Meiosis,Heterogametic,NA,8
Mallota,takasagoensis,Animalia|Insecta|Diptera|Syrphidae|Mallota|takasagoensis,Achiasmatic Meiosis,Heterogametic,XY,12
Mantisia,spathulata,Plantae|Liliopsida|Zingberales|Zingiberaceae|Mantisia|spathulata,Asynaptic Sex Chromosomes,Heterogametic,NA,20
Mantisia,wengeri,Plantae|Liliopsida|Zingberales|Zingiberaceae|Mantisia|wengeri,Asynaptic Sex Chromosomes,Heterogametic,NA,20
Mantispa,pulchella,Animalia|Insecta|Neuroptera|Mantispidae|Mantispa|pulchella,Asynaptic Sex Chromosomes,Heterogametic,NA,22
Mantispa,viridis,Animalia|Insecta|Neuroptera|Mantispidae|Mantispa|viridis,Asynaptic Sex Chromosomes,Heterogametic,NA,20
Marilia,flexuosa,Animalia|Insecta|Trichoptera|Odontoceridae|Marilia|flexuosa,Achiasmatic Meiosis,Heterogametic,ZO,58
Marmosa,alstoni,Animalia|Mammalia|Didelphimorphia|Didelphidae|Marmosa|alstoni,Asynaptic Sex Chromosomes,Heterogametic,XY,14
Marmosa,murina,Animalia|Mammalia|Didelphimorphia|Didelphidae|Marmosa|murina,Asynaptic Sex Chromosomes,Heterogametic,XY,14
Marmosa,pusilla,Animalia|Mammalia|Didelphimorphia|Didelphidae|Marmosa|pusilla,Asynaptic Sex Chromosomes,Heterogametic,XY,14
Marmosa,robinsoni,Animalia|Mammalia|Didelphimorphia|Didelphidae|Marmosa|robinsoni,Asynaptic Sex Chromosomes,Heterogametic,XY,14
Marmosa,sp.,Animalia|Mammalia|Didelphimorphia|Didelphidae|Marmosa|sp.,Asynaptic Sex Chromosomes,Heterogametic,XY,14
Marmosops,incanus,Animalia|Mammalia|Didelphimorphia|Didelphidae|Marmosops|incanus,Asynaptic Sex Chromosomes,Heterogametic,XY,14
Matasia,satana,Animalia|Insecta|Trichoptera|Conoesucidae|Matasia|satana,Achiasmatic Meiosis,Both,ZO,50
Mayetiola,destructor,Animalia|Insecta|Diptera|Cecidomyiidae|Mayetiola|destructor,Achiasmatic Meiosis,Heterogametic,NA,8
Mayetiola,hordei,Animalia|Insecta|Diptera|Cecidomyiidae|Mayetiola|hordei,Achiasmatic Meiosis,Heterogametic,NA,8
Mechistocerus,fumosus,Animalia|Insecta|Coleoptera|Curculionidae|Mechistocerus|fumosus,Asynaptic Sex Chromosomes,Heterogametic,XY,36
Mechistocerus,nipponicus,Animalia|Insecta|Coleoptera|Curculionidae|Mechistocerus|nipponicus,Asynaptic Sex Chromosomes,Heterogametic,XY,28
Mechistocerus,sp.,Animalia|Insecta|Coleoptera|Curculionidae|Mechistocerus|sp.,Asynaptic Sex Chromosomes,Heterogametic,XY,40
Mecopomorphus,griseus,Animalia|Insecta|Coleoptera|Curculionidae|Mecopomorphus|griseus,Asynaptic Sex Chromosomes,Heterogametic,XY,24
Mecynorrhina,polyphemus,Animalia|Insecta|Coleoptera|Scarabaeidae|Mecynorrhina|polyphemus,Asynaptic Sex Chromosomes,Heterogametic,XY,20
Mecynorrhina,torquata,Animalia|Insecta|Coleoptera|Scarabaeidae|Mecynorrhina|torquata,Asynaptic Sex Chromosomes,Heterogametic,XY,20
Mecyslobus,flavosigtus,Animalia|Insecta|Coleoptera|Curculionidae|Mecyslobus|flavosigtus,Asynaptic Sex Chromosomes,Heterogametic,XY,34
Mecyslobus,westermanni,Animalia|Insecta|Coleoptera|Curculionidae|Mecyslobus|westermanni,Asynaptic Sex Chromosomes,Heterogametic,XY,32
Mecysolobus,erro,Animalia|Insecta|Coleoptera|Curculionidae|Mecysolobus|erro,Asynaptic Sex Chromosomes,Heterogametic,XY,34
Mecysolobus,flavosigtus,Animalia|Insecta|Coleoptera|Curculionidae|Mecysolobus|flavosigtus,Asynaptic Sex Chromosomes,Heterogametic,XY,34
Mecysolobus,trifidus,Animalia|Insecta|Coleoptera|Curculionidae|Mecysolobus|trifidus,Asynaptic Sex Chromosomes,Heterogametic,XY,30
Megacormus,granosus,Animalia|Arachnida|Scorpiones|Euscorpiidae|Megacormus|granosus,Achiasmatic Meiosis,Heterogametic,NA,148
Megacormus,seductus sp. n.,Animalia|Arachnida|Scorpiones|Euscorpiidae|Megacormus|seductus sp. n.,Achiasmatic Meiosis,Heterogametic,NA,110
Megacormus,segmentatus,Animalia|Arachnida|Scorpiones|Euscorpiidae|Megacormus|segmentatus,Achiasmatic Meiosis,Heterogametic,NA,144
Megalorrhina,harrisi,Animalia|Insecta|Coleoptera|Scarabaeidae|Megalorrhina|harrisi,Asynaptic Sex Chromosomes,Heterogametic,XY,20
Megaselia,scalaris,Animalia|Insecta|Diptera|Phoridae|Megaselia|scalaris,Achiasmatic Meiosis,Heterogametic,NA,6
Megasoma,actaeon,Animalia|Insecta|Coleoptera|Scarabaeidae|Megasoma|actaeon,Asynaptic Sex Chromosomes,Heterogametic,XY,20
Megasyrphus,annulipes,Animalia|Insecta|Diptera|Syrphidae|Megasyrphus|annulipes,Achiasmatic Meiosis,Heterogametic,XY,10
Megasyrphus,laxus,Animalia|Insecta|Diptera|Syrphidae|Megasyrphus|laxus,Achiasmatic Meiosis,Heterogametic,XY,10
Melanagromyza,obtusa,Animalia|Insecta|Diptera|Agromyzidae|Melanagromyza|obtusa,Achiasmatic Meiosis,Heterogametic,XY,12
Melangyna,cincta,Animalia|Insecta|Diptera|Syrphidae|Melangyna|cincta,Achiasmatic Meiosis,Heterogametic,XY,10
Melangyna,compositarum,Animalia|Insecta|Diptera|Syrphidae|Melangyna|compositarum,Achiasmatic Meiosis,Heterogametic,XY,10
Melangyna,garretti,Animalia|Insecta|Diptera|Syrphidae|Melangyna|garretti,Achiasmatic Meiosis,Heterogametic,XY,10
Melangyna,guttata,Animalia|Insecta|Diptera|Syrphidae|Melangyna|guttata,Achiasmatic Meiosis,Heterogametic,XY,10
Melangyna,labiatarum,Animalia|Insecta|Diptera|Syrphidae|Melangyna|labiatarum,Achiasmatic Meiosis,Heterogametic,XY,10
Melangyna,lasiophthalma,Animalia|Insecta|Diptera|Syrphidae|Melangyna|lasiophthalma,Achiasmatic Meiosis,Heterogametic,XY,10
Melangyna,mentalis,Animalia|Insecta|Diptera|Syrphidae|Melangyna|mentalis,Achiasmatic Meiosis,Heterogametic,XY,10
Melangyna,novaezelandiae,Animalia|Insecta|Diptera|Syrphidae|Melangyna|novaezelandiae,Achiasmatic Meiosis,Heterogametic,XY,8
Melangyna,pullula,Animalia|Insecta|Diptera|Syrphidae|Melangyna|pullula,Achiasmatic Meiosis,Heterogametic,XY,10
Melangyna,s.DA,Animalia|Insecta|Diptera|Syrphidae|Melangyna|s.DA,Achiasmatic Meiosis,Heterogametic,XY,8
Melangyna,sp.1,Animalia|Insecta|Diptera|Syrphidae|Melangyna|sp.1,Achiasmatic Meiosis,Heterogametic,XY,10
Melangyna,sp.3,Animalia|Insecta|Diptera|Syrphidae|Melangyna|sp.3,Achiasmatic Meiosis,Heterogametic,XY,10
Melangyna,sp.A,Animalia|Insecta|Diptera|Syrphidae|Melangyna|sp.A,Achiasmatic Meiosis,Heterogametic,XY,10
Melangyna,sp.AA,Animalia|Insecta|Diptera|Syrphidae|Melangyna|sp.AA,Achiasmatic Meiosis,Heterogametic,XY,8
Melangyna,sp.BA,Animalia|Insecta|Diptera|Syrphidae|Melangyna|sp.BA,Achiasmatic Meiosis,Heterogametic,NA,8
Melangyna,sp.C,Animalia|Insecta|Diptera|Syrphidae|Melangyna|sp.C,Achiasmatic Meiosis,Heterogametic,NA,8
Melangyna,sp.CA,Animalia|Insecta|Diptera|Syrphidae|Melangyna|sp.CA,Achiasmatic Meiosis,Heterogametic,XY,8
Melangyna,tenuis,Animalia|Insecta|Diptera|Syrphidae|Melangyna|tenuis,Achiasmatic Meiosis,Heterogametic,XY,10
Melangyna,umbellatarum,Animalia|Insecta|Diptera|Syrphidae|Melangyna|umbellatarum,Achiasmatic Meiosis,Heterogametic,XY,10
Melanochrus,blairi,Animalia|Insecta|Coleoptera|Tenebrionidae|Melanochrus|blairi,Asynaptic Sex Chromosomes,Heterogametic,XY,20
Melanochrus,lacordairei,Animalia|Insecta|Coleoptera|Tenebrionidae|Melanochrus|lacordairei,Asynaptic Sex Chromosomes,Heterogametic,XY,20
Melanophila,acumita,Animalia|Insecta|Coleoptera|Buprestidae|Melanophila|acumita,Asynaptic Sex Chromosomes,Heterogametic,XY,12
Melanophila,drummondi,Animalia|Insecta|Coleoptera|Buprestidae|Melanophila|drummondi,Asynaptic Sex Chromosomes,Heterogametic,XY,16
Melanophila,intrusa,Animalia|Insecta|Coleoptera|Buprestidae|Melanophila|intrusa,Asynaptic Sex Chromosomes,Heterogametic,XY,16
Melanostoma,angustatum,Animalia|Insecta|Diptera|Syrphidae|Melanostoma|angustatum,Achiasmatic Meiosis,Heterogametic,XY,8
Melanostoma,annulipes,Animalia|Insecta|Diptera|Syrphidae|Melanostoma|annulipes,Achiasmatic Meiosis,Heterogametic,XY,8
Melanostoma,apicale,Animalia|Insecta|Diptera|Syrphidae|Melanostoma|apicale,Achiasmatic Meiosis,Heterogametic,XY,8
Melanostoma,bituberculatum,Animalia|Insecta|Diptera|Syrphidae|Melanostoma|bituberculatum,Achiasmatic Meiosis,Heterogametic,XY,10
Melanostoma,diffusum,Animalia|Insecta|Diptera|Syrphidae|Melanostoma|diffusum,Achiasmatic Meiosis,Heterogametic,XY,8
Melanostoma,dubium,Animalia|Insecta|Diptera|Syrphidae|Melanostoma|dubium,Achiasmatic Meiosis,Heterogametic,XY,8
Melanostoma,fasciatum,Animalia|Insecta|Diptera|Syrphidae|Melanostoma|fasciatum,Achiasmatic Meiosis,Heterogametic,XY,8
Melanostoma,gymnocera,Animalia|Insecta|Diptera|Syrphidae|Melanostoma|gymnocera,Achiasmatic Meiosis,Heterogametic,XY,8
Melanostoma,infuscatum,Animalia|Insecta|Diptera|Syrphidae|Melanostoma|infuscatum,Achiasmatic Meiosis,Heterogametic,XY,8
Melanostoma,melanderi,Animalia|Insecta|Diptera|Syrphidae|Melanostoma|melanderi,Achiasmatic Meiosis,Heterogametic,XY,8
Melanostoma,mellinum,Animalia|Insecta|Diptera|Syrphidae|Melanostoma|mellinum,Achiasmatic Meiosis,Heterogametic,XY,8
Melanostoma,montivagum,Animalia|Insecta|Diptera|Syrphidae|Melanostoma|montivagum,Achiasmatic Meiosis,Heterogametic,XY,8
Melanostoma,pictipes,Animalia|Insecta|Diptera|Syrphidae|Melanostoma|pictipes,Achiasmatic Meiosis,Heterogametic,XY,8
Melanostoma,scalare,Animalia|Insecta|Diptera|Syrphidae|Melanostoma|scalare,Achiasmatic Meiosis,Heterogametic,XY,8
Melanostoma,sp.10,Animalia|Insecta|Diptera|Syrphidae|Melanostoma|sp.10,Achiasmatic Meiosis,Heterogametic,XY,8
Melanostoma,sp.3,Animalia|Insecta|Diptera|Syrphidae|Melanostoma|sp.3,Achiasmatic Meiosis,Heterogametic,XY,8
Melanostoma,sp.7,Animalia|Insecta|Diptera|Syrphidae|Melanostoma|sp.7,Achiasmatic Meiosis,Heterogametic,XY,8
Melanostoma,sp.A,Animalia|Insecta|Diptera|Syrphidae|Melanostoma|sp.A,Achiasmatic Meiosis,Heterogametic,XY,8
Melanostoma,univittatum,Animalia|Insecta|Diptera|Syrphidae|Melanostoma|univittatum,Achiasmatic Meiosis,Heterogametic,XY,8
Meliboeus,caucasicus,Animalia|Insecta|Coleoptera|Buprestidae|Meliboeus|caucasicus,Asynaptic Sex Chromosomes,Heterogametic,XY,22
Melieria,crassipennis,Animalia|Insecta|Diptera|Ulidiidae|Melieria|crassipennis,Achiasmatic Meiosis,Heterogametic,XY,8
Melieria,crassipennisI,Animalia|Insecta|Diptera|Ulidiidae|Melieria|crassipennisI,Achiasmatic Meiosis,Heterogametic,XY,8
Melieria,crassipennisII,Animalia|Insecta|Diptera|Ulidiidae|Melieria|crassipennisII,Achiasmatic Meiosis,Heterogametic,XY,8
Melinda,biseta,Animalia|Insecta|Diptera|Calliphoridae|Melinda|biseta,Achiasmatic Meiosis,Heterogametic,XY,12
Melinda,sp,Animalia|Insecta|Diptera|Calliphoridae|Melinda|sp,Achiasmatic Meiosis,Heterogametic,XY,12
Meliscaeva,auricollis,Animalia|Insecta|Diptera|Syrphidae|Meliscaeva|auricollis,Achiasmatic Meiosis,Heterogametic,XY,10
Meliscaeva,cinctella,Animalia|Insecta|Diptera|Syrphidae|Meliscaeva|cinctella,Achiasmatic Meiosis,Heterogametic,XY,10
Meliscaeva,sp,Animalia|Insecta|Diptera|Syrphidae|Meliscaeva|sp,Achiasmatic Meiosis,Heterogametic,XY,10
Meliscaeva,sp.A,Animalia|Insecta|Diptera|Syrphidae|Meliscaeva|sp.A,Achiasmatic Meiosis,Heterogametic,XY,10
Melitaea,acentria,Animalia|Insecta|Lepidoptera|Nymphalidae|Melitaea|acentria,Achiasmatic Meiosis,Heterogametic,ZW,NA
Melitaea,didyma,Animalia|Insecta|Lepidoptera|Nymphalidae|Melitaea|didyma,Achiasmatic Meiosis,Heterogametic,ZW,NA
Melitaea,persea,Animalia|Insecta|Lepidoptera|Nymphalidae|Melitaea|persea,Achiasmatic Meiosis,Heterogametic,ZW,NA
Meloe,sp.,Animalia|Insecta|Coleoptera|Meloidae|Meloe|sp.,Asynaptic Sex Chromosomes,Heterogametic,XY,20
Melolontha,fuscotestacea,Animalia|Insecta|Coleoptera|Scarabaeidae|Melolontha|fuscotestacea,Asynaptic Sex Chromosomes,Heterogametic,XY,20
Melophagus,ovinus,Animalia|Insecta|Diptera|Hippoboscidae|Melophagus|ovinus,Achiasmatic Meiosis,Heterogametic,XY,18
Menacanthus,stramineus,Animalia|Insecta|Psocodea|Menoponidae|Menacanthus|stramineus,Achiasmatic Meiosis,Heterogametic,NA,10
Menochilus,6-maculatus,Animalia|Insecta|Coleoptera|Coccinellidae|Menochilus|6-maculatus,Asynaptic Sex Chromosomes,Heterogametic,XY,20
Meotiorrhynchus,querendus,Animalia|Insecta|Coleoptera|Curculionidae|Meotiorrhynchus|querendus,Asynaptic Sex Chromosomes,Heterogametic,XY,22
Mercia,ampelus,Animalia|Insecta|Diptera|Tachinidae|Mercia|ampelus,Achiasmatic Meiosis,Heterogametic,XY,12
Merilia,sublunata,Animalia|Insecta|Coleoptera|Chrysomelidae|Merilia|sublunata,Asynaptic Sex Chromosomes,Heterogametic,XY,22
Meriones,unguiculatus,Animalia|Mammalia|Rodentia|Muridae|Meriones|unguiculatus,Achiasmatic Sex Chromosomes,Heterogametic,NA,44
Merodon,aeneus,Animalia|Insecta|Diptera|Syrphidae|Merodon|aeneus,Achiasmatic Meiosis,Heterogametic,XY,12
Merodon,avidus,Animalia|Insecta|Diptera|Syrphidae|Merodon|avidus,Achiasmatic Meiosis,Heterogametic,XY,12
Merodon,clavipes,Animalia|Insecta|Diptera|Syrphidae|Merodon|clavipes,Achiasmatic Meiosis,Heterogametic,XY,12
Merodon,equestris,Animalia|Insecta|Diptera|Syrphidae|Merodon|equestris,Achiasmatic Meiosis,Heterogametic,XY,12
Merodon,funestus,Animalia|Insecta|Diptera|Syrphidae|Merodon|funestus,Achiasmatic Meiosis,Heterogametic,XY,12
Merodon,pruni,Animalia|Insecta|Diptera|Syrphidae|Merodon|pruni,Achiasmatic Meiosis,Heterogametic,XY,12
Merosargus,melanothorax,Animalia|Insecta|Diptera|Stratiomyidae|Merosargus|melanothorax,Achiasmatic Meiosis,Heterogametic,XY,16
Mesembrinella,peregrinaI,Animalia|Insecta|Diptera|Calliphoridae|Mesembrinella|peregrinaI,Achiasmatic Meiosis,Heterogametic,XY,12
Mesembrinella,peregrinaII,Animalia|Insecta|Diptera|Calliphoridae|Mesembrinella|peregrinaII,Achiasmatic Meiosis,Heterogametic,XY,12
Mesembrius,bengalensis,Animalia|Insecta|Diptera|Syrphidae|Mesembrius|bengalensis,Achiasmatic Meiosis,Heterogametic,XY,10
Mesembrius,cteniferus,Animalia|Insecta|Diptera|Syrphidae|Mesembrius|cteniferus,Achiasmatic Meiosis,Heterogametic,XY,10
Mesembrius,formosanus,Animalia|Insecta|Diptera|Syrphidae|Mesembrius|formosanus,Achiasmatic Meiosis,Heterogametic,NA,10
Mesembrius,madagascariensis,Animalia|Insecta|Diptera|Syrphidae|Mesembrius|madagascariensis,Achiasmatic Meiosis,Heterogametic,XY,10
Mesembrius,niveiceps,Animalia|Insecta|Diptera|Syrphidae|Mesembrius|niveiceps,Achiasmatic Meiosis,Heterogametic,NA,10
Mesembrius,peregrinus,Animalia|Insecta|Diptera|Syrphidae|Mesembrius|peregrinus,Achiasmatic Meiosis,Heterogametic,XY,12
Mesembrius,platytarsus,Animalia|Insecta|Diptera|Syrphidae|Mesembrius|platytarsus,Achiasmatic Meiosis,Heterogametic,XY,10
Mesembrius,simplicipes,Animalia|Insecta|Diptera|Syrphidae|Mesembrius|simplicipes,Achiasmatic Meiosis,Heterogametic,XY,10
Mesobuthus,eupeus,Animalia|Arachnida|Scorpiones|Buthidae|Mesobuthus|eupeus,Achiasmatic Meiosis,Heterogametic,NA,22
Mesobuthus,gibbous,Animalia|Arachnida|Scorpiones|Buthidae|Mesobuthus|gibbous,Achiasmatic Meiosis,Heterogametic,NA,28
Mesobuthus,macmahoni,Animalia|Arachnida|Scorpiones|Buthidae|Mesobuthus|macmahoni,Achiasmatic Meiosis,Heterogametic,NA,24
Mesobuthus,tamulus,Animalia|Arachnida|Scorpiones|Buthidae|Mesobuthus|tamulus,Achiasmatic Meiosis,Heterogametic,NA,NA
Mesocyclops,edax,Animalia|Maxillopoda|Cyclopoida|Cyclopidae|Mesocyclops|edax,Asynaptic Sex Chromosomes,Heterogametic,NA,14
Mesocyclops,leuckarti,Animalia|Maxillopoda|Cyclopoida|Cyclopidae|Mesocyclops|leuckarti,Asynaptic Sex Chromosomes,Heterogametic,NA,12
Mesoplatys,cincta,Animalia|Insecta|Coleoptera|Chrysomelidae|Mesoplatys|cincta,Asynaptic Sex Chromosomes,Heterogametic,XY,24
Mesosa,nebulosa,Animalia|Insecta|Coleoptera|Cerambycidae|Mesosa|nebulosa,Asynaptic Sex Chromosomes,Heterogametic,XY,20
Mesosa,senilis,Animalia|Insecta|Coleoptera|Cerambycidae|Mesosa|senilis,Asynaptic Sex Chromosomes,Heterogametic,XY,20
Mesostema,angustata,Animalia|Insecta|Coleoptera|Tenebrionidae|Mesostema|angustata,Asynaptic Sex Chromosomes,Heterogametic,XY,20
Mesostema,lineatopunctata,Animalia|Insecta|Coleoptera|Tenebrionidae|Mesostema|lineatopunctata,Asynaptic Sex Chromosomes,Heterogametic,XY,20
Metachirus,nudicaudatus,Animalia|Mammalia|Didelphimorphia|Didelphidae|Metachirus|nudicaudatus,Asynaptic Sex Chromosomes,Heterogametic,XY,14
Metallea,cuprea,Animalia|Insecta|Diptera|Calliphoridae|Metallea|cuprea,Achiasmatic Meiosis,Heterogametic,XY,12
Metallea,puncticeps,Animalia|Insecta|Diptera|Calliphoridae|Metallea|puncticeps,Achiasmatic Meiosis,Heterogametic,XY,12
Metallina,ambiguum,Animalia|Insecta|Coleoptera|Carabidae|Metallina|ambiguum,Achiasmatic Meiosis,Heterogametic,XY,24
Metallina,lampros,Animalia|Insecta|Coleoptera|Carabidae|Metallina|lampros,Achiasmatic Meiosis,Heterogametic,XY,24
Metallina,properans,Animalia|Insecta|Coleoptera|Carabidae|Metallina|properans,Achiasmatic Meiosis,Heterogametic,XY,NA
Metamasius,hemipterus,Animalia|Insecta|Coleoptera|Curculionidae|Metamasius|hemipterus,Asynaptic Sex Chromosomes,Heterogametic,XY,26
Metapocyrtus,yogunianus,Animalia|Insecta|Coleoptera|Curculionidae|Metapocyrtus|yogunianus,Asynaptic Sex Chromosomes,Heterogametic,XY,22
Metasyrphus,aberrantis,Animalia|Insecta|Diptera|Syrphidae|Metasyrphus|aberrantis,Achiasmatic Meiosis,Heterogametic,XY,8
Metasyrphus,americanus,Animalia|Insecta|Diptera|Syrphidae|Metasyrphus|americanus,Achiasmatic Meiosis,Heterogametic,XY,8
Metasyrphus,astutus,Animalia|Insecta|Diptera|Syrphidae|Metasyrphus|astutus,Achiasmatic Meiosis,Heterogametic,XY,8
Metasyrphus,braueri,Animalia|Insecta|Diptera|Syrphidae|Metasyrphus|braueri,Achiasmatic Meiosis,Heterogametic,XY,8
Metasyrphus,canadensis,Animalia|Insecta|Diptera|Syrphidae|Metasyrphus|canadensis,Achiasmatic Meiosis,Heterogametic,XY,8
Metasyrphus,corollae,Animalia|Insecta|Diptera|Syrphidae|Metasyrphus|corollae,Achiasmatic Meiosis,Heterogametic,XY,8
Metasyrphus,curtus,Animalia|Insecta|Diptera|Syrphidae|Metasyrphus|curtus,Achiasmatic Meiosis,Heterogametic,XY,8
Metasyrphus,depressus,Animalia|Insecta|Diptera|Syrphidae|Metasyrphus|depressus,Achiasmatic Meiosis,Heterogametic,XY,8
Metasyrphus,lapponicus,Animalia|Insecta|Diptera|Syrphidae|Metasyrphus|lapponicus,Achiasmatic Meiosis,Heterogametic,XY,10
Metasyrphus,latifasciatus,Animalia|Insecta|Diptera|Syrphidae|Metasyrphus|latifasciatus,Achiasmatic Meiosis,Heterogametic,XY,8
Metasyrphus,lundbecki,Animalia|Insecta|Diptera|Syrphidae|Metasyrphus|lundbecki,Achiasmatic Meiosis,Heterogametic,XY,8
Metasyrphus,luniger,Animalia|Insecta|Diptera|Syrphidae|Metasyrphus|luniger,Achiasmatic Meiosis,Heterogametic,XY,8
Metasyrphus,n.sp.1,Animalia|Insecta|Diptera|Syrphidae|Metasyrphus|n.sp.1,Achiasmatic Meiosis,Heterogametic,XY,8
Metasyrphus,n.sp.2,Animalia|Insecta|Diptera|Syrphidae|Metasyrphus|n.sp.2,Achiasmatic Meiosis,Heterogametic,XY,8
Metasyrphus,perplexus,Animalia|Insecta|Diptera|Syrphidae|Metasyrphus|perplexus,Achiasmatic Meiosis,Heterogametic,XY,8
Metasyrphus,snowi,Animalia|Insecta|Diptera|Syrphidae|Metasyrphus|snowi,Achiasmatic Meiosis,Heterogametic,XY,8
Metasyrphus,sp.A,Animalia|Insecta|Diptera|Syrphidae|Metasyrphus|sp.A,Achiasmatic Meiosis,Heterogametic,XY,8
Metasyrphus,sp.B,Animalia|Insecta|Diptera|Syrphidae|Metasyrphus|sp.B,Achiasmatic Meiosis,Heterogametic,XY,8
Metasyrphus,sp.C,Animalia|Insecta|Diptera|Syrphidae|Metasyrphus|sp.C,Achiasmatic Meiosis,Heterogametic,XY,8
Metasyrphus,wiedemanni,Animalia|Insecta|Diptera|Syrphidae|Metasyrphus|wiedemanni,Achiasmatic Meiosis,Heterogametic,XY,8
Metialma,scenica,Animalia|Insecta|Coleoptera|Curculionidae|Metialma|scenica,Asynaptic Sex Chromosomes,Heterogametic,XY,32
Metialma,sp,Animalia|Insecta|Coleoptera|Curculionidae|Metialma|sp,Asynaptic Sex Chromosomes,Heterogametic,XY,32
Metriona,elatior,Animalia|Insecta|Coleoptera|Chrysomelidae|Metriona|elatior,Asynaptic Sex Chromosomes,Heterogametic,XY,18
Miastor,americana,Animalia|Insecta|Diptera|Cecidomyiidae|Miastor|americana,Achiasmatic Meiosis,Heterogametic,XO,12
Miccotrogus,picirostris,Animalia|Insecta|Coleoptera|Curculionidae|Miccotrogus|picirostris,Asynaptic Sex Chromosomes,Heterogametic,XY,34
Micoureus,demerarae,Animalia|Mammalia|Didelphimorphia|Didelphidae|Micoureus|demerarae,Asynaptic Sex Chromosomes,Heterogametic,XY,14
Micraspis,cardoni,Animalia|Insecta|Coleoptera|Coccinellidae|Micraspis|cardoni,Asynaptic Sex Chromosomes,Heterogametic,XY,20
Microbuthus,gardneri,Animalia|Arachnida|Scorpiones|Buthidae|Microbuthus|gardneri,Achiasmatic Meiosis,Heterogametic,NA,NA
Microbuthus,kristensenorum,Animalia|Arachnida|Scorpiones|Buthidae|Microbuthus|kristensenorum,Achiasmatic Meiosis,Heterogametic,NA,NA
Microbuthus,satyrus sp. n.,Animalia|Arachnida|Scorpiones|Buthidae|Microbuthus|satyrus sp. n.,Achiasmatic Meiosis,Heterogametic,NA,NA
Microcalliphora,varipes,Animalia|Insecta|Diptera|Calliphoridae|Microcalliphora|varipes,Achiasmatic Meiosis,Heterogametic,XY,12
Microcopris,doriae,Animalia|Insecta|Coleoptera|Scarabaeidae|Microcopris|doriae,Asynaptic Sex Chromosomes,Heterogametic,XY,20
Microcopris,hidakai,Animalia|Insecta|Coleoptera|Scarabaeidae|Microcopris|hidakai,Asynaptic Sex Chromosomes,Heterogametic,XY,20
Microdon,brachycerus,Animalia|Insecta|Diptera|Syrphidae|Microdon|brachycerus,Achiasmatic Meiosis,Heterogametic,NA,14
Microdon,fulgens,Animalia|Insecta|Diptera|Syrphidae|Microdon|fulgens,Achiasmatic Meiosis,Heterogametic,XY,14
Microdon,piperi,Animalia|Insecta|Diptera|Syrphidae|Microdon|piperi,Achiasmatic Meiosis,Heterogametic,NA,14
Microdon,violaceus,Animalia|Insecta|Diptera|Syrphidae|Microdon|violaceus,Achiasmatic Meiosis,Heterogametic,XY,14
Microdrosophila,congesta,Animalia|Insecta|Diptera|Drosophilidae|Microdrosophila|congesta,Achiasmatic Meiosis,Heterogametic,NA,10
Microdrosophila,spp.,Animalia|Insecta|Diptera|Drosophilidae|Microdrosophila|spp.,Achiasmatic Meiosis,Heterogametic,NA,10
Micronecta,griseola,Animalia|Insecta|Hemiptera|Micronectidae|Micronecta|griseola,Achiasmatic Meiosis,Heterogametic,XY,22
Micronecta,poweri,Animalia|Insecta|Hemiptera|Micronectidae|Micronecta|poweri,Achiasmatic Meiosis,Heterogametic,XY,22
Micronecta,scholtzi,Animalia|Insecta|Hemiptera|Micronectidae|Micronecta|scholtzi,Achiasmatic Meiosis,Heterogametic,XY,22
Microperoryctes,longicauda,Animalia|Mammalia|Peramelemorphia|Peramelidae|Microperoryctes|longicauda,Asynaptic Sex Chromosomes,Heterogametic,XY,14
Micropteryx,aureatella,Animalia|Insecta|Lepidoptera|Micropterigidae|Micropteryx|aureatella,Achiasmatic Meiosis,Heterogametic,NA,NA
Microrhopala,vittata,Animalia|Insecta|Coleoptera|Chrysomelidae|Microrhopala|vittata,Asynaptic Sex Chromosomes,Heterogametic,XY,32
Microtenochira,aciculata,Animalia|Insecta|Coleoptera|Chrysomelidae|Microtenochira|aciculata,Asynaptic Sex Chromosomes,Heterogametic,XY,18
Microtenochira,optata,Animalia|Insecta|Coleoptera|Chrysomelidae|Microtenochira|optata,Asynaptic Sex Chromosomes,Heterogametic,XY,18
Microtenochira,quadrata,Animalia|Insecta|Coleoptera|Chrysomelidae|Microtenochira|quadrata,Asynaptic Sex Chromosomes,Heterogametic,XY,18
Microtheca,ochroloma,Animalia|Insecta|Coleoptera|Chrysomelidae|Microtheca|ochroloma,Asynaptic Sex Chromosomes,Heterogametic,XY,28
Microtomus,lunifer,Animalia|Insecta|Hemiptera|Reduviidae|Microtomus|lunifer,Achiasmatic Sex Chromosomes,Heterogametic,XY,32
Microtus,agrestis,Animalia|Mammalia|Rodentia|Cricetidae|Microtus|agrestis,Asynaptic Sex Chromosomes,Heterogametic,XY,50
Microtus,arvalis,Animalia|Mammalia|Rodentia|Cricetidae|Microtus|arvalis,Asynaptic Sex Chromosomes,Heterogametic,XY,46
Microtus,cabrerae,Animalia|Mammalia|Rodentia|Cricetidae|Microtus|cabrerae,Achiasmatic Sex Chromosomes,Heterogametic,XY,54
Microtus,duodecimcostatus,Animalia|Mammalia|Rodentia|Cricetidae|Microtus|duodecimcostatus,Achiasmatic Sex Chromosomes,Heterogametic,NA,62
Microtus,guentheri,Animalia|Mammalia|Rodentia|Cricetidae|Microtus|guentheri,Asynaptic Sex Chromosomes,Heterogametic,XY,54
Microtus,kikuchii,Animalia|Mammalia|Rodentia|Cricetidae|Microtus|kikuchii,Asynaptic Sex Chromosomes,Heterogametic,XY,30
Microtus,kirgisorum,Animalia|Mammalia|Rodentia|Cricetidae|Microtus|kirgisorum,Asynaptic Sex Chromosomes,Heterogametic,XY,54
Microtus,oeconomus,Animalia|Mammalia|Rodentia|Cricetidae|Microtus|oeconomus,Asynaptic Sex Chromosomes,Heterogametic,XY,30
Microtus,rossiaemeridionalis,Animalia|Mammalia|Rodentia|Cricetidae|Microtus|rossiaemeridionalis,Asynaptic Sex Chromosomes,Heterogametic,XY,54
Microtus,subterraneus,Animalia|Mammalia|Rodentia|Cricetidae|Microtus|subterraneus,Asynaptic Sex Chromosomes,Heterogametic,XY,52
Microtus,thomasi,Animalia|Mammalia|Rodentia|Cricetidae|Microtus|thomasi,Asynaptic Sex Chromosomes,Heterogametic,NA,44
Microtus,transcapicus,Animalia|Mammalia|Rodentia|Cricetidae|Microtus|transcapicus,Asynaptic Sex Chromosomes,Heterogametic,XY,52
Microtus,transcaspicus,Animalia|Mammalia|Rodentia|Cricetidae|Microtus|transcaspicus,Asynaptic Sex Chromosomes,Heterogametic,NA,NA
Milesia,undulata,Animalia|Insecta|Diptera|Syrphidae|Milesia|undulata,Achiasmatic Meiosis,Heterogametic,XY,12
Milesia,virginiensis,Animalia|Insecta|Diptera|Syrphidae|Milesia|virginiensis,Achiasmatic Meiosis,Heterogametic,XY,12
Mimela,glabra,Animalia|Insecta|Coleoptera|Scarabaeidae|Mimela|glabra,Asynaptic Sex Chromosomes,Heterogametic,XY,20
Mimela,sp.,Animalia|Insecta|Coleoptera|Scarabaeidae|Mimela|sp.,Asynaptic Sex Chromosomes,Heterogametic,XY,20
Minettia,flaveola,Animalia|Insecta|Diptera|Lauxaniidae|Minettia|flaveola,Achiasmatic Meiosis,Heterogametic,XY,10
Minettia,lupulina,Animalia|Insecta|Diptera|Lauxaniidae|Minettia|lupulina,Achiasmatic Meiosis,Heterogametic,XY,12
Misolampus,goudoti,Animalia|Insecta|Coleoptera|Tenebrionidae|Misolampus|goudoti,Asynaptic Sex Chromosomes,Heterogametic,XY,20
Misolampus,subglaber,Animalia|Insecta|Coleoptera|Tenebrionidae|Misolampus|subglaber,Asynaptic Sex Chromosomes,Heterogametic,XY,20
Molorchus,umbellatarum,Animalia|Insecta|Coleoptera|Cerambycidae|Molorchus|umbellatarum,Asynaptic Sex Chromosomes,Heterogametic,XY,20
Monarthropalpus,buxi,Animalia|Insecta|Diptera|Cecidomyiidae|Monarthropalpus|buxi,Achiasmatic Meiosis,Heterogametic,XO,8
Monochamus,alternatus,Animalia|Insecta|Coleoptera|Cerambycidae|Monochamus|alternatus,Asynaptic Sex Chromosomes,Heterogametic,XY,20
Monochamus,galloprovinciallis,Animalia|Insecta|Coleoptera|Cerambycidae|Monochamus|galloprovinciallis,Asynaptic Sex Chromosomes,Heterogametic,XY,22
Monochamus,latus,Animalia|Insecta|Coleoptera|Cerambycidae|Monochamus|latus,Asynaptic Sex Chromosomes,Heterogametic,NA,20
Monochamus,marmorator,Animalia|Insecta|Coleoptera|Cerambycidae|Monochamus|marmorator,Asynaptic Sex Chromosomes,Heterogametic,XY,20
Monochamus,notatus,Animalia|Insecta|Coleoptera|Cerambycidae|Monochamus|notatus,Asynaptic Sex Chromosomes,Heterogametic,XY,20
Monochamus,oregonensis,Animalia|Insecta|Coleoptera|Cerambycidae|Monochamus|oregonensis,Asynaptic Sex Chromosomes,Heterogametic,XY,20
Monochamus,saltuarius,Animalia|Insecta|Coleoptera|Cerambycidae|Monochamus|saltuarius,Asynaptic Sex Chromosomes,Heterogametic,XY,20
Monochamus,sartor,Animalia|Insecta|Coleoptera|Cerambycidae|Monochamus|sartor,Asynaptic Sex Chromosomes,Heterogametic,XY,24
Monochamus,scutellatus,Animalia|Insecta|Coleoptera|Cerambycidae|Monochamus|scutellatus,Asynaptic Sex Chromosomes,Heterogametic,XY,20
Monochamus,sutor,Animalia|Insecta|Coleoptera|Cerambycidae|Monochamus|sutor,Asynaptic Sex Chromosomes,Heterogametic,XY,20
Monodelphis,brevicaudata,Animalia|Mammalia|Didelphimorphia|Didelphidae|Monodelphis|brevicaudata,Asynaptic Sex Chromosomes,Heterogametic,XY,18
Monodelphis,domestica,Animalia|Mammalia|Didelphimorphia|Didelphidae|Monodelphis|domestica,Asynaptic Sex Chromosomes,Heterogametic,XY,18
Monolepta,erythrocephala,Animalia|Insecta|Coleoptera|Chrysomelidae|Monolepta|erythrocephala,Asynaptic Sex Chromosomes,Heterogametic,XY,26
Monolepta,sexsigta,Animalia|Insecta|Coleoptera|Chrysomelidae|Monolepta|sexsigta,Asynaptic Sex Chromosomes,Heterogametic,XY,18
Monolepta,sigta,Animalia|Insecta|Coleoptera|Chrysomelidae|Monolepta|sigta,Asynaptic Sex Chromosomes,Heterogametic,XY,18
Monoxia,apicalis,Animalia|Insecta|Coleoptera|Chrysomelidae|Monoxia|apicalis,Asynaptic Sex Chromosomes,Heterogametic,XY,32
Monoxia,guttulata,Animalia|Insecta|Coleoptera|Chrysomelidae|Monoxia|guttulata,Asynaptic Sex Chromosomes,Heterogametic,XY,18
Monoxia,obesula,Animalia|Insecta|Coleoptera|Chrysomelidae|Monoxia|obesula,Asynaptic Sex Chromosomes,Heterogametic,XY,38
Monoxia,sp,Animalia|Insecta|Coleoptera|Chrysomelidae|Monoxia|sp,Asynaptic Sex Chromosomes,Heterogametic,XY,18
Monoxia,sp.,Animalia|Insecta|Coleoptera|Chrysomelidae|Monoxia|sp.,Asynaptic Sex Chromosomes,Heterogametic,XY,20
Morimus,orientalis,Animalia|Insecta|Coleoptera|Cerambycidae|Morimus|orientalis,Asynaptic Sex Chromosomes,Heterogametic,XY,24
Mulsantina,picta,Animalia|Insecta|Coleoptera|Coccinellidae|Mulsantina|picta,Asynaptic Sex Chromosomes,Heterogametic,XY,20
Mus,dunni,Animalia|Mammalia|Rodentia|Muridae|Mus|dunni,Achiasmatic Sex Chromosomes,Heterogametic,XY,40
Mus,minutoides,Animalia|Mammalia|Rodentia|Muridae|Mus|minutoides,Asynaptic Sex Chromosomes,Heterogametic,XY,18
Mus,minutoides,Animalia|Mammalia|Rodentia|Murids|Mus|minutoides,Asynaptic Sex Chromosomes,Heterogametic,NA,18
Musca,autumnalis,Animalia|Insecta|Diptera|Muscidae|Musca|autumnalis,Achiasmatic Meiosis,Heterogametic,XY,12
Musca,domestica,Animalia|Insecta|Diptera|Muscidae|Musca|domestica,Achiasmatic Meiosis,Heterogametic,NA,12
Musca,sorbens,Animalia|Insecta|Diptera|Muscidae|Musca|sorbens,Achiasmatic Meiosis,Heterogametic,XY,12
Musca,stabulans,Animalia|Insecta|Diptera|Muscidae|Musca|stabulans,Achiasmatic Meiosis,Heterogametic,NA,10
Musca,velustissima,Animalia|Insecta|Diptera|Muscidae|Musca|velustissima,Achiasmatic Meiosis,Heterogametic,XY,12
Musca,vestustissima,Animalia|Insecta|Diptera|Muscidae|Musca|vestustissima,Achiasmatic Meiosis,Heterogametic,XY,12
Myathropa,florea,Animalia|Insecta|Diptera|Syrphidae|Myathropa|florea,Achiasmatic Meiosis,Heterogametic,XY,10
Mycetobia,pallipes,Animalia|Insecta|Diptera|Anisopodidae|Mycetobia|pallipes,Achiasmatic Meiosis,Heterogametic,XY,6
Mycetophila,punctata,Animalia|Insecta|Diptera|Mycetophilidae|Mycetophila|punctata,Achiasmatic Meiosis,Heterogametic,XY,14
Mycodrosophila,claytonae,Animalia|Insecta|Diptera|Drosophilidae|Mycodrosophila|claytonae,Achiasmatic Meiosis,Heterogametic,XY,8
Mycodrosophila,dimidiata,Animalia|Insecta|Diptera|Drosophilidae|Mycodrosophila|dimidiata,Achiasmatic Meiosis,Heterogametic,XY,8
Mycodrosophila,nigropteropleura,Animalia|Insecta|Diptera|Drosophilidae|Mycodrosophila|nigropteropleura,Achiasmatic Meiosis,Heterogametic,NA,8
Mycodrosophila,poecilogastra,Animalia|Insecta|Diptera|Drosophilidae|Mycodrosophila|poecilogastra,Achiasmatic Meiosis,Heterogametic,NA,12
Mycodrosophila,stalkeri,Animalia|Insecta|Diptera|Drosophilidae|Mycodrosophila|stalkeri,Achiasmatic Meiosis,Heterogametic,NA,8
Mydaea,neglecta,Animalia|Insecta|Diptera|Muscidae|Mydaea|neglecta,Achiasmatic Meiosis,Heterogametic,XY,12
Mylabris,balteata,Animalia|Insecta|Coleoptera|Meloidae|Mylabris|balteata,Asynaptic Sex Chromosomes,Heterogametic,XY,20
Mylabris,macilenta,Animalia|Insecta|Coleoptera|Meloidae|Mylabris|macilenta,Asynaptic Sex Chromosomes,Heterogametic,XY,22
Mylabris,phalerata,Animalia|Insecta|Coleoptera|Meloidae|Mylabris|phalerata,Asynaptic Sex Chromosomes,Heterogametic,XY,22
Mylabris,pustulata,Animalia|Insecta|Coleoptera|Meloidae|Mylabris|pustulata,Asynaptic Sex Chromosomes,Heterogametic,XY,22
Mylabris,thunbergi,Animalia|Insecta|Coleoptera|Meloidae|Mylabris|thunbergi,Asynaptic Sex Chromosomes,Heterogametic,XY,22
Myllocerus,11-pustulatus,Animalia|Insecta|Coleoptera|Curculionidae|Myllocerus|11-pustulatus,Asynaptic Sex Chromosomes,Heterogametic,XY,22
Myllocerus,angulatipes,Animalia|Insecta|Coleoptera|Curculionidae|Myllocerus|angulatipes,Asynaptic Sex Chromosomes,Heterogametic,XY,22
Myllocerus,blandus,Animalia|Insecta|Coleoptera|Curculionidae|Myllocerus|blandus,Asynaptic Sex Chromosomes,Heterogametic,XY,22
Myllocerus,conspersus,Animalia|Insecta|Coleoptera|Curculionidae|Myllocerus|conspersus,Asynaptic Sex Chromosomes,Heterogametic,XY,22
Myllocerus,dentifer,Animalia|Insecta|Coleoptera|Curculionidae|Myllocerus|dentifer,Asynaptic Sex Chromosomes,Heterogametic,XY,22
Myllocerus,discolor,Animalia|Insecta|Coleoptera|Curculionidae|Myllocerus|discolor,Asynaptic Sex Chromosomes,Heterogametic,XY,22
Myllocerus,dorsatus,Animalia|Insecta|Coleoptera|Curculionidae|Myllocerus|dorsatus,Asynaptic Sex Chromosomes,Heterogametic,XY,22
Myllocerus,griseus,Animalia|Insecta|Coleoptera|Curculionidae|Myllocerus|griseus,Asynaptic Sex Chromosomes,Heterogametic,XY,22
Myllocerus,kashmiriensis,Animalia|Insecta|Coleoptera|Curculionidae|Myllocerus|kashmiriensis,Asynaptic Sex Chromosomes,Heterogametic,XY,22
Myllocerus,leativirens,Animalia|Insecta|Coleoptera|Curculionidae|Myllocerus|leativirens,Asynaptic Sex Chromosomes,Heterogametic,XY,22
Myllocerus,lefroi,Animalia|Insecta|Coleoptera|Curculionidae|Myllocerus|lefroi,Asynaptic Sex Chromosomes,Heterogametic,XY,22
Myllocerus,paetus,Animalia|Insecta|Coleoptera|Curculionidae|Myllocerus|paetus,Asynaptic Sex Chromosomes,Heterogametic,XY,22
Myllocerus,pauper,Animalia|Insecta|Coleoptera|Curculionidae|Myllocerus|pauper,Asynaptic Sex Chromosomes,Heterogametic,XY,22
Myllocerus,sabulosus,Animalia|Insecta|Coleoptera|Curculionidae|Myllocerus|sabulosus,Asynaptic Sex Chromosomes,Heterogametic,XY,22
Myllocerus,sp.,Animalia|Insecta|Coleoptera|Curculionidae|Myllocerus|sp.,Asynaptic Sex Chromosomes,Heterogametic,XY,22
Myllocerus,subfasciatus,Animalia|Insecta|Coleoptera|Curculionidae|Myllocerus|subfasciatus,Asynaptic Sex Chromosomes,Heterogametic,XY,22
Myllocerus,transmarinus,Animalia|Insecta|Coleoptera|Curculionidae|Myllocerus|transmarinus,Asynaptic Sex Chromosomes,Heterogametic,XY,22
Myllocerus,tusicollis,Animalia|Insecta|Coleoptera|Curculionidae|Myllocerus|tusicollis,Asynaptic Sex Chromosomes,Heterogametic,XY,22
Myllocerus,viridanus,Animalia|Insecta|Coleoptera|Curculionidae|Myllocerus|viridanus,Asynaptic Sex Chromosomes,Heterogametic,XY,22
Myllocerus,viridens,Animalia|Insecta|Coleoptera|Curculionidae|Myllocerus|viridens,Asynaptic Sex Chromosomes,Heterogametic,XY,22
Myolepta,luctuosa,Animalia|Insecta|Diptera|Syrphidae|Myolepta|luctuosa,Achiasmatic Meiosis,Heterogametic,XY,10
Myolepta,luteola,Animalia|Insecta|Diptera|Syrphidae|Myolepta|luteola,Achiasmatic Meiosis,Heterogametic,XY,10
Myolepta,pretiosa,Animalia|Insecta|Diptera|Syrphidae|Myolepta|pretiosa,Achiasmatic Meiosis,Heterogametic,XY,10
Myolepta,ruficornis,Animalia|Insecta|Diptera|Syrphidae|Myolepta|ruficornis,Achiasmatic Meiosis,Heterogametic,NA,10
Myolepta,strigilata,Animalia|Insecta|Diptera|Syrphidae|Myolepta|strigilata,Achiasmatic Meiosis,Heterogametic,XY,10
Myopus,schisticolor,Animalia|Mammalia|Rodentia|Cricetidae|Myopus|schisticolor,Achiasmatic Sex Chromosomes,Heterogametic,XY,NA
Myrmecaelurus,sp.,Animalia|Insecta|Neuroptera|Myrmeleontidae|Myrmecaelurus|sp.,Asynaptic Sex Chromosomes,Heterogametic,XY,14
Myrmecaelurus,trigammus,Animalia|Insecta|Neuroptera|Myrmelontidae|Myrmecaelurus|trigammus,Asynaptic Sex Chromosomes,Heterogametic,XY,16
Myrmecaelurus,trigrammus,Animalia|Insecta|Neuroptera|Myrmeleontidae|Myrmecaelurus|trigrammus,Asynaptic Sex Chromosomes,Heterogametic,XY,16
Myrmecobius,fasciatus,Animalia|Mammalia|Dasyuromorphia|Myrmecobiidae|Myrmecobius|fasciatus,Asynaptic Sex Chromosomes,Heterogametic,XY,14
Myrmecotheca,myrmecoides,Animalia|Insecta|Diptera|Ulidiidae|Myrmecotheca|myrmecoides,Achiasmatic Meiosis,Heterogametic,XY,12
Myrmedobia,coleoptrata,Animalia|Insecta|Hemiptera|Miridae|Myrmedobia|coleoptrata,Achiasmatic Meiosis,Heterogametic,XY,16
Myrmeleon,alcestris,Animalia|Insecta|Neuroptera|Myrmeleontidae|Myrmeleon|alcestris,Asynaptic Sex Chromosomes,Heterogametic,XY,14
Myrmeleon,californicus,Animalia|Insecta|Neuroptera|Myrmeleontidae|Myrmeleon|californicus,Asynaptic Sex Chromosomes,Heterogametic,XY,14
Myrmeleon,exitialis,Animalia|Insecta|Neuroptera|Myrmeleontidae|Myrmeleon|exitialis,Asynaptic Sex Chromosomes,Heterogametic,XY,14
Myrmeleon,formicarius,Animalia|Insecta|Neuroptera|Myrmeleontidae|Myrmeleon|formicarius,Asynaptic Sex Chromosomes,Heterogametic,XY,14
Myrmeleon,hyalinus,Animalia|Insecta|Neuroptera|Myrmeleontidae|Myrmeleon|hyalinus,Asynaptic Sex Chromosomes,Heterogametic,XY,14
Myrmeleon,immaculatus,Animalia|Insecta|Neuroptera|Myrmeleontidae|Myrmeleon|immaculatus,Asynaptic Sex Chromosomes,Heterogametic,XY,14
Myrmeleon,mexicanus,Animalia|Insecta|Neuroptera|Myrmeleontidae|Myrmeleon|mexicanus,Asynaptic Sex Chromosomes,Heterogametic,XY,14
Myrmeleon,obscurus,Animalia|Insecta|Neuroptera|Myrmeleontidae|Myrmeleon|obscurus,Asynaptic Sex Chromosomes,Heterogametic,XY,14
Mytilicola,intestinalis,Animalia|Maxillopoda|Cyclopoida|Mytilicolidae|Mytilicola|intestinalis,Achiasmatic Meiosis,Heterogametic,ZW,22
Nabis,brevis,Animalia|Insecta|Hemiptera|Nabidae|Nabis|brevis,Asynaptic Sex Chromosomes,Heterogametic,XY,18
Nabis,ericetorum,Animalia|Insecta|Hemiptera|Nabidae|Nabis|ericetorum,Asynaptic Sex Chromosomes,NA,NA,NA
Nabis,ferus,Animalia|Insecta|Hemiptera|Nabidae|Nabis|ferus,Asynaptic Sex Chromosomes,Heterogametic,XY,18
Nabis,flavomarginatus,Animalia|Insecta|Hemiptera|Nabidae|Nabis|flavomarginatus,Asynaptic Sex Chromosomes,Heterogametic,XY,18
Nabis,indicus,Animalia|Insecta|Hemiptera|Nabidae|Nabis|indicus,Asynaptic Sex Chromosomes,Heterogametic,XY,34
Nabis,limbatrus,Animalia|Insecta|Hemiptera|Nabidae|Nabis|limbatrus,Asynaptic Sex Chromosomes,NA,NA,NA
Nabis,limbatus,Animalia|Insecta|Hemiptera|Nabidae|Nabis|limbatus,Asynaptic Sex Chromosomes,Heterogametic,XY,18
Nabis,meridionalis,Animalia|Insecta|Hemiptera|Nabidae|Nabis|meridionalis,Asynaptic Sex Chromosomes,Heterogametic,XY,18
Nabis,pallidus,Animalia|Insecta|Hemiptera|Nabidae|Nabis|pallidus,Asynaptic Sex Chromosomes,Heterogametic,XY,34
Nabis,pseudoferus,Animalia|Insecta|Hemiptera|Nabidae|Nabis|pseudoferus,Asynaptic Sex Chromosomes,Heterogametic,XY,18
Nabis,pseudoferus pseudoferus,Animalia|Insecta|Hemiptera|Nabidae|Nabis|pseudoferus pseudoferus,Asynaptic Sex Chromosomes,NA,NA,NA
Nabis,punctatus,Animalia|Insecta|Hemiptera|Nabidae|Nabis|punctatus,Asynaptic Sex Chromosomes,Heterogametic,XY,18
Nabis,reuteri,Animalia|Insecta|Hemiptera|Nabidae|Nabis|reuteri,Asynaptic Sex Chromosomes,Heterogametic,XY,18
Nabis,rugosus,Animalia|Insecta|Hemiptera|Nabidae|Nabis|rugosus,Asynaptic Sex Chromosomes,Heterogametic,XY,18
Nabis,sareptanus,Animalia|Insecta|Hemiptera|Nabidae|Nabis|sareptanus,Asynaptic Sex Chromosomes,Heterogametic,XY,34
Nabis,sp.,Animalia|Insecta|Hemiptera|Nabidae|Nabis|sp.,Achiasmatic Meiosis,Heterogametic,XY,NA
Nabis,stenoferus,Animalia|Insecta|Hemiptera|Nabidae|Nabis|stenoferus,Asynaptic Sex Chromosomes,Heterogametic,XY,18
Nabis,tesquorum,Animalia|Insecta|Hemiptera|Nabidae|Nabis|tesquorum,Asynaptic Sex Chromosomes,Heterogametic,XY,18
Nabis,ussuriensis,Animalia|Insecta|Hemiptera|Nabidae|Nabis|ussuriensis,Asynaptic Sex Chromosomes,Heterogametic,XY,18
Nabis,viridulus,Animalia|Insecta|Hemiptera|Nabidae|Nabis|viridulus,Asynaptic Sex Chromosomes,Heterogametic,XY,34
Nalassus,bozdagus,Animalia|Insecta|Coleoptera|Tenebrionidae|Nalassus|bozdagus,Asynaptic Sex Chromosomes,Heterogametic,XY,20
Nalassus,plebejus,Animalia|Insecta|Coleoptera|Tenebrionidae|Nalassus|plebejus,Asynaptic Sex Chromosomes,Heterogametic,XY,20
Nanophyes,marmoratus,Animalia|Insecta|Coleoptera|Brentidae|Nanophyes|marmoratus,Asynaptic Sex Chromosomes,Heterogametic,XY,22
Naupactus,bruchi,Animalia|Insecta|Coleoptera|Curculionidae|Naupactus|bruchi,Asynaptic Sex Chromosomes,Heterogametic,XY,22
Naupactus,xantographus,Animalia|Insecta|Coleoptera|Curculionidae|Naupactus|xantographus,Asynaptic Sex Chromosomes,Heterogametic,XY,22
Nausigaster,punctulata,Animalia|Insecta|Diptera|Syrphidae|Nausigaster|punctulata,Achiasmatic Meiosis,Heterogametic,NA,8
Necrobia,ruficollis,Animalia|Insecta|Coleoptera|Cleridae|Necrobia|ruficollis,Asynaptic Sex Chromosomes,Heterogametic,XY,18
Necrobia,rujipes,Animalia|Insecta|Coleoptera|Cleridae|Necrobia|rujipes,Asynaptic Sex Chromosomes,Heterogametic,XY,18
Neda,aequatoriana,Animalia|Insecta|Coleoptera|Coccinellidae|Neda|aequatoriana,Asynaptic Sex Chromosomes,Heterogametic,XY,20
Nedyus,quadrimaculatus,Animalia|Insecta|Coleoptera|Curculionidae|Nedyus|quadrimaculatus,Asynaptic Sex Chromosomes,Heterogametic,XY,28
Nemocephalus,femoratus,Animalia|Insecta|Coleoptera|Brentidae|Nemocephalus|femoratus,Asynaptic Sex Chromosomes,Heterogametic,XY,12
Nemorella,pyste,Animalia|Insecta|Diptera|Tachinidae|Nemorella|pyste,Achiasmatic Meiosis,Heterogametic,XY,12
Neoascia,dispar,Animalia|Insecta|Diptera|Syrphidae|Neoascia|dispar,Achiasmatic Meiosis,Heterogametic,XY,8
Neoascia,floralis,Animalia|Insecta|Diptera|Syrphidae|Neoascia|floralis,Achiasmatic Meiosis,Heterogametic,XY,8
Neoascia,geniculata,Animalia|Insecta|Diptera|Syrphidae|Neoascia|geniculata,Achiasmatic Meiosis,Heterogametic,XY,8
Neoascia,globosa,Animalia|Insecta|Diptera|Syrphidae|Neoascia|globosa,Achiasmatic Meiosis,Heterogametic,XY,8
Neoascia,metallica,Animalia|Insecta|Diptera|Syrphidae|Neoascia|metallica,Achiasmatic Meiosis,Heterogametic,NA,8
Neoascia,podagrica,Animalia|Insecta|Diptera|Syrphidae|Neoascia|podagrica,Achiasmatic Meiosis,Heterogametic,NA,8
Neoascia,sp.,Animalia|Insecta|Diptera|Syrphidae|Neoascia|sp.,Achiasmatic Meiosis,Heterogametic,NA,8
Neoascia,sphaerophoria,Animalia|Insecta|Diptera|Syrphidae|Neoascia|sphaerophoria,Achiasmatic Meiosis,Heterogametic,XY,8
Neobellieria,bullata,Animalia|Insecta|Diptera|Sarcophagidae|Neobellieria|bullata,Achiasmatic Meiosis,Heterogametic,XY,12
Neobellieria,cooleyi,Animalia|Insecta|Diptera|Sarcophagidae|Neobellieria|cooleyi,Achiasmatic Meiosis,Heterogametic,XY,12
Neocalchas,gruberi,Animalia|Arachnida|Scorpiones|Iuridae|Neocalchas|gruberi,Achiasmatic Meiosis,Heterogametic,NA,40
Neocanonopsis,dreuxi,Animalia|Insecta|Coleoptera|Curculionidae|Neocanonopsis|dreuxi,Asynaptic Sex Chromosomes,Heterogametic,XY,22
Neochactas,parvulus,Animalia|Arachnida|Scorpiones|Chactidae|Neochactas|parvulus,Achiasmatic Meiosis,Heterogametic,NA,54
Neochirosia,nuda,Animalia|Insecta|Diptera|Scathophagidae|Neochirosia|nuda,Achiasmatic Meiosis,Heterogametic,XY,12
Neocnemodon,calcaratus,Animalia|Insecta|Diptera|Syrphidae|Neocnemodon|calcaratus,Achiasmatic Meiosis,Heterogametic,XY,8
Neocnemodon,latitarsus,Animalia|Insecta|Diptera|Syrphidae|Neocnemodon|latitarsus,Achiasmatic Meiosis,Heterogametic,XY,8
Neocnemodon,rita,Animalia|Insecta|Diptera|Syrphidae|Neocnemodon|rita,Achiasmatic Meiosis,Heterogametic,XY,8
Neocnemodon,sp.1,Animalia|Insecta|Diptera|Syrphidae|Neocnemodon|sp.1,Achiasmatic Meiosis,Heterogametic,XY,8
Neocnemodon,sp.4,Animalia|Insecta|Diptera|Syrphidae|Neocnemodon|sp.4,Achiasmatic Meiosis,Heterogametic,XY,8
Neocnemodon,sp.A,Animalia|Insecta|Diptera|Syrphidae|Neocnemodon|sp.A,Achiasmatic Meiosis,Heterogametic,XY,8
Neocnemodon,sp.B,Animalia|Insecta|Diptera|Syrphidae|Neocnemodon|sp.B,Achiasmatic Meiosis,Heterogametic,XY,8
Neocnemodon,sp.C,Animalia|Insecta|Diptera|Syrphidae|Neocnemodon|sp.C,Achiasmatic Meiosis,Heterogametic,XY,8
Neocnemodon,vitripennis,Animalia|Insecta|Diptera|Syrphidae|Neocnemodon|vitripennis,Achiasmatic Meiosis,Heterogametic,XY,8
Neocrepidodera,transversa,Animalia|Insecta|Coleoptera|Chrysomelidae|Neocrepidodera|transversa,Asynaptic Sex Chromosomes,Heterogametic,XY,38
Neocurtilla,hexadactyla,Animalia|Insecta|Orthoptera|Gryllotalpidae|Neocurtilla|hexadactyla,Achiasmatic Sex Chromosomes,Heterogametic,NA,24
Neodiplocampta,roederi,Animalia|Insecta|Diptera|Bombyliidae|Neodiplocampta|roederi,Achiasmatic Meiosis,Heterogametic,XY,18
Neoexaireta,spinigera,Animalia|Insecta|Diptera|Stratiomyidae|Neoexaireta|spinigera,Achiasmatic Meiosis,Heterogametic,XY,12
Neomecopus,sp.,Animalia|Insecta|Coleoptera|Curculionidae|Neomecopus|sp.,Asynaptic Sex Chromosomes,Heterogametic,XY,30
Neomysia,caseyi,Animalia|Insecta|Coleoptera|Coccinellidae|Neomysia|caseyi,Asynaptic Sex Chromosomes,Heterogametic,XY,20
Neomysia,orego,Animalia|Insecta|Coleoptera|Coccinellidae|Neomysia|orego,Asynaptic Sex Chromosomes,Heterogametic,XY,20
Neomysia,pullata,Animalia|Insecta|Coleoptera|Coccinellidae|Neomysia|pullata,Asynaptic Sex Chromosomes,Heterogametic,XY,20
Neopanorpa,lui,Animalia|Insecta|Mecoptera|Panorpidae|Neopanorpa|lui,Achiasmatic Meiosis,Heterogametic,XO,20
Neophorocera,hamata,Animalia|Insecta|Diptera|Tachinidae|Neophorocera|hamata,Achiasmatic Meiosis,Heterogametic,XY,12
Nepha,genei,Animalia|Insecta|Coleoptera|Carabidae|Nepha|genei,Achiasmatic Meiosis,Heterogametic,XY,24
Nepha,grisvardi,Animalia|Insecta|Coleoptera|Carabidae|Nepha|grisvardi,Achiasmatic Meiosis,Heterogametic,XY,24
Nepha,ibericum,Animalia|Insecta|Coleoptera|Carabidae|Nepha|ibericum,Achiasmatic Meiosis,Heterogametic,XY,24
Nepha,laterale,Animalia|Insecta|Coleoptera|Carabidae|Nepha|laterale,Achiasmatic Meiosis,Heterogametic,XY,24
Nesotes,conformis,Animalia|Insecta|Coleoptera|Tenebrionidae|Nesotes|conformis,Asynaptic Sex Chromosomes,Heterogametic,XY,20
Nesotes,gomerensis,Animalia|Insecta|Coleoptera|Tenebrionidae|Nesotes|gomerensis,Asynaptic Sex Chromosomes,Heterogametic,XY,20
Nesotes,picescens,Animalia|Insecta|Coleoptera|Tenebrionidae|Nesotes|picescens,Asynaptic Sex Chromosomes,Heterogametic,XY,20
Nesotes,porrectus,Animalia|Insecta|Coleoptera|Tenebrionidae|Nesotes|porrectus,Asynaptic Sex Chromosomes,Heterogametic,XY,20
Nesotes,viridicollis,Animalia|Insecta|Coleoptera|Tenebrionidae|Nesotes|viridicollis,Asynaptic Sex Chromosomes,Heterogametic,XY,20
Neuroctena,analis,Animalia|Insecta|Diptera|Dryomyzidae|Neuroctena|analis,Achiasmatic Meiosis,Heterogametic,XY,12
Neuroctena,analis,Animalia|Insecta|Diptera|Sciomyzidae|Neuroctena|analis,Achiasmatic Meiosis,Heterogametic,NA,12
Neuroleon,sp.,Animalia|Insecta|Neuroptera|Myrmeleontidae|Neuroleon|sp.,Asynaptic Sex Chromosomes,Heterogametic,XY,16
NewGenus1,sinuata,Animalia|Insecta|Diptera|Syrphidae|NewGenus1|sinuata,Achiasmatic Meiosis,Heterogametic,XY,12
NewGenus1,sp.1,Animalia|Insecta|Diptera|Syrphidae|NewGenus1|sp.1,Achiasmatic Meiosis,Heterogametic,NA,12
NewGenus1,sp.5,Animalia|Insecta|Diptera|Syrphidae|NewGenus1|sp.5,Achiasmatic Meiosis,Heterogametic,XY,12
Ningaui,sp.,Animalia|Mammalia|Dasyuromorphia|Dasyuridae|Ningaui|sp.,Asynaptic Sex Chromosomes,Heterogametic,XY,14
Niphades,sp.,Animalia|Insecta|Coleoptera|Curculionidae|Niphades|sp.,Asynaptic Sex Chromosomes,Heterogametic,XY,32
Niphades,variegatus,Animalia|Insecta|Coleoptera|Curculionidae|Niphades|variegatus,Asynaptic Sex Chromosomes,Heterogametic,XY,34
Nipponodorcus,rubrofemoratus,Animalia|Insecta|Coleoptera|Lucanidae|Nipponodorcus|rubrofemoratus,Asynaptic Sex Chromosomes,Heterogametic,XY,10
Nitidula,bipunctata,Animalia|Insecta|Coleoptera|Nitidulidae|Nitidula|bipunctata,Asynaptic Sex Chromosomes,Heterogametic,XY,20
Nitidula,rufipes,Animalia|Insecta|Coleoptera|Nitidulidae|Nitidula|rufipes,Asynaptic Sex Chromosomes,Heterogametic,XY,20
Nodonota,aridicola,Animalia|Insecta|Coleoptera|Chrysomelidae|Nodonota|aridicola,Asynaptic Sex Chromosomes,Heterogametic,XY,12
Nodonota,lateralis,Animalia|Insecta|Coleoptera|Chrysomelidae|Nodonota|lateralis,Asynaptic Sex Chromosomes,Heterogametic,XY,12
Nodonota,puncticollis,Animalia|Insecta|Coleoptera|Chrysomelidae|Nodonota|puncticollis,Asynaptic Sex Chromosomes,Heterogametic,XY,12
Nodonota,virdis,Animalia|Insecta|Coleoptera|Chrysomelidae|Nodonota|virdis,Asynaptic Sex Chromosomes,Heterogametic,XY,16
Notaphus,ephippius,Animalia|Insecta|Coleoptera|Carabidae|Notaphus|ephippius,Achiasmatic Meiosis,Heterogametic,XY,NA
Notaphus,varius,Animalia|Insecta|Coleoptera|Carabidae|Notaphus|varius,Achiasmatic Meiosis,Heterogametic,XY,24
Notaris,acridulus,Animalia|Insecta|Coleoptera|Curculionidae|Notaris|acridulus,Asynaptic Sex Chromosomes,Heterogametic,XY,30
Notidocharis,whagoni,Animalia|Insecta|Coleoptera|Leiodidae|Notidocharis|whagoni,Asynaptic Sex Chromosomes,Heterogametic,XY,22
Notoryctes,typhlops,Animalia|Mammalia|Notoryctemorphia|Notoryctidae|Notoryctes|typhlops,Asynaptic Sex Chromosomes,Heterogametic,XY,20
Notosacantha,maculipennis,Animalia|Insecta|Coleoptera|Chrysomelidae|Notosacantha|maculipennis,Asynaptic Sex Chromosomes,Heterogametic,XY,16
Notoxus,calcaratus,Animalia|Insecta|Coleoptera|Anthicidae|Notoxus|calcaratus,Asynaptic Sex Chromosomes,Heterogametic,XY,18
Notoxus,constrictus,Animalia|Insecta|Coleoptera|Anthicidae|Notoxus|constrictus,Asynaptic Sex Chromosomes,Heterogametic,XY,18
Notoxus,monodon,Animalia|Insecta|Coleoptera|Anthicidae|Notoxus|monodon,Asynaptic Sex Chromosomes,Heterogametic,XY,18
Nudobius,cephalus,Animalia|Insecta|Coleoptera|Staphylinidae|Nudobius|cephalus,Asynaptic Sex Chromosomes,Heterogametic,XY,28
Nusphera,madurensis,Animalia|Insecta|Coleoptera|Cerambycidae|Nusphera|madurensis,Asynaptic Sex Chromosomes,Heterogametic,XY,22
Nyctelia,rugosa,Animalia|Insecta|Coleoptera|Tenebrionidae|Nyctelia|rugosa,Asynaptic Sex Chromosomes,Heterogametic,XY,18
Nyctelia,sp.,Animalia|Insecta|Coleoptera|Tenebrionidae|Nyctelia|sp.,Asynaptic Sex Chromosomes,Heterogametic,XY,18
Oberea,affinis,Animalia|Insecta|Coleoptera|Cerambycidae|Oberea|affinis,Asynaptic Sex Chromosomes,Heterogametic,XY,20
Oberea,mandari,Animalia|Insecta|Coleoptera|Cerambycidae|Oberea|mandari,Asynaptic Sex Chromosomes,Heterogametic,XY,20
Oberea,oculata,Animalia|Insecta|Coleoptera|Cerambycidae|Oberea|oculata,Asynaptic Sex Chromosomes,Heterogametic,XY,20
Oberea,sp.,Animalia|Insecta|Coleoptera|Cerambycidae|Oberea|sp.,Asynaptic Sex Chromosomes,Heterogametic,XY,20
Oberea,tripunctata,Animalia|Insecta|Coleoptera|Cerambycidae|Oberea|tripunctata,Asynaptic Sex Chromosomes,Heterogametic,XY,20
Octodon,degus,Animalia|Mammalia|Rodentia|Octodontidae|Octodon|degus,Asynaptic Sex Chromosomes,Heterogametic,XY,58
Octotemnus,aevis,Animalia|Insecta|Coleoptera|Ciidae|Octotemnus|aevis,Asynaptic Sex Chromosomes,Heterogametic,XY,22
Octotoma,scabripennis,Animalia|Insecta|Coleoptera|Chrysomelidae|Octotoma|scabripennis,Asynaptic Sex Chromosomes,Heterogametic,XY,20
Ocydromus,andreae,Animalia|Insecta|Coleoptera|Carabidae|Ocydromus|andreae,Achiasmatic Meiosis,Heterogametic,XY,24
Ocydromus,atrocoeruleus,Animalia|Insecta|Coleoptera|Carabidae|Ocydromus|atrocoeruleus,Achiasmatic Meiosis,Heterogametic,XY,24
Ocydromus,coeruleus,Animalia|Insecta|Coleoptera|Carabidae|Ocydromus|coeruleus,Achiasmatic Meiosis,Heterogametic,XY,24
Ocydromus,decorus,Animalia|Insecta|Coleoptera|Carabidae|Ocydromus|decorus,Achiasmatic Meiosis,Heterogametic,XY,24
Ocydromus,dudichi,Animalia|Insecta|Coleoptera|Carabidae|Ocydromus|dudichi,Achiasmatic Meiosis,Heterogametic,XY,24
Ocydromus,fasciolatus,Animalia|Insecta|Coleoptera|Carabidae|Ocydromus|fasciolatus,Achiasmatic Meiosis,Heterogametic,XY,24
Ocydromus,femoratus,Animalia|Insecta|Coleoptera|Carabidae|Ocydromus|femoratus,Achiasmatic Meiosis,Heterogametic,XY,24
Ocydromus,hispanicus,Animalia|Insecta|Coleoptera|Carabidae|Ocydromus|hispanicus,Achiasmatic Meiosis,Heterogametic,XY,NA
Ocydromus,ripicola,Animalia|Insecta|Coleoptera|Carabidae|Ocydromus|ripicola,Achiasmatic Meiosis,Heterogametic,XY,24
Ocydromus,stephensi,Animalia|Insecta|Coleoptera|Carabidae|Ocydromus|stephensi,Achiasmatic Meiosis,Heterogametic,XY,24
Ocydromus,tibialis,Animalia|Insecta|Coleoptera|Carabidae|Ocydromus|tibialis,Achiasmatic Meiosis,Heterogametic,XY,24
Ocydromus,ustulatus,Animalia|Insecta|Coleoptera|Carabidae|Ocydromus|ustulatus,Achiasmatic Meiosis,Heterogametic,XY,24
Odontium,striatum,Animalia|Insecta|Coleoptera|Carabidae|Odontium|striatum,Achiasmatic Meiosis,Heterogametic,XY,24
Odontobuthus,doriae,Animalia|Arachnida|Scorpiones|Buthidae|Odontobuthus|doriae,Achiasmatic Meiosis,Heterogametic,NA,22
Odontomyia,regisgeorgei,Animalia|Insecta|Diptera|Stratiomyidae|Odontomyia|regisgeorgei,Achiasmatic Meiosis,Heterogametic,XY,12
Odontota,dorsalis,Animalia|Insecta|Coleoptera|Chrysomelidae|Odontota|dorsalis,Asynaptic Sex Chromosomes,Heterogametic,XY,16
Oedemera,podagrariae,Animalia|Insecta|Coleoptera|Oedemeridae|Oedemera|podagrariae,Asynaptic Sex Chromosomes,Heterogametic,XY,22
Oedemera,virescens,Animalia|Insecta|Coleoptera|Oedemeridae|Oedemera|virescens,Asynaptic Sex Chromosomes,Heterogametic,XY,22
Oedionychus,cinctus,Animalia|Insecta|Coleoptera|Chrysomelidae|Oedionychus|cinctus,Asynaptic Sex Chromosomes,Heterogametic,XY,16
Oedionychus,limbatus,Animalia|Insecta|Coleoptera|Chrysomelidae|Oedionychus|limbatus,Asynaptic Sex Chromosomes,Heterogametic,XY,16
Oedionychus,sp.,Animalia|Insecta|Coleoptera|Chrysomelidae|Oedionychus|sp.,Asynaptic Sex Chromosomes,Heterogametic,XY,22
Oedionychus,umbratica,Animalia|Insecta|Coleoptera|Chrysomelidae|Oedionychus|umbratica,Asynaptic Sex Chromosomes,Heterogametic,XY,22
Oedophyrus,hilleri,Animalia|Insecta|Coleoptera|Curculionidae|Oedophyrus|hilleri,Asynaptic Sex Chromosomes,Heterogametic,XY,26
Oestrus,ovis,Animalia|Insecta|Diptera|Oestridae|Oestrus|ovis,Achiasmatic Meiosis,Heterogametic,XY,12
Ogcogaster,segmentator,Animalia|Insecta|Neuroptera|Ascalaphidae|Ogcogaster|segmentator,Asynaptic Sex Chromosomes,Heterogametic,XY,22
Okikuruminus,oblongus,Animalia|Insecta|Coleoptera|Curculionidae|Okikuruminus|oblongus,Asynaptic Sex Chromosomes,Heterogametic,XY,36
Okikuruminus,roelofsi,Animalia|Insecta|Coleoptera|Curculionidae|Okikuruminus|roelofsi,Asynaptic Sex Chromosomes,Heterogametic,XY,36
Olenecamptus,cretaceusmargitus,Animalia|Insecta|Coleoptera|Cerambycidae|Olenecamptus|cretaceusmargitus,Asynaptic Sex Chromosomes,Heterogametic,XY,20
Olenecamptus,octopustulatus,Animalia|Insecta|Coleoptera|Cerambycidae|Olenecamptus|octopustulatus,Asynaptic Sex Chromosomes,Heterogametic,XY,20
Olenocamptus,bilobus,Animalia|Insecta|Coleoptera|Cerambycidae|Olenocamptus|bilobus,Asynaptic Sex Chromosomes,Heterogametic,XY,18
Olenocamptus,sp.,Animalia|Insecta|Coleoptera|Cerambycidae|Olenocamptus|sp.,Asynaptic Sex Chromosomes,Heterogametic,XY,18
Olfersia,bisulcata,Animalia|Insecta|Diptera|Hippoboscidae|Olfersia|bisulcata,Achiasmatic Meiosis,Heterogametic,XY,8
Oligotrphus,pattersoni,Animalia|Insecta|Diptera|Cecidomyiidae|Oligotrphus|pattersoni,Achiasmatic Meiosis,Heterogametic,XO,8
Olivierus,martensii,Animalia|Arachnida|Scorpiones|Buthidae|Olivierus|martensii,Achiasmatic Meiosis,Heterogametic,NA,24
Olla,abdomilis,Animalia|Insecta|Coleoptera|Coccinellidae|Olla|abdomilis,Asynaptic Sex Chromosomes,Heterogametic,XY,20
Omoloma,fumiferanae,Animalia|Insecta|Diptera|Tachinidae|Omoloma|fumiferanae,Achiasmatic Meiosis,Heterogametic,XY,12
Omoperyphus,hypocrita,Animalia|Insecta|Coleoptera|Carabidae|Omoperyphus|hypocrita,Achiasmatic Meiosis,Heterogametic,XY,24
Omophoita,aequatorialis,Animalia|Insecta|Coleoptera|Chrysomelidae|Omophoita|aequatorialis,Asynaptic Sex Chromosomes,Heterogametic,XY,22
Omophoita,aequinoctialis,Animalia|Insecta|Coleoptera|Chrysomelidae|Omophoita|aequinoctialis,Asynaptic Sex Chromosomes,Heterogametic,XY,22
Omophoita,albicollis,Animalia|Insecta|Coleoptera|Chrysomelidae|Omophoita|albicollis,Asynaptic Sex Chromosomes,Heterogametic,XY,22
Omophoita,angustolineata,Animalia|Insecta|Coleoptera|Chrysomelidae|Omophoita|angustolineata,Asynaptic Sex Chromosomes,Heterogametic,XY,22
Omophoita,annularis,Animalia|Insecta|Coleoptera|Chrysomelidae|Omophoita|annularis,Asynaptic Sex Chromosomes,Heterogametic,XY,22
Omophoita,clerica,Animalia|Insecta|Coleoptera|Chrysomelidae|Omophoita|clerica,Asynaptic Sex Chromosomes,Heterogametic,NA,22
Omophoita,cyanipennis,Animalia|Insecta|Coleoptera|Chrysomelidae|Omophoita|cyanipennis,Asynaptic Sex Chromosomes,Heterogametic,XY,22
Omophoita,latitarsis,Animalia|Insecta|Coleoptera|Chrysomelidae|Omophoita|latitarsis,Asynaptic Sex Chromosomes,Heterogametic,XY,22
Omophoita,luta,Animalia|Insecta|Coleoptera|Chrysomelidae|Omophoita|luta,Asynaptic Sex Chromosomes,Heterogametic,XY,24
Omophoita,magniguttis,Animalia|Insecta|Coleoptera|Chrysomelidae|Omophoita|magniguttis,Asynaptic Sex Chromosomes,Heterogametic,XY,22
Omophoita,octoguttata,Animalia|Insecta|Coleoptera|Chrysomelidae|Omophoita|octoguttata,Asynaptic Sex Chromosomes,Heterogametic,XY,22
Omophoita,persota,Animalia|Insecta|Coleoptera|Chrysomelidae|Omophoita|persota,Asynaptic Sex Chromosomes,Heterogametic,XY,22
Omophoita,quadrinotata,Animalia|Insecta|Coleoptera|Chrysomelidae|Omophoita|quadrinotata,Asynaptic Sex Chromosomes,Heterogametic,XY,22
Omophoita,sexnotata,Animalia|Insecta|Coleoptera|Chrysomelidae|Omophoita|sexnotata,Asynaptic Sex Chromosomes,Heterogametic,XY,22
Omophoita,superba,Animalia|Insecta|Coleoptera|Chrysomelidae|Omophoita|superba,Asynaptic Sex Chromosomes,Heterogametic,XY,22
Omotoma,fumiferonae,Animalia|Insecta|Diptera|Tachinidae|Omotoma|fumiferonae,Achiasmatic Meiosis,Heterogametic,XY,12
Oniticellus,pallipes,Animalia|Insecta|Coleoptera|Scarabaeidae|Oniticellus|pallipes,Asynaptic Sex Chromosomes,Heterogametic,XY,20
Onitis,crassus,Animalia|Insecta|Coleoptera|Scarabaeidae|Onitis|crassus,Asynaptic Sex Chromosomes,Heterogametic,XY,20
Onitis,philemon,Animalia|Insecta|Coleoptera|Scarabaeidae|Onitis|philemon,Asynaptic Sex Chromosomes,Heterogametic,XY,20
Ontarinia,canadensis,Animalia|Insecta|Diptera|Cecidomyiidae|Ontarinia|canadensis,Achiasmatic Meiosis,Heterogametic,XO,8
Ontherus,appendiculatus,Animalia|Insecta|Coleoptera|Scarabaeidae|Ontherus|appendiculatus,Asynaptic Sex Chromosomes,Heterogametic,XY,20
Ontherus,sulcator,Animalia|Insecta|Coleoptera|Scarabaeidae|Ontherus|sulcator,Asynaptic Sex Chromosomes,Heterogametic,XY,20
Ontholestes,cingulatus,Animalia|Insecta|Coleoptera|Staphylinidae|Ontholestes|cingulatus,Asynaptic Sex Chromosomes,Heterogametic,XY,26
Onthophagus,bifasciatus,Animalia|Insecta|Coleoptera|Scarabaeidae|Onthophagus|bifasciatus,Asynaptic Sex Chromosomes,Heterogametic,XY,20
Onthophagus,bosus,Animalia|Insecta|Coleoptera|Scarabaeidae|Onthophagus|bosus,Asynaptic Sex Chromosomes,Heterogametic,XY,20
Onthophagus,catta,Animalia|Insecta|Coleoptera|Scarabaeidae|Onthophagus|catta,Asynaptic Sex Chromosomes,Heterogametic,XY,20
Onthophagus,crassus,Animalia|Insecta|Coleoptera|Scarabaeidae|Onthophagus|crassus,Asynaptic Sex Chromosomes,Heterogametic,XY,20
Onthophagus,dama,Animalia|Insecta|Coleoptera|Scarabaeidae|Onthophagus|dama,Asynaptic Sex Chromosomes,Heterogametic,XY,20
Onthophagus,fasciatus,Animalia|Insecta|Coleoptera|Scarabaeidae|Onthophagus|fasciatus,Asynaptic Sex Chromosomes,Heterogametic,XY,20
Onthophagus,gazelle,Animalia|Insecta|Coleoptera|Scarabaeidae|Onthophagus|gazelle,Asynaptic Sex Chromosomes,Heterogametic,XY,20
Onthophagus,hecate,Animalia|Insecta|Coleoptera|Scarabaeidae|Onthophagus|hecate,Asynaptic Sex Chromosomes,Heterogametic,XY,20
Onthophagus,hirculus,Animalia|Insecta|Coleoptera|Scarabaeidae|Onthophagus|hirculus,Asynaptic Sex Chromosomes,Heterogametic,XY,20
Onthophagus,marginicollis,Animalia|Insecta|Coleoptera|Scarabaeidae|Onthophagus|marginicollis,Asynaptic Sex Chromosomes,Heterogametic,XY,20
Onthophagus,mopsus,Animalia|Insecta|Coleoptera|Scarabaeidae|Onthophagus|mopsus,Asynaptic Sex Chromosomes,Heterogametic,XY,20
Onthophagus,pacificus,Animalia|Insecta|Coleoptera|Scarabaeidae|Onthophagus|pacificus,Asynaptic Sex Chromosomes,Heterogametic,XY,20
Onthophagus,pennsylvanicus,Animalia|Insecta|Coleoptera|Scarabaeidae|Onthophagus|pennsylvanicus,Asynaptic Sex Chromosomes,Heterogametic,XY,20
Onthophagus,quadridens,Animalia|Insecta|Coleoptera|Scarabaeidae|Onthophagus|quadridens,Asynaptic Sex Chromosomes,Heterogametic,XY,20
Onthophagus,quaestus,Animalia|Insecta|Coleoptera|Scarabaeidae|Onthophagus|quaestus,Asynaptic Sex Chromosomes,Heterogametic,XY,20
Onthophagus,ramosellus,Animalia|Insecta|Coleoptera|Scarabaeidae|Onthophagus|ramosellus,Asynaptic Sex Chromosomes,Heterogametic,XY,20
Onthophagus,rufescens,Animalia|Insecta|Coleoptera|Scarabaeidae|Onthophagus|rufescens,Asynaptic Sex Chromosomes,Heterogametic,XY,20
Onthophagus,sp.,Animalia|Insecta|Coleoptera|Scarabaeidae|Onthophagus|sp.,Asynaptic Sex Chromosomes,Heterogametic,XY,18
Onthophagus,stratocirrus,Animalia|Insecta|Coleoptera|Scarabaeidae|Onthophagus|stratocirrus,Asynaptic Sex Chromosomes,Heterogametic,XY,20
Onthophagus,taurus,Animalia|Insecta|Coleoptera|Scarabaeidae|Onthophagus|taurus,Asynaptic Sex Chromosomes,Heterogametic,XY,20
Onthophagus,unifasciatus,Animalia|Insecta|Coleoptera|Scarabaeidae|Onthophagus|unifasciatus,Asynaptic Sex Chromosomes,Heterogametic,XY,20
Onychogalea,fraenata,Animalia|Mammalia|Diprotodontia|Macropodidae|Onychogalea|fraenata,Asynaptic Sex Chromosomes,Heterogametic,XY,18
Onychogalea,unguifera,Animalia|Mammalia|Diprotodontia|Macropodidae|Onychogalea|unguifera,Asynaptic Sex Chromosomes,Heterogametic,XY,20
Oocassida,pudibunda,Animalia|Insecta|Coleoptera|Chrysomelidae|Oocassida|pudibunda,Asynaptic Sex Chromosomes,Heterogametic,XY,NA
Opatrinus,aciculatus,Animalia|Insecta|Coleoptera|Tenebrionidae|Opatrinus|aciculatus,Asynaptic Sex Chromosomes,Heterogametic,XY,20
Opatrinus,validus,Animalia|Insecta|Coleoptera|Tenebrionidae|Opatrinus|validus,Asynaptic Sex Chromosomes,Heterogametic,XY,20
Opatroides,vicinus,Animalia|Insecta|Coleoptera|Tenebrionidae|Opatroides|vicinus,Asynaptic Sex Chromosomes,Heterogametic,XY,20
Ophrida,marmorea,Animalia|Insecta|Coleoptera|Chrysomelidae|Ophrida|marmorea,Asynaptic Sex Chromosomes,Heterogametic,XY,32
Ophyra,leucostoma,Animalia|Insecta|Diptera|Anthomyiidae|Ophyra|leucostoma,Achiasmatic Meiosis,Heterogametic,XY,12
Ophyra,leucostoma,Animalia|Insecta|Diptera|Muscidae|Ophyra|leucostoma,Achiasmatic Meiosis,Heterogametic,NA,12
Oreina,elongata,Animalia|Insecta|Coleoptera|Chrysomelidae|Oreina|elongata,Asynaptic Sex Chromosomes,Heterogametic,XY,24
Oreina,fairmairiana,Animalia|Insecta|Coleoptera|Chrysomelidae|Oreina|fairmairiana,Asynaptic Sex Chromosomes,Heterogametic,XY,24
Oreina,ganglbaueri,Animalia|Insecta|Coleoptera|Chrysomelidae|Oreina|ganglbaueri,Asynaptic Sex Chromosomes,Heterogametic,XY,24
Oreina,intricata,Animalia|Insecta|Coleoptera|Chrysomelidae|Oreina|intricata,Asynaptic Sex Chromosomes,Heterogametic,XY,24
Oreina,variabilis,Animalia|Insecta|Coleoptera|Chrysomelidae|Oreina|variabilis,Asynaptic Sex Chromosomes,Heterogametic,XY,24
Oreina,virgulata,Animalia|Insecta|Coleoptera|Chrysomelidae|Oreina|virgulata,Asynaptic Sex Chromosomes,Heterogametic,XY,24
Oreinana,alpestris,Animalia|Insecta|Coleoptera|Chrysomelidae|Oreinana|alpestris,Asynaptic Sex Chromosomes,Heterogametic,XY,24
Oreinana,cacaliae,Animalia|Insecta|Coleoptera|Chrysomelidae|Oreinana|cacaliae,Asynaptic Sex Chromosomes,Heterogametic,XY,24
Orgyia,antiqua,Animalia|Insecta|Lepidoptera|Erebidae|Orgyia|antiqua,Achiasmatic Meiosis,Heterogametic,NA,28
Orgyia,ericue,Animalia|Insecta|Lepidoptera|Noctuidae|Orgyia|ericue,Achiasmatic Meiosis,Heterogametic,NA,60
Orgyia,recens,Animalia|Insecta|Lepidoptera|Noctuidae|Orgyia|recens,Achiasmatic Meiosis,Heterogametic,NA,60
Orgyia,thyellina,Animalia|Insecta|Lepidoptera|Erebidae|Orgyia|thyellina,Achiasmatic Meiosis,Heterogametic,NA,22
Orgyia,thyellina,Animalia|Insecta|Lepidoptera|Noctuidae|Orgyia|thyellina,Achiasmatic Meiosis,Heterogametic,NA,22
Orizabus,cultripes,Animalia|Insecta|Coleoptera|Scarabaeidae|Orizabus|cultripes,Asynaptic Sex Chromosomes,Heterogametic,XY,18
Ornidia,obesa,Animalia|Insecta|Diptera|Syrphidae|Ornidia|obesa,Achiasmatic Meiosis,Heterogametic,XY,12
Orobitis,apicalis,Animalia|Insecta|Coleoptera|Curculionidae|Orobitis|apicalis,Asynaptic Sex Chromosomes,Heterogametic,XY,26
Orochlesis,takaosanus,Animalia|Insecta|Coleoptera|Curculionidae|Orochlesis|takaosanus,Asynaptic Sex Chromosomes,Heterogametic,XY,40
Orphilus,subnitidus,Animalia|Insecta|Coleoptera|Dermestidae|Orphilus|subnitidus,Asynaptic Sex Chromosomes,Heterogametic,XY,20
Orphnabaccha,coerulea,Animalia|Insecta|Diptera|Syrphidae|Orphnabaccha|coerulea,Achiasmatic Meiosis,Heterogametic,XY,8
Orphnabaccha,decipiens,Animalia|Insecta|Diptera|Syrphidae|Orphnabaccha|decipiens,Achiasmatic Meiosis,Heterogametic,XY,8
Orphnabaccha,sp.,Animalia|Insecta|Diptera|Syrphidae|Orphnabaccha|sp.,Achiasmatic Meiosis,Heterogametic,XY,10
Orphnabaccha,sp.2,Animalia|Insecta|Diptera|Syrphidae|Orphnabaccha|sp.2,Achiasmatic Meiosis,Heterogametic,XY,10
Orphnabaccha,sp.5,Animalia|Insecta|Diptera|Syrphidae|Orphnabaccha|sp.5,Achiasmatic Meiosis,Heterogametic,XY,8
Orphnus,impressus,Animalia|Insecta|Coleoptera|Scarabaeidae|Orphnus|impressus,Asynaptic Sex Chromosomes,Heterogametic,XY,20
Orphnus,mysoriensis,Animalia|Insecta|Coleoptera|Scarabaeidae|Orphnus|mysoriensis,Asynaptic Sex Chromosomes,Heterogametic,XY,20
Orthellia,nudissima,Animalia|Insecta|Diptera|Muscidae|Orthellia|nudissima,Achiasmatic Meiosis,Heterogametic,XY,10
Orthochaeta,hirtipes,Animalia|Insecta|Diptera|Anthomyiidae|Orthochaeta|hirtipes,Achiasmatic Meiosis,Heterogametic,XY,12
Orthochaeta,hirtipes,Animalia|Insecta|Diptera|Scathophagidae|Orthochaeta|hirtipes,Achiasmatic Meiosis,Heterogametic,XY,12
Orthochirus,afar,Animalia|Arachnida|Scorpiones|Buthidae|Orthochirus|afar,Achiasmatic Meiosis,Heterogametic,NA,24
Orthochirus,afar Sp. n.,Animalia|Arachnida|Scorpiones|Buthidae|Orthochirus|afar Sp. n.,Achiasmatic Meiosis,Heterogametic,NA,NA
Orthochirus,glabrifrons,Animalia|Arachnida|Scorpiones|Buthidae|Orthochirus|glabrifrons,Achiasmatic Meiosis,Heterogametic,NA,22
Orthochirus,innesi,Animalia|Arachnida|Scorpiones|Buthidae|Orthochirus|innesi,Achiasmatic Meiosis,Heterogametic,NA,22
Orthoprosopa,grisea,Animalia|Insecta|Diptera|Syrphidae|Orthoprosopa|grisea,Achiasmatic Meiosis,Heterogametic,NA,12
Orthotomicus,caelatus,Animalia|Insecta|Coleoptera|Scolytidae|Orthotomicus|caelatus,Asynaptic Sex Chromosomes,Heterogametic,XY,22
Orthotomicus,erosus,Animalia|Insecta|Coleoptera|Scolytidae|Orthotomicus|erosus,Asynaptic Sex Chromosomes,Heterogametic,XY,16
Orthotomicus,laricis,Animalia|Insecta|Coleoptera|Scolytidae|Orthotomicus|laricis,Asynaptic Sex Chromosomes,Heterogametic,XY,16
Orthotomicus,proximus,Animalia|Insecta|Coleoptera|Scolytidae|Orthotomicus|proximus,Asynaptic Sex Chromosomes,Heterogametic,XY,14
Orthotomicus,sabiniae,Animalia|Insecta|Coleoptera|Scolytidae|Orthotomicus|sabiniae,Asynaptic Sex Chromosomes,Heterogametic,XY,NA
Orthotomicus,suturalis,Animalia|Insecta|Coleoptera|Scolytidae|Orthotomicus|suturalis,Asynaptic Sex Chromosomes,Heterogametic,XY,16
Oryctes,rhinoceros,Animalia|Insecta|Coleoptera|Scarabaeidae|Oryctes|rhinoceros,Asynaptic Sex Chromosomes,Heterogametic,XY,20
Oryctes,sicornis,Animalia|Insecta|Coleoptera|Scarabaeidae|Oryctes|sicornis,Asynaptic Sex Chromosomes,Heterogametic,XY,18
Oryzaephilus,mercator,Animalia|Insecta|Coleoptera|Silvanidae|Oryzaephilus|mercator,Asynaptic Sex Chromosomes,Heterogametic,XY,18
Oryzaephilus,surinamensis,Animalia|Insecta|Coleoptera|Silvanidae|Oryzaephilus|surinamensis,Asynaptic Sex Chromosomes,Heterogametic,XY,18
Osorius,punctipennis,Animalia|Insecta|Coleoptera|Staphylinidae|Osorius|punctipennis,Asynaptic Sex Chromosomes,Heterogametic,XY,32
Otiorhynchus,alpicola,Animalia|Insecta|Coleoptera|Curculionidae|Otiorhynchus|alpicola,Asynaptic Sex Chromosomes,Heterogametic,XY,22
Otiorhynchus,apenninus,Animalia|Insecta|Coleoptera|Curculionidae|Otiorhynchus|apenninus,Asynaptic Sex Chromosomes,Heterogametic,XY,22
Otiorhynchus,arcticus,Animalia|Insecta|Coleoptera|Curculionidae|Otiorhynchus|arcticus,Asynaptic Sex Chromosomes,Heterogametic,XY,22
Otiorhynchus,armadillo,Animalia|Insecta|Coleoptera|Curculionidae|Otiorhynchus|armadillo,Asynaptic Sex Chromosomes,Heterogametic,XY,22
Otiorhynchus,atripes,Animalia|Insecta|Coleoptera|Curculionidae|Otiorhynchus|atripes,Asynaptic Sex Chromosomes,Heterogametic,XY,22
Otiorhynchus,atroapterus,Animalia|Insecta|Coleoptera|Curculionidae|Otiorhynchus|atroapterus,Asynaptic Sex Chromosomes,Heterogametic,XY,22
Otiorhynchus,aurosigtus,Animalia|Insecta|Coleoptera|Curculionidae|Otiorhynchus|aurosigtus,Asynaptic Sex Chromosomes,Heterogametic,XY,22
Otiorhynchus,austriacus,Animalia|Insecta|Coleoptera|Curculionidae|Otiorhynchus|austriacus,Asynaptic Sex Chromosomes,Heterogametic,XY,22
Otiorhynchus,bisulcatus,Animalia|Insecta|Coleoptera|Curculionidae|Otiorhynchus|bisulcatus,Asynaptic Sex Chromosomes,Heterogametic,XY,22
Otiorhynchus,coecus,Animalia|Insecta|Coleoptera|Curculionidae|Otiorhynchus|coecus,Asynaptic Sex Chromosomes,Heterogametic,XY,22
Otiorhynchus,cornicinus,Animalia|Insecta|Coleoptera|Curculionidae|Otiorhynchus|cornicinus,Asynaptic Sex Chromosomes,Heterogametic,XY,22
Otiorhynchus,corvus,Animalia|Insecta|Coleoptera|Curculionidae|Otiorhynchus|corvus,Asynaptic Sex Chromosomes,Heterogametic,XY,22
Otiorhynchus,croaticus,Animalia|Insecta|Coleoptera|Curculionidae|Otiorhynchus|croaticus,Asynaptic Sex Chromosomes,Heterogametic,XY,22
Otiorhynchus,dryadis,Animalia|Insecta|Coleoptera|Curculionidae|Otiorhynchus|dryadis,Asynaptic Sex Chromosomes,Heterogametic,XY,22
Otiorhynchus,equestris,Animalia|Insecta|Coleoptera|Curculionidae|Otiorhynchus|equestris,Asynaptic Sex Chromosomes,Heterogametic,XY,22
Otiorhynchus,gemmatus,Animalia|Insecta|Coleoptera|Curculionidae|Otiorhynchus|gemmatus,Asynaptic Sex Chromosomes,Heterogametic,XY,22
Otiorhynchus,geniculatus,Animalia|Insecta|Coleoptera|Curculionidae|Otiorhynchus|geniculatus,Asynaptic Sex Chromosomes,Heterogametic,XY,22
Otiorhynchus,inflatus,Animalia|Insecta|Coleoptera|Curculionidae|Otiorhynchus|inflatus,Asynaptic Sex Chromosomes,Heterogametic,XY,22
Otiorhynchus,koritnicensis,Animalia|Insecta|Coleoptera|Curculionidae|Otiorhynchus|koritnicensis,Asynaptic Sex Chromosomes,Heterogametic,XY,22
Otiorhynchus,meridiolis,Animalia|Insecta|Coleoptera|Curculionidae|Otiorhynchus|meridiolis,Asynaptic Sex Chromosomes,Heterogametic,XY,22
Otiorhynchus,minutesquamosus,Animalia|Insecta|Coleoptera|Curculionidae|Otiorhynchus|minutesquamosus,Asynaptic Sex Chromosomes,Heterogametic,XY,22
Otiorhynchus,morio,Animalia|Insecta|Coleoptera|Curculionidae|Otiorhynchus|morio,Asynaptic Sex Chromosomes,Heterogametic,XY,22
Otiorhynchus,multipunctatus,Animalia|Insecta|Coleoptera|Curculionidae|Otiorhynchus|multipunctatus,Asynaptic Sex Chromosomes,Heterogametic,XY,22
Otiorhynchus,niger,Animalia|Insecta|Coleoptera|Curculionidae|Otiorhynchus|niger,Asynaptic Sex Chromosomes,Heterogametic,XY,22
Otiorhynchus,opulentus,Animalia|Insecta|Coleoptera|Curculionidae|Otiorhynchus|opulentus,Asynaptic Sex Chromosomes,Heterogametic,XY,22
Otiorhynchus,praecellens,Animalia|Insecta|Coleoptera|Curculionidae|Otiorhynchus|praecellens,Asynaptic Sex Chromosomes,Heterogametic,XY,22
Otiorhynchus,retifer,Animalia|Insecta|Coleoptera|Curculionidae|Otiorhynchus|retifer,Asynaptic Sex Chromosomes,Heterogametic,XY,22
Otiorhynchus,rotifer,Animalia|Insecta|Coleoptera|Curculionidae|Otiorhynchus|rotifer,Asynaptic Sex Chromosomes,Heterogametic,XY,22
Otiorhynchus,rugifrons,Animalia|Insecta|Coleoptera|Curculionidae|Otiorhynchus|rugifrons,Asynaptic Sex Chromosomes,Heterogametic,XY,22
Otiorhynchus,salicis,Animalia|Insecta|Coleoptera|Curculionidae|Otiorhynchus|salicis,Asynaptic Sex Chromosomes,Heterogametic,XY,22
Otiorhynchus,sensitivus,Animalia|Insecta|Coleoptera|Curculionidae|Otiorhynchus|sensitivus,Asynaptic Sex Chromosomes,Heterogametic,XY,22
Otiorhynchus,speiseri,Animalia|Insecta|Coleoptera|Curculionidae|Otiorhynchus|speiseri,Asynaptic Sex Chromosomes,Heterogametic,XY,22
Otiorhynchus,strumosus,Animalia|Insecta|Coleoptera|Curculionidae|Otiorhynchus|strumosus,Asynaptic Sex Chromosomes,Heterogametic,XY,22
Oulema,downesi,Animalia|Insecta|Coleoptera|Chrysomelidae|Oulema|downesi,Asynaptic Sex Chromosomes,Heterogametic,XY,22
Oulema,gallaecia,Animalia|Insecta|Coleoptera|Chrysomelidae|Oulema|gallaecia,Asynaptic Sex Chromosomes,Heterogametic,XY,16
Oulema,hoffmannseggi,Animalia|Insecta|Coleoptera|Chrysomelidae|Oulema|hoffmannseggi,Asynaptic Sex Chromosomes,Heterogametic,XY,16
Oulema,melanopus,Animalia|Insecta|Coleoptera|Chrysomelidae|Oulema|melanopus,Asynaptic Sex Chromosomes,Heterogametic,XY,16
Oulema,tristis,Animalia|Insecta|Coleoptera|Chrysomelidae|Oulema|tristis,Asynaptic Sex Chromosomes,Heterogametic,XY,16
Ovalisia,dezhdae,Animalia|Insecta|Coleoptera|Buprestidae|Ovalisia|dezhdae,Asynaptic Sex Chromosomes,Heterogametic,XY,20
Oxycara,mellyi,Animalia|Insecta|Coleoptera|Tenebrionidae|Oxycara|mellyi,Asynaptic Sex Chromosomes,Heterogametic,XY,20
Oxycarops,fuscipes,Animalia|Insecta|Coleoptera|Tenebrionidae|Oxycarops|fuscipes,Asynaptic Sex Chromosomes,Heterogametic,XY,22
Oxydema,sp.,Animalia|Insecta|Coleoptera|Curculionidae|Oxydema|sp.,Asynaptic Sex Chromosomes,Heterogametic,XY,30
Oxylepus,deflexicollis,Animalia|Insecta|Coleoptera|Chrysomelidae|Oxylepus|deflexicollis,Asynaptic Sex Chromosomes,Heterogametic,XY,18
Oxystoma,cerdo,Animalia|Insecta|Coleoptera|Brentidae|Oxystoma|cerdo,Asynaptic Sex Chromosomes,Heterogametic,XY,22
Pachybrachus,azuereus,Animalia|Insecta|Coleoptera|Chrysomelidae|Pachybrachus|azuereus,Asynaptic Sex Chromosomes,Heterogametic,XY,16
Pachybrachus,bivittatus,Animalia|Insecta|Coleoptera|Chrysomelidae|Pachybrachus|bivittatus,Asynaptic Sex Chromosomes,Heterogametic,XY,16
Pachybrachus,catalonicus,Animalia|Insecta|Coleoptera|Chrysomelidae|Pachybrachus|catalonicus,Asynaptic Sex Chromosomes,Heterogametic,XY,16
Pachybrachus,melanostrictus,Animalia|Insecta|Coleoptera|Chrysomelidae|Pachybrachus|melanostrictus,Asynaptic Sex Chromosomes,Heterogametic,XY,16
Pachybrachus,peccans,Animalia|Insecta|Coleoptera|Chrysomelidae|Pachybrachus|peccans,Asynaptic Sex Chromosomes,Heterogametic,XY,16
Pachybrachus,petitpierrei,Animalia|Insecta|Coleoptera|Chrysomelidae|Pachybrachus|petitpierrei,Asynaptic Sex Chromosomes,Heterogametic,XY,16
Pachycera,buprestroides,Animalia|Insecta|Coleoptera|Tenebrionidae|Pachycera|buprestroides,Asynaptic Sex Chromosomes,Heterogametic,XY,20
Pachychila,dejeani,Animalia|Insecta|Coleoptera|Tenebrionidae|Pachychila|dejeani,Asynaptic Sex Chromosomes,Heterogametic,XY,20
Pachychila,frioli,Animalia|Insecta|Coleoptera|Tenebrionidae|Pachychila|frioli,Asynaptic Sex Chromosomes,Heterogametic,XY,20
Pachychila,germari,Animalia|Insecta|Coleoptera|Tenebrionidae|Pachychila|germari,Asynaptic Sex Chromosomes,Heterogametic,XY,20
Pachychila,subluta,Animalia|Insecta|Coleoptera|Tenebrionidae|Pachychila|subluta,Asynaptic Sex Chromosomes,Heterogametic,XY,20
Pachygrapsus,crassipes,Animalia|Malacostraca|Decapoda|Grapsidae|Pachygrapsus|crassipes,Asynaptic Sex Chromosomes,Heterogametic,XY,118
Pachymerus,chinensis,Animalia|Insecta|Coleoptera|Chrysomelidae|Pachymerus|chinensis,Asynaptic Sex Chromosomes,Heterogametic,XY,20
Pachyrhynchus,inferlis,Animalia|Insecta|Coleoptera|Curculionidae|Pachyrhynchus|inferlis,Asynaptic Sex Chromosomes,Heterogametic,XY,22
Pachyscelis,musiva,Animalia|Insecta|Coleoptera|Tenebrionidae|Pachyscelis|musiva,Asynaptic Sex Chromosomes,Heterogametic,XY,18
Pachytychius,sp.,Animalia|Insecta|Coleoptera|Curculionidae|Pachytychius|sp.,Asynaptic Sex Chromosomes,Heterogametic,XY,32
Pagasa,fusca,Animalia|Insecta|Hemiptera|Nabidae|Pagasa|fusca,Asynaptic Sex Chromosomes,Heterogametic,XY,NA
Pagiophloeus,sp.,Animalia|Insecta|Coleoptera|Curculionidae|Pagiophloeus|sp.,Asynaptic Sex Chromosomes,Heterogametic,XY,28
Paivaea,hispida,Animalia|Insecta|Coleoptera|Tenebrionidae|Paivaea|hispida,Asynaptic Sex Chromosomes,Heterogametic,XY,20
Palembus,dermestoides,Animalia|Insecta|Coleoptera|Tenebrionidae|Palembus|dermestoides,Asynaptic Sex Chromosomes,Heterogametic,XY,20
Pales,ferruginea,Plantae|Pinopsida|Araucariales|Podocarpaceae|Pales|ferruginea,Achiasmatic Meiosis,Heterogametic,NA,NA
Palorus,subdepressus,Animalia|Insecta|Coleoptera|Tenebrionidae|Palorus|subdepressus,Asynaptic Sex Chromosomes,Heterogametic,XY,20
Palpada,agrorum,Animalia|Insecta|Diptera|Syrphidae|Palpada|agrorum,Achiasmatic Meiosis,Heterogametic,XY,8
Palpada,albifrons,Animalia|Insecta|Diptera|Syrphidae|Palpada|albifrons,Achiasmatic Meiosis,Heterogametic,XY,12
Palpada,conica,Animalia|Insecta|Diptera|Syrphidae|Palpada|conica,Achiasmatic Meiosis,Heterogametic,XY,12
Palpada,distinguenda,Animalia|Insecta|Diptera|Syrphidae|Palpada|distinguenda,Achiasmatic Meiosis,Heterogametic,XY,10
Palpada,elegans,Animalia|Insecta|Diptera|Syrphidae|Palpada|elegans,Achiasmatic Meiosis,Heterogametic,XY,8
Palpada,fasciata,Animalia|Insecta|Diptera|Syrphidae|Palpada|fasciata,Achiasmatic Meiosis,Heterogametic,XY,10
Palpada,furcata,Animalia|Insecta|Diptera|Syrphidae|Palpada|furcata,Achiasmatic Meiosis,Heterogametic,XY,12
Palpada,lateralis,Animalia|Insecta|Diptera|Syrphidae|Palpada|lateralis,Achiasmatic Meiosis,Heterogametic,XY,12
Palpada,meigenii,Animalia|Insecta|Diptera|Syrphidae|Palpada|meigenii,Achiasmatic Meiosis,Heterogametic,XY,10
Palpada,melanaspis,Animalia|Insecta|Diptera|Syrphidae|Palpada|melanaspis,Achiasmatic Meiosis,Heterogametic,XY,12
Palpada,obsoleta,Animalia|Insecta|Diptera|Syrphidae|Palpada|obsoleta,Achiasmatic Meiosis,Heterogametic,XY,12
Palpada,pusilla,Animalia|Insecta|Diptera|Syrphidae|Palpada|pusilla,Achiasmatic Meiosis,Heterogametic,NA,10
Palpada,rufiventris,Animalia|Insecta|Diptera|Syrphidae|Palpada|rufiventris,Achiasmatic Meiosis,Heterogametic,XY,12
Palpada,sp.12,Animalia|Insecta|Diptera|Syrphidae|Palpada|sp.12,Achiasmatic Meiosis,Heterogametic,XY,8
Palpada,sp.16,Animalia|Insecta|Diptera|Syrphidae|Palpada|sp.16,Achiasmatic Meiosis,Heterogametic,XY,12
Palpada,sp.17,Animalia|Insecta|Diptera|Syrphidae|Palpada|sp.17,Achiasmatic Meiosis,Heterogametic,NA,10
Palpada,testaceicornis,Animalia|Insecta|Diptera|Syrphidae|Palpada|testaceicornis,Achiasmatic Meiosis,Heterogametic,XY,12
Palpada,urotaenia,Animalia|Insecta|Diptera|Syrphidae|Palpada|urotaenia,Achiasmatic Meiosis,Heterogametic,XY,12
Palpada,vinetorum,Animalia|Insecta|Diptera|Syrphidae|Palpada|vinetorum,Achiasmatic Meiosis,Heterogametic,XY,12
Palpares,libelluloides,Animalia|Insecta|Neuroptera|Myrmeleontidae|Palpares|libelluloides,Asynaptic Sex Chromosomes,Heterogametic,XY,26
Palpares,sobrinus,Animalia|Insecta|Neuroptera|Myrmeleontidae|Palpares|sobrinus,Asynaptic Sex Chromosomes,Heterogametic,XY,22
Palparidius,concinnus,Animalia|Insecta|Neuroptera|Myrmeleontidae|Palparidius|concinnus,Asynaptic Sex Chromosomes,Heterogametic,XY,18
Paniculolytta,sanguineoguttata,Animalia|Insecta|Coleoptera|Meloidae|Paniculolytta|sanguineoguttata,Asynaptic Sex Chromosomes,Heterogametic,XY,20
Panorpa,acuta,Animalia|Insecta|Mecoptera|Panorpidae|Panorpa|acuta,Achiasmatic Meiosis,Heterogametic,XO,22
Panorpa,anomala,Animalia|Insecta|Mecoptera|Panorpidae|Panorpa|anomala,Achiasmatic Meiosis,Heterogametic,XO,22
Panorpa,cognata,Animalia|Insecta|Mecoptera|Panorpidae|Panorpa|cognata,Achiasmatic Meiosis,Heterogametic,XO,22
Panorpa,communis,Animalia|Insecta|Mecoptera|Panorpidae|Panorpa|communis,Achiasmatic Meiosis,Heterogametic,XO,22
Panorpa,dubai,Animalia|Insecta|Mecoptera|Panorpidae|Panorpa|dubai,Achiasmatic Meiosis,Heterogametic,XO,20
Panorpa,emarginata,Animalia|Insecta|Mecoptera|Panorpidae|Panorpa|emarginata,Achiasmatic Meiosis,Heterogametic,XO,20
Panorpa,germanica,Animalia|Insecta|Mecoptera|Panorpidae|Panorpa|germanica,Achiasmatic Meiosis,Heterogametic,XO,20
Paophilus,afflatus,Animalia|Insecta|Coleoptera|Curculionidae|Paophilus|afflatus,Asynaptic Sex Chromosomes,Heterogametic,XY,22
Parabuthus,abyssinicus,Animalia|Arachnida|Scorpiones|Buthidae|Parabuthus|abyssinicus,Achiasmatic Meiosis,Heterogametic,NA,16
Parabuthus,capensis,Animalia|Arachnida|Scorpiones|Buthidae|Parabuthus|capensis,Achiasmatic Meiosis,Heterogametic,NA,20
Parabuthus,dorisae,Animalia|Arachnida|Scorpiones|Buthidae|Parabuthus|dorisae,Achiasmatic Meiosis,Heterogametic,NA,16
Parabuthus,dorisae sp. n.,Animalia|Arachnida|Scorpiones|Buthidae|Parabuthus|dorisae sp. n.,Achiasmatic Meiosis,Heterogametic,NA,16
Parabuthus,erigavoensis sp. n.,Animalia|Arachnida|Scorpiones|Buthidae|Parabuthus|erigavoensis sp. n.,Achiasmatic Meiosis,Heterogametic,NA,NA
Parabuthus,glabrimanus,Animalia|Arachnida|Scorpiones|Buthidae|Parabuthus|glabrimanus,Achiasmatic Meiosis,Heterogametic,NA,20
Parabuthus,heterurus,Animalia|Arachnida|Scorpiones|Buthidae|Parabuthus|heterurus,Achiasmatic Meiosis,Heterogametic,NA,NA
Parabuthus,kabateki sp. n.,Animalia|Arachnida|Scorpiones|Buthidae|Parabuthus|kabateki sp. n.,Achiasmatic Meiosis,Heterogametic,NA,16
Parabuthus,kajibu,Animalia|Arachnida|Scorpiones|Buthidae|Parabuthus|kajibu,Achiasmatic Meiosis,Heterogametic,NA,18
Parabuthus,liosoma,Animalia|Arachnida|Scorpiones|Buthidae|Parabuthus|liosoma,Achiasmatic Meiosis,Heterogametic,NA,NA
Parabuthus,mossambicensis,Animalia|Arachnida|Scorpiones|Buthidae|Parabuthus|mossambicensis,Achiasmatic Meiosis,Heterogametic,NA,36
Parabuthus,pallidus,Animalia|Arachnida|Scorpiones|Buthidae|Parabuthus|pallidus,Achiasmatic Meiosis,Heterogametic,NA,20
Parabuthus,planicauda,Animalia|Arachnida|Scorpiones|Buthidae|Parabuthus|planicauda,Achiasmatic Meiosis,Heterogametic,NA,18
Parabuthus,quincyae,Animalia|Arachnida|Scorpiones|Buthidae|Parabuthus|quincyae,Achiasmatic Meiosis,Heterogametic,NA,16
Parabuthus,quincyae sp. n.,Animalia|Arachnida|Scorpiones|Buthidae|Parabuthus|quincyae sp. n.,Achiasmatic Meiosis,Heterogametic,NA,16
Parabuthus,raudus,Animalia|Arachnida|Scorpiones|Buthidae|Parabuthus|raudus,Achiasmatic Meiosis,Heterogametic,NA,18
Parabuthus,robustus sp. n.,Animalia|Arachnida|Scorpiones|Buthidae|Parabuthus|robustus sp. n.,Achiasmatic Meiosis,Heterogametic,NA,16
Parabuthus,somalilandus sp. n.,Animalia|Arachnida|Scorpiones|Buthidae|Parabuthus|somalilandus sp. n.,Achiasmatic Meiosis,Heterogametic,NA,16
Parabuthus,transvaalicus,Animalia|Arachnida|Scorpiones|Buthidae|Parabuthus|transvaalicus,Achiasmatic Meiosis,Heterogametic,NA,20
Paracopris,ramosiceps,Animalia|Insecta|Coleoptera|Scarabaeidae|Paracopris|ramosiceps,Asynaptic Sex Chromosomes,Heterogametic,XY,18
Paracymus,aeneus,Animalia|Insecta|Coleoptera|Hydrophilidae|Paracymus|aeneus,Asynaptic Sex Chromosomes,Heterogametic,XY,18
Paracymus,scutellaris,Animalia|Insecta|Coleoptera|Hydrophilidae|Paracymus|scutellaris,Asynaptic Sex Chromosomes,Heterogametic,XY,18
Paragopsis,strigalus,Animalia|Insecta|Diptera|Syrphidae|Paragopsis|strigalus,Achiasmatic Meiosis,Heterogametic,XY,12
Paragus,albifrons,Animalia|Insecta|Diptera|Syrphidae|Paragus|albifrons,Achiasmatic Meiosis,Heterogametic,XY,8
Paragus,azureus,Animalia|Insecta|Diptera|Syrphidae|Paragus|azureus,Achiasmatic Meiosis,Heterogametic,NA,8
Paragus,bicolor,Animalia|Insecta|Diptera|Syrphidae|Paragus|bicolor,Achiasmatic Meiosis,Heterogametic,XY,8
Paragus,borbonicus,Animalia|Insecta|Diptera|Syrphidae|Paragus|borbonicus,Achiasmatic Meiosis,Heterogametic,XY,8
Paragus,crenulatus,Animalia|Insecta|Diptera|Syrphidae|Paragus|crenulatus,Achiasmatic Meiosis,Heterogametic,XY,8
Paragus,longiventris,Animalia|Insecta|Diptera|Syrphidae|Paragus|longiventris,Achiasmatic Meiosis,Heterogametic,XY,8
Paragus,minutus,Animalia|Insecta|Diptera|Syrphidae|Paragus|minutus,Achiasmatic Meiosis,Heterogametic,XY,8
Paragus,naso,Animalia|Insecta|Diptera|Syrphidae|Paragus|naso,Achiasmatic Meiosis,Heterogametic,XY,8
Paragus,politus,Animalia|Insecta|Diptera|Syrphidae|Paragus|politus,Achiasmatic Meiosis,Heterogametic,XY,8
Paragus,quadrifasciatus,Animalia|Insecta|Diptera|Syrphidae|Paragus|quadrifasciatus,Achiasmatic Meiosis,Heterogametic,XY,8
Paragus,sp.10,Animalia|Insecta|Diptera|Syrphidae|Paragus|sp.10,Achiasmatic Meiosis,Heterogametic,XY,8
Paragus,sp.11,Animalia|Insecta|Diptera|Syrphidae|Paragus|sp.11,Achiasmatic Meiosis,Heterogametic,XY,8
Paragus,sp.2,Animalia|Insecta|Diptera|Syrphidae|Paragus|sp.2,Achiasmatic Meiosis,Heterogametic,XY,8
Paragus,sp.4,Animalia|Insecta|Diptera|Syrphidae|Paragus|sp.4,Achiasmatic Meiosis,Heterogametic,XY,8
Paragus,sp.5,Animalia|Insecta|Diptera|Syrphidae|Paragus|sp.5,Achiasmatic Meiosis,Heterogametic,XY,8
Paragus,sp.6,Animalia|Insecta|Diptera|Syrphidae|Paragus|sp.6,Achiasmatic Meiosis,Heterogametic,XY,8
Paragus,sp.7,Animalia|Insecta|Diptera|Syrphidae|Paragus|sp.7,Achiasmatic Meiosis,Heterogametic,XY,8
Paragus,sp.8,Animalia|Insecta|Diptera|Syrphidae|Paragus|sp.8,Achiasmatic Meiosis,Heterogametic,XY,8
Paragus,sp.9,Animalia|Insecta|Diptera|Syrphidae|Paragus|sp.9,Achiasmatic Meiosis,Heterogametic,XY,8
Paragus,sp.A,Animalia|Insecta|Diptera|Syrphidae|Paragus|sp.A,Achiasmatic Meiosis,Heterogametic,XY,8
Paragus,sp.B,Animalia|Insecta|Diptera|Syrphidae|Paragus|sp.B,Achiasmatic Meiosis,Heterogametic,XY,8
Paragus,tibialis,Animalia|Insecta|Diptera|Syrphidae|Paragus|tibialis,Achiasmatic Meiosis,Heterogametic,XY,8
Paragymnopleurus,sinuatus,Animalia|Insecta|Coleoptera|Scarabaeidae|Paragymnopleurus|sinuatus,Asynaptic Sex Chromosomes,Heterogametic,XY,18
Paralauxania,elevata,Animalia|Insecta|Diptera|Lauxaniidae|Paralauxania|elevata,Achiasmatic Meiosis,Heterogametic,XY,12
Paralucilia,fulvicrura,Animalia|Insecta|Diptera|Calliphoridae|Paralucilia|fulvicrura,Achiasmatic Meiosis,Heterogametic,XY,12
Paralucilia,wheeleri,Animalia|Insecta|Diptera|Calliphoridae|Paralucilia|wheeleri,Achiasmatic Meiosis,Heterogametic,XY,12
Paramecopus,farinosus,Animalia|Insecta|Coleoptera|Curculionidae|Paramecopus|farinosus,Asynaptic Sex Chromosomes,Heterogametic,XY,32
Paranaita,bilimbata,Animalia|Insecta|Coleoptera|Chrysomelidae|Paranaita|bilimbata,Asynaptic Sex Chromosomes,Heterogametic,XY,22
Paranaita,opima,Animalia|Insecta|Coleoptera|Chrysomelidae|Paranaita|opima,Asynaptic Sex Chromosomes,Heterogametic,XY,22
Paranaita,sanguinipes,Animalia|Insecta|Coleoptera|Chrysomelidae|Paranaita|sanguinipes,Asynaptic Sex Chromosomes,Heterogametic,XY,22
Paranomina,newspecies,Animalia|Insecta|Diptera|Lauxaniidae|Paranomina|newspecies,Achiasmatic Meiosis,Heterogametic,NA,12
Paranomina,sp,Animalia|Insecta|Diptera|Lauxaniidae|Paranomina|sp,Achiasmatic Meiosis,Heterogametic,XY,12
Parapenium,sp.1,Animalia|Insecta|Diptera|Syrphidae|Parapenium|sp.1,Achiasmatic Meiosis,Heterogametic,XY,10
Parapenium,sp.2,Animalia|Insecta|Diptera|Syrphidae|Parapenium|sp.2,Achiasmatic Meiosis,Heterogametic,XY,12
Paraphrissopoda,chrysostoma,Animalia|Insecta|Diptera|Sarcophagidae|Paraphrissopoda|chrysostoma,Achiasmatic Meiosis,Heterogametic,XY,12
Parasarcophaga,albiceps,Animalia|Insecta|Diptera|Sarcophagidae|Parasarcophaga|albiceps,Achiasmatic Meiosis,Heterogametic,XY,12
Parasarcophaga,argyrostoma,Animalia|Insecta|Diptera|Sarcophagidae|Parasarcophaga|argyrostoma,Achiasmatic Meiosis,Heterogametic,XY,12
Parasarcophaga,knabi,Animalia|Insecta|Diptera|Sarcophagidae|Parasarcophaga|knabi,Achiasmatic Meiosis,Heterogametic,XY,12
Parasarcophaga,misera,Animalia|Insecta|Diptera|Sarcophagidae|Parasarcophaga|misera,Achiasmatic Meiosis,Heterogametic,XY,12
Parasarcophaga,ruficornis,Animalia|Insecta|Diptera|Sarcophagidae|Parasarcophaga|ruficornis,Achiasmatic Meiosis,Heterogametic,XY,12
Parascaphus,sp.,Animalia|Insecta|Coleoptera|Curculionidae|Parascaphus|sp.,Asynaptic Sex Chromosomes,Heterogametic,XY,20
Paraselenis,flava,Animalia|Insecta|Coleoptera|Chrysomelidae|Paraselenis|flava,Asynaptic Sex Chromosomes,Heterogametic,XY,42
Parasyphraea,sp.,Animalia|Insecta|Coleoptera|Chrysomelidae|Parasyphraea|sp.,Asynaptic Sex Chromosomes,Heterogametic,XY,20
Paratrachelophorus,longicornis,Animalia|Insecta|Coleoptera|Curculionidae|Paratrachelophorus|longicornis,Asynaptic Sex Chromosomes,Heterogametic,XY,30
Paratricyclea,surcoufi,Animalia|Insecta|Diptera|Calliphoridae|Paratricyclea|surcoufi,Achiasmatic Meiosis,Heterogametic,XY,12
Parhelophilus,consimilis,Animalia|Insecta|Diptera|Syrphidae|Parhelophilus|consimilis,Achiasmatic Meiosis,Heterogametic,XY,12
Parhelophilus,frutetorum,Animalia|Insecta|Diptera|Syrphidae|Parhelophilus|frutetorum,Achiasmatic Meiosis,Heterogametic,XY,12
Parhelophilus,integer,Animalia|Insecta|Diptera|Syrphidae|Parhelophilus|integer,Achiasmatic Meiosis,Heterogametic,XY,12
Parhelophilus,obsoletus,Animalia|Insecta|Diptera|Syrphidae|Parhelophilus|obsoletus,Achiasmatic Meiosis,Heterogametic,XY,12
Parhelophilus,rex,Animalia|Insecta|Diptera|Syrphidae|Parhelophilus|rex,Achiasmatic Meiosis,Heterogametic,XY,12
Parhelophilus,versicolor,Animalia|Insecta|Diptera|Syrphidae|Parhelophilus|versicolor,Achiasmatic Meiosis,Heterogametic,XY,12
Paria,sp.,Animalia|Insecta|Coleoptera|Chrysomelidae|Paria|sp.,Asynaptic Sex Chromosomes,Heterogametic,XY,16
Paropsis,aegrota,Animalia|Insecta|Coleoptera|Chrysomelidae|Paropsis|aegrota,Asynaptic Sex Chromosomes,Heterogametic,XY,24
Paropsis,atomaria,Animalia|Insecta|Coleoptera|Chrysomelidae|Paropsis|atomaria,Asynaptic Sex Chromosomes,Heterogametic,XY,24
Paropsis,porosa,Animalia|Insecta|Coleoptera|Chrysomelidae|Paropsis|porosa,Asynaptic Sex Chromosomes,Heterogametic,XY,24
Paropsis,rubidipes,Animalia|Insecta|Coleoptera|Chrysomelidae|Paropsis|rubidipes,Asynaptic Sex Chromosomes,Heterogametic,XY,24
Paropsisterna,beata,Animalia|Insecta|Coleoptera|Chrysomelidae|Paropsisterna|beata,Asynaptic Sex Chromosomes,Heterogametic,XY,24
Paropsisterna,nucea,Animalia|Insecta|Coleoptera|Chrysomelidae|Paropsisterna|nucea,Asynaptic Sex Chromosomes,Heterogametic,XY,24
Paropsisterna,octosignata,Animalia|Insecta|Coleoptera|Chrysomelidae|Paropsisterna|octosignata,Asynaptic Sex Chromosomes,Heterogametic,XY,24
Pattonela,intermutans,Animalia|Insecta|Diptera|Sarcophagidae|Pattonela|intermutans,Achiasmatic Meiosis,Heterogametic,XY,12
Pediculus,humanus captis,Animalia|Insecta|Phthiraptera|Pediculidae|Pediculus|humanus captis,Achiasmatic Meiosis,Heterogametic,NA,12
Pediculus,humanus humanus,Animalia|Insecta|Phthiraptera|Pediculidae|Pediculus|humanus humanus,Achiasmatic Meiosis,Heterogametic,NA,12
Pegomya,betae,Animalia|Insecta|Diptera|Anthomyiidae|Pegomya|betae,Achiasmatic Meiosis,Heterogametic,XY,12
Pegomya,betae,Animalia|Insecta|Diptera|Muscidae|Pegomya|betae,Achiasmatic Meiosis,Heterogametic,XY,12
Pegomya,bicolor,Animalia|Insecta|Diptera|Anthomyiidae|Pegomya|bicolor,Achiasmatic Meiosis,Heterogametic,XY,12
Pegomya,bicolor,Animalia|Insecta|Diptera|Muscidae|Pegomya|bicolor,Achiasmatic Meiosis,Heterogametic,XY,12
Pegomya,geniculata,Animalia|Insecta|Diptera|Muscidae|Pegomya|geniculata,Achiasmatic Meiosis,Heterogametic,XY,12
Pegomyia,geniculata,Animalia|Insecta|Diptera|Anthomyiidae|Pegomyia|geniculata,Achiasmatic Meiosis,Heterogametic,XY,12
Peletieria,iterans,Animalia|Insecta|Diptera|Tachinidae|Peletieria|iterans,Achiasmatic Meiosis,Heterogametic,XY,12
Pelidnota,pallidipennis,Animalia|Insecta|Coleoptera|Scarabaeidae|Pelidnota|pallidipennis,Asynaptic Sex Chromosomes,Heterogametic,XY,20
Pelidnota,sumptuosa,Animalia|Insecta|Coleoptera|Scarabaeidae|Pelidnota|sumptuosa,Asynaptic Sex Chromosomes,Heterogametic,XY,20
Penthetria,holosericea,Animalia|Insecta|Diptera|Bibionidae|Penthetria|holosericea,Achiasmatic Meiosis,Heterogametic,XY,10
Pentodon,bispinifrons,Animalia|Insecta|Coleoptera|Scarabaeidae|Pentodon|bispinifrons,Asynaptic Sex Chromosomes,Heterogametic,XY,20
Peradorcas,concinna,Animalia|Mammalia|Diprotodontia|Macropodidae|Peradorcas|concinna,Asynaptic Sex Chromosomes,Heterogametic,XY,16
Perameles,nasuta,Animalia|Mammalia|Peramelemorphia|Peramelidae|Perameles|nasuta,Asynaptic Sex Chromosomes,Heterogametic,XY,14
Peregle,radicum,Animalia|Insecta|Diptera|Muscidae|Peregle|radicum,Achiasmatic Meiosis,Heterogametic,XY,12
Perileptus,areolatus,Animalia|Insecta|Coleoptera|Carabidae|Perileptus|areolatus,Achiasmatic Meiosis,Heterogametic,XY,NA
Perilimnia,albifacies,Animalia|Insecta|Diptera|Sciomyzidae|Perilimnia|albifacies,Achiasmatic Meiosis,Heterogametic,XY,12
Peroryctes,raffrayana,Animalia|Mammalia|Peramelemorphia|Peramelidae|Peroryctes|raffrayana,Asynaptic Sex Chromosomes,Heterogametic,XY,14
Perotis,cuprata,Animalia|Insecta|Coleoptera|Buprestidae|Perotis|cuprata,Asynaptic Sex Chromosomes,Heterogametic,XY,20
Perotis,lugubris,Animalia|Insecta|Coleoptera|Buprestidae|Perotis|lugubris,Asynaptic Sex Chromosomes,Heterogametic,XY,20
Petarurus,breviceps,Animalia|Mammalia|Diprotodontia|Petauridae|Petarurus|breviceps,Asynaptic Sex Chromosomes,Heterogametic,XY,22
Petarurus,norfolcensis,Animalia|Mammalia|Diprotodontia|Petauridae|Petarurus|norfolcensis,Asynaptic Sex Chromosomes,Heterogametic,XY,22
Petauroides,volans,Animalia|Mammalia|Diprotodontia|Pseudocheiridae|Petauroides|volans,Asynaptic Sex Chromosomes,Heterogametic,XY,22
Petrogale,lateralis,Animalia|Mammalia|Diprotodontia|Macropodidae|Petrogale|lateralis,Asynaptic Sex Chromosomes,Heterogametic,XY,22
Petrogale,xanthopus,Animalia|Mammalia|Diprotodontia|Macropodidae|Petrogale|xanthopus,Asynaptic Sex Chromosomes,Heterogametic,XY,22
Phaea,sp.,Animalia|Insecta|Coleoptera|Cerambycidae|Phaea|sp.,Asynaptic Sex Chromosomes,Heterogametic,XY,20
Phaedon,affine,Animalia|Insecta|Coleoptera|Chrysomelidae|Phaedon|affine,Asynaptic Sex Chromosomes,Heterogametic,XY,34
Phaedon,cochleariae,Animalia|Insecta|Coleoptera|Chrysomelidae|Phaedon|cochleariae,Asynaptic Sex Chromosomes,Heterogametic,XY,34
Phaedon,consimile,Animalia|Insecta|Coleoptera|Chrysomelidae|Phaedon|consimile,Asynaptic Sex Chromosomes,Heterogametic,XY,34
Phaedon,cyanopterum,Animalia|Insecta|Coleoptera|Chrysomelidae|Phaedon|cyanopterum,Asynaptic Sex Chromosomes,Heterogametic,XY,34
Phaedon,tumidulus,Animalia|Insecta|Coleoptera|Chrysomelidae|Phaedon|tumidulus,Asynaptic Sex Chromosomes,Heterogametic,XY,34
Phaenicia,caeruleiviridis,Animalia|Insecta|Diptera|Calliphoridae|Phaenicia|caeruleiviridis,Achiasmatic Meiosis,Heterogametic,XY,12
Phaenicia,coernleiviridis,Animalia|Insecta|Diptera|Calliphoridae|Phaenicia|coernleiviridis,Achiasmatic Meiosis,Heterogametic,XY,12
Phaenicia,cuprina,Animalia|Insecta|Diptera|Calliphoridae|Phaenicia|cuprina,Achiasmatic Meiosis,Heterogametic,XY,12
Phaenicia,eximia,Animalia|Insecta|Diptera|Calliphoridae|Phaenicia|eximia,Achiasmatic Meiosis,Heterogametic,XY,12
Phaenicia,sericata,Animalia|Insecta|Diptera|Calliphoridae|Phaenicia|sericata,Achiasmatic Meiosis,Heterogametic,XY,12
Phalacrodira,annulata,Animalia|Insecta|Diptera|Syrphidae|Phalacrodira|annulata,Achiasmatic Meiosis,Heterogametic,XY,8
Phalacrodira,rectoides,Animalia|Insecta|Diptera|Syrphidae|Phalacrodira|rectoides,Achiasmatic Meiosis,Heterogametic,XY,8
Phalacrodira,sp.1,Animalia|Insecta|Diptera|Syrphidae|Phalacrodira|sp.1,Achiasmatic Meiosis,Heterogametic,XY,10
Phalacrodira,vittiger,Animalia|Insecta|Diptera|Syrphidae|Phalacrodira|vittiger,Achiasmatic Meiosis,Heterogametic,XY,8
Phalanger,gymnotis,Animalia|Mammalia|Diprotodontia|Phalangeridae|Phalanger|gymnotis,Asynaptic Sex Chromosomes,Heterogametic,XY,14
Phalanger,orientalis,Animalia|Mammalia|Diprotodontia|Phalangeridae|Phalanger|orientalis,Asynaptic Sex Chromosomes,Heterogametic,XY,14
Phaleria,acumita,Animalia|Insecta|Coleoptera|Tenebrionidae|Phaleria|acumita,Asynaptic Sex Chromosomes,Heterogametic,XY,20
Phaleria,variabilis,Animalia|Insecta|Coleoptera|Tenebrionidae|Phaleria|variabilis,Asynaptic Sex Chromosomes,Heterogametic,XY,20
Phalops,divisus,Animalia|Insecta|Coleoptera|Scarabaeidae|Phalops|divisus,Asynaptic Sex Chromosomes,Heterogametic,XY,20
Phalops,olivaceous,Animalia|Insecta|Coleoptera|Scarabaeidae|Phalops|olivaceous,Asynaptic Sex Chromosomes,Heterogametic,XY,20
Phanaeta,aida,Animalia|Insecta|Coleoptera|Chrysomelidae|Phanaeta|aida,Asynaptic Sex Chromosomes,Heterogametic,XY,20
Phanaeus,aff,Animalia|Insecta|Coleoptera|Scarabaeidae|Phanaeus|aff,Asynaptic Sex Chromosomes,Heterogametic,XY,14
Phanaeus,splendidulus,Animalia|Insecta|Coleoptera|Scarabaeidae|Phanaeus|splendidulus,Asynaptic Sex Chromosomes,Heterogametic,XY,20
Phaonia,basalis,Animalia|Insecta|Diptera|Muscidae|Phaonia|basalis,Achiasmatic Meiosis,Heterogametic,XY,12
Phaonia,variegata,Animalia|Insecta|Diptera|Muscidae|Phaonia|variegata,Achiasmatic Meiosis,Heterogametic,NA,10
Pharoscymnus,sp.,Animalia|Insecta|Coleoptera|Coccinellidae|Pharoscymnus|sp.,Asynaptic Sex Chromosomes,Heterogametic,XY,20
Phascogale,tapoatafa,Animalia|Mammalia|Dasyuromorphia|Dasyuridae|Phascogale|tapoatafa,Asynaptic Sex Chromosomes,Heterogametic,XY,14
Phascolarctos,cinereus,Animalia|Mammalia|Diprotodontia|Phascolarctidae|Phascolarctos|cinereus,Asynaptic Sex Chromosomes,Heterogametic,XY,16
Phascolosorex,dorsalis,Animalia|Mammalia|Dasyuromorphia|Dasyuridae|Phascolosorex|dorsalis,Asynaptic Sex Chromosomes,Heterogametic,XY,14
Phenrica,aequinoctialiformis,Animalia|Insecta|Coleoptera|Chrysomelidae|Phenrica|aequinoctialiformis,Asynaptic Sex Chromosomes,Heterogametic,NA,40
Phenrica,austriaca,Animalia|Insecta|Coleoptera|Chrysomelidae|Phenrica|austriaca,Asynaptic Sex Chromosomes,Heterogametic,NA,46
Pherbellia,albocostata,Animalia|Insecta|Diptera|Sciomyzidae|Pherbellia|albocostata,Achiasmatic Meiosis,Heterogametic,XY,12
Pherbellia,brunnipes,Animalia|Insecta|Diptera|Sciomyzidae|Pherbellia|brunnipes,Achiasmatic Meiosis,Heterogametic,XY,12
Pherbellia,chiloensis,Animalia|Insecta|Diptera|Sciomyzidae|Pherbellia|chiloensis,Achiasmatic Meiosis,Heterogametic,XY,12
Pherbellia,dubia,Animalia|Insecta|Diptera|Sciomyzidae|Pherbellia|dubia,Achiasmatic Meiosis,Heterogametic,XY,12
Pherbellia,glabricula,Animalia|Insecta|Diptera|Sciomyzidae|Pherbellia|glabricula,Achiasmatic Meiosis,Heterogametic,XY,10
Pherbellia,grisescens,Animalia|Insecta|Diptera|Sciomyzidae|Pherbellia|grisescens,Achiasmatic Meiosis,Heterogametic,XY,12
Pherbellia,humilis,Animalia|Insecta|Diptera|Sciomyzidae|Pherbellia|humilis,Achiasmatic Meiosis,Heterogametic,XO,12
Pherbellia,javana,Animalia|Insecta|Diptera|Sciomyzidae|Pherbellia|javana,Achiasmatic Meiosis,Heterogametic,XY,12
Pherbellia,lapponica,Animalia|Insecta|Diptera|Sciomyzidae|Pherbellia|lapponica,Achiasmatic Meiosis,Heterogametic,XY,12
Pherbellia,nana,Animalia|Insecta|Diptera|Sciomyzidae|Pherbellia|nana,Achiasmatic Meiosis,Heterogametic,XY,12
Pherbellia,obscura,Animalia|Insecta|Diptera|Sciomyzidae|Pherbellia|obscura,Achiasmatic Meiosis,Heterogametic,XY,12
Pherbellia,obtusa,Animalia|Insecta|Diptera|Sciomyzidae|Pherbellia|obtusa,Achiasmatic Meiosis,Heterogametic,XY,12
Pherbellia,patagonensis,Animalia|Insecta|Diptera|Sciomyzidae|Pherbellia|patagonensis,Achiasmatic Meiosis,Heterogametic,XO,12
Pherbellia,scutellaris,Animalia|Insecta|Diptera|Sciomyzidae|Pherbellia|scutellaris,Achiasmatic Meiosis,Heterogametic,NA,12
Pherbellia,sp.,Animalia|Insecta|Diptera|Sciomyzidae|Pherbellia|sp.,Achiasmatic Meiosis,Heterogametic,XY,12
Pherbellia,sp1.,Animalia|Insecta|Diptera|Sciomyzidae|Pherbellia|sp1.,Achiasmatic Meiosis,Heterogametic,XY,12
Pherbellia,sp4.,Animalia|Insecta|Diptera|Sciomyzidae|Pherbellia|sp4.,Achiasmatic Meiosis,Heterogametic,XY,12
Pherbellia,trabeculata,Animalia|Insecta|Diptera|Sciomyzidae|Pherbellia|trabeculata,Achiasmatic Meiosis,Heterogametic,XY,12
Pherbina,corlleti,Animalia|Insecta|Diptera|Sciomyzidae|Pherbina|corlleti,Achiasmatic Meiosis,Heterogametic,XY,12
Pherbina,coryleti,Animalia|Insecta|Diptera|Sciomyzidae|Pherbina|coryleti,Achiasmatic Meiosis,Heterogametic,XY,12
Philander,opossum,Animalia|Mammalia|Didelphimorphia|Didelphidae|Philander|opossum,Asynaptic Sex Chromosomes,Heterogametic,XY,22
Phileurus,valgus,Animalia|Insecta|Coleoptera|Scarabaeidae|Phileurus|valgus,Asynaptic Sex Chromosomes,Heterogametic,XY,20
Philhydronopa,sp.,Animalia|Insecta|Coleoptera|Chrysomelidae|Philhydronopa|sp.,Asynaptic Sex Chromosomes,Heterogametic,XY,24
Philochtus,biguttatus,Animalia|Insecta|Coleoptera|Carabidae|Philochtus|biguttatus,Achiasmatic Meiosis,Heterogametic,XY,24
Philochtus,guadarramense,Animalia|Insecta|Coleoptera|Carabidae|Philochtus|guadarramense,Achiasmatic Meiosis,Heterogametic,XY,24
Philochtus,guttula,Animalia|Insecta|Coleoptera|Carabidae|Philochtus|guttula,Achiasmatic Meiosis,Heterogametic,XY,NA
Philochtus,iricolor,Animalia|Insecta|Coleoptera|Carabidae|Philochtus|iricolor,Achiasmatic Meiosis,Heterogametic,XY,24
Philochtus,vicinus,Animalia|Insecta|Coleoptera|Carabidae|Philochtus|vicinus,Achiasmatic Meiosis,Heterogametic,XY,24
Philodina,roseola,Animalia|Eurotatoria|Bdelloidea|Philodinidae|Philodina|roseola,Asynaptic Sex Chromosomes,Heterogametic,NA,14
Philonthus,fuscipennis,Animalia|Insecta|Coleoptera|Staphylinidae|Philonthus|fuscipennis,Asynaptic Sex Chromosomes,Heterogametic,XY,24
Philonthus,idiocerus,Animalia|Insecta|Coleoptera|Staphylinidae|Philonthus|idiocerus,Asynaptic Sex Chromosomes,Heterogametic,XY,36
Philonthus,intermedius,Animalia|Insecta|Coleoptera|Staphylinidae|Philonthus|intermedius,Asynaptic Sex Chromosomes,Heterogametic,XY,56
Philonthus,politus,Animalia|Insecta|Coleoptera|Staphylinidae|Philonthus|politus,Asynaptic Sex Chromosomes,Heterogametic,XY,40
Philosomia,ricini,Animalia|Insecta|Lepidoptera|Saturniidae|Philosomia|ricini,Achiasmatic Meiosis,Heterogametic,NA,NA
Phloeophagosoma,takenouchii,Animalia|Insecta|Coleoptera|Curculionidae|Phloeophagosoma|takenouchii,Asynaptic Sex Chromosomes,Heterogametic,XY,32
Phodopus,campbelli,Animalia|Mammalia|Rodentia|Cricetidae|Phodopus|campbelli,Asynaptic Sex Chromosomes,Heterogametic,XY,NA
Phodopus,sungorus,Animalia|Mammalia|Rodentia|Cricetidae|Phodopus|sungorus,Asynaptic Sex Chromosomes,Heterogametic,XY,28
Pholadoris,baeomyia,Animalia|Insecta|Diptera|Drosophilidae|Pholadoris|baeomyia,Achiasmatic Meiosis,Heterogametic,NA,6
Pholadoris,coracina,Animalia|Insecta|Diptera|Drosophilidae|Pholadoris|coracina,Achiasmatic Meiosis,Heterogametic,NA,8
Pholadoris,lebanonensis,Animalia|Insecta|Diptera|Drosophilidae|Pholadoris|lebanonensis,Achiasmatic Meiosis,Heterogametic,NA,8
Pholadoris,mirim,Animalia|Insecta|Diptera|Drosophilidae|Pholadoris|mirim,Achiasmatic Meiosis,Heterogametic,NA,6
Pholadoris,nitens,Animalia|Insecta|Diptera|Drosophilidae|Pholadoris|nitens,Achiasmatic Meiosis,Heterogametic,NA,8
Pholadoris,victoria,Animalia|Insecta|Diptera|Drosophilidae|Pholadoris|victoria,Achiasmatic Meiosis,Heterogametic,NA,8
Pholcus,phalangioides,Animalia|Arachnida|Araneae|Pholcidae|Pholcus|phalangioides,Achiasmatic Meiosis,Heterogametic,NA,26
Pholeuon,knirschi,Animalia|Insecta|Coleoptera|Leiodidae|Pholeuon|knirschi,Asynaptic Sex Chromosomes,Heterogametic,XY,24
Phora,sp.,Animalia|Insecta|Diptera|Phoridae|Phora|sp.,Achiasmatic Meiosis,Heterogametic,NA,8
Phorbia,bassicae,Animalia|Insecta|Diptera|Muscidae|Phorbia|bassicae,Achiasmatic Meiosis,Heterogametic,XY,12
Phorbia,brassica,Animalia|Insecta|Diptera|Anthomyiidae|Phorbia|brassica,Achiasmatic Meiosis,Heterogametic,XY,12
Phormia,regina,Animalia|Insecta|Diptera|Calliphoridae|Phormia|regina,Achiasmatic Meiosis,Heterogametic,XY,12
Phormia,regina,Animalia|Insecta|Diptera|Muscidae|Phormia|regina,Achiasmatic Meiosis,Heterogametic,XY,12
Phormia,terraenovae,Animalia|Insecta|Diptera|Calliphoridae|Phormia|terraenovae,Achiasmatic Meiosis,Heterogametic,XY,12
Phorocera,hamata,Animalia|Insecta|Diptera|Tachinidae|Phorocera|hamata,Achiasmatic Meiosis,Heterogametic,XY,12
Phosphuga,atrata,Animalia|Insecta|Coleoptera|Silphidae|Phosphuga|atrata,Asynaptic Sex Chromosomes,Heterogametic,XY,34
Phratora,laticollis,Animalia|Insecta|Coleoptera|Chrysomelidae|Phratora|laticollis,Asynaptic Sex Chromosomes,Heterogametic,XY,34
Phratora,polaris,Animalia|Insecta|Coleoptera|Chrysomelidae|Phratora|polaris,Asynaptic Sex Chromosomes,Heterogametic,XY,34
Phratora,tibialis,Animalia|Insecta|Coleoptera|Chrysomelidae|Phratora|tibialis,Asynaptic Sex Chromosomes,Heterogametic,XY,34
Phratora,vitellinae,Animalia|Insecta|Coleoptera|Chrysomelidae|Phratora|vitellinae,Asynaptic Sex Chromosomes,Heterogametic,XY,34
Phratora,vulgatissima,Animalia|Insecta|Coleoptera|Chrysomelidae|Phratora|vulgatissima,Asynaptic Sex Chromosomes,Heterogametic,XY,34
Phryne,fenestralis,Animalia|Insecta|Diptera|Anisopodidae|Phryne|fenestralis,Achiasmatic Meiosis,Heterogametic,XY,8
Phryxe,pecosensis,Animalia|Insecta|Diptera|Tachinidae|Phryxe|pecosensis,Achiasmatic Meiosis,Heterogametic,XY,12
Phumosia,promittens,Animalia|Insecta|Diptera|Calliphoridae|Phumosia|promittens,Achiasmatic Meiosis,Heterogametic,XY,12
Phylan,abbreviatus,Animalia|Insecta|Coleoptera|Tenebrionidae|Phylan|abbreviatus,Asynaptic Sex Chromosomes,Heterogametic,XY,20
Phylan,gibbulus,Animalia|Insecta|Coleoptera|Tenebrionidae|Phylan|gibbulus,Asynaptic Sex Chromosomes,Heterogametic,XY,20
Phylan,mediterraneus,Animalia|Insecta|Coleoptera|Tenebrionidae|Phylan|mediterraneus,Asynaptic Sex Chromosomes,Heterogametic,XY,20
Phylan,nitidicollis,Animalia|Insecta|Coleoptera|Tenebrionidae|Phylan|nitidicollis,Asynaptic Sex Chromosomes,Heterogametic,XY,26
Phylan,obesus,Animalia|Insecta|Coleoptera|Tenebrionidae|Phylan|obesus,Asynaptic Sex Chromosomes,Heterogametic,XY,20
Phylan,semicostatus,Animalia|Insecta|Coleoptera|Tenebrionidae|Phylan|semicostatus,Asynaptic Sex Chromosomes,Heterogametic,XY,26
Phyllobius,arborator,Animalia|Insecta|Coleoptera|Curculionidae|Phyllobius|arborator,Asynaptic Sex Chromosomes,Heterogametic,XY,22
Phyllobius,argentatus,Animalia|Insecta|Coleoptera|Curculionidae|Phyllobius|argentatus,Asynaptic Sex Chromosomes,Heterogametic,XY,22
Phyllobius,armatus,Animalia|Insecta|Coleoptera|Curculionidae|Phyllobius|armatus,Asynaptic Sex Chromosomes,Heterogametic,XY,22
Phyllobius,brevis,Animalia|Insecta|Coleoptera|Curculionidae|Phyllobius|brevis,Asynaptic Sex Chromosomes,Heterogametic,XY,22
Phyllobius,brevitarsis,Animalia|Insecta|Coleoptera|Curculionidae|Phyllobius|brevitarsis,Asynaptic Sex Chromosomes,Heterogametic,XY,22
Phyllobius,caucasicus,Animalia|Insecta|Coleoptera|Curculionidae|Phyllobius|caucasicus,Asynaptic Sex Chromosomes,Heterogametic,XY,22
Phyllobius,galloisi,Animalia|Insecta|Coleoptera|Curculionidae|Phyllobius|galloisi,Asynaptic Sex Chromosomes,Heterogametic,XY,22
Phyllobius,incomptus,Animalia|Insecta|Coleoptera|Curculionidae|Phyllobius|incomptus,Asynaptic Sex Chromosomes,Heterogametic,XY,22
Phyllobius,intrusus,Animalia|Insecta|Coleoptera|Curculionidae|Phyllobius|intrusus,Asynaptic Sex Chromosomes,Heterogametic,XY,22
Phyllobius,longicornis,Animalia|Insecta|Coleoptera|Curculionidae|Phyllobius|longicornis,Asynaptic Sex Chromosomes,Heterogametic,XY,24
Phyllobius,maculicornis,Animalia|Insecta|Coleoptera|Curculionidae|Phyllobius|maculicornis,Asynaptic Sex Chromosomes,Heterogametic,XY,22
Phyllobius,mundus,Animalia|Insecta|Coleoptera|Curculionidae|Phyllobius|mundus,Asynaptic Sex Chromosomes,Heterogametic,XY,22
Phyllobius,nigritus,Animalia|Insecta|Coleoptera|Curculionidae|Phyllobius|nigritus,Asynaptic Sex Chromosomes,Heterogametic,XY,22
Phyllobius,oblongus,Animalia|Insecta|Coleoptera|Curculionidae|Phyllobius|oblongus,Asynaptic Sex Chromosomes,Heterogametic,XY,22
Phyllobius,prolongatus,Animalia|Insecta|Coleoptera|Curculionidae|Phyllobius|prolongatus,Asynaptic Sex Chromosomes,Heterogametic,XY,22
Phyllobius,pyri,Animalia|Insecta|Coleoptera|Curculionidae|Phyllobius|pyri,Asynaptic Sex Chromosomes,Heterogametic,XY,22
Phyllobius,rotundicollis,Animalia|Insecta|Coleoptera|Curculionidae|Phyllobius|rotundicollis,Asynaptic Sex Chromosomes,Heterogametic,XY,22
Phyllobius,sp.,Animalia|Insecta|Coleoptera|Curculionidae|Phyllobius|sp.,Asynaptic Sex Chromosomes,Heterogametic,XY,22
Phyllobius,urticae,Animalia|Insecta|Coleoptera|Curculionidae|Phyllobius|urticae,Asynaptic Sex Chromosomes,Heterogametic,XY,22
Phyllobius,viridicollis,Animalia|Insecta|Coleoptera|Curculionidae|Phyllobius|viridicollis,Asynaptic Sex Chromosomes,Heterogametic,XY,22
Phyllognathus,dionysius,Animalia|Insecta|Coleoptera|Scarabaeidae|Phyllognathus|dionysius,Asynaptic Sex Chromosomes,Heterogametic,XY,20
Phyllotreta,diademata,Animalia|Insecta|Coleoptera|Chrysomelidae|Phyllotreta|diademata,Asynaptic Sex Chromosomes,Heterogametic,XY,30
Phyllotreta,fallax,Animalia|Insecta|Coleoptera|Chrysomelidae|Phyllotreta|fallax,Asynaptic Sex Chromosomes,Heterogametic,XY,32
Phyllotreta,nemorum,Animalia|Insecta|Coleoptera|Chrysomelidae|Phyllotreta|nemorum,Asynaptic Sex Chromosomes,Heterogametic,XY,32
Phymatapoderus,latipennis,Animalia|Insecta|Coleoptera|Curculionidae|Phymatapoderus|latipennis,Asynaptic Sex Chromosomes,Heterogametic,XY,32
Phymatapoderus,pavens,Animalia|Insecta|Coleoptera|Curculionidae|Phymatapoderus|pavens,Asynaptic Sex Chromosomes,Heterogametic,XY,24
Phymatodes,maaki,Animalia|Insecta|Coleoptera|Cerambycidae|Phymatodes|maaki,Asynaptic Sex Chromosomes,Heterogametic,XY,20
Physegenua,vittata,Animalia|Insecta|Diptera|Lauxaniidae|Physegenua|vittata,Achiasmatic Meiosis,Heterogametic,XY,12
Physiphora,aenea,Animalia|Insecta|Diptera|Ulidiidae|Physiphora|aenea,Achiasmatic Meiosis,Heterogametic,XY,10
Physoctonus,debilis,Animalia|Arachnida|Scorpiones|Buthidae|Physoctonus|debilis,Achiasmatic Meiosis,Heterogametic,NA,26
Phytobius,sp.,Animalia|Insecta|Coleoptera|Curculionidae|Phytobius|sp.,Asynaptic Sex Chromosomes,Heterogametic,XY,24
Phytoecia,coerulescens,Animalia|Insecta|Coleoptera|Cerambycidae|Phytoecia|coerulescens,Asynaptic Sex Chromosomes,Heterogametic,XY,20
Phytoecia,nigricornis,Animalia|Insecta|Coleoptera|Cerambycidae|Phytoecia|nigricornis,Asynaptic Sex Chromosomes,Heterogametic,XY,20
Phytomia,errans,Animalia|Insecta|Diptera|Syrphidae|Phytomia|errans,Achiasmatic Meiosis,Heterogametic,XY,12
Phytomia,erratica,Animalia|Insecta|Diptera|Syrphidae|Phytomia|erratica,Achiasmatic Meiosis,Heterogametic,XY,12
Phytomia,fronto,Animalia|Insecta|Diptera|Syrphidae|Phytomia|fronto,Achiasmatic Meiosis,Heterogametic,NA,12
Phytomia,incisa,Animalia|Insecta|Diptera|Syrphidae|Phytomia|incisa,Achiasmatic Meiosis,Heterogametic,XY,12
Phytomia,zonata,Animalia|Insecta|Diptera|Syrphidae|Phytomia|zonata,Achiasmatic Meiosis,Heterogametic,XY,12
Phytomyza,abdominalis,Animalia|Insecta|Diptera|Agromyzidae|Phytomyza|abdominalis,Achiasmatic Meiosis,Heterogametic,NA,10
Phytomyza,crassiseta,Animalia|Insecta|Diptera|Agromyzidae|Phytomyza|crassiseta,Achiasmatic Meiosis,Heterogametic,XY,12
Phytomyza,ilicis,Animalia|Insecta|Diptera|Agromyzidae|Phytomyza|ilicis,Achiasmatic Meiosis,Heterogametic,XY,12
Phytomyza,primulae,Animalia|Insecta|Diptera|Agromyzidae|Phytomyza|primulae,Achiasmatic Meiosis,Heterogametic,XY,12
Phytophaga,celtiphyllia,Animalia|Insecta|Diptera|Cecidomyiidae|Phytophaga|celtiphyllia,Achiasmatic Meiosis,Heterogametic,XO,12
Phytophaga,destructor,Animalia|Insecta|Diptera|Cecidomyiidae|Phytophaga|destructor,Achiasmatic Meiosis,Heterogametic,NA,8
Phytoscaphus,inductus,Animalia|Insecta|Coleoptera|Curculionidae|Phytoscaphus|inductus,Asynaptic Sex Chromosomes,Heterogametic,XY,22
Phytoscaphus,sp.,Animalia|Insecta|Coleoptera|Curculionidae|Phytoscaphus|sp.,Asynaptic Sex Chromosomes,Heterogametic,XY,20
Pieris,napo L.,Animalia|Insecta|Lepidoptera|Pieridae|Pieris|napo L.,Achiasmatic Meiosis,Heterogametic,NA,NA
Pilophorus,cinnamopterus,Animalia|Insecta|Hemiptera|Miridae|Pilophorus|cinnamopterus,Achiasmatic Meiosis,Heterogametic,XY,NA
Pimelia,angulata,Animalia|Insecta|Coleoptera|Tenebrionidae|Pimelia|angulata,Asynaptic Sex Chromosomes,Heterogametic,XY,18
Pimelia,aracea,Animalia|Insecta|Coleoptera|Tenebrionidae|Pimelia|aracea,Asynaptic Sex Chromosomes,Heterogametic,XY,18
Pimelia,ascendens,Animalia|Insecta|Coleoptera|Tenebrionidae|Pimelia|ascendens,Asynaptic Sex Chromosomes,Heterogametic,XY,18
Pimelia,atlantis,Animalia|Insecta|Coleoptera|Tenebrionidae|Pimelia|atlantis,Asynaptic Sex Chromosomes,Heterogametic,XY,18
Pimelia,baetica,Animalia|Insecta|Coleoptera|Tenebrionidae|Pimelia|baetica,Asynaptic Sex Chromosomes,Heterogametic,XY,18
Pimelia,bipunctata,Animalia|Insecta|Coleoptera|Tenebrionidae|Pimelia|bipunctata,Asynaptic Sex Chromosomes,Heterogametic,XY,18
Pimelia,boyeri,Animalia|Insecta|Coleoptera|Tenebrionidae|Pimelia|boyeri,Asynaptic Sex Chromosomes,Heterogametic,XY,18
Pimelia,capito,Animalia|Insecta|Coleoptera|Tenebrionidae|Pimelia|capito,Asynaptic Sex Chromosomes,Heterogametic,XY,18
Pimelia,cariensis,Animalia|Insecta|Coleoptera|Tenebrionidae|Pimelia|cariensis,Asynaptic Sex Chromosomes,Heterogametic,XY,18
Pimelia,cephalenica,Animalia|Insecta|Coleoptera|Tenebrionidae|Pimelia|cephalenica,Asynaptic Sex Chromosomes,Heterogametic,XY,18
Pimelia,costata,Animalia|Insecta|Coleoptera|Tenebrionidae|Pimelia|costata,Asynaptic Sex Chromosomes,Heterogametic,XY,18
Pimelia,cribra,Animalia|Insecta|Coleoptera|Tenebrionidae|Pimelia|cribra,Asynaptic Sex Chromosomes,Heterogametic,XY,20
Pimelia,echid,Animalia|Insecta|Coleoptera|Tenebrionidae|Pimelia|echid,Asynaptic Sex Chromosomes,Heterogametic,XY,18
Pimelia,elevata,Animalia|Insecta|Coleoptera|Tenebrionidae|Pimelia|elevata,Asynaptic Sex Chromosomes,Heterogametic,XY,20
Pimelia,estevezi,Animalia|Insecta|Coleoptera|Tenebrionidae|Pimelia|estevezi,Asynaptic Sex Chromosomes,Heterogametic,XY,18
Pimelia,ferndez-lopezi,Animalia|Insecta|Coleoptera|Tenebrionidae|Pimelia|ferndez-lopezi,Asynaptic Sex Chromosomes,Heterogametic,XY,18
Pimelia,fornicata,Animalia|Insecta|Coleoptera|Tenebrionidae|Pimelia|fornicata,Asynaptic Sex Chromosomes,Heterogametic,XY,18
Pimelia,grandis,Animalia|Insecta|Coleoptera|Tenebrionidae|Pimelia|grandis,Asynaptic Sex Chromosomes,Heterogametic,XY,18
Pimelia,granulicollis,Animalia|Insecta|Coleoptera|Tenebrionidae|Pimelia|granulicollis,Asynaptic Sex Chromosomes,Heterogametic,XY,18
Pimelia,grossa,Animalia|Insecta|Coleoptera|Tenebrionidae|Pimelia|grossa,Asynaptic Sex Chromosomes,Heterogametic,XY,18
Pimelia,inexpectata,Animalia|Insecta|Coleoptera|Tenebrionidae|Pimelia|inexpectata,Asynaptic Sex Chromosomes,Heterogametic,XY,18
Pimelia,integra,Animalia|Insecta|Coleoptera|Tenebrionidae|Pimelia|integra,Asynaptic Sex Chromosomes,Heterogametic,XY,18
Pimelia,interjecta,Animalia|Insecta|Coleoptera|Tenebrionidae|Pimelia|interjecta,Asynaptic Sex Chromosomes,Heterogametic,XY,20
Pimelia,interstitialis,Animalia|Insecta|Coleoptera|Tenebrionidae|Pimelia|interstitialis,Asynaptic Sex Chromosomes,Heterogametic,XY,18
Pimelia,laevigata,Animalia|Insecta|Coleoptera|Tenebrionidae|Pimelia|laevigata,Asynaptic Sex Chromosomes,Heterogametic,XY,18
Pimelia,lutaria,Animalia|Insecta|Coleoptera|Tenebrionidae|Pimelia|lutaria,Asynaptic Sex Chromosomes,Heterogametic,XY,18
Pimelia,maura,Animalia|Insecta|Coleoptera|Tenebrionidae|Pimelia|maura,Asynaptic Sex Chromosomes,Heterogametic,XY,18
Pimelia,mauritanica,Animalia|Insecta|Coleoptera|Tenebrionidae|Pimelia|mauritanica,Asynaptic Sex Chromosomes,Heterogametic,XY,18
Pimelia,modesta,Animalia|Insecta|Coleoptera|Tenebrionidae|Pimelia|modesta,Asynaptic Sex Chromosomes,Heterogametic,XY,18
Pimelia,monticola,Animalia|Insecta|Coleoptera|Tenebrionidae|Pimelia|monticola,Asynaptic Sex Chromosomes,Heterogametic,XY,18
Pimelia,radula,Animalia|Insecta|Coleoptera|Tenebrionidae|Pimelia|radula,Asynaptic Sex Chromosomes,Heterogametic,XY,18
Pimelia,rugosa,Animalia|Insecta|Coleoptera|Tenebrionidae|Pimelia|rugosa,Asynaptic Sex Chromosomes,Heterogametic,XY,18
Pimelia,scabricollis,Animalia|Insecta|Coleoptera|Tenebrionidae|Pimelia|scabricollis,Asynaptic Sex Chromosomes,Heterogametic,XY,18
Pimelia,scabrosa,Animalia|Insecta|Coleoptera|Tenebrionidae|Pimelia|scabrosa,Asynaptic Sex Chromosomes,Heterogametic,XY,18
Pimelia,sericella,Animalia|Insecta|Coleoptera|Tenebrionidae|Pimelia|sericella,Asynaptic Sex Chromosomes,Heterogametic,XY,18
Pimelia,servilei,Animalia|Insecta|Coleoptera|Tenebrionidae|Pimelia|servilei,Asynaptic Sex Chromosomes,Heterogametic,XY,18
Pimelia,sparsa,Animalia|Insecta|Coleoptera|Tenebrionidae|Pimelia|sparsa,Asynaptic Sex Chromosomes,Heterogametic,XY,18
Pimelia,subquadrata,Animalia|Insecta|Coleoptera|Tenebrionidae|Pimelia|subquadrata,Asynaptic Sex Chromosomes,Heterogametic,XY,18
Pimelia,variolosa,Animalia|Insecta|Coleoptera|Tenebrionidae|Pimelia|variolosa,Asynaptic Sex Chromosomes,Heterogametic,XY,18
Piophila,casei,Animalia|Insecta|Diptera|Piophilidae|Piophila|casei,Achiasmatic Meiosis,Heterogametic,NA,12
Piophila,casei,Animalia|Insecta|Diptera|Sepsidae|Piophila|casei,Achiasmatic Meiosis,Heterogametic,XY,12
Pipiza,femoralis,Animalia|Insecta|Diptera|Syrphidae|Pipiza|femoralis,Achiasmatic Meiosis,Heterogametic,XY,8
Pipiza,festiva,Animalia|Insecta|Diptera|Syrphidae|Pipiza|festiva,Achiasmatic Meiosis,Heterogametic,XY,8
Pipiza,lugubris,Animalia|Insecta|Diptera|Syrphidae|Pipiza|lugubris,Achiasmatic Meiosis,Heterogametic,XY,8
Pipiza,macrofemoralis,Animalia|Insecta|Diptera|Syrphidae|Pipiza|macrofemoralis,Achiasmatic Meiosis,Heterogametic,XY,8
Pipiza,nigripilosa,Animalia|Insecta|Diptera|Syrphidae|Pipiza|nigripilosa,Achiasmatic Meiosis,Heterogametic,XY,8
Pipiza,noctiluca,Animalia|Insecta|Diptera|Syrphidae|Pipiza|noctiluca,Achiasmatic Meiosis,Heterogametic,XY,8
Pipiza,quadrimaculata,Animalia|Insecta|Diptera|Syrphidae|Pipiza|quadrimaculata,Achiasmatic Meiosis,Heterogametic,XY,8
Pipiza,sp.,Animalia|Insecta|Diptera|Syrphidae|Pipiza|sp.,Achiasmatic Meiosis,Heterogametic,XY,8
Pipiza,sp.1,Animalia|Insecta|Diptera|Syrphidae|Pipiza|sp.1,Achiasmatic Meiosis,Heterogametic,XY,8
Pipiza,sp.A,Animalia|Insecta|Diptera|Syrphidae|Pipiza|sp.A,Achiasmatic Meiosis,Heterogametic,XY,8
Pipiza,sp.X,Animalia|Insecta|Diptera|Syrphidae|Pipiza|sp.X,Achiasmatic Meiosis,Heterogametic,XY,8
Pipizella,sp.,Animalia|Insecta|Diptera|Syrphidae|Pipizella|sp.,Achiasmatic Meiosis,Heterogametic,XY,8
Pipizella,varipes,Animalia|Insecta|Diptera|Syrphidae|Pipizella|varipes,Achiasmatic Meiosis,Heterogametic,XY,8
Pipizella,virens,Animalia|Insecta|Diptera|Syrphidae|Pipizella|virens,Achiasmatic Meiosis,Heterogametic,XY,8
Pissodes,P27,Animalia|Insecta|Coleoptera|Curculionidae|Pissodes|P27,Asynaptic Sex Chromosomes,Heterogametic,XY,30
Pissodes,YT3,Animalia|Insecta|Coleoptera|Curculionidae|Pissodes|YT3,Asynaptic Sex Chromosomes,Heterogametic,XY,34
Pissodes,affinis,Animalia|Insecta|Coleoptera|Curculionidae|Pissodes|affinis,Asynaptic Sex Chromosomes,Heterogametic,XY,30
Pissodes,dubius,Animalia|Insecta|Coleoptera|Curculionidae|Pissodes|dubius,Asynaptic Sex Chromosomes,Heterogametic,XY,30
Pissodes,fasciatus,Animalia|Insecta|Coleoptera|Curculionidae|Pissodes|fasciatus,Asynaptic Sex Chromosomes,Heterogametic,XY,30
Pissodes,fiskei,Animalia|Insecta|Coleoptera|Curculionidae|Pissodes|fiskei,Asynaptic Sex Chromosomes,Heterogametic,XY,26
Pissodes,gyllenhali,Animalia|Insecta|Coleoptera|Curculionidae|Pissodes|gyllenhali,Asynaptic Sex Chromosomes,Heterogametic,XY,32
Pissodes,memorensis,Animalia|Insecta|Coleoptera|Curculionidae|Pissodes|memorensis,Asynaptic Sex Chromosomes,Heterogametic,XY,30
Pissodes,nitidus,Animalia|Insecta|Coleoptera|Curculionidae|Pissodes|nitidus,Asynaptic Sex Chromosomes,Heterogametic,XY,30
Pissodes,notatus,Animalia|Insecta|Coleoptera|Attelabidae|Pissodes|notatus,Asynaptic Sex Chromosomes,Heterogametic,XY,22
Pissodes,notatus,Animalia|Insecta|Coleoptera|Curculionidae|Pissodes|notatus,Asynaptic Sex Chromosomes,Heterogametic,XY,22
Pissodes,obscurus,Animalia|Insecta|Coleoptera|Curculionidae|Pissodes|obscurus,Asynaptic Sex Chromosomes,Heterogametic,XY,28
Pissodes,radiatae,Animalia|Insecta|Coleoptera|Curculionidae|Pissodes|radiatae,Asynaptic Sex Chromosomes,Heterogametic,XY,30
Pissodes,rotundatus,Animalia|Insecta|Coleoptera|Curculionidae|Pissodes|rotundatus,Asynaptic Sex Chromosomes,Heterogametic,XY,30
Pissodes,schwarzi,Animalia|Insecta|Coleoptera|Curculionidae|Pissodes|schwarzi,Asynaptic Sex Chromosomes,Heterogametic,XY,28
Pissodes,similis,Animalia|Insecta|Coleoptera|Curculionidae|Pissodes|similis,Asynaptic Sex Chromosomes,Heterogametic,XY,30
Pissodes,strobi,Animalia|Insecta|Coleoptera|Curculionidae|Pissodes|strobi,Asynaptic Sex Chromosomes,Heterogametic,XY,34
Pissodes,termilis,Animalia|Insecta|Coleoptera|Curculionidae|Pissodes|termilis,Asynaptic Sex Chromosomes,Heterogametic,XY,30
Pissodes,validirostris,Animalia|Insecta|Coleoptera|Curculionidae|Pissodes|validirostris,Asynaptic Sex Chromosomes,Heterogametic,XY,30
Pissodes,webbi,Animalia|Insecta|Coleoptera|Curculionidae|Pissodes|webbi,Asynaptic Sex Chromosomes,Heterogametic,XY,34
Pitymys,duodecimcostatus,Animalia|Mammalia|Rodentia|Cricetidae|Pitymys|duodecimcostatus,Achiasmatic Sex Chromosomes,Heterogametic,XY,28
Pityogenes,bidentatus,Animalia|Insecta|Coleoptera|Scolytidae|Pityogenes|bidentatus,Asynaptic Sex Chromosomes,Heterogametic,XY,16
Pityogenes,chalcographus,Animalia|Insecta|Coleoptera|Scolytidae|Pityogenes|chalcographus,Asynaptic Sex Chromosomes,Heterogametic,XY,20
Pityogenes,crannulatus,Animalia|Insecta|Coleoptera|Scolytidae|Pityogenes|crannulatus,Asynaptic Sex Chromosomes,Heterogametic,XY,18
Pityogenes,fossifrons,Animalia|Insecta|Coleoptera|Scolytidae|Pityogenes|fossifrons,Asynaptic Sex Chromosomes,Heterogametic,NA,20
Pityogenes,hopkinsi,Animalia|Insecta|Coleoptera|Scolytidae|Pityogenes|hopkinsi,Asynaptic Sex Chromosomes,Heterogametic,XY,20
Pityogenes,knechteli,Animalia|Insecta|Coleoptera|Scolytidae|Pityogenes|knechteli,Asynaptic Sex Chromosomes,Heterogametic,XY,20
Pityogenes,quadridens,Animalia|Insecta|Coleoptera|Scolytidae|Pityogenes|quadridens,Asynaptic Sex Chromosomes,Heterogametic,XY,16
Pityokteines,ortus,Animalia|Insecta|Coleoptera|Scolytidae|Pityokteines|ortus,Asynaptic Sex Chromosomes,Heterogametic,XY,18
Pityphthorus,lichtensteini,Animalia|Insecta|Coleoptera|Scolytidae|Pityphthorus|lichtensteini,Asynaptic Sex Chromosomes,Heterogametic,XY,26
Plaesiorrhinella,watkinsia,Animalia|Insecta|Coleoptera|Scarabaeidae|Plaesiorrhinella|watkinsia,Asynaptic Sex Chromosomes,Heterogametic,XY,20
Plagiodera,atritarsis,Animalia|Insecta|Coleoptera|Chrysomelidae|Plagiodera|atritarsis,Asynaptic Sex Chromosomes,Heterogametic,XY,30
Plagiodera,erythroptera,Animalia|Insecta|Coleoptera|Chrysomelidae|Plagiodera|erythroptera,Asynaptic Sex Chromosomes,Heterogametic,XY,30
Plagiodera,rufescens,Animalia|Insecta|Coleoptera|Chrysomelidae|Plagiodera|rufescens,Asynaptic Sex Chromosomes,Heterogametic,XY,30
Plagiodera,versicolora,Animalia|Insecta|Coleoptera|Chrysomelidae|Plagiodera|versicolora,Asynaptic Sex Chromosomes,Heterogametic,XY,28
Plagiognathus,arbustorum,Animalia|Insecta|Hemiptera|Miridae|Plagiognathus|arbustorum,Achiasmatic Meiosis,Heterogametic,XY,12
Plagionotus,arcuatus,Animalia|Insecta|Coleoptera|Cerambycidae|Plagionotus|arcuatus,Asynaptic Sex Chromosomes,Heterogametic,XY,20
Plagiostenopterina,sp1.,Animalia|Insecta|Diptera|Platystomatidae|Plagiostenopterina|sp1.,Achiasmatic Meiosis,Heterogametic,XY,6
Plagiostenopterina,sp2.,Animalia|Insecta|Diptera|Platystomatidae|Plagiostenopterina|sp2.,Achiasmatic Meiosis,Heterogametic,XY,6
Plagusia,dentipes,Animalia|Malacostraca|Decapoda|Plagusiidae|Plagusia|dentipes,Asynaptic Sex Chromosomes,Heterogametic,XY,106
Planigale,maculata,Animalia|Mammalia|Dasyuromorphia|Dasyuridae|Planigale|maculata,Asynaptic Sex Chromosomes,Heterogametic,XY,14
Platycheirus,albimanus,Animalia|Insecta|Diptera|Syrphidae|Platycheirus|albimanus,Achiasmatic Meiosis,Heterogametic,XY,8
Platycheirus,angustatus,Animalia|Insecta|Diptera|Syrphidae|Platycheirus|angustatus,Achiasmatic Meiosis,Heterogametic,XY,8
Platycheirus,clypeatus,Animalia|Insecta|Diptera|Syrphidae|Platycheirus|clypeatus,Achiasmatic Meiosis,Heterogametic,XY,8
Platycheirus,fulviventris,Animalia|Insecta|Diptera|Syrphidae|Platycheirus|fulviventris,Achiasmatic Meiosis,Heterogametic,XY,8
Platycheirus,manicatus,Animalia|Insecta|Diptera|Syrphidae|Platycheirus|manicatus,Achiasmatic Meiosis,Heterogametic,XY,8
Platycheirus,peltatus,Animalia|Insecta|Diptera|Syrphidae|Platycheirus|peltatus,Achiasmatic Meiosis,Heterogametic,XY,8
Platycheirus,quadratus,Animalia|Insecta|Diptera|Syrphidae|Platycheirus|quadratus,Achiasmatic Meiosis,Heterogametic,XY,8
Platycheirus,scambus,Animalia|Insecta|Diptera|Syrphidae|Platycheirus|scambus,Achiasmatic Meiosis,Heterogametic,XY,8
Platycheirus,scutatus,Animalia|Insecta|Diptera|Syrphidae|Platycheirus|scutatus,Achiasmatic Meiosis,Heterogametic,XY,8
Platycheirus,sp.nr.scambus,Animalia|Insecta|Diptera|Syrphidae|Platycheirus|sp.nr.scambus,Achiasmatic Meiosis,Heterogametic,XY,8
Platycorinus,modestus,Animalia|Insecta|Coleoptera|Chrysomelidae|Platycorinus|modestus,Asynaptic Sex Chromosomes,Heterogametic,XY,28
Platycorinus,peregrinus,Animalia|Insecta|Coleoptera|Chrysomelidae|Platycorinus|peregrinus,Asynaptic Sex Chromosomes,Heterogametic,XY,30
Platycorinus,sp.,Animalia|Insecta|Coleoptera|Chrysomelidae|Platycorinus|sp.,Asynaptic Sex Chromosomes,Heterogametic,XY,26
Platydema,impressifrons,Animalia|Insecta|Coleoptera|Tenebrionidae|Platydema|impressifrons,Asynaptic Sex Chromosomes,Heterogametic,XY,20
Platymycterus,himalayanus,Animalia|Insecta|Coleoptera|Curculionidae|Platymycterus|himalayanus,Asynaptic Sex Chromosomes,Heterogametic,XY,22
Platymycterus,moestus,Animalia|Insecta|Coleoptera|Curculionidae|Platymycterus|moestus,Asynaptic Sex Chromosomes,Heterogametic,XY,22
Platymycterus,sjostedti,Animalia|Insecta|Coleoptera|Curculionidae|Platymycterus|sjostedti,Asynaptic Sex Chromosomes,Heterogametic,XY,22
Platymycterus,sp.,Animalia|Insecta|Coleoptera|Curculionidae|Platymycterus|sp.,Asynaptic Sex Chromosomes,Heterogametic,XY,22
Platynotus,excavatus,Animalia|Insecta|Coleoptera|Tenebrionidae|Platynotus|excavatus,Asynaptic Sex Chromosomes,Heterogametic,XY,20
Platynotus,punctatipennis,Animalia|Insecta|Coleoptera|Tenebrionidae|Platynotus|punctatipennis,Asynaptic Sex Chromosomes,Heterogametic,XY,20
Platyphora,aulica,Animalia|Insecta|Coleoptera|Chrysomelidae|Platyphora|aulica,Asynaptic Sex Chromosomes,Heterogametic,XY,24
Platyphora,spectablis,Animalia|Insecta|Coleoptera|Chrysomelidae|Platyphora|spectablis,Asynaptic Sex Chromosomes,Heterogametic,XY,24
Platypria,hystrix,Animalia|Insecta|Coleoptera|Chrysomelidae|Platypria|hystrix,Asynaptic Sex Chromosomes,Heterogametic,XY,16
Platyprosopus,rubidus,Animalia|Insecta|Coleoptera|Chrysomelidae|Platyprosopus|rubidus,Asynaptic Sex Chromosomes,Heterogametic,XY,22
Platystoma,lugubre,Animalia|Insecta|Diptera|Platystomatidae|Platystoma|lugubre,Achiasmatic Meiosis,Heterogametic,XY,12
Platystomos,sellatus,Animalia|Insecta|Coleoptera|Anthribidae|Platystomos|sellatus,Asynaptic Sex Chromosomes,Heterogametic,XY,22
Pleocoma,crinita,Animalia|Insecta|Coleoptera|Pleocomidae|Pleocoma|crinita,Asynaptic Sex Chromosomes,Heterogametic,XY,20
Pleocoma,dubitalis,Animalia|Insecta|Coleoptera|Pleocomidae|Pleocoma|dubitalis,Asynaptic Sex Chromosomes,Heterogametic,XY,20
Pleocoma,minor,Animalia|Insecta|Coleoptera|Pleocomidae|Pleocoma|minor,Asynaptic Sex Chromosomes,Heterogametic,XY,20
Pleocoma,simi,Animalia|Insecta|Coleoptera|Pleocomidae|Pleocoma|simi,Asynaptic Sex Chromosomes,Heterogametic,XY,20
Plethosmylus (updated genus: Osmylus),decoratus,Animalia|Insecta|Neuroptera|Osmylidae|Plethosmylus (updated genus: Osmylus)|decoratus,Asynaptic Sex Chromosomes,Heterogametic,NA,16
Plintini,sp.,Animalia|Insecta|Coleoptera|Curculionidae|Plintini|sp.,Asynaptic Sex Chromosomes,Heterogametic,XY,22
Podagrica,fuscicornis,Animalia|Insecta|Coleoptera|Chrysomelidae|Podagrica|fuscicornis,Asynaptic Sex Chromosomes,Heterogametic,XY,40
Podagrica,fuscipes,Animalia|Insecta|Coleoptera|Chrysomelidae|Podagrica|fuscipes,Asynaptic Sex Chromosomes,Heterogametic,XY,40
Podagrica,malvae,Animalia|Insecta|Coleoptera|Chrysomelidae|Podagrica|malvae,Asynaptic Sex Chromosomes,Heterogametic,XY,40
Podagrica,menestriesi,Animalia|Insecta|Coleoptera|Chrysomelidae|Podagrica|menestriesi,Asynaptic Sex Chromosomes,Heterogametic,XY,40
Podapion,gallicola,Animalia|Insecta|Coleoptera|Curculionidae|Podapion|gallicola,Asynaptic Sex Chromosomes,Heterogametic,XY,22
Podeschrus,abietis,Animalia|Insecta|Coleoptera|Curculionidae|Podeschrus|abietis,Asynaptic Sex Chromosomes,Heterogametic,XY,22
Poecilia,formosa,Animalia|Actinopterygii|Cyprinodontiformes|Poecilidae|Poecilia|formosa,Asynaptic Sex Chromosomes,Heterogametic,NA,46
Pogonocherus,hispidulus,Animalia|Insecta|Coleoptera|Cerambycidae|Pogonocherus|hispidulus,Asynaptic Sex Chromosomes,Heterogametic,XY,20
Pogonocherus,hispidus,Animalia|Insecta|Coleoptera|Cerambycidae|Pogonocherus|hispidus,Asynaptic Sex Chromosomes,Heterogametic,XY,20
Pogonocherus,penicellatus,Animalia|Insecta|Coleoptera|Cerambycidae|Pogonocherus|penicellatus,Asynaptic Sex Chromosomes,Heterogametic,XY,20
Pogonortalis,doclea,Animalia|Insecta|Diptera|Platystomatidae|Pogonortalis|doclea,Achiasmatic Meiosis,Heterogametic,XY,10
Pogonus,chalceus,Animalia|Insecta|Coleoptera|Carabidae|Pogonus|chalceus,Achiasmatic Meiosis,Heterogametic,XY,22
Pollenia,nigripes,Animalia|Insecta|Diptera|Calliphoridae|Pollenia|nigripes,Achiasmatic Meiosis,Heterogametic,XY,12
Pollenia,rudis,Animalia|Insecta|Diptera|Calliphoridae|Pollenia|rudis,Achiasmatic Meiosis,Heterogametic,XY,12
Pollenia,rudisI,Animalia|Insecta|Diptera|Calliphoridae|Pollenia|rudisI,Achiasmatic Meiosis,Heterogametic,XY,12
Pollenia,rudisII,Animalia|Insecta|Diptera|Calliphoridae|Pollenia|rudisII,Achiasmatic Meiosis,Heterogametic,XY,12
Pollenia,rudisIII,Animalia|Insecta|Diptera|Calliphoridae|Pollenia|rudisIII,Achiasmatic Meiosis,Heterogametic,XY,12
Polleniopsis,hokurikuensis,Animalia|Insecta|Diptera|Calliphoridae|Polleniopsis|hokurikuensis,Achiasmatic Meiosis,Heterogametic,XY,12
Polybiomyia,arietis,Animalia|Insecta|Diptera|Syrphidae|Polybiomyia|arietis,Achiasmatic Meiosis,Heterogametic,XY,12
Polyconia,caroli,Animalia|Insecta|Coleoptera|Chrysomelidae|Polyconia|caroli,Asynaptic Sex Chromosomes,Heterogametic,XY,16
Polydrusus,atomarius,Animalia|Insecta|Coleoptera|Curculionidae|Polydrusus|atomarius,Asynaptic Sex Chromosomes,Heterogametic,XY,22
Polydrusus,calabricus,Animalia|Insecta|Coleoptera|Curculionidae|Polydrusus|calabricus,Asynaptic Sex Chromosomes,Heterogametic,XY,20
Polydrusus,margitus,Animalia|Insecta|Coleoptera|Curculionidae|Polydrusus|margitus,Asynaptic Sex Chromosomes,Heterogametic,XY,22
Polydrusus,ruficornis,Animalia|Insecta|Coleoptera|Curculionidae|Polydrusus|ruficornis,Asynaptic Sex Chromosomes,Heterogametic,XY,22
Polydrusus,sericeus,Animalia|Insecta|Coleoptera|Curculionidae|Polydrusus|sericeus,Asynaptic Sex Chromosomes,Heterogametic,XY,22
Polydrusus,sicanus,Animalia|Insecta|Coleoptera|Curculionidae|Polydrusus|sicanus,Asynaptic Sex Chromosomes,Heterogametic,XY,22
Polydrusus,viridicintus,Animalia|Insecta|Coleoptera|Curculionidae|Polydrusus|viridicintus,Asynaptic Sex Chromosomes,Heterogametic,XY,22
Polygraphus,grandiclava,Animalia|Insecta|Coleoptera|Scolytidae|Polygraphus|grandiclava,Asynaptic Sex Chromosomes,Heterogametic,XY,16
Polygraphus,poligraphus,Animalia|Insecta|Coleoptera|Scolytidae|Polygraphus|poligraphus,Asynaptic Sex Chromosomes,Heterogametic,XY,16
Polygraphus,rugipennis,Animalia|Insecta|Coleoptera|Scolytidae|Polygraphus|rugipennis,Asynaptic Sex Chromosomes,Heterogametic,XY,12
Polygraphus,subopacus,Animalia|Insecta|Coleoptera|Scolytidae|Polygraphus|subopacus,Asynaptic Sex Chromosomes,Heterogametic,XY,16
Polyommatus,admetus malievi,Animalia|Insecta|Lepidoptera|Lycaenidae|Polyommatus|admetus malievi,Asynaptic Sex Chromosomes,Heterogametic,NA,NA
Polyommatus,atlanticus,Animalia|Insecta|Lepidoptera|Lycaenidae|Polyommatus|atlanticus,Asynaptic Sex Chromosomes,Heterogametic,NA,52
Polyommatus,bogra birjandensis,Animalia|Insecta|Lepidoptera|Lycaenidae|Polyommatus|bogra birjandensis,Asynaptic Sex Chromosomes,Heterogametic,NA,106
Polyommatus,ripartii pelopi,Animalia|Insecta|Lepidoptera|Lycaenidae|Polyommatus|ripartii pelopi,Asynaptic Sex Chromosomes,Heterogametic,NA,180
Polyommatus,rjabovianus masul,Animalia|Insecta|Lepidoptera|Lycaenidae|Polyommatus|rjabovianus masul,Asynaptic Sex Chromosomes,Heterogametic,NA,86
Polyommatus,rjabovianus rjabovianus,Animalia|Insecta|Lepidoptera|Lycaenidae|Polyommatus|rjabovianus rjabovianus,Asynaptic Sex Chromosomes,Heterogametic,NA,98
Polyommatus,shirkuhensis,Animalia|Insecta|Lepidoptera|Lycaenidae|Polyommatus|shirkuhensis,Asynaptic Sex Chromosomes,Heterogametic,NA,42
Polyommatus,valiabadi,Animalia|Insecta|Lepidoptera|Lycaenidae|Polyommatus|valiabadi,Asynaptic Sex Chromosomes,Heterogametic,NA,46
Pomachilius,sp.2,Animalia|Insecta|Coleoptera|Elateridae|Pomachilius|sp.2,Asynaptic Sex Chromosomes,Heterogametic,XY,20
Poranopsis,paniculata,Plantae|Equisetopsida|Solanales|Convolvulaceae|Poranopsis|paniculata,Asynaptic Sex Chromosomes,NA,NA,14
Potorous,longipes,Animalia|Mammalia|Diprotodontia|Potoroidae|Potorous|longipes,Asynaptic Sex Chromosomes,Heterogametic,XY,32
Potorous,tridactylus,Animalia|Mammalia|Diprotodontia|Potoroidae|Potorous|tridactylus,Asynaptic Sex Chromosomes,Heterogametic,XY,12
Praocis,compacta,Animalia|Insecta|Coleoptera|Tenebrionidae|Praocis|compacta,Asynaptic Sex Chromosomes,Heterogametic,XY,20
Princidium,bipunctatum,Animalia|Insecta|Coleoptera|Carabidae|Princidium|bipunctatum,Achiasmatic Meiosis,Heterogametic,XY,NA
Princidium,paulinoi,Animalia|Insecta|Coleoptera|Carabidae|Princidium|paulinoi,Achiasmatic Meiosis,Heterogametic,XY,24
Princidium,punctulatum,Animalia|Insecta|Coleoptera|Carabidae|Princidium|punctulatum,Achiasmatic Meiosis,Heterogametic,XY,24
Priocera,spinosa,Animalia|Insecta|Coleoptera|Cleridae|Priocera|spinosa,Asynaptic Sex Chromosomes,Heterogametic,XY,18
Probaticus,ebeninus,Animalia|Insecta|Coleoptera|Tenebrionidae|Probaticus|ebeninus,Asynaptic Sex Chromosomes,Heterogametic,XY,20
Procas,biguttatus,Animalia|Insecta|Coleoptera|Curculionidae|Procas|biguttatus,Asynaptic Sex Chromosomes,Heterogametic,XY,24
Procecidochares,utilis,Animalia|Insecta|Diptera|Tephritidae|Procecidochares|utilis,Achiasmatic Meiosis,Heterogametic,XY,12
Proepisphales,elegans,Animalia|Insecta|Coleoptera|Brentidae|Proepisphales|elegans,Asynaptic Sex Chromosomes,Heterogametic,XY,12
Prosimulium,decemarticulatum,Animalia|Insecta|Diptera|Simuliidae|Prosimulium|decemarticulatum,Achiasmatic Meiosis,Heterogametic,NA,6
Prosopocoilus,inclitus,Animalia|Insecta|Coleoptera|Lucanidae|Prosopocoilus|inclitus,Asynaptic Sex Chromosomes,Heterogametic,XY,20
Protacallinus,sp.,Animalia|Insecta|Coleoptera|Curculionidae|Protacallinus|sp.,Asynaptic Sex Chromosomes,Heterogametic,XY,30
Protocalliphora,aenea,Animalia|Insecta|Diptera|Calliphoridae|Protocalliphora|aenea,Achiasmatic Meiosis,Heterogametic,XY,12
Protocalliphora,avium,Animalia|Insecta|Diptera|Calliphoridae|Protocalliphora|avium,Achiasmatic Meiosis,Heterogametic,XY,12
Protocalliphora,falcozi,Animalia|Insecta|Diptera|Calliphoridae|Protocalliphora|falcozi,Achiasmatic Meiosis,Heterogametic,XY,12
Protocalliphora,hirundo,Animalia|Insecta|Diptera|Calliphoridae|Protocalliphora|hirundo,Achiasmatic Meiosis,Heterogametic,XY,12
Protocalliphora,metallica,Animalia|Insecta|Diptera|Calliphoridae|Protocalliphora|metallica,Achiasmatic Meiosis,Heterogametic,XY,12
Protocalliphora,sialia,Animalia|Insecta|Diptera|Calliphoridae|Protocalliphora|sialia,Achiasmatic Meiosis,Heterogametic,XY,12
Protocalliphora,sp,Animalia|Insecta|Diptera|Calliphoridae|Protocalliphora|sp,Achiasmatic Meiosis,Heterogametic,XY,12
Protodexia,australis,Animalia|Insecta|Diptera|Sarcophagidae|Protodexia|australis,Achiasmatic Meiosis,Heterogametic,XY,12
Protodexia,hunteri,Animalia|Insecta|Diptera|Sarcophagidae|Protodexia|hunteri,Achiasmatic Meiosis,Heterogametic,XY,12
Protodictya,chilensis,Animalia|Insecta|Diptera|Sciomyzidae|Protodictya|chilensis,Achiasmatic Meiosis,Heterogametic,XY,12
Protodictya,guttularis,Animalia|Insecta|Diptera|Sciomyzidae|Protodictya|guttularis,Achiasmatic Meiosis,Heterogametic,XY,12
Protophormia,terraenovae,Animalia|Insecta|Diptera|Calliphoridae|Protophormia|terraenovae,Achiasmatic Meiosis,Heterogametic,XY,12
Protophormia,terraenovaeI,Animalia|Insecta|Diptera|Calliphoridae|Protophormia|terraenovaeI,Achiasmatic Meiosis,Heterogametic,XY,12
Protophormia,terraenovaeII,Animalia|Insecta|Diptera|Calliphoridae|Protophormia|terraenovaeII,Achiasmatic Meiosis,Heterogametic,XY,12
Pryrota,decorata,Animalia|Insecta|Coleoptera|Meloidae|Pryrota|decorata,Asynaptic Sex Chromosomes,Heterogametic,XY,20
Psacadina,zerni,Animalia|Insecta|Diptera|Sciomyzidae|Psacadina|zerni,Achiasmatic Meiosis,Heterogametic,XY,12
Psacadina,zernyi,Animalia|Insecta|Diptera|Sciomyzidae|Psacadina|zernyi,Achiasmatic Meiosis,Heterogametic,XY,12
Psalydolytta,sp.,Animalia|Insecta|Coleoptera|Meloidae|Psalydolytta|sp.,Asynaptic Sex Chromosomes,Heterogametic,XY,20
Psammodius,oregonesis,Animalia|Insecta|Coleoptera|Scarabaeidae|Psammodius|oregonesis,Asynaptic Sex Chromosomes,Heterogametic,XY,20
Psammomys,obesus,Animalia|Mammalia|Rodentia|Muridae|Psammomys|obesus,Achiasmatic Sex Chromosomes,Heterogametic,NA,48
Psarus,abdominalis,Animalia|Insecta|Diptera|Syrphidae|Psarus|abdominalis,Achiasmatic Meiosis,Heterogametic,XY,10
Pselaphus,fustifer,Animalia|Insecta|Coleoptera|Staphylinidae|Pselaphus|fustifer,Asynaptic Sex Chromosomes,Heterogametic,XY,30
Psenocerus,supernotatus,Animalia|Insecta|Coleoptera|Cerambycidae|Psenocerus|supernotatus,Asynaptic Sex Chromosomes,Heterogametic,XY,20
Pseudoanthonomus,hamamelidis,Animalia|Insecta|Coleoptera|Curculionidae|Pseudoanthonomus|hamamelidis,Asynaptic Sex Chromosomes,Heterogametic,XY,38
Pseudoblaps,meteeyi,Animalia|Insecta|Coleoptera|Tenebrionidae|Pseudoblaps|meteeyi,Asynaptic Sex Chromosomes,Heterogametic,XY,20
Pseudochirops,archeri,Animalia|Mammalia|Diprotodontia|Pseudocheiridae|Pseudochirops|archeri,Asynaptic Sex Chromosomes,Heterogametic,XY,16
Pseudochirops,corinnae,Animalia|Mammalia|Diprotodontia|Pseudocheiridae|Pseudochirops|corinnae,Asynaptic Sex Chromosomes,Heterogametic,XY,16
Pseudochirops,cupreus,Animalia|Mammalia|Diprotodontia|Pseudocheiridae|Pseudochirops|cupreus,Asynaptic Sex Chromosomes,Heterogametic,XY,10
Pseudochirops,dahli,Animalia|Mammalia|Diprotodontia|Pseudocheiridae|Pseudochirops|dahli,Asynaptic Sex Chromosomes,Heterogametic,XY,16
Pseudochirulus,canescens,Animalia|Mammalia|Diprotodontia|Pseudocheiridae|Pseudochirulus|canescens,Asynaptic Sex Chromosomes,Heterogametic,XY,18
Pseudochirulus,herbertensis,Animalia|Mammalia|Diprotodontia|Pseudocheiridae|Pseudochirulus|herbertensis,Asynaptic Sex Chromosomes,Heterogametic,XY,12
Pseudochirulus,mayeri,Animalia|Mammalia|Diprotodontia|Pseudocheiridae|Pseudochirulus|mayeri,Asynaptic Sex Chromosomes,Heterogametic,XY,NA
Pseudochirulus,peregrinus,Animalia|Mammalia|Diprotodontia|Pseudocheiridae|Pseudochirulus|peregrinus,Asynaptic Sex Chromosomes,Heterogametic,XY,20
Pseudolamus,seriatoporus,Animalia|Insecta|Coleoptera|Tenebrionidae|Pseudolamus|seriatoporus,Asynaptic Sex Chromosomes,Heterogametic,XY,20
Pseudorychoides,insignis,Animalia|Insecta|Coleoptera|Brentidae|Pseudorychoides|insignis,Asynaptic Sex Chromosomes,Heterogametic,XY,12
Pseudosarcophaga,affinis,Animalia|Insecta|Diptera|Sarcophagidae|Pseudosarcophaga|affinis,Achiasmatic Meiosis,Heterogametic,XY,18
Pseudoscaeva,sericea,Animalia|Insecta|Diptera|Syrphidae|Pseudoscaeva|sericea,Achiasmatic Meiosis,Heterogametic,XY,10
Pseudphytoscaphus,sp.,Animalia|Insecta|Coleoptera|Curculionidae|Pseudphytoscaphus|sp.,Asynaptic Sex Chromosomes,Heterogametic,XY,22
Psilota,sp.1,Animalia|Insecta|Diptera|Syrphidae|Psilota|sp.1,Achiasmatic Meiosis,Heterogametic,NA,8
Psitticimex,uritui,Animalia|Insecta|Hemiptera|Cimicidae|Psitticimex|uritui,Achiasmatic Meiosis,Heterogametic,XY,28
Psudopyrellia,cornicina,Animalia|Insecta|Diptera|Muscidae|Psudopyrellia|cornicina,Achiasmatic Meiosis,Heterogametic,NA,12
Psylliodes,algirica,Animalia|Insecta|Coleoptera|Chrysomelidae|Psylliodes|algirica,Asynaptic Sex Chromosomes,Heterogametic,XY,30
Psylliodes,chrysocephalus,Animalia|Insecta|Coleoptera|Chrysomelidae|Psylliodes|chrysocephalus,Asynaptic Sex Chromosomes,Heterogametic,XY,36
Psylliodes,circumdata,Animalia|Insecta|Coleoptera|Chrysomelidae|Psylliodes|circumdata,Asynaptic Sex Chromosomes,Heterogametic,XY,32
Psylliodes,cupreus,Animalia|Insecta|Coleoptera|Chrysomelidae|Psylliodes|cupreus,Asynaptic Sex Chromosomes,Heterogametic,XY,34
Psylliodes,marcidus,Animalia|Insecta|Coleoptera|Chrysomelidae|Psylliodes|marcidus,Asynaptic Sex Chromosomes,Heterogametic,XY,34
Psylliodes,napi,Animalia|Insecta|Coleoptera|Chrysomelidae|Psylliodes|napi,Asynaptic Sex Chromosomes,Heterogametic,XY,34
Psylliodes,obscuroaeneus,Animalia|Insecta|Coleoptera|Chrysomelidae|Psylliodes|obscuroaeneus,Asynaptic Sex Chromosomes,Heterogametic,XY,32
Psylliodes,thlaspis,Animalia|Insecta|Coleoptera|Chrysomelidae|Psylliodes|thlaspis,Asynaptic Sex Chromosomes,Heterogametic,XY,34
Ptecticus,australis,Animalia|Insecta|Diptera|Stratiomyidae|Ptecticus|australis,Achiasmatic Meiosis,Heterogametic,XY,16
Ptecticus,longipennis,Animalia|Insecta|Diptera|Stratiomyidae|Ptecticus|longipennis,Achiasmatic Meiosis,Heterogametic,XY,16
Ptecticus,matsumurae,Animalia|Insecta|Diptera|Stratiomyidae|Ptecticus|matsumurae,Achiasmatic Meiosis,Heterogametic,XY,16
Ptecticus,n.sp.1,Animalia|Insecta|Diptera|Stratiomyidae|Ptecticus|n.sp.1,Achiasmatic Meiosis,Heterogametic,XY,16
Ptecticus,n.sp.2,Animalia|Insecta|Diptera|Stratiomyidae|Ptecticus|n.sp.2,Achiasmatic Meiosis,Heterogametic,NA,16
Ptecticus,n.sp.3nr.Longipennis,Animalia|Insecta|Diptera|Stratiomyidae|Ptecticus|n.sp.3nr.Longipennis,Achiasmatic Meiosis,Heterogametic,XY,16
Ptecticus,n.sp1,Animalia|Insecta|Diptera|Stratiomyidae|Ptecticus|n.sp1,Achiasmatic Meiosis,Heterogametic,XY,16
Ptecticus,n.sp2,Animalia|Insecta|Diptera|Stratiomyidae|Ptecticus|n.sp2,Achiasmatic Meiosis,Heterogametic,NA,16
Ptecticus,n.sp3,Animalia|Insecta|Diptera|Stratiomyidae|Ptecticus|n.sp3,Achiasmatic Meiosis,Heterogametic,XY,16
Ptecticus,n.sp4,Animalia|Insecta|Diptera|Stratiomyidae|Ptecticus|n.sp4,Achiasmatic Meiosis,Heterogametic,XY,16
Ptecticus,n.sp5,Animalia|Insecta|Diptera|Stratiomyidae|Ptecticus|n.sp5,Achiasmatic Meiosis,Heterogametic,XY,16
Ptecticus,sackenii,Animalia|Insecta|Diptera|Stratiomyidae|Ptecticus|sackenii,Achiasmatic Meiosis,Heterogametic,NA,16
Ptecticus,sp.4,Animalia|Insecta|Diptera|Stratiomyidae|Ptecticus|sp.4,Achiasmatic Meiosis,Heterogametic,XY,16
Ptecticus,sp.5,Animalia|Insecta|Diptera|Stratiomyidae|Ptecticus|sp.5,Achiasmatic Meiosis,Heterogametic,XY,16
Ptecticus,tenebrifer,Animalia|Insecta|Diptera|Stratiomyidae|Ptecticus|tenebrifer,Achiasmatic Meiosis,Heterogametic,XY,16
Ptecticus,trivittatus,Animalia|Insecta|Diptera|Stratiomyidae|Ptecticus|trivittatus,Achiasmatic Meiosis,Heterogametic,XY,16
Ptecticus,wulpii,Animalia|Insecta|Diptera|Stratiomyidae|Ptecticus|wulpii,Achiasmatic Meiosis,Heterogametic,XY,16
Pterocalla,sp.,Animalia|Insecta|Diptera|Ulidiidae|Pterocalla|sp.,Achiasmatic Meiosis,Heterogametic,XY,10
Pterolophia,caudata,Animalia|Insecta|Coleoptera|Cerambycidae|Pterolophia|caudata,Asynaptic Sex Chromosomes,Heterogametic,XY,20
Pteromicra,glabricula,Animalia|Insecta|Diptera|Sciomyzidae|Pteromicra|glabricula,Achiasmatic Meiosis,Heterogametic,XY,10
Pteromicra,pectorosa,Animalia|Insecta|Diptera|Sciomyzidae|Pteromicra|pectorosa,Achiasmatic Meiosis,Heterogametic,XO,10
Pteromicra,similis,Animalia|Insecta|Diptera|Sciomyzidae|Pteromicra|similis,Achiasmatic Meiosis,Heterogametic,NA,10
Ptinus,clavipes,Animalia|Insecta|Coleoptera|Anobiidae|Ptinus|clavipes,Asynaptic Sex Chromosomes,Heterogametic,XY,18
Ptinus,villiger,Animalia|Insecta|Coleoptera|Anobiidae|Ptinus|villiger,Asynaptic Sex Chromosomes,Heterogametic,XY,18
Ptochus,oyulum,Animalia|Insecta|Coleoptera|Curculionidae|Ptochus|oyulum,Asynaptic Sex Chromosomes,Heterogametic,XY,22
Ptychoderes,bivittatus,Animalia|Insecta|Coleoptera|Anthribidae|Ptychoderes|bivittatus,Asynaptic Sex Chromosomes,Heterogametic,XY,22
Ptychoderes,tricostifrons,Animalia|Insecta|Coleoptera|Anthribidae|Ptychoderes|tricostifrons,Asynaptic Sex Chromosomes,Heterogametic,XY,22
Purpuricenus,indus,Animalia|Insecta|Coleoptera|Cerambycidae|Purpuricenus|indus,Asynaptic Sex Chromosomes,Heterogametic,XY,28
Pyrrhalta,viburni,Animalia|Insecta|Coleoptera|Chrysomelidae|Pyrrhalta|viburni,Asynaptic Sex Chromosomes,Heterogametic,XY,36
Quaestus,pasensis,Animalia|Insecta|Coleoptera|Leiodidae|Quaestus|pasensis,Asynaptic Sex Chromosomes,Heterogametic,XY,22
Rana,esculenta,Animalia|Amphibia|Anura|Glandirana|Rana|esculenta,Asynaptic Sex Chromosomes,NA,NA,26
Rana,rugosa,Animalia|Amphibia|Anura|Glandirana|Rana|rugosa,Achiasmatic Sex Chromosomes,Heterogametic,ZW,26
Ravinia,communis,Animalia|Insecta|Diptera|Sarcophagidae|Ravinia|communis,Achiasmatic Meiosis,Heterogametic,XY,12
Ravinia,duplicata,Animalia|Insecta|Diptera|Sarcophagidae|Ravinia|duplicata,Achiasmatic Meiosis,Heterogametic,XY,12
Ravinia,l'herminieri,Animalia|Insecta|Diptera|Sarcophagidae|Ravinia|l'herminieri,Achiasmatic Meiosis,Heterogametic,XY,12
Ravinia,peniculata,Animalia|Insecta|Diptera|Sarcophagidae|Ravinia|peniculata,Achiasmatic Meiosis,Heterogametic,XY,12
Ravinia,pusiola,Animalia|Insecta|Diptera|Sarcophagidae|Ravinia|pusiola,Achiasmatic Meiosis,Heterogametic,XY,12
Ravinia,querula,Animalia|Insecta|Diptera|Sarcophagidae|Ravinia|querula,Achiasmatic Meiosis,Heterogametic,XY,12
Rawinia,peniculata,Animalia|Insecta|Diptera|Sarcophagidae|Rawinia|peniculata,Achiasmatic Meiosis,Heterogametic,XY,12
Reddyanus,basilicus,Animalia|Arachnida|Scorpiones|Buthidae|Reddyanus|basilicus,Achiasmatic Meiosis,Heterogametic,NA,16
Reddyanus,ceylonensis,Animalia|Arachnida|Scorpiones|Buthidae|Reddyanus|ceylonensis,Achiasmatic Meiosis,Heterogametic,NA,16
Reddyanus,furai sp. n.,Animalia|Arachnida|Scorpiones|Buthidae|Reddyanus|furai sp. n.,Achiasmatic Meiosis,Heterogametic,NA,14
Reddyanus,hofereki sp. n.,Animalia|Arachnida|Scorpiones|Buthidae|Reddyanus|hofereki sp. n.,Achiasmatic Meiosis,Heterogametic,NA,NA
Reddyanus,loebli,Animalia|Arachnida|Scorpiones|Buthidae|Reddyanus|loebli,Achiasmatic Meiosis,Heterogametic,NA,18
Reddyanus,majkusi sp. n.,Animalia|Arachnida|Scorpiones|Buthidae|Reddyanus|majkusi sp. n.,Achiasmatic Meiosis,Heterogametic,NA,16
Reddyanus,rolciki,Animalia|Arachnida|Scorpiones|Buthidae|Reddyanus|rolciki,Achiasmatic Meiosis,Heterogametic,NA,14
Reddyanus,rolciki sp. n.,Animalia|Arachnida|Scorpiones|Buthidae|Reddyanus|rolciki sp. n.,Achiasmatic Meiosis,Heterogametic,NA,14
Reddyanus,schwotti,Animalia|Arachnida|Scorpiones|Buthidae|Reddyanus|schwotti,Achiasmatic Meiosis,Heterogametic,NA,12
Reddyanus,schwotti sp. n.,Animalia|Arachnida|Scorpiones|Buthidae|Reddyanus|schwotti sp. n.,Achiasmatic Meiosis,Heterogametic,NA,12
Renocera,fuscinervis,Animalia|Insecta|Diptera|Sciomyzidae|Renocera|fuscinervis,Achiasmatic Meiosis,Heterogametic,XY,12
Reticulitermes,flavipes,Animalia|Insecta|Blattodea|Rhinotermitidae|Reticulitermes|flavipes,Asynaptic Sex Chromosomes,Heterogametic,NA,NA
Reticulitermes,speratus,Animalia|Insecta|Blattodea|Rhinotermitidae|Reticulitermes|speratus,Asynaptic Sex Chromosomes,Heterogametic,NA,NA
Rhachiptera,limbata,Animalia|Insecta|Diptera|Tephritidae|Rhachiptera|limbata,Achiasmatic Meiosis,Heterogametic,ZW,12
Rhadinomerus,annulipes,Animalia|Insecta|Coleoptera|Curculionidae|Rhadinomerus|annulipes,Asynaptic Sex Chromosomes,Heterogametic,XY,36
Rhadinomerus,maebarai,Animalia|Insecta|Coleoptera|Curculionidae|Rhadinomerus|maebarai,Asynaptic Sex Chromosomes,Heterogametic,XY,44
Rhagium,bifasciatum,Animalia|Insecta|Coleoptera|Cerambycidae|Rhagium|bifasciatum,Asynaptic Sex Chromosomes,Heterogametic,XY,20
Rhagium,inquiSitonar,Animalia|Insecta|Coleoptera|Cerambycidae|Rhagium|inquiSitonar,Asynaptic Sex Chromosomes,Heterogametic,XY,20
Rhagoletis,basiola,Animalia|Insecta|Diptera|Tephritidae|Rhagoletis|basiola,Achiasmatic Meiosis,Heterogametic,XY,10
Rhagoletis,berberedis,Animalia|Insecta|Diptera|Tephritidae|Rhagoletis|berberedis,Achiasmatic Meiosis,Heterogametic,XY,12
Rhagoletis,berberidis,Animalia|Insecta|Diptera|Tephritidae|Rhagoletis|berberidis,Achiasmatic Meiosis,Heterogametic,NA,12
Rhagoletis,berberis,Animalia|Insecta|Diptera|Tephritidae|Rhagoletis|berberis,Achiasmatic Meiosis,Heterogametic,NA,10
Rhagoletis,boycei,Animalia|Insecta|Diptera|Tephritidae|Rhagoletis|boycei,Achiasmatic Meiosis,Heterogametic,NA,12
Rhagoletis,cerasi,Animalia|Insecta|Diptera|Tephritidae|Rhagoletis|cerasi,Achiasmatic Meiosis,Heterogametic,XY,12
Rhagoletis,cingulata,Animalia|Insecta|Diptera|Tephritidae|Rhagoletis|cingulata,Achiasmatic Meiosis,Heterogametic,NA,12
Rhagoletis,completa,Animalia|Insecta|Diptera|Tephritidae|Rhagoletis|completa,Achiasmatic Meiosis,Heterogametic,NA,12
Rhagoletis,conivora,Animalia|Insecta|Diptera|Tephritidae|Rhagoletis|conivora,Achiasmatic Meiosis,Heterogametic,XY,12
Rhagoletis,conversa,Animalia|Insecta|Diptera|Tephritidae|Rhagoletis|conversa,Achiasmatic Meiosis,Heterogametic,XY,12
Rhagoletis,fausta,Animalia|Insecta|Diptera|Tephritidae|Rhagoletis|fausta,Achiasmatic Meiosis,Heterogametic,NA,12
Rhagoletis,indifferens,Animalia|Insecta|Diptera|Tephritidae|Rhagoletis|indifferens,Achiasmatic Meiosis,Heterogametic,NA,12
Rhagoletis,jungladis,Animalia|Insecta|Diptera|Tephritidae|Rhagoletis|jungladis,Achiasmatic Meiosis,Heterogametic,NA,12
Rhagoletis,juniperina,Animalia|Insecta|Diptera|Tephritidae|Rhagoletis|juniperina,Achiasmatic Meiosis,Heterogametic,NA,12
Rhagoletis,meigeni,Animalia|Insecta|Diptera|Tephritidae|Rhagoletis|meigeni,Achiasmatic Meiosis,Heterogametic,XO,10
Rhagoletis,mendax,Animalia|Insecta|Diptera|Tephritidae|Rhagoletis|mendax,Achiasmatic Meiosis,Heterogametic,NA,12
Rhagoletis,nova,Animalia|Insecta|Diptera|Tephritidae|Rhagoletis|nova,Achiasmatic Meiosis,Heterogametic,XY,12
Rhagoletis,pomella,Animalia|Insecta|Diptera|Tephritidae|Rhagoletis|pomella,Achiasmatic Meiosis,Heterogametic,NA,12
Rhagoletis,ribicola,Animalia|Insecta|Diptera|Tephritidae|Rhagoletis|ribicola,Achiasmatic Meiosis,Heterogametic,NA,12
Rhagoletis,striatelia,Animalia|Insecta|Diptera|Tephritidae|Rhagoletis|striatelia,Achiasmatic Meiosis,Heterogametic,NA,12
Rhagoletis,suavis,Animalia|Insecta|Diptera|Tephritidae|Rhagoletis|suavis,Achiasmatic Meiosis,Heterogametic,NA,12
Rhagoletis,tabelaria,Animalia|Insecta|Diptera|Tephritidae|Rhagoletis|tabelaria,Achiasmatic Meiosis,Heterogametic,NA,12
Rhagoletis,tomatis,Animalia|Insecta|Diptera|Tephritidae|Rhagoletis|tomatis,Achiasmatic Meiosis,Heterogametic,XY,12
Rhagoletis,zephyria,Animalia|Insecta|Diptera|Tephritidae|Rhagoletis|zephyria,Achiasmatic Meiosis,Heterogametic,NA,12
Rhagoletis,zoqui,Animalia|Insecta|Diptera|Tephritidae|Rhagoletis|zoqui,Achiasmatic Meiosis,Heterogametic,NA,12
Rhamphorrhina,bertolonii,Animalia|Insecta|Coleoptera|Scarabaeidae|Rhamphorrhina|bertolonii,Asynaptic Sex Chromosomes,Heterogametic,XY,20
Rhantus,exsoletus,Animalia|Insecta|Coleoptera|Dytiscidae|Rhantus|exsoletus,Asynaptic Sex Chromosomes,Heterogametic,XY,42
Rhantus,notatus,Animalia|Insecta|Coleoptera|Dytiscidae|Rhantus|notatus,Asynaptic Sex Chromosomes,Heterogametic,XY,44
Rhingia,austriaca,Animalia|Insecta|Diptera|Syrphidae|Rhingia|austriaca,Achiasmatic Meiosis,Heterogametic,XY,12
Rhingia,campestris,Animalia|Insecta|Diptera|Syrphidae|Rhingia|campestris,Achiasmatic Meiosis,Heterogametic,XY,10
Rhingia,cyanoprora,Animalia|Insecta|Diptera|Syrphidae|Rhingia|cyanoprora,Achiasmatic Meiosis,Heterogametic,XY,10
Rhingia,nasica,Animalia|Insecta|Diptera|Syrphidae|Rhingia|nasica,Achiasmatic Meiosis,Heterogametic,XY,10
Rhingia,rostrata,Animalia|Insecta|Diptera|Syrphidae|Rhingia|rostrata,Achiasmatic Meiosis,Heterogametic,XY,12
Rhingia,sp.2,Animalia|Insecta|Diptera|Syrphidae|Rhingia|sp.2,Achiasmatic Meiosis,Heterogametic,XY,10
Rhinia,apicalis,Animalia|Insecta|Diptera|Calliphoridae|Rhinia|apicalis,Achiasmatic Meiosis,Heterogametic,XY,12
Rhinia,discolor,Animalia|Insecta|Diptera|Calliphoridae|Rhinia|discolor,Achiasmatic Meiosis,Heterogametic,XY,12
Rhinia,subapicalis,Animalia|Insecta|Diptera|Calliphoridae|Rhinia|subapicalis,Achiasmatic Meiosis,Heterogametic,XY,12
Rhinocerus,sp.,Animalia|Insecta|Coleoptera|Curculionidae|Rhinocerus|sp.,Asynaptic Sex Chromosomes,Heterogametic,XY,20
Rhinomias,forticornis,Animalia|Insecta|Coleoptera|Curculionidae|Rhinomias|forticornis,Asynaptic Sex Chromosomes,Heterogametic,XY,22
Rhinoncus,pagnus,Animalia|Insecta|Coleoptera|Curculionidae|Rhinoncus|pagnus,Asynaptic Sex Chromosomes,Heterogametic,XY,20
Rhinoncus,sibiricus,Animalia|Insecta|Coleoptera|Curculionidae|Rhinoncus|sibiricus,Asynaptic Sex Chromosomes,Heterogametic,XY,28
Rhinoprosopa,nasuta,Animalia|Insecta|Diptera|Syrphidae|Rhinoprosopa|nasuta,Achiasmatic Meiosis,Heterogametic,XY,10
Rhinyptia,indica,Animalia|Insecta|Coleoptera|Scarabaeidae|Rhinyptia|indica,Asynaptic Sex Chromosomes,Heterogametic,XY,20
Rhizopertha,dominica,Animalia|Insecta|Coleoptera|Bostrichidae|Rhizopertha|dominica,Asynaptic Sex Chromosomes,Heterogametic,XY,18
Rhodnius,pallescens,Animalia|Insecta|Hemiptera|Reduviidae|Rhodnius|pallescens,Achiasmatic Sex Chromosomes,Heterogametic,XY,22
Rhopalapion,longirostre,Animalia|Insecta|Coleoptera|Brentidae|Rhopalapion|longirostre,Asynaptic Sex Chromosomes,Heterogametic,XY,22
Rhopalomyia,sabinae,Animalia|Insecta|Diptera|Cecidomyiidae|Rhopalomyia|sabinae,Achiasmatic Meiosis,Heterogametic,XO,8
Rhopalurus,agamemnon,Animalia|Arachnida|Scorpiones|Buthidae|Rhopalurus|agamemnon,Achiasmatic Meiosis,Heterogametic,NA,28
Rhopalurus,laticauda,Animalia|Arachnida|Scorpiones|Buthidae|Rhopalurus|laticauda,Achiasmatic Meiosis,Both,NA,22
Rhopalurus,rochai,Animalia|Arachnida|Scorpiones|Buthidae|Rhopalurus|rochai,Achiasmatic Meiosis,Heterogametic,NA,28
Rhymosia,domestica,Animalia|Insecta|Diptera|Mycetophilidae|Rhymosia|domestica,Achiasmatic Meiosis,Heterogametic,XY,14
Rhymosia,fenestralis,Animalia|Insecta|Diptera|Mycetophilidae|Rhymosia|fenestralis,Achiasmatic Meiosis,Heterogametic,XY,8
Rhynchaenus,populi,Animalia|Insecta|Coleoptera|Curculionidae|Rhynchaenus|populi,Asynaptic Sex Chromosomes,Heterogametic,XY,26
Rhynchaenus,stigma,Animalia|Insecta|Coleoptera|Curculionidae|Rhynchaenus|stigma,Asynaptic Sex Chromosomes,Heterogametic,XY,28
Rhynchites,heros,Animalia|Insecta|Coleoptera|Attelabidae|Rhynchites|heros,Asynaptic Sex Chromosomes,Heterogametic,XY,38
Rhynchites,pilosus,Animalia|Insecta|Coleoptera|Attelabidae|Rhynchites|pilosus,Asynaptic Sex Chromosomes,Heterogametic,XY,32
Rhynchites,placidus,Animalia|Insecta|Coleoptera|Attelabidae|Rhynchites|placidus,Asynaptic Sex Chromosomes,Heterogametic,XY,38
Rhynchites,sp.,Animalia|Insecta|Coleoptera|Attelabidae|Rhynchites|sp.,Asynaptic Sex Chromosomes,Heterogametic,XY,34
Rhyncholestes,raphanurus,Animalia|Mammalia|Paucituberculata|Caenolestidae|Rhyncholestes|raphanurus,Asynaptic Sex Chromosomes,Heterogametic,XY,14
Rhynchophorus,ferrugineus,Animalia|Insecta|Coleoptera|Curculionidae|Rhynchophorus|ferrugineus,Asynaptic Sex Chromosomes,Heterogametic,XY,22
Rhynchosciara,americana,Animalia|Insecta|Diptera|Sciaridae|Rhynchosciara|americana,Achiasmatic Meiosis,Heterogametic,XO,8
Rhynchosciara,hollaenderi,Animalia|Insecta|Diptera|Sciaridae|Rhynchosciara|hollaenderi,Achiasmatic Meiosis,Heterogametic,XO,8
Rhynchospora,tenuis,Plantae|Liliopsida|Cyperales|Cyperaceae|Rhynchospora|tenuis,Achiasmatic Meiosis,Heterogametic,NA,4
Rhynchospora,tenuis,Plantae|Magnoliopsida|Poales|Cyperaceae|Rhynchospora|tenuis,Achiasmatic Meiosis,NA,NA,4
Rhyncomyia,italica,Animalia|Insecta|Diptera|Calliphoridae|Rhyncomyia|italica,Achiasmatic Meiosis,Heterogametic,XY,12
Rhyncomyia,stannocuprea,Animalia|Insecta|Diptera|Calliphoridae|Rhyncomyia|stannocuprea,Achiasmatic Meiosis,Heterogametic,XY,12
Rhysops,currani,Animalia|Insecta|Diptera|Syrphidae|Rhysops|currani,Achiasmatic Meiosis,Heterogametic,XY,10
Rhysops,neotropica,Animalia|Insecta|Diptera|Syrphidae|Rhysops|neotropica,Achiasmatic Meiosis,Heterogametic,XY,14
Rhysops,nigrans,Animalia|Insecta|Diptera|Syrphidae|Rhysops|nigrans,Achiasmatic Meiosis,Heterogametic,XY,8
Rhysops,sp.13,Animalia|Insecta|Diptera|Syrphidae|Rhysops|sp.13,Achiasmatic Meiosis,Heterogametic,XY,8
Rhysops,sp._13_,Animalia|Insecta|Diptera|Syrphidae|Rhysops|sp._13_,Achiasmatic Meiosis,Heterogametic,XY,8
Rhyssomatus,margitus,Animalia|Insecta|Coleoptera|Curculionidae|Rhyssomatus|margitus,Asynaptic Sex Chromosomes,Heterogametic,XY,22
Rhytidocassis,indicola,Animalia|Insecta|Coleoptera|Chrysomelidae|Rhytidocassis|indicola,Asynaptic Sex Chromosomes,Heterogametic,XY,18
Rhytinota,sp.,Animalia|Insecta|Coleoptera|Tenebrionidae|Rhytinota|sp.,Asynaptic Sex Chromosomes,Heterogametic,XY,20
Rhyzobius,chrysomeloides,Animalia|Insecta|Coleoptera|Coccinellidae|Rhyzobius|chrysomeloides,Asynaptic Sex Chromosomes,Heterogametic,XY,18
Richtersius,coronifer,Animalia|Eutardigrada|Parachela|Richtersiidae|Richtersius|coronifer,Achiasmatic Meiosis,Heterogametic,NA,12
Rivellia,sp.,Animalia|Insecta|Diptera|Platystomatidae|Rivellia|sp.,Achiasmatic Meiosis,Heterogametic,XY,6
Rivellia,sp.Probably,Animalia|Insecta|Diptera|Platystomatidae|Rivellia|sp.Probably,Achiasmatic Meiosis,Heterogametic,XY,6
Rivellia,viridulans,Animalia|Insecta|Diptera|Platystomatidae|Rivellia|viridulans,Achiasmatic Meiosis,Heterogametic,XY,6
Rubus,canadensis,Plantae|Magnoliopsida|Rosales|Rosacease|Rubus|canadensis,Asynaptic Sex Chromosomes,Heterogametic,NA,NA
Ruteria,hypocrita,Animalia|Insecta|Coleoptera|Curculionidae|Ruteria|hypocrita,Asynaptic Sex Chromosomes,Heterogametic,XY,30
Rynchophorus,palmarum,Animalia|Insecta|Coleoptera|Curculionidae|Rynchophorus|palmarum,Asynaptic Sex Chromosomes,Heterogametic,XY,22
Ryssematus,lineaticollis,Animalia|Insecta|Coleoptera|Curculionidae|Ryssematus|lineaticollis,Asynaptic Sex Chromosomes,Heterogametic,XY,24
Sacrophaga,carnria,Animalia|Insecta|Diptera|Sarcophagidae|Sacrophaga|carnria,Achiasmatic Meiosis,Heterogametic,XY,12
Sacrophaga,sgrracinae,Animalia|Insecta|Diptera|Sarcophagidae|Sacrophaga|sgrracinae,Achiasmatic Meiosis,Heterogametic,XY,12
Sacrophaga,sp,Animalia|Insecta|Diptera|Sarcophagidae|Sacrophaga|sp,Achiasmatic Meiosis,Heterogametic,XY,12
Sacrophaga,tuberosa,Animalia|Insecta|Diptera|Sarcophagidae|Sacrophaga|tuberosa,Achiasmatic Meiosis,Heterogametic,XY,12
Saldula,orthochila,Animalia|Insecta|Hemiptera|Saldidae|Saldula|orthochila,Achiasmatic Meiosis,Heterogametic,XY,32
Saldula,orthothila,Animalia|Insecta|Lepidoptera|Saldidae|Saldula|orthothila,Achiasmatic Meiosis,Heterogametic,ZW,32
Saldula,saltatirua,Animalia|Insecta|Lepidoptera|Saldidae|Saldula|saltatirua,Achiasmatic Meiosis,Heterogametic,ZO,32
Saldula,saltatoria,Animalia|Insecta|Hemiptera|Saldidae|Saldula|saltatoria,Achiasmatic Meiosis,Heterogametic,XY,32
Salpingogaster,limbipennis,Animalia|Insecta|Diptera|Syrphidae|Salpingogaster|limbipennis,Achiasmatic Meiosis,Heterogametic,XY,10
Salpingogaster,nigra,Animalia|Insecta|Diptera|Syrphidae|Salpingogaster|nigra,Achiasmatic Meiosis,Heterogametic,XY,8
Salpingogaster,sp.1,Animalia|Insecta|Diptera|Syrphidae|Salpingogaster|sp.1,Achiasmatic Meiosis,Heterogametic,XY,8
Salticella,fasciata,Animalia|Insecta|Diptera|Sciomyzidae|Salticella|fasciata,Achiasmatic Meiosis,Heterogametic,XY,12
Saluda,orthothila,Animalia|Insecta|Hemiptera|Saldidae|Saluda|orthothila,Achiasmatic Meiosis,Heterogametic,XY,36
Saluda,saltatoria,Animalia|Insecta|Hemiptera|Saldidae|Saluda|saltatoria,Achiasmatic Meiosis,Heterogametic,XO,36
Samoaia,Afiamallu,Animalia|Insecta|Diptera|Drosophilidae|Samoaia|Afiamallu,Achiasmatic Meiosis,Heterogametic,NA,10
Samoaia,attenuata,Animalia|Insecta|Diptera|Drosophilidae|Samoaia|attenuata,Achiasmatic Meiosis,Heterogametic,NA,8
Samoaia,blackwing,Animalia|Insecta|Diptera|Drosophilidae|Samoaia|blackwing,Achiasmatic Meiosis,Heterogametic,NA,12
Samoaia,leonensis,Animalia|Insecta|Diptera|Drosophilidae|Samoaia|leonensis,Achiasmatic Meiosis,Heterogametic,NA,8
Saperda,calcarata,Animalia|Insecta|Coleoptera|Cerambycidae|Saperda|calcarata,Asynaptic Sex Chromosomes,Heterogametic,XY,20
Saperda,moesta,Animalia|Insecta|Coleoptera|Cerambycidae|Saperda|moesta,Asynaptic Sex Chromosomes,Heterogametic,XY,20
Saperda,perforata,Animalia|Insecta|Coleoptera|Cerambycidae|Saperda|perforata,Asynaptic Sex Chromosomes,Heterogametic,XY,20
Saperda,populnea,Animalia|Insecta|Coleoptera|Cerambycidae|Saperda|populnea,Asynaptic Sex Chromosomes,Heterogametic,XY,20
Saperda,scalaris,Animalia|Insecta|Coleoptera|Cerambycidae|Saperda|scalaris,Asynaptic Sex Chromosomes,Heterogametic,XY,20
Saphanus,piceus,Animalia|Insecta|Coleoptera|Cerambycidae|Saphanus|piceus,Asynaptic Sex Chromosomes,Heterogametic,XY,20
Saprinus,sp.,Animalia|Insecta|Coleoptera|Histeridae|Saprinus|sp.,Asynaptic Sex Chromosomes,Heterogametic,XY,26
Sapromyza,avicola,Animalia|Insecta|Diptera|Lauxaniidae|Sapromyza|avicola,Achiasmatic Meiosis,Heterogametic,XY,12
Sapromyza,sp,Animalia|Insecta|Diptera|Lauxaniidae|Sapromyza|sp,Achiasmatic Meiosis,Heterogametic,XY,8
Sapromyza,species,Animalia|Insecta|Diptera|Lauxaniidae|Sapromyza|species,Achiasmatic Meiosis,Heterogametic,XY,8
Sapromyza,stigmatica,Animalia|Insecta|Diptera|Lauxaniidae|Sapromyza|stigmatica,Achiasmatic Meiosis,Heterogametic,XY,12
Sarconesiopsis,chilensis,Animalia|Insecta|Diptera|Calliphoridae|Sarconesiopsis|chilensis,Achiasmatic Meiosis,Heterogametic,XY,12
Sarcophaga,aldrichi,Animalia|Insecta|Diptera|Sarcophagidae|Sarcophaga|aldrichi,Achiasmatic Meiosis,Heterogametic,XY,12
Sarcophaga,argyrostoma,Animalia|Insecta|Diptera|Sarcophagidae|Sarcophaga|argyrostoma,Achiasmatic Meiosis,Heterogametic,XY,12
Sarcophaga,bullata,Animalia|Insecta|Diptera|Sarcophagidae|Sarcophaga|bullata,Achiasmatic Meiosis,Heterogametic,XY,12
Sarcophaga,carnaria,Animalia|Insecta|Diptera|Sarcophagidae|Sarcophaga|carnaria,Achiasmatic Meiosis,Heterogametic,XY,12
Sarcophaga,cooleyi,Animalia|Insecta|Diptera|Sarcophagidae|Sarcophaga|cooleyi,Achiasmatic Meiosis,Heterogametic,XY,12
Sarcophaga,crassipalpis,Animalia|Insecta|Diptera|Sarcophagidae|Sarcophaga|crassipalpis,Achiasmatic Meiosis,Heterogametic,XY,12
Sarcophaga,dalmatina,Animalia|Insecta|Diptera|Sarcophagidae|Sarcophaga|dalmatina,Achiasmatic Meiosis,Heterogametic,XY,12
Sarcophaga,exuberans,Animalia|Insecta|Diptera|Sarcophagidae|Sarcophaga|exuberans,Achiasmatic Meiosis,Heterogametic,XY,12
Sarcophaga,falculata,Animalia|Insecta|Diptera|Sarcophagidae|Sarcophaga|falculata,Achiasmatic Meiosis,Heterogametic,XY,12
Sarcophaga,latisterna,Animalia|Insecta|Diptera|Sarcophagidae|Sarcophaga|latisterna,Achiasmatic Meiosis,Heterogametic,XY,12
Sarcophaga,occipitalis,Animalia|Insecta|Diptera|Sarcophagidae|Sarcophaga|occipitalis,Achiasmatic Meiosis,Heterogametic,XY,12
Sarcophaga,raversa,Animalia|Insecta|Diptera|Sarcophagidae|Sarcophaga|raversa,Achiasmatic Meiosis,Heterogametic,XY,12
Sarcophaga,sarraceniae,Animalia|Insecta|Diptera|Sarcophagidae|Sarcophaga|sarraceniae,Achiasmatic Meiosis,Heterogametic,XY,12
Sarcophaga,securifera,Animalia|Insecta|Diptera|Sarcophagidae|Sarcophaga|securifera,Achiasmatic Meiosis,Heterogametic,XY,12
Sarcophaga,sp,Animalia|Insecta|Diptera|Sarcophagidae|Sarcophaga|sp,Achiasmatic Meiosis,Heterogametic,XY,12
Sarcophaga,tuberosa,Animalia|Insecta|Diptera|Sarcophagidae|Sarcophaga|tuberosa,Achiasmatic Meiosis,Heterogametic,XY,12
Sarcophage,latisterna,Animalia|Insecta|Diptera|Sarcophagidae|Sarcophage|latisterna,Achiasmatic Meiosis,Heterogametic,XY,12
Sarcophilus,harrisii,Animalia|Mammalia|Dasyuromorphia|Dasyuridae|Sarcophilus|harrisii,Asynaptic Sex Chromosomes,Heterogametic,XY,14
Sargus,cuprarius,Animalia|Insecta|Diptera|Stratiomyidae|Sargus|cuprarius,Achiasmatic Meiosis,Heterogametic,NA,16
Sargus,fasciatus,Animalia|Insecta|Diptera|Stratiomyidae|Sargus|fasciatus,Achiasmatic Meiosis,Heterogametic,XY,8
Scaeva,albomaculata,Animalia|Insecta|Diptera|Syrphidae|Scaeva|albomaculata,Achiasmatic Meiosis,Heterogametic,XY,8
Scaeva,melanostoma,Animalia|Insecta|Diptera|Syrphidae|Scaeva|melanostoma,Achiasmatic Meiosis,Heterogametic,XY,10
Scaeva,occidentalis,Animalia|Insecta|Diptera|Syrphidae|Scaeva|occidentalis,Achiasmatic Meiosis,Heterogametic,XY,10
Scaeva,pyrastri,Animalia|Insecta|Diptera|Syrphidae|Scaeva|pyrastri,Achiasmatic Meiosis,Heterogametic,XY,8
Scaeva,selenitica,Animalia|Insecta|Diptera|Syrphidae|Scaeva|selenitica,Achiasmatic Meiosis,Heterogametic,XY,8
Scaptomyza,adusta,Animalia|Insecta|Diptera|Drosophilidae|Scaptomyza|adusta,Achiasmatic Meiosis,Heterogametic,NA,10
Scaptomyza,albovittata,Animalia|Insecta|Diptera|Drosophilidae|Scaptomyza|albovittata,Achiasmatic Meiosis,Heterogametic,NA,10
Scaptomyza,anomala,Animalia|Insecta|Diptera|Drosophilidae|Scaptomyza|anomala,Achiasmatic Meiosis,Heterogametic,NA,10
Scaptomyza,argentifrons,Animalia|Insecta|Diptera|Drosophilidae|Scaptomyza|argentifrons,Achiasmatic Meiosis,Heterogametic,NA,10
Scaptomyza,denticauda,Animalia|Insecta|Diptera|Drosophilidae|Scaptomyza|denticauda,Achiasmatic Meiosis,Heterogametic,XY,8
Scaptomyza,graminum,Animalia|Insecta|Diptera|Drosophilidae|Scaptomyza|graminum,Achiasmatic Meiosis,Heterogametic,XY,8
Scaptomyza,hamata,Animalia|Insecta|Diptera|Drosophilidae|Scaptomyza|hamata,Achiasmatic Meiosis,Heterogametic,NA,8
Scaptomyza,melancholica,Animalia|Insecta|Diptera|Drosophilidae|Scaptomyza|melancholica,Achiasmatic Meiosis,Heterogametic,NA,8
Scaptomyza,noei,Animalia|Insecta|Diptera|Drosophilidae|Scaptomyza|noei,Achiasmatic Meiosis,Heterogametic,NA,10
Scaptomyza,pallida,Animalia|Insecta|Diptera|Drosophilidae|Scaptomyza|pallida,Achiasmatic Meiosis,Heterogametic,NA,8
Scaptomyza,palmae,Animalia|Insecta|Diptera|Drosophilidae|Scaptomyza|palmae,Achiasmatic Meiosis,Heterogametic,NA,10
Scaptomyza,spp.,Animalia|Insecta|Diptera|Drosophilidae|Scaptomyza|spp.,Achiasmatic Meiosis,Heterogametic,NA,10
Scaptomyza,varifrons,Animalia|Insecta|Diptera|Drosophilidae|Scaptomyza|varifrons,Achiasmatic Meiosis,Heterogametic,NA,10
Scaptomyza,waialealeae,Animalia|Insecta|Diptera|Drosophilidae|Scaptomyza|waialealeae,Achiasmatic Meiosis,Heterogametic,NA,8
Scaptomyza,xanthopleura,Animalia|Insecta|Diptera|Drosophilidae|Scaptomyza|xanthopleura,Achiasmatic Meiosis,Heterogametic,NA,10
Scaptophaga,furcala,Animalia|Insecta|Diptera|Scathophagidae|Scaptophaga|furcala,Achiasmatic Meiosis,Heterogametic,XY,12
Scaptophaga,nigrolimbata,Animalia|Insecta|Diptera|Scathophagidae|Scaptophaga|nigrolimbata,Achiasmatic Meiosis,Heterogametic,XY,12
Scaptophaga,pallida,Animalia|Insecta|Diptera|Scathophagidae|Scaptophaga|pallida,Achiasmatic Meiosis,Heterogametic,XY,12
Scaptophaga,stercoraria,Animalia|Insecta|Diptera|Scathophagidae|Scaptophaga|stercoraria,Achiasmatic Meiosis,Heterogametic,XY,12
Scarabaeidae,nr.,Animalia|Insecta|Coleoptera|Scarabaeidae|Scarabaeidae|nr.,Asynaptic Sex Chromosomes,Heterogametic,XY,20
Scarabaeus,cristatus,Animalia|Insecta|Coleoptera|Scarabaeidae|Scarabaeus|cristatus,Asynaptic Sex Chromosomes,Heterogametic,XY,20
Scarabaeus,laticollis,Animalia|Insecta|Coleoptera|Scarabaeidae|Scarabaeus|laticollis,Asynaptic Sex Chromosomes,Heterogametic,XY,20
Scarabaeus,sacer,Animalia|Insecta|Coleoptera|Scarabaeidae|Scarabaeus|sacer,Asynaptic Sex Chromosomes,Heterogametic,XY,20
Scarabaeus,semipunctatus,Animalia|Insecta|Coleoptera|Scarabaeidae|Scarabaeus|semipunctatus,Asynaptic Sex Chromosomes,Heterogametic,XY,20
Scathopaga,nigrolimbala,Animalia|Insecta|Diptera|Scathophagidae|Scathopaga|nigrolimbala,Achiasmatic Meiosis,Heterogametic,XY,12
Scathophaga,furcata,Animalia|Insecta|Diptera|Scathophagidae|Scathophaga|furcata,Achiasmatic Meiosis,Heterogametic,XY,12
Scathophaga,pallida,Animalia|Insecta|Diptera|Scathophagidae|Scathophaga|pallida,Achiasmatic Meiosis,Heterogametic,XY,12
Scathophaga,stercoraria,Animalia|Insecta|Diptera|Scathophagidae|Scathophaga|stercoraria,Achiasmatic Meiosis,Heterogametic,XY,12
Scatophaga,pallida,Animalia|Insecta|Diptera|Anthomyiidae|Scatophaga|pallida,Achiasmatic Meiosis,Heterogametic,XY,12
Scatophaga,stercoraria,Animalia|Insecta|Diptera|Anthomyiidae|Scatophaga|stercoraria,Achiasmatic Meiosis,Heterogametic,XY,12
Scatopse,notata,Animalia|Insecta|Diptera|Scatopsidae|Scatopse|notata,Achiasmatic Meiosis,Heterogametic,XY,12
Scatopse,sp,Animalia|Insecta|Diptera|Scatopsidae|Scatopse|sp,Achiasmatic Meiosis,Heterogametic,XY,12
Sceloenopla,mantecada,Animalia|Insecta|Coleoptera|Chrysomelidae|Sceloenopla|mantecada,Asynaptic Sex Chromosomes,Heterogametic,XY,18
Scepticus,griseus,Animalia|Insecta|Coleoptera|Curculionidae|Scepticus|griseus,Asynaptic Sex Chromosomes,Heterogametic,XY,22
Scepticus,insularis,Animalia|Insecta|Coleoptera|Curculionidae|Scepticus|insularis,Asynaptic Sex Chromosomes,Heterogametic,XY,22
Scepticus,tigrinus,Animalia|Insecta|Coleoptera|Curculionidae|Scepticus|tigrinus,Asynaptic Sex Chromosomes,Heterogametic,XY,22
Schizonycha,fuscescens,Animalia|Insecta|Coleoptera|Scarabaeidae|Schizonycha|fuscescens,Asynaptic Sex Chromosomes,Heterogametic,XY,20
Schizonycha,ruficollis,Animalia|Insecta|Coleoptera|Scarabaeidae|Schizonycha|ruficollis,Asynaptic Sex Chromosomes,Heterogametic,XY,22
Sciara,agarica,Animalia|Insecta|Diptera|Sciaridae|Sciara|agarica,Achiasmatic Meiosis,Heterogametic,XO,8
Sciara,coprophila,Animalia|Insecta|Diptera|Sciaridae|Sciara|coprophila,Achiasmatic Meiosis,Heterogametic,XO,8
Sciara,fenestralis,Animalia|Insecta|Diptera|Sciaridae|Sciara|fenestralis,Achiasmatic Meiosis,Heterogametic,XO,8
Sciara,nacta,Animalia|Insecta|Diptera|Sciaridae|Sciara|nacta,Achiasmatic Meiosis,Heterogametic,XO,8
Sciara,ocellaris,Animalia|Insecta|Diptera|Sciaridae|Sciara|ocellaris,Achiasmatic Meiosis,Heterogametic,XO,8
Sciara,pauciseta,Animalia|Insecta|Diptera|Sciaridae|Sciara|pauciseta,Achiasmatic Meiosis,Heterogametic,XO,8
Sciara,prolifica,Animalia|Insecta|Diptera|Sciaridae|Sciara|prolifica,Achiasmatic Meiosis,Heterogametic,XO,8
Sciara,reynoldsi,Animalia|Insecta|Diptera|Sciaridae|Sciara|reynoldsi,Achiasmatic Meiosis,Heterogametic,XO,8
Sciara,similans,Animalia|Insecta|Diptera|Sciaridae|Sciara|similans,Achiasmatic Meiosis,Heterogametic,XO,8
Sciara,sp,Animalia|Insecta|Diptera|Sciaridae|Sciara|sp,Achiasmatic Meiosis,Heterogametic,XO,8
Scleron,ganutipenne,Animalia|Insecta|Coleoptera|Tenebrionidae|Scleron|ganutipenne,Asynaptic Sex Chromosomes,Heterogametic,XY,22
Scleron,reitteri,Animalia|Insecta|Coleoptera|Tenebrionidae|Scleron|reitteri,Asynaptic Sex Chromosomes,Heterogametic,XY,22
Scleron,sp.,Animalia|Insecta|Coleoptera|Tenebrionidae|Scleron|sp.,Asynaptic Sex Chromosomes,Heterogametic,XY,22
Scolytus,dahuricus,Animalia|Insecta|Coleoptera|Scolytidae|Scolytus|dahuricus,Asynaptic Sex Chromosomes,Heterogametic,XY,22
Scolytus,mali,Animalia|Insecta|Coleoptera|Scolytidae|Scolytus|mali,Asynaptic Sex Chromosomes,Heterogametic,XY,16
Scolytus,multistriatus,Animalia|Insecta|Coleoptera|Scolytidae|Scolytus|multistriatus,Asynaptic Sex Chromosomes,Heterogametic,XY,12
Scolytus,ratzeburgi,Animalia|Insecta|Coleoptera|Scolytidae|Scolytus|ratzeburgi,Asynaptic Sex Chromosomes,Heterogametic,XY,16
Scolytus,rugulosus,Animalia|Insecta|Coleoptera|Scolytidae|Scolytus|rugulosus,Asynaptic Sex Chromosomes,Heterogametic,XY,16
Scotobius,miliaris,Animalia|Insecta|Coleoptera|Tenebrionidae|Scotobius|miliaris,Asynaptic Sex Chromosomes,Heterogametic,XY,14
Scotobius,muricatus,Animalia|Insecta|Coleoptera|Tenebrionidae|Scotobius|muricatus,Asynaptic Sex Chromosomes,Heterogametic,XY,18
Scotoleon,dissimilis,Animalia|Insecta|Neuroptera|Myrmeleontidae|Scotoleon|dissimilis,Asynaptic Sex Chromosomes,Heterogametic,XY,16
Scotoleon,niger,Animalia|Insecta|Neuroptera|Myrmeleontidae|Scotoleon|niger,Asynaptic Sex Chromosomes,Heterogametic,XY,16
Scotoleon,nigrilabris,Animalia|Insecta|Neuroptera|Myrmeleontidae|Scotoleon|nigrilabris,Asynaptic Sex Chromosomes,Heterogametic,XY,16
Scymnus,sp.,Animalia|Insecta|Coleoptera|Coccinellidae|Scymnus|sp.,Asynaptic Sex Chromosomes,Heterogametic,XY,20
Scythropus,japonicus,Animalia|Insecta|Coleoptera|Curculionidae|Scythropus|japonicus,Asynaptic Sex Chromosomes,Heterogametic,XY,22
Scythropus,ortus,Animalia|Insecta|Coleoptera|Curculionidae|Scythropus|ortus,Asynaptic Sex Chromosomes,Heterogametic,XY,22
Scythropus,sp.,Animalia|Insecta|Coleoptera|Curculionidae|Scythropus|sp.,Asynaptic Sex Chromosomes,Heterogametic,XY,20
Seioptera,vibrans,Animalia|Insecta|Diptera|Ulidiidae|Seioptera|vibrans,Achiasmatic Meiosis,Heterogametic,XY,6
Sepedon,armipes,Animalia|Insecta|Diptera|Sciomyzidae|Sepedon|armipes,Achiasmatic Meiosis,Heterogametic,XO,12
Sepedon,fuscipennis,Animalia|Insecta|Diptera|Sciomyzidae|Sepedon|fuscipennis,Achiasmatic Meiosis,Heterogametic,XY,12
Sepedon,macropus,Animalia|Insecta|Diptera|Sciomyzidae|Sepedon|macropus,Achiasmatic Meiosis,Heterogametic,XY,12
Sepedon,plumbella,Animalia|Insecta|Diptera|Sciomyzidae|Sepedon|plumbella,Achiasmatic Meiosis,Heterogametic,XY,12
Sepedon,saegeri,Animalia|Insecta|Diptera|Sciomyzidae|Sepedon|saegeri,Achiasmatic Meiosis,Heterogametic,XY,12
Sepedon,sphegea,Animalia|Insecta|Diptera|Sciomyzidae|Sepedon|sphegea,Achiasmatic Meiosis,Heterogametic,XY,12
Sepedon,spinipesamericana,Animalia|Insecta|Diptera|Sciomyzidae|Sepedon|spinipesamericana,Achiasmatic Meiosis,Heterogametic,NA,12
Serica,assamensis,Animalia|Insecta|Coleoptera|Scarabaeidae|Serica|assamensis,Asynaptic Sex Chromosomes,Heterogametic,XY,20
Serica,falli,Animalia|Insecta|Coleoptera|Scarabaeidae|Serica|falli,Asynaptic Sex Chromosomes,Heterogametic,XY,20
Serica,sericea,Animalia|Insecta|Coleoptera|Scarabaeidae|Serica|sericea,Asynaptic Sex Chromosomes,Heterogametic,XY,20
Serica,tristis,Animalia|Insecta|Coleoptera|Scarabaeidae|Serica|tristis,Asynaptic Sex Chromosomes,Heterogametic,XY,20
Serica,umbrinella,Animalia|Insecta|Coleoptera|Scarabaeidae|Serica|umbrinella,Asynaptic Sex Chromosomes,Heterogametic,XY,20
Sericomyia,chacopyga,Animalia|Insecta|Diptera|Syrphidae|Sericomyia|chacopyga,Achiasmatic Meiosis,Heterogametic,NA,12
Sericomyia,chrysotoxoides,Animalia|Insecta|Diptera|Syrphidae|Sericomyia|chrysotoxoides,Achiasmatic Meiosis,Heterogametic,NA,10
Sericomyia,lata,Animalia|Insecta|Diptera|Syrphidae|Sericomyia|lata,Achiasmatic Meiosis,Heterogametic,NA,12
Sericomyia,militaris,Animalia|Insecta|Diptera|Syrphidae|Sericomyia|militaris,Achiasmatic Meiosis,Heterogametic,NA,12
Sericomyia,sp.1,Animalia|Insecta|Diptera|Syrphidae|Sericomyia|sp.1,Achiasmatic Meiosis,Heterogametic,NA,10
Sermylassa,halensis,Animalia|Insecta|Coleoptera|Chrysomelidae|Sermylassa|halensis,Asynaptic Sex Chromosomes,Heterogametic,XY,44
Serropalpus,barbatus,Animalia|Insecta|Coleoptera|Melandryidae|Serropalpus|barbatus,Asynaptic Sex Chromosomes,Heterogametic,XY,18
Serropalpus,substriatus,Animalia|Insecta|Coleoptera|Melandryidae|Serropalpus|substriatus,Asynaptic Sex Chromosomes,Heterogametic,XY,20
Servasia,aculeata,Animalia|Insecta|Diptera|Sarcophagidae|Servasia|aculeata,Achiasmatic Meiosis,Heterogametic,XY,12
Servasia,australis,Animalia|Insecta|Diptera|Sarcophagidae|Servasia|australis,Achiasmatic Meiosis,Heterogametic,XY,12
Servasia,reversa,Animalia|Insecta|Diptera|Sarcophagidae|Servasia|reversa,Achiasmatic Meiosis,Heterogametic,XY,12
Servasia,sp.,Animalia|Insecta|Diptera|Sarcophagidae|Servasia|sp.,Achiasmatic Meiosis,Heterogametic,NA,12
Servasia,tergata,Animalia|Insecta|Diptera|Sarcophagidae|Servasia|tergata,Achiasmatic Meiosis,Heterogametic,XY,12
Setellia,pernix,Animalia|Insecta|Diptera|Richardiidae|Setellia|pernix,Achiasmatic Meiosis,Heterogametic,XY,10
Setonix,brachyurus,Animalia|Mammalia|Diprotodontia|Macropodidae|Setonix|brachyurus,Asynaptic Sex Chromosomes,Heterogametic,XY,22
Shirahoshizo,insidiosus,Animalia|Insecta|Coleoptera|Curculionidae|Shirahoshizo|insidiosus,Asynaptic Sex Chromosomes,Heterogametic,XY,38
Silpha,noveboracensis,Animalia|Insecta|Coleoptera|Silphidae|Silpha|noveboracensis,Asynaptic Sex Chromosomes,Heterogametic,XY,26
Silpha,surinamensis,Animalia|Insecta|Coleoptera|Silphidae|Silpha|surinamensis,Asynaptic Sex Chromosomes,Heterogametic,XY,26
Simoides,expletus,Animalia|Insecta|Diptera|Syrphidae|Simoides|expletus,Achiasmatic Meiosis,Heterogametic,XY,12
Simosyrphus,grandicornis,Animalia|Insecta|Diptera|Syrphidae|Simosyrphus|grandicornis,Achiasmatic Meiosis,Heterogametic,XY,10
Simulatacalles,simulator,Animalia|Insecta|Coleoptera|Curculionidae|Simulatacalles|simulator,Asynaptic Sex Chromosomes,Heterogametic,XY,24
Sinodendron,rugosum,Animalia|Insecta|Coleoptera|Lucanidae|Sinodendron|rugosum,Asynaptic Sex Chromosomes,Heterogametic,XY,18
Sinoxylon,ale,Animalia|Insecta|Coleoptera|Bostrichidae|Sinoxylon|ale,Asynaptic Sex Chromosomes,Heterogametic,XY,20
Sipalus,hypocrita,Animalia|Insecta|Coleoptera|Curculionidae|Sipalus|hypocrita,Asynaptic Sex Chromosomes,Heterogametic,XY,22
Sitona,crinitus,Animalia|Insecta|Coleoptera|Curculionidae|Sitona|crinitus,Asynaptic Sex Chromosomes,Heterogametic,XY,22
Sitona,cylindricollis,Animalia|Insecta|Coleoptera|Curculionidae|Sitona|cylindricollis,Asynaptic Sex Chromosomes,Heterogametic,XY,22
Sitona,flavescens,Animalia|Insecta|Coleoptera|Curculionidae|Sitona|flavescens,Asynaptic Sex Chromosomes,Heterogametic,XY,22
Sitona,hispidulus,Animalia|Insecta|Coleoptera|Curculionidae|Sitona|hispidulus,Asynaptic Sex Chromosomes,Heterogametic,XY,22
Sitona,humeralis,Animalia|Insecta|Coleoptera|Curculionidae|Sitona|humeralis,Asynaptic Sex Chromosomes,Heterogametic,XY,22
Sitona,lepidus,Animalia|Insecta|Coleoptera|Curculionidae|Sitona|lepidus,Asynaptic Sex Chromosomes,Heterogametic,XY,22
Sitona,lineata,Animalia|Insecta|Coleoptera|Curculionidae|Sitona|lineata,Asynaptic Sex Chromosomes,Heterogametic,XY,22
Sitona,lineatus,Animalia|Insecta|Coleoptera|Curculionidae|Sitona|lineatus,Asynaptic Sex Chromosomes,Heterogametic,XY,22
Sitona,macularis,Animalia|Insecta|Coleoptera|Curculionidae|Sitona|macularis,Asynaptic Sex Chromosomes,Heterogametic,XY,22
Sitona,scissifrons,Animalia|Insecta|Coleoptera|Curculionidae|Sitona|scissifrons,Asynaptic Sex Chromosomes,Heterogametic,XY,22
Sitona,sp.,Animalia|Insecta|Coleoptera|Curculionidae|Sitona|sp.,Asynaptic Sex Chromosomes,Heterogametic,XY,26
Sitona,suturalis,Animalia|Insecta|Coleoptera|Curculionidae|Sitona|suturalis,Asynaptic Sex Chromosomes,Heterogametic,XY,22
Sitonaphagus,holoeptoides,Animalia|Insecta|Coleoptera|Tenebrionidae|Sitonaphagus|holoeptoides,Asynaptic Sex Chromosomes,Heterogametic,XY,20
Sitonaphilus,granarius,Animalia|Insecta|Coleoptera|Curculionidae|Sitonaphilus|granarius,Asynaptic Sex Chromosomes,Heterogametic,XY,24
Sitonaphilus,zeamais,Animalia|Insecta|Coleoptera|Curculionidae|Sitonaphilus|zeamais,Asynaptic Sex Chromosomes,Heterogametic,XY,22
Smaragdina,longicornis,Animalia|Insecta|Coleoptera|Chrysomelidae|Smaragdina|longicornis,Asynaptic Sex Chromosomes,Heterogametic,XY,24
Smicridea,pampeana,Animalia|Insecta|Trichoptera|Hydropsychidae|Smicridea|pampeana,Achiasmatic Meiosis,Heterogametic,ZW,32
Sminthopsis,crassicaudata,Animalia|Mammalia|Dasyuromorphia|Dasyuridae|Sminthopsis|crassicaudata,Asynaptic Sex Chromosomes,Heterogametic,XY,14
Solanophila,paenulata,Animalia|Insecta|Coleoptera|Coccinellidae|Solanophila|paenulata,Asynaptic Sex Chromosomes,Heterogametic,XY,18
Solanum,Solanum nigrum,Plantae|Magnoliopsida|Solanales|Solanaceae|Solanum|Solanum nigrum,Asynaptic Sex Chromosomes,Hermaphroditic,NA,12
Solenoptera,caliculata,Animalia|Insecta|Coleoptera|Cerambycidae|Solenoptera|caliculata,Asynaptic Sex Chromosomes,Heterogametic,XY,26
Solenoptera,maxillosum,Animalia|Insecta|Coleoptera|Cerambycidae|Solenoptera|maxillosum,Asynaptic Sex Chromosomes,Heterogametic,XY,26
Solenoptera,quadrilineata,Animalia|Insecta|Coleoptera|Cerambycidae|Solenoptera|quadrilineata,Asynaptic Sex Chromosomes,Heterogametic,XY,26
Solenoptera,touroulti,Animalia|Insecta|Coleoptera|Cerambycidae|Solenoptera|touroulti,Asynaptic Sex Chromosomes,Heterogametic,XY,26
Solva,pallipes,Animalia|Insecta|Diptera|Xylomyidae|Solva|pallipes,Achiasmatic Meiosis,Heterogametic,XY,10
Somalicharmus,whitmanae,Animalia|Arachnida|Scorpiones|Buthidae|Somalicharmus|whitmanae,Achiasmatic Meiosis,Heterogametic,NA,20
Somula,decora,Animalia|Insecta|Diptera|Syrphidae|Somula|decora,Achiasmatic Meiosis,Heterogametic,XY,12
Sp,sp,Animalia|Insecta|Diptera|Lauxaniidae|Sp|sp,Achiasmatic Meiosis,Heterogametic,XY,12
Spathimeigenia,sp.,Animalia|Insecta|Diptera|Tachinidae|Spathimeigenia|sp.,Achiasmatic Meiosis,Heterogametic,XY,12
Specularius,maindroni,Animalia|Insecta|Coleoptera|Chrysomelidae|Specularius|maindroni,Asynaptic Sex Chromosomes,Heterogametic,XY,22
Speonomus,delarouzeei,Animalia|Insecta|Coleoptera|Leiodidae|Speonomus|delarouzeei,Asynaptic Sex Chromosomes,Heterogametic,XY,24
Speonomus,hydrophilus,Animalia|Insecta|Coleoptera|Leiodidae|Speonomus|hydrophilus,Asynaptic Sex Chromosomes,Heterogametic,XY,24
Speonomus,pyreeus,Animalia|Insecta|Coleoptera|Leiodidae|Speonomus|pyreeus,Asynaptic Sex Chromosomes,Heterogametic,XY,24
Spermophagus,latescenta,Animalia|Insecta|Coleoptera|Chrysomelidae|Spermophagus|latescenta,Asynaptic Sex Chromosomes,Heterogametic,XY,32
Spermophora,senoculata,Animalia|Arachnida|Araneae|Pholcidae|Spermophora|senoculata,Achiasmatic Meiosis,Heterogametic,NA,26
Sphaenariopsis,impolita,Animalia|Insecta|Coleoptera|Tenebrionidae|Sphaenariopsis|impolita,Asynaptic Sex Chromosomes,Heterogametic,XY,20
Sphaenariopsis,tristis,Animalia|Insecta|Coleoptera|Tenebrionidae|Sphaenariopsis|tristis,Asynaptic Sex Chromosomes,Heterogametic,XY,20
Sphaeridium,bipustulatum,Animalia|Insecta|Coleoptera|Hydrophilidae|Sphaeridium|bipustulatum,Asynaptic Sex Chromosomes,Heterogametic,XY,24
Sphaeridium,lunatum,Animalia|Insecta|Coleoptera|Hydrophilidae|Sphaeridium|lunatum,Asynaptic Sex Chromosomes,Heterogametic,XY,24
Sphaeridium,marginatum,Animalia|Insecta|Coleoptera|Hydrophilidae|Sphaeridium|marginatum,Asynaptic Sex Chromosomes,Heterogametic,XY,24
Sphaeridium,scarabaeoides,Animalia|Insecta|Coleoptera|Hydrophilidae|Sphaeridium|scarabaeoides,Asynaptic Sex Chromosomes,Heterogametic,XY,24
Sphaerium,corneum,Animalia|Bivalvia|Sphaeriida|Sphaeriida|Sphaerium|corneum,Achiasmatic Meiosis,Heterogametic,NA,30
Sphaerium,nucleus,Animalia|Bivalvia|Sphaeriida|Sphaeriida|Sphaerium|nucleus,Achiasmatic Meiosis,Heterogametic,NA,NA
Sphaerobothris,aghababiani,Animalia|Insecta|Coleoptera|Buprestidae|Sphaerobothris|aghababiani,Asynaptic Sex Chromosomes,Heterogametic,XY,16
Sphaerophoia,scripta,Animalia|Insecta|Diptera|Syrphidae|Sphaerophoia|scripta,Achiasmatic Meiosis,Heterogametic,XY,8
Sphaerophoria,Species6,Animalia|Insecta|Diptera|Syrphidae|Sphaerophoria|Species6,Achiasmatic Meiosis,Heterogametic,XY,8
Sphaerophoria,Species7,Animalia|Insecta|Diptera|Syrphidae|Sphaerophoria|Species7,Achiasmatic Meiosis,Heterogametic,XY,8
Sphaerophoria,contigua,Animalia|Insecta|Diptera|Syrphidae|Sphaerophoria|contigua,Achiasmatic Meiosis,Heterogametic,XY,8
Sphaerophoria,cylindrica,Animalia|Insecta|Diptera|Syrphidae|Sphaerophoria|cylindrica,Achiasmatic Meiosis,Heterogametic,XY,8
Sphaerophoria,dubia,Animalia|Insecta|Diptera|Syrphidae|Sphaerophoria|dubia,Achiasmatic Meiosis,Heterogametic,XY,8
Sphaerophoria,kerteszi,Animalia|Insecta|Diptera|Syrphidae|Sphaerophoria|kerteszi,Achiasmatic Meiosis,Heterogametic,XY,8
Sphaerophoria,menthastri,Animalia|Insecta|Diptera|Syrphidae|Sphaerophoria|menthastri,Achiasmatic Meiosis,Heterogametic,XY,8
Sphaerophoria,nigricauda,Animalia|Insecta|Diptera|Syrphidae|Sphaerophoria|nigricauda,Achiasmatic Meiosis,Heterogametic,XY,8
Sphaerophoria,novaeangliae,Animalia|Insecta|Diptera|Syrphidae|Sphaerophoria|novaeangliae,Achiasmatic Meiosis,Heterogametic,XY,8
Sphaerophoria,philanthus,Animalia|Insecta|Diptera|Syrphidae|Sphaerophoria|philanthus,Achiasmatic Meiosis,Heterogametic,XY,8
Sphaerophoria,picta,Animalia|Insecta|Diptera|Syrphidae|Sphaerophoria|picta,Achiasmatic Meiosis,Heterogametic,XY,8
Sphaerophoria,robusta,Animalia|Insecta|Diptera|Syrphidae|Sphaerophoria|robusta,Achiasmatic Meiosis,Heterogametic,XY,8
Sphaerophoria,rueppellii,Animalia|Insecta|Diptera|Syrphidae|Sphaerophoria|rueppellii,Achiasmatic Meiosis,Heterogametic,XY,8
Sphaerophoria,scripta,Animalia|Insecta|Diptera|Syrphidae|Sphaerophoria|scripta,Achiasmatic Meiosis,Heterogametic,XY,8
Sphaerophoria,sp.11,Animalia|Insecta|Diptera|Syrphidae|Sphaerophoria|sp.11,Achiasmatic Meiosis,Heterogametic,XY,8
Sphaerophoria,sp.philanthusgroup,Animalia|Insecta|Diptera|Syrphidae|Sphaerophoria|sp.philanthusgroup,Achiasmatic Meiosis,Heterogametic,XY,8
Sphaerophoria,sp.scriptagroup,Animalia|Insecta|Diptera|Syrphidae|Sphaerophoria|sp.scriptagroup,Achiasmatic Meiosis,Heterogametic,XY,8
Sphaerophoria,sulphuripes,Animalia|Insecta|Diptera|Syrphidae|Sphaerophoria|sulphuripes,Achiasmatic Meiosis,Heterogametic,XY,8
Sphaerophoria,sylindrica,Animalia|Insecta|Diptera|Syrphidae|Sphaerophoria|sylindrica,Achiasmatic Meiosis,Heterogametic,XY,8
Sphaerophoria,taeniata,Animalia|Insecta|Diptera|Syrphidae|Sphaerophoria|taeniata,Achiasmatic Meiosis,Heterogametic,XY,8
Sphecomyia,brevicornis,Animalia|Insecta|Diptera|Syrphidae|Sphecomyia|brevicornis,Achiasmatic Meiosis,Heterogametic,XY,14
Sphecomyia,occidentalis,Animalia|Insecta|Diptera|Syrphidae|Sphecomyia|occidentalis,Achiasmatic Meiosis,Heterogametic,XY,12
Sphecomyia,pattonii,Animalia|Insecta|Diptera|Syrphidae|Sphecomyia|pattonii,Achiasmatic Meiosis,Heterogametic,XY,12
Sphegina,armatipes,Animalia|Insecta|Diptera|Syrphidae|Sphegina|armatipes,Achiasmatic Meiosis,Heterogametic,XY,12
Sphegina,californica,Animalia|Insecta|Diptera|Syrphidae|Sphegina|californica,Achiasmatic Meiosis,Heterogametic,XY,12
Sphegina,clunipes,Animalia|Insecta|Diptera|Syrphidae|Sphegina|clunipes,Achiasmatic Meiosis,Heterogametic,XY,12
Sphegina,flavimana,Animalia|Insecta|Diptera|Syrphidae|Sphegina|flavimana,Achiasmatic Meiosis,Heterogametic,XY,12
Sphegina,infuscata,Animalia|Insecta|Diptera|Syrphidae|Sphegina|infuscata,Achiasmatic Meiosis,Heterogametic,XY,12
Sphegina,lobata,Animalia|Insecta|Diptera|Syrphidae|Sphegina|lobata,Achiasmatic Meiosis,Heterogametic,XY,12
Sphegina,nitidifrons,Animalia|Insecta|Diptera|Syrphidae|Sphegina|nitidifrons,Achiasmatic Meiosis,Heterogametic,XY,10
Sphegina,occidentalis,Animalia|Insecta|Diptera|Syrphidae|Sphegina|occidentalis,Achiasmatic Meiosis,Heterogametic,XY,12
Sphegina,sibirica,Animalia|Insecta|Diptera|Syrphidae|Sphegina|sibirica,Achiasmatic Meiosis,Heterogametic,XY,12
Sphegina,sp.13,Animalia|Insecta|Diptera|Syrphidae|Sphegina|sp.13,Achiasmatic Meiosis,Heterogametic,XY,12
Sphegina,sp.14,Animalia|Insecta|Diptera|Syrphidae|Sphegina|sp.14,Achiasmatic Meiosis,Heterogametic,XY,12
Sphegina,violovitshi,Animalia|Insecta|Diptera|Syrphidae|Sphegina|violovitshi,Achiasmatic Meiosis,Heterogametic,XY,12
Sphenometrops,tergata,Animalia|Insecta|Diptera|Calliphoridae|Sphenometrops|tergata,Achiasmatic Meiosis,Heterogametic,XY,12
Sphenophorus,parvula,Animalia|Insecta|Coleoptera|Curculionidae|Sphenophorus|parvula,Asynaptic Sex Chromosomes,Heterogametic,XY,30
Sphinx,ligustri,Animalia|Insecta|Lepidoptera|Sphingdae|Sphinx|ligustri,Achiasmatic Meiosis,Heterogametic,NA,NA
Sphinx,lugustri,Animalia|Insecta|Lepidoptera|Sphingidae|Sphinx|lugustri,Achiasmatic Meiosis,Heterogametic,NA,28
Sphyracephala,brevicornis,Animalia|Insecta|Diptera|Diopsidae|Sphyracephala|brevicornis,Achiasmatic Meiosis,Heterogametic,XY,10
Spilocuscus,maculatus,Animalia|Mammalia|Diprotodontia|Phalangeridae|Spilocuscus|maculatus,Asynaptic Sex Chromosomes,Heterogametic,XY,NA
Spilocuscus,rufoniger,Animalia|Mammalia|Diprotodontia|Phalangeridae|Spilocuscus|rufoniger,Asynaptic Sex Chromosomes,Heterogametic,XY,NA
Spilomyia,digitata,Animalia|Insecta|Diptera|Syrphidae|Spilomyia|digitata,Achiasmatic Meiosis,Heterogametic,NA,10
Spilomyia,longicornis,Animalia|Insecta|Diptera|Syrphidae|Spilomyia|longicornis,Achiasmatic Meiosis,Heterogametic,XY,10
Spilomyia,suzukii,Animalia|Insecta|Diptera|Syrphidae|Spilomyia|suzukii,Achiasmatic Meiosis,Heterogametic,NA,10
Spintherophyta,sp.,Animalia|Insecta|Coleoptera|Chrysomelidae|Spintherophyta|sp.,Asynaptic Sex Chromosomes,Heterogametic,XY,12
Spogostylum,simson,Animalia|Insecta|Diptera|Bombyliidae|Spogostylum|simson,Achiasmatic Meiosis,Heterogametic,NA,12
Spondylis,buprestoides,Animalia|Insecta|Coleoptera|Cerambycidae|Spondylis|buprestoides,Asynaptic Sex Chromosomes,Heterogametic,XY,30
Spyrathus,sp.,Animalia|Insecta|Coleoptera|Tenebrionidae|Spyrathus|sp.,Asynaptic Sex Chromosomes,Heterogametic,XY,20
Squamapion,flavimanum,Animalia|Insecta|Coleoptera|Brentidae|Squamapion|flavimanum,Asynaptic Sex Chromosomes,Heterogametic,XY,22
Staphylinus,sp.,Animalia|Insecta|Coleoptera|Staphylinidae|Staphylinus|sp.,Asynaptic Sex Chromosomes,Heterogametic,XY,40
Steirastoma,brevis,Animalia|Insecta|Coleoptera|Cerambycidae|Steirastoma|brevis,Asynaptic Sex Chromosomes,Heterogametic,XY,28
Stenodontes,spinibaris,Animalia|Insecta|Coleoptera|Cerambycidae|Stenodontes|spinibaris,Asynaptic Sex Chromosomes,Heterogametic,XY,26
Stenosis,intricata,Animalia|Insecta|Coleoptera|Tenebrionidae|Stenosis|intricata,Asynaptic Sex Chromosomes,Heterogametic,XY,20
Stenostola,ferrea,Animalia|Insecta|Coleoptera|Cerambycidae|Stenostola|ferrea,Asynaptic Sex Chromosomes,Heterogametic,XY,20
Stenygra,histrio,Animalia|Insecta|Coleoptera|Cerambycidae|Stenygra|histrio,Asynaptic Sex Chromosomes,Heterogametic,XY,20
Stephanocrates,preussi,Animalia|Insecta|Coleoptera|Scarabaeidae|Stephanocrates|preussi,Asynaptic Sex Chromosomes,Heterogametic,XY,20
Stephanorrhina,guttata,Animalia|Insecta|Coleoptera|Scarabaeidae|Stephanorrhina|guttata,Asynaptic Sex Chromosomes,Heterogametic,XY,20
Stephanorrhina,princeps,Animalia|Insecta|Coleoptera|Scarabaeidae|Stephanorrhina|princeps,Asynaptic Sex Chromosomes,Heterogametic,XY,20
Sterromela,interlita,Animalia|Insecta|Coleoptera|Chrysomelidae|Sterromela|interlita,Asynaptic Sex Chromosomes,Heterogametic,XY,24
Sterromela,lineata,Animalia|Insecta|Coleoptera|Chrysomelidae|Sterromela|lineata,Asynaptic Sex Chromosomes,Heterogametic,XY,24
Stigmodera,cancellata,Animalia|Insecta|Coleoptera|Buprestidae|Stigmodera|cancellata,Asynaptic Sex Chromosomes,Heterogametic,XY,22
Stigmodera,goryi,Animalia|Insecta|Coleoptera|Buprestidae|Stigmodera|goryi,Asynaptic Sex Chromosomes,Heterogametic,XY,22
Stigmodera,gratiosa,Animalia|Insecta|Coleoptera|Buprestidae|Stigmodera|gratiosa,Asynaptic Sex Chromosomes,Heterogametic,XY,22
Stigmodera,macularia,Animalia|Insecta|Coleoptera|Buprestidae|Stigmodera|macularia,Asynaptic Sex Chromosomes,Heterogametic,XY,22
Stigmodera,porosa,Animalia|Insecta|Coleoptera|Buprestidae|Stigmodera|porosa,Asynaptic Sex Chromosomes,Heterogametic,XY,22
Stigmodera,roei,Animalia|Insecta|Coleoptera|Buprestidae|Stigmodera|roei,Asynaptic Sex Chromosomes,Heterogametic,XY,22
Stolas,chalybeus,Animalia|Insecta|Coleoptera|Chrysomelidae|Stolas|chalybeus,Asynaptic Sex Chromosomes,Heterogametic,XY,24
Stolas,festiva,Animalia|Insecta|Coleoptera|Chrysomelidae|Stolas|festiva,Asynaptic Sex Chromosomes,Heterogametic,XY,22
Stolas,lacordairei,Animalia|Insecta|Coleoptera|Chrysomelidae|Stolas|lacordairei,Asynaptic Sex Chromosomes,Heterogametic,XY,30
Stolas,sp.,Animalia|Insecta|Coleoptera|Chrysomelidae|Stolas|sp.,Asynaptic Sex Chromosomes,Heterogametic,NA,30
Stomorhina,armatipes,Animalia|Insecta|Diptera|Calliphoridae|Stomorhina|armatipes,Achiasmatic Meiosis,Heterogametic,XY,12
Stomorhina,lunata,Animalia|Insecta|Diptera|Calliphoridae|Stomorhina|lunata,Achiasmatic Meiosis,Heterogametic,XY,12
Stomorhina,obsoleta,Animalia|Insecta|Diptera|Calliphoridae|Stomorhina|obsoleta,Achiasmatic Meiosis,Heterogametic,XY,12
Stomoxya,calcitrans,Animalia|Insecta|Diptera|Muscidae|Stomoxya|calcitrans,Achiasmatic Meiosis,Heterogametic,XY,10
Stomoxys,calcitrans,Animalia|Insecta|Diptera|Muscidae|Stomoxys|calcitrans,Achiasmatic Meiosis,Heterogametic,NA,10
Strategus,surinamensis,Animalia|Insecta|Coleoptera|Scarabaeidae|Strategus|surinamensis,Asynaptic Sex Chromosomes,Heterogametic,XY,20
Strategus,syphax,Animalia|Insecta|Coleoptera|Scarabaeidae|Strategus|syphax,Asynaptic Sex Chromosomes,Heterogametic,XY,20
Stratiomys,barbata,Animalia|Insecta|Diptera|Stratiomyidae|Stratiomys|barbata,Achiasmatic Meiosis,Heterogametic,XY,14
Stratiomys,sp,Animalia|Insecta|Diptera|Stratiomyidae|Stratiomys|sp,Achiasmatic Meiosis,Heterogametic,XY,12
Stratiomys,sp.,Animalia|Insecta|Diptera|Stratiomyidae|Stratiomys|sp.,Achiasmatic Meiosis,Heterogametic,NA,12
Strichosa,eburata,Animalia|Insecta|Coleoptera|Chrysomelidae|Strichosa|eburata,Asynaptic Sex Chromosomes,Heterogametic,XY,24
Strigocuscus,celebensis,Animalia|Mammalia|Diprotodontia|Phalangeridae|Strigocuscus|celebensis,Asynaptic Sex Chromosomes,Heterogametic,XY,NA
Strigocuscus,pelengensis,Animalia|Mammalia|Diprotodontia|Phalangeridae|Strigocuscus|pelengensis,Asynaptic Sex Chromosomes,Heterogametic,XY,NA
Strophosoma,faber,Animalia|Insecta|Coleoptera|Curculionidae|Strophosoma|faber,Asynaptic Sex Chromosomes,Heterogametic,XY,22
Strumata,bryoniae,Animalia|Insecta|Diptera|Tephritidae|Strumata|bryoniae,Achiasmatic Meiosis,Heterogametic,XY,12
Strumata,cacuminata,Animalia|Insecta|Diptera|Tephritidae|Strumata|cacuminata,Achiasmatic Meiosis,Heterogametic,XY,12
Strumata,humeralis,Animalia|Insecta|Diptera|Tephritidae|Strumata|humeralis,Achiasmatic Meiosis,Heterogametic,XY,12
Strumata,tryoni,Animalia|Insecta|Diptera|Tephritidae|Strumata|tryoni,Achiasmatic Meiosis,Heterogametic,XY,12
Suillia,nemorum,Animalia|Insecta|Diptera|Heleomyzidae|Suillia|nemorum,Achiasmatic Meiosis,Heterogametic,XY,12
Suillia,sp,Animalia|Insecta|Diptera|Heleomyzidae|Suillia|sp,Achiasmatic Meiosis,Heterogametic,XY,12
Sulcasis,lengi,Animalia|Insecta|Coleoptera|Ciidae|Sulcasis|lengi,Asynaptic Sex Chromosomes,Heterogametic,XY,22
Sumnius,cardoni,Animalia|Insecta|Coleoptera|Coccinellidae|Sumnius|cardoni,Asynaptic Sex Chromosomes,Heterogametic,XY,18
Sybaris,paraeustus,Animalia|Insecta|Coleoptera|Meloidae|Sybaris|paraeustus,Asynaptic Sex Chromosomes,Heterogametic,XY,20
Sybaris,tastaceus,Animalia|Insecta|Coleoptera|Meloidae|Sybaris|tastaceus,Asynaptic Sex Chromosomes,Heterogametic,XY,20
Sympiezomias,cribicollis,Animalia|Insecta|Coleoptera|Curculionidae|Sympiezomias|cribicollis,Asynaptic Sex Chromosomes,Heterogametic,XY,22
Sympiezomias,cribricollis,Animalia|Insecta|Coleoptera|Curculionidae|Sympiezomias|cribricollis,Asynaptic Sex Chromosomes,Heterogametic,XY,22
Sympiezomias,lewisii,Animalia|Insecta|Coleoptera|Curculionidae|Sympiezomias|lewisii,Asynaptic Sex Chromosomes,Heterogametic,XY,22
Synclisis,japonica,Animalia|Insecta|Neuroptera|Myrmeleontidae|Synclisis|japonica,Asynaptic Sex Chromosomes,Heterogametic,XY,14
Synechostictus,cribum,Animalia|Insecta|Coleoptera|Carabidae|Synechostictus|cribum,Achiasmatic Meiosis,Heterogametic,XY,26
Synechostictus,dahli,Animalia|Insecta|Coleoptera|Carabidae|Synechostictus|dahli,Achiasmatic Meiosis,Heterogametic,XY,26
Synonycha,grandis,Animalia|Insecta|Coleoptera|Coccinellidae|Synonycha|grandis,Asynaptic Sex Chromosomes,Heterogametic,XY,20
Syphraea,cubana,Animalia|Insecta|Coleoptera|Chrysomelidae|Syphraea|cubana,Asynaptic Sex Chromosomes,Heterogametic,XY,24
Syphraea,cylindrica,Animalia|Insecta|Coleoptera|Chrysomelidae|Syphraea|cylindrica,Asynaptic Sex Chromosomes,Heterogametic,XY,24
Syritta,hackeri,Animalia|Insecta|Diptera|Syrphidae|Syritta|hackeri,Achiasmatic Meiosis,Heterogametic,XY,10
Syritta,indica,Animalia|Insecta|Diptera|Syrphidae|Syritta|indica,Achiasmatic Meiosis,Heterogametic,XY,10
Syritta,oceanica,Animalia|Insecta|Diptera|Syrphidae|Syritta|oceanica,Achiasmatic Meiosis,Heterogametic,XY,10
Syritta,pipiens,Animalia|Insecta|Diptera|Syrphidae|Syritta|pipiens,Achiasmatic Meiosis,Heterogametic,XY,10
Syritta,sp.2,Animalia|Insecta|Diptera|Syrphidae|Syritta|sp.2,Achiasmatic Meiosis,Heterogametic,XY,10
Syritta,sp.4,Animalia|Insecta|Diptera|Syrphidae|Syritta|sp.4,Achiasmatic Meiosis,Heterogametic,XY,10
Syritta,stigmatica,Animalia|Insecta|Diptera|Syrphidae|Syritta|stigmatica,Achiasmatic Meiosis,Heterogametic,XO,10
Syrotelus,umbrosus,Animalia|Insecta|Coleoptera|Curculionidae|Syrotelus|umbrosus,Asynaptic Sex Chromosomes,Heterogametic,XY,16
Syrphus,balteatus,Animalia|Insecta|Diptera|Syrphidae|Syrphus|balteatus,Achiasmatic Meiosis,Heterogametic,XY,10
Syrphus,corollae,Animalia|Insecta|Diptera|Syrphidae|Syrphus|corollae,Achiasmatic Meiosis,Heterogametic,XY,8
Syrphus,knabi,Animalia|Insecta|Diptera|Syrphidae|Syrphus|knabi,Achiasmatic Meiosis,Heterogametic,XY,8
Syrphus,lasiophthalmus,Animalia|Insecta|Diptera|Syrphidae|Syrphus|lasiophthalmus,Achiasmatic Meiosis,Heterogametic,XY,10
Syrphus,luniger,Animalia|Insecta|Diptera|Syrphidae|Syrphus|luniger,Achiasmatic Meiosis,Heterogametic,XY,8
Syrphus,melanostomoides,Animalia|Insecta|Diptera|Syrphidae|Syrphus|melanostomoides,Achiasmatic Meiosis,Heterogametic,XY,10
Syrphus,octomaculatus,Animalia|Insecta|Diptera|Syrphidae|Syrphus|octomaculatus,Achiasmatic Meiosis,Heterogametic,XY,8
Syrphus,opinator,Animalia|Insecta|Diptera|Syrphidae|Syrphus|opinator,Achiasmatic Meiosis,Heterogametic,XY,8
Syrphus,phaeostigma,Animalia|Insecta|Diptera|Syrphidae|Syrphus|phaeostigma,Achiasmatic Meiosis,Heterogametic,XY,8
Syrphus,rectus,Animalia|Insecta|Diptera|Syrphidae|Syrphus|rectus,Achiasmatic Meiosis,Heterogametic,XY,8
Syrphus,reedi,Animalia|Insecta|Diptera|Syrphidae|Syrphus|reedi,Achiasmatic Meiosis,Heterogametic,XY,8
Syrphus,ribesii,Animalia|Insecta|Diptera|Syrphidae|Syrphus|ribesii,Achiasmatic Meiosis,Heterogametic,XY,8
Syrphus,shorae,Animalia|Insecta|Diptera|Syrphidae|Syrphus|shorae,Achiasmatic Meiosis,Heterogametic,XY,8
Syrphus,sp,Animalia|Insecta|Diptera|Syrphidae|Syrphus|sp,Achiasmatic Meiosis,Heterogametic,XY,8
Syrphus,torvus,Animalia|Insecta|Diptera|Syrphidae|Syrphus|torvus,Achiasmatic Meiosis,Heterogametic,XY,8
Syrphus,vitripennis,Animalia|Insecta|Diptera|Syrphidae|Syrphus|vitripennis,Achiasmatic Meiosis,Heterogametic,XY,8
Syrphus,vittafrons,Animalia|Insecta|Diptera|Syrphidae|Syrphus|vittafrons,Achiasmatic Meiosis,Heterogametic,XY,8
Systoechus,vulgaris,Animalia|Insecta|Diptera|Bombyliidae|Systoechus|vulgaris,Achiasmatic Meiosis,Heterogametic,XY,14
Tabanus,autumnalis,Animalia|Insecta|Diptera|Tabanidae|Tabanus|autumnalis,Achiasmatic Meiosis,Heterogametic,NA,14
Tabanus,bifarius,Animalia|Insecta|Diptera|Tabanidae|Tabanus|bifarius,Achiasmatic Meiosis,Heterogametic,NA,16
Tabanus,bovines,Animalia|Insecta|Diptera|Tabanidae|Tabanus|bovines,Achiasmatic Meiosis,Heterogametic,XY,14
Tabanus,bromius,Animalia|Insecta|Diptera|Tabanidae|Tabanus|bromius,Achiasmatic Meiosis,Heterogametic,NA,10
Tabanus,buddha,Animalia|Insecta|Diptera|Tabanidae|Tabanus|buddha,Achiasmatic Meiosis,Heterogametic,XY,12
Tabanus,colchidicus,Animalia|Insecta|Diptera|Tabanidae|Tabanus|colchidicus,Achiasmatic Meiosis,Heterogametic,XY,16
Tabanus,cordiger,Animalia|Insecta|Diptera|Tabanidae|Tabanus|cordiger,Achiasmatic Meiosis,Heterogametic,NA,12
Tabanus,dolini,Animalia|Insecta|Diptera|Tabanidae|Tabanus|dolini,Achiasmatic Meiosis,Heterogametic,XY,12
Tabanus,flavofemoratus,Animalia|Insecta|Diptera|Tabanidae|Tabanus|flavofemoratus,Achiasmatic Meiosis,Heterogametic,XY,10
Tabanus,geminus,Animalia|Insecta|Diptera|Tabanidae|Tabanus|geminus,Achiasmatic Meiosis,Heterogametic,XY,14
Tabanus,hauseri,Animalia|Insecta|Diptera|Tabanidae|Tabanus|hauseri,Achiasmatic Meiosis,Heterogametic,XY,14
Tabanus,indrae,Animalia|Insecta|Diptera|Tabanidae|Tabanus|indrae,Achiasmatic Meiosis,Heterogametic,XY,10
Tabanus,infestus,Animalia|Insecta|Diptera|Tabanidae|Tabanus|infestus,Achiasmatic Meiosis,Heterogametic,XY,10
Tabanus,maculicornis,Animalia|Insecta|Diptera|Tabanidae|Tabanus|maculicornis,Achiasmatic Meiosis,Heterogametic,XY,10
Tabanus,marginalis,Animalia|Insecta|Diptera|Tabanidae|Tabanus|marginalis,Achiasmatic Meiosis,Heterogametic,XY,10
Tabanus,miki,Animalia|Insecta|Diptera|Tabanidae|Tabanus|miki,Achiasmatic Meiosis,Heterogametic,NA,10
Tabanus,pleskei,Animalia|Insecta|Diptera|Tabanidae|Tabanus|pleskei,Achiasmatic Meiosis,Heterogametic,XY,12
Tabanus,quatuornotatus,Animalia|Insecta|Diptera|Tabanidae|Tabanus|quatuornotatus,Achiasmatic Meiosis,Heterogametic,NA,12
Tabanus,sabuletorum,Animalia|Insecta|Diptera|Tabanidae|Tabanus|sabuletorum,Achiasmatic Meiosis,Heterogametic,XY,12
Tabanus,shelkovnikovi,Animalia|Insecta|Diptera|Tabanidae|Tabanus|shelkovnikovi,Achiasmatic Meiosis,Heterogametic,XY,12
Tabanus,spectabilis,Animalia|Insecta|Diptera|Tabanidae|Tabanus|spectabilis,Achiasmatic Meiosis,Heterogametic,XY,10
Tabanus,sudeticus,Animalia|Insecta|Diptera|Tabanidae|Tabanus|sudeticus,Achiasmatic Meiosis,Heterogametic,XY,14
Tabanus,unifasciatus,Animalia|Insecta|Diptera|Tabanidae|Tabanus|unifasciatus,Achiasmatic Meiosis,Heterogametic,XY,12
Tabanus,zimini,Animalia|Insecta|Diptera|Tabanidae|Tabanus|zimini,Achiasmatic Meiosis,Heterogametic,XY,12
Tachypterellus,4-gibbus,Animalia|Insecta|Coleoptera|Curculionidae|Tachypterellus|4-gibbus,Asynaptic Sex Chromosomes,Heterogametic,XY,34
Tachyura,parvula,Animalia|Insecta|Coleoptera|Carabidae|Tachyura|parvula,Achiasmatic Meiosis,Heterogametic,XY,16
Tamasia,variegata,Animalia|Insecta|Trichoptera|Calcocidae|Tamasia|variegata,Achiasmatic Meiosis,Heterogametic,ZW,44
Tantalia,albovittata,Animalia|Insecta|Diptera|Drosophilidae|Tantalia|albovittata,Achiasmatic Meiosis,Heterogametic,NA,10
Tanymecus,cephalotes,Animalia|Insecta|Coleoptera|Curculionidae|Tanymecus|cephalotes,Asynaptic Sex Chromosomes,Heterogametic,XY,22
Tanymecus,hispidus,Animalia|Insecta|Coleoptera|Curculionidae|Tanymecus|hispidus,Asynaptic Sex Chromosomes,Heterogametic,XY,22
Tanymecus,indicus,Animalia|Insecta|Coleoptera|Curculionidae|Tanymecus|indicus,Asynaptic Sex Chromosomes,Heterogametic,XY,22
Tanymecus,longulus,Animalia|Insecta|Coleoptera|Curculionidae|Tanymecus|longulus,Asynaptic Sex Chromosomes,Heterogametic,XY,22
Tanymecus,palliatus,Animalia|Insecta|Coleoptera|Curculionidae|Tanymecus|palliatus,Asynaptic Sex Chromosomes,Heterogametic,XY,22
Tanymecus,sciurus,Animalia|Insecta|Coleoptera|Curculionidae|Tanymecus|sciurus,Asynaptic Sex Chromosomes,Heterogametic,XY,22
Tanymecus,sp.,Animalia|Insecta|Coleoptera|Curculionidae|Tanymecus|sp.,Asynaptic Sex Chromosomes,Heterogametic,XY,22
Tanysphyrus,leme,Animalia|Insecta|Coleoptera|Curculionidae|Tanysphyrus|leme,Asynaptic Sex Chromosomes,Heterogametic,XY,18
Tanysphyrus,major,Animalia|Insecta|Coleoptera|Curculionidae|Tanysphyrus|major,Asynaptic Sex Chromosomes,Heterogametic,XY,16
Tarsipes,rostratus,Animalia|Mammalia|Diprotodontia|Tarsipedidae|Tarsipes|rostratus,Asynaptic Sex Chromosomes,Heterogametic,XY,32
Taxomyia,taxi,Animalia|Insecta|Diptera|Cecidomyiidae|Taxomyia|taxi,Achiasmatic Meiosis,Heterogametic,XO,8
Tcmnostoma,alternans,Animalia|Insecta|Diptera|Syrphidae|Tcmnostoma|alternans,Achiasmatic Meiosis,Heterogametic,XY,8
Tehpritis,arnicae,Animalia|Insecta|Diptera|Tephritidae|Tehpritis|arnicae,Achiasmatic Meiosis,Heterogametic,XY,12
Telephae,konoi,Animalia|Insecta|Coleoptera|Curculionidae|Telephae|konoi,Asynaptic Sex Chromosomes,Heterogametic,XY,22
Temnostoma,acra,Animalia|Insecta|Diptera|Syrphidae|Temnostoma|acra,Achiasmatic Meiosis,Heterogametic,XY,12
Temnostoma,alternans,Animalia|Insecta|Diptera|Syrphidae|Temnostoma|alternans,Achiasmatic Meiosis,Heterogametic,XY,8
Temnostoma,balyras,Animalia|Insecta|Diptera|Syrphidae|Temnostoma|balyras,Achiasmatic Meiosis,Heterogametic,NA,8
Temnostoma,vespiforme,Animalia|Insecta|Diptera|Syrphidae|Temnostoma|vespiforme,Achiasmatic Meiosis,Heterogametic,NA,8
Tenagobia,fuscata,Animalia|Insecta|Hemiptera|Micronectidae|Tenagobia|fuscata,Achiasmatic Meiosis,Heterogametic,XY,28
Tenebrio,molitor,Animalia|Insecta|Coleoptera|Tenebrionidae|Tenebrio|molitor,Asynaptic Sex Chromosomes,Heterogametic,XY,20
Tenebrio,obscurus,Animalia|Insecta|Coleoptera|Tenebrionidae|Tenebrio|obscurus,Asynaptic Sex Chromosomes,Heterogametic,XY,20
Tenebrio,picipes,Animalia|Insecta|Coleoptera|Tenebrionidae|Tenebrio|picipes,Asynaptic Sex Chromosomes,Heterogametic,XY,20
Tenebroides,mauritanicus,Animalia|Insecta|Coleoptera|Trogossitidae|Tenebroides|mauritanicus,Asynaptic Sex Chromosomes,Heterogametic,XY,24
Tentyria,grossa,Animalia|Insecta|Coleoptera|Tenebrionidae|Tentyria|grossa,Asynaptic Sex Chromosomes,Heterogametic,XY,20
Tentyria,laevis,Animalia|Insecta|Coleoptera|Tenebrionidae|Tentyria|laevis,Asynaptic Sex Chromosomes,Heterogametic,XY,20
Tentyria,latreillei,Animalia|Insecta|Coleoptera|Tenebrionidae|Tentyria|latreillei,Asynaptic Sex Chromosomes,Heterogametic,XY,20
Tentyria,mucrota,Animalia|Insecta|Coleoptera|Tenebrionidae|Tentyria|mucrota,Asynaptic Sex Chromosomes,Heterogametic,XY,20
Tentyria,ophiusae,Animalia|Insecta|Coleoptera|Tenebrionidae|Tentyria|ophiusae,Asynaptic Sex Chromosomes,Heterogametic,XY,20
Tentyria,rotunda,Animalia|Insecta|Coleoptera|Tenebrionidae|Tentyria|rotunda,Asynaptic Sex Chromosomes,Heterogametic,XY,20
Tentyria,schaumi,Animalia|Insecta|Coleoptera|Tenebrionidae|Tentyria|schaumi,Asynaptic Sex Chromosomes,Heterogametic,XY,20
Tentyria,subcosta,Animalia|Insecta|Coleoptera|Tenebrionidae|Tentyria|subcosta,Asynaptic Sex Chromosomes,Heterogametic,XY,20
Tephritis,arnicae,Animalia|Insecta|Diptera|Tephritidae|Tephritis|arnicae,Achiasmatic Meiosis,Heterogametic,XO,12
Tephritis,sp.,Animalia|Insecta|Diptera|Tephritidae|Tephritis|sp.,Achiasmatic Meiosis,Heterogametic,ZW,12
Testediolum,carpentanum,Animalia|Insecta|Coleoptera|Carabidae|Testediolum|carpentanum,Achiasmatic Meiosis,Heterogametic,XY,24
Tetanocera,arrogans,Animalia|Insecta|Diptera|Sciomyzidae|Tetanocera|arrogans,Achiasmatic Meiosis,Heterogametic,XY,10
Tetanocera,elata,Animalia|Insecta|Diptera|Sciomyzidae|Tetanocera|elata,Achiasmatic Meiosis,Heterogametic,XY,12
Tetanocera,ferruginea,Animalia|Insecta|Diptera|Sciomyzidae|Tetanocera|ferruginea,Achiasmatic Meiosis,Heterogametic,XY,12
Tetanocera,hyalipennis,Animalia|Insecta|Diptera|Sciomyzidae|Tetanocera|hyalipennis,Achiasmatic Meiosis,Heterogametic,NA,12
Tetanocera,loewi,Animalia|Insecta|Diptera|Sciomyzidae|Tetanocera|loewi,Achiasmatic Meiosis,Heterogametic,XY,12
Tetanocera,loewiE,Animalia|Insecta|Diptera|Sciomyzidae|Tetanocera|loewiE,Achiasmatic Meiosis,Heterogametic,XY,12
Tetanocera,montana,Animalia|Insecta|Diptera|Sciomyzidae|Tetanocera|montana,Achiasmatic Meiosis,Heterogametic,XY,12
Tetanocera,plebeia,Animalia|Insecta|Diptera|Sciomyzidae|Tetanocera|plebeia,Achiasmatic Meiosis,Heterogametic,XY,12
Tetanocera,plumosa,Animalia|Insecta|Diptera|Sciomyzidae|Tetanocera|plumosa,Achiasmatic Meiosis,Heterogametic,XY,12
Tetanocera,silvatica,Animalia|Insecta|Diptera|Sciomyzidae|Tetanocera|silvatica,Achiasmatic Meiosis,Heterogametic,NA,12
Tetanocera,sp.,Animalia|Insecta|Diptera|Sciomyzidae|Tetanocera|sp.,Achiasmatic Meiosis,Heterogametic,XY,12
Tetanocera,sparsa,Animalia|Insecta|Diptera|Sciomyzidae|Tetanocera|sparsa,Achiasmatic Meiosis,Heterogametic,XY,12
Tetanocera,unicolor,Animalia|Insecta|Diptera|Sciomyzidae|Tetanocera|unicolor,Achiasmatic Meiosis,Heterogametic,XY,12
Tetanocera,vicina,Animalia|Insecta|Diptera|Sciomyzidae|Tetanocera|vicina,Achiasmatic Meiosis,Heterogametic,XY,12
Tetanoceroides,mesopleuralis,Animalia|Insecta|Diptera|Sciomyzidae|Tetanoceroides|mesopleuralis,Achiasmatic Meiosis,Heterogametic,XY,12
Tetanoceroides,occidentalis,Animalia|Insecta|Diptera|Sciomyzidae|Tetanoceroides|occidentalis,Achiasmatic Meiosis,Heterogametic,NA,12
Tetraonyx,frontalis,Animalia|Insecta|Coleoptera|Meloidae|Tetraonyx|frontalis,Asynaptic Sex Chromosomes,Heterogametic,XY,20
Tetraonyx,quadrimaculata,Animalia|Insecta|Coleoptera|Meloidae|Tetraonyx|quadrimaculata,Asynaptic Sex Chromosomes,Heterogametic,XY,20
Tetraopes,tetropthamus,Animalia|Insecta|Coleoptera|Cerambycidae|Tetraopes|tetropthamus,Asynaptic Sex Chromosomes,Heterogametic,XY,20
Tetropium,castaneum,Animalia|Insecta|Coleoptera|Cerambycidae|Tetropium|castaneum,Asynaptic Sex Chromosomes,Heterogametic,XY,20
Tetropium,fuscum,Animalia|Insecta|Coleoptera|Cerambycidae|Tetropium|fuscum,Asynaptic Sex Chromosomes,Heterogametic,XY,22
Tetropium,gabrieli,Animalia|Insecta|Coleoptera|Cerambycidae|Tetropium|gabrieli,Asynaptic Sex Chromosomes,Heterogametic,XY,24
Tetrops,praeusta,Animalia|Insecta|Coleoptera|Cerambycidae|Tetrops|praeusta,Asynaptic Sex Chromosomes,Heterogametic,XY,20
Thaicharmus,sp.,Animalia|Arachnida|Scorpiones|Buthidae|Thaicharmus|sp.,Achiasmatic Meiosis,Heterogametic,NA,16
Thanasimus,dubius,Animalia|Insecta|Coleoptera|Cleridae|Thanasimus|dubius,Asynaptic Sex Chromosomes,Heterogametic,XY,18
Thanasimus,formicarius,Animalia|Insecta|Coleoptera|Cleridae|Thanasimus|formicarius,Asynaptic Sex Chromosomes,Heterogametic,XY,18
Thanasimus,undatulus,Animalia|Insecta|Coleoptera|Cleridae|Thanasimus|undatulus,Asynaptic Sex Chromosomes,Heterogametic,XY,18
Thanatophilus,sinuatus,Animalia|Insecta|Coleoptera|Silphidae|Thanatophilus|sinuatus,Asynaptic Sex Chromosomes,Heterogametic,XY,26
Thaumalea,testacea,Animalia|Insecta|Diptera|Thaumaleidae|Thaumalea|testacea,Achiasmatic Meiosis,Heterogametic,XY,6
Thea,bisoctonotata,Animalia|Insecta|Coleoptera|Coccinellidae|Thea|bisoctonotata,Asynaptic Sex Chromosomes,Heterogametic,XY,20
Themognatha,alternata,Animalia|Insecta|Coleoptera|Buprestidae|Themognatha|alternata,Asynaptic Sex Chromosomes,Heterogametic,XY,20
Themognatha,barbiventris,Animalia|Insecta|Coleoptera|Buprestidae|Themognatha|barbiventris,Asynaptic Sex Chromosomes,Heterogametic,XY,22
Themognatha,bonvouloiri,Animalia|Insecta|Coleoptera|Buprestidae|Themognatha|bonvouloiri,Asynaptic Sex Chromosomes,Heterogametic,XY,22
Themognatha,chalcodera,Animalia|Insecta|Coleoptera|Buprestidae|Themognatha|chalcodera,Asynaptic Sex Chromosomes,Heterogametic,XY,22
Themognatha,chevrolati,Animalia|Insecta|Coleoptera|Buprestidae|Themognatha|chevrolati,Asynaptic Sex Chromosomes,Heterogametic,XY,22
Themognatha,donovani,Animalia|Insecta|Coleoptera|Buprestidae|Themognatha|donovani,Asynaptic Sex Chromosomes,Heterogametic,XY,22
Themognatha,heros,Animalia|Insecta|Coleoptera|Buprestidae|Themognatha|heros,Asynaptic Sex Chromosomes,Heterogametic,XY,22
Themognatha,mitchelli,Animalia|Insecta|Coleoptera|Buprestidae|Themognatha|mitchelli,Asynaptic Sex Chromosomes,Heterogametic,XY,22
Themognatha,mniszechi,Animalia|Insecta|Coleoptera|Buprestidae|Themognatha|mniszechi,Asynaptic Sex Chromosomes,Heterogametic,XY,22
Themognatha,nickerli,Animalia|Insecta|Coleoptera|Buprestidae|Themognatha|nickerli,Asynaptic Sex Chromosomes,Heterogametic,XY,20
Themognatha,parvicollis,Animalia|Insecta|Coleoptera|Buprestidae|Themognatha|parvicollis,Asynaptic Sex Chromosomes,Heterogametic,XY,22
Themognatha,pubicollis,Animalia|Insecta|Coleoptera|Buprestidae|Themognatha|pubicollis,Asynaptic Sex Chromosomes,Heterogametic,XY,22
Themognatha,regia,Animalia|Insecta|Coleoptera|Buprestidae|Themognatha|regia,Asynaptic Sex Chromosomes,Heterogametic,XY,22
Themognatha,tricolorata,Animalia|Insecta|Coleoptera|Buprestidae|Themognatha|tricolorata,Asynaptic Sex Chromosomes,Heterogametic,XY,22
Themognatha,variabilis,Animalia|Insecta|Coleoptera|Buprestidae|Themognatha|variabilis,Asynaptic Sex Chromosomes,Heterogametic,XY,22
Themognatha,viridicincta,Animalia|Insecta|Coleoptera|Buprestidae|Themognatha|viridicincta,Asynaptic Sex Chromosomes,Heterogametic,XY,22
Thlipsomerus,glebosus,Animalia|Insecta|Coleoptera|Curculionidae|Thlipsomerus|glebosus,Asynaptic Sex Chromosomes,Heterogametic,XY,22
Thylamys,elegans,Animalia|Mammalia|Didelphimorphia|Didelphidae|Thylamys|elegans,Asynaptic Sex Chromosomes,Heterogametic,XY,14
Thylogale,brunii,Animalia|Mammalia|Diprotodontia|Macropodidae|Thylogale|brunii,Asynaptic Sex Chromosomes,Heterogametic,XY,22
Thylogale,stigmatica,Animalia|Mammalia|Diprotodontia|Macropodidae|Thylogale|stigmatica,Asynaptic Sex Chromosomes,Heterogametic,XY,22
Thyridanthrax,abrupta,Animalia|Insecta|Diptera|Bombyliidae|Thyridanthrax|abrupta,Achiasmatic Meiosis,Heterogametic,NA,16
Thyridanthrax,niveifrons,Animalia|Insecta|Diptera|Bombyliidae|Thyridanthrax|niveifrons,Achiasmatic Meiosis,Heterogametic,XY,18
Thyridanthrax,sp,Animalia|Insecta|Diptera|Bombyliidae|Thyridanthrax|sp,Achiasmatic Meiosis,Heterogametic,XY,18
Tigriopus,brevicornis,Animalia|Maxillopoda|Cyclopoida|Harpacticoida|Tigriopus|brevicornis,Asynaptic Sex Chromosomes,Heterogametic,NA,24
Tigriopus,brevicornis,Animalia|Maxillopoda|Harpacticoida|Harpacticidae|Tigriopus|brevicornis,Achiasmatic Meiosis,Heterogametic,NA,24
Tigriopus,californicus,Animalia|Maxillopoda|Cyclopoida|Harpacticoida|Tigriopus|californicus,Asynaptic Sex Chromosomes,Heterogametic,NA,24
Tigriopus,californicus,Animalia|Maxillopoda|Harpacticoida|Harpacticidae|Tigriopus|californicus,Achiasmatic Meiosis,Heterogametic,NA,24
Tigriopus,japonicus,Animalia|Maxillopoda|Cyclopoida|Harpacticoida|Tigriopus|japonicus,Asynaptic Sex Chromosomes,Heterogametic,NA,24
Tigriopus,japonicus,Animalia|Maxillopoda|Harpacticoida|Harpacticidae|Tigriopus|japonicus,Achiasmatic Meiosis,Heterogametic,ZW,24
Tilloidea,transversalis,Animalia|Insecta|Coleoptera|Cleridae|Tilloidea|transversalis,Asynaptic Sex Chromosomes,Heterogametic,XY,18
Timarcha,affinis,Animalia|Insecta|Coleoptera|Chrysomelidae|Timarcha|affinis,Asynaptic Sex Chromosomes,Heterogametic,XY,20
Timarcha,balearica,Animalia|Insecta|Coleoptera|Chrysomelidae|Timarcha|balearica,Asynaptic Sex Chromosomes,Heterogametic,XY,22
Timarcha,calceata,Animalia|Insecta|Coleoptera|Chrysomelidae|Timarcha|calceata,Asynaptic Sex Chromosomes,Heterogametic,XY,30
Timarcha,carmelee,Animalia|Insecta|Coleoptera|Chrysomelidae|Timarcha|carmelee,Asynaptic Sex Chromosomes,Heterogametic,XY,20
Timarcha,catalaunensis,Animalia|Insecta|Coleoptera|Chrysomelidae|Timarcha|catalaunensis,Asynaptic Sex Chromosomes,Heterogametic,XY,20
Timarcha,cyanescens,Animalia|Insecta|Coleoptera|Chrysomelidae|Timarcha|cyanescens,Asynaptic Sex Chromosomes,Heterogametic,XY,20
Timarcha,erosa,Animalia|Insecta|Coleoptera|Chrysomelidae|Timarcha|erosa,Asynaptic Sex Chromosomes,Heterogametic,XY,20
Timarcha,espanoli,Animalia|Insecta|Coleoptera|Chrysomelidae|Timarcha|espanoli,Asynaptic Sex Chromosomes,Heterogametic,XY,26
Timarcha,fallax,Animalia|Insecta|Coleoptera|Chrysomelidae|Timarcha|fallax,Asynaptic Sex Chromosomes,Heterogametic,XY,20
Timarcha,geniculata,Animalia|Insecta|Coleoptera|Chrysomelidae|Timarcha|geniculata,Asynaptic Sex Chromosomes,Heterogametic,XY,20
Timarcha,goettingensis,Animalia|Insecta|Coleoptera|Chrysomelidae|Timarcha|goettingensis,Asynaptic Sex Chromosomes,Heterogametic,XY,20
Timarcha,insparsa,Animalia|Insecta|Coleoptera|Chrysomelidae|Timarcha|insparsa,Asynaptic Sex Chromosomes,Heterogametic,XY,20
Timarcha,intermedia,Animalia|Insecta|Coleoptera|Chrysomelidae|Timarcha|intermedia,Asynaptic Sex Chromosomes,Heterogametic,XY,20
Timarcha,interstitialis,Animalia|Insecta|Coleoptera|Chrysomelidae|Timarcha|interstitialis,Asynaptic Sex Chromosomes,Heterogametic,XY,20
Timarcha,intricata,Animalia|Insecta|Coleoptera|Chrysomelidae|Timarcha|intricata,Asynaptic Sex Chromosomes,Heterogametic,XY,44
Timarcha,laevigata,Animalia|Insecta|Coleoptera|Chrysomelidae|Timarcha|laevigata,Asynaptic Sex Chromosomes,Heterogametic,XY,28
Timarcha,lugens,Animalia|Insecta|Coleoptera|Chrysomelidae|Timarcha|lugens,Asynaptic Sex Chromosomes,Heterogametic,XY,20
Timarcha,marginicollis,Animalia|Insecta|Coleoptera|Chrysomelidae|Timarcha|marginicollis,Asynaptic Sex Chromosomes,Heterogametic,XY,20
Timarcha,maritima,Animalia|Insecta|Coleoptera|Chrysomelidae|Timarcha|maritima,Asynaptic Sex Chromosomes,Heterogametic,XY,20
Timarcha,metallica,Animalia|Insecta|Coleoptera|Chrysomelidae|Timarcha|metallica,Asynaptic Sex Chromosomes,Heterogametic,XY,20
Timarcha,monserratensis,Animalia|Insecta|Coleoptera|Chrysomelidae|Timarcha|monserratensis,Asynaptic Sex Chromosomes,Heterogametic,XY,20
Timarcha,parvicollis,Animalia|Insecta|Coleoptera|Chrysomelidae|Timarcha|parvicollis,Asynaptic Sex Chromosomes,Heterogametic,XY,24
Timarcha,perezi,Animalia|Insecta|Coleoptera|Chrysomelidae|Timarcha|perezi,Asynaptic Sex Chromosomes,Heterogametic,XY,20
Timarcha,pimelioides,Animalia|Insecta|Coleoptera|Chrysomelidae|Timarcha|pimelioides,Asynaptic Sex Chromosomes,Heterogametic,XY,28
Timarcha,pratensis,Animalia|Insecta|Coleoptera|Chrysomelidae|Timarcha|pratensis,Asynaptic Sex Chromosomes,Heterogametic,XY,26
Timarcha,recticollis,Animalia|Insecta|Coleoptera|Chrysomelidae|Timarcha|recticollis,Asynaptic Sex Chromosomes,Heterogametic,XY,20
Timarcha,rugosa,Animalia|Insecta|Coleoptera|Chrysomelidae|Timarcha|rugosa,Asynaptic Sex Chromosomes,Heterogametic,XY,26
Timarcha,scabripennis,Animalia|Insecta|Coleoptera|Chrysomelidae|Timarcha|scabripennis,Asynaptic Sex Chromosomes,Heterogametic,XY,24
Timarcha,sicelidis,Animalia|Insecta|Coleoptera|Chrysomelidae|Timarcha|sicelidis,Asynaptic Sex Chromosomes,Heterogametic,XY,20
Timarcha,sinuatocollis,Animalia|Insecta|Coleoptera|Chrysomelidae|Timarcha|sinuatocollis,Asynaptic Sex Chromosomes,Heterogametic,XY,20
Timarcha,strangulata,Animalia|Insecta|Coleoptera|Chrysomelidae|Timarcha|strangulata,Asynaptic Sex Chromosomes,Heterogametic,XY,28
Timarcha,tangeria,Animalia|Insecta|Coleoptera|Chrysomelidae|Timarcha|tangeria,Asynaptic Sex Chromosomes,Heterogametic,XY,26
Timarcha,tenebricosa,Animalia|Insecta|Coleoptera|Chrysomelidae|Timarcha|tenebricosa,Asynaptic Sex Chromosomes,Heterogametic,XY,22
Timarcha,ventricosa,Animalia|Insecta|Coleoptera|Chrysomelidae|Timarcha|ventricosa,Asynaptic Sex Chromosomes,Heterogametic,XY,26
Tiniocellus,spinipes,Animalia|Insecta|Coleoptera|Scarabaeidae|Tiniocellus|spinipes,Asynaptic Sex Chromosomes,Heterogametic,XY,24
Tipula,maxima,Animalia|Insecta|Diptera|Tipulidae|Tipula|maxima,Achiasmatic Meiosis,Heterogametic,NA,NA
Tisbe,biminiensis,Animalia|Maxillopoda|Harpacticoida|Tisbidae|Tisbe|biminiensis,Achiasmatic Meiosis,Heterogametic,ZW,16
Tisbe,holothuriae,Animalia|Maxillopoda|Harpacticoida|Tisbidae|Tisbe|holothuriae,Achiasmatic Meiosis,Heterogametic,ZW,24
Titanochaeta,bryani,Animalia|Insecta|Diptera|Drosophilidae|Titanochaeta|bryani,Achiasmatic Meiosis,Heterogametic,NA,10
Titanochaeta,n.sp.,Animalia|Insecta|Diptera|Drosophilidae|Titanochaeta|n.sp.,Achiasmatic Meiosis,Heterogametic,NA,8
Titanochaeta,new,Animalia|Insecta|Diptera|Drosophilidae|Titanochaeta|new,Achiasmatic Meiosis,Heterogametic,NA,8
Tityopsis,rolandoi sp. n.,Animalia|Arachnida|Scorpiones|Buthidae|Tityopsis|rolandoi sp. n.,Achiasmatic Meiosis,Heterogametic,NA,20
Tityus,aba,Animalia|Arachnida|Scorpiones|Buthidae|Tityus|aba,Achiasmatic Meiosis,Heterogametic,NA,NA
Tityus,acananensis,Animalia|Arachnida|Scorpiones|Buthidae|Tityus|acananensis,Achiasmatic Meiosis,Heterogametic,NA,NA
Tityus,achilles,Animalia|Arachnida|Scorpiones|Buthidae|Tityus|achilles,Achiasmatic Meiosis,Heterogametic,NA,NA
Tityus,adisi,Animalia|Arachnida|Scorpiones|Buthidae|Tityus|adisi,Achiasmatic Meiosis,Heterogametic,NA,NA
Tityus,adrianoi,Animalia|Arachnida|Scorpiones|Buthidae|Tityus|adrianoi,Achiasmatic Meiosis,Heterogametic,NA,NA
Tityus,ahincoi,Animalia|Arachnida|Scorpiones|Buthidae|Tityus|ahincoi,Achiasmatic Meiosis,Heterogametic,NA,NA
Tityus,alejandroi,Animalia|Arachnida|Scorpiones|Buthidae|Tityus|alejandroi,Achiasmatic Meiosis,Heterogametic,NA,NA
Tityus,altithronus,Animalia|Arachnida|Scorpiones|Buthidae|Tityus|altithronus,Achiasmatic Meiosis,Heterogametic,NA,NA
Tityus,androcottoides,Animalia|Arachnida|Scorpiones|Buthidae|Tityus|androcottoides,Achiasmatic Meiosis,Heterogametic,NA,NA
Tityus,anduzei,Animalia|Arachnida|Scorpiones|Buthidae|Tityus|anduzei,Achiasmatic Meiosis,Heterogametic,NA,NA
Tityus,angelesae,Animalia|Arachnida|Scorpiones|Buthidae|Tityus|angelesae,Achiasmatic Meiosis,Heterogametic,NA,NA
Tityus,anneae,Animalia|Arachnida|Scorpiones|Buthidae|Tityus|anneae,Achiasmatic Meiosis,Heterogametic,NA,NA
Tityus,anori,Animalia|Arachnida|Scorpiones|Buthidae|Tityus|anori,Achiasmatic Meiosis,Heterogametic,NA,NA
Tityus,antioquensis,Animalia|Arachnida|Scorpiones|Buthidae|Tityus|antioquensis,Achiasmatic Meiosis,Heterogametic,NA,NA
Tityus,apiacas,Animalia|Arachnida|Scorpiones|Buthidae|Tityus|apiacas,Achiasmatic Meiosis,Heterogametic,NA,NA
Tityus,arellanoparrai,Animalia|Arachnida|Scorpiones|Buthidae|Tityus|arellanoparrai,Achiasmatic Meiosis,Heterogametic,NA,NA
Tityus,argentinus,Animalia|Arachnida|Scorpiones|Buthidae|Tityus|argentinus,Achiasmatic Meiosis,Heterogametic,NA,NA
Tityus,asthenes,Animalia|Arachnida|Scorpiones|Buthidae|Tityus|asthenes,Achiasmatic Meiosis,Heterogametic,NA,NA
Tityus,atriventer,Animalia|Arachnida|Scorpiones|Buthidae|Tityus|atriventer,Achiasmatic Meiosis,Heterogametic,NA,NA
Tityus,bahiensis,Animalia|Arachnida|Scorpiones|Buthidae|Tityus|bahiensis,Achiasmatic Meiosis,Heterogametic,NA,10
Tityus,barquisimetanus,Animalia|Arachnida|Scorpiones|Buthidae|Tityus|barquisimetanus,Achiasmatic Meiosis,Heterogametic,NA,NA
Tityus,bastosi,Animalia|Arachnida|Scorpiones|Buthidae|Tityus|bastosi,Achiasmatic Meiosis,Heterogametic,NA,NA
Tityus,bellulus,Animalia|Arachnida|Scorpiones|Buthidae|Tityus|bellulus,Achiasmatic Meiosis,Heterogametic,NA,NA
Tityus,birabeni,Animalia|Arachnida|Scorpiones|Buthidae|Tityus|birabeni,Achiasmatic Meiosis,Heterogametic,NA,NA
Tityus,blanci,Animalia|Arachnida|Scorpiones|Buthidae|Tityus|blanci,Achiasmatic Meiosis,Heterogametic,NA,NA
Tityus,blaseri,Animalia|Arachnida|Scorpiones|Buthidae|Tityus|blaseri,Achiasmatic Meiosis,Heterogametic,NA,NA
Tityus,boconoensis,Animalia|Arachnida|Scorpiones|Buthidae|Tityus|boconoensis,Achiasmatic Meiosis,Heterogametic,NA,NA
Tityus,bolivianus,Animalia|Arachnida|Scorpiones|Buthidae|Tityus|bolivianus,Achiasmatic Meiosis,Heterogametic,NA,NA
Tityus,brazilae,Animalia|Arachnida|Scorpiones|Buthidae|Tityus|brazilae,Achiasmatic Meiosis,Heterogametic,NA,NA
Tityus,breweri,Animalia|Arachnida|Scorpiones|Buthidae|Tityus|breweri,Achiasmatic Meiosis,Heterogametic,NA,NA
Tityus,cachipalensis,Animalia|Arachnida|Scorpiones|Buthidae|Tityus|cachipalensis,Achiasmatic Meiosis,Heterogametic,NA,NA
Tityus,caesarbarrioi,Animalia|Arachnida|Scorpiones|Buthidae|Tityus|caesarbarrioi,Achiasmatic Meiosis,Heterogametic,NA,NA
Tityus,canopensis,Animalia|Arachnida|Scorpiones|Buthidae|Tityus|canopensis,Achiasmatic Meiosis,Heterogametic,NA,NA
Tityus,carabobensis,Animalia|Arachnida|Scorpiones|Buthidae|Tityus|carabobensis,Achiasmatic Meiosis,Heterogametic,NA,NA
Tityus,carinatoides,Animalia|Arachnida|Scorpiones|Buthidae|Tityus|carinatoides,Achiasmatic Meiosis,Heterogametic,NA,NA
Tityus,caripitensis,Animalia|Arachnida|Scorpiones|Buthidae|Tityus|caripitensis,Achiasmatic Meiosis,Heterogametic,NA,NA
Tityus,carolineae,Animalia|Arachnida|Scorpiones|Buthidae|Tityus|carolineae,Achiasmatic Meiosis,Heterogametic,NA,NA
Tityus,carrilloi,Animalia|Arachnida|Scorpiones|Buthidae|Tityus|carrilloi,Achiasmatic Meiosis,Heterogametic,NA,NA
Tityus,carvalhoi,Animalia|Arachnida|Scorpiones|Buthidae|Tityus|carvalhoi,Achiasmatic Meiosis,Heterogametic,NA,NA
Tityus,cerroazul,Animalia|Arachnida|Scorpiones|Buthidae|Tityus|cerroazul,Achiasmatic Meiosis,Heterogametic,NA,NA
Tityus,championi,Animalia|Arachnida|Scorpiones|Buthidae|Tityus|championi,Achiasmatic Meiosis,Heterogametic,NA,NA
Tityus,charalaensis,Animalia|Arachnida|Scorpiones|Buthidae|Tityus|charalaensis,Achiasmatic Meiosis,Heterogametic,NA,NA
Tityus,charreyroni,Animalia|Arachnida|Scorpiones|Buthidae|Tityus|charreyroni,Achiasmatic Meiosis,Heterogametic,NA,NA
Tityus,chilensis,Animalia|Arachnida|Scorpiones|Buthidae|Tityus|chilensis,Achiasmatic Meiosis,Heterogametic,NA,NA
Tityus,choco,Animalia|Arachnida|Scorpiones|Buthidae|Tityus|choco,Achiasmatic Meiosis,Heterogametic,NA,NA
Tityus,cisandinus,Animalia|Arachnida|Scorpiones|Buthidae|Tityus|cisandinus,Achiasmatic Meiosis,Heterogametic,NA,NA
Tityus,clathrathus,Animalia|Arachnida|Scorpiones|Buthidae|Tityus|clathrathus,Achiasmatic Meiosis,Heterogametic,NA,20
Tityus,clathratus,Animalia|Arachnida|Scorpiones|Buthidae|Tityus|clathratus,Achiasmatic Meiosis,Heterogametic,NA,20
Tityus,columbianus,Animalia|Arachnida|Scorpiones|Buthidae|Tityus|columbianus,Achiasmatic Meiosis,Heterogametic,NA,NA
Tityus,confluens,Animalia|Arachnida|Scorpiones|Buthidae|Tityus|confluens,Achiasmatic Meiosis,Heterogametic,NA,14
Tityus,costatus,Animalia|Arachnida|Scorpiones|Buthidae|Tityus|costatus,Achiasmatic Meiosis,Heterogametic,NA,16
Tityus,crassicauda,Animalia|Arachnida|Scorpiones|Buthidae|Tityus|crassicauda,Achiasmatic Meiosis,Heterogametic,NA,NA
Tityus,crassimanus,Animalia|Arachnida|Scorpiones|Buthidae|Tityus|crassimanus,Achiasmatic Meiosis,Heterogametic,NA,30
Tityus,cuellari,Animalia|Arachnida|Scorpiones|Buthidae|Tityus|cuellari,Achiasmatic Meiosis,Heterogametic,NA,NA
Tityus,culebrensis,Animalia|Arachnida|Scorpiones|Buthidae|Tityus|culebrensis,Achiasmatic Meiosis,Heterogametic,NA,NA
Tityus,curupi,Animalia|Arachnida|Scorpiones|Buthidae|Tityus|curupi,Achiasmatic Meiosis,Heterogametic,NA,32
Tityus,cylindricus,Animalia|Arachnida|Scorpiones|Buthidae|Tityus|cylindricus,Achiasmatic Meiosis,Heterogametic,NA,NA
Tityus,dasyurus,Animalia|Arachnida|Scorpiones|Buthidae|Tityus|dasyurus,Achiasmatic Meiosis,Heterogametic,NA,NA
Tityus,dedoslargos,Animalia|Arachnida|Scorpiones|Buthidae|Tityus|dedoslargos,Achiasmatic Meiosis,Heterogametic,NA,NA
Tityus,demangei,Animalia|Arachnida|Scorpiones|Buthidae|Tityus|demangei,Achiasmatic Meiosis,Heterogametic,NA,NA
Tityus,dillerorum,Animalia|Arachnida|Scorpiones|Buthidae|Tityus|dillerorum,Achiasmatic Meiosis,Heterogametic,NA,NA
Tityus,dinizi,Animalia|Arachnida|Scorpiones|Buthidae|Tityus|dinizi,Achiasmatic Meiosis,Heterogametic,NA,NA
Tityus,discrepans,Animalia|Arachnida|Scorpiones|Buthidae|Tityus|discrepans,Achiasmatic Meiosis,Heterogametic,NA,NA
Tityus,dorae,Animalia|Arachnida|Scorpiones|Buthidae|Tityus|dorae,Achiasmatic Meiosis,Heterogametic,NA,NA
Tityus,duacaensis,Animalia|Arachnida|Scorpiones|Buthidae|Tityus|duacaensis,Achiasmatic Meiosis,Heterogametic,NA,NA
Tityus,dulceae,Animalia|Arachnida|Scorpiones|Buthidae|Tityus|dulceae,Achiasmatic Meiosis,Heterogametic,NA,NA
Tityus,dupouyi,Animalia|Arachnida|Scorpiones|Buthidae|Tityus|dupouyi,Achiasmatic Meiosis,Heterogametic,NA,NA
Tityus,ecuadorensis,Animalia|Arachnida|Scorpiones|Buthidae|Tityus|ecuadorensis,Achiasmatic Meiosis,Heterogametic,NA,NA
Tityus,ecuadoriensis,Animalia|Arachnida|Scorpiones|Buthidae|Tityus|ecuadoriensis,Achiasmatic Meiosis,Heterogametic,NA,24
Tityus,elii,Animalia|Arachnida|Scorpiones|Buthidae|Tityus|elii,Achiasmatic Meiosis,Heterogametic,NA,22
Tityus,elizabethae,Animalia|Arachnida|Scorpiones|Buthidae|Tityus|elizabethae,Achiasmatic Meiosis,Heterogametic,NA,NA
Tityus,elizabethebravoi,Animalia|Arachnida|Scorpiones|Buthidae|Tityus|elizabethebravoi,Achiasmatic Meiosis,Heterogametic,NA,NA
Tityus,engelkei,Animalia|Arachnida|Scorpiones|Buthidae|Tityus|engelkei,Achiasmatic Meiosis,Heterogametic,NA,NA
Tityus,estherae,Animalia|Arachnida|Scorpiones|Buthidae|Tityus|estherae,Achiasmatic Meiosis,Heterogametic,NA,NA
Tityus,evandroi,Animalia|Arachnida|Scorpiones|Buthidae|Tityus|evandroi,Achiasmatic Meiosis,Heterogametic,NA,NA
Tityus,exstinctus,Animalia|Arachnida|Scorpiones|Buthidae|Tityus|exstinctus,Achiasmatic Meiosis,Heterogametic,NA,NA
Tityus,fasciolatus,Animalia|Arachnida|Scorpiones|Buthidae|Tityus|fasciolatus,Achiasmatic Meiosis,Heterogametic,NA,14
Tityus,festae,Animalia|Arachnida|Scorpiones|Buthidae|Tityus|festae,Achiasmatic Meiosis,Heterogametic,NA,NA
Tityus,filodendron,Animalia|Arachnida|Scorpiones|Buthidae|Tityus|filodendron,Achiasmatic Meiosis,Heterogametic,NA,NA
Tityus,florezi,Animalia|Arachnida|Scorpiones|Buthidae|Tityus|florezi,Achiasmatic Meiosis,Heterogametic,NA,NA
Tityus,footei,Animalia|Arachnida|Scorpiones|Buthidae|Tityus|footei,Achiasmatic Meiosis,Heterogametic,NA,NA
Tityus,forcipula,Animalia|Arachnida|Scorpiones|Buthidae|Tityus|forcipula,Achiasmatic Meiosis,Heterogametic,NA,NA
Tityus,fuhrmanni,Animalia|Arachnida|Scorpiones|Buthidae|Tityus|fuhrmanni,Achiasmatic Meiosis,Heterogametic,NA,22
Tityus,funestus,Animalia|Arachnida|Scorpiones|Buthidae|Tityus|funestus,Achiasmatic Meiosis,Heterogametic,NA,NA
Tityus,gaffini,Animalia|Arachnida|Scorpiones|Buthidae|Tityus|gaffini,Achiasmatic Meiosis,Heterogametic,NA,22
Tityus,gasci,Animalia|Arachnida|Scorpiones|Buthidae|Tityus|gasci,Achiasmatic Meiosis,Heterogametic,NA,NA
Tityus,generaltheophiloi,Animalia|Arachnida|Scorpiones|Buthidae|Tityus|generaltheophiloi,Achiasmatic Meiosis,Heterogametic,NA,NA
Tityus,gonzalespongai,Animalia|Arachnida|Scorpiones|Buthidae|Tityus|gonzalespongai,Achiasmatic Meiosis,Heterogametic,NA,NA
Tityus,grahami,Animalia|Arachnida|Scorpiones|Buthidae|Tityus|grahami,Achiasmatic Meiosis,Heterogametic,NA,NA
Tityus,grottoedensis,Animalia|Arachnida|Scorpiones|Buthidae|Tityus|grottoedensis,Achiasmatic Meiosis,Heterogametic,NA,NA
Tityus,guane,Animalia|Arachnida|Scorpiones|Buthidae|Tityus|guane,Achiasmatic Meiosis,Heterogametic,NA,NA
Tityus,guaricoensis,Animalia|Arachnida|Scorpiones|Buthidae|Tityus|guaricoensis,Achiasmatic Meiosis,Heterogametic,NA,NA
Tityus,haetianus,Animalia|Arachnida|Scorpiones|Buthidae|Tityus|haetianus,Achiasmatic Meiosis,Heterogametic,NA,NA
Tityus,horacioi,Animalia|Arachnida|Scorpiones|Buthidae|Tityus|horacioi,Achiasmatic Meiosis,Heterogametic,NA,NA
Tityus,icarus,Animalia|Arachnida|Scorpiones|Buthidae|Tityus|icarus,Achiasmatic Meiosis,Heterogametic,NA,NA
Tityus,imei,Animalia|Arachnida|Scorpiones|Buthidae|Tityus|imei,Achiasmatic Meiosis,Heterogametic,NA,NA
Tityus,indecisus,Animalia|Arachnida|Scorpiones|Buthidae|Tityus|indecisus,Achiasmatic Meiosis,Heterogametic,NA,NA
Tityus,insignis,Animalia|Arachnida|Scorpiones|Buthidae|Tityus|insignis,Achiasmatic Meiosis,Heterogametic,NA,NA
Tityus,intermedius,Animalia|Arachnida|Scorpiones|Buthidae|Tityus|intermedius,Achiasmatic Meiosis,Heterogametic,NA,NA
Tityus,isabelceciliae,Animalia|Arachnida|Scorpiones|Buthidae|Tityus|isabelceciliae,Achiasmatic Meiosis,Heterogametic,NA,NA
Tityus,ivani,Animalia|Arachnida|Scorpiones|Buthidae|Tityus|ivani,Achiasmatic Meiosis,Heterogametic,NA,NA
Tityus,ivicnancor,Animalia|Arachnida|Scorpiones|Buthidae|Tityus|ivicnancor,Achiasmatic Meiosis,Heterogametic,NA,NA
Tityus,jaimei,Animalia|Arachnida|Scorpiones|Buthidae|Tityus|jaimei,Achiasmatic Meiosis,Heterogametic,NA,NA
Tityus,jeanvellardi,Animalia|Arachnida|Scorpiones|Buthidae|Tityus|jeanvellardi,Achiasmatic Meiosis,Heterogametic,NA,NA
Tityus,julianae,Animalia|Arachnida|Scorpiones|Buthidae|Tityus|julianae,Achiasmatic Meiosis,Heterogametic,NA,NA
Tityus,juliorum,Animalia|Arachnida|Scorpiones|Buthidae|Tityus|juliorum,Achiasmatic Meiosis,Heterogametic,NA,NA
Tityus,jussarae,Animalia|Arachnida|Scorpiones|Buthidae|Tityus|jussarae,Achiasmatic Meiosis,Heterogametic,NA,NA
Tityus,kaderkai,Animalia|Arachnida|Scorpiones|Buthidae|Tityus|kaderkai,Achiasmatic Meiosis,Heterogametic,NA,NA
Tityus,kalettai,Animalia|Arachnida|Scorpiones|Buthidae|Tityus|kalettai,Achiasmatic Meiosis,Heterogametic,NA,NA
Tityus,karaja,Animalia|Arachnida|Scorpiones|Buthidae|Tityus|karaja,Achiasmatic Meiosis,Heterogametic,NA,NA
Tityus,kindli,Animalia|Arachnida|Scorpiones|Buthidae|Tityus|kindli,Achiasmatic Meiosis,Heterogametic,NA,NA
Tityus,kukututee,Animalia|Arachnida|Scorpiones|Buthidae|Tityus|kukututee,Achiasmatic Meiosis,Heterogametic,NA,NA
Tityus,kuryi,Animalia|Arachnida|Scorpiones|Buthidae|Tityus|kuryi,Achiasmatic Meiosis,Heterogametic,NA,NA
Tityus,lancinii,Animalia|Arachnida|Scorpiones|Buthidae|Tityus|lancinii,Achiasmatic Meiosis,Heterogametic,NA,NA
Tityus,lokiae,Animalia|Arachnida|Scorpiones|Buthidae|Tityus|lokiae,Achiasmatic Meiosis,Heterogametic,NA,NA
Tityus,longidigitus,Animalia|Arachnida|Scorpiones|Buthidae|Tityus|longidigitus,Achiasmatic Meiosis,Heterogametic,NA,NA
Tityus,lourencoi,Animalia|Arachnida|Scorpiones|Buthidae|Tityus|lourencoi,Achiasmatic Meiosis,Heterogametic,NA,NA
Tityus,lutzi,Animalia|Arachnida|Scorpiones|Buthidae|Tityus|lutzi,Achiasmatic Meiosis,Heterogametic,NA,NA
Tityus,macrochirus,Animalia|Arachnida|Scorpiones|Buthidae|Tityus|macrochirus,Achiasmatic Meiosis,Heterogametic,NA,NA
Tityus,magnimanus,Animalia|Arachnida|Scorpiones|Buthidae|Tityus|magnimanus,Achiasmatic Meiosis,Heterogametic,NA,NA
Tityus,maimirensis,Animalia|Arachnida|Scorpiones|Buthidae|Tityus|maimirensis,Achiasmatic Meiosis,Heterogametic,NA,NA
Tityus,mana,Animalia|Arachnida|Scorpiones|Buthidae|Tityus|mana,Achiasmatic Meiosis,Heterogametic,NA,20
Tityus,manakai,Animalia|Arachnida|Scorpiones|Buthidae|Tityus|manakai,Achiasmatic Meiosis,Heterogametic,NA,NA
Tityus,maniapurensis,Animalia|Arachnida|Scorpiones|Buthidae|Tityus|maniapurensis,Achiasmatic Meiosis,Heterogametic,NA,NA
Tityus,marajoensis,Animalia|Arachnida|Scorpiones|Buthidae|Tityus|marajoensis,Achiasmatic Meiosis,Heterogametic,NA,NA
Tityus,maranhensis,Animalia|Arachnida|Scorpiones|Buthidae|Tityus|maranhensis,Achiasmatic Meiosis,Heterogametic,NA,20
Tityus,marechali,Animalia|Arachnida|Scorpiones|Buthidae|Tityus|marechali,Achiasmatic Meiosis,Heterogametic,NA,NA
Tityus,martinpaechi,Animalia|Arachnida|Scorpiones|Buthidae|Tityus|martinpaechi,Achiasmatic Meiosis,Heterogametic,NA,6
Tityus,matogrossensis,Animalia|Arachnida|Scorpiones|Buthidae|Tityus|matogrossensis,Achiasmatic Meiosis,Heterogametic,NA,20
Tityus,matthieseni,Animalia|Arachnida|Scorpiones|Buthidae|Tityus|matthieseni,Achiasmatic Meiosis,Heterogametic,NA,NA
Tityus,mattogrossensis,Animalia|Arachnida|Scorpiones|Buthidae|Tityus|mattogrossensis,Achiasmatic Meiosis,Heterogametic,NA,20
Tityus,maturinensis,Animalia|Arachnida|Scorpiones|Buthidae|Tityus|maturinensis,Achiasmatic Meiosis,Heterogametic,NA,NA
Tityus,melanostictus,Animalia|Arachnida|Scorpiones|Buthidae|Tityus|melanostictus,Achiasmatic Meiosis,Heterogametic,NA,NA
Tityus,melici,Animalia|Arachnida|Scorpiones|Buthidae|Tityus|melici,Achiasmatic Meiosis,Heterogametic,NA,NA
Tityus,metuendus,Animalia|Arachnida|Scorpiones|Buthidae|Tityus|metuendus,Achiasmatic Meiosis,Heterogametic,NA,16
Tityus,michelii,Animalia|Arachnida|Scorpiones|Buthidae|Tityus|michelii,Achiasmatic Meiosis,Heterogametic,NA,NA
Tityus,microcystis,Animalia|Arachnida|Scorpiones|Buthidae|Tityus|microcystis,Achiasmatic Meiosis,Heterogametic,NA,NA
Tityus,monaguensis,Animalia|Arachnida|Scorpiones|Buthidae|Tityus|monaguensis,Achiasmatic Meiosis,Heterogametic,NA,NA
Tityus,mongei,Animalia|Arachnida|Scorpiones|Buthidae|Tityus|mongei,Achiasmatic Meiosis,Heterogametic,NA,NA
Tityus,moralensis,Animalia|Arachnida|Scorpiones|Buthidae|Tityus|moralensis,Achiasmatic Meiosis,Heterogametic,NA,NA
Tityus,mucusunamensis,Animalia|Arachnida|Scorpiones|Buthidae|Tityus|mucusunamensis,Achiasmatic Meiosis,Heterogametic,NA,NA
Tityus,munozi,Animalia|Arachnida|Scorpiones|Buthidae|Tityus|munozi,Achiasmatic Meiosis,Heterogametic,NA,NA
Tityus,neblina,Animalia|Arachnida|Scorpiones|Buthidae|Tityus|neblina,Achiasmatic Meiosis,Heterogametic,NA,NA
Tityus,neglectus,Animalia|Arachnida|Scorpiones|Buthidae|Tityus|neglectus,Achiasmatic Meiosis,Heterogametic,NA,28
Tityus,neibae,Animalia|Arachnida|Scorpiones|Buthidae|Tityus|neibae,Achiasmatic Meiosis,Heterogametic,NA,32
Tityus,nelsoni,Animalia|Arachnida|Scorpiones|Buthidae|Tityus|nelsoni,Achiasmatic Meiosis,Heterogametic,NA,NA
Tityus,nematochirus,Animalia|Arachnida|Scorpiones|Buthidae|Tityus|nematochirus,Achiasmatic Meiosis,Heterogametic,NA,NA
Tityus,neoespartanus,Animalia|Arachnida|Scorpiones|Buthidae|Tityus|neoespartanus,Achiasmatic Meiosis,Heterogametic,NA,NA
Tityus,nororientalis,Animalia|Arachnida|Scorpiones|Buthidae|Tityus|nororientalis,Achiasmatic Meiosis,Heterogametic,NA,NA
Tityus,obispoi,Animalia|Arachnida|Scorpiones|Buthidae|Tityus|obispoi,Achiasmatic Meiosis,Heterogametic,NA,NA
Tityus,obscurus,Animalia|Arachnida|Scorpiones|Buthidae|Tityus|obscurus,Achiasmatic Meiosis,Heterogametic,NA,12
Tityus,obtusus,Animalia|Arachnida|Scorpiones|Buthidae|Tityus|obtusus,Achiasmatic Meiosis,Heterogametic,NA,NA
Tityus,ocelote,Animalia|Arachnida|Scorpiones|Buthidae|Tityus|ocelote,Achiasmatic Meiosis,Heterogametic,NA,NA
Tityus,osmanus,Animalia|Arachnida|Scorpiones|Buthidae|Tityus|osmanus,Achiasmatic Meiosis,Heterogametic,NA,NA
Tityus,oteroi,Animalia|Arachnida|Scorpiones|Buthidae|Tityus|oteroi,Achiasmatic Meiosis,Heterogametic,NA,NA
Tityus,ottenwalderi,Animalia|Arachnida|Scorpiones|Buthidae|Tityus|ottenwalderi,Achiasmatic Meiosis,Heterogametic,NA,NA
Tityus,pachyurus,Animalia|Arachnida|Scorpiones|Buthidae|Tityus|pachyurus,Achiasmatic Meiosis,Heterogametic,NA,NA
Tityus,pampanensis,Animalia|Arachnida|Scorpiones|Buthidae|Tityus|pampanensis,Achiasmatic Meiosis,Heterogametic,NA,NA
Tityus,panguana,Animalia|Arachnida|Scorpiones|Buthidae|Tityus|panguana,Achiasmatic Meiosis,Heterogametic,NA,NA
Tityus,paraguayensis,Animalia|Arachnida|Scorpiones|Buthidae|Tityus|paraguayensis,Achiasmatic Meiosis,Heterogametic,NA,16
Tityus,parvulus,Animalia|Arachnida|Scorpiones|Buthidae|Tityus|parvulus,Achiasmatic Meiosis,Heterogametic,NA,NA
Tityus,paulistorum,Animalia|Arachnida|Scorpiones|Buthidae|Tityus|paulistorum,Achiasmatic Meiosis,Heterogametic,NA,NA
Tityus,perijanensis,Animalia|Arachnida|Scorpiones|Buthidae|Tityus|perijanensis,Achiasmatic Meiosis,Heterogametic,NA,NA
Tityus,pictus,Animalia|Arachnida|Scorpiones|Buthidae|Tityus|pictus,Achiasmatic Meiosis,Heterogametic,NA,NA
Tityus,pintodarochai,Animalia|Arachnida|Scorpiones|Buthidae|Tityus|pintodarochai,Achiasmatic Meiosis,Heterogametic,NA,NA
Tityus,pittieri,Animalia|Arachnida|Scorpiones|Buthidae|Tityus|pittieri,Achiasmatic Meiosis,Heterogametic,NA,NA
Tityus,pococki,Animalia|Arachnida|Scorpiones|Buthidae|Tityus|pococki,Achiasmatic Meiosis,Heterogametic,NA,NA
Tityus,portoplatensis,Animalia|Arachnida|Scorpiones|Buthidae|Tityus|portoplatensis,Achiasmatic Meiosis,Heterogametic,NA,NA
Tityus,potameis,Animalia|Arachnida|Scorpiones|Buthidae|Tityus|potameis,Achiasmatic Meiosis,Heterogametic,NA,NA
Tityus,prancei,Animalia|Arachnida|Scorpiones|Buthidae|Tityus|prancei,Achiasmatic Meiosis,Heterogametic,NA,NA
Tityus,proseni,Animalia|Arachnida|Scorpiones|Buthidae|Tityus|proseni,Achiasmatic Meiosis,Heterogametic,NA,NA
Tityus,pugilator,Animalia|Arachnida|Scorpiones|Buthidae|Tityus|pugilator,Achiasmatic Meiosis,Heterogametic,NA,NA
Tityus,pusillus,Animalia|Arachnida|Scorpiones|Buthidae|Tityus|pusillus,Achiasmatic Meiosis,Heterogametic,NA,20
Tityus,quiriquirensis,Animalia|Arachnida|Scorpiones|Buthidae|Tityus|quiriquirensis,Achiasmatic Meiosis,Heterogametic,NA,NA
Tityus,quirogae,Animalia|Arachnida|Scorpiones|Buthidae|Tityus|quirogae,Achiasmatic Meiosis,Heterogametic,NA,NA
Tityus,quisqueyanus,Animalia|Arachnida|Scorpiones|Buthidae|Tityus|quisqueyanus,Achiasmatic Meiosis,Heterogametic,NA,NA
Tityus,ramirezi,Animalia|Arachnida|Scorpiones|Buthidae|Tityus|ramirezi,Achiasmatic Meiosis,Heterogametic,NA,NA
Tityus,raquelae,Animalia|Arachnida|Scorpiones|Buthidae|Tityus|raquelae,Achiasmatic Meiosis,Heterogametic,NA,NA
Tityus,rebieri,Animalia|Arachnida|Scorpiones|Buthidae|Tityus|rebieri,Achiasmatic Meiosis,Heterogametic,NA,NA
Tityus,riocaurensis,Animalia|Arachnida|Scorpiones|Buthidae|Tityus|riocaurensis,Achiasmatic Meiosis,Heterogametic,NA,NA
Tityus,rionegrensis,Animalia|Arachnida|Scorpiones|Buthidae|Tityus|rionegrensis,Achiasmatic Meiosis,Heterogametic,NA,NA
Tityus,riverai,Animalia|Arachnida|Scorpiones|Buthidae|Tityus|riverai,Achiasmatic Meiosis,Heterogametic,NA,NA
Tityus,roigi,Animalia|Arachnida|Scorpiones|Buthidae|Tityus|roigi,Achiasmatic Meiosis,Heterogametic,NA,NA
Tityus,rojasi,Animalia|Arachnida|Scorpiones|Buthidae|Tityus|rojasi,Achiasmatic Meiosis,Heterogametic,NA,NA
Tityus,romeroi,Animalia|Arachnida|Scorpiones|Buthidae|Tityus|romeroi,Achiasmatic Meiosis,Heterogametic,NA,NA
Tityus,rondonorum,Animalia|Arachnida|Scorpiones|Buthidae|Tityus|rondonorum,Achiasmatic Meiosis,Heterogametic,NA,NA
Tityus,rosenbergi,Animalia|Arachnida|Scorpiones|Buthidae|Tityus|rosenbergi,Achiasmatic Meiosis,Heterogametic,NA,NA
Tityus,rufofuscus,Animalia|Arachnida|Scorpiones|Buthidae|Tityus|rufofuscus,Achiasmatic Meiosis,Heterogametic,NA,NA
Tityus,rugosus,Animalia|Arachnida|Scorpiones|Buthidae|Tityus|rugosus,Achiasmatic Meiosis,Heterogametic,NA,NA
Tityus,rupestre,Animalia|Arachnida|Scorpiones|Buthidae|Tityus|rupestre,Achiasmatic Meiosis,Heterogametic,NA,NA
Tityus,rusmelyae,Animalia|Arachnida|Scorpiones|Buthidae|Tityus|rusmelyae,Achiasmatic Meiosis,Heterogametic,NA,NA
Tityus,sabineae,Animalia|Arachnida|Scorpiones|Buthidae|Tityus|sabineae,Achiasmatic Meiosis,Heterogametic,NA,NA
Tityus,sanarensis,Animalia|Arachnida|Scorpiones|Buthidae|Tityus|sanarensis,Achiasmatic Meiosis,Heterogametic,NA,NA
Tityus,sanfernandoi,Animalia|Arachnida|Scorpiones|Buthidae|Tityus|sanfernandoi,Achiasmatic Meiosis,Heterogametic,NA,NA
Tityus,sarisarinamensis,Animalia|Arachnida|Scorpiones|Buthidae|Tityus|sarisarinamensis,Achiasmatic Meiosis,Heterogametic,NA,NA
Tityus,sastrei,Animalia|Arachnida|Scorpiones|Buthidae|Tityus|sastrei,Achiasmatic Meiosis,Heterogametic,NA,NA
Tityus,schrammi,Animalia|Arachnida|Scorpiones|Buthidae|Tityus|schrammi,Achiasmatic Meiosis,Heterogametic,NA,NA
Tityus,serrulatus,Animalia|Arachnida|Scorpiones|Buthidae|Tityus|serrulatus,Achiasmatic Meiosis,Heterogametic,NA,12
Tityus,shiriana,Animalia|Arachnida|Scorpiones|Buthidae|Tityus|shiriana,Achiasmatic Meiosis,Heterogametic,NA,NA
Tityus,silvestris,Animalia|Arachnida|Scorpiones|Buthidae|Tityus|silvestris,Achiasmatic Meiosis,Heterogametic,NA,16
Tityus,simonsi,Animalia|Arachnida|Scorpiones|Buthidae|Tityus|simonsi,Achiasmatic Meiosis,Heterogametic,NA,NA
Tityus,smithii,Animalia|Arachnida|Scorpiones|Buthidae|Tityus|smithii,Achiasmatic Meiosis,Heterogametic,NA,6
Tityus,soratensis,Animalia|Arachnida|Scorpiones|Buthidae|Tityus|soratensis,Achiasmatic Meiosis,Heterogametic,NA,NA
Tityus,spelaeus,Animalia|Arachnida|Scorpiones|Buthidae|Tityus|spelaeus,Achiasmatic Meiosis,Heterogametic,NA,NA
Tityus,stigmurus,Animalia|Arachnida|Scorpiones|Buthidae|Tityus|stigmurus,Achiasmatic Meiosis,Heterogametic,NA,16
Tityus,strandi,Animalia|Arachnida|Scorpiones|Buthidae|Tityus|strandi,Achiasmatic Meiosis,Heterogametic,NA,NA
Tityus,surmeridensis,Animalia|Arachnida|Scorpiones|Buthidae|Tityus|surmeridensis,Achiasmatic Meiosis,Heterogametic,NA,NA
Tityus,surorientalis,Animalia|Arachnida|Scorpiones|Buthidae|Tityus|surorientalis,Achiasmatic Meiosis,Heterogametic,NA,NA
Tityus,sylviae,Animalia|Arachnida|Scorpiones|Buthidae|Tityus|sylviae,Achiasmatic Meiosis,Heterogametic,NA,NA
Tityus,tamayoi,Animalia|Arachnida|Scorpiones|Buthidae|Tityus|tamayoi,Achiasmatic Meiosis,Heterogametic,NA,NA
Tityus,tayrona,Animalia|Arachnida|Scorpiones|Buthidae|Tityus|tayrona,Achiasmatic Meiosis,Heterogametic,NA,NA
Tityus,tenuicauda,Animalia|Arachnida|Scorpiones|Buthidae|Tityus|tenuicauda,Achiasmatic Meiosis,Heterogametic,NA,NA
Tityus,timendus,Animalia|Arachnida|Scorpiones|Buthidae|Tityus|timendus,Achiasmatic Meiosis,Heterogametic,NA,NA
Tityus,tocantim,Animalia|Arachnida|Scorpiones|Buthidae|Tityus|tocantim,Achiasmatic Meiosis,Heterogametic,NA,NA
Tityus,trinitatis,Animalia|Arachnida|Scorpiones|Buthidae|Tityus|trinitatis,Achiasmatic Meiosis,Heterogametic,NA,NA
Tityus,trivittatus,Animalia|Arachnida|Scorpiones|Buthidae|Tityus|trivittatus,Achiasmatic Meiosis,Heterogametic,NA,6
Tityus,tucurui,Animalia|Arachnida|Scorpiones|Buthidae|Tityus|tucurui,Achiasmatic Meiosis,Heterogametic,NA,NA
Tityus,uniformis,Animalia|Arachnida|Scorpiones|Buthidae|Tityus|uniformis,Achiasmatic Meiosis,Heterogametic,NA,NA
Tityus,unus,Animalia|Arachnida|Scorpiones|Buthidae|Tityus|unus,Achiasmatic Meiosis,Heterogametic,NA,NA
Tityus,uquirensis,Animalia|Arachnida|Scorpiones|Buthidae|Tityus|uquirensis,Achiasmatic Meiosis,Heterogametic,NA,NA
Tityus,urachichensis,Animalia|Arachnida|Scorpiones|Buthidae|Tityus|urachichensis,Achiasmatic Meiosis,Heterogametic,NA,NA
Tityus,urbinai,Animalia|Arachnida|Scorpiones|Buthidae|Tityus|urbinai,Achiasmatic Meiosis,Heterogametic,NA,NA
Tityus,uruguayensis,Animalia|Arachnida|Scorpiones|Buthidae|Tityus|uruguayensis,Achiasmatic Meiosis,Heterogametic,NA,32
Tityus,vaissadei,Animalia|Arachnida|Scorpiones|Buthidae|Tityus|vaissadei,Achiasmatic Meiosis,Heterogametic,NA,NA
Tityus,valerae,Animalia|Arachnida|Scorpiones|Buthidae|Tityus|valerae,Achiasmatic Meiosis,Heterogametic,NA,NA
Tityus,venamensis,Animalia|Arachnida|Scorpiones|Buthidae|Tityus|venamensis,Achiasmatic Meiosis,Heterogametic,NA,NA
Tityus,ventuarensis,Animalia|Arachnida|Scorpiones|Buthidae|Tityus|ventuarensis,Achiasmatic Meiosis,Heterogametic,NA,NA
Tityus,wachteli,Animalia|Arachnida|Scorpiones|Buthidae|Tityus|wachteli,Achiasmatic Meiosis,Heterogametic,NA,NA
Tityus,walli,Animalia|Arachnida|Scorpiones|Buthidae|Tityus|walli,Achiasmatic Meiosis,Heterogametic,NA,NA
Tityus,yerenai,Animalia|Arachnida|Scorpiones|Buthidae|Tityus|yerenai,Achiasmatic Meiosis,Heterogametic,NA,NA
Tityus,ythieri,Animalia|Arachnida|Scorpiones|Buthidae|Tityus|ythieri,Achiasmatic Meiosis,Heterogametic,NA,NA
Tityus,zulianus,Animalia|Arachnida|Scorpiones|Buthidae|Tityus|zulianus,Achiasmatic Meiosis,Heterogametic,NA,NA
Toxomerus,anthrax,Animalia|Insecta|Diptera|Syrphidae|Toxomerus|anthrax,Achiasmatic Meiosis,Heterogametic,XY,10
Toxomerus,arciferus,Animalia|Insecta|Diptera|Syrphidae|Toxomerus|arciferus,Achiasmatic Meiosis,Heterogametic,XY,10
Toxomerus,aurulentus,Animalia|Insecta|Diptera|Syrphidae|Toxomerus|aurulentus,Achiasmatic Meiosis,Heterogametic,XY,10
Toxomerus,basilaris,Animalia|Insecta|Diptera|Syrphidae|Toxomerus|basilaris,Achiasmatic Meiosis,Heterogametic,XY,10
Toxomerus,calceolatus,Animalia|Insecta|Diptera|Syrphidae|Toxomerus|calceolatus,Achiasmatic Meiosis,Heterogametic,XY,10
Toxomerus,croesus,Animalia|Insecta|Diptera|Syrphidae|Toxomerus|croesus,Achiasmatic Meiosis,Heterogametic,XY,10
Toxomerus,floralis,Animalia|Insecta|Diptera|Syrphidae|Toxomerus|floralis,Achiasmatic Meiosis,Heterogametic,XY,10
Toxomerus,geminatus,Animalia|Insecta|Diptera|Syrphidae|Toxomerus|geminatus,Achiasmatic Meiosis,Heterogametic,XY,10
Toxomerus,lachrymosus,Animalia|Insecta|Diptera|Syrphidae|Toxomerus|lachrymosus,Achiasmatic Meiosis,Heterogametic,XY,12
Toxomerus,laciniosus,Animalia|Insecta|Diptera|Syrphidae|Toxomerus|laciniosus,Achiasmatic Meiosis,Heterogametic,XY,10
Toxomerus,laenas,Animalia|Insecta|Diptera|Syrphidae|Toxomerus|laenas,Achiasmatic Meiosis,Heterogametic,XY,10
Toxomerus,marginatus,Animalia|Insecta|Diptera|Syrphidae|Toxomerus|marginatus,Achiasmatic Meiosis,Heterogametic,XY,12
Toxomerus,mutuus,Animalia|Insecta|Diptera|Syrphidae|Toxomerus|mutuus,Achiasmatic Meiosis,Heterogametic,XY,8
Toxomerus,n.sp.,Animalia|Insecta|Diptera|Syrphidae|Toxomerus|n.sp.,Achiasmatic Meiosis,Heterogametic,XY,10
Toxomerus,occidentalis,Animalia|Insecta|Diptera|Syrphidae|Toxomerus|occidentalis,Achiasmatic Meiosis,Heterogametic,XY,10
Toxomerus,philippii,Animalia|Insecta|Diptera|Syrphidae|Toxomerus|philippii,Achiasmatic Meiosis,Heterogametic,XY,10
Toxomerus,pictus,Animalia|Insecta|Diptera|Syrphidae|Toxomerus|pictus,Achiasmatic Meiosis,Heterogametic,XY,12
Toxomerus,politus,Animalia|Insecta|Diptera|Syrphidae|Toxomerus|politus,Achiasmatic Meiosis,Heterogametic,XY,10
Toxomerus,portius,Animalia|Insecta|Diptera|Syrphidae|Toxomerus|portius,Achiasmatic Meiosis,Heterogametic,XY,10
Toxomerus,sp.1,Animalia|Insecta|Diptera|Syrphidae|Toxomerus|sp.1,Achiasmatic Meiosis,Heterogametic,XY,10
Toxomerus,sp.10,Animalia|Insecta|Diptera|Syrphidae|Toxomerus|sp.10,Achiasmatic Meiosis,Heterogametic,NA,10
Toxomerus,sp.10b,Animalia|Insecta|Diptera|Syrphidae|Toxomerus|sp.10b,Achiasmatic Meiosis,Heterogametic,XY,10
Toxomerus,sp.11,Animalia|Insecta|Diptera|Syrphidae|Toxomerus|sp.11,Achiasmatic Meiosis,Heterogametic,XY,10
Toxomerus,sp.12,Animalia|Insecta|Diptera|Syrphidae|Toxomerus|sp.12,Achiasmatic Meiosis,Heterogametic,XY,10
Toxomerus,sp.15,Animalia|Insecta|Diptera|Syrphidae|Toxomerus|sp.15,Achiasmatic Meiosis,Heterogametic,XY,10
Toxomerus,sp.16,Animalia|Insecta|Diptera|Syrphidae|Toxomerus|sp.16,Achiasmatic Meiosis,Heterogametic,XY,8
Toxomerus,sp.19,Animalia|Insecta|Diptera|Syrphidae|Toxomerus|sp.19,Achiasmatic Meiosis,Heterogametic,XY,10
Toxomerus,sp.2,Animalia|Insecta|Diptera|Syrphidae|Toxomerus|sp.2,Achiasmatic Meiosis,Heterogametic,XY,10
Toxomerus,sp.3,Animalia|Insecta|Diptera|Syrphidae|Toxomerus|sp.3,Achiasmatic Meiosis,Heterogametic,XY,10
Toxomerus,sp.4,Animalia|Insecta|Diptera|Syrphidae|Toxomerus|sp.4,Achiasmatic Meiosis,Heterogametic,XY,10
Toxomerus,sp.6,Animalia|Insecta|Diptera|Syrphidae|Toxomerus|sp.6,Achiasmatic Meiosis,Heterogametic,XY,12
Toxomerus,sp._10_,Animalia|Insecta|Diptera|Syrphidae|Toxomerus|sp._10_,Achiasmatic Meiosis,Heterogametic,XY,10
Toxomerus,sp._11_,Animalia|Insecta|Diptera|Syrphidae|Toxomerus|sp._11_,Achiasmatic Meiosis,Heterogametic,XY,10
Toxomerus,sp._12_,Animalia|Insecta|Diptera|Syrphidae|Toxomerus|sp._12_,Achiasmatic Meiosis,Heterogametic,XY,10
Toxomerus,sp._15_,Animalia|Insecta|Diptera|Syrphidae|Toxomerus|sp._15_,Achiasmatic Meiosis,Heterogametic,XY,10
Toxomerus,sp._16_,Animalia|Insecta|Diptera|Syrphidae|Toxomerus|sp._16_,Achiasmatic Meiosis,Heterogametic,XY,8
Toxomerus,sp._19_,Animalia|Insecta|Diptera|Syrphidae|Toxomerus|sp._19_,Achiasmatic Meiosis,Heterogametic,XY,10
Toxomerus,sp._3_,Animalia|Insecta|Diptera|Syrphidae|Toxomerus|sp._3_,Achiasmatic Meiosis,Heterogametic,XY,10
Toxomerus,sp._4_,Animalia|Insecta|Diptera|Syrphidae|Toxomerus|sp._4_,Achiasmatic Meiosis,Heterogametic,XY,10
Toxomerus,sp._6_,Animalia|Insecta|Diptera|Syrphidae|Toxomerus|sp._6_,Achiasmatic Meiosis,Heterogametic,XY,12
Toxomerus,steatogaster,Animalia|Insecta|Diptera|Syrphidae|Toxomerus|steatogaster,Achiasmatic Meiosis,Heterogametic,XY,10
Toxomerus,violaceus,Animalia|Insecta|Diptera|Syrphidae|Toxomerus|violaceus,Achiasmatic Meiosis,Heterogametic,XY,10
Toxomerus,vitreus,Animalia|Insecta|Diptera|Syrphidae|Toxomerus|vitreus,Achiasmatic Meiosis,Heterogametic,XY,10
Toxophora,javana,Animalia|Insecta|Diptera|Bombyliidae|Toxophora|javana,Achiasmatic Meiosis,Heterogametic,XY,8
Trabala,vishnu,Animalia|Insecta|Lepidoptera|Lasiocampidae|Trabala|vishnu,Achiasmatic Meiosis,Heterogametic,ZW,NA
Trachelizus,sp.,Animalia|Insecta|Coleoptera|Brentidae|Trachelizus|sp.,Asynaptic Sex Chromosomes,Heterogametic,XY,12
Trachycelis,aphodiodes,Animalia|Insecta|Coleoptera|Tenebrionidae|Trachycelis|aphodiodes,Asynaptic Sex Chromosomes,Heterogametic,XY,22
Trachyderes,striatus,Animalia|Insecta|Coleoptera|Cerambycidae|Trachyderes|striatus,Asynaptic Sex Chromosomes,Heterogametic,XY,22
Trachyderes,thoracicus,Animalia|Insecta|Coleoptera|Cerambycidae|Trachyderes|thoracicus,Asynaptic Sex Chromosomes,Heterogametic,XY,32
Transptochus,sp.,Animalia|Insecta|Coleoptera|Curculionidae|Transptochus|sp.,Asynaptic Sex Chromosomes,Heterogametic,XY,22
Trechus,obtusus,Animalia|Insecta|Coleoptera|Carabidae|Trechus|obtusus,Achiasmatic Meiosis,Heterogametic,XY,24
Trechus,quadristriatus,Animalia|Insecta|Coleoptera|Carabidae|Trechus|quadristriatus,Achiasmatic Meiosis,Heterogametic,XY,24
Trepanes,articulatus,Animalia|Insecta|Coleoptera|Carabidae|Trepanes|articulatus,Achiasmatic Meiosis,Heterogametic,XY,24
Trepanes,assimilis,Animalia|Insecta|Coleoptera|Carabidae|Trepanes|assimilis,Achiasmatic Meiosis,Heterogametic,XY,24
Trepanes,doris,Animalia|Insecta|Coleoptera|Carabidae|Trepanes|doris,Achiasmatic Meiosis,Heterogametic,XY,NA
Trepanes,fumigatus,Animalia|Insecta|Coleoptera|Carabidae|Trepanes|fumigatus,Achiasmatic Meiosis,Heterogametic,XY,NA
Trepanes,maeulatus,Animalia|Insecta|Coleoptera|Carabidae|Trepanes|maeulatus,Achiasmatic Meiosis,Heterogametic,XY,24
Trepanes,octomaculatus,Animalia|Insecta|Coleoptera|Carabidae|Trepanes|octomaculatus,Achiasmatic Meiosis,Heterogametic,XY,NA
Triatoma,melanosoma,Animalia|Insecta|Hempitera|Reduviidae|Triatoma|melanosoma,Achiasmatic Sex Chromosomes,Heterogametic,XY,22
Tribolium,audax,Animalia|Insecta|Coleoptera|Tenebrionidae|Tribolium|audax,Asynaptic Sex Chromosomes,Heterogametic,XY,20
Tribolium,castaneum,Animalia|Insecta|Coleoptera|Tenebrionidae|Tribolium|castaneum,Asynaptic Sex Chromosomes,Heterogametic,XY,20
Tribolium,freemani,Animalia|Insecta|Coleoptera|Tenebrionidae|Tribolium|freemani,Asynaptic Sex Chromosomes,Heterogametic,XY,20
Triceratopyga,calliphoroides,Animalia|Insecta|Diptera|Calliphoridae|Triceratopyga|calliphoroides,Achiasmatic Meiosis,Heterogametic,XY,12
Trichiotinus,assimilis,Animalia|Insecta|Coleoptera|Scarabaeidae|Trichiotinus|assimilis,Asynaptic Sex Chromosomes,Heterogametic,XY,20
Trichodes,apiarius,Animalia|Insecta|Coleoptera|Cleridae|Trichodes|apiarius,Asynaptic Sex Chromosomes,Heterogametic,XY,18
Trichodes,favarius,Animalia|Insecta|Coleoptera|Cleridae|Trichodes|favarius,Asynaptic Sex Chromosomes,Heterogametic,XY,18
Trichodes,nutalli,Animalia|Insecta|Coleoptera|Cleridae|Trichodes|nutalli,Asynaptic Sex Chromosomes,Heterogametic,XY,18
Trichodes,ornatus,Animalia|Insecta|Coleoptera|Cleridae|Trichodes|ornatus,Asynaptic Sex Chromosomes,Heterogametic,XY,18
Trichodes,quadriguttatus,Animalia|Insecta|Coleoptera|Cleridae|Trichodes|quadriguttatus,Asynaptic Sex Chromosomes,Heterogametic,XY,18
Trichodes,reichei,Animalia|Insecta|Coleoptera|Cleridae|Trichodes|reichei,Asynaptic Sex Chromosomes,Heterogametic,XY,18
Trichogramma,cacoeciae,Animalia|Insecta|Hymenoptera|Trichogrammatidae|Trichogramma|cacoeciae,Achiasmatic Meiosis,Heterogametic,NA,10
Trichomys,apereoide,Animalia|Mammalia|Rodentia|Echimyidae|Trichomys|apereoide,Asynaptic Sex Chromosomes,Heterogametic,NA,26
Trichophorus,interrogationes,Animalia|Insecta|Coleoptera|Cerambycidae|Trichophorus|interrogationes,Asynaptic Sex Chromosomes,Heterogametic,XY,20
Trichosia,pubescens,Animalia|Insecta|Diptera|Sciaridae|Trichosia|pubescens,Achiasmatic Meiosis,Heterogametic,XO,8
Trichosurus,caninus,Animalia|Mammalia|Diprotodontia|Phalangeridae|Trichosurus|caninus,Asynaptic Sex Chromosomes,Heterogametic,XY,20
Trichosurus,johnstonii,Animalia|Mammalia|Diprotodontia|Phalangeridae|Trichosurus|johnstonii,Asynaptic Sex Chromosomes,Heterogametic,XY,20
Triplectides,misionensis,Animalia|Insecta|Trichoptera|Leptoceridaea|Triplectides|misionensis,Achiasmatic Meiosis,Heterogametic,ZW,48
Triplectides,misionensis,Animalia|Insecta|Trichoptera|Leptoceroidea|Triplectides|misionensis,Achiasmatic Meiosis,Heterogametic,ZO,48
Trirhabda,cadensis,Animalia|Insecta|Coleoptera|Chrysomelidae|Trirhabda|cadensis,Asynaptic Sex Chromosomes,Heterogametic,XY,30
Trirhithrum,coffeae,Animalia|Insecta|Diptera|Tephritidae|Trirhithrum|coffeae,Achiasmatic Meiosis,Heterogametic,XY,12
Trishormomyia,helianthi,Animalia|Insecta|Diptera|Cecidomyiidae|Trishormomyia|helianthi,Achiasmatic Meiosis,Heterogametic,XO,8
Triturus,cristatus,Animalia|Amphibia|Caudata|Salamandridae|Triturus|cristatus,Asynaptic Sex Chromosomes,Both,XY,24
Triturus,cristatus carnifex,Animalia|Amphibia|Caudata|Salamandridae|Triturus|cristatus carnifex,Asynaptic Sex Chromosomes,Heterogametic,NA,NA
Triturus,marmoratus,Animalia|Amphibia|Caudata|Salamandridae|Triturus|marmoratus,Asynaptic Sex Chromosomes,Heterogametic,NA,24
Troglocharinus,ferreri,Animalia|Insecta|Coleoptera|Leiodidae|Troglocharinus|ferreri,Asynaptic Sex Chromosomes,Heterogametic,XY,24
Troglocharinus,jacasi,Animalia|Insecta|Coleoptera|Leiodidae|Troglocharinus|jacasi,Asynaptic Sex Chromosomes,Heterogametic,XY,24
Troglocharinus,kiesenwetteri,Animalia|Insecta|Coleoptera|Leiodidae|Troglocharinus|kiesenwetteri,Asynaptic Sex Chromosomes,Heterogametic,XY,24
Troglocharinus,schibii,Animalia|Insecta|Coleoptera|Leiodidae|Troglocharinus|schibii,Asynaptic Sex Chromosomes,Heterogametic,XY,24
Troglocharinus,variabilis,Animalia|Insecta|Coleoptera|Leiodidae|Troglocharinus|variabilis,Asynaptic Sex Chromosomes,Heterogametic,XY,24
Troglorhopalurus,lacrau,Animalia|Arachnida|Scorpiones|Buthidae|Troglorhopalurus|lacrau,Achiasmatic Meiosis,Heterogametic,NA,22
Troglorhopalurus,translucidus,Animalia|Arachnida|Scorpiones|Buthidae|Troglorhopalurus|translucidus,Achiasmatic Meiosis,Heterogametic,NA,20
Trogloscaptomyza,argentifrons,Animalia|Insecta|Diptera|Drosophilidae|Trogloscaptomyza|argentifrons,Achiasmatic Meiosis,Heterogametic,NA,10
Trogloscaptomyza,n.sp.,Animalia|Insecta|Diptera|Drosophilidae|Trogloscaptomyza|n.sp.,Achiasmatic Meiosis,Heterogametic,NA,10
Trogloscaptomyza,spp.,Animalia|Insecta|Diptera|Drosophilidae|Trogloscaptomyza|spp.,Achiasmatic Meiosis,Heterogametic,NA,10
Trogloscaptomyza,waialealeae,Animalia|Insecta|Diptera|Drosophilidae|Trogloscaptomyza|waialealeae,Achiasmatic Meiosis,Heterogametic,NA,8
Trogoderma,glabrum,Animalia|Insecta|Coleoptera|Dermestidae|Trogoderma|glabrum,Asynaptic Sex Chromosomes,Heterogametic,XY,18
Trogoderma,inclusum,Animalia|Insecta|Coleoptera|Dermestidae|Trogoderma|inclusum,Asynaptic Sex Chromosomes,Heterogametic,XY,18
Trogoderma,parabile,Animalia|Insecta|Coleoptera|Dermestidae|Trogoderma|parabile,Asynaptic Sex Chromosomes,Heterogametic,XY,18
Trogoderma,variabile,Animalia|Insecta|Coleoptera|Dermestidae|Trogoderma|variabile,Asynaptic Sex Chromosomes,Heterogametic,XY,18
Tropideres,germanus,Animalia|Insecta|Coleoptera|Anthribidae|Tropideres|germanus,Asynaptic Sex Chromosomes,Heterogametic,XY,22
Tropideres,japonicus,Animalia|Insecta|Coleoptera|Anthribidae|Tropideres|japonicus,Asynaptic Sex Chromosomes,Heterogametic,XY,22
Tropideres,laxus,Animalia|Insecta|Coleoptera|Anthribidae|Tropideres|laxus,Asynaptic Sex Chromosomes,Heterogametic,XY,22
Tropidia,quadrata,Animalia|Insecta|Diptera|Syrphidae|Tropidia|quadrata,Achiasmatic Meiosis,Heterogametic,XY,10
Tropidia,scita,Animalia|Insecta|Diptera|Syrphidae|Tropidia|scita,Achiasmatic Meiosis,Heterogametic,XY,10
Tropisternus,lateralis,Animalia|Insecta|Coleoptera|Hydrophilidae|Tropisternus|lateralis,Asynaptic Sex Chromosomes,Heterogametic,XY,18
Tropisternus,mutatus,Animalia|Insecta|Coleoptera|Hydrophilidae|Tropisternus|mutatus,Asynaptic Sex Chromosomes,Heterogametic,XY,18
Tropocyclops,prasinus,Animalia|Maxillopoda|Cyclopoida|Cyclopidae|Tropocyclops|prasinus,Asynaptic Sex Chromosomes,Heterogametic,NA,NA
Tropocyclops,prasinus mexicanus,Animalia|Maxillopoda|Cyclopoida|Cyclopidae|Tropocyclops|prasinus mexicanus,Achiasmatic Meiosis,Heterogametic,NA,12
Trox,borrei,Animalia|Insecta|Coleoptera|Trogidae|Trox|borrei,Asynaptic Sex Chromosomes,Heterogametic,XY,20
Trox,costatus,Animalia|Insecta|Coleoptera|Trogidae|Trox|costatus,Asynaptic Sex Chromosomes,Heterogametic,XY,20
Trox,foveicollis,Animalia|Insecta|Coleoptera|Trogidae|Trox|foveicollis,Asynaptic Sex Chromosomes,Heterogametic,XY,20
Trox,granulatus,Animalia|Insecta|Coleoptera|Trogidae|Trox|granulatus,Asynaptic Sex Chromosomes,Heterogametic,XY,20
Trox,mochus,Animalia|Insecta|Coleoptera|Trogidae|Trox|mochus,Asynaptic Sex Chromosomes,Heterogametic,XY,20
Trox,omacanthus,Animalia|Insecta|Coleoptera|Trogidae|Trox|omacanthus,Asynaptic Sex Chromosomes,Heterogametic,XY,20
Trox,oricensis,Animalia|Insecta|Coleoptera|Trogidae|Trox|oricensis,Asynaptic Sex Chromosomes,Heterogametic,XY,20
Trox,punctatus,Animalia|Insecta|Coleoptera|Trogidae|Trox|punctatus,Asynaptic Sex Chromosomes,Heterogametic,XY,20
Trox,scaber,Animalia|Insecta|Coleoptera|Trogidae|Trox|scaber,Asynaptic Sex Chromosomes,Heterogametic,XY,20
Trox,scutellaris,Animalia|Insecta|Coleoptera|Trogidae|Trox|scutellaris,Asynaptic Sex Chromosomes,Heterogametic,XY,20
Trox,spinulosus,Animalia|Insecta|Coleoptera|Trogidae|Trox|spinulosus,Asynaptic Sex Chromosomes,Heterogametic,XY,20
Trupanea,chrysanthemifolii,Animalia|Insecta|Diptera|Tephritidae|Trupanea|chrysanthemifolii,Achiasmatic Meiosis,Heterogametic,NA,12
Trupanea,foliosi,Animalia|Insecta|Diptera|Tephritidae|Trupanea|foliosi,Achiasmatic Meiosis,Heterogametic,NA,12
Trupanea,footei,Animalia|Insecta|Diptera|Tephritidae|Trupanea|footei,Achiasmatic Meiosis,Heterogametic,NA,12
Trupanea,thuriferae,Animalia|Insecta|Diptera|Tephritidae|Trupanea|thuriferae,Achiasmatic Meiosis,Heterogametic,NA,12
Trypanaresta,marisolae,Animalia|Insecta|Diptera|Tephritidae|Trypanaresta|marisolae,Achiasmatic Meiosis,Heterogametic,NA,12
Trypetoptera,punctulata,Animalia|Insecta|Diptera|Sciomyzidae|Trypetoptera|punctulata,Achiasmatic Meiosis,Heterogametic,XY,12
Trypocopris,pyreeus,Animalia|Insecta|Coleoptera|Scarabaeidae|Trypocopris|pyreeus,Asynaptic Sex Chromosomes,Heterogametic,XY,20
Trypodendron,lineatum,Animalia|Insecta|Coleoptera|Scolytidae|Trypodendron|lineatum,Asynaptic Sex Chromosomes,Heterogametic,XY,26
Tubifera,sp.,Animalia|Insecta|Diptera|Syrphidae|Tubifera|sp.,Achiasmatic Meiosis,Heterogametic,NA,14
Tychius,aureolus,Animalia|Insecta|Coleoptera|Curculionidae|Tychius|aureolus,Asynaptic Sex Chromosomes,Heterogametic,XY,40
Tychius,ginsuji,Animalia|Insecta|Coleoptera|Curculionidae|Tychius|ginsuji,Asynaptic Sex Chromosomes,Heterogametic,XY,34
Tychius,sp.,Animalia|Insecta|Coleoptera|Curculionidae|Tychius|sp.,Asynaptic Sex Chromosomes,Heterogametic,XY,34
Tychius,stephensi,Animalia|Insecta|Coleoptera|Curculionidae|Tychius|stephensi,Asynaptic Sex Chromosomes,Heterogametic,XY,40
Typhaeus,typhoeus,Animalia|Insecta|Coleoptera|Scarabaeidae|Typhaeus|typhoeus,Asynaptic Sex Chromosomes,Heterogametic,XY,20
Typophorus,nigritus,Animalia|Insecta|Coleoptera|Chrysomelidae|Typophorus|nigritus,Asynaptic Sex Chromosomes,Heterogametic,XY,20
Uloma,impressicollis,Animalia|Insecta|Coleoptera|Tenebrionidae|Uloma|impressicollis,Asynaptic Sex Chromosomes,Heterogametic,XY,20
Upis,ceramboides,Animalia|Insecta|Coleoptera|Tenebrionidae|Upis|ceramboides,Asynaptic Sex Chromosomes,Heterogametic,XY,20
Urodacus,manicatus,Animalia|Arachnida|Scorpiones|Scorpionidae|Urodacus|manicatus,Achiasmatic Meiosis,Heterogametic,NA,NA
Uroplata,girardi,Animalia|Insecta|Coleoptera|Chrysomelidae|Uroplata|girardi,Asynaptic Sex Chromosomes,Heterogametic,XY,20
Uroplata,nigritarsis,Animalia|Insecta|Coleoptera|Chrysomelidae|Uroplata|nigritarsis,Asynaptic Sex Chromosomes,Heterogametic,XY,20
Uroplectes,carinatus,Animalia|Arachnida|Scorpiones|Buthidae|Uroplectes|carinatus,Achiasmatic Meiosis,Heterogametic,NA,20
Uroplectes,chubbi,Animalia|Arachnida|Scorpiones|Buthidae|Uroplectes|chubbi,Achiasmatic Meiosis,Heterogametic,NA,20
Uroplectes,ebogo sp. n.,Animalia|Arachnida|Scorpiones|Buthidae|Uroplectes|ebogo sp. n.,Achiasmatic Meiosis,Heterogametic,NA,24
Uroplectes,emiliae,Animalia|Arachnida|Scorpiones|Buthidae|Uroplectes|emiliae,Achiasmatic Meiosis,Heterogametic,NA,28
Uroplectes,fischeri,Animalia|Arachnida|Scorpiones|Buthidae|Uroplectes|fischeri,Achiasmatic Meiosis,Heterogametic,NA,28
Uroplectes,flavoviridis,Animalia|Arachnida|Scorpiones|Buthidae|Uroplectes|flavoviridis,Achiasmatic Meiosis,Heterogametic,NA,26
Uroplectes,formosus,Animalia|Arachnida|Scorpiones|Buthidae|Uroplectes|formosus,Achiasmatic Meiosis,Heterogametic,NA,16
Uroplectes,olivaceus,Animalia|Arachnida|Scorpiones|Buthidae|Uroplectes|olivaceus,Achiasmatic Meiosis,Heterogametic,NA,24
Uroplectes,otjimbinguensis,Animalia|Arachnida|Scorpiones|Buthidae|Uroplectes|otjimbinguensis,Achiasmatic Meiosis,Heterogametic,NA,26
Uroplectes,planimanus,Animalia|Arachnida|Scorpiones|Buthidae|Uroplectes|planimanus,Achiasmatic Meiosis,Heterogametic,NA,22
Uroplectes,planimanus kuanyamarus,Animalia|Arachnida|Scorpiones|Buthidae|Uroplectes|planimanus kuanyamarus,Achiasmatic Meiosis,Heterogametic,NA,22
Uroplectes,planimanus planimanus,Animalia|Arachnida|Scorpiones|Buthidae|Uroplectes|planimanus planimanus,Achiasmatic Meiosis,Heterogametic,NA,22
Uroplectes,vittatus,Animalia|Arachnida|Scorpiones|Buthidae|Uroplectes|vittatus,Achiasmatic Meiosis,Heterogametic,NA,24
Usia,florea,Animalia|Insecta|Diptera|Bombyliidae|Usia|florea,Achiasmatic Meiosis,Heterogametic,XY,10
Uyttenboogaartia,punctipennis,Animalia|Insecta|Coleoptera|Tenebrionidae|Uyttenboogaartia|punctipennis,Asynaptic Sex Chromosomes,Heterogametic,XY,20
Vella,fallax,Animalia|Insecta|Neuroptera|Myrmeleontidae|Vella|fallax,Asynaptic Sex Chromosomes,Heterogametic,XY,14
Verania,allardi,Animalia|Insecta|Coleoptera|Coccinellidae|Verania|allardi,Asynaptic Sex Chromosomes,Heterogametic,XY,20
Verania,discolor,Animalia|Insecta|Coleoptera|Coccinellidae|Verania|discolor,Asynaptic Sex Chromosomes,Heterogametic,XY,20
Vesperus,xatari,Animalia|Insecta|Coleoptera|Cerambycidae|Vesperus|xatari,Asynaptic Sex Chromosomes,Heterogametic,NA,52
Villa,cingulum,Animalia|Insecta|Diptera|Bombyliidae|Villa|cingulum,Achiasmatic Meiosis,Heterogametic,NA,16
Villa,gayi,Animalia|Insecta|Diptera|Bombyliidae|Villa|gayi,Achiasmatic Meiosis,Heterogametic,XY,18
Villa,gorgon,Animalia|Insecta|Diptera|Bombyliidae|Villa|gorgon,Achiasmatic Meiosis,Heterogametic,XY,14
Villa,lateralis,Animalia|Insecta|Diptera|Bombyliidae|Villa|lateralis,Achiasmatic Meiosis,Heterogametic,XY,12
Villa,morio,Animalia|Insecta|Diptera|Bombyliidae|Villa|morio,Achiasmatic Meiosis,Heterogametic,XY,18
Villa,scylla,Animalia|Insecta|Diptera|Bombyliidae|Villa|scylla,Achiasmatic Meiosis,Heterogametic,XY,10
Villa,sinuosa,Animalia|Insecta|Diptera|Bombyliidae|Villa|sinuosa,Achiasmatic Meiosis,Heterogametic,XY,18
Villa,sp,Animalia|Insecta|Diptera|Bombyliidae|Villa|sp,Achiasmatic Meiosis,Heterogametic,XY,18
Villa,sp.1,Animalia|Insecta|Diptera|Bombyliidae|Villa|sp.1,Achiasmatic Meiosis,Heterogametic,XY,14
Villa,sp.2,Animalia|Insecta|Diptera|Bombyliidae|Villa|sp.2,Achiasmatic Meiosis,Heterogametic,NA,14
Villa,sp.3,Animalia|Insecta|Diptera|Bombyliidae|Villa|sp.3,Achiasmatic Meiosis,Heterogametic,NA,18
Villa,sp.Lateralisgroup,Animalia|Insecta|Diptera|Bombyliidae|Villa|sp.Lateralisgroup,Achiasmatic Meiosis,Heterogametic,XY,14
Villa,sp.nr.Blanchardiana,Animalia|Insecta|Diptera|Bombyliidae|Villa|sp.nr.Blanchardiana,Achiasmatic Meiosis,Heterogametic,XY,12
Villa,sp.nr.gorgon,Animalia|Insecta|Diptera|Bombyliidae|Villa|sp.nr.gorgon,Achiasmatic Meiosis,Heterogametic,XY,18
Villa,spB,Animalia|Insecta|Diptera|Bombyliidae|Villa|spB,Achiasmatic Meiosis,Heterogametic,XY,12
Villa,spC,Animalia|Insecta|Diptera|Bombyliidae|Villa|spC,Achiasmatic Meiosis,Heterogametic,XY,14
Villa,velutina,Animalia|Insecta|Diptera|Bombyliidae|Villa|velutina,Achiasmatic Meiosis,Heterogametic,XY,18
Villa,velutinaI,Animalia|Insecta|Diptera|Bombyliidae|Villa|velutinaI,Achiasmatic Meiosis,Heterogametic,XY,18
Villa,velutinaII,Animalia|Insecta|Diptera|Bombyliidae|Villa|velutinaII,Achiasmatic Meiosis,Heterogametic,XY,18
Volucella,bombylans,Animalia|Insecta|Diptera|Syrphidae|Volucella|bombylans,Achiasmatic Meiosis,Heterogametic,XY,12
Volucella,elegans,Animalia|Insecta|Diptera|Syrphidae|Volucella|elegans,Achiasmatic Meiosis,Heterogametic,XY,10
Volucella,inanis,Animalia|Insecta|Diptera|Syrphidae|Volucella|inanis,Achiasmatic Meiosis,Heterogametic,XY,12
Volucella,inflata,Animalia|Insecta|Diptera|Syrphidae|Volucella|inflata,Achiasmatic Meiosis,Heterogametic,XY,12
Volucella,obesa,Animalia|Insecta|Diptera|Syrphidae|Volucella|obesa,Achiasmatic Meiosis,Heterogametic,XY,12
Volucella,pellucens,Animalia|Insecta|Diptera|Syrphidae|Volucella|pellucens,Achiasmatic Meiosis,Heterogametic,XY,10
Volucella,zonaria,Animalia|Insecta|Diptera|Syrphidae|Volucella|zonaria,Achiasmatic Meiosis,Heterogametic,XY,10
Vombatus,ursinus,Animalia|Mammalia|Diprotodontia|Vombatidae|Vombatus|ursinus,Asynaptic Sex Chromosomes,Heterogametic,XY,14
Voria,ruralis,Animalia|Insecta|Diptera|Tachinidae|Voria|ruralis,Achiasmatic Meiosis,Heterogametic,NA,12
Wallabia,eugenii,Animalia|Mammalia|Diprotodontia|Macropodidae|Wallabia|eugenii,Asynaptic Sex Chromosomes,Heterogametic,XY,16
Walshomyia,texana,Animalia|Insecta|Diptera|Cecidomyiidae|Walshomyia|texana,Achiasmatic Meiosis,Heterogametic,XO,8
Walterianella,eugenia,Animalia|Insecta|Coleoptera|Chrysomelidae|Walterianella|eugenia,Asynaptic Sex Chromosomes,Heterogametic,XY,22
Walterianella,humilis,Animalia|Insecta|Coleoptera|Chrysomelidae|Walterianella|humilis,Asynaptic Sex Chromosomes,Heterogametic,XY,22
Walterianella,nr.,Animalia|Insecta|Coleoptera|Chrysomelidae|Walterianella|nr.,Asynaptic Sex Chromosomes,Heterogametic,XY,22
Walterianella,opthalmica,Animalia|Insecta|Coleoptera|Chrysomelidae|Walterianella|opthalmica,Asynaptic Sex Chromosomes,Heterogametic,XY,22
Walterianella,sp.,Animalia|Insecta|Coleoptera|Chrysomelidae|Walterianella|sp.,Asynaptic Sex Chromosomes,Heterogametic,XY,22
Walterianella,venusta,Animalia|Insecta|Coleoptera|Chrysomelidae|Walterianella|venusta,Asynaptic Sex Chromosomes,Heterogametic,XY,46
Winthemia,datanae,Animalia|Insecta|Diptera|Tachinidae|Winthemia|datanae,Achiasmatic Meiosis,Heterogametic,XY,12
Winthemia,occidentis,Animalia|Insecta|Diptera|Tachinidae|Winthemia|occidentis,Achiasmatic Meiosis,Heterogametic,XY,12
Winthemia,rufopicta,Animalia|Insecta|Diptera|Tachinidae|Winthemia|rufopicta,Achiasmatic Meiosis,Heterogametic,XY,12
Wohlfahrtia,meigeni,Animalia|Insecta|Diptera|Sarcophagidae|Wohlfahrtia|meigeni,Achiasmatic Meiosis,Heterogametic,XY,12
Wohlfahrtia,opaca,Animalia|Insecta|Diptera|Sarcophagidae|Wohlfahrtia|opaca,Achiasmatic Meiosis,Heterogametic,XY,12
Wyulda,squamicaudata,Animalia|Mammalia|Diprotodontia|Phalangeridae|Wyulda|squamicaudata,Asynaptic Sex Chromosomes,Heterogametic,XY,NA
Xanium,vanhoeffenianum,Animalia|Insecta|Coleoptera|Curculionidae|Xanium|vanhoeffenianum,Asynaptic Sex Chromosomes,Heterogametic,XY,22
Xanthandrus,bucephalus,Animalia|Insecta|Diptera|Syrphidae|Xanthandrus|bucephalus,Achiasmatic Meiosis,Heterogametic,NA,10
Xanthandrus,comtus,Animalia|Insecta|Diptera|Syrphidae|Xanthandrus|comtus,Achiasmatic Meiosis,Heterogametic,XY,8
Xanthandrus,cubanus,Animalia|Insecta|Diptera|Syrphidae|Xanthandrus|cubanus,Achiasmatic Meiosis,Heterogametic,XY,8
Xanthochelus,sp.,Animalia|Insecta|Coleoptera|Curculionidae|Xanthochelus|sp.,Asynaptic Sex Chromosomes,Heterogametic,XY,22
Xanthogaleruca,luteola,Animalia|Insecta|Coleoptera|Chrysomelidae|Xanthogaleruca|luteola,Asynaptic Sex Chromosomes,Heterogametic,XY,72
Xanthogramma,ornatum,Animalia|Insecta|Diptera|Syrphidae|Xanthogramma|ornatum,Achiasmatic Meiosis,Heterogametic,XY,10
Xenocalliphora,hortona,Animalia|Insecta|Diptera|Calliphoridae|Xenocalliphora|hortona,Achiasmatic Meiosis,Heterogametic,XY,12
Xylota,angustiventris,Animalia|Insecta|Diptera|Syrphidae|Xylota|angustiventris,Achiasmatic Meiosis,Heterogametic,XY,10
Xylota,annulifera,Animalia|Insecta|Diptera|Syrphidae|Xylota|annulifera,Achiasmatic Meiosis,Heterogametic,XY,10
Xylota,barbata,Animalia|Insecta|Diptera|Syrphidae|Xylota|barbata,Achiasmatic Meiosis,Heterogametic,XY,10
Xylota,bigelowi,Animalia|Insecta|Diptera|Syrphidae|Xylota|bigelowi,Achiasmatic Meiosis,Heterogametic,NA,8
Xylota,chalybea,Animalia|Insecta|Diptera|Syrphidae|Xylota|chalybea,Achiasmatic Meiosis,Heterogametic,XY,10
Xylota,coeruleiventris,Animalia|Insecta|Diptera|Syrphidae|Xylota|coeruleiventris,Achiasmatic Meiosis,Heterogametic,XY,10
Xylota,coquilletti,Animalia|Insecta|Diptera|Syrphidae|Xylota|coquilletti,Achiasmatic Meiosis,Heterogametic,XY,10
Xylota,curvaria,Animalia|Insecta|Diptera|Syrphidae|Xylota|curvaria,Achiasmatic Meiosis,Heterogametic,XY,10
Xylota,ejuncida,Animalia|Insecta|Diptera|Syrphidae|Xylota|ejuncida,Achiasmatic Meiosis,Heterogametic,XY,10
Xylota,flavitibia,Animalia|Insecta|Diptera|Syrphidae|Xylota|flavitibia,Achiasmatic Meiosis,Heterogametic,XY,10
Xylota,flexa,Animalia|Insecta|Diptera|Syrphidae|Xylota|flexa,Achiasmatic Meiosis,Heterogametic,XY,10
Xylota,florum,Animalia|Insecta|Diptera|Syrphidae|Xylota|florum,Achiasmatic Meiosis,Heterogametic,XY,10
Xylota,hinei,Animalia|Insecta|Diptera|Syrphidae|Xylota|hinei,Achiasmatic Meiosis,Heterogametic,XY,10
Xylota,ignava,Animalia|Insecta|Diptera|Syrphidae|Xylota|ignava,Achiasmatic Meiosis,Heterogametic,XY,10
Xylota,inarmata,Animalia|Insecta|Diptera|Syrphidae|Xylota|inarmata,Achiasmatic Meiosis,Heterogametic,XY,10
Xylota,lenta,Animalia|Insecta|Diptera|Syrphidae|Xylota|lenta,Achiasmatic Meiosis,Heterogametic,XY,10
Xylota,libo,Animalia|Insecta|Diptera|Syrphidae|Xylota|libo,Achiasmatic Meiosis,Heterogametic,XY,10
Xylota,lovetti,Animalia|Insecta|Diptera|Syrphidae|Xylota|lovetti,Achiasmatic Meiosis,Heterogametic,XY,10
Xylota,nemorum,Animalia|Insecta|Diptera|Syrphidae|Xylota|nemorum,Achiasmatic Meiosis,Heterogametic,XY,10
Xylota,pigra,Animalia|Insecta|Diptera|Syrphidae|Xylota|pigra,Achiasmatic Meiosis,Heterogametic,XY,10
Xylota,quadrimaculata,Animalia|Insecta|Diptera|Syrphidae|Xylota|quadrimaculata,Achiasmatic Meiosis,Heterogametic,XY,10
Xylota,segnis,Animalia|Insecta|Diptera|Syrphidae|Xylota|segnis,Achiasmatic Meiosis,Heterogametic,XY,10
Xylota,sp.5,Animalia|Insecta|Diptera|Syrphidae|Xylota|sp.5,Achiasmatic Meiosis,Heterogametic,XY,10
Xylota,sp2,Animalia|Insecta|Diptera|Syrphidae|Xylota|sp2,Achiasmatic Meiosis,Heterogametic,XY,10
Xylota,subfasciata,Animalia|Insecta|Diptera|Syrphidae|Xylota|subfasciata,Achiasmatic Meiosis,Heterogametic,XY,8
Xylota,sylvarum,Animalia|Insecta|Diptera|Syrphidae|Xylota|sylvarum,Achiasmatic Meiosis,Heterogametic,XY,10
Xylota,tarda,Animalia|Insecta|Diptera|Syrphidae|Xylota|tarda,Achiasmatic Meiosis,Heterogametic,XY,10
Xylota,tuberculata,Animalia|Insecta|Diptera|Syrphidae|Xylota|tuberculata,Achiasmatic Meiosis,Heterogametic,XY,10
Xylota,vecors,Animalia|Insecta|Diptera|Syrphidae|Xylota|vecors,Achiasmatic Meiosis,Heterogametic,XY,10
Xylotrechus,smei,Animalia|Insecta|Coleoptera|Cerambycidae|Xylotrechus|smei,Asynaptic Sex Chromosomes,Heterogametic,XY,20
Yingaresca,variicornis,Animalia|Insecta|Coleoptera|Chrysomelidae|Yingaresca|variicornis,Asynaptic Sex Chromosomes,Heterogametic,XY,26
Ytu,zeus,Animalia|Insecta|Coleoptera|Torridincolidae|Ytu|zeus,Asynaptic Sex Chromosomes,Heterogametic,XY,20
Zabius,fucus,Animalia|Arachnida|Scorpiones|Buthidae|Zabius|fucus,Achiasmatic Meiosis,Heterogametic,NA,18
Zabius,fuscus,Animalia|Arachnida|Scorpiones|Buthidae|Zabius|fuscus,Achiasmatic Meiosis,Heterogametic,NA,18
Zabrotes,subfasciatus,Animalia|Insecta|Coleoptera|Chrysomelidae|Zabrotes|subfasciatus,Asynaptic Sex Chromosomes,Heterogametic,XY,26
Zacladus,geranii,Animalia|Insecta|Coleoptera|Curculionidae|Zacladus|geranii,Asynaptic Sex Chromosomes,Heterogametic,XY,28
Zaprionus,bogoriensis,Animalia|Insecta|Diptera|Drosophilidae|Zaprionus|bogoriensis,Achiasmatic Meiosis,Heterogametic,XY,12
Zaprionus,ghesquieri,Animalia|Insecta|Diptera|Drosophilidae|Zaprionus|ghesquieri,Achiasmatic Meiosis,Heterogametic,NA,8
Zaprionus,indianus,Animalia|Insecta|Diptera|Drosophilidae|Zaprionus|indianus,Achiasmatic Meiosis,Heterogametic,XY,12
Zaprionus,inermis,Animalia|Insecta|Diptera|Drosophilidae|Zaprionus|inermis,Achiasmatic Meiosis,Heterogametic,NA,12
Zaprionus,multistriatus,Animalia|Insecta|Diptera|Drosophilidae|Zaprionus|multistriatus,Achiasmatic Meiosis,Heterogametic,NA,12
Zaprionus,obscuricornis,Animalia|Insecta|Diptera|Drosophilidae|Zaprionus|obscuricornis,Achiasmatic Meiosis,Heterogametic,XY,12
Zaprionus,ornatus,Animalia|Insecta|Diptera|Drosophilidae|Zaprionus|ornatus,Achiasmatic Meiosis,Heterogametic,NA,12
Zaprionus,paravittiger,Animalia|Insecta|Diptera|Drosophilidae|Zaprionus|paravittiger,Achiasmatic Meiosis,Heterogametic,XY,12
Zaprionus,sepsoides,Animalia|Insecta|Diptera|Drosophilidae|Zaprionus|sepsoides,Achiasmatic Meiosis,Heterogametic,NA,12
Zaprionus,sp.,Animalia|Insecta|Diptera|Drosophilidae|Zaprionus|sp.,Achiasmatic Meiosis,Heterogametic,NA,8
Zaprionus,tuberculatus,Animalia|Insecta|Diptera|Drosophilidae|Zaprionus|tuberculatus,Achiasmatic Meiosis,Heterogametic,NA,12
Zaprionus,vittiger,Animalia|Insecta|Diptera|Drosophilidae|Zaprionus|vittiger,Achiasmatic Meiosis,Heterogametic,NA,12
Zonitis,tarasca,Animalia|Insecta|Coleoptera|Meloidae|Zonitis|tarasca,Asynaptic Sex Chromosomes,Heterogametic,XY,20
Zonosemata,electa,Animalia|Insecta|Diptera|Tephritidae|Zonosemata|electa,Achiasmatic Meiosis,Heterogametic,XY,12
Zonosemata,vittigera,Animalia|Insecta|Diptera|Tephritidae|Zonosemata|vittigera,Achiasmatic Meiosis,Heterogametic,XY,12
Zophobas,aff.,Animalia|Insecta|Coleoptera|Tenebrionidae|Zophobas|aff.,Asynaptic Sex Chromosomes,Heterogametic,XY,20
Zophosis,bicarinata,Animalia|Insecta|Coleoptera|Tenebrionidae|Zophosis|bicarinata,Asynaptic Sex Chromosomes,Heterogametic,XY,20
Zygogramma,bicolorata,Animalia|Insecta|Coleoptera|Chrysomelidae|Zygogramma|bicolorata,Asynaptic Sex Chromosomes,Heterogametic,XY,24
NA,mitis,Animalia|Insecta|Diptera|Tachinidae|NA|mitis,Achiasmatic Meiosis,Heterogametic,XY,12
NA,NA,NA|NA|NA|NA|NA|NA,NA,NA,NA,NA
