tree_label,display_name,f_kingdom,f_class,f_order,f_family,f_genus,f_species,type_meiosis,type_meiosis_ring,sex_no_recomb_ring,sex_chr_sys,diploid_num
Animalia|Actinopterygii|Cyprinodontiformes|Poecilidae|Poecilia|formosa,formosa,Animalia,Actinopterygii,Cyprinodontiformes,Poecilidae,Poecilia,formosa,Asynaptic,Asynaptic,Heterogametic,NA,46
Animalia|Amphibia|Anura|Glandirana|Rana|esculenta,esculenta,Animalia,Amphibia,Anura,Glandirana,Rana,esculenta,Asynaptic,Asynaptic,NA,NA,26
Animalia|Amphibia|Anura|Glandirana|Rana|rugosa,rugosa,Animalia,Amphibia,Anura,Glandirana,Rana,rugosa,Achiasmatic,Achiasmatic,Heterogametic,ZW,0
Animalia|Amphibia|Caudata|Salamandridae|Triturus|cristatus,cristatus,Animalia,Amphibia,Caudata,Salamandridae,Triturus,cristatus,Asynaptic,Asynaptic,Both,XY,24
Animalia|Amphibia|Caudata|Salamandridae|Triturus|cristatus carnifex,cristatus carnifex,Animalia,Amphibia,Caudata,Salamandridae,Triturus,cristatus carnifex,Asynaptic,Asynaptic,Heterogametic,NA,0
Animalia|Amphibia|Caudata|Salamandridae|Triturus|marmoratus,marmoratus,Animalia,Amphibia,Caudata,Salamandridae,Triturus,marmoratus,Asynaptic,Asynaptic,Heterogametic,NA,24
Animalia|Arachnida|Araneae|Antrodiaetidae|Aliatypus|californicus,californicus,Animalia,Arachnida,Araneae,Antrodiaetidae,Aliatypus,californicus,Achiasmatic,Achiasmatic,Heterogametic,XO,27
Animalia|Arachnida|Araneae|Diguetidae|Diguetia|albolineata,albolineata,Animalia,Arachnida,Araneae,Diguetidae,Diguetia,albolineata,Achiasmatic,Achiasmatic,Heterogametic,XY,20
Animalia|Arachnida|Araneae|Diguetidae|Diguetia|canities,canities,Animalia,Arachnida,Araneae,Diguetidae,Diguetia,canities,Achiasmatic,Achiasmatic,Heterogametic,XY,16
Animalia|Arachnida|Araneae|Drymusidae|Drymusa|capensis,capensis,Animalia,Arachnida,Araneae,Drymusidae,Drymusa,capensis,Achiasmatic,Achiasmatic,Heterogametic,NA,37
Animalia|Arachnida|Araneae|Dysderidae|Dysdera|crocota,crocota,Animalia,Arachnida,Araneae,Dysderidae,Dysdera,crocota,Achiasmatic,Achiasmatic,Heterogametic,XO,10
Animalia|Arachnida|Araneae|Euagridae|Euagrus|lynceus,lynceus,Animalia,Arachnida,Araneae,Euagridae,Euagrus,lynceus,Achiasmatic,Achiasmatic,Heterogametic,NA,59
Animalia|Arachnida|Araneae|Filistatidae|Filistata|insidiatrix,insidiatrix,Animalia,Arachnida,Araneae,Filistatidae,Filistata,insidiatrix,Achiasmatic,Achiasmatic,Heterogametic,NA,33
Animalia|Arachnida|Araneae|Hypochilidae|Hypochilus|pococki,pococki,Animalia,Arachnida,Araneae,Hypochilidae,Hypochilus,pococki,Achiasmatic,Achiasmatic,Heterogametic,NA,29
Animalia|Arachnida|Araneae|Pholcidae|Holocnemus|caudatus,caudatus,Animalia,Arachnida,Araneae,Pholcidae,Holocnemus,caudatus,Achiasmatic,Achiasmatic,Heterogametic,XO,23
Animalia|Arachnida|Araneae|Pholcidae|Pholcus|phalangioides,phalangioides,Animalia,Arachnida,Araneae,Pholcidae,Pholcus,phalangioides,Achiasmatic,Achiasmatic,Heterogametic,NA,25
Animalia|Arachnida|Araneae|Pholcidae|Spermophora|senoculata,senoculata,Animalia,Arachnida,Araneae,Pholcidae,Spermophora,senoculata,Achiasmatic,Achiasmatic,Heterogametic,NA,25
Animalia|Arachnida|Araneae|Sicariidae|Loxosceles|rufescens,rufescens,Animalia,Arachnida,Araneae,Sicariidae,Loxosceles,rufescens,Achiasmatic,Achiasmatic,Heterogametic,NA,21
Animalia|Arachnida|Araneae|Sicariidae|Loxosceles|intermedia,intermedia,Animalia,Arachnida,Araneae,Sicariidae,Loxosceles,intermedia,Achiasmatic,Achiasmatic,Heterogametic,XY,23
Animalia|Arachnida|Araneae|Sicariidae|Loxosceles|laeta,laeta,Animalia,Arachnida,Araneae,Sicariidae,Loxosceles,laeta,Achiasmatic,Achiasmatic,Heterogametic,XY,23
Animalia|Arachnida|Araneae|Sicariidae|Loxosceles|reclusa,reclusa,Animalia,Arachnida,Araneae,Sicariidae,Loxosceles,reclusa,Achiasmatic,Achiasmatic,Heterogametic,XY,18
Animalia|Arachnida|Araneae|Sicariidae|Loxosceles|rufipes,rufipes,Animalia,Arachnida,Araneae,Sicariidae,Loxosceles,rufipes,Achiasmatic,Achiasmatic,Heterogametic,XY,20
Animalia|Arachnida|Araneae|Sicariidae|Loxosceles|spinulosa,spinulosa,Animalia,Arachnida,Araneae,Sicariidae,Loxosceles,spinulosa,Achiasmatic,Achiasmatic,Heterogametic,XY,19
Animalia|Arachnida|Pseudoscorpines|Atemnidae|Atemnus|politus,politus,Animalia,Arachnida,Pseudoscorpines,Atemnidae,Atemnus,politus,Achiasmatic,Achiasmatic,Heterogametic,XO,95
Animalia|Arachnida|Pseudoscorpionida|Chthoniidae|Chthonius|alpicola,alpicola,Animalia,Arachnida,Pseudoscorpionida,Chthoniidae,Chthonius,alpicola,Achiasmatic,Achiasmatic,Heterogametic,XO,21
Animalia|Arachnida|Pseudoscorpionida|Chthoniidae|Chthonius|boldorii,boldorii,Animalia,Arachnida,Pseudoscorpionida,Chthoniidae,Chthonius,boldorii,Achiasmatic,Achiasmatic,Heterogametic,XO,35
Animalia|Arachnida|Pseudoscorpionida|Chthoniidae|Chthonius|carinthiacus,carinthiacus,Animalia,Arachnida,Pseudoscorpionida,Chthoniidae,Chthonius,carinthiacus,Achiasmatic,Achiasmatic,Heterogametic,XO,35
Animalia|Arachnida|Pseudoscorpionida|Chthoniidae|Chthonius|diophthalmus,diophthalmus,Animalia,Arachnida,Pseudoscorpionida,Chthoniidae,Chthonius,diophthalmus,Achiasmatic,Achiasmatic,Heterogametic,XO,33
Animalia|Arachnida|Pseudoscorpionida|Chthoniidae|Chthonius|fuscimanus,fuscimanus,Animalia,Arachnida,Pseudoscorpionida,Chthoniidae,Chthonius,fuscimanus,Achiasmatic,Achiasmatic,Heterogametic,XO,35
Animalia|Arachnida|Pseudoscorpionida|Chthoniidae|Chthonius|heterodactylus,heterodactylus,Animalia,Arachnida,Pseudoscorpionida,Chthoniidae,Chthonius,heterodactylus,Achiasmatic,Achiasmatic,Heterogametic,XO,33
Animalia|Arachnida|Pseudoscorpionida|Chthoniidae|Chthonius|ischnocheles_ cytotype I,ischnocheles_ cytotype I,Animalia,Arachnida,Pseudoscorpionida,Chthoniidae,Chthonius,ischnocheles_ cytotype I,Achiasmatic,Achiasmatic,Heterogametic,XO,31
Animalia|Arachnida|Pseudoscorpionida|Chthoniidae|Chthonius|ischnocheles_ cytotype II,ischnocheles_ cytotype II,Animalia,Arachnida,Pseudoscorpionida,Chthoniidae,Chthonius,ischnocheles_ cytotype II,Achiasmatic,Achiasmatic,Heterogametic,XO,35
Animalia|Arachnida|Pseudoscorpionida|Chthoniidae|Chthonius|litoralis,litoralis,Animalia,Arachnida,Pseudoscorpionida,Chthoniidae,Chthonius,litoralis,Achiasmatic,Achiasmatic,Heterogametic,XO,35
Animalia|Arachnida|Pseudoscorpionida|Chthoniidae|Chthonius|nanus,nanus,Animalia,Arachnida,Pseudoscorpionida,Chthoniidae,Chthonius,nanus,Achiasmatic,Achiasmatic,Heterogametic,XO,25
Animalia|Arachnida|Pseudoscorpionida|Chthoniidae|Chthonius|orthodactylus,orthodactylus,Animalia,Arachnida,Pseudoscorpionida,Chthoniidae,Chthonius,orthodactylus,Achiasmatic,Achiasmatic,Heterogametic,XO,33
Animalia|Arachnida|Pseudoscorpionida|Chthoniidae|Chthonius|poeninus,poeninus,Animalia,Arachnida,Pseudoscorpionida,Chthoniidae,Chthonius,poeninus,Achiasmatic,Achiasmatic,Heterogametic,XO,25
Animalia|Arachnida|Pseudoscorpionida|Chthoniidae|Chthonius|raridentatus_ cytotype I,raridentatus_ cytotype I,Animalia,Arachnida,Pseudoscorpionida,Chthoniidae,Chthonius,raridentatus_ cytotype I,Achiasmatic,Achiasmatic,Heterogametic,XO,29
Animalia|Arachnida|Pseudoscorpionida|Chthoniidae|Chthonius|raridentatus_ cytotype II,raridentatus_ cytotype II,Animalia,Arachnida,Pseudoscorpionida,Chthoniidae,Chthonius,raridentatus_ cytotype II,Achiasmatic,Achiasmatic,Heterogametic,XO,29
Animalia|Arachnida|Pseudoscorpionida|Chthoniidae|Chthonius|rhodochelatus_ cytotype I,rhodochelatus_ cytotype I,Animalia,Arachnida,Pseudoscorpionida,Chthoniidae,Chthonius,rhodochelatus_ cytotype I,Achiasmatic,Achiasmatic,Heterogametic,XO,35
Animalia|Arachnida|Pseudoscorpionida|Chthoniidae|Chthonius|rhodochelatus_ cytotype II,rhodochelatus_ cytotype II,Animalia,Arachnida,Pseudoscorpionida,Chthoniidae,Chthonius,rhodochelatus_ cytotype II,Achiasmatic,Achiasmatic,Heterogametic,XO,35
Animalia|Arachnida|Pseudoscorpionida|Chthoniidae|Chthonius|sp. 1,sp. 1,Animalia,Arachnida,Pseudoscorpionida,Chthoniidae,Chthonius,sp. 1,Achiasmatic,Achiasmatic,Heterogametic,XO,29
Animalia|Arachnida|Pseudoscorpionida|Chthoniidae|Chthonius|sp. 2,sp. 2,Animalia,Arachnida,Pseudoscorpionida,Chthoniidae,Chthonius,sp. 2,Achiasmatic,Achiasmatic,Heterogametic,XO,21
Animalia|Arachnida|Pseudoscorpionida|Chthoniidae|Chthonius|sp.2,sp.2,Animalia,Arachnida,Pseudoscorpionida,Chthoniidae,Chthonius,sp.2,Achiasmatic,Achiasmatic,Heterogametic,XO,21
Animalia|Arachnida|Pseudoscorpionida|Chthoniidae|Chthonius|tenuis,tenuis,Animalia,Arachnida,Pseudoscorpionida,Chthoniidae,Chthonius,tenuis,Achiasmatic,Achiasmatic,Heterogametic,XO,35
Animalia|Arachnida|Pseudoscorpionida|Chthoniidae|Chthonius|tenuis_ cytotype I,tenuis_ cytotype I,Animalia,Arachnida,Pseudoscorpionida,Chthoniidae,Chthonius,tenuis_ cytotype I,Achiasmatic,Achiasmatic,Heterogametic,XO,35
Animalia|Arachnida|Pseudoscorpionida|Chthoniidae|Chthonius|tenuis_ cytotype II,tenuis_ cytotype II,Animalia,Arachnida,Pseudoscorpionida,Chthoniidae,Chthonius,tenuis_ cytotype II,Achiasmatic,Achiasmatic,Heterogametic,XO,33
Animalia|Arachnida|Pseudoscorpionida|Chthoniidae|Chthonius|tenuis_ cytotype III,tenuis_ cytotype III,Animalia,Arachnida,Pseudoscorpionida,Chthoniidae,Chthonius,tenuis_ cytotype III,Achiasmatic,Achiasmatic,Heterogametic,XO,33
Animalia|Arachnida|Pseudoscorpionida|Chthoniidae|Chthonius|tenuis_ cytotype IV,tenuis_ cytotype IV,Animalia,Arachnida,Pseudoscorpionida,Chthoniidae,Chthonius,tenuis_ cytotype IV,Achiasmatic,Achiasmatic,Heterogametic,XO,33
Animalia|Arachnida|Pseudoscorpionida|Chthoniidae|Chthonius|tenuis_ cytotype V,tenuis_ cytotype V,Animalia,Arachnida,Pseudoscorpionida,Chthoniidae,Chthonius,tenuis_ cytotype V,Achiasmatic,Achiasmatic,Heterogametic,XO,21
Animalia|Arachnida|Pseudoscorpionida|Chthoniidae|Chthonius|tetrachelatus,tetrachelatus,Animalia,Arachnida,Pseudoscorpionida,Chthoniidae,Chthonius,tetrachelatus,Achiasmatic,Achiasmatic,Heterogametic,XO,35
Animalia|Arachnida|Pseudoscorpionida|Chthoniidae|Chthonius|tetrachelatus_ cytotype I,tetrachelatus_ cytotype I,Animalia,Arachnida,Pseudoscorpionida,Chthoniidae,Chthonius,tetrachelatus_ cytotype I,Achiasmatic,Achiasmatic,Heterogametic,XO,35
Animalia|Arachnida|Pseudoscorpionida|Chthoniidae|Chthonius|tetrachelatus_ cytotype II,tetrachelatus_ cytotype II,Animalia,Arachnida,Pseudoscorpionida,Chthoniidae,Chthonius,tetrachelatus_ cytotype II,Achiasmatic,Achiasmatic,Heterogametic,XO,35
Animalia|Arachnida|Scorpiones|Bothriuridae|Bothriurus|araguayae,araguayae,Animalia,Arachnida,Scorpiones,Bothriuridae,Bothriurus,araguayae,Achiasmatic,Achiasmatic,Heterogametic,NA,44
Animalia|Arachnida|Scorpiones|Bothriuridae|Bothriurus|rochensis,rochensis,Animalia,Arachnida,Scorpiones,Bothriuridae,Bothriurus,rochensis,Achiasmatic,Achiasmatic,Heterogametic,NA,46
Animalia|Arachnida|Scorpiones|Bothriuridae|Bothriurus|Sp.,Sp.,Animalia,Arachnida,Scorpiones,Bothriuridae,Bothriurus,Sp.,Achiasmatic,Achiasmatic,Heterogametic,NA,36
Animalia|Arachnida|Scorpiones|Bothriuridae|Brachistosternus|alienus,alienus,Animalia,Arachnida,Scorpiones,Bothriuridae,Brachistosternus,alienus,Achiasmatic,Achiasmatic,Heterogametic,NA,28
Animalia|Arachnida|Scorpiones|Bothriuridae|Brachistosternus|ferrugineus,ferrugineus,Animalia,Arachnida,Scorpiones,Bothriuridae,Brachistosternus,ferrugineus,Achiasmatic,Achiasmatic,Heterogametic,NA,46
Animalia|Arachnida|Scorpiones|Bothriuridae|Brachistosternus|montanus,montanus,Animalia,Arachnida,Scorpiones,Bothriuridae,Brachistosternus,montanus,Achiasmatic,Achiasmatic,Heterogametic,NA,46
Animalia|Arachnida|Scorpiones|Bothriuridae|Brachistosternus|pentheri,pentheri,Animalia,Arachnida,Scorpiones,Bothriuridae,Brachistosternus,pentheri,Achiasmatic,Achiasmatic,Heterogametic,NA,42
Animalia|Arachnida|Scorpiones|Buthidae|Ananteris|balzanii,balzanii,Animalia,Arachnida,Scorpiones,Buthidae,Ananteris,balzanii,Achiasmatic,Achiasmatic,Heterogametic,NA,14
Animalia|Arachnida|Scorpiones|Buthidae|Androctonus|amoreuxi,amoreuxi,Animalia,Arachnida,Scorpiones,Buthidae,Androctonus,amoreuxi,Achiasmatic,Achiasmatic,Heterogametic,NA,24
Animalia|Arachnida|Scorpiones|Buthidae|Androctonus|amoreuxi amoreuxi,amoreuxi amoreuxi,Animalia,Arachnida,Scorpiones,Buthidae,Androctonus,amoreuxi amoreuxi,Achiasmatic,Achiasmatic,Heterogametic,NA,24
Animalia|Arachnida|Scorpiones|Buthidae|Androctonus|amoreuxi levyi,amoreuxi levyi,Animalia,Arachnida,Scorpiones,Buthidae,Androctonus,amoreuxi levyi,Achiasmatic,Achiasmatic,Heterogametic,NA,24
Animalia|Arachnida|Scorpiones|Buthidae|Androctonus|australis,australis,Animalia,Arachnida,Scorpiones,Buthidae,Androctonus,australis,Achiasmatic,Achiasmatic,Heterogametic,NA,24
Animalia|Arachnida|Scorpiones|Buthidae|Androctonus|bicolor,bicolor,Animalia,Arachnida,Scorpiones,Buthidae,Androctonus,bicolor,Achiasmatic,Achiasmatic,Heterogametic,NA,24
Animalia|Arachnida|Scorpiones|Buthidae|Androctonus|bicolor bicolor,bicolor bicolor,Animalia,Arachnida,Scorpiones,Buthidae,Androctonus,bicolor bicolor,Achiasmatic,Achiasmatic,Heterogametic,NA,24
Animalia|Arachnida|Scorpiones|Buthidae|Androctonus|bicolor longecarinatus,bicolor longecarinatus,Animalia,Arachnida,Scorpiones,Buthidae,Androctonus,bicolor longecarinatus,Achiasmatic,Achiasmatic,Heterogametic,NA,24
Animalia|Arachnida|Scorpiones|Buthidae|Androctonus|bourdoni,bourdoni,Animalia,Arachnida,Scorpiones,Buthidae,Androctonus,bourdoni,Achiasmatic,Achiasmatic,Heterogametic,NA,24
Animalia|Arachnida|Scorpiones|Buthidae|Androctonus|crassicauda,crassicauda,Animalia,Arachnida,Scorpiones,Buthidae,Androctonus,crassicauda,Achiasmatic,Achiasmatic,Heterogametic,NA,24
Animalia|Arachnida|Scorpiones|Buthidae|Androctonus|gonneti,gonneti,Animalia,Arachnida,Scorpiones,Buthidae,Androctonus,gonneti,Achiasmatic,Achiasmatic,Heterogametic,NA,24
Animalia|Arachnida|Scorpiones|Buthidae|Androctonus|liouvillei,liouvillei,Animalia,Arachnida,Scorpiones,Buthidae,Androctonus,liouvillei,Achiasmatic,Achiasmatic,Heterogametic,NA,24
Animalia|Arachnida|Scorpiones|Buthidae|Androctonus|maelfaiti,maelfaiti,Animalia,Arachnida,Scorpiones,Buthidae,Androctonus,maelfaiti,Achiasmatic,Achiasmatic,Heterogametic,NA,24
Animalia|Arachnida|Scorpiones|Buthidae|Androctonus|mauritanicus,mauritanicus,Animalia,Arachnida,Scorpiones,Buthidae,Androctonus,mauritanicus,Achiasmatic,Achiasmatic,Heterogametic,NA,24
Animalia|Arachnida|Scorpiones|Buthidae|Androctonus|sergenti,sergenti,Animalia,Arachnida,Scorpiones,Buthidae,Androctonus,sergenti,Achiasmatic,Achiasmatic,Heterogametic,NA,24
Animalia|Arachnida|Scorpiones|Buthidae|Androctonus|tenuissimus,tenuissimus,Animalia,Arachnida,Scorpiones,Buthidae,Androctonus,tenuissimus,Achiasmatic,Achiasmatic,Heterogametic,NA,24
Animalia|Arachnida|Scorpiones|Buthidae|Apistobuthus|pterygocercus,pterygocercus,Animalia,Arachnida,Scorpiones,Buthidae,Apistobuthus,pterygocercus,Achiasmatic,Achiasmatic,Heterogametic,NA,22
Animalia|Arachnida|Scorpiones|Buthidae|Barbaracurus|winklerorum sp. n.,winklerorum sp. n.,Animalia,Arachnida,Scorpiones,Buthidae,Barbaracurus,winklerorum sp. n.,Achiasmatic,Achiasmatic,Heterogametic,NA,0
Animalia|Arachnida|Scorpiones|Buthidae|Barbaracurus|yemenensis sp. n.,yemenensis sp. n.,Animalia,Arachnida,Scorpiones,Buthidae,Barbaracurus,yemenensis sp. n.,Achiasmatic,Achiasmatic,Heterogametic,NA,0
Animalia|Arachnida|Scorpiones|Buthidae|Buthacus|macrocentrus,macrocentrus,Animalia,Arachnida,Scorpiones,Buthidae,Buthacus,macrocentrus,Achiasmatic,Achiasmatic,Heterogametic,NA,28
Animalia|Arachnida|Scorpiones|Buthidae|Buthacus|nigroaculeatus,nigroaculeatus,Animalia,Arachnida,Scorpiones,Buthidae,Buthacus,nigroaculeatus,Achiasmatic,Achiasmatic,Heterogametic,NA,26
Animalia|Arachnida|Scorpiones|Buthidae|Buthacus|stockmanni,stockmanni,Animalia,Arachnida,Scorpiones,Buthidae,Buthacus,stockmanni,Achiasmatic,Achiasmatic,Heterogametic,NA,20
Animalia|Arachnida|Scorpiones|Buthidae|Buthacus|stockmanni sp. n.,stockmanni sp. n.,Animalia,Arachnida,Scorpiones,Buthidae,Buthacus,stockmanni sp. n.,Achiasmatic,Achiasmatic,Heterogametic,NA,20
Animalia|Arachnida|Scorpiones|Buthidae|Buthus|atlantis,atlantis,Animalia,Arachnida,Scorpiones,Buthidae,Buthus,atlantis,Achiasmatic,Achiasmatic,Heterogametic,NA,22
Animalia|Arachnida|Scorpiones|Buthidae|Buthus|awashensis,awashensis,Animalia,Arachnida,Scorpiones,Buthidae,Buthus,awashensis,Achiasmatic,Achiasmatic,Heterogametic,NA,22
Animalia|Arachnida|Scorpiones|Buthidae|Buthus|maroccancus,maroccancus,Animalia,Arachnida,Scorpiones,Buthidae,Buthus,maroccancus,Achiasmatic,Achiasmatic,Heterogametic,NA,22
Animalia|Arachnida|Scorpiones|Buthidae|Buthus|pococki sp. n,pococki sp. n,Animalia,Arachnida,Scorpiones,Buthidae,Buthus,pococki sp. n,Achiasmatic,Achiasmatic,Heterogametic,NA,22
Animalia|Arachnida|Scorpiones|Buthidae|Buthus|zeylensis,zeylensis,Animalia,Arachnida,Scorpiones,Buthidae,Buthus,zeylensis,Achiasmatic,Achiasmatic,Heterogametic,NA,22
Animalia|Arachnida|Scorpiones|Buthidae|Centruroides|baracoae,baracoae,Animalia,Arachnida,Scorpiones,Buthidae,Centruroides,baracoae,Achiasmatic,Achiasmatic,Heterogametic,NA,26
Animalia|Arachnida|Scorpiones|Buthidae|Centruroides|exilicauda,exilicauda,Animalia,Arachnida,Scorpiones,Buthidae,Centruroides,exilicauda,Achiasmatic,Achiasmatic,Heterogametic,NA,26
Animalia|Arachnida|Scorpiones|Buthidae|Centruroides|gracilis,gracilis,Animalia,Arachnida,Scorpiones,Buthidae,Centruroides,gracilis,Achiasmatic,Achiasmatic,Heterogametic,NA,24
Animalia|Arachnida|Scorpiones|Buthidae|Centruroides|vittatus,vittatus,Animalia,Arachnida,Scorpiones,Buthidae,Centruroides,vittatus,Achiasmatic,Achiasmatic,Heterogametic,NA,26
Animalia|Arachnida|Scorpiones|Buthidae|Compsobuthus|acutecarinatus,acutecarinatus,Animalia,Arachnida,Scorpiones,Buthidae,Compsobuthus,acutecarinatus,Achiasmatic,Achiasmatic,Heterogametic,NA,22
Animalia|Arachnida|Scorpiones|Buthidae|Compsobuthus|arabicus,arabicus,Animalia,Arachnida,Scorpiones,Buthidae,Compsobuthus,arabicus,Achiasmatic,Achiasmatic,Heterogametic,NA,22
Animalia|Arachnida|Scorpiones|Buthidae|Compsobuthus|eritreaensis,eritreaensis,Animalia,Arachnida,Scorpiones,Buthidae,Compsobuthus,eritreaensis,Achiasmatic,Achiasmatic,Heterogametic,NA,22
Animalia|Arachnida|Scorpiones|Buthidae|Compsobuthus|eritreaensis sp. n.,eritreaensis sp. n.,Animalia,Arachnida,Scorpiones,Buthidae,Compsobuthus,eritreaensis sp. n.,Achiasmatic,Achiasmatic,Heterogametic,NA,22
Animalia|Arachnida|Scorpiones|Buthidae|Compsobuthus|maindroni,maindroni,Animalia,Arachnida,Scorpiones,Buthidae,Compsobuthus,maindroni,Achiasmatic,Achiasmatic,Heterogametic,NA,22
Animalia|Arachnida|Scorpiones|Buthidae|Compsobuthus|matthiesseni,matthiesseni,Animalia,Arachnida,Scorpiones,Buthidae,Compsobuthus,matthiesseni,Achiasmatic,Achiasmatic,Heterogametic,NA,22
Animalia|Arachnida|Scorpiones|Buthidae|Compsobuthus|schmiedeknechti,schmiedeknechti,Animalia,Arachnida,Scorpiones,Buthidae,Compsobuthus,schmiedeknechti,Achiasmatic,Achiasmatic,Heterogametic,NA,22
Animalia|Arachnida|Scorpiones|Buthidae|Compsobuthus|turieli sp. n.,turieli sp. n.,Animalia,Arachnida,Scorpiones,Buthidae,Compsobuthus,turieli sp. n.,Achiasmatic,Achiasmatic,Heterogametic,NA,22
Animalia|Arachnida|Scorpiones|Buthidae|Compsobuthus|ullrichi sp. n.,ullrichi sp. n.,Animalia,Arachnida,Scorpiones,Buthidae,Compsobuthus,ullrichi sp. n.,Achiasmatic,Achiasmatic,Heterogametic,NA,22
Animalia|Arachnida|Scorpiones|Buthidae|Euscorpius|bonacinai sp. n.,bonacinai sp. n.,Animalia,Arachnida,Scorpiones,Buthidae,Euscorpius,bonacinai sp. n.,Achiasmatic,Achiasmatic,Heterogametic,NA,0
Animalia|Arachnida|Scorpiones|Buthidae|Euscorpius|janstai sp. n.,janstai sp. n.,Animalia,Arachnida,Scorpiones,Buthidae,Euscorpius,janstai sp. n.,Achiasmatic,Achiasmatic,Heterogametic,NA,112
Animalia|Arachnida|Scorpiones|Buthidae|Euscorpius|kabateki sp. n.,kabateki sp. n.,Animalia,Arachnida,Scorpiones,Buthidae,Euscorpius,kabateki sp. n.,Achiasmatic,Achiasmatic,Heterogametic,NA,0
Animalia|Arachnida|Scorpiones|Buthidae|Euscorpius|sadileki sp. n.,sadileki sp. n.,Animalia,Arachnida,Scorpiones,Buthidae,Euscorpius,sadileki sp. n.,Achiasmatic,Achiasmatic,Heterogametic,NA,90
Animalia|Arachnida|Scorpiones|Buthidae|Euscorpius|scheraboni sp. n.,scheraboni sp. n.,Animalia,Arachnida,Scorpiones,Buthidae,Euscorpius,scheraboni sp. n.,Achiasmatic,Achiasmatic,Heterogametic,NA,0
Animalia|Arachnida|Scorpiones|Buthidae|Gint|gaitako sp. n.,gaitako sp. n.,Animalia,Arachnida,Scorpiones,Buthidae,Gint,gaitako sp. n.,Achiasmatic,Achiasmatic,Heterogametic,NA,30
Animalia|Arachnida|Scorpiones|Buthidae|Grosphus|sp.,sp.,Animalia,Arachnida,Scorpiones,Buthidae,Grosphus,sp.,Achiasmatic,Achiasmatic,Heterogametic,NA,13
Animalia|Arachnida|Scorpiones|Buthidae|Hemilychas|alexandrinus,alexandrinus,Animalia,Arachnida,Scorpiones,Buthidae,Hemilychas,alexandrinus,Achiasmatic,Achiasmatic,Heterogametic,NA,14
Animalia|Arachnida|Scorpiones|Buthidae|Heteroctenus|abudi,abudi,Animalia,Arachnida,Scorpiones,Buthidae,Heteroctenus,abudi,Achiasmatic,Achiasmatic,Heterogametic,NA,16
Animalia|Arachnida|Scorpiones|Buthidae|Heteroctenus|garridoi,garridoi,Animalia,Arachnida,Scorpiones,Buthidae,Heteroctenus,garridoi,Achiasmatic,Achiasmatic,Heterogametic,NA,23
Animalia|Arachnida|Scorpiones|Buthidae|Heteroctenus|princeps,princeps,Animalia,Arachnida,Scorpiones,Buthidae,Heteroctenus,princeps,Achiasmatic,Achiasmatic,Heterogametic,NA,16
Animalia|Arachnida|Scorpiones|Buthidae|Hottentotta|arenaceus,arenaceus,Animalia,Arachnida,Scorpiones,Buthidae,Hottentotta,arenaceus,Achiasmatic,Achiasmatic,Heterogametic,NA,14
Animalia|Arachnida|Scorpiones|Buthidae|Hottentotta|conspersus,conspersus,Animalia,Arachnida,Scorpiones,Buthidae,Hottentotta,conspersus,Achiasmatic,Achiasmatic,Heterogametic,NA,16
Animalia|Arachnida|Scorpiones|Buthidae|Hottentotta|flavidulus,flavidulus,Animalia,Arachnida,Scorpiones,Buthidae,Hottentotta,flavidulus,Achiasmatic,Achiasmatic,Heterogametic,NA,24
Animalia|Arachnida|Scorpiones|Buthidae|Hottentotta|hottentotta,hottentotta,Animalia,Arachnida,Scorpiones,Buthidae,Hottentotta,hottentotta,Achiasmatic,Achiasmatic,Heterogametic,NA,16
Animalia|Arachnida|Scorpiones|Buthidae|Hottentotta|minusalta,minusalta,Animalia,Arachnida,Scorpiones,Buthidae,Hottentotta,minusalta,Achiasmatic,Achiasmatic,Heterogametic,NA,16
Animalia|Arachnida|Scorpiones|Buthidae|Hottentotta|saulcyi,saulcyi,Animalia,Arachnida,Scorpiones,Buthidae,Hottentotta,saulcyi,Achiasmatic,Achiasmatic,Heterogametic,NA,14
Animalia|Arachnida|Scorpiones|Buthidae|Hottentotta|sousai,sousai,Animalia,Arachnida,Scorpiones,Buthidae,Hottentotta,sousai,Achiasmatic,Achiasmatic,Heterogametic,NA,14
Animalia|Arachnida|Scorpiones|Buthidae|Hottentotta|sp.,sp.,Animalia,Arachnida,Scorpiones,Buthidae,Hottentotta,sp.,Achiasmatic,Achiasmatic,Heterogametic,NA,22
Animalia|Arachnida|Scorpiones|Buthidae|Hottentotta|trilineatus,trilineatus,Animalia,Arachnida,Scorpiones,Buthidae,Hottentotta,trilineatus,Achiasmatic,Achiasmatic,Heterogametic,NA,24
Animalia|Arachnida|Scorpiones|Buthidae|Hottentotta|ugandensis,ugandensis,Animalia,Arachnida,Scorpiones,Buthidae,Hottentotta,ugandensis,Achiasmatic,Achiasmatic,Heterogametic,NA,22
Animalia|Arachnida|Scorpiones|Buthidae|Ischnotelson|guanambiensis,guanambiensis,Animalia,Arachnida,Scorpiones,Buthidae,Ischnotelson,guanambiensis,Achiasmatic,Achiasmatic,Both,NA,25
Animalia|Arachnida|Scorpiones|Buthidae|Ischnotelson|peruassu,peruassu,Animalia,Arachnida,Scorpiones,Buthidae,Ischnotelson,peruassu,Achiasmatic,Achiasmatic,Heterogametic,NA,26
Animalia|Arachnida|Scorpiones|Buthidae|Ischnotelson|sp.,sp.,Animalia,Arachnida,Scorpiones,Buthidae,Ischnotelson,sp.,Achiasmatic,Achiasmatic,Heterogametic,NA,26
Animalia|Arachnida|Scorpiones|Buthidae|Isometroides|vescus,vescus,Animalia,Arachnida,Scorpiones,Buthidae,Isometroides,vescus,Achiasmatic,Achiasmatic,Heterogametic,NA,14
Animalia|Arachnida|Scorpiones|Buthidae|Isometrus|maculatus,maculatus,Animalia,Arachnida,Scorpiones,Buthidae,Isometrus,maculatus,Achiasmatic,Achiasmatic,Heterogametic,NA,0
Animalia|Arachnida|Scorpiones|Buthidae|Isometrus|melanodactylus,melanodactylus,Animalia,Arachnida,Scorpiones,Buthidae,Isometrus,melanodactylus,Achiasmatic,Achiasmatic,Heterogametic,NA,14
Animalia|Arachnida|Scorpiones|Buthidae|Isometrus|thwaitesi,thwaitesi,Animalia,Arachnida,Scorpiones,Buthidae,Isometrus,thwaitesi,Achiasmatic,Achiasmatic,Heterogametic,NA,8
Animalia|Arachnida|Scorpiones|Buthidae|Jaguajir|agamemnon,agamemnon,Animalia,Arachnida,Scorpiones,Buthidae,Jaguajir,agamemnon,Achiasmatic,Achiasmatic,Heterogametic,NA,28
Animalia|Arachnida|Scorpiones|Buthidae|Jaguajir|pintoi,pintoi,Animalia,Arachnida,Scorpiones,Buthidae,Jaguajir,pintoi,Achiasmatic,Achiasmatic,Both,NA,28
Animalia|Arachnida|Scorpiones|Buthidae|Jaguajir|rochae,rochae,Animalia,Arachnida,Scorpiones,Buthidae,Jaguajir,rochae,Achiasmatic,Achiasmatic,Heterogametic,NA,28
Animalia|Arachnida|Scorpiones|Buthidae|Lanzatus|somalilandusv Sp.n.,somalilandusv Sp.n.,Animalia,Arachnida,Scorpiones,Buthidae,Lanzatus,somalilandusv Sp.n.,Achiasmatic,Achiasmatic,Heterogametic,NA,0
Animalia|Arachnida|Scorpiones|Buthidae|Leiurus|abdullahbayrami,abdullahbayrami,Animalia,Arachnida,Scorpiones,Buthidae,Leiurus,abdullahbayrami,Achiasmatic,Achiasmatic,Heterogametic,NA,22
Animalia|Arachnida|Scorpiones|Buthidae|Leiurus|hebraeus,hebraeus,Animalia,Arachnida,Scorpiones,Buthidae,Leiurus,hebraeus,Achiasmatic,Achiasmatic,Heterogametic,NA,22
Animalia|Arachnida|Scorpiones|Buthidae|Leiurus|sp.,sp.,Animalia,Arachnida,Scorpiones,Buthidae,Leiurus,sp.,Achiasmatic,Achiasmatic,Heterogametic,NA,22
Animalia|Arachnida|Scorpiones|Buthidae|Lychas|alexandrinus,alexandrinus,Animalia,Arachnida,Scorpiones,Buthidae,Lychas,alexandrinus,Achiasmatic,Achiasmatic,Heterogametic,NA,0
Animalia|Arachnida|Scorpiones|Buthidae|Lychas|amucronatus,amucronatus,Animalia,Arachnida,Scorpiones,Buthidae,Lychas,amucronatus,Achiasmatic,Achiasmatic,Heterogametic,NA,10
Animalia|Arachnida|Scorpiones|Buthidae|Lychas|krali,krali,Animalia,Arachnida,Scorpiones,Buthidae,Lychas,krali,Achiasmatic,Achiasmatic,Heterogametic,NA,16
Animalia|Arachnida|Scorpiones|Buthidae|Lychas|marmoreus,marmoreus,Animalia,Arachnida,Scorpiones,Buthidae,Lychas,marmoreus,Achiasmatic,Achiasmatic,Heterogametic,NA,15
Animalia|Arachnida|Scorpiones|Buthidae|Lychas|obsti,obsti,Animalia,Arachnida,Scorpiones,Buthidae,Lychas,obsti,Achiasmatic,Achiasmatic,Heterogametic,NA,10
Animalia|Arachnida|Scorpiones|Buthidae|Lychas|scutilus,scutilus,Animalia,Arachnida,Scorpiones,Buthidae,Lychas,scutilus,Achiasmatic,Achiasmatic,Heterogametic,NA,14
Animalia|Arachnida|Scorpiones|Buthidae|Lychas|variatus,variatus,Animalia,Arachnida,Scorpiones,Buthidae,Lychas,variatus,Achiasmatic,Achiasmatic,Heterogametic,NA,16
Animalia|Arachnida|Scorpiones|Buthidae|Lychas|variatus canopensis,variatus canopensis,Animalia,Arachnida,Scorpiones,Buthidae,Lychas,variatus canopensis,Achiasmatic,Achiasmatic,Heterogametic,NA,16
Animalia|Arachnida|Scorpiones|Buthidae|Lychas|variatus variatus,variatus variatus,Animalia,Arachnida,Scorpiones,Buthidae,Lychas,variatus variatus,Achiasmatic,Achiasmatic,Heterogametic,NA,16
Animalia|Arachnida|Scorpiones|Buthidae|Mesobuthus|eupeus,eupeus,Animalia,Arachnida,Scorpiones,Buthidae,Mesobuthus,eupeus,Achiasmatic,Achiasmatic,Heterogametic,NA,22
Animalia|Arachnida|Scorpiones|Buthidae|Mesobuthus|gibbous,gibbous,Animalia,Arachnida,Scorpiones,Buthidae,Mesobuthus,gibbous,Achiasmatic,Achiasmatic,Heterogametic,NA,28
Animalia|Arachnida|Scorpiones|Buthidae|Mesobuthus|macmahoni,macmahoni,Animalia,Arachnida,Scorpiones,Buthidae,Mesobuthus,macmahoni,Achiasmatic,Achiasmatic,Heterogametic,NA,24
Animalia|Arachnida|Scorpiones|Buthidae|Mesobuthus|tamulus,tamulus,Animalia,Arachnida,Scorpiones,Buthidae,Mesobuthus,tamulus,Achiasmatic,Achiasmatic,Heterogametic,NA,0
Animalia|Arachnida|Scorpiones|Buthidae|Microbuthus|gardneri,gardneri,Animalia,Arachnida,Scorpiones,Buthidae,Microbuthus,gardneri,Achiasmatic,Achiasmatic,Heterogametic,NA,0
Animalia|Arachnida|Scorpiones|Buthidae|Microbuthus|kristensenorum,kristensenorum,Animalia,Arachnida,Scorpiones,Buthidae,Microbuthus,kristensenorum,Achiasmatic,Achiasmatic,Heterogametic,NA,0
Animalia|Arachnida|Scorpiones|Buthidae|Microbuthus|satyrus sp. n.,satyrus sp. n.,Animalia,Arachnida,Scorpiones,Buthidae,Microbuthus,satyrus sp. n.,Achiasmatic,Achiasmatic,Heterogametic,NA,0
Animalia|Arachnida|Scorpiones|Buthidae|Odontobuthus|doriae,doriae,Animalia,Arachnida,Scorpiones,Buthidae,Odontobuthus,doriae,Achiasmatic,Achiasmatic,Heterogametic,NA,22
Animalia|Arachnida|Scorpiones|Buthidae|Olivierus|martensii,martensii,Animalia,Arachnida,Scorpiones,Buthidae,Olivierus,martensii,Achiasmatic,Achiasmatic,Heterogametic,NA,24
Animalia|Arachnida|Scorpiones|Buthidae|Orthochirus|afar,afar,Animalia,Arachnida,Scorpiones,Buthidae,Orthochirus,afar,Achiasmatic,Achiasmatic,Heterogametic,NA,24
Animalia|Arachnida|Scorpiones|Buthidae|Orthochirus|afar Sp. n.,afar Sp. n.,Animalia,Arachnida,Scorpiones,Buthidae,Orthochirus,afar Sp. n.,Achiasmatic,Achiasmatic,Heterogametic,NA,0
Animalia|Arachnida|Scorpiones|Buthidae|Orthochirus|glabrifrons,glabrifrons,Animalia,Arachnida,Scorpiones,Buthidae,Orthochirus,glabrifrons,Achiasmatic,Achiasmatic,Heterogametic,NA,22
Animalia|Arachnida|Scorpiones|Buthidae|Orthochirus|innesi,innesi,Animalia,Arachnida,Scorpiones,Buthidae,Orthochirus,innesi,Achiasmatic,Achiasmatic,Heterogametic,NA,22
Animalia|Arachnida|Scorpiones|Buthidae|Parabuthus|abyssinicus,abyssinicus,Animalia,Arachnida,Scorpiones,Buthidae,Parabuthus,abyssinicus,Achiasmatic,Achiasmatic,Heterogametic,NA,16
Animalia|Arachnida|Scorpiones|Buthidae|Parabuthus|capensis,capensis,Animalia,Arachnida,Scorpiones,Buthidae,Parabuthus,capensis,Achiasmatic,Achiasmatic,Heterogametic,NA,20
Animalia|Arachnida|Scorpiones|Buthidae|Parabuthus|dorisae,dorisae,Animalia,Arachnida,Scorpiones,Buthidae,Parabuthus,dorisae,Achiasmatic,Achiasmatic,Heterogametic,NA,16
Animalia|Arachnida|Scorpiones|Buthidae|Parabuthus|dorisae sp. n.,dorisae sp. n.,Animalia,Arachnida,Scorpiones,Buthidae,Parabuthus,dorisae sp. n.,Achiasmatic,Achiasmatic,Heterogametic,NA,16
Animalia|Arachnida|Scorpiones|Buthidae|Parabuthus|erigavoensis sp. n.,erigavoensis sp. n.,Animalia,Arachnida,Scorpiones,Buthidae,Parabuthus,erigavoensis sp. n.,Achiasmatic,Achiasmatic,Heterogametic,NA,0
Animalia|Arachnida|Scorpiones|Buthidae|Parabuthus|glabrimanus,glabrimanus,Animalia,Arachnida,Scorpiones,Buthidae,Parabuthus,glabrimanus,Achiasmatic,Achiasmatic,Heterogametic,NA,20
Animalia|Arachnida|Scorpiones|Buthidae|Parabuthus|heterurus,heterurus,Animalia,Arachnida,Scorpiones,Buthidae,Parabuthus,heterurus,Achiasmatic,Achiasmatic,Heterogametic,NA,0
Animalia|Arachnida|Scorpiones|Buthidae|Parabuthus|kabateki sp. n.,kabateki sp. n.,Animalia,Arachnida,Scorpiones,Buthidae,Parabuthus,kabateki sp. n.,Achiasmatic,Achiasmatic,Heterogametic,NA,16
Animalia|Arachnida|Scorpiones|Buthidae|Parabuthus|kajibu,kajibu,Animalia,Arachnida,Scorpiones,Buthidae,Parabuthus,kajibu,Achiasmatic,Achiasmatic,Heterogametic,NA,18
Animalia|Arachnida|Scorpiones|Buthidae|Parabuthus|liosoma,liosoma,Animalia,Arachnida,Scorpiones,Buthidae,Parabuthus,liosoma,Achiasmatic,Achiasmatic,Heterogametic,NA,0
Animalia|Arachnida|Scorpiones|Buthidae|Parabuthus|mossambicensis,mossambicensis,Animalia,Arachnida,Scorpiones,Buthidae,Parabuthus,mossambicensis,Achiasmatic,Achiasmatic,Heterogametic,NA,36
Animalia|Arachnida|Scorpiones|Buthidae|Parabuthus|pallidus,pallidus,Animalia,Arachnida,Scorpiones,Buthidae,Parabuthus,pallidus,Achiasmatic,Achiasmatic,Heterogametic,NA,20
Animalia|Arachnida|Scorpiones|Buthidae|Parabuthus|planicauda,planicauda,Animalia,Arachnida,Scorpiones,Buthidae,Parabuthus,planicauda,Achiasmatic,Achiasmatic,Heterogametic,NA,18
Animalia|Arachnida|Scorpiones|Buthidae|Parabuthus|quincyae,quincyae,Animalia,Arachnida,Scorpiones,Buthidae,Parabuthus,quincyae,Achiasmatic,Achiasmatic,Heterogametic,NA,16
Animalia|Arachnida|Scorpiones|Buthidae|Parabuthus|quincyae sp. n.,quincyae sp. n.,Animalia,Arachnida,Scorpiones,Buthidae,Parabuthus,quincyae sp. n.,Achiasmatic,Achiasmatic,Heterogametic,NA,16
Animalia|Arachnida|Scorpiones|Buthidae|Parabuthus|raudus,raudus,Animalia,Arachnida,Scorpiones,Buthidae,Parabuthus,raudus,Achiasmatic,Achiasmatic,Heterogametic,NA,18
Animalia|Arachnida|Scorpiones|Buthidae|Parabuthus|robustus sp. n.,robustus sp. n.,Animalia,Arachnida,Scorpiones,Buthidae,Parabuthus,robustus sp. n.,Achiasmatic,Achiasmatic,Heterogametic,NA,16
Animalia|Arachnida|Scorpiones|Buthidae|Parabuthus|somalilandus sp. n.,somalilandus sp. n.,Animalia,Arachnida,Scorpiones,Buthidae,Parabuthus,somalilandus sp. n.,Achiasmatic,Achiasmatic,Heterogametic,NA,16
Animalia|Arachnida|Scorpiones|Buthidae|Parabuthus|transvaalicus,transvaalicus,Animalia,Arachnida,Scorpiones,Buthidae,Parabuthus,transvaalicus,Achiasmatic,Achiasmatic,Heterogametic,NA,20
Animalia|Arachnida|Scorpiones|Buthidae|Physoctonus|debilis,debilis,Animalia,Arachnida,Scorpiones,Buthidae,Physoctonus,debilis,Achiasmatic,Achiasmatic,Heterogametic,NA,26
Animalia|Arachnida|Scorpiones|Buthidae|Reddyanus|basilicus,basilicus,Animalia,Arachnida,Scorpiones,Buthidae,Reddyanus,basilicus,Achiasmatic,Achiasmatic,Heterogametic,NA,16
Animalia|Arachnida|Scorpiones|Buthidae|Reddyanus|ceylonensis,ceylonensis,Animalia,Arachnida,Scorpiones,Buthidae,Reddyanus,ceylonensis,Achiasmatic,Achiasmatic,Heterogametic,NA,16
Animalia|Arachnida|Scorpiones|Buthidae|Reddyanus|furai sp. n.,furai sp. n.,Animalia,Arachnida,Scorpiones,Buthidae,Reddyanus,furai sp. n.,Achiasmatic,Achiasmatic,Heterogametic,NA,14
Animalia|Arachnida|Scorpiones|Buthidae|Reddyanus|hofereki sp. n.,hofereki sp. n.,Animalia,Arachnida,Scorpiones,Buthidae,Reddyanus,hofereki sp. n.,Achiasmatic,Achiasmatic,Heterogametic,NA,0
Animalia|Arachnida|Scorpiones|Buthidae|Reddyanus|loebli,loebli,Animalia,Arachnida,Scorpiones,Buthidae,Reddyanus,loebli,Achiasmatic,Achiasmatic,Heterogametic,NA,17
Animalia|Arachnida|Scorpiones|Buthidae|Reddyanus|majkusi sp. n.,majkusi sp. n.,Animalia,Arachnida,Scorpiones,Buthidae,Reddyanus,majkusi sp. n.,Achiasmatic,Achiasmatic,Heterogametic,NA,16
Animalia|Arachnida|Scorpiones|Buthidae|Reddyanus|rolciki,rolciki,Animalia,Arachnida,Scorpiones,Buthidae,Reddyanus,rolciki,Achiasmatic,Achiasmatic,Heterogametic,NA,14
Animalia|Arachnida|Scorpiones|Buthidae|Reddyanus|rolciki sp. n.,rolciki sp. n.,Animalia,Arachnida,Scorpiones,Buthidae,Reddyanus,rolciki sp. n.,Achiasmatic,Achiasmatic,Heterogametic,NA,14
Animalia|Arachnida|Scorpiones|Buthidae|Reddyanus|schwotti,schwotti,Animalia,Arachnida,Scorpiones,Buthidae,Reddyanus,schwotti,Achiasmatic,Achiasmatic,Heterogametic,NA,11
Animalia|Arachnida|Scorpiones|Buthidae|Reddyanus|schwotti sp. n.,schwotti sp. n.,Animalia,Arachnida,Scorpiones,Buthidae,Reddyanus,schwotti sp. n.,Achiasmatic,Achiasmatic,Heterogametic,NA,11
Animalia|Arachnida|Scorpiones|Buthidae|Rhopalurus|agamemnon,agamemnon,Animalia,Arachnida,Scorpiones,Buthidae,Rhopalurus,agamemnon,Achiasmatic,Achiasmatic,Heterogametic,NA,28
Animalia|Arachnida|Scorpiones|Buthidae|Rhopalurus|laticauda,laticauda,Animalia,Arachnida,Scorpiones,Buthidae,Rhopalurus,laticauda,Achiasmatic,Achiasmatic,Both,NA,22
Animalia|Arachnida|Scorpiones|Buthidae|Rhopalurus|rochai,rochai,Animalia,Arachnida,Scorpiones,Buthidae,Rhopalurus,rochai,Achiasmatic,Achiasmatic,Heterogametic,NA,28
Animalia|Arachnida|Scorpiones|Buthidae|Somalicharmus|whitmanae,whitmanae,Animalia,Arachnida,Scorpiones,Buthidae,Somalicharmus,whitmanae,Achiasmatic,Achiasmatic,Heterogametic,NA,20
Animalia|Arachnida|Scorpiones|Buthidae|Thaicharmus|sp.,sp.,Animalia,Arachnida,Scorpiones,Buthidae,Thaicharmus,sp.,Achiasmatic,Achiasmatic,Heterogametic,NA,16
Animalia|Arachnida|Scorpiones|Buthidae|Tityopsis|rolandoi sp. n.,rolandoi sp. n.,Animalia,Arachnida,Scorpiones,Buthidae,Tityopsis,rolandoi sp. n.,Achiasmatic,Achiasmatic,Heterogametic,NA,20
Animalia|Arachnida|Scorpiones|Buthidae|Tityus|aba,aba,Animalia,Arachnida,Scorpiones,Buthidae,Tityus,aba,Achiasmatic,Achiasmatic,Heterogametic,NA,0
Animalia|Arachnida|Scorpiones|Buthidae|Tityus|acananensis,acananensis,Animalia,Arachnida,Scorpiones,Buthidae,Tityus,acananensis,Achiasmatic,Achiasmatic,Heterogametic,NA,0
Animalia|Arachnida|Scorpiones|Buthidae|Tityus|achilles,achilles,Animalia,Arachnida,Scorpiones,Buthidae,Tityus,achilles,Achiasmatic,Achiasmatic,Heterogametic,NA,0
Animalia|Arachnida|Scorpiones|Buthidae|Tityus|adisi,adisi,Animalia,Arachnida,Scorpiones,Buthidae,Tityus,adisi,Achiasmatic,Achiasmatic,Heterogametic,NA,0
Animalia|Arachnida|Scorpiones|Buthidae|Tityus|adrianoi,adrianoi,Animalia,Arachnida,Scorpiones,Buthidae,Tityus,adrianoi,Achiasmatic,Achiasmatic,Heterogametic,NA,0
Animalia|Arachnida|Scorpiones|Buthidae|Tityus|ahincoi,ahincoi,Animalia,Arachnida,Scorpiones,Buthidae,Tityus,ahincoi,Achiasmatic,Achiasmatic,Heterogametic,NA,0
Animalia|Arachnida|Scorpiones|Buthidae|Tityus|alejandroi,alejandroi,Animalia,Arachnida,Scorpiones,Buthidae,Tityus,alejandroi,Achiasmatic,Achiasmatic,Heterogametic,NA,0
Animalia|Arachnida|Scorpiones|Buthidae|Tityus|altithronus,altithronus,Animalia,Arachnida,Scorpiones,Buthidae,Tityus,altithronus,Achiasmatic,Achiasmatic,Heterogametic,NA,0
Animalia|Arachnida|Scorpiones|Buthidae|Tityus|androcottoides,androcottoides,Animalia,Arachnida,Scorpiones,Buthidae,Tityus,androcottoides,Achiasmatic,Achiasmatic,Heterogametic,NA,0
Animalia|Arachnida|Scorpiones|Buthidae|Tityus|anduzei,anduzei,Animalia,Arachnida,Scorpiones,Buthidae,Tityus,anduzei,Achiasmatic,Achiasmatic,Heterogametic,NA,0
Animalia|Arachnida|Scorpiones|Buthidae|Tityus|angelesae,angelesae,Animalia,Arachnida,Scorpiones,Buthidae,Tityus,angelesae,Achiasmatic,Achiasmatic,Heterogametic,NA,0
Animalia|Arachnida|Scorpiones|Buthidae|Tityus|anneae,anneae,Animalia,Arachnida,Scorpiones,Buthidae,Tityus,anneae,Achiasmatic,Achiasmatic,Heterogametic,NA,0
Animalia|Arachnida|Scorpiones|Buthidae|Tityus|anori,anori,Animalia,Arachnida,Scorpiones,Buthidae,Tityus,anori,Achiasmatic,Achiasmatic,Heterogametic,NA,0
Animalia|Arachnida|Scorpiones|Buthidae|Tityus|antioquensis,antioquensis,Animalia,Arachnida,Scorpiones,Buthidae,Tityus,antioquensis,Achiasmatic,Achiasmatic,Heterogametic,NA,0
Animalia|Arachnida|Scorpiones|Buthidae|Tityus|apiacas,apiacas,Animalia,Arachnida,Scorpiones,Buthidae,Tityus,apiacas,Achiasmatic,Achiasmatic,Heterogametic,NA,0
Animalia|Arachnida|Scorpiones|Buthidae|Tityus|arellanoparrai,arellanoparrai,Animalia,Arachnida,Scorpiones,Buthidae,Tityus,arellanoparrai,Achiasmatic,Achiasmatic,Heterogametic,NA,0
Animalia|Arachnida|Scorpiones|Buthidae|Tityus|argentinus,argentinus,Animalia,Arachnida,Scorpiones,Buthidae,Tityus,argentinus,Achiasmatic,Achiasmatic,Heterogametic,NA,0
Animalia|Arachnida|Scorpiones|Buthidae|Tityus|asthenes,asthenes,Animalia,Arachnida,Scorpiones,Buthidae,Tityus,asthenes,Achiasmatic,Achiasmatic,Heterogametic,NA,0
Animalia|Arachnida|Scorpiones|Buthidae|Tityus|atriventer,atriventer,Animalia,Arachnida,Scorpiones,Buthidae,Tityus,atriventer,Achiasmatic,Achiasmatic,Heterogametic,NA,0
Animalia|Arachnida|Scorpiones|Buthidae|Tityus|bahiensis,bahiensis,Animalia,Arachnida,Scorpiones,Buthidae,Tityus,bahiensis,Achiasmatic,Achiasmatic,Heterogametic,NA,9
Animalia|Arachnida|Scorpiones|Buthidae|Tityus|barquisimetanus,barquisimetanus,Animalia,Arachnida,Scorpiones,Buthidae,Tityus,barquisimetanus,Achiasmatic,Achiasmatic,Heterogametic,NA,0
Animalia|Arachnida|Scorpiones|Buthidae|Tityus|bastosi,bastosi,Animalia,Arachnida,Scorpiones,Buthidae,Tityus,bastosi,Achiasmatic,Achiasmatic,Heterogametic,NA,0
Animalia|Arachnida|Scorpiones|Buthidae|Tityus|bellulus,bellulus,Animalia,Arachnida,Scorpiones,Buthidae,Tityus,bellulus,Achiasmatic,Achiasmatic,Heterogametic,NA,0
Animalia|Arachnida|Scorpiones|Buthidae|Tityus|birabeni,birabeni,Animalia,Arachnida,Scorpiones,Buthidae,Tityus,birabeni,Achiasmatic,Achiasmatic,Heterogametic,NA,0
Animalia|Arachnida|Scorpiones|Buthidae|Tityus|blanci,blanci,Animalia,Arachnida,Scorpiones,Buthidae,Tityus,blanci,Achiasmatic,Achiasmatic,Heterogametic,NA,0
Animalia|Arachnida|Scorpiones|Buthidae|Tityus|blaseri,blaseri,Animalia,Arachnida,Scorpiones,Buthidae,Tityus,blaseri,Achiasmatic,Achiasmatic,Heterogametic,NA,0
Animalia|Arachnida|Scorpiones|Buthidae|Tityus|boconoensis,boconoensis,Animalia,Arachnida,Scorpiones,Buthidae,Tityus,boconoensis,Achiasmatic,Achiasmatic,Heterogametic,NA,0
Animalia|Arachnida|Scorpiones|Buthidae|Tityus|bolivianus,bolivianus,Animalia,Arachnida,Scorpiones,Buthidae,Tityus,bolivianus,Achiasmatic,Achiasmatic,Heterogametic,NA,0
Animalia|Arachnida|Scorpiones|Buthidae|Tityus|brazilae,brazilae,Animalia,Arachnida,Scorpiones,Buthidae,Tityus,brazilae,Achiasmatic,Achiasmatic,Heterogametic,NA,0
Animalia|Arachnida|Scorpiones|Buthidae|Tityus|breweri,breweri,Animalia,Arachnida,Scorpiones,Buthidae,Tityus,breweri,Achiasmatic,Achiasmatic,Heterogametic,NA,0
Animalia|Arachnida|Scorpiones|Buthidae|Tityus|cachipalensis,cachipalensis,Animalia,Arachnida,Scorpiones,Buthidae,Tityus,cachipalensis,Achiasmatic,Achiasmatic,Heterogametic,NA,0
Animalia|Arachnida|Scorpiones|Buthidae|Tityus|caesarbarrioi,caesarbarrioi,Animalia,Arachnida,Scorpiones,Buthidae,Tityus,caesarbarrioi,Achiasmatic,Achiasmatic,Heterogametic,NA,0
Animalia|Arachnida|Scorpiones|Buthidae|Tityus|canopensis,canopensis,Animalia,Arachnida,Scorpiones,Buthidae,Tityus,canopensis,Achiasmatic,Achiasmatic,Heterogametic,NA,0
Animalia|Arachnida|Scorpiones|Buthidae|Tityus|carabobensis,carabobensis,Animalia,Arachnida,Scorpiones,Buthidae,Tityus,carabobensis,Achiasmatic,Achiasmatic,Heterogametic,NA,0
Animalia|Arachnida|Scorpiones|Buthidae|Tityus|carinatoides,carinatoides,Animalia,Arachnida,Scorpiones,Buthidae,Tityus,carinatoides,Achiasmatic,Achiasmatic,Heterogametic,NA,0
Animalia|Arachnida|Scorpiones|Buthidae|Tityus|caripitensis,caripitensis,Animalia,Arachnida,Scorpiones,Buthidae,Tityus,caripitensis,Achiasmatic,Achiasmatic,Heterogametic,NA,0
Animalia|Arachnida|Scorpiones|Buthidae|Tityus|carolineae,carolineae,Animalia,Arachnida,Scorpiones,Buthidae,Tityus,carolineae,Achiasmatic,Achiasmatic,Heterogametic,NA,0
Animalia|Arachnida|Scorpiones|Buthidae|Tityus|carrilloi,carrilloi,Animalia,Arachnida,Scorpiones,Buthidae,Tityus,carrilloi,Achiasmatic,Achiasmatic,Heterogametic,NA,0
Animalia|Arachnida|Scorpiones|Buthidae|Tityus|carvalhoi,carvalhoi,Animalia,Arachnida,Scorpiones,Buthidae,Tityus,carvalhoi,Achiasmatic,Achiasmatic,Heterogametic,NA,0
Animalia|Arachnida|Scorpiones|Buthidae|Tityus|cerroazul,cerroazul,Animalia,Arachnida,Scorpiones,Buthidae,Tityus,cerroazul,Achiasmatic,Achiasmatic,Heterogametic,NA,0
Animalia|Arachnida|Scorpiones|Buthidae|Tityus|championi,championi,Animalia,Arachnida,Scorpiones,Buthidae,Tityus,championi,Achiasmatic,Achiasmatic,Heterogametic,NA,0
Animalia|Arachnida|Scorpiones|Buthidae|Tityus|charalaensis,charalaensis,Animalia,Arachnida,Scorpiones,Buthidae,Tityus,charalaensis,Achiasmatic,Achiasmatic,Heterogametic,NA,0
Animalia|Arachnida|Scorpiones|Buthidae|Tityus|charreyroni,charreyroni,Animalia,Arachnida,Scorpiones,Buthidae,Tityus,charreyroni,Achiasmatic,Achiasmatic,Heterogametic,NA,0
Animalia|Arachnida|Scorpiones|Buthidae|Tityus|chilensis,chilensis,Animalia,Arachnida,Scorpiones,Buthidae,Tityus,chilensis,Achiasmatic,Achiasmatic,Heterogametic,NA,0
Animalia|Arachnida|Scorpiones|Buthidae|Tityus|choco,choco,Animalia,Arachnida,Scorpiones,Buthidae,Tityus,choco,Achiasmatic,Achiasmatic,Heterogametic,NA,0
Animalia|Arachnida|Scorpiones|Buthidae|Tityus|cisandinus,cisandinus,Animalia,Arachnida,Scorpiones,Buthidae,Tityus,cisandinus,Achiasmatic,Achiasmatic,Heterogametic,NA,0
Animalia|Arachnida|Scorpiones|Buthidae|Tityus|clathrathus,clathrathus,Animalia,Arachnida,Scorpiones,Buthidae,Tityus,clathrathus,Achiasmatic,Achiasmatic,Heterogametic,NA,20
Animalia|Arachnida|Scorpiones|Buthidae|Tityus|clathratus,clathratus,Animalia,Arachnida,Scorpiones,Buthidae,Tityus,clathratus,Achiasmatic,Achiasmatic,Heterogametic,NA,20
Animalia|Arachnida|Scorpiones|Buthidae|Tityus|columbianus,columbianus,Animalia,Arachnida,Scorpiones,Buthidae,Tityus,columbianus,Achiasmatic,Achiasmatic,Heterogametic,NA,0
Animalia|Arachnida|Scorpiones|Buthidae|Tityus|confluens,confluens,Animalia,Arachnida,Scorpiones,Buthidae,Tityus,confluens,Achiasmatic,Achiasmatic,Heterogametic,NA,13
Animalia|Arachnida|Scorpiones|Buthidae|Tityus|costatus,costatus,Animalia,Arachnida,Scorpiones,Buthidae,Tityus,costatus,Achiasmatic,Achiasmatic,Heterogametic,NA,16
Animalia|Arachnida|Scorpiones|Buthidae|Tityus|crassicauda,crassicauda,Animalia,Arachnida,Scorpiones,Buthidae,Tityus,crassicauda,Achiasmatic,Achiasmatic,Heterogametic,NA,0
Animalia|Arachnida|Scorpiones|Buthidae|Tityus|crassimanus,crassimanus,Animalia,Arachnida,Scorpiones,Buthidae,Tityus,crassimanus,Achiasmatic,Achiasmatic,Heterogametic,NA,29
Animalia|Arachnida|Scorpiones|Buthidae|Tityus|cuellari,cuellari,Animalia,Arachnida,Scorpiones,Buthidae,Tityus,cuellari,Achiasmatic,Achiasmatic,Heterogametic,NA,0
Animalia|Arachnida|Scorpiones|Buthidae|Tityus|culebrensis,culebrensis,Animalia,Arachnida,Scorpiones,Buthidae,Tityus,culebrensis,Achiasmatic,Achiasmatic,Heterogametic,NA,0
Animalia|Arachnida|Scorpiones|Buthidae|Tityus|curupi,curupi,Animalia,Arachnida,Scorpiones,Buthidae,Tityus,curupi,Achiasmatic,Achiasmatic,Heterogametic,NA,32
Animalia|Arachnida|Scorpiones|Buthidae|Tityus|cylindricus,cylindricus,Animalia,Arachnida,Scorpiones,Buthidae,Tityus,cylindricus,Achiasmatic,Achiasmatic,Heterogametic,NA,0
Animalia|Arachnida|Scorpiones|Buthidae|Tityus|dasyurus,dasyurus,Animalia,Arachnida,Scorpiones,Buthidae,Tityus,dasyurus,Achiasmatic,Achiasmatic,Heterogametic,NA,0
Animalia|Arachnida|Scorpiones|Buthidae|Tityus|dedoslargos,dedoslargos,Animalia,Arachnida,Scorpiones,Buthidae,Tityus,dedoslargos,Achiasmatic,Achiasmatic,Heterogametic,NA,0
Animalia|Arachnida|Scorpiones|Buthidae|Tityus|demangei,demangei,Animalia,Arachnida,Scorpiones,Buthidae,Tityus,demangei,Achiasmatic,Achiasmatic,Heterogametic,NA,0
Animalia|Arachnida|Scorpiones|Buthidae|Tityus|dillerorum,dillerorum,Animalia,Arachnida,Scorpiones,Buthidae,Tityus,dillerorum,Achiasmatic,Achiasmatic,Heterogametic,NA,0
Animalia|Arachnida|Scorpiones|Buthidae|Tityus|dinizi,dinizi,Animalia,Arachnida,Scorpiones,Buthidae,Tityus,dinizi,Achiasmatic,Achiasmatic,Heterogametic,NA,0
Animalia|Arachnida|Scorpiones|Buthidae|Tityus|discrepans,discrepans,Animalia,Arachnida,Scorpiones,Buthidae,Tityus,discrepans,Achiasmatic,Achiasmatic,Heterogametic,NA,0
Animalia|Arachnida|Scorpiones|Buthidae|Tityus|dorae,dorae,Animalia,Arachnida,Scorpiones,Buthidae,Tityus,dorae,Achiasmatic,Achiasmatic,Heterogametic,NA,0
Animalia|Arachnida|Scorpiones|Buthidae|Tityus|duacaensis,duacaensis,Animalia,Arachnida,Scorpiones,Buthidae,Tityus,duacaensis,Achiasmatic,Achiasmatic,Heterogametic,NA,0
Animalia|Arachnida|Scorpiones|Buthidae|Tityus|dulceae,dulceae,Animalia,Arachnida,Scorpiones,Buthidae,Tityus,dulceae,Achiasmatic,Achiasmatic,Heterogametic,NA,0
Animalia|Arachnida|Scorpiones|Buthidae|Tityus|dupouyi,dupouyi,Animalia,Arachnida,Scorpiones,Buthidae,Tityus,dupouyi,Achiasmatic,Achiasmatic,Heterogametic,NA,0
Animalia|Arachnida|Scorpiones|Buthidae|Tityus|ecuadorensis,ecuadorensis,Animalia,Arachnida,Scorpiones,Buthidae,Tityus,ecuadorensis,Achiasmatic,Achiasmatic,Heterogametic,NA,0
Animalia|Arachnida|Scorpiones|Buthidae|Tityus|ecuadoriensis,ecuadoriensis,Animalia,Arachnida,Scorpiones,Buthidae,Tityus,ecuadoriensis,Achiasmatic,Achiasmatic,Heterogametic,NA,24
Animalia|Arachnida|Scorpiones|Buthidae|Tityus|elii,elii,Animalia,Arachnida,Scorpiones,Buthidae,Tityus,elii,Achiasmatic,Achiasmatic,Heterogametic,NA,22
Animalia|Arachnida|Scorpiones|Buthidae|Tityus|elizabethae,elizabethae,Animalia,Arachnida,Scorpiones,Buthidae,Tityus,elizabethae,Achiasmatic,Achiasmatic,Heterogametic,NA,0
Animalia|Arachnida|Scorpiones|Buthidae|Tityus|elizabethebravoi,elizabethebravoi,Animalia,Arachnida,Scorpiones,Buthidae,Tityus,elizabethebravoi,Achiasmatic,Achiasmatic,Heterogametic,NA,0
Animalia|Arachnida|Scorpiones|Buthidae|Tityus|engelkei,engelkei,Animalia,Arachnida,Scorpiones,Buthidae,Tityus,engelkei,Achiasmatic,Achiasmatic,Heterogametic,NA,0
Animalia|Arachnida|Scorpiones|Buthidae|Tityus|estherae,estherae,Animalia,Arachnida,Scorpiones,Buthidae,Tityus,estherae,Achiasmatic,Achiasmatic,Heterogametic,NA,0
Animalia|Arachnida|Scorpiones|Buthidae|Tityus|evandroi,evandroi,Animalia,Arachnida,Scorpiones,Buthidae,Tityus,evandroi,Achiasmatic,Achiasmatic,Heterogametic,NA,0
Animalia|Arachnida|Scorpiones|Buthidae|Tityus|exstinctus,exstinctus,Animalia,Arachnida,Scorpiones,Buthidae,Tityus,exstinctus,Achiasmatic,Achiasmatic,Heterogametic,NA,0
Animalia|Arachnida|Scorpiones|Buthidae|Tityus|fasciolatus,fasciolatus,Animalia,Arachnida,Scorpiones,Buthidae,Tityus,fasciolatus,Achiasmatic,Achiasmatic,Heterogametic,NA,14
Animalia|Arachnida|Scorpiones|Buthidae|Tityus|festae,festae,Animalia,Arachnida,Scorpiones,Buthidae,Tityus,festae,Achiasmatic,Achiasmatic,Heterogametic,NA,0
Animalia|Arachnida|Scorpiones|Buthidae|Tityus|filodendron,filodendron,Animalia,Arachnida,Scorpiones,Buthidae,Tityus,filodendron,Achiasmatic,Achiasmatic,Heterogametic,NA,0
Animalia|Arachnida|Scorpiones|Buthidae|Tityus|florezi,florezi,Animalia,Arachnida,Scorpiones,Buthidae,Tityus,florezi,Achiasmatic,Achiasmatic,Heterogametic,NA,0
Animalia|Arachnida|Scorpiones|Buthidae|Tityus|footei,footei,Animalia,Arachnida,Scorpiones,Buthidae,Tityus,footei,Achiasmatic,Achiasmatic,Heterogametic,NA,0
Animalia|Arachnida|Scorpiones|Buthidae|Tityus|forcipula,forcipula,Animalia,Arachnida,Scorpiones,Buthidae,Tityus,forcipula,Achiasmatic,Achiasmatic,Heterogametic,NA,0
Animalia|Arachnida|Scorpiones|Buthidae|Tityus|fuhrmanni,fuhrmanni,Animalia,Arachnida,Scorpiones,Buthidae,Tityus,fuhrmanni,Achiasmatic,Achiasmatic,Heterogametic,NA,22
Animalia|Arachnida|Scorpiones|Buthidae|Tityus|funestus,funestus,Animalia,Arachnida,Scorpiones,Buthidae,Tityus,funestus,Achiasmatic,Achiasmatic,Heterogametic,NA,0
Animalia|Arachnida|Scorpiones|Buthidae|Tityus|gaffini,gaffini,Animalia,Arachnida,Scorpiones,Buthidae,Tityus,gaffini,Achiasmatic,Achiasmatic,Heterogametic,NA,22
Animalia|Arachnida|Scorpiones|Buthidae|Tityus|gasci,gasci,Animalia,Arachnida,Scorpiones,Buthidae,Tityus,gasci,Achiasmatic,Achiasmatic,Heterogametic,NA,0
Animalia|Arachnida|Scorpiones|Buthidae|Tityus|generaltheophiloi,generaltheophiloi,Animalia,Arachnida,Scorpiones,Buthidae,Tityus,generaltheophiloi,Achiasmatic,Achiasmatic,Heterogametic,NA,0
Animalia|Arachnida|Scorpiones|Buthidae|Tityus|gonzalespongai,gonzalespongai,Animalia,Arachnida,Scorpiones,Buthidae,Tityus,gonzalespongai,Achiasmatic,Achiasmatic,Heterogametic,NA,0
Animalia|Arachnida|Scorpiones|Buthidae|Tityus|grahami,grahami,Animalia,Arachnida,Scorpiones,Buthidae,Tityus,grahami,Achiasmatic,Achiasmatic,Heterogametic,NA,0
Animalia|Arachnida|Scorpiones|Buthidae|Tityus|grottoedensis,grottoedensis,Animalia,Arachnida,Scorpiones,Buthidae,Tityus,grottoedensis,Achiasmatic,Achiasmatic,Heterogametic,NA,0
Animalia|Arachnida|Scorpiones|Buthidae|Tityus|guane,guane,Animalia,Arachnida,Scorpiones,Buthidae,Tityus,guane,Achiasmatic,Achiasmatic,Heterogametic,NA,0
Animalia|Arachnida|Scorpiones|Buthidae|Tityus|guaricoensis,guaricoensis,Animalia,Arachnida,Scorpiones,Buthidae,Tityus,guaricoensis,Achiasmatic,Achiasmatic,Heterogametic,NA,0
Animalia|Arachnida|Scorpiones|Buthidae|Tityus|haetianus,haetianus,Animalia,Arachnida,Scorpiones,Buthidae,Tityus,haetianus,Achiasmatic,Achiasmatic,Heterogametic,NA,0
Animalia|Arachnida|Scorpiones|Buthidae|Tityus|horacioi,horacioi,Animalia,Arachnida,Scorpiones,Buthidae,Tityus,horacioi,Achiasmatic,Achiasmatic,Heterogametic,NA,0
Animalia|Arachnida|Scorpiones|Buthidae|Tityus|icarus,icarus,Animalia,Arachnida,Scorpiones,Buthidae,Tityus,icarus,Achiasmatic,Achiasmatic,Heterogametic,NA,0
Animalia|Arachnida|Scorpiones|Buthidae|Tityus|imei,imei,Animalia,Arachnida,Scorpiones,Buthidae,Tityus,imei,Achiasmatic,Achiasmatic,Heterogametic,NA,0
Animalia|Arachnida|Scorpiones|Buthidae|Tityus|indecisus,indecisus,Animalia,Arachnida,Scorpiones,Buthidae,Tityus,indecisus,Achiasmatic,Achiasmatic,Heterogametic,NA,0
Animalia|Arachnida|Scorpiones|Buthidae|Tityus|insignis,insignis,Animalia,Arachnida,Scorpiones,Buthidae,Tityus,insignis,Achiasmatic,Achiasmatic,Heterogametic,NA,0
Animalia|Arachnida|Scorpiones|Buthidae|Tityus|intermedius,intermedius,Animalia,Arachnida,Scorpiones,Buthidae,Tityus,intermedius,Achiasmatic,Achiasmatic,Heterogametic,NA,0
Animalia|Arachnida|Scorpiones|Buthidae|Tityus|isabelceciliae,isabelceciliae,Animalia,Arachnida,Scorpiones,Buthidae,Tityus,isabelceciliae,Achiasmatic,Achiasmatic,Heterogametic,NA,0
Animalia|Arachnida|Scorpiones|Buthidae|Tityus|ivani,ivani,Animalia,Arachnida,Scorpiones,Buthidae,Tityus,ivani,Achiasmatic,Achiasmatic,Heterogametic,NA,0
Animalia|Arachnida|Scorpiones|Buthidae|Tityus|ivicnancor,ivicnancor,Animalia,Arachnida,Scorpiones,Buthidae,Tityus,ivicnancor,Achiasmatic,Achiasmatic,Heterogametic,NA,0
Animalia|Arachnida|Scorpiones|Buthidae|Tityus|jaimei,jaimei,Animalia,Arachnida,Scorpiones,Buthidae,Tityus,jaimei,Achiasmatic,Achiasmatic,Heterogametic,NA,0
Animalia|Arachnida|Scorpiones|Buthidae|Tityus|jeanvellardi,jeanvellardi,Animalia,Arachnida,Scorpiones,Buthidae,Tityus,jeanvellardi,Achiasmatic,Achiasmatic,Heterogametic,NA,0
Animalia|Arachnida|Scorpiones|Buthidae|Tityus|julianae,julianae,Animalia,Arachnida,Scorpiones,Buthidae,Tityus,julianae,Achiasmatic,Achiasmatic,Heterogametic,NA,0
Animalia|Arachnida|Scorpiones|Buthidae|Tityus|juliorum,juliorum,Animalia,Arachnida,Scorpiones,Buthidae,Tityus,juliorum,Achiasmatic,Achiasmatic,Heterogametic,NA,0
Animalia|Arachnida|Scorpiones|Buthidae|Tityus|jussarae,jussarae,Animalia,Arachnida,Scorpiones,Buthidae,Tityus,jussarae,Achiasmatic,Achiasmatic,Heterogametic,NA,0
Animalia|Arachnida|Scorpiones|Buthidae|Tityus|kaderkai,kaderkai,Animalia,Arachnida,Scorpiones,Buthidae,Tityus,kaderkai,Achiasmatic,Achiasmatic,Heterogametic,NA,0
Animalia|Arachnida|Scorpiones|Buthidae|Tityus|kalettai,kalettai,Animalia,Arachnida,Scorpiones,Buthidae,Tityus,kalettai,Achiasmatic,Achiasmatic,Heterogametic,NA,0
Animalia|Arachnida|Scorpiones|Buthidae|Tityus|karaja,karaja,Animalia,Arachnida,Scorpiones,Buthidae,Tityus,karaja,Achiasmatic,Achiasmatic,Heterogametic,NA,0
Animalia|Arachnida|Scorpiones|Buthidae|Tityus|kindli,kindli,Animalia,Arachnida,Scorpiones,Buthidae,Tityus,kindli,Achiasmatic,Achiasmatic,Heterogametic,NA,0
Animalia|Arachnida|Scorpiones|Buthidae|Tityus|kukututee,kukututee,Animalia,Arachnida,Scorpiones,Buthidae,Tityus,kukututee,Achiasmatic,Achiasmatic,Heterogametic,NA,0
Animalia|Arachnida|Scorpiones|Buthidae|Tityus|kuryi,kuryi,Animalia,Arachnida,Scorpiones,Buthidae,Tityus,kuryi,Achiasmatic,Achiasmatic,Heterogametic,NA,0
Animalia|Arachnida|Scorpiones|Buthidae|Tityus|lancinii,lancinii,Animalia,Arachnida,Scorpiones,Buthidae,Tityus,lancinii,Achiasmatic,Achiasmatic,Heterogametic,NA,0
Animalia|Arachnida|Scorpiones|Buthidae|Tityus|lokiae,lokiae,Animalia,Arachnida,Scorpiones,Buthidae,Tityus,lokiae,Achiasmatic,Achiasmatic,Heterogametic,NA,0
Animalia|Arachnida|Scorpiones|Buthidae|Tityus|longidigitus,longidigitus,Animalia,Arachnida,Scorpiones,Buthidae,Tityus,longidigitus,Achiasmatic,Achiasmatic,Heterogametic,NA,0
Animalia|Arachnida|Scorpiones|Buthidae|Tityus|lourencoi,lourencoi,Animalia,Arachnida,Scorpiones,Buthidae,Tityus,lourencoi,Achiasmatic,Achiasmatic,Heterogametic,NA,0
Animalia|Arachnida|Scorpiones|Buthidae|Tityus|lutzi,lutzi,Animalia,Arachnida,Scorpiones,Buthidae,Tityus,lutzi,Achiasmatic,Achiasmatic,Heterogametic,NA,0
Animalia|Arachnida|Scorpiones|Buthidae|Tityus|macrochirus,macrochirus,Animalia,Arachnida,Scorpiones,Buthidae,Tityus,macrochirus,Achiasmatic,Achiasmatic,Heterogametic,NA,0
Animalia|Arachnida|Scorpiones|Buthidae|Tityus|magnimanus,magnimanus,Animalia,Arachnida,Scorpiones,Buthidae,Tityus,magnimanus,Achiasmatic,Achiasmatic,Heterogametic,NA,0
Animalia|Arachnida|Scorpiones|Buthidae|Tityus|maimirensis,maimirensis,Animalia,Arachnida,Scorpiones,Buthidae,Tityus,maimirensis,Achiasmatic,Achiasmatic,Heterogametic,NA,0
Animalia|Arachnida|Scorpiones|Buthidae|Tityus|mana,mana,Animalia,Arachnida,Scorpiones,Buthidae,Tityus,mana,Achiasmatic,Achiasmatic,Heterogametic,NA,20
Animalia|Arachnida|Scorpiones|Buthidae|Tityus|manakai,manakai,Animalia,Arachnida,Scorpiones,Buthidae,Tityus,manakai,Achiasmatic,Achiasmatic,Heterogametic,NA,0
Animalia|Arachnida|Scorpiones|Buthidae|Tityus|maniapurensis,maniapurensis,Animalia,Arachnida,Scorpiones,Buthidae,Tityus,maniapurensis,Achiasmatic,Achiasmatic,Heterogametic,NA,0
Animalia|Arachnida|Scorpiones|Buthidae|Tityus|marajoensis,marajoensis,Animalia,Arachnida,Scorpiones,Buthidae,Tityus,marajoensis,Achiasmatic,Achiasmatic,Heterogametic,NA,0
Animalia|Arachnida|Scorpiones|Buthidae|Tityus|maranhensis,maranhensis,Animalia,Arachnida,Scorpiones,Buthidae,Tityus,maranhensis,Achiasmatic,Achiasmatic,Heterogametic,NA,20
Animalia|Arachnida|Scorpiones|Buthidae|Tityus|marechali,marechali,Animalia,Arachnida,Scorpiones,Buthidae,Tityus,marechali,Achiasmatic,Achiasmatic,Heterogametic,NA,0
Animalia|Arachnida|Scorpiones|Buthidae|Tityus|martinpaechi,martinpaechi,Animalia,Arachnida,Scorpiones,Buthidae,Tityus,martinpaechi,Achiasmatic,Achiasmatic,Heterogametic,NA,6
Animalia|Arachnida|Scorpiones|Buthidae|Tityus|matogrossensis,matogrossensis,Animalia,Arachnida,Scorpiones,Buthidae,Tityus,matogrossensis,Achiasmatic,Achiasmatic,Heterogametic,NA,20
Animalia|Arachnida|Scorpiones|Buthidae|Tityus|matthieseni,matthieseni,Animalia,Arachnida,Scorpiones,Buthidae,Tityus,matthieseni,Achiasmatic,Achiasmatic,Heterogametic,NA,0
Animalia|Arachnida|Scorpiones|Buthidae|Tityus|mattogrossensis,mattogrossensis,Animalia,Arachnida,Scorpiones,Buthidae,Tityus,mattogrossensis,Achiasmatic,Achiasmatic,Heterogametic,NA,20
Animalia|Arachnida|Scorpiones|Buthidae|Tityus|maturinensis,maturinensis,Animalia,Arachnida,Scorpiones,Buthidae,Tityus,maturinensis,Achiasmatic,Achiasmatic,Heterogametic,NA,0
Animalia|Arachnida|Scorpiones|Buthidae|Tityus|melanostictus,melanostictus,Animalia,Arachnida,Scorpiones,Buthidae,Tityus,melanostictus,Achiasmatic,Achiasmatic,Heterogametic,NA,0
Animalia|Arachnida|Scorpiones|Buthidae|Tityus|melici,melici,Animalia,Arachnida,Scorpiones,Buthidae,Tityus,melici,Achiasmatic,Achiasmatic,Heterogametic,NA,0
Animalia|Arachnida|Scorpiones|Buthidae|Tityus|metuendus,metuendus,Animalia,Arachnida,Scorpiones,Buthidae,Tityus,metuendus,Achiasmatic,Achiasmatic,Heterogametic,NA,16
Animalia|Arachnida|Scorpiones|Buthidae|Tityus|michelii,michelii,Animalia,Arachnida,Scorpiones,Buthidae,Tityus,michelii,Achiasmatic,Achiasmatic,Heterogametic,NA,0
Animalia|Arachnida|Scorpiones|Buthidae|Tityus|microcystis,microcystis,Animalia,Arachnida,Scorpiones,Buthidae,Tityus,microcystis,Achiasmatic,Achiasmatic,Heterogametic,NA,0
Animalia|Arachnida|Scorpiones|Buthidae|Tityus|monaguensis,monaguensis,Animalia,Arachnida,Scorpiones,Buthidae,Tityus,monaguensis,Achiasmatic,Achiasmatic,Heterogametic,NA,0
Animalia|Arachnida|Scorpiones|Buthidae|Tityus|mongei,mongei,Animalia,Arachnida,Scorpiones,Buthidae,Tityus,mongei,Achiasmatic,Achiasmatic,Heterogametic,NA,0
Animalia|Arachnida|Scorpiones|Buthidae|Tityus|moralensis,moralensis,Animalia,Arachnida,Scorpiones,Buthidae,Tityus,moralensis,Achiasmatic,Achiasmatic,Heterogametic,NA,0
Animalia|Arachnida|Scorpiones|Buthidae|Tityus|mucusunamensis,mucusunamensis,Animalia,Arachnida,Scorpiones,Buthidae,Tityus,mucusunamensis,Achiasmatic,Achiasmatic,Heterogametic,NA,0
Animalia|Arachnida|Scorpiones|Buthidae|Tityus|munozi,munozi,Animalia,Arachnida,Scorpiones,Buthidae,Tityus,munozi,Achiasmatic,Achiasmatic,Heterogametic,NA,0
Animalia|Arachnida|Scorpiones|Buthidae|Tityus|neblina,neblina,Animalia,Arachnida,Scorpiones,Buthidae,Tityus,neblina,Achiasmatic,Achiasmatic,Heterogametic,NA,0
Animalia|Arachnida|Scorpiones|Buthidae|Tityus|neglectus,neglectus,Animalia,Arachnida,Scorpiones,Buthidae,Tityus,neglectus,Achiasmatic,Achiasmatic,Heterogametic,NA,27
Animalia|Arachnida|Scorpiones|Buthidae|Tityus|neibae,neibae,Animalia,Arachnida,Scorpiones,Buthidae,Tityus,neibae,Achiasmatic,Achiasmatic,Heterogametic,NA,32
Animalia|Arachnida|Scorpiones|Buthidae|Tityus|nelsoni,nelsoni,Animalia,Arachnida,Scorpiones,Buthidae,Tityus,nelsoni,Achiasmatic,Achiasmatic,Heterogametic,NA,0
Animalia|Arachnida|Scorpiones|Buthidae|Tityus|nematochirus,nematochirus,Animalia,Arachnida,Scorpiones,Buthidae,Tityus,nematochirus,Achiasmatic,Achiasmatic,Heterogametic,NA,0
Animalia|Arachnida|Scorpiones|Buthidae|Tityus|neoespartanus,neoespartanus,Animalia,Arachnida,Scorpiones,Buthidae,Tityus,neoespartanus,Achiasmatic,Achiasmatic,Heterogametic,NA,0
Animalia|Arachnida|Scorpiones|Buthidae|Tityus|nororientalis,nororientalis,Animalia,Arachnida,Scorpiones,Buthidae,Tityus,nororientalis,Achiasmatic,Achiasmatic,Heterogametic,NA,0
Animalia|Arachnida|Scorpiones|Buthidae|Tityus|obispoi,obispoi,Animalia,Arachnida,Scorpiones,Buthidae,Tityus,obispoi,Achiasmatic,Achiasmatic,Heterogametic,NA,0
Animalia|Arachnida|Scorpiones|Buthidae|Tityus|obscurus,obscurus,Animalia,Arachnida,Scorpiones,Buthidae,Tityus,obscurus,Achiasmatic,Achiasmatic,Heterogametic,NA,14
Animalia|Arachnida|Scorpiones|Buthidae|Tityus|obtusus,obtusus,Animalia,Arachnida,Scorpiones,Buthidae,Tityus,obtusus,Achiasmatic,Achiasmatic,Heterogametic,NA,0
Animalia|Arachnida|Scorpiones|Buthidae|Tityus|ocelote,ocelote,Animalia,Arachnida,Scorpiones,Buthidae,Tityus,ocelote,Achiasmatic,Achiasmatic,Heterogametic,NA,0
Animalia|Arachnida|Scorpiones|Buthidae|Tityus|osmanus,osmanus,Animalia,Arachnida,Scorpiones,Buthidae,Tityus,osmanus,Achiasmatic,Achiasmatic,Heterogametic,NA,0
Animalia|Arachnida|Scorpiones|Buthidae|Tityus|oteroi,oteroi,Animalia,Arachnida,Scorpiones,Buthidae,Tityus,oteroi,Achiasmatic,Achiasmatic,Heterogametic,NA,0
Animalia|Arachnida|Scorpiones|Buthidae|Tityus|ottenwalderi,ottenwalderi,Animalia,Arachnida,Scorpiones,Buthidae,Tityus,ottenwalderi,Achiasmatic,Achiasmatic,Heterogametic,NA,0
Animalia|Arachnida|Scorpiones|Buthidae|Tityus|pachyurus,pachyurus,Animalia,Arachnida,Scorpiones,Buthidae,Tityus,pachyurus,Achiasmatic,Achiasmatic,Heterogametic,NA,0
Animalia|Arachnida|Scorpiones|Buthidae|Tityus|pampanensis,pampanensis,Animalia,Arachnida,Scorpiones,Buthidae,Tityus,pampanensis,Achiasmatic,Achiasmatic,Heterogametic,NA,0
Animalia|Arachnida|Scorpiones|Buthidae|Tityus|panguana,panguana,Animalia,Arachnida,Scorpiones,Buthidae,Tityus,panguana,Achiasmatic,Achiasmatic,Heterogametic,NA,0
Animalia|Arachnida|Scorpiones|Buthidae|Tityus|paraguayensis,paraguayensis,Animalia,Arachnida,Scorpiones,Buthidae,Tityus,paraguayensis,Achiasmatic,Achiasmatic,Heterogametic,NA,16
Animalia|Arachnida|Scorpiones|Buthidae|Tityus|parvulus,parvulus,Animalia,Arachnida,Scorpiones,Buthidae,Tityus,parvulus,Achiasmatic,Achiasmatic,Heterogametic,NA,0
Animalia|Arachnida|Scorpiones|Buthidae|Tityus|paulistorum,paulistorum,Animalia,Arachnida,Scorpiones,Buthidae,Tityus,paulistorum,Achiasmatic,Achiasmatic,Heterogametic,NA,0
Animalia|Arachnida|Scorpiones|Buthidae|Tityus|perijanensis,perijanensis,Animalia,Arachnida,Scorpiones,Buthidae,Tityus,perijanensis,Achiasmatic,Achiasmatic,Heterogametic,NA,0
Animalia|Arachnida|Scorpiones|Buthidae|Tityus|pictus,pictus,Animalia,Arachnida,Scorpiones,Buthidae,Tityus,pictus,Achiasmatic,Achiasmatic,Heterogametic,NA,0
Animalia|Arachnida|Scorpiones|Buthidae|Tityus|pintodarochai,pintodarochai,Animalia,Arachnida,Scorpiones,Buthidae,Tityus,pintodarochai,Achiasmatic,Achiasmatic,Heterogametic,NA,0
Animalia|Arachnida|Scorpiones|Buthidae|Tityus|pittieri,pittieri,Animalia,Arachnida,Scorpiones,Buthidae,Tityus,pittieri,Achiasmatic,Achiasmatic,Heterogametic,NA,0
Animalia|Arachnida|Scorpiones|Buthidae|Tityus|pococki,pococki,Animalia,Arachnida,Scorpiones,Buthidae,Tityus,pococki,Achiasmatic,Achiasmatic,Heterogametic,NA,0
Animalia|Arachnida|Scorpiones|Buthidae|Tityus|portoplatensis,portoplatensis,Animalia,Arachnida,Scorpiones,Buthidae,Tityus,portoplatensis,Achiasmatic,Achiasmatic,Heterogametic,NA,0
Animalia|Arachnida|Scorpiones|Buthidae|Tityus|potameis,potameis,Animalia,Arachnida,Scorpiones,Buthidae,Tityus,potameis,Achiasmatic,Achiasmatic,Heterogametic,NA,0
Animalia|Arachnida|Scorpiones|Buthidae|Tityus|prancei,prancei,Animalia,Arachnida,Scorpiones,Buthidae,Tityus,prancei,Achiasmatic,Achiasmatic,Heterogametic,NA,0
Animalia|Arachnida|Scorpiones|Buthidae|Tityus|proseni,proseni,Animalia,Arachnida,Scorpiones,Buthidae,Tityus,proseni,Achiasmatic,Achiasmatic,Heterogametic,NA,0
Animalia|Arachnida|Scorpiones|Buthidae|Tityus|pugilator,pugilator,Animalia,Arachnida,Scorpiones,Buthidae,Tityus,pugilator,Achiasmatic,Achiasmatic,Heterogametic,NA,0
Animalia|Arachnida|Scorpiones|Buthidae|Tityus|pusillus,pusillus,Animalia,Arachnida,Scorpiones,Buthidae,Tityus,pusillus,Achiasmatic,Achiasmatic,Heterogametic,NA,19
Animalia|Arachnida|Scorpiones|Buthidae|Tityus|quiriquirensis,quiriquirensis,Animalia,Arachnida,Scorpiones,Buthidae,Tityus,quiriquirensis,Achiasmatic,Achiasmatic,Heterogametic,NA,0
Animalia|Arachnida|Scorpiones|Buthidae|Tityus|quirogae,quirogae,Animalia,Arachnida,Scorpiones,Buthidae,Tityus,quirogae,Achiasmatic,Achiasmatic,Heterogametic,NA,0
Animalia|Arachnida|Scorpiones|Buthidae|Tityus|quisqueyanus,quisqueyanus,Animalia,Arachnida,Scorpiones,Buthidae,Tityus,quisqueyanus,Achiasmatic,Achiasmatic,Heterogametic,NA,0
Animalia|Arachnida|Scorpiones|Buthidae|Tityus|ramirezi,ramirezi,Animalia,Arachnida,Scorpiones,Buthidae,Tityus,ramirezi,Achiasmatic,Achiasmatic,Heterogametic,NA,0
Animalia|Arachnida|Scorpiones|Buthidae|Tityus|raquelae,raquelae,Animalia,Arachnida,Scorpiones,Buthidae,Tityus,raquelae,Achiasmatic,Achiasmatic,Heterogametic,NA,0
Animalia|Arachnida|Scorpiones|Buthidae|Tityus|rebieri,rebieri,Animalia,Arachnida,Scorpiones,Buthidae,Tityus,rebieri,Achiasmatic,Achiasmatic,Heterogametic,NA,0
Animalia|Arachnida|Scorpiones|Buthidae|Tityus|riocaurensis,riocaurensis,Animalia,Arachnida,Scorpiones,Buthidae,Tityus,riocaurensis,Achiasmatic,Achiasmatic,Heterogametic,NA,0
Animalia|Arachnida|Scorpiones|Buthidae|Tityus|rionegrensis,rionegrensis,Animalia,Arachnida,Scorpiones,Buthidae,Tityus,rionegrensis,Achiasmatic,Achiasmatic,Heterogametic,NA,0
Animalia|Arachnida|Scorpiones|Buthidae|Tityus|riverai,riverai,Animalia,Arachnida,Scorpiones,Buthidae,Tityus,riverai,Achiasmatic,Achiasmatic,Heterogametic,NA,0
Animalia|Arachnida|Scorpiones|Buthidae|Tityus|roigi,roigi,Animalia,Arachnida,Scorpiones,Buthidae,Tityus,roigi,Achiasmatic,Achiasmatic,Heterogametic,NA,0
Animalia|Arachnida|Scorpiones|Buthidae|Tityus|rojasi,rojasi,Animalia,Arachnida,Scorpiones,Buthidae,Tityus,rojasi,Achiasmatic,Achiasmatic,Heterogametic,NA,0
Animalia|Arachnida|Scorpiones|Buthidae|Tityus|romeroi,romeroi,Animalia,Arachnida,Scorpiones,Buthidae,Tityus,romeroi,Achiasmatic,Achiasmatic,Heterogametic,NA,0
Animalia|Arachnida|Scorpiones|Buthidae|Tityus|rondonorum,rondonorum,Animalia,Arachnida,Scorpiones,Buthidae,Tityus,rondonorum,Achiasmatic,Achiasmatic,Heterogametic,NA,0
Animalia|Arachnida|Scorpiones|Buthidae|Tityus|rosenbergi,rosenbergi,Animalia,Arachnida,Scorpiones,Buthidae,Tityus,rosenbergi,Achiasmatic,Achiasmatic,Heterogametic,NA,0
Animalia|Arachnida|Scorpiones|Buthidae|Tityus|rufofuscus,rufofuscus,Animalia,Arachnida,Scorpiones,Buthidae,Tityus,rufofuscus,Achiasmatic,Achiasmatic,Heterogametic,NA,0
Animalia|Arachnida|Scorpiones|Buthidae|Tityus|rugosus,rugosus,Animalia,Arachnida,Scorpiones,Buthidae,Tityus,rugosus,Achiasmatic,Achiasmatic,Heterogametic,NA,0
Animalia|Arachnida|Scorpiones|Buthidae|Tityus|rupestre,rupestre,Animalia,Arachnida,Scorpiones,Buthidae,Tityus,rupestre,Achiasmatic,Achiasmatic,Heterogametic,NA,0
Animalia|Arachnida|Scorpiones|Buthidae|Tityus|rusmelyae,rusmelyae,Animalia,Arachnida,Scorpiones,Buthidae,Tityus,rusmelyae,Achiasmatic,Achiasmatic,Heterogametic,NA,0
Animalia|Arachnida|Scorpiones|Buthidae|Tityus|sabineae,sabineae,Animalia,Arachnida,Scorpiones,Buthidae,Tityus,sabineae,Achiasmatic,Achiasmatic,Heterogametic,NA,0
Animalia|Arachnida|Scorpiones|Buthidae|Tityus|sanarensis,sanarensis,Animalia,Arachnida,Scorpiones,Buthidae,Tityus,sanarensis,Achiasmatic,Achiasmatic,Heterogametic,NA,0
Animalia|Arachnida|Scorpiones|Buthidae|Tityus|sanfernandoi,sanfernandoi,Animalia,Arachnida,Scorpiones,Buthidae,Tityus,sanfernandoi,Achiasmatic,Achiasmatic,Heterogametic,NA,0
Animalia|Arachnida|Scorpiones|Buthidae|Tityus|sarisarinamensis,sarisarinamensis,Animalia,Arachnida,Scorpiones,Buthidae,Tityus,sarisarinamensis,Achiasmatic,Achiasmatic,Heterogametic,NA,0
Animalia|Arachnida|Scorpiones|Buthidae|Tityus|sastrei,sastrei,Animalia,Arachnida,Scorpiones,Buthidae,Tityus,sastrei,Achiasmatic,Achiasmatic,Heterogametic,NA,0
Animalia|Arachnida|Scorpiones|Buthidae|Tityus|schrammi,schrammi,Animalia,Arachnida,Scorpiones,Buthidae,Tityus,schrammi,Achiasmatic,Achiasmatic,Heterogametic,NA,0
Animalia|Arachnida|Scorpiones|Buthidae|Tityus|serrulatus,serrulatus,Animalia,Arachnida,Scorpiones,Buthidae,Tityus,serrulatus,Achiasmatic,Achiasmatic,Heterogametic,NA,12
Animalia|Arachnida|Scorpiones|Buthidae|Tityus|shiriana,shiriana,Animalia,Arachnida,Scorpiones,Buthidae,Tityus,shiriana,Achiasmatic,Achiasmatic,Heterogametic,NA,0
Animalia|Arachnida|Scorpiones|Buthidae|Tityus|silvestris,silvestris,Animalia,Arachnida,Scorpiones,Buthidae,Tityus,silvestris,Achiasmatic,Achiasmatic,Heterogametic,NA,16
Animalia|Arachnida|Scorpiones|Buthidae|Tityus|simonsi,simonsi,Animalia,Arachnida,Scorpiones,Buthidae,Tityus,simonsi,Achiasmatic,Achiasmatic,Heterogametic,NA,0
Animalia|Arachnida|Scorpiones|Buthidae|Tityus|smithii,smithii,Animalia,Arachnida,Scorpiones,Buthidae,Tityus,smithii,Achiasmatic,Achiasmatic,Heterogametic,NA,6
Animalia|Arachnida|Scorpiones|Buthidae|Tityus|soratensis,soratensis,Animalia,Arachnida,Scorpiones,Buthidae,Tityus,soratensis,Achiasmatic,Achiasmatic,Heterogametic,NA,0
Animalia|Arachnida|Scorpiones|Buthidae|Tityus|spelaeus,spelaeus,Animalia,Arachnida,Scorpiones,Buthidae,Tityus,spelaeus,Achiasmatic,Achiasmatic,Heterogametic,NA,0
Animalia|Arachnida|Scorpiones|Buthidae|Tityus|stigmurus,stigmurus,Animalia,Arachnida,Scorpiones,Buthidae,Tityus,stigmurus,Achiasmatic,Achiasmatic,Heterogametic,NA,16
Animalia|Arachnida|Scorpiones|Buthidae|Tityus|strandi,strandi,Animalia,Arachnida,Scorpiones,Buthidae,Tityus,strandi,Achiasmatic,Achiasmatic,Heterogametic,NA,0
Animalia|Arachnida|Scorpiones|Buthidae|Tityus|surmeridensis,surmeridensis,Animalia,Arachnida,Scorpiones,Buthidae,Tityus,surmeridensis,Achiasmatic,Achiasmatic,Heterogametic,NA,0
Animalia|Arachnida|Scorpiones|Buthidae|Tityus|surorientalis,surorientalis,Animalia,Arachnida,Scorpiones,Buthidae,Tityus,surorientalis,Achiasmatic,Achiasmatic,Heterogametic,NA,0
Animalia|Arachnida|Scorpiones|Buthidae|Tityus|sylviae,sylviae,Animalia,Arachnida,Scorpiones,Buthidae,Tityus,sylviae,Achiasmatic,Achiasmatic,Heterogametic,NA,0
Animalia|Arachnida|Scorpiones|Buthidae|Tityus|tamayoi,tamayoi,Animalia,Arachnida,Scorpiones,Buthidae,Tityus,tamayoi,Achiasmatic,Achiasmatic,Heterogametic,NA,0
Animalia|Arachnida|Scorpiones|Buthidae|Tityus|tayrona,tayrona,Animalia,Arachnida,Scorpiones,Buthidae,Tityus,tayrona,Achiasmatic,Achiasmatic,Heterogametic,NA,0
Animalia|Arachnida|Scorpiones|Buthidae|Tityus|tenuicauda,tenuicauda,Animalia,Arachnida,Scorpiones,Buthidae,Tityus,tenuicauda,Achiasmatic,Achiasmatic,Heterogametic,NA,0
Animalia|Arachnida|Scorpiones|Buthidae|Tityus|timendus,timendus,Animalia,Arachnida,Scorpiones,Buthidae,Tityus,timendus,Achiasmatic,Achiasmatic,Heterogametic,NA,0
Animalia|Arachnida|Scorpiones|Buthidae|Tityus|tocantim,tocantim,Animalia,Arachnida,Scorpiones,Buthidae,Tityus,tocantim,Achiasmatic,Achiasmatic,Heterogametic,NA,0
Animalia|Arachnida|Scorpiones|Buthidae|Tityus|trinitatis,trinitatis,Animalia,Arachnida,Scorpiones,Buthidae,Tityus,trinitatis,Achiasmatic,Achiasmatic,Heterogametic,NA,0
Animalia|Arachnida|Scorpiones|Buthidae|Tityus|trivittatus,trivittatus,Animalia,Arachnida,Scorpiones,Buthidae,Tityus,trivittatus,Achiasmatic,Achiasmatic,Heterogametic,NA,6
Animalia|Arachnida|Scorpiones|Buthidae|Tityus|tucurui,tucurui,Animalia,Arachnida,Scorpiones,Buthidae,Tityus,tucurui,Achiasmatic,Achiasmatic,Heterogametic,NA,0
Animalia|Arachnida|Scorpiones|Buthidae|Tityus|uniformis,uniformis,Animalia,Arachnida,Scorpiones,Buthidae,Tityus,uniformis,Achiasmatic,Achiasmatic,Heterogametic,NA,0
Animalia|Arachnida|Scorpiones|Buthidae|Tityus|unus,unus,Animalia,Arachnida,Scorpiones,Buthidae,Tityus,unus,Achiasmatic,Achiasmatic,Heterogametic,NA,0
Animalia|Arachnida|Scorpiones|Buthidae|Tityus|uquirensis,uquirensis,Animalia,Arachnida,Scorpiones,Buthidae,Tityus,uquirensis,Achiasmatic,Achiasmatic,Heterogametic,NA,0
Animalia|Arachnida|Scorpiones|Buthidae|Tityus|urachichensis,urachichensis,Animalia,Arachnida,Scorpiones,Buthidae,Tityus,urachichensis,Achiasmatic,Achiasmatic,Heterogametic,NA,0
Animalia|Arachnida|Scorpiones|Buthidae|Tityus|urbinai,urbinai,Animalia,Arachnida,Scorpiones,Buthidae,Tityus,urbinai,Achiasmatic,Achiasmatic,Heterogametic,NA,0
Animalia|Arachnida|Scorpiones|Buthidae|Tityus|uruguayensis,uruguayensis,Animalia,Arachnida,Scorpiones,Buthidae,Tityus,uruguayensis,Achiasmatic,Achiasmatic,Heterogametic,NA,31
Animalia|Arachnida|Scorpiones|Buthidae|Tityus|vaissadei,vaissadei,Animalia,Arachnida,Scorpiones,Buthidae,Tityus,vaissadei,Achiasmatic,Achiasmatic,Heterogametic,NA,0
Animalia|Arachnida|Scorpiones|Buthidae|Tityus|valerae,valerae,Animalia,Arachnida,Scorpiones,Buthidae,Tityus,valerae,Achiasmatic,Achiasmatic,Heterogametic,NA,0
Animalia|Arachnida|Scorpiones|Buthidae|Tityus|venamensis,venamensis,Animalia,Arachnida,Scorpiones,Buthidae,Tityus,venamensis,Achiasmatic,Achiasmatic,Heterogametic,NA,0
Animalia|Arachnida|Scorpiones|Buthidae|Tityus|ventuarensis,ventuarensis,Animalia,Arachnida,Scorpiones,Buthidae,Tityus,ventuarensis,Achiasmatic,Achiasmatic,Heterogametic,NA,0
Animalia|Arachnida|Scorpiones|Buthidae|Tityus|wachteli,wachteli,Animalia,Arachnida,Scorpiones,Buthidae,Tityus,wachteli,Achiasmatic,Achiasmatic,Heterogametic,NA,0
Animalia|Arachnida|Scorpiones|Buthidae|Tityus|walli,walli,Animalia,Arachnida,Scorpiones,Buthidae,Tityus,walli,Achiasmatic,Achiasmatic,Heterogametic,NA,0
Animalia|Arachnida|Scorpiones|Buthidae|Tityus|yerenai,yerenai,Animalia,Arachnida,Scorpiones,Buthidae,Tityus,yerenai,Achiasmatic,Achiasmatic,Heterogametic,NA,0
Animalia|Arachnida|Scorpiones|Buthidae|Tityus|ythieri,ythieri,Animalia,Arachnida,Scorpiones,Buthidae,Tityus,ythieri,Achiasmatic,Achiasmatic,Heterogametic,NA,0
Animalia|Arachnida|Scorpiones|Buthidae|Tityus|zulianus,zulianus,Animalia,Arachnida,Scorpiones,Buthidae,Tityus,zulianus,Achiasmatic,Achiasmatic,Heterogametic,NA,0
Animalia|Arachnida|Scorpiones|Buthidae|Troglorhopalurus|lacrau,lacrau,Animalia,Arachnida,Scorpiones,Buthidae,Troglorhopalurus,lacrau,Achiasmatic,Achiasmatic,Heterogametic,NA,22
Animalia|Arachnida|Scorpiones|Buthidae|Troglorhopalurus|translucidus,translucidus,Animalia,Arachnida,Scorpiones,Buthidae,Troglorhopalurus,translucidus,Achiasmatic,Achiasmatic,Heterogametic,NA,20
Animalia|Arachnida|Scorpiones|Buthidae|Uroplectes|carinatus,carinatus,Animalia,Arachnida,Scorpiones,Buthidae,Uroplectes,carinatus,Achiasmatic,Achiasmatic,Heterogametic,NA,20
Animalia|Arachnida|Scorpiones|Buthidae|Uroplectes|chubbi,chubbi,Animalia,Arachnida,Scorpiones,Buthidae,Uroplectes,chubbi,Achiasmatic,Achiasmatic,Heterogametic,NA,20
Animalia|Arachnida|Scorpiones|Buthidae|Uroplectes|ebogo sp. n.,ebogo sp. n.,Animalia,Arachnida,Scorpiones,Buthidae,Uroplectes,ebogo sp. n.,Achiasmatic,Achiasmatic,Heterogametic,NA,24
Animalia|Arachnida|Scorpiones|Buthidae|Uroplectes|emiliae,emiliae,Animalia,Arachnida,Scorpiones,Buthidae,Uroplectes,emiliae,Achiasmatic,Achiasmatic,Heterogametic,NA,28
Animalia|Arachnida|Scorpiones|Buthidae|Uroplectes|fischeri,fischeri,Animalia,Arachnida,Scorpiones,Buthidae,Uroplectes,fischeri,Achiasmatic,Achiasmatic,Heterogametic,NA,28
Animalia|Arachnida|Scorpiones|Buthidae|Uroplectes|flavoviridis,flavoviridis,Animalia,Arachnida,Scorpiones,Buthidae,Uroplectes,flavoviridis,Achiasmatic,Achiasmatic,Heterogametic,NA,26
Animalia|Arachnida|Scorpiones|Buthidae|Uroplectes|formosus,formosus,Animalia,Arachnida,Scorpiones,Buthidae,Uroplectes,formosus,Achiasmatic,Achiasmatic,Heterogametic,NA,16
Animalia|Arachnida|Scorpiones|Buthidae|Uroplectes|olivaceus,olivaceus,Animalia,Arachnida,Scorpiones,Buthidae,Uroplectes,olivaceus,Achiasmatic,Achiasmatic,Heterogametic,NA,24
Animalia|Arachnida|Scorpiones|Buthidae|Uroplectes|otjimbinguensis,otjimbinguensis,Animalia,Arachnida,Scorpiones,Buthidae,Uroplectes,otjimbinguensis,Achiasmatic,Achiasmatic,Heterogametic,NA,26
Animalia|Arachnida|Scorpiones|Buthidae|Uroplectes|planimanus,planimanus,Animalia,Arachnida,Scorpiones,Buthidae,Uroplectes,planimanus,Achiasmatic,Achiasmatic,Heterogametic,NA,22
Animalia|Arachnida|Scorpiones|Buthidae|Uroplectes|planimanus kuanyamarus,planimanus kuanyamarus,Animalia,Arachnida,Scorpiones,Buthidae,Uroplectes,planimanus kuanyamarus,Achiasmatic,Achiasmatic,Heterogametic,NA,22
Animalia|Arachnida|Scorpiones|Buthidae|Uroplectes|planimanus planimanus,planimanus planimanus,Animalia,Arachnida,Scorpiones,Buthidae,Uroplectes,planimanus planimanus,Achiasmatic,Achiasmatic,Heterogametic,NA,22
Animalia|Arachnida|Scorpiones|Buthidae|Uroplectes|vittatus,vittatus,Animalia,Arachnida,Scorpiones,Buthidae,Uroplectes,vittatus,Achiasmatic,Achiasmatic,Heterogametic,NA,24
Animalia|Arachnida|Scorpiones|Buthidae|Zabius|fucus,fucus,Animalia,Arachnida,Scorpiones,Buthidae,Zabius,fucus,Achiasmatic,Achiasmatic,Heterogametic,NA,18
Animalia|Arachnida|Scorpiones|Buthidae|Zabius|fuscus,fuscus,Animalia,Arachnida,Scorpiones,Buthidae,Zabius,fuscus,Achiasmatic,Achiasmatic,Heterogametic,NA,18
Animalia|Arachnida|Scorpiones|Chactidae|Brotheas|amazonicus,amazonicus,Animalia,Arachnida,Scorpiones,Chactidae,Brotheas,amazonicus,Achiasmatic,Achiasmatic,Heterogametic,NA,50
Animalia|Arachnida|Scorpiones|Chactidae|Brotheas|paraensis,paraensis,Animalia,Arachnida,Scorpiones,Chactidae,Brotheas,paraensis,Achiasmatic,Achiasmatic,Heterogametic,NA,48
Animalia|Arachnida|Scorpiones|Chactidae|Brotheas|Silvestris,Silvestris,Animalia,Arachnida,Scorpiones,Chactidae,Brotheas,Silvestris,Achiasmatic,Achiasmatic,Heterogametic,NA,40
Animalia|Arachnida|Scorpiones|Chactidae|Neochactas|parvulus,parvulus,Animalia,Arachnida,Scorpiones,Chactidae,Neochactas,parvulus,Achiasmatic,Achiasmatic,Heterogametic,NA,54
Animalia|Arachnida|Scorpiones|Chaerilidae|Chaerilus|cimrmani,cimrmani,Animalia,Arachnida,Scorpiones,Chaerilidae,Chaerilus,cimrmani,Achiasmatic,Achiasmatic,Heterogametic,NA,104
Animalia|Arachnida|Scorpiones|Chaerilidae|Chaerilus|majkusi sp. n.,majkusi sp. n.,Animalia,Arachnida,Scorpiones,Chaerilidae,Chaerilus,majkusi sp. n.,Achiasmatic,Achiasmatic,Heterogametic,NA,0
Animalia|Arachnida|Scorpiones|Chaerilidae|Chaerilus|neradorum sp. n.,neradorum sp. n.,Animalia,Arachnida,Scorpiones,Chaerilidae,Chaerilus,neradorum sp. n.,Achiasmatic,Achiasmatic,Heterogametic,NA,0
Animalia|Arachnida|Scorpiones|Chaerilidae|Chaerilus|sejnai,sejnai,Animalia,Arachnida,Scorpiones,Chaerilidae,Chaerilus,sejnai,Achiasmatic,Achiasmatic,Heterogametic,NA,0
Animalia|Arachnida|Scorpiones|Chaerilidae|Chaerilus|stockmannorum sp. n.,stockmannorum sp. n.,Animalia,Arachnida,Scorpiones,Chaerilidae,Chaerilus,stockmannorum sp. n.,Achiasmatic,Achiasmatic,Heterogametic,NA,186
Animalia|Arachnida|Scorpiones|Chaerilidae|Chaerilus|tichyi,tichyi,Animalia,Arachnida,Scorpiones,Chaerilidae,Chaerilus,tichyi,Achiasmatic,Achiasmatic,Heterogametic,NA,136
Animalia|Arachnida|Scorpiones|Euscorpiidae|Euscorpiops|artemisae sp. nov.,artemisae sp. nov.,Animalia,Arachnida,Scorpiones,Euscorpiidae,Euscorpiops,artemisae sp. nov.,Achiasmatic,Achiasmatic,Heterogametic,NA,103
Animalia|Arachnida|Scorpiones|Euscorpiidae|Euscorpiops|orioni sp. nov.,orioni sp. nov.,Animalia,Arachnida,Scorpiones,Euscorpiidae,Euscorpiops,orioni sp. nov.,Achiasmatic,Achiasmatic,Heterogametic,NA,103
Animalia|Arachnida|Scorpiones|Euscorpiidae|Euscorpius|aladaglarensis,aladaglarensis,Animalia,Arachnida,Scorpiones,Euscorpiidae,Euscorpius,aladaglarensis,Achiasmatic,Achiasmatic,Heterogametic,NA,88
Animalia|Arachnida|Scorpiones|Euscorpiidae|Euscorpius|carpathicus,carpathicus,Animalia,Arachnida,Scorpiones,Euscorpiidae,Euscorpius,carpathicus,Achiasmatic,Achiasmatic,Heterogametic,NA,90
Animalia|Arachnida|Scorpiones|Euscorpiidae|Euscorpius|concinnus,concinnus,Animalia,Arachnida,Scorpiones,Euscorpiidae,Euscorpius,concinnus,Achiasmatic,Achiasmatic,Heterogametic,NA,88
Animalia|Arachnida|Scorpiones|Euscorpiidae|Euscorpius|hadzii,hadzii,Animalia,Arachnida,Scorpiones,Euscorpiidae,Euscorpius,hadzii,Achiasmatic,Achiasmatic,Heterogametic,NA,68
Animalia|Arachnida|Scorpiones|Euscorpiidae|Euscorpius|italicus,italicus,Animalia,Arachnida,Scorpiones,Euscorpiidae,Euscorpius,italicus,Achiasmatic,Achiasmatic,Heterogametic,NA,36
Animalia|Arachnida|Scorpiones|Euscorpiidae|Euscorpius|naupliensis,naupliensis,Animalia,Arachnida,Scorpiones,Euscorpiidae,Euscorpius,naupliensis,Achiasmatic,Achiasmatic,Heterogametic,NA,60
Animalia|Arachnida|Scorpiones|Euscorpiidae|Euscorpius|sicanus,sicanus,Animalia,Arachnida,Scorpiones,Euscorpiidae,Euscorpius,sicanus,Achiasmatic,Achiasmatic,Heterogametic,NA,66
Animalia|Arachnida|Scorpiones|Euscorpiidae|Euscorpius|tergestinus,tergestinus,Animalia,Arachnida,Scorpiones,Euscorpiidae,Euscorpius,tergestinus,Achiasmatic,Achiasmatic,Heterogametic,NA,60
Animalia|Arachnida|Scorpiones|Euscorpiidae|Megacormus|granosus,granosus,Animalia,Arachnida,Scorpiones,Euscorpiidae,Megacormus,granosus,Achiasmatic,Achiasmatic,Heterogametic,NA,148
Animalia|Arachnida|Scorpiones|Euscorpiidae|Megacormus|seductus sp. n.,seductus sp. n.,Animalia,Arachnida,Scorpiones,Euscorpiidae,Megacormus,seductus sp. n.,Achiasmatic,Achiasmatic,Heterogametic,NA,109
Animalia|Arachnida|Scorpiones|Euscorpiidae|Megacormus|segmentatus,segmentatus,Animalia,Arachnida,Scorpiones,Euscorpiidae,Megacormus,segmentatus,Achiasmatic,Achiasmatic,Heterogametic,NA,144
Animalia|Arachnida|Scorpiones|Iuridae|Calchas|nordmanni,nordmanni,Animalia,Arachnida,Scorpiones,Iuridae,Calchas,nordmanni,Achiasmatic,Achiasmatic,Heterogametic,NA,82
Animalia|Arachnida|Scorpiones|Iuridae|Neocalchas|gruberi,gruberi,Animalia,Arachnida,Scorpiones,Iuridae,Neocalchas,gruberi,Achiasmatic,Achiasmatic,Heterogametic,NA,40
Animalia|Arachnida|Scorpiones|Scorpionidae|Urodacus|manicatus,manicatus,Animalia,Arachnida,Scorpiones,Scorpionidae,Urodacus,manicatus,Achiasmatic,Achiasmatic,Heterogametic,NA,0
Animalia|Ascidiacea|Aplousobranchia|Didemnidae|Diplosoma|listerianum,listerianum,Animalia,Ascidiacea,Aplousobranchia,Didemnidae,Diplosoma,listerianum,Achiasmatic,Achiasmatic,Heterogametic,NA,30
Animalia|Ascidiacea|Phlebobranchia|Cionidae|Ciona|intestinalis,intestinalis,Animalia,Ascidiacea,Phlebobranchia,Cionidae,Ciona,intestinalis,Achiasmatic,Achiasmatic,Heterogametic,NA,28
Animalia|Bivalvia|Sphaeriida|Sphaeriida|Sphaerium|corneum,corneum,Animalia,Bivalvia,Sphaeriida,Sphaeriida,Sphaerium,corneum,Achiasmatic,Achiasmatic,Heterogametic,NA,30
Animalia|Bivalvia|Sphaeriida|Sphaeriida|Sphaerium|nucleus,nucleus,Animalia,Bivalvia,Sphaeriida,Sphaeriida,Sphaerium,nucleus,Achiasmatic,Achiasmatic,Heterogametic,NA,0
Animalia|Chilopoda|Lithobiomorpha|Lithobiidae|Lithobius|variegatus,variegatus,Animalia,Chilopoda,Lithobiomorpha,Lithobiidae,Lithobius,variegatus,Asynaptic,Asynaptic,Heterogametic,XY,46
Animalia|Maxillopoda|Cyclopoida|Cyclopidae|Eucyclops|serrulatus,serrulatus,Animalia,Maxillopoda,Cyclopoida,Cyclopidae,Eucyclops,serrulatus,Distance pairing,NA,Heterogametic,NA,13
Animalia|Maxillopoda|Cyclopoida|Cyclopidae|Acanthocyclops|vernalis,vernalis,Animalia,Maxillopoda,Cyclopoida,Cyclopidae,Acanthocyclops,vernalis,Distance pairing,NA,Heterogametic,NA,8
Animalia|Maxillopoda|Cyclopoida|Cyclopidae|Diacyclops|bicuspidatus,bicuspidatus,Animalia,Maxillopoda,Cyclopoida,Cyclopidae,Diacyclops,bicuspidatus,Distance pairing,NA,Heterogametic,NA,0
Animalia|Maxillopoda|Cyclopoida|Cyclopidae|Macrocyclops|albidus,albidus,Animalia,Maxillopoda,Cyclopoida,Cyclopidae,Macrocyclops,albidus,Distance pairing,NA,Heterogametic,NA,14
Animalia|Maxillopoda|Cyclopoida|Cyclopidae|Macrocyclops|ater,ater,Animalia,Maxillopoda,Cyclopoida,Cyclopidae,Macrocyclops,ater,Distance pairing,NA,Heterogametic,NA,22
Animalia|Maxillopoda|Cyclopoida|Cyclopidae|Mesocyclops|edax,edax,Animalia,Maxillopoda,Cyclopoida,Cyclopidae,Mesocyclops,edax,Distance pairing,NA,Heterogametic,NA,14
Animalia|Maxillopoda|Cyclopoida|Cyclopidae|Mesocyclops|leuckarti,leuckarti,Animalia,Maxillopoda,Cyclopoida,Cyclopidae,Mesocyclops,leuckarti,Distance pairing,NA,Heterogametic,NA,12
Animalia|Maxillopoda|Cyclopoida|Cyclopidae|Tropocyclops|prasinus,prasinus,Animalia,Maxillopoda,Cyclopoida,Cyclopidae,Tropocyclops,prasinus,Distance pairing,NA,Heterogametic,NA,0
Animalia|Maxillopoda|Cyclopoida|Harpacticoida|Tigriopus|brevicornis,brevicornis,Animalia,Maxillopoda,Cyclopoida,Harpacticoida,Tigriopus,brevicornis,Distance pairing,NA,Heterogametic,NA,24
Animalia|Maxillopoda|Cyclopoida|Harpacticoida|Tigriopus|californicus,californicus,Animalia,Maxillopoda,Cyclopoida,Harpacticoida,Tigriopus,californicus,Achiasmatic,Achiasmatic,Heterogametic,NA,24
Animalia|Maxillopoda|Cyclopoida|Harpacticoida|Tigriopus|japonicus,japonicus,Animalia,Maxillopoda,Cyclopoida,Harpacticoida,Tigriopus,japonicus,Distance pairing,NA,Heterogametic,NA,24
Animalia|Maxillopoda|Cyclopoida|Mytilicolidae|Mytilicola|intestinalis,intestinalis,Animalia,Maxillopoda,Cyclopoida,Mytilicolidae,Mytilicola,intestinalis,Achiasmatic,Achiasmatic,Heterogametic,XY,22
Animalia|Maxillopoda|Harpacticoida|Tisbidae|Tisbe|biminiensis,biminiensis,Animalia,Maxillopoda,Harpacticoida,Tisbidae,Tisbe,biminiensis,Achiasmatic,Achiasmatic,Heterogametic,NA,16
Animalia|Maxillopoda|Harpacticoida|Tisbidae|Tisbe|holothuriae,holothuriae,Animalia,Maxillopoda,Harpacticoida,Tisbidae,Tisbe,holothuriae,Achiasmatic,Achiasmatic,Heterogametic,NA,24
Animalia|Maxillopoda|Harpacticoida|Harpacticidae|Tigriopus|brevicornis,brevicornis,Animalia,Maxillopoda,Harpacticoida,Harpacticidae,Tigriopus,brevicornis,Achiasmatic,Achiasmatic,Heterogametic,NA,24
Animalia|Maxillopoda|Harpacticoida|Harpacticidae|Tigriopus|californicus,californicus,Animalia,Maxillopoda,Harpacticoida,Harpacticidae,Tigriopus,californicus,Achiasmatic,Achiasmatic,Heterogametic,NA,24
Animalia|Maxillopoda|Harpacticoida|Harpacticidae|Tigriopus|japonicus,japonicus,Animalia,Maxillopoda,Harpacticoida,Harpacticidae,Tigriopus,japonicus,Achiasmatic,Achiasmatic,Heterogametic,NA,24
Animalia|Maxillopoda|Siphonostomatoida|Caligidae|Lepeoptheirus|salmonis salmonis,salmonis salmonis,Animalia,Maxillopoda,Siphonostomatoida,Caligidae,Lepeoptheirus,salmonis salmonis,Achiasmatic,Achiasmatic,Heterogametic,ZW,16
Animalia|Eurotatoria|Bdelloidea|Habrotrochidae|Habrotrocha|tridens,tridens,Animalia,Eurotatoria,Bdelloidea,Habrotrochidae,Habrotrocha,tridens,Asynaptic,Asynaptic,Heterogametic,NA,13
Animalia|Eurotatoria|Bdelloidea|Philodinidae|Philodina|roseola,roseola,Animalia,Eurotatoria,Bdelloidea,Philodinidae,Philodina,roseola,Asynaptic,Asynaptic,Heterogametic,NA,13
Animalia|Eutardigrada|Parachela|Macrobiotidae|Macrobiotus|richtersi,richtersi,Animalia,Eutardigrada,Parachela,Macrobiotidae,Macrobiotus,richtersi,Achiasmatic,Achiasmatic,Heterogametic,NA,12
Animalia|Eutardigrada|Parachela|Richtersiidae|Richtersius|coronifer,coronifer,Animalia,Eutardigrada,Parachela,Richtersiidae,Richtersius,coronifer,Achiasmatic,Achiasmatic,Heterogametic,NA,12
Animalia|Gastropoda|Littorinimorpha|Bithyniidae|Bithynia|NA,NA,Animalia,Gastropoda,Littorinimorpha,Bithyniidae,Bithynia,NA,Achiasmatic,Achiasmatic,Heterogametic,NA,0
Animalia|Insecta|Blattodea|Rhinotermitidae|Reticulitermes|flavipes,flavipes,Animalia,Insecta,Blattodea,Rhinotermitidae,Reticulitermes,flavipes,Asynaptic,Asynaptic,Heterogametic,NA,0
Animalia|Insecta|Blattodea|Rhinotermitidae|Reticulitermes|speratus,speratus,Animalia,Insecta,Blattodea,Rhinotermitidae,Reticulitermes,speratus,Asynaptic,Asynaptic,Heterogametic,NA,0
Animalia|Insecta|Coleoptera|Anobiidae|Ernobius|mollis,mollis,Animalia,Insecta,Coleoptera,Anobiidae,Ernobius,mollis,Asynaptic,Asynaptic,Heterogametic,XY,22
Animalia|Insecta|Coleoptera|Anobiidae|Gibbium|psylloides,psylloides,Animalia,Insecta,Coleoptera,Anobiidae,Gibbium,psylloides,Asynaptic,Asynaptic,Heterogametic,XY,18
Animalia|Insecta|Coleoptera|Anobiidae|Lasioderma|serricorne,serricorne,Animalia,Insecta,Coleoptera,Anobiidae,Lasioderma,serricorne,Asynaptic,Asynaptic,Heterogametic,XY,18
Animalia|Insecta|Coleoptera|Anobiidae|Ptinus|clavipes,clavipes,Animalia,Insecta,Coleoptera,Anobiidae,Ptinus,clavipes,Asynaptic,Asynaptic,Heterogametic,XY,18
Animalia|Insecta|Coleoptera|Anobiidae|Ptinus|villiger,villiger,Animalia,Insecta,Coleoptera,Anobiidae,Ptinus,villiger,Asynaptic,Asynaptic,Heterogametic,XY,18
Animalia|Insecta|Coleoptera|Anthicidae|Notoxus|calcaratus,calcaratus,Animalia,Insecta,Coleoptera,Anthicidae,Notoxus,calcaratus,Asynaptic,Asynaptic,Heterogametic,XY,18
Animalia|Insecta|Coleoptera|Anthicidae|Notoxus|constrictus,constrictus,Animalia,Insecta,Coleoptera,Anthicidae,Notoxus,constrictus,Asynaptic,Asynaptic,Heterogametic,XY,18
Animalia|Insecta|Coleoptera|Anthicidae|Notoxus|monodon,monodon,Animalia,Insecta,Coleoptera,Anthicidae,Notoxus,monodon,Asynaptic,Asynaptic,Heterogametic,XY,18
Animalia|Insecta|Coleoptera|Anthribidae|Araecerus|fasciculatus,fasciculatus,Animalia,Insecta,Coleoptera,Anthribidae,Araecerus,fasciculatus,Asynaptic,Asynaptic,Heterogametic,XY,22
Animalia|Insecta|Coleoptera|Anthribidae|Euparius|marmoreus,marmoreus,Animalia,Insecta,Coleoptera,Anthribidae,Euparius,marmoreus,Asynaptic,Asynaptic,Heterogametic,XY,22
Animalia|Insecta|Coleoptera|Anthribidae|Euparius|oculatus,oculatus,Animalia,Insecta,Coleoptera,Anthribidae,Euparius,oculatus,Asynaptic,Asynaptic,Heterogametic,NA,22
Animalia|Insecta|Coleoptera|Anthribidae|Habrissus|longipes,longipes,Animalia,Insecta,Coleoptera,Anthribidae,Habrissus,longipes,Asynaptic,Asynaptic,Heterogametic,XY,22
Animalia|Insecta|Coleoptera|Anthribidae|Platystomos|sellatus,sellatus,Animalia,Insecta,Coleoptera,Anthribidae,Platystomos,sellatus,Asynaptic,Asynaptic,Heterogametic,XY,22
Animalia|Insecta|Coleoptera|Anthribidae|Ptychoderes|bivittatus,bivittatus,Animalia,Insecta,Coleoptera,Anthribidae,Ptychoderes,bivittatus,Asynaptic,Asynaptic,Heterogametic,XY,22
Animalia|Insecta|Coleoptera|Anthribidae|Ptychoderes|tricostifrons,tricostifrons,Animalia,Insecta,Coleoptera,Anthribidae,Ptychoderes,tricostifrons,Asynaptic,Asynaptic,Heterogametic,XY,22
Animalia|Insecta|Coleoptera|Anthribidae|Tropideres|germanus,germanus,Animalia,Insecta,Coleoptera,Anthribidae,Tropideres,germanus,Asynaptic,Asynaptic,Heterogametic,XY,22
Animalia|Insecta|Coleoptera|Anthribidae|Tropideres|japonicus,japonicus,Animalia,Insecta,Coleoptera,Anthribidae,Tropideres,japonicus,Asynaptic,Asynaptic,Heterogametic,XY,22
Animalia|Insecta|Coleoptera|Anthribidae|Tropideres|laxus,laxus,Animalia,Insecta,Coleoptera,Anthribidae,Tropideres,laxus,Asynaptic,Asynaptic,Heterogametic,XY,22
Animalia|Insecta|Coleoptera|Attelabidae|Apoderus|balteatus,balteatus,Animalia,Insecta,Coleoptera,Attelabidae,Apoderus,balteatus,Asynaptic,Asynaptic,Heterogametic,XY,22
Animalia|Insecta|Coleoptera|Attelabidae|Apoderus|coryli,coryli,Animalia,Insecta,Coleoptera,Attelabidae,Apoderus,coryli,Asynaptic,Asynaptic,Heterogametic,XY,28
Animalia|Insecta|Coleoptera|Attelabidae|Apoderus|erythrogaster,erythrogaster,Animalia,Insecta,Coleoptera,Attelabidae,Apoderus,erythrogaster,Asynaptic,Asynaptic,Heterogametic,XY,28
Animalia|Insecta|Coleoptera|Attelabidae|Auletobius|irkutensis,irkutensis,Animalia,Insecta,Coleoptera,Attelabidae,Auletobius,irkutensis,Asynaptic,Asynaptic,Heterogametic,XY,32
Animalia|Insecta|Coleoptera|Attelabidae|Auletobius|puberulus,puberulus,Animalia,Insecta,Coleoptera,Attelabidae,Auletobius,puberulus,Asynaptic,Asynaptic,Heterogametic,XY,32
Animalia|Insecta|Coleoptera|Attelabidae|Centrocorynus|aemulus,aemulus,Animalia,Insecta,Coleoptera,Attelabidae,Centrocorynus,aemulus,Asynaptic,Asynaptic,Heterogametic,XY,28
Animalia|Insecta|Coleoptera|Attelabidae|Deporaus|harmanni,harmanni,Animalia,Insecta,Coleoptera,Attelabidae,Deporaus,harmanni,Asynaptic,Asynaptic,Heterogametic,XY,22
Animalia|Insecta|Coleoptera|Attelabidae|Deporaus|margitus,margitus,Animalia,Insecta,Coleoptera,Attelabidae,Deporaus,margitus,Asynaptic,Asynaptic,Heterogametic,XY,22
Animalia|Insecta|Coleoptera|Attelabidae|Deporaus|minimus,minimus,Animalia,Insecta,Coleoptera,Attelabidae,Deporaus,minimus,Asynaptic,Asynaptic,Heterogametic,XY,26
Animalia|Insecta|Coleoptera|Attelabidae|Deporaus|sp.,sp.,Animalia,Insecta,Coleoptera,Attelabidae,Deporaus,sp.,Asynaptic,Asynaptic,Heterogametic,XY,22
Animalia|Insecta|Coleoptera|Attelabidae|Deporaus|unicolor,unicolor,Animalia,Insecta,Coleoptera,Attelabidae,Deporaus,unicolor,Asynaptic,Asynaptic,Heterogametic,XY,34
Animalia|Insecta|Coleoptera|Attelabidae|Hypera|viciae,viciae,Animalia,Insecta,Coleoptera,Attelabidae,Hypera,viciae,Asynaptic,Asynaptic,Heterogametic,XY,22
Animalia|Insecta|Coleoptera|Attelabidae|Larinus|sturnus,sturnus,Animalia,Insecta,Coleoptera,Attelabidae,Larinus,sturnus,Asynaptic,Asynaptic,Heterogametic,XY,38
Animalia|Insecta|Coleoptera|Attelabidae|Liophloeus|lentus,lentus,Animalia,Insecta,Coleoptera,Attelabidae,Liophloeus,lentus,Asynaptic,Asynaptic,Heterogametic,XY,22
Animalia|Insecta|Coleoptera|Attelabidae|Liparus|glabrirostris,glabrirostris,Animalia,Insecta,Coleoptera,Attelabidae,Liparus,glabrirostris,Asynaptic,Asynaptic,Heterogametic,XY,32
Animalia|Insecta|Coleoptera|Attelabidae|Pissodes|notatus,notatus,Animalia,Insecta,Coleoptera,Attelabidae,Pissodes,notatus,Asynaptic,Asynaptic,Heterogametic,XY,30
Animalia|Insecta|Coleoptera|Attelabidae|Rhynchites|heros,heros,Animalia,Insecta,Coleoptera,Attelabidae,Rhynchites,heros,Asynaptic,Asynaptic,Heterogametic,XY,38
Animalia|Insecta|Coleoptera|Attelabidae|Rhynchites|pilosus,pilosus,Animalia,Insecta,Coleoptera,Attelabidae,Rhynchites,pilosus,Asynaptic,Asynaptic,Heterogametic,XY,32
Animalia|Insecta|Coleoptera|Attelabidae|Rhynchites|placidus,placidus,Animalia,Insecta,Coleoptera,Attelabidae,Rhynchites,placidus,Asynaptic,Asynaptic,Heterogametic,XY,38
Animalia|Insecta|Coleoptera|Attelabidae|Rhynchites|sp.,sp.,Animalia,Insecta,Coleoptera,Attelabidae,Rhynchites,sp.,Asynaptic,Asynaptic,Heterogametic,XY,34
Animalia|Insecta|Coleoptera|Bostrichidae|Apate|mocha,mocha,Animalia,Insecta,Coleoptera,Bostrichidae,Apate,mocha,Asynaptic,Asynaptic,Heterogametic,XY,22
Animalia|Insecta|Coleoptera|Bostrichidae|Bostrychopsis|bengalensis,bengalensis,Animalia,Insecta,Coleoptera,Bostrichidae,Bostrychopsis,bengalensis,Asynaptic,Asynaptic,Heterogametic,XY,20
Animalia|Insecta|Coleoptera|Bostrichidae|Rhizopertha|dominica,dominica,Animalia,Insecta,Coleoptera,Bostrichidae,Rhizopertha,dominica,Asynaptic,Asynaptic,Heterogametic,XY,18
Animalia|Insecta|Coleoptera|Bostrichidae|Sinoxylon|ale,ale,Animalia,Insecta,Coleoptera,Bostrichidae,Sinoxylon,ale,Asynaptic,Asynaptic,Heterogametic,XY,20
Animalia|Insecta|Coleoptera|Brentidae|Apion|abruptum,abruptum,Animalia,Insecta,Coleoptera,Brentidae,Apion,abruptum,Asynaptic,Asynaptic,Heterogametic,XY,22
Animalia|Insecta|Coleoptera|Brentidae|Apion|collare,collare,Animalia,Insecta,Coleoptera,Brentidae,Apion,collare,Asynaptic,Asynaptic,Heterogametic,XY,22
Animalia|Insecta|Coleoptera|Brentidae|Apion|sp.,sp.,Animalia,Insecta,Coleoptera,Brentidae,Apion,sp.,Asynaptic,Asynaptic,Heterogametic,XY,22
Animalia|Insecta|Coleoptera|Brentidae|Aplemonus|tuberculata,tuberculata,Animalia,Insecta,Coleoptera,Brentidae,Aplemonus,tuberculata,Asynaptic,Asynaptic,Heterogametic,XY,26
Animalia|Insecta|Coleoptera|Brentidae|Brentus|anchorago,anchorago,Animalia,Insecta,Coleoptera,Brentidae,Brentus,anchorago,Asynaptic,Asynaptic,Heterogametic,XY,12
Animalia|Insecta|Coleoptera|Brentidae|Brentus|mexicanus,mexicanus,Animalia,Insecta,Coleoptera,Brentidae,Brentus,mexicanus,Asynaptic,Asynaptic,Heterogametic,XY,12
Animalia|Insecta|Coleoptera|Brentidae|Ceratapion|austriacum,austriacum,Animalia,Insecta,Coleoptera,Brentidae,Ceratapion,austriacum,Asynaptic,Asynaptic,Heterogametic,XY,22
Animalia|Insecta|Coleoptera|Brentidae|Ceratapion|penetrans,penetrans,Animalia,Insecta,Coleoptera,Brentidae,Ceratapion,penetrans,Asynaptic,Asynaptic,Heterogametic,XY,22
Animalia|Insecta|Coleoptera|Brentidae|Cylas|formicarius,formicarius,Animalia,Insecta,Coleoptera,Brentidae,Cylas,formicarius,Asynaptic,Asynaptic,Heterogametic,XY,22
Animalia|Insecta|Coleoptera|Brentidae|Eutrichapion|melancholicum,melancholicum,Animalia,Insecta,Coleoptera,Brentidae,Eutrichapion,melancholicum,Asynaptic,Asynaptic,Heterogametic,XY,22
Animalia|Insecta|Coleoptera|Brentidae|Nanophyes|marmoratus,marmoratus,Animalia,Insecta,Coleoptera,Brentidae,Nanophyes,marmoratus,Asynaptic,Asynaptic,Heterogametic,XY,22
Animalia|Insecta|Coleoptera|Brentidae|Nemocephalus|femoratus,femoratus,Animalia,Insecta,Coleoptera,Brentidae,Nemocephalus,femoratus,Asynaptic,Asynaptic,Heterogametic,XY,12
Animalia|Insecta|Coleoptera|Brentidae|Oxystoma|cerdo,cerdo,Animalia,Insecta,Coleoptera,Brentidae,Oxystoma,cerdo,Asynaptic,Asynaptic,Heterogametic,XY,22
Animalia|Insecta|Coleoptera|Brentidae|Proepisphales|elegans,elegans,Animalia,Insecta,Coleoptera,Brentidae,Proepisphales,elegans,Asynaptic,Asynaptic,Heterogametic,XY,12
Animalia|Insecta|Coleoptera|Brentidae|Pseudorychoides|insignis,insignis,Animalia,Insecta,Coleoptera,Brentidae,Pseudorychoides,insignis,Asynaptic,Asynaptic,Heterogametic,XY,12
Animalia|Insecta|Coleoptera|Brentidae|Rhopalapion|longirostre,longirostre,Animalia,Insecta,Coleoptera,Brentidae,Rhopalapion,longirostre,Asynaptic,Asynaptic,Heterogametic,XY,22
Animalia|Insecta|Coleoptera|Brentidae|Squamapion|flavimanum,flavimanum,Animalia,Insecta,Coleoptera,Brentidae,Squamapion,flavimanum,Asynaptic,Asynaptic,Heterogametic,XY,22
Animalia|Insecta|Coleoptera|Brentidae|Trachelizus|sp.,sp.,Animalia,Insecta,Coleoptera,Brentidae,Trachelizus,sp.,Asynaptic,Asynaptic,Heterogametic,XY,12
Animalia|Insecta|Coleoptera|Buprestidae|Acmaeodera|boryi,boryi,Animalia,Insecta,Coleoptera,Buprestidae,Acmaeodera,boryi,Asynaptic,Asynaptic,Heterogametic,XY,18
Animalia|Insecta|Coleoptera|Buprestidae|Acmaeodera|flavofasciata,flavofasciata,Animalia,Insecta,Coleoptera,Buprestidae,Acmaeodera,flavofasciata,Asynaptic,Asynaptic,Heterogametic,XY,18
Animalia|Insecta|Coleoptera|Buprestidae|Acmaeodera|gibbulosa,gibbulosa,Animalia,Insecta,Coleoptera,Buprestidae,Acmaeodera,gibbulosa,Asynaptic,Asynaptic,Heterogametic,XY,18
Animalia|Insecta|Coleoptera|Buprestidae|Acmaeodera|vetusta,vetusta,Animalia,Insecta,Coleoptera,Buprestidae,Acmaeodera,vetusta,Asynaptic,Asynaptic,Heterogametic,XY,18
Animalia|Insecta|Coleoptera|Buprestidae|Agrilus|angustulus,angustulus,Animalia,Insecta,Coleoptera,Buprestidae,Agrilus,angustulus,Asynaptic,Asynaptic,Heterogametic,XY,22
Animalia|Insecta|Coleoptera|Buprestidae|Agrilus|anxius,anxius,Animalia,Insecta,Coleoptera,Buprestidae,Agrilus,anxius,Asynaptic,Asynaptic,Heterogametic,XY,22
Animalia|Insecta|Coleoptera|Buprestidae|Agrilus|obscuricollis,obscuricollis,Animalia,Insecta,Coleoptera,Buprestidae,Agrilus,obscuricollis,Asynaptic,Asynaptic,Heterogametic,XY,20
Animalia|Insecta|Coleoptera|Buprestidae|Agrilus|sp.,sp.,Animalia,Insecta,Coleoptera,Buprestidae,Agrilus,sp.,Asynaptic,Asynaptic,Heterogametic,XY,0
Animalia|Insecta|Coleoptera|Buprestidae|Anthaxia|amasi,amasi,Animalia,Insecta,Coleoptera,Buprestidae,Anthaxia,amasi,Asynaptic,Asynaptic,Heterogametic,XY,16
Animalia|Insecta|Coleoptera|Buprestidae|Anthaxia|bicolor,bicolor,Animalia,Insecta,Coleoptera,Buprestidae,Anthaxia,bicolor,Asynaptic,Asynaptic,Heterogametic,XY,16
Animalia|Insecta|Coleoptera|Buprestidae|Anthaxia|deaurata,deaurata,Animalia,Insecta,Coleoptera,Buprestidae,Anthaxia,deaurata,Asynaptic,Asynaptic,Heterogametic,XY,16
Animalia|Insecta|Coleoptera|Buprestidae|Anthaxia|hungarica,hungarica,Animalia,Insecta,Coleoptera,Buprestidae,Anthaxia,hungarica,Asynaptic,Asynaptic,Heterogametic,XY,16
Animalia|Insecta|Coleoptera|Buprestidae|Anthaxia|lgockii,lgockii,Animalia,Insecta,Coleoptera,Buprestidae,Anthaxia,lgockii,Asynaptic,Asynaptic,Heterogametic,XY,16
Animalia|Insecta|Coleoptera|Buprestidae|Anthaxia|mirabilis,mirabilis,Animalia,Insecta,Coleoptera,Buprestidae,Anthaxia,mirabilis,Asynaptic,Asynaptic,Heterogametic,XY,16
Animalia|Insecta|Coleoptera|Buprestidae|Anthaxia|olympica,olympica,Animalia,Insecta,Coleoptera,Buprestidae,Anthaxia,olympica,Asynaptic,Asynaptic,Heterogametic,XY,16
Animalia|Insecta|Coleoptera|Buprestidae|Anthaxia|podolica,podolica,Animalia,Insecta,Coleoptera,Buprestidae,Anthaxia,podolica,Asynaptic,Asynaptic,Heterogametic,XY,16
Animalia|Insecta|Coleoptera|Buprestidae|Anthaxia|sponsa,sponsa,Animalia,Insecta,Coleoptera,Buprestidae,Anthaxia,sponsa,Asynaptic,Asynaptic,Heterogametic,XY,16
Animalia|Insecta|Coleoptera|Buprestidae|Anthaxia|viridifrons,viridifrons,Animalia,Insecta,Coleoptera,Buprestidae,Anthaxia,viridifrons,Asynaptic,Asynaptic,Heterogametic,XY,16
Animalia|Insecta|Coleoptera|Buprestidae|Capnodis|miliaris,miliaris,Animalia,Insecta,Coleoptera,Buprestidae,Capnodis,miliaris,Asynaptic,Asynaptic,Heterogametic,XY,20
Animalia|Insecta|Coleoptera|Buprestidae|Castiarina|adelaidae,adelaidae,Animalia,Insecta,Coleoptera,Buprestidae,Castiarina,adelaidae,Asynaptic,Asynaptic,Heterogametic,XY,22
Animalia|Insecta|Coleoptera|Buprestidae|Castiarina|argillacea,argillacea,Animalia,Insecta,Coleoptera,Buprestidae,Castiarina,argillacea,Asynaptic,Asynaptic,Heterogametic,XY,22
Animalia|Insecta|Coleoptera|Buprestidae|Castiarina|cupreoflava,cupreoflava,Animalia,Insecta,Coleoptera,Buprestidae,Castiarina,cupreoflava,Asynaptic,Asynaptic,Heterogametic,XY,22
Animalia|Insecta|Coleoptera|Buprestidae|Castiarina|decemmaculata,decemmaculata,Animalia,Insecta,Coleoptera,Buprestidae,Castiarina,decemmaculata,Asynaptic,Asynaptic,Heterogametic,XY,22
Animalia|Insecta|Coleoptera|Buprestidae|Castiarina|flavopicta,flavopicta,Animalia,Insecta,Coleoptera,Buprestidae,Castiarina,flavopicta,Asynaptic,Asynaptic,Heterogametic,XY,22
Animalia|Insecta|Coleoptera|Buprestidae|Castiarina|grata,grata,Animalia,Insecta,Coleoptera,Buprestidae,Castiarina,grata,Asynaptic,Asynaptic,Heterogametic,XY,22
Animalia|Insecta|Coleoptera|Buprestidae|Castiarina|rufipennis,rufipennis,Animalia,Insecta,Coleoptera,Buprestidae,Castiarina,rufipennis,Asynaptic,Asynaptic,Heterogametic,XY,22
Animalia|Insecta|Coleoptera|Buprestidae|Castiarina|sexplagiata,sexplagiata,Animalia,Insecta,Coleoptera,Buprestidae,Castiarina,sexplagiata,Asynaptic,Asynaptic,Heterogametic,XY,22
Animalia|Insecta|Coleoptera|Buprestidae|Castiarina|simulata,simulata,Animalia,Insecta,Coleoptera,Buprestidae,Castiarina,simulata,Asynaptic,Asynaptic,Heterogametic,XY,22
Animalia|Insecta|Coleoptera|Buprestidae|Castiarina|subnotata,subnotata,Animalia,Insecta,Coleoptera,Buprestidae,Castiarina,subnotata,Asynaptic,Asynaptic,Heterogametic,XY,22
Animalia|Insecta|Coleoptera|Buprestidae|Castiarina|subtincta,subtincta,Animalia,Insecta,Coleoptera,Buprestidae,Castiarina,subtincta,Asynaptic,Asynaptic,Heterogametic,XY,22
Animalia|Insecta|Coleoptera|Buprestidae|Castiarina|triramosa,triramosa,Animalia,Insecta,Coleoptera,Buprestidae,Castiarina,triramosa,Asynaptic,Asynaptic,Heterogametic,XY,22
Animalia|Insecta|Coleoptera|Buprestidae|Chrysobothris|affinis,affinis,Animalia,Insecta,Coleoptera,Buprestidae,Chrysobothris,affinis,Asynaptic,Asynaptic,Heterogametic,XY,16
Animalia|Insecta|Coleoptera|Buprestidae|Chrysobothris|dentipes,dentipes,Animalia,Insecta,Coleoptera,Buprestidae,Chrysobothris,dentipes,Asynaptic,Asynaptic,Heterogametic,XY,16
Animalia|Insecta|Coleoptera|Buprestidae|Chrysobothris|floricola,floricola,Animalia,Insecta,Coleoptera,Buprestidae,Chrysobothris,floricola,Asynaptic,Asynaptic,Heterogametic,XY,16
Animalia|Insecta|Coleoptera|Buprestidae|Coraebus|rubi,rubi,Animalia,Insecta,Coleoptera,Buprestidae,Coraebus,rubi,Asynaptic,Asynaptic,Heterogametic,XY,22
Animalia|Insecta|Coleoptera|Buprestidae|Dicera|divaricata,divaricata,Animalia,Insecta,Coleoptera,Buprestidae,Dicera,divaricata,Asynaptic,Asynaptic,Heterogametic,XY,20
Animalia|Insecta|Coleoptera|Buprestidae|Dicera|prolongata,prolongata,Animalia,Insecta,Coleoptera,Buprestidae,Dicera,prolongata,Asynaptic,Asynaptic,Heterogametic,XY,20
Animalia|Insecta|Coleoptera|Buprestidae|Dicera|tenebrosa,tenebrosa,Animalia,Insecta,Coleoptera,Buprestidae,Dicera,tenebrosa,Asynaptic,Asynaptic,Heterogametic,XY,20
Animalia|Insecta|Coleoptera|Buprestidae|Dicerca|aenea,aenea,Animalia,Insecta,Coleoptera,Buprestidae,Dicerca,aenea,Asynaptic,Asynaptic,Heterogametic,XY,20
Animalia|Insecta|Coleoptera|Buprestidae|Julodella|globithorax,globithorax,Animalia,Insecta,Coleoptera,Buprestidae,Julodella,globithorax,Asynaptic,Asynaptic,Heterogametic,XY,26
Animalia|Insecta|Coleoptera|Buprestidae|Melanophila|acumita,acumita,Animalia,Insecta,Coleoptera,Buprestidae,Melanophila,acumita,Asynaptic,Asynaptic,Heterogametic,XY,12
Animalia|Insecta|Coleoptera|Buprestidae|Melanophila|drummondi,drummondi,Animalia,Insecta,Coleoptera,Buprestidae,Melanophila,drummondi,Asynaptic,Asynaptic,Heterogametic,XY,16
Animalia|Insecta|Coleoptera|Buprestidae|Melanophila|intrusa,intrusa,Animalia,Insecta,Coleoptera,Buprestidae,Melanophila,intrusa,Asynaptic,Asynaptic,Heterogametic,XY,16
Animalia|Insecta|Coleoptera|Buprestidae|Meliboeus|caucasicus,caucasicus,Animalia,Insecta,Coleoptera,Buprestidae,Meliboeus,caucasicus,Asynaptic,Asynaptic,Heterogametic,XY,22
Animalia|Insecta|Coleoptera|Buprestidae|Ovalisia|dezhdae,dezhdae,Animalia,Insecta,Coleoptera,Buprestidae,Ovalisia,dezhdae,Asynaptic,Asynaptic,Heterogametic,XY,20
Animalia|Insecta|Coleoptera|Buprestidae|Perotis|cuprata,cuprata,Animalia,Insecta,Coleoptera,Buprestidae,Perotis,cuprata,Asynaptic,Asynaptic,Heterogametic,XY,20
Animalia|Insecta|Coleoptera|Buprestidae|Perotis|lugubris,lugubris,Animalia,Insecta,Coleoptera,Buprestidae,Perotis,lugubris,Asynaptic,Asynaptic,Heterogametic,XY,20
Animalia|Insecta|Coleoptera|Buprestidae|Sphaerobothris|aghababiani,aghababiani,Animalia,Insecta,Coleoptera,Buprestidae,Sphaerobothris,aghababiani,Asynaptic,Asynaptic,Heterogametic,XY,16
Animalia|Insecta|Coleoptera|Buprestidae|Stigmodera|cancellata,cancellata,Animalia,Insecta,Coleoptera,Buprestidae,Stigmodera,cancellata,Asynaptic,Asynaptic,Heterogametic,XY,22
Animalia|Insecta|Coleoptera|Buprestidae|Stigmodera|goryi,goryi,Animalia,Insecta,Coleoptera,Buprestidae,Stigmodera,goryi,Asynaptic,Asynaptic,Heterogametic,XY,22
Animalia|Insecta|Coleoptera|Buprestidae|Stigmodera|gratiosa,gratiosa,Animalia,Insecta,Coleoptera,Buprestidae,Stigmodera,gratiosa,Asynaptic,Asynaptic,Heterogametic,XY,22
Animalia|Insecta|Coleoptera|Buprestidae|Stigmodera|macularia,macularia,Animalia,Insecta,Coleoptera,Buprestidae,Stigmodera,macularia,Asynaptic,Asynaptic,Heterogametic,XY,22
Animalia|Insecta|Coleoptera|Buprestidae|Stigmodera|porosa,porosa,Animalia,Insecta,Coleoptera,Buprestidae,Stigmodera,porosa,Asynaptic,Asynaptic,Heterogametic,XY,22
Animalia|Insecta|Coleoptera|Buprestidae|Stigmodera|roei,roei,Animalia,Insecta,Coleoptera,Buprestidae,Stigmodera,roei,Asynaptic,Asynaptic,Heterogametic,XY,22
Animalia|Insecta|Coleoptera|Buprestidae|Themognatha|alternata,alternata,Animalia,Insecta,Coleoptera,Buprestidae,Themognatha,alternata,Asynaptic,Asynaptic,Heterogametic,XY,20
Animalia|Insecta|Coleoptera|Buprestidae|Themognatha|barbiventris,barbiventris,Animalia,Insecta,Coleoptera,Buprestidae,Themognatha,barbiventris,Asynaptic,Asynaptic,Heterogametic,XY,22
Animalia|Insecta|Coleoptera|Buprestidae|Themognatha|bonvouloiri,bonvouloiri,Animalia,Insecta,Coleoptera,Buprestidae,Themognatha,bonvouloiri,Asynaptic,Asynaptic,Heterogametic,XY,22
Animalia|Insecta|Coleoptera|Buprestidae|Themognatha|chalcodera,chalcodera,Animalia,Insecta,Coleoptera,Buprestidae,Themognatha,chalcodera,Asynaptic,Asynaptic,Heterogametic,XY,22
Animalia|Insecta|Coleoptera|Buprestidae|Themognatha|chevrolati,chevrolati,Animalia,Insecta,Coleoptera,Buprestidae,Themognatha,chevrolati,Asynaptic,Asynaptic,Heterogametic,XY,22
Animalia|Insecta|Coleoptera|Buprestidae|Themognatha|donovani,donovani,Animalia,Insecta,Coleoptera,Buprestidae,Themognatha,donovani,Asynaptic,Asynaptic,Heterogametic,XY,22
Animalia|Insecta|Coleoptera|Buprestidae|Themognatha|heros,heros,Animalia,Insecta,Coleoptera,Buprestidae,Themognatha,heros,Asynaptic,Asynaptic,Heterogametic,XY,22
Animalia|Insecta|Coleoptera|Buprestidae|Themognatha|mitchelli,mitchelli,Animalia,Insecta,Coleoptera,Buprestidae,Themognatha,mitchelli,Asynaptic,Asynaptic,Heterogametic,XY,22
Animalia|Insecta|Coleoptera|Buprestidae|Themognatha|mniszechi,mniszechi,Animalia,Insecta,Coleoptera,Buprestidae,Themognatha,mniszechi,Asynaptic,Asynaptic,Heterogametic,XY,22
Animalia|Insecta|Coleoptera|Buprestidae|Themognatha|nickerli,nickerli,Animalia,Insecta,Coleoptera,Buprestidae,Themognatha,nickerli,Asynaptic,Asynaptic,Heterogametic,XY,20
Animalia|Insecta|Coleoptera|Buprestidae|Themognatha|parvicollis,parvicollis,Animalia,Insecta,Coleoptera,Buprestidae,Themognatha,parvicollis,Asynaptic,Asynaptic,Heterogametic,XY,22
Animalia|Insecta|Coleoptera|Buprestidae|Themognatha|pubicollis,pubicollis,Animalia,Insecta,Coleoptera,Buprestidae,Themognatha,pubicollis,Asynaptic,Asynaptic,Heterogametic,XY,22
Animalia|Insecta|Coleoptera|Buprestidae|Themognatha|regia,regia,Animalia,Insecta,Coleoptera,Buprestidae,Themognatha,regia,Asynaptic,Asynaptic,Heterogametic,XY,22
Animalia|Insecta|Coleoptera|Buprestidae|Themognatha|tricolorata,tricolorata,Animalia,Insecta,Coleoptera,Buprestidae,Themognatha,tricolorata,Asynaptic,Asynaptic,Heterogametic,XY,22
Animalia|Insecta|Coleoptera|Buprestidae|Themognatha|variabilis,variabilis,Animalia,Insecta,Coleoptera,Buprestidae,Themognatha,variabilis,Asynaptic,Asynaptic,Heterogametic,XY,22
Animalia|Insecta|Coleoptera|Buprestidae|Themognatha|viridicincta,viridicincta,Animalia,Insecta,Coleoptera,Buprestidae,Themognatha,viridicincta,Asynaptic,Asynaptic,Heterogametic,XY,22
Animalia|Insecta|Coleoptera|Byrrhidae|Byrrhus|sp.,sp.,Animalia,Insecta,Coleoptera,Byrrhidae,Byrrhus,sp.,Asynaptic,Asynaptic,Heterogametic,XY,18
Animalia|Insecta|Coleoptera|Byrrhidae|Cytilus|alternatus,alternatus,Animalia,Insecta,Coleoptera,Byrrhidae,Cytilus,alternatus,Asynaptic,Asynaptic,Heterogametic,XY,18
Animalia|Insecta|Coleoptera|Cantharidae|Cantharis|fusca,fusca,Animalia,Insecta,Coleoptera,Cantharidae,Cantharis,fusca,Asynaptic,Asynaptic,Heterogametic,XY,20
Animalia|Insecta|Coleoptera|Cantharidae|Cantharis|sp.,sp.,Animalia,Insecta,Coleoptera,Cantharidae,Cantharis,sp.,Asynaptic,Asynaptic,Heterogametic,XY,20
Animalia|Insecta|Coleoptera|Cantharidae|Cantharis|tenuicollis,tenuicollis,Animalia,Insecta,Coleoptera,Cantharidae,Cantharis,tenuicollis,Asynaptic,Asynaptic,Heterogametic,XY,20
Animalia|Insecta|Coleoptera|Carabidae|Asaphidion|caraboides,caraboides,Animalia,Insecta,Coleoptera,Carabidae,Asaphidion,caraboides,NA,NA,NA,XY,24
Animalia|Insecta|Coleoptera|Carabidae|Asaphidion|cyanicorne,cyanicorne,Animalia,Insecta,Coleoptera,Carabidae,Asaphidion,cyanicorne,NA,NA,NA,XY,24
Animalia|Insecta|Coleoptera|Carabidae|Asaphidion|flavipes,flavipes,Animalia,Insecta,Coleoptera,Carabidae,Asaphidion,flavipes,NA,NA,NA,XY,24
Animalia|Insecta|Coleoptera|Carabidae|Bembidion|quadripustulatum,quadripustulatum,Animalia,Insecta,Coleoptera,Carabidae,Bembidion,quadripustulatum,NA,NA,NA,XY,24
Animalia|Insecta|Coleoptera|Carabidae|Calathus|ascendens,ascendens,Animalia,Insecta,Coleoptera,Carabidae,Calathus,ascendens,Asynaptic,Asynaptic,Heterogametic,NA,22
Animalia|Insecta|Coleoptera|Carabidae|Carabus|blaptoides,blaptoides,Animalia,Insecta,Coleoptera,Carabidae,Carabus,blaptoides,Asynaptic,Asynaptic,Heterogametic,XY,28
Animalia|Insecta|Coleoptera|Carabidae|Carabus|fruhstorferi,fruhstorferi,Animalia,Insecta,Coleoptera,Carabidae,Carabus,fruhstorferi,Asynaptic,Asynaptic,Heterogametic,XY,28
Animalia|Insecta|Coleoptera|Carabidae|Chlaenius|xanthospilus,xanthospilus,Animalia,Insecta,Coleoptera,Carabidae,Chlaenius,xanthospilus,Asynaptic,Asynaptic,Heterogametic,XY,36
Animalia|Insecta|Coleoptera|Carabidae|Cicindela|pimeria,pimeria,Animalia,Insecta,Coleoptera,Carabidae,Cicindela,pimeria,Asynaptic,Asynaptic,Heterogametic,NA,20
Animalia|Insecta|Coleoptera|Carabidae|Cicindela|tranquebarica,tranquebarica,Animalia,Insecta,Coleoptera,Carabidae,Cicindela,tranquebarica,Asynaptic,Asynaptic,Heterogametic,NA,22
Animalia|Insecta|Coleoptera|Carabidae|Egadroma|marginatum,marginatum,Animalia,Insecta,Coleoptera,Carabidae,Egadroma,marginatum,NA,NA,NA,XY,39
Animalia|Insecta|Coleoptera|Carabidae|Emphanes|minimus,minimus,Animalia,Insecta,Coleoptera,Carabidae,Emphanes,minimus,NA,NA,NA,XY,24
Animalia|Insecta|Coleoptera|Carabidae|Emphanes|rivularis,rivularis,Animalia,Insecta,Coleoptera,Carabidae,Emphanes,rivularis,NA,NA,NA,XY,24
Animalia|Insecta|Coleoptera|Carabidae|Emphanes|tenellum,tenellum,Animalia,Insecta,Coleoptera,Carabidae,Emphanes,tenellum,NA,NA,NA,XY,24
Animalia|Insecta|Coleoptera|Carabidae|Loxoncus|microgonus,microgonus,Animalia,Insecta,Coleoptera,Carabidae,Loxoncus,microgonus,Asynaptic,Asynaptic,Heterogametic,XY,38
Animalia|Insecta|Coleoptera|Carabidae|Metallina|ambiguum,ambiguum,Animalia,Insecta,Coleoptera,Carabidae,Metallina,ambiguum,NA,NA,NA,XY,24
Animalia|Insecta|Coleoptera|Carabidae|Metallina|lampros,lampros,Animalia,Insecta,Coleoptera,Carabidae,Metallina,lampros,NA,NA,NA,XY,23
Animalia|Insecta|Coleoptera|Carabidae|Metallina|properans,properans,Animalia,Insecta,Coleoptera,Carabidae,Metallina,properans,NA,NA,NA,XY,0
Animalia|Insecta|Coleoptera|Carabidae|Nepha|genei,genei,Animalia,Insecta,Coleoptera,Carabidae,Nepha,genei,NA,NA,NA,XY,24
Animalia|Insecta|Coleoptera|Carabidae|Nepha|grisvardi,grisvardi,Animalia,Insecta,Coleoptera,Carabidae,Nepha,grisvardi,NA,NA,NA,XY,24
Animalia|Insecta|Coleoptera|Carabidae|Nepha|ibericum,ibericum,Animalia,Insecta,Coleoptera,Carabidae,Nepha,ibericum,NA,NA,NA,XY,24
Animalia|Insecta|Coleoptera|Carabidae|Nepha|laterale,laterale,Animalia,Insecta,Coleoptera,Carabidae,Nepha,laterale,NA,NA,NA,XY,24
Animalia|Insecta|Coleoptera|Carabidae|Notaphus|ephippius,ephippius,Animalia,Insecta,Coleoptera,Carabidae,Notaphus,ephippius,NA,NA,NA,XY,0
Animalia|Insecta|Coleoptera|Carabidae|Notaphus|varius,varius,Animalia,Insecta,Coleoptera,Carabidae,Notaphus,varius,NA,NA,NA,XY,24
Animalia|Insecta|Coleoptera|Carabidae|Ocydromus|andreae,andreae,Animalia,Insecta,Coleoptera,Carabidae,Ocydromus,andreae,NA,NA,NA,XY,24
Animalia|Insecta|Coleoptera|Carabidae|Ocydromus|atrocoeruleus,atrocoeruleus,Animalia,Insecta,Coleoptera,Carabidae,Ocydromus,atrocoeruleus,NA,NA,NA,XY,24
Animalia|Insecta|Coleoptera|Carabidae|Ocydromus|coeruleus,coeruleus,Animalia,Insecta,Coleoptera,Carabidae,Ocydromus,coeruleus,NA,NA,NA,XY,24
Animalia|Insecta|Coleoptera|Carabidae|Ocydromus|decorus,decorus,Animalia,Insecta,Coleoptera,Carabidae,Ocydromus,decorus,NA,NA,NA,XY,24
Animalia|Insecta|Coleoptera|Carabidae|Ocydromus|dudichi,dudichi,Animalia,Insecta,Coleoptera,Carabidae,Ocydromus,dudichi,NA,NA,NA,XY,24
Animalia|Insecta|Coleoptera|Carabidae|Ocydromus|fasciolatus,fasciolatus,Animalia,Insecta,Coleoptera,Carabidae,Ocydromus,fasciolatus,NA,NA,NA,XY,24
Animalia|Insecta|Coleoptera|Carabidae|Ocydromus|femoratus,femoratus,Animalia,Insecta,Coleoptera,Carabidae,Ocydromus,femoratus,NA,NA,NA,XY,24
Animalia|Insecta|Coleoptera|Carabidae|Ocydromus|hispanicus,hispanicus,Animalia,Insecta,Coleoptera,Carabidae,Ocydromus,hispanicus,NA,NA,NA,XY,0
Animalia|Insecta|Coleoptera|Carabidae|Ocydromus|ripicola,ripicola,Animalia,Insecta,Coleoptera,Carabidae,Ocydromus,ripicola,NA,NA,NA,XY,23
Animalia|Insecta|Coleoptera|Carabidae|Ocydromus|stephensi,stephensi,Animalia,Insecta,Coleoptera,Carabidae,Ocydromus,stephensi,NA,NA,NA,XY,24
Animalia|Insecta|Coleoptera|Carabidae|Ocydromus|tibialis,tibialis,Animalia,Insecta,Coleoptera,Carabidae,Ocydromus,tibialis,NA,NA,NA,XY,24
Animalia|Insecta|Coleoptera|Carabidae|Ocydromus|ustulatus,ustulatus,Animalia,Insecta,Coleoptera,Carabidae,Ocydromus,ustulatus,NA,NA,NA,XY,24
Animalia|Insecta|Coleoptera|Carabidae|Odontium|striatum,striatum,Animalia,Insecta,Coleoptera,Carabidae,Odontium,striatum,NA,NA,NA,XY,24
Animalia|Insecta|Coleoptera|Carabidae|Omoperyphus|hypocrita,hypocrita,Animalia,Insecta,Coleoptera,Carabidae,Omoperyphus,hypocrita,NA,NA,NA,XY,24
Animalia|Insecta|Coleoptera|Carabidae|Perileptus|areolatus,areolatus,Animalia,Insecta,Coleoptera,Carabidae,Perileptus,areolatus,NA,NA,NA,XY,0
Animalia|Insecta|Coleoptera|Carabidae|Philochtus|biguttatus,biguttatus,Animalia,Insecta,Coleoptera,Carabidae,Philochtus,biguttatus,NA,NA,NA,XY,24
Animalia|Insecta|Coleoptera|Carabidae|Philochtus|guadarramense,guadarramense,Animalia,Insecta,Coleoptera,Carabidae,Philochtus,guadarramense,NA,NA,NA,XY,24
Animalia|Insecta|Coleoptera|Carabidae|Philochtus|guttula,guttula,Animalia,Insecta,Coleoptera,Carabidae,Philochtus,guttula,NA,NA,NA,XY,0
Animalia|Insecta|Coleoptera|Carabidae|Philochtus|iricolor,iricolor,Animalia,Insecta,Coleoptera,Carabidae,Philochtus,iricolor,NA,NA,NA,XY,24
Animalia|Insecta|Coleoptera|Carabidae|Philochtus|vicinus,vicinus,Animalia,Insecta,Coleoptera,Carabidae,Philochtus,vicinus,NA,NA,NA,XY,24
Animalia|Insecta|Coleoptera|Carabidae|Pogonus|chalceus,chalceus,Animalia,Insecta,Coleoptera,Carabidae,Pogonus,chalceus,NA,NA,NA,XY,22
Animalia|Insecta|Coleoptera|Carabidae|Princidium|bipunctatum,bipunctatum,Animalia,Insecta,Coleoptera,Carabidae,Princidium,bipunctatum,NA,NA,NA,XY,0
Animalia|Insecta|Coleoptera|Carabidae|Princidium|paulinoi,paulinoi,Animalia,Insecta,Coleoptera,Carabidae,Princidium,paulinoi,NA,NA,NA,XY,24
Animalia|Insecta|Coleoptera|Carabidae|Princidium|punctulatum,punctulatum,Animalia,Insecta,Coleoptera,Carabidae,Princidium,punctulatum,NA,NA,NA,XY,24
Animalia|Insecta|Coleoptera|Carabidae|Synechostictus|cribum,cribum,Animalia,Insecta,Coleoptera,Carabidae,Synechostictus,cribum,NA,NA,NA,XY,25
Animalia|Insecta|Coleoptera|Carabidae|Synechostictus|dahli,dahli,Animalia,Insecta,Coleoptera,Carabidae,Synechostictus,dahli,NA,NA,NA,XY,25
Animalia|Insecta|Coleoptera|Carabidae|Tachyura|parvula,parvula,Animalia,Insecta,Coleoptera,Carabidae,Tachyura,parvula,Achiasmatic,Achiasmatic,Heterogametic,XY,24
Animalia|Insecta|Coleoptera|Carabidae|Testediolum|carpentanum,carpentanum,Animalia,Insecta,Coleoptera,Carabidae,Testediolum,carpentanum,NA,NA,NA,XY,24
Animalia|Insecta|Coleoptera|Carabidae|Trechus|obtusus,obtusus,Animalia,Insecta,Coleoptera,Carabidae,Trechus,obtusus,NA,NA,NA,XY,23
Animalia|Insecta|Coleoptera|Carabidae|Trechus|quadristriatus,quadristriatus,Animalia,Insecta,Coleoptera,Carabidae,Trechus,quadristriatus,NA,NA,NA,XY,23
Animalia|Insecta|Coleoptera|Carabidae|Trepanes|articulatus,articulatus,Animalia,Insecta,Coleoptera,Carabidae,Trepanes,articulatus,NA,NA,NA,XY,24
Animalia|Insecta|Coleoptera|Carabidae|Trepanes|assimilis,assimilis,Animalia,Insecta,Coleoptera,Carabidae,Trepanes,assimilis,NA,NA,NA,XY,24
Animalia|Insecta|Coleoptera|Carabidae|Trepanes|doris,doris,Animalia,Insecta,Coleoptera,Carabidae,Trepanes,doris,NA,NA,NA,XY,0
Animalia|Insecta|Coleoptera|Carabidae|Trepanes|fumigatus,fumigatus,Animalia,Insecta,Coleoptera,Carabidae,Trepanes,fumigatus,NA,NA,NA,XY,0
Animalia|Insecta|Coleoptera|Carabidae|Trepanes|maeulatus,maeulatus,Animalia,Insecta,Coleoptera,Carabidae,Trepanes,maeulatus,NA,NA,NA,XY,24
Animalia|Insecta|Coleoptera|Carabidae|Trepanes|octomaculatus,octomaculatus,Animalia,Insecta,Coleoptera,Carabidae,Trepanes,octomaculatus,NA,NA,NA,XY,0
Animalia|Insecta|Coleoptera|Cerambycidae|Acanthocinus|aedilis,aedilis,Animalia,Insecta,Coleoptera,Cerambycidae,Acanthocinus,aedilis,Asynaptic,Asynaptic,Heterogametic,XY,22
Animalia|Insecta|Coleoptera|Cerambycidae|Acanthocinus|circumflexus,circumflexus,Animalia,Insecta,Coleoptera,Cerambycidae,Acanthocinus,circumflexus,Asynaptic,Asynaptic,Heterogametic,XY,26
Animalia|Insecta|Coleoptera|Cerambycidae|Acmaeops|proteus,proteus,Animalia,Insecta,Coleoptera,Cerambycidae,Acmaeops,proteus,Asynaptic,Asynaptic,Heterogametic,XY,22
Animalia|Insecta|Coleoptera|Cerambycidae|Aeloesthes|holosericea,holosericea,Animalia,Insecta,Coleoptera,Cerambycidae,Aeloesthes,holosericea,Asynaptic,Asynaptic,Heterogametic,XY,18
Animalia|Insecta|Coleoptera|Cerambycidae|Agapanthia|dahli,dahli,Animalia,Insecta,Coleoptera,Cerambycidae,Agapanthia,dahli,Asynaptic,Asynaptic,Heterogametic,XY,20
Animalia|Insecta|Coleoptera|Cerambycidae|Agapanthia|villosoviridescens,villosoviridescens,Animalia,Insecta,Coleoptera,Cerambycidae,Agapanthia,villosoviridescens,Asynaptic,Asynaptic,Heterogametic,XY,20
Animalia|Insecta|Coleoptera|Cerambycidae|Anaesthetis|testacea,testacea,Animalia,Insecta,Coleoptera,Cerambycidae,Anaesthetis,testacea,Asynaptic,Asynaptic,Heterogametic,XY,22
Animalia|Insecta|Coleoptera|Cerambycidae|Anaflus|protensus,protensus,Animalia,Insecta,Coleoptera,Cerambycidae,Anaflus,protensus,Asynaptic,Asynaptic,Heterogametic,XY,20
Animalia|Insecta|Coleoptera|Cerambycidae|Anisarthron|barbipes,barbipes,Animalia,Insecta,Coleoptera,Cerambycidae,Anisarthron,barbipes,Asynaptic,Asynaptic,Heterogametic,XY,20
Animalia|Insecta|Coleoptera|Cerambycidae|Anoplophora|glabripennis,glabripennis,Animalia,Insecta,Coleoptera,Cerambycidae,Anoplophora,glabripennis,Asynaptic,Asynaptic,Heterogametic,XY,20
Animalia|Insecta|Coleoptera|Cerambycidae|Anoplophora|malasiaca,malasiaca,Animalia,Insecta,Coleoptera,Cerambycidae,Anoplophora,malasiaca,Asynaptic,Asynaptic,Heterogametic,XY,30
Animalia|Insecta|Coleoptera|Cerambycidae|Apomecyna|neglecta,neglecta,Animalia,Insecta,Coleoptera,Cerambycidae,Apomecyna,neglecta,Asynaptic,Asynaptic,Heterogametic,XY,22
Animalia|Insecta|Coleoptera|Cerambycidae|Apriona|germari,germari,Animalia,Insecta,Coleoptera,Cerambycidae,Apriona,germari,Asynaptic,Asynaptic,Heterogametic,XY,20
Animalia|Insecta|Coleoptera|Cerambycidae|Asemum|striatum,striatum,Animalia,Insecta,Coleoptera,Cerambycidae,Asemum,striatum,Asynaptic,Asynaptic,Heterogametic,XY,20
Animalia|Insecta|Coleoptera|Cerambycidae|Batocera|lineolata,lineolata,Animalia,Insecta,Coleoptera,Cerambycidae,Batocera,lineolata,Asynaptic,Asynaptic,Heterogametic,XY,20
Animalia|Insecta|Coleoptera|Cerambycidae|Batocera|rubus,rubus,Animalia,Insecta,Coleoptera,Cerambycidae,Batocera,rubus,Asynaptic,Asynaptic,Heterogametic,XY,20
Animalia|Insecta|Coleoptera|Cerambycidae|Callipogon|armillatus,armillatus,Animalia,Insecta,Coleoptera,Cerambycidae,Callipogon,armillatus,Asynaptic,Asynaptic,Heterogametic,XY,26
Animalia|Insecta|Coleoptera|Cerambycidae|Cerambyx|scopolii,scopolii,Animalia,Insecta,Coleoptera,Cerambycidae,Cerambyx,scopolii,Asynaptic,Asynaptic,Heterogametic,XY,20
Animalia|Insecta|Coleoptera|Cerambycidae|Chlorophorus|annularis,annularis,Animalia,Insecta,Coleoptera,Cerambycidae,Chlorophorus,annularis,Asynaptic,Asynaptic,Heterogametic,XY,20
Animalia|Insecta|Coleoptera|Cerambycidae|Chlorophorus|figuratus,figuratus,Animalia,Insecta,Coleoptera,Cerambycidae,Chlorophorus,figuratus,Asynaptic,Asynaptic,Heterogametic,XY,20
Animalia|Insecta|Coleoptera|Cerambycidae|Clytus|arietis,arietis,Animalia,Insecta,Coleoptera,Cerambycidae,Clytus,arietis,Asynaptic,Asynaptic,Heterogametic,XY,20
Animalia|Insecta|Coleoptera|Cerambycidae|Clytus|lama,lama,Animalia,Insecta,Coleoptera,Cerambycidae,Clytus,lama,Asynaptic,Asynaptic,Heterogametic,XY,20
Animalia|Insecta|Coleoptera|Cerambycidae|Compsa|textilis,textilis,Animalia,Insecta,Coleoptera,Cerambycidae,Compsa,textilis,Asynaptic,Asynaptic,Heterogametic,XY,20
Animalia|Insecta|Coleoptera|Cerambycidae|Compsocerus|equestris,equestris,Animalia,Insecta,Coleoptera,Cerambycidae,Compsocerus,equestris,Asynaptic,Asynaptic,Heterogametic,XY,32
Animalia|Insecta|Coleoptera|Cerambycidae|Criocephalus|rusticus,rusticus,Animalia,Insecta,Coleoptera,Cerambycidae,Criocephalus,rusticus,Asynaptic,Asynaptic,Heterogametic,XY,20
Animalia|Insecta|Coleoptera|Cerambycidae|Derancistrus|thomae,thomae,Animalia,Insecta,Coleoptera,Cerambycidae,Derancistrus,thomae,Asynaptic,Asynaptic,Heterogametic,XY,28
Animalia|Insecta|Coleoptera|Cerambycidae|Dorcadion|atolicum,atolicum,Animalia,Insecta,Coleoptera,Cerambycidae,Dorcadion,atolicum,Asynaptic,Asynaptic,Heterogametic,XY,24
Animalia|Insecta|Coleoptera|Cerambycidae|Eburia|8-maculata,8-maculata,Animalia,Insecta,Coleoptera,Cerambycidae,Eburia,8-maculata,Asynaptic,Asynaptic,Heterogametic,XY,20
Animalia|Insecta|Coleoptera|Cerambycidae|Elaphidion|prob.,prob.,Animalia,Insecta,Coleoptera,Cerambycidae,Elaphidion,prob.,Asynaptic,Asynaptic,Heterogametic,XY,18
Animalia|Insecta|Coleoptera|Cerambycidae|Elaphidion|villosum,villosum,Animalia,Insecta,Coleoptera,Cerambycidae,Elaphidion,villosum,Asynaptic,Asynaptic,Heterogametic,XY,18
Animalia|Insecta|Coleoptera|Cerambycidae|Epiglenea|comes,comes,Animalia,Insecta,Coleoptera,Cerambycidae,Epiglenea,comes,Asynaptic,Asynaptic,Heterogametic,XY,20
Animalia|Insecta|Coleoptera|Cerambycidae|Eutrapha|16-punctata,16-punctata,Animalia,Insecta,Coleoptera,Cerambycidae,Eutrapha,16-punctata,Asynaptic,Asynaptic,Heterogametic,XY,20
Animalia|Insecta|Coleoptera|Cerambycidae|Exocentrus|adspersus,adspersus,Animalia,Insecta,Coleoptera,Cerambycidae,Exocentrus,adspersus,Asynaptic,Asynaptic,Heterogametic,XY,26
Animalia|Insecta|Coleoptera|Cerambycidae|Exocentrus|lusitanus,lusitanus,Animalia,Insecta,Coleoptera,Cerambycidae,Exocentrus,lusitanus,Asynaptic,Asynaptic,Heterogametic,XY,22
Animalia|Insecta|Coleoptera|Cerambycidae|Exocentrus|punctipennis,punctipennis,Animalia,Insecta,Coleoptera,Cerambycidae,Exocentrus,punctipennis,Asynaptic,Asynaptic,Heterogametic,XY,22
Animalia|Insecta|Coleoptera|Cerambycidae|Glenea|spilota,spilota,Animalia,Insecta,Coleoptera,Cerambycidae,Glenea,spilota,Asynaptic,Asynaptic,Heterogametic,XY,20
Animalia|Insecta|Coleoptera|Cerambycidae|Gonocallus|collaris,collaris,Animalia,Insecta,Coleoptera,Cerambycidae,Gonocallus,collaris,Asynaptic,Asynaptic,Heterogametic,XY,14
Animalia|Insecta|Coleoptera|Cerambycidae|Graphisurus|obsoletus,obsoletus,Animalia,Insecta,Coleoptera,Cerambycidae,Graphisurus,obsoletus,Asynaptic,Asynaptic,Heterogametic,XY,20
Animalia|Insecta|Coleoptera|Cerambycidae|Lagochirus|araeiformis,araeiformis,Animalia,Insecta,Coleoptera,Cerambycidae,Lagochirus,araeiformis,Asynaptic,Asynaptic,Heterogametic,XY,24
Animalia|Insecta|Coleoptera|Cerambycidae|Leptostylus|sp.,sp.,Animalia,Insecta,Coleoptera,Cerambycidae,Leptostylus,sp.,Asynaptic,Asynaptic,Heterogametic,XY,20
Animalia|Insecta|Coleoptera|Cerambycidae|Liopus|nebulosus,nebulosus,Animalia,Insecta,Coleoptera,Cerambycidae,Liopus,nebulosus,Asynaptic,Asynaptic,Heterogametic,XY,22
Animalia|Insecta|Coleoptera|Cerambycidae|Mesosa|nebulosa,nebulosa,Animalia,Insecta,Coleoptera,Cerambycidae,Mesosa,nebulosa,Asynaptic,Asynaptic,Heterogametic,XY,20
Animalia|Insecta|Coleoptera|Cerambycidae|Mesosa|senilis,senilis,Animalia,Insecta,Coleoptera,Cerambycidae,Mesosa,senilis,Asynaptic,Asynaptic,Heterogametic,XY,20
Animalia|Insecta|Coleoptera|Cerambycidae|Molorchus|umbellatarum,umbellatarum,Animalia,Insecta,Coleoptera,Cerambycidae,Molorchus,umbellatarum,Asynaptic,Asynaptic,Heterogametic,XY,20
Animalia|Insecta|Coleoptera|Cerambycidae|Monochamus|alternatus,alternatus,Animalia,Insecta,Coleoptera,Cerambycidae,Monochamus,alternatus,Asynaptic,Asynaptic,Heterogametic,XY,20
Animalia|Insecta|Coleoptera|Cerambycidae|Monochamus|galloprovinciallis,galloprovinciallis,Animalia,Insecta,Coleoptera,Cerambycidae,Monochamus,galloprovinciallis,Asynaptic,Asynaptic,Heterogametic,XY,22
Animalia|Insecta|Coleoptera|Cerambycidae|Monochamus|latus,latus,Animalia,Insecta,Coleoptera,Cerambycidae,Monochamus,latus,Asynaptic,Asynaptic,Heterogametic,NA,20
Animalia|Insecta|Coleoptera|Cerambycidae|Monochamus|marmorator,marmorator,Animalia,Insecta,Coleoptera,Cerambycidae,Monochamus,marmorator,Asynaptic,Asynaptic,Heterogametic,XY,20
Animalia|Insecta|Coleoptera|Cerambycidae|Monochamus|notatus,notatus,Animalia,Insecta,Coleoptera,Cerambycidae,Monochamus,notatus,Asynaptic,Asynaptic,Heterogametic,XY,20
Animalia|Insecta|Coleoptera|Cerambycidae|Monochamus|oregonensis,oregonensis,Animalia,Insecta,Coleoptera,Cerambycidae,Monochamus,oregonensis,Asynaptic,Asynaptic,Heterogametic,XY,22
Animalia|Insecta|Coleoptera|Cerambycidae|Monochamus|saltuarius,saltuarius,Animalia,Insecta,Coleoptera,Cerambycidae,Monochamus,saltuarius,Asynaptic,Asynaptic,Heterogametic,XY,20
Animalia|Insecta|Coleoptera|Cerambycidae|Monochamus|sartor,sartor,Animalia,Insecta,Coleoptera,Cerambycidae,Monochamus,sartor,Asynaptic,Asynaptic,Heterogametic,XY,24
Animalia|Insecta|Coleoptera|Cerambycidae|Monochamus|scutellatus,scutellatus,Animalia,Insecta,Coleoptera,Cerambycidae,Monochamus,scutellatus,Asynaptic,Asynaptic,Heterogametic,XY,20
Animalia|Insecta|Coleoptera|Cerambycidae|Monochamus|sutor,sutor,Animalia,Insecta,Coleoptera,Cerambycidae,Monochamus,sutor,Asynaptic,Asynaptic,Heterogametic,XY,20
Animalia|Insecta|Coleoptera|Cerambycidae|Morimus|orientalis,orientalis,Animalia,Insecta,Coleoptera,Cerambycidae,Morimus,orientalis,Asynaptic,Asynaptic,Heterogametic,XY,24
Animalia|Insecta|Coleoptera|Cerambycidae|Nusphera|madurensis,madurensis,Animalia,Insecta,Coleoptera,Cerambycidae,Nusphera,madurensis,Asynaptic,Asynaptic,Heterogametic,XY,22
Animalia|Insecta|Coleoptera|Cerambycidae|Oberea|affinis,affinis,Animalia,Insecta,Coleoptera,Cerambycidae,Oberea,affinis,Asynaptic,Asynaptic,Heterogametic,XY,20
Animalia|Insecta|Coleoptera|Cerambycidae|Oberea|mandari,mandari,Animalia,Insecta,Coleoptera,Cerambycidae,Oberea,mandari,Asynaptic,Asynaptic,Heterogametic,XY,20
Animalia|Insecta|Coleoptera|Cerambycidae|Oberea|oculata,oculata,Animalia,Insecta,Coleoptera,Cerambycidae,Oberea,oculata,Asynaptic,Asynaptic,Heterogametic,XY,20
Animalia|Insecta|Coleoptera|Cerambycidae|Oberea|sp.,sp.,Animalia,Insecta,Coleoptera,Cerambycidae,Oberea,sp.,Asynaptic,Asynaptic,Heterogametic,XY,20
Animalia|Insecta|Coleoptera|Cerambycidae|Oberea|tripunctata,tripunctata,Animalia,Insecta,Coleoptera,Cerambycidae,Oberea,tripunctata,Asynaptic,Asynaptic,Heterogametic,XY,20
Animalia|Insecta|Coleoptera|Cerambycidae|Olenecamptus|cretaceusmargitus,cretaceusmargitus,Animalia,Insecta,Coleoptera,Cerambycidae,Olenecamptus,cretaceusmargitus,Asynaptic,Asynaptic,Heterogametic,XY,20
Animalia|Insecta|Coleoptera|Cerambycidae|Olenecamptus|octopustulatus,octopustulatus,Animalia,Insecta,Coleoptera,Cerambycidae,Olenecamptus,octopustulatus,Asynaptic,Asynaptic,Heterogametic,XY,20
Animalia|Insecta|Coleoptera|Cerambycidae|Olenocamptus|bilobus,bilobus,Animalia,Insecta,Coleoptera,Cerambycidae,Olenocamptus,bilobus,Asynaptic,Asynaptic,Heterogametic,XY,18
Animalia|Insecta|Coleoptera|Cerambycidae|Olenocamptus|sp.,sp.,Animalia,Insecta,Coleoptera,Cerambycidae,Olenocamptus,sp.,Asynaptic,Asynaptic,Heterogametic,XY,18
Animalia|Insecta|Coleoptera|Cerambycidae|Phaea|sp.,sp.,Animalia,Insecta,Coleoptera,Cerambycidae,Phaea,sp.,Asynaptic,Asynaptic,Heterogametic,XY,20
Animalia|Insecta|Coleoptera|Cerambycidae|Phymatodes|maaki,maaki,Animalia,Insecta,Coleoptera,Cerambycidae,Phymatodes,maaki,Asynaptic,Asynaptic,Heterogametic,XY,20
Animalia|Insecta|Coleoptera|Cerambycidae|Phytoecia|coerulescens,coerulescens,Animalia,Insecta,Coleoptera,Cerambycidae,Phytoecia,coerulescens,Asynaptic,Asynaptic,Heterogametic,XY,20
Animalia|Insecta|Coleoptera|Cerambycidae|Phytoecia|nigricornis,nigricornis,Animalia,Insecta,Coleoptera,Cerambycidae,Phytoecia,nigricornis,Asynaptic,Asynaptic,Heterogametic,XY,20
Animalia|Insecta|Coleoptera|Cerambycidae|Plagionotus|arcuatus,arcuatus,Animalia,Insecta,Coleoptera,Cerambycidae,Plagionotus,arcuatus,Asynaptic,Asynaptic,Heterogametic,XY,20
Animalia|Insecta|Coleoptera|Cerambycidae|Pogonocherus|hispidulus,hispidulus,Animalia,Insecta,Coleoptera,Cerambycidae,Pogonocherus,hispidulus,Asynaptic,Asynaptic,Heterogametic,XY,20
Animalia|Insecta|Coleoptera|Cerambycidae|Pogonocherus|hispidus,hispidus,Animalia,Insecta,Coleoptera,Cerambycidae,Pogonocherus,hispidus,Asynaptic,Asynaptic,Heterogametic,XY,20
Animalia|Insecta|Coleoptera|Cerambycidae|Pogonocherus|penicellatus,penicellatus,Animalia,Insecta,Coleoptera,Cerambycidae,Pogonocherus,penicellatus,Asynaptic,Asynaptic,Heterogametic,XY,20
Animalia|Insecta|Coleoptera|Cerambycidae|Psenocerus|supernotatus,supernotatus,Animalia,Insecta,Coleoptera,Cerambycidae,Psenocerus,supernotatus,Asynaptic,Asynaptic,Heterogametic,XY,20
Animalia|Insecta|Coleoptera|Cerambycidae|Pterolophia|caudata,caudata,Animalia,Insecta,Coleoptera,Cerambycidae,Pterolophia,caudata,Asynaptic,Asynaptic,Heterogametic,XY,20
Animalia|Insecta|Coleoptera|Cerambycidae|Purpuricenus|indus,indus,Animalia,Insecta,Coleoptera,Cerambycidae,Purpuricenus,indus,Asynaptic,Asynaptic,Heterogametic,XY,28
Animalia|Insecta|Coleoptera|Cerambycidae|Rhagium|bifasciatum,bifasciatum,Animalia,Insecta,Coleoptera,Cerambycidae,Rhagium,bifasciatum,Asynaptic,Asynaptic,Heterogametic,XY,20
Animalia|Insecta|Coleoptera|Cerambycidae|Rhagium|inquiSitonar,inquiSitonar,Animalia,Insecta,Coleoptera,Cerambycidae,Rhagium,inquiSitonar,Asynaptic,Asynaptic,Heterogametic,XY,20
Animalia|Insecta|Coleoptera|Cerambycidae|Saperda|calcarata,calcarata,Animalia,Insecta,Coleoptera,Cerambycidae,Saperda,calcarata,Asynaptic,Asynaptic,Heterogametic,XY,20
Animalia|Insecta|Coleoptera|Cerambycidae|Saperda|moesta,moesta,Animalia,Insecta,Coleoptera,Cerambycidae,Saperda,moesta,Asynaptic,Asynaptic,Heterogametic,XY,20
Animalia|Insecta|Coleoptera|Cerambycidae|Saperda|perforata,perforata,Animalia,Insecta,Coleoptera,Cerambycidae,Saperda,perforata,Asynaptic,Asynaptic,Heterogametic,XY,20
Animalia|Insecta|Coleoptera|Cerambycidae|Saperda|populnea,populnea,Animalia,Insecta,Coleoptera,Cerambycidae,Saperda,populnea,Asynaptic,Asynaptic,Heterogametic,XY,20
Animalia|Insecta|Coleoptera|Cerambycidae|Saperda|scalaris,scalaris,Animalia,Insecta,Coleoptera,Cerambycidae,Saperda,scalaris,Asynaptic,Asynaptic,Heterogametic,XY,20
Animalia|Insecta|Coleoptera|Cerambycidae|Saphanus|piceus,piceus,Animalia,Insecta,Coleoptera,Cerambycidae,Saphanus,piceus,Asynaptic,Asynaptic,Heterogametic,XY,20
Animalia|Insecta|Coleoptera|Cerambycidae|Solenoptera|caliculata,caliculata,Animalia,Insecta,Coleoptera,Cerambycidae,Solenoptera,caliculata,Asynaptic,Asynaptic,Heterogametic,XY,26
Animalia|Insecta|Coleoptera|Cerambycidae|Solenoptera|maxillosum,maxillosum,Animalia,Insecta,Coleoptera,Cerambycidae,Solenoptera,maxillosum,Asynaptic,Asynaptic,Heterogametic,XY,26
Animalia|Insecta|Coleoptera|Cerambycidae|Solenoptera|quadrilineata,quadrilineata,Animalia,Insecta,Coleoptera,Cerambycidae,Solenoptera,quadrilineata,Asynaptic,Asynaptic,Heterogametic,XY,26
Animalia|Insecta|Coleoptera|Cerambycidae|Solenoptera|touroulti,touroulti,Animalia,Insecta,Coleoptera,Cerambycidae,Solenoptera,touroulti,Asynaptic,Asynaptic,Heterogametic,XY,26
Animalia|Insecta|Coleoptera|Cerambycidae|Spondylis|buprestoides,buprestoides,Animalia,Insecta,Coleoptera,Cerambycidae,Spondylis,buprestoides,Asynaptic,Asynaptic,Heterogametic,XY,30
Animalia|Insecta|Coleoptera|Cerambycidae|Steirastoma|brevis,brevis,Animalia,Insecta,Coleoptera,Cerambycidae,Steirastoma,brevis,Asynaptic,Asynaptic,Heterogametic,XY,28
Animalia|Insecta|Coleoptera|Cerambycidae|Stenodontes|spinibaris,spinibaris,Animalia,Insecta,Coleoptera,Cerambycidae,Stenodontes,spinibaris,Asynaptic,Asynaptic,Heterogametic,XY,26
Animalia|Insecta|Coleoptera|Cerambycidae|Stenostola|ferrea,ferrea,Animalia,Insecta,Coleoptera,Cerambycidae,Stenostola,ferrea,Asynaptic,Asynaptic,Heterogametic,XY,20
Animalia|Insecta|Coleoptera|Cerambycidae|Stenygra|histrio,histrio,Animalia,Insecta,Coleoptera,Cerambycidae,Stenygra,histrio,Asynaptic,Asynaptic,Heterogametic,XY,20
Animalia|Insecta|Coleoptera|Cerambycidae|Tetraopes|tetropthamus,tetropthamus,Animalia,Insecta,Coleoptera,Cerambycidae,Tetraopes,tetropthamus,Asynaptic,Asynaptic,Heterogametic,XY,20
Animalia|Insecta|Coleoptera|Cerambycidae|Tetropium|castaneum,castaneum,Animalia,Insecta,Coleoptera,Cerambycidae,Tetropium,castaneum,Asynaptic,Asynaptic,Heterogametic,XY,20
Animalia|Insecta|Coleoptera|Cerambycidae|Tetropium|fuscum,fuscum,Animalia,Insecta,Coleoptera,Cerambycidae,Tetropium,fuscum,Asynaptic,Asynaptic,Heterogametic,XY,22
Animalia|Insecta|Coleoptera|Cerambycidae|Tetropium|gabrieli,gabrieli,Animalia,Insecta,Coleoptera,Cerambycidae,Tetropium,gabrieli,Asynaptic,Asynaptic,Heterogametic,XY,24
Animalia|Insecta|Coleoptera|Cerambycidae|Tetrops|praeusta,praeusta,Animalia,Insecta,Coleoptera,Cerambycidae,Tetrops,praeusta,Asynaptic,Asynaptic,Heterogametic,XY,20
Animalia|Insecta|Coleoptera|Cerambycidae|Trachyderes|striatus,striatus,Animalia,Insecta,Coleoptera,Cerambycidae,Trachyderes,striatus,Asynaptic,Asynaptic,Heterogametic,XY,22
Animalia|Insecta|Coleoptera|Cerambycidae|Trachyderes|thoracicus,thoracicus,Animalia,Insecta,Coleoptera,Cerambycidae,Trachyderes,thoracicus,Asynaptic,Asynaptic,Heterogametic,XY,32
Animalia|Insecta|Coleoptera|Cerambycidae|Trichophorus|interrogationes,interrogationes,Animalia,Insecta,Coleoptera,Cerambycidae,Trichophorus,interrogationes,Asynaptic,Asynaptic,Heterogametic,XY,20
Animalia|Insecta|Coleoptera|Cerambycidae|Vesperus|xatari,xatari,Animalia,Insecta,Coleoptera,Cerambycidae,Vesperus,xatari,Asynaptic,Asynaptic,Heterogametic,NA,52
Animalia|Insecta|Coleoptera|Cerambycidae|Xylotrechus|smei,smei,Animalia,Insecta,Coleoptera,Cerambycidae,Xylotrechus,smei,Asynaptic,Asynaptic,Heterogametic,XY,20
Animalia|Insecta|Coleoptera|Chrysomelidae|Agathomerus|sellatus,sellatus,Animalia,Insecta,Coleoptera,Chrysomelidae,Agathomerus,sellatus,Asynaptic,Asynaptic,Heterogametic,XY,20
Animalia|Insecta|Coleoptera|Chrysomelidae|Agathomerus|subfasciatus,subfasciatus,Animalia,Insecta,Coleoptera,Chrysomelidae,Agathomerus,subfasciatus,Asynaptic,Asynaptic,Heterogametic,XY,20
Animalia|Insecta|Coleoptera|Chrysomelidae|Agathomerus|testaceus,testaceus,Animalia,Insecta,Coleoptera,Chrysomelidae,Agathomerus,testaceus,Asynaptic,Asynaptic,Heterogametic,XY,20
Animalia|Insecta|Coleoptera|Chrysomelidae|Agelastica|coerulea,coerulea,Animalia,Insecta,Coleoptera,Chrysomelidae,Agelastica,coerulea,Asynaptic,Asynaptic,Heterogametic,XY,24
Animalia|Insecta|Coleoptera|Chrysomelidae|Agroiconota|inedita,inedita,Animalia,Insecta,Coleoptera,Chrysomelidae,Agroiconota,inedita,Asynaptic,Asynaptic,Heterogametic,XY,40
Animalia|Insecta|Coleoptera|Chrysomelidae|Agroiconota|propinqua,propinqua,Animalia,Insecta,Coleoptera,Chrysomelidae,Agroiconota,propinqua,Asynaptic,Asynaptic,Heterogametic,XY,38
Animalia|Insecta|Coleoptera|Chrysomelidae|Alagoasa|acutangula,acutangula,Animalia,Insecta,Coleoptera,Chrysomelidae,Alagoasa,acutangula,Asynaptic,Asynaptic,Heterogametic,XY,22
Animalia|Insecta|Coleoptera|Chrysomelidae|Alagoasa|apicata,apicata,Animalia,Insecta,Coleoptera,Chrysomelidae,Alagoasa,apicata,Asynaptic,Asynaptic,Heterogametic,XY,22
Animalia|Insecta|Coleoptera|Chrysomelidae|Alagoasa|arcifera,arcifera,Animalia,Insecta,Coleoptera,Chrysomelidae,Alagoasa,arcifera,Asynaptic,Asynaptic,Heterogametic,XY,16
Animalia|Insecta|Coleoptera|Chrysomelidae|Alagoasa|bicolor,bicolor,Animalia,Insecta,Coleoptera,Chrysomelidae,Alagoasa,bicolor,Asynaptic,Asynaptic,Heterogametic,XY,22
Animalia|Insecta|Coleoptera|Chrysomelidae|Alagoasa|bipunctata,bipunctata,Animalia,Insecta,Coleoptera,Chrysomelidae,Alagoasa,bipunctata,Asynaptic,Asynaptic,Heterogametic,XY,22
Animalia|Insecta|Coleoptera|Chrysomelidae|Alagoasa|burmeisteri,burmeisteri,Animalia,Insecta,Coleoptera,Chrysomelidae,Alagoasa,burmeisteri,Asynaptic,Asynaptic,Heterogametic,XY,22
Animalia|Insecta|Coleoptera|Chrysomelidae|Alagoasa|ceracollis,ceracollis,Animalia,Insecta,Coleoptera,Chrysomelidae,Alagoasa,ceracollis,Asynaptic,Asynaptic,Heterogametic,XY,22
Animalia|Insecta|Coleoptera|Chrysomelidae|Alagoasa|decemguttata,decemguttata,Animalia,Insecta,Coleoptera,Chrysomelidae,Alagoasa,decemguttata,Asynaptic,Asynaptic,Heterogametic,XY,22
Animalia|Insecta|Coleoptera|Chrysomelidae|Alagoasa|dipus,dipus,Animalia,Insecta,Coleoptera,Chrysomelidae,Alagoasa,dipus,Asynaptic,Asynaptic,Heterogametic,XY,22
Animalia|Insecta|Coleoptera|Chrysomelidae|Alagoasa|dissepta,dissepta,Animalia,Insecta,Coleoptera,Chrysomelidae,Alagoasa,dissepta,Asynaptic,Asynaptic,Heterogametic,XY,22
Animalia|Insecta|Coleoptera|Chrysomelidae|Alagoasa|equestris,equestris,Animalia,Insecta,Coleoptera,Chrysomelidae,Alagoasa,equestris,Asynaptic,Asynaptic,Heterogametic,XY,12
Animalia|Insecta|Coleoptera|Chrysomelidae|Alagoasa|extrema,extrema,Animalia,Insecta,Coleoptera,Chrysomelidae,Alagoasa,extrema,Asynaptic,Asynaptic,Heterogametic,XY,22
Animalia|Insecta|Coleoptera|Chrysomelidae|Alagoasa|fasciaticollis,fasciaticollis,Animalia,Insecta,Coleoptera,Chrysomelidae,Alagoasa,fasciaticollis,Asynaptic,Asynaptic,Heterogametic,XY,22
Animalia|Insecta|Coleoptera|Chrysomelidae|Alagoasa|illustris,illustris,Animalia,Insecta,Coleoptera,Chrysomelidae,Alagoasa,illustris,Asynaptic,Asynaptic,Heterogametic,XY,22
Animalia|Insecta|Coleoptera|Chrysomelidae|Alagoasa|januaria,januaria,Animalia,Insecta,Coleoptera,Chrysomelidae,Alagoasa,januaria,Asynaptic,Asynaptic,Heterogametic,XY,22
Animalia|Insecta|Coleoptera|Chrysomelidae|Alagoasa|jufi,jufi,Animalia,Insecta,Coleoptera,Chrysomelidae,Alagoasa,jufi,Asynaptic,Asynaptic,Heterogametic,XY,22
Animalia|Insecta|Coleoptera|Chrysomelidae|Alagoasa|libenti,libenti,Animalia,Insecta,Coleoptera,Chrysomelidae,Alagoasa,libenti,Asynaptic,Asynaptic,Heterogametic,XY,22
Animalia|Insecta|Coleoptera|Chrysomelidae|Alagoasa|mella,mella,Animalia,Insecta,Coleoptera,Chrysomelidae,Alagoasa,mella,Asynaptic,Asynaptic,Heterogametic,XY,22
Animalia|Insecta|Coleoptera|Chrysomelidae|Alagoasa|posticalis,posticalis,Animalia,Insecta,Coleoptera,Chrysomelidae,Alagoasa,posticalis,Asynaptic,Asynaptic,Heterogametic,XY,22
Animalia|Insecta|Coleoptera|Chrysomelidae|Alagoasa|rotundicollis,rotundicollis,Animalia,Insecta,Coleoptera,Chrysomelidae,Alagoasa,rotundicollis,Asynaptic,Asynaptic,Heterogametic,XY,22
Animalia|Insecta|Coleoptera|Chrysomelidae|Alagoasa|sp.,sp.,Animalia,Insecta,Coleoptera,Chrysomelidae,Alagoasa,sp.,Asynaptic,Asynaptic,Heterogametic,XY,22
Animalia|Insecta|Coleoptera|Chrysomelidae|Alagoasa|trifasciata,trifasciata,Animalia,Insecta,Coleoptera,Chrysomelidae,Alagoasa,trifasciata,Asynaptic,Asynaptic,Heterogametic,XY,22
Animalia|Insecta|Coleoptera|Chrysomelidae|Alagosa|trifasciata vulgatissima,trifasciata vulgatissima,Animalia,Insecta,Coleoptera,Chrysomelidae,Alagosa,trifasciata vulgatissima,Achiasmatic,Achiasmatic,Heterogametic,NA,0
Animalia|Insecta|Coleoptera|Chrysomelidae|Altica|aenea,aenea,Animalia,Insecta,Coleoptera,Chrysomelidae,Altica,aenea,Asynaptic,Asynaptic,Heterogametic,XY,24
Animalia|Insecta|Coleoptera|Chrysomelidae|Altica|ambiens,ambiens,Animalia,Insecta,Coleoptera,Chrysomelidae,Altica,ambiens,Asynaptic,Asynaptic,Heterogametic,XY,24
Animalia|Insecta|Coleoptera|Chrysomelidae|Altica|amethysti,amethysti,Animalia,Insecta,Coleoptera,Chrysomelidae,Altica,amethysti,Asynaptic,Asynaptic,Heterogametic,XY,24
Animalia|Insecta|Coleoptera|Chrysomelidae|Altica|ampelophaga,ampelophaga,Animalia,Insecta,Coleoptera,Chrysomelidae,Altica,ampelophaga,Asynaptic,Asynaptic,Heterogametic,XY,24
Animalia|Insecta|Coleoptera|Chrysomelidae|Altica|brevicollis,brevicollis,Animalia,Insecta,Coleoptera,Chrysomelidae,Altica,brevicollis,Asynaptic,Asynaptic,Heterogametic,XY,24
Animalia|Insecta|Coleoptera|Chrysomelidae|Altica|carduorum,carduorum,Animalia,Insecta,Coleoptera,Chrysomelidae,Altica,carduorum,Asynaptic,Asynaptic,Heterogametic,XY,24
Animalia|Insecta|Coleoptera|Chrysomelidae|Altica|carita,carita,Animalia,Insecta,Coleoptera,Chrysomelidae,Altica,carita,Asynaptic,Asynaptic,Heterogametic,XY,24
Animalia|Insecta|Coleoptera|Chrysomelidae|Altica|chalybea,chalybea,Animalia,Insecta,Coleoptera,Chrysomelidae,Altica,chalybea,Asynaptic,Asynaptic,Heterogametic,XY,22
Animalia|Insecta|Coleoptera|Chrysomelidae|Altica|coerulea,coerulea,Animalia,Insecta,Coleoptera,Chrysomelidae,Altica,coerulea,Asynaptic,Asynaptic,Heterogametic,XY,22
Animalia|Insecta|Coleoptera|Chrysomelidae|Altica|coerulescens,coerulescens,Animalia,Insecta,Coleoptera,Chrysomelidae,Altica,coerulescens,Asynaptic,Asynaptic,Heterogametic,XY,24
Animalia|Insecta|Coleoptera|Chrysomelidae|Altica|corni,corni,Animalia,Insecta,Coleoptera,Chrysomelidae,Altica,corni,Asynaptic,Asynaptic,Heterogametic,XY,24
Animalia|Insecta|Coleoptera|Chrysomelidae|Altica|lythri,lythri,Animalia,Insecta,Coleoptera,Chrysomelidae,Altica,lythri,Asynaptic,Asynaptic,Heterogametic,XY,24
Animalia|Insecta|Coleoptera|Chrysomelidae|Altica|oleeracea,oleeracea,Animalia,Insecta,Coleoptera,Chrysomelidae,Altica,oleeracea,Asynaptic,Asynaptic,Heterogametic,XY,24
Animalia|Insecta|Coleoptera|Chrysomelidae|Altica|populi,populi,Animalia,Insecta,Coleoptera,Chrysomelidae,Altica,populi,Asynaptic,Asynaptic,Heterogametic,XY,24
Animalia|Insecta|Coleoptera|Chrysomelidae|Altica|rosae,rosae,Animalia,Insecta,Coleoptera,Chrysomelidae,Altica,rosae,Asynaptic,Asynaptic,Heterogametic,XY,24
Animalia|Insecta|Coleoptera|Chrysomelidae|Altica|sp.,sp.,Animalia,Insecta,Coleoptera,Chrysomelidae,Altica,sp.,Asynaptic,Asynaptic,Heterogametic,NA,22
Animalia|Insecta|Coleoptera|Chrysomelidae|Altica|subplicata,subplicata,Animalia,Insecta,Coleoptera,Chrysomelidae,Altica,subplicata,Asynaptic,Asynaptic,Heterogametic,XY,24
Animalia|Insecta|Coleoptera|Chrysomelidae|Altica|tamaricis,tamaricis,Animalia,Insecta,Coleoptera,Chrysomelidae,Altica,tamaricis,Asynaptic,Asynaptic,Heterogametic,XY,24
Animalia|Insecta|Coleoptera|Chrysomelidae|Altica|tincta?,tincta?,Animalia,Insecta,Coleoptera,Chrysomelidae,Altica,tincta?,Asynaptic,Asynaptic,Heterogametic,XY,24
Animalia|Insecta|Coleoptera|Chrysomelidae|Altica|ulmi,ulmi,Animalia,Insecta,Coleoptera,Chrysomelidae,Altica,ulmi,Asynaptic,Asynaptic,Heterogametic,XY,24
Animalia|Insecta|Coleoptera|Chrysomelidae|Ambrostoma|superbum,superbum,Animalia,Insecta,Coleoptera,Chrysomelidae,Ambrostoma,superbum,Asynaptic,Asynaptic,Heterogametic,XY,40
Animalia|Insecta|Coleoptera|Chrysomelidae|Aphthona|lamprocyanea,lamprocyanea,Animalia,Insecta,Coleoptera,Chrysomelidae,Aphthona,lamprocyanea,Asynaptic,Asynaptic,Heterogametic,XY,24
Animalia|Insecta|Coleoptera|Chrysomelidae|Apophylia|sericea,sericea,Animalia,Insecta,Coleoptera,Chrysomelidae,Apophylia,sericea,Asynaptic,Asynaptic,Heterogametic,XY,30
Animalia|Insecta|Coleoptera|Chrysomelidae|Araucanomela|wellingtonensis,wellingtonensis,Animalia,Insecta,Coleoptera,Chrysomelidae,Araucanomela,wellingtonensis,Asynaptic,Asynaptic,Heterogametic,XY,28
Animalia|Insecta|Coleoptera|Chrysomelidae|Asphaera|abdomilis,abdomilis,Animalia,Insecta,Coleoptera,Chrysomelidae,Asphaera,abdomilis,Asynaptic,Asynaptic,Heterogametic,XY,22
Animalia|Insecta|Coleoptera|Chrysomelidae|Asphaera|meticulosa,meticulosa,Animalia,Insecta,Coleoptera,Chrysomelidae,Asphaera,meticulosa,Asynaptic,Asynaptic,Heterogametic,XY,22
Animalia|Insecta|Coleoptera|Chrysomelidae|Asphaera|octopunctata,octopunctata,Animalia,Insecta,Coleoptera,Chrysomelidae,Asphaera,octopunctata,Asynaptic,Asynaptic,Heterogametic,XY,18
Animalia|Insecta|Coleoptera|Chrysomelidae|Asphaera|pauperata,pauperata,Animalia,Insecta,Coleoptera,Chrysomelidae,Asphaera,pauperata,Asynaptic,Asynaptic,Heterogametic,XY,18
Animalia|Insecta|Coleoptera|Chrysomelidae|Asphaera|unicolor,unicolor,Animalia,Insecta,Coleoptera,Chrysomelidae,Asphaera,unicolor,Asynaptic,Asynaptic,Heterogametic,XY,22
Animalia|Insecta|Coleoptera|Chrysomelidae|Aspidimorpha|difformis,difformis,Animalia,Insecta,Coleoptera,Chrysomelidae,Aspidimorpha,difformis,Asynaptic,Asynaptic,Heterogametic,XY,18
Animalia|Insecta|Coleoptera|Chrysomelidae|Aspidimorpha|dorsata,dorsata,Animalia,Insecta,Coleoptera,Chrysomelidae,Aspidimorpha,dorsata,Asynaptic,Asynaptic,Heterogametic,XY,16
Animalia|Insecta|Coleoptera|Chrysomelidae|Aspidimorpha|furcata,furcata,Animalia,Insecta,Coleoptera,Chrysomelidae,Aspidimorpha,furcata,Asynaptic,Asynaptic,Heterogametic,XY,18
Animalia|Insecta|Coleoptera|Chrysomelidae|Aspidimorpha|indica,indica,Animalia,Insecta,Coleoptera,Chrysomelidae,Aspidimorpha,indica,Asynaptic,Asynaptic,Heterogametic,XY,18
Animalia|Insecta|Coleoptera|Chrysomelidae|Aspidimorpha|miliaris,miliaris,Animalia,Insecta,Coleoptera,Chrysomelidae,Aspidimorpha,miliaris,Asynaptic,Asynaptic,Heterogametic,XY,18
Animalia|Insecta|Coleoptera|Chrysomelidae|Aulacophora|fovecollis,fovecollis,Animalia,Insecta,Coleoptera,Chrysomelidae,Aulacophora,fovecollis,Asynaptic,Asynaptic,Heterogametic,XY,30
Animalia|Insecta|Coleoptera|Chrysomelidae|Baliosus|californicus,californicus,Animalia,Insecta,Coleoptera,Chrysomelidae,Baliosus,californicus,Asynaptic,Asynaptic,Heterogametic,XY,18
Animalia|Insecta|Coleoptera|Chrysomelidae|Basilepta|balyi,balyi,Animalia,Insecta,Coleoptera,Chrysomelidae,Basilepta,balyi,Asynaptic,Asynaptic,Heterogametic,XY,28
Animalia|Insecta|Coleoptera|Chrysomelidae|Basilepta|fuvipes,fuvipes,Animalia,Insecta,Coleoptera,Chrysomelidae,Basilepta,fuvipes,Asynaptic,Asynaptic,Heterogametic,XY,28
Animalia|Insecta|Coleoptera|Chrysomelidae|Basilepta|obliteratum,obliteratum,Animalia,Insecta,Coleoptera,Chrysomelidae,Basilepta,obliteratum,Asynaptic,Asynaptic,Heterogametic,XY,24
Animalia|Insecta|Coleoptera|Chrysomelidae|Basiprionota|decemmaculata,decemmaculata,Animalia,Insecta,Coleoptera,Chrysomelidae,Basiprionota,decemmaculata,Asynaptic,Asynaptic,Heterogametic,XY,18
Animalia|Insecta|Coleoptera|Chrysomelidae|Blaptea|elguetai,elguetai,Animalia,Insecta,Coleoptera,Chrysomelidae,Blaptea,elguetai,Asynaptic,Asynaptic,Heterogametic,XY,28
Animalia|Insecta|Coleoptera|Chrysomelidae|Blepharida|rhois,rhois,Animalia,Insecta,Coleoptera,Chrysomelidae,Blepharida,rhois,Asynaptic,Asynaptic,Heterogametic,XY,32
Animalia|Insecta|Coleoptera|Chrysomelidae|Botanochara|boriensis,boriensis,Animalia,Insecta,Coleoptera,Chrysomelidae,Botanochara,boriensis,Asynaptic,Asynaptic,Heterogametic,NA,40
Animalia|Insecta|Coleoptera|Chrysomelidae|Botanochara|tesselata,tesselata,Animalia,Insecta,Coleoptera,Chrysomelidae,Botanochara,tesselata,Asynaptic,Asynaptic,Heterogametic,XY,36
Animalia|Insecta|Coleoptera|Chrysomelidae|Bromius|obscurus,obscurus,Animalia,Insecta,Coleoptera,Chrysomelidae,Bromius,obscurus,Asynaptic,Asynaptic,Heterogametic,XY,16
Animalia|Insecta|Coleoptera|Chrysomelidae|Bruchidius|albizziae,albizziae,Animalia,Insecta,Coleoptera,Chrysomelidae,Bruchidius,albizziae,Asynaptic,Asynaptic,Heterogametic,XY,22
Animalia|Insecta|Coleoptera|Chrysomelidae|Bruchidius|aureus,aureus,Animalia,Insecta,Coleoptera,Chrysomelidae,Bruchidius,aureus,Asynaptic,Asynaptic,Heterogametic,XY,20
Animalia|Insecta|Coleoptera|Chrysomelidae|Bruchidius|dimorphous,dimorphous,Animalia,Insecta,Coleoptera,Chrysomelidae,Bruchidius,dimorphous,Asynaptic,Asynaptic,Heterogametic,XY,20
Animalia|Insecta|Coleoptera|Chrysomelidae|Bruchidius|mimosae,mimosae,Animalia,Insecta,Coleoptera,Chrysomelidae,Bruchidius,mimosae,Asynaptic,Asynaptic,Heterogametic,XY,22
Animalia|Insecta|Coleoptera|Chrysomelidae|Bruchidius|multilineolatus,multilineolatus,Animalia,Insecta,Coleoptera,Chrysomelidae,Bruchidius,multilineolatus,Asynaptic,Asynaptic,Heterogametic,XY,20
Animalia|Insecta|Coleoptera|Chrysomelidae|Bruchidius|saundersi,saundersi,Animalia,Insecta,Coleoptera,Chrysomelidae,Bruchidius,saundersi,Asynaptic,Asynaptic,Heterogametic,XY,20
Animalia|Insecta|Coleoptera|Chrysomelidae|Bruchidius|sp.,sp.,Animalia,Insecta,Coleoptera,Chrysomelidae,Bruchidius,sp.,Asynaptic,Asynaptic,Heterogametic,XY,22
Animalia|Insecta|Coleoptera|Chrysomelidae|Bruchidius|urbanus,urbanus,Animalia,Insecta,Coleoptera,Chrysomelidae,Bruchidius,urbanus,Asynaptic,Asynaptic,Heterogametic,XY,20
Animalia|Insecta|Coleoptera|Chrysomelidae|Bruchus|pisorum,pisorum,Animalia,Insecta,Coleoptera,Chrysomelidae,Bruchus,pisorum,Asynaptic,Asynaptic,Heterogametic,XY,20
Animalia|Insecta|Coleoptera|Chrysomelidae|Calligrapha|multipunctata,multipunctata,Animalia,Insecta,Coleoptera,Chrysomelidae,Calligrapha,multipunctata,Asynaptic,Asynaptic,Heterogametic,XY,24
Animalia|Insecta|Coleoptera|Chrysomelidae|Calligrapha|polyspila,polyspila,Animalia,Insecta,Coleoptera,Chrysomelidae,Calligrapha,polyspila,Asynaptic,Asynaptic,Heterogametic,XY,24
Animalia|Insecta|Coleoptera|Chrysomelidae|Callosobruchus|alis,alis,Animalia,Insecta,Coleoptera,Chrysomelidae,Callosobruchus,alis,Asynaptic,Asynaptic,Heterogametic,XY,20
Animalia|Insecta|Coleoptera|Chrysomelidae|Callosobruchus|chinensis,chinensis,Animalia,Insecta,Coleoptera,Chrysomelidae,Callosobruchus,chinensis,Asynaptic,Asynaptic,Heterogametic,XY,20
Animalia|Insecta|Coleoptera|Chrysomelidae|Callosobruchus|maculatus,maculatus,Animalia,Insecta,Coleoptera,Chrysomelidae,Callosobruchus,maculatus,Asynaptic,Asynaptic,Heterogametic,XY,20
Animalia|Insecta|Coleoptera|Chrysomelidae|Capraita|egleri,egleri,Animalia,Insecta,Coleoptera,Chrysomelidae,Capraita,egleri,Asynaptic,Asynaptic,Heterogametic,XY,22
Animalia|Insecta|Coleoptera|Chrysomelidae|Capraita|sp.,sp.,Animalia,Insecta,Coleoptera,Chrysomelidae,Capraita,sp.,Asynaptic,Asynaptic,Heterogametic,XY,22
Animalia|Insecta|Coleoptera|Chrysomelidae|Capraita|strichocephala,strichocephala,Animalia,Insecta,Coleoptera,Chrysomelidae,Capraita,strichocephala,Asynaptic,Asynaptic,Heterogametic,XY,22
Animalia|Insecta|Coleoptera|Chrysomelidae|Capraita|trinidadensis,trinidadensis,Animalia,Insecta,Coleoptera,Chrysomelidae,Capraita,trinidadensis,Asynaptic,Asynaptic,Heterogametic,XY,22
Animalia|Insecta|Coleoptera|Chrysomelidae|Caryedon|acaciae,acaciae,Animalia,Insecta,Coleoptera,Chrysomelidae,Caryedon,acaciae,Asynaptic,Asynaptic,Heterogametic,XY,18
Animalia|Insecta|Coleoptera|Chrysomelidae|Caryedon|gogra,gogra,Animalia,Insecta,Coleoptera,Chrysomelidae,Caryedon,gogra,Asynaptic,Asynaptic,Heterogametic,XY,18
Animalia|Insecta|Coleoptera|Chrysomelidae|Caryedon|lineatonota,lineatonota,Animalia,Insecta,Coleoptera,Chrysomelidae,Caryedon,lineatonota,Asynaptic,Asynaptic,Heterogametic,XY,20
Animalia|Insecta|Coleoptera|Chrysomelidae|Caryedon|longus,longus,Animalia,Insecta,Coleoptera,Chrysomelidae,Caryedon,longus,Asynaptic,Asynaptic,Heterogametic,XY,18
Animalia|Insecta|Coleoptera|Chrysomelidae|Caryedon|opacus,opacus,Animalia,Insecta,Coleoptera,Chrysomelidae,Caryedon,opacus,Asynaptic,Asynaptic,Heterogametic,XY,18
Animalia|Insecta|Coleoptera|Chrysomelidae|Caryedon|prosopius,prosopius,Animalia,Insecta,Coleoptera,Chrysomelidae,Caryedon,prosopius,Asynaptic,Asynaptic,Heterogametic,XY,18
Animalia|Insecta|Coleoptera|Chrysomelidae|Caryedon|serratus,serratus,Animalia,Insecta,Coleoptera,Chrysomelidae,Caryedon,serratus,Asynaptic,Asynaptic,Heterogametic,XY,18
Animalia|Insecta|Coleoptera|Chrysomelidae|Caryedon|sp.,sp.,Animalia,Insecta,Coleoptera,Chrysomelidae,Caryedon,sp.,Asynaptic,Asynaptic,Heterogametic,XY,20
Animalia|Insecta|Coleoptera|Chrysomelidae|Cassida|azurea,azurea,Animalia,Insecta,Coleoptera,Chrysomelidae,Cassida,azurea,Asynaptic,Asynaptic,Heterogametic,XY,18
Animalia|Insecta|Coleoptera|Chrysomelidae|Cassida|bergeali,bergeali,Animalia,Insecta,Coleoptera,Chrysomelidae,Cassida,bergeali,Asynaptic,Asynaptic,Heterogametic,XY,18
Animalia|Insecta|Coleoptera|Chrysomelidae|Cassida|circumdata,circumdata,Animalia,Insecta,Coleoptera,Chrysomelidae,Cassida,circumdata,Asynaptic,Asynaptic,Heterogametic,XY,18
Animalia|Insecta|Coleoptera|Chrysomelidae|Cassida|deflorata,deflorata,Animalia,Insecta,Coleoptera,Chrysomelidae,Cassida,deflorata,Asynaptic,Asynaptic,Heterogametic,XY,18
Animalia|Insecta|Coleoptera|Chrysomelidae|Cassida|enervis,enervis,Animalia,Insecta,Coleoptera,Chrysomelidae,Cassida,enervis,Asynaptic,Asynaptic,Heterogametic,XY,18
Animalia|Insecta|Coleoptera|Chrysomelidae|Cassida|flaveola,flaveola,Animalia,Insecta,Coleoptera,Chrysomelidae,Cassida,flaveola,Asynaptic,Asynaptic,Heterogametic,XY,18
Animalia|Insecta|Coleoptera|Chrysomelidae|Cassida|fuscorufa,fuscorufa,Animalia,Insecta,Coleoptera,Chrysomelidae,Cassida,fuscorufa,Asynaptic,Asynaptic,Heterogametic,XY,18
Animalia|Insecta|Coleoptera|Chrysomelidae|Cassida|hemisphaerica,hemisphaerica,Animalia,Insecta,Coleoptera,Chrysomelidae,Cassida,hemisphaerica,Asynaptic,Asynaptic,Heterogametic,XY,20
Animalia|Insecta|Coleoptera|Chrysomelidae|Cassida|hexastigma,hexastigma,Animalia,Insecta,Coleoptera,Chrysomelidae,Cassida,hexastigma,Asynaptic,Asynaptic,Heterogametic,XY,18
Animalia|Insecta|Coleoptera|Chrysomelidae|Cassida|inquita,inquita,Animalia,Insecta,Coleoptera,Chrysomelidae,Cassida,inquita,Asynaptic,Asynaptic,Heterogametic,XY,18
Animalia|Insecta|Coleoptera|Chrysomelidae|Cassida|leucanthemi,leucanthemi,Animalia,Insecta,Coleoptera,Chrysomelidae,Cassida,leucanthemi,Asynaptic,Asynaptic,Heterogametic,XY,18
Animalia|Insecta|Coleoptera|Chrysomelidae|Cassida|margaritacea,margaritacea,Animalia,Insecta,Coleoptera,Chrysomelidae,Cassida,margaritacea,Asynaptic,Asynaptic,Heterogametic,XY,30
Animalia|Insecta|Coleoptera|Chrysomelidae|Cassida|nebulosa,nebulosa,Animalia,Insecta,Coleoptera,Chrysomelidae,Cassida,nebulosa,Asynaptic,Asynaptic,Heterogametic,XY,18
Animalia|Insecta|Coleoptera|Chrysomelidae|Cassida|pannonica,pannonica,Animalia,Insecta,Coleoptera,Chrysomelidae,Cassida,pannonica,Asynaptic,Asynaptic,Heterogametic,XY,20
Animalia|Insecta|Coleoptera|Chrysomelidae|Cassida|panzeri,panzeri,Animalia,Insecta,Coleoptera,Chrysomelidae,Cassida,panzeri,Asynaptic,Asynaptic,Heterogametic,XY,18
Animalia|Insecta|Coleoptera|Chrysomelidae|Cassida|prasi,prasi,Animalia,Insecta,Coleoptera,Chrysomelidae,Cassida,prasi,Asynaptic,Asynaptic,Heterogametic,XY,18
Animalia|Insecta|Coleoptera|Chrysomelidae|Cassida|pusilla,pusilla,Animalia,Insecta,Coleoptera,Chrysomelidae,Cassida,pusilla,Asynaptic,Asynaptic,Heterogametic,XY,18
Animalia|Insecta|Coleoptera|Chrysomelidae|Cassida|rubiginosa,rubiginosa,Animalia,Insecta,Coleoptera,Chrysomelidae,Cassida,rubiginosa,Asynaptic,Asynaptic,Heterogametic,XY,18
Animalia|Insecta|Coleoptera|Chrysomelidae|Cassida|rufovirens,rufovirens,Animalia,Insecta,Coleoptera,Chrysomelidae,Cassida,rufovirens,Asynaptic,Asynaptic,Heterogametic,XY,18
Animalia|Insecta|Coleoptera|Chrysomelidae|Cassida|sanguinolenta,sanguinolenta,Animalia,Insecta,Coleoptera,Chrysomelidae,Cassida,sanguinolenta,Asynaptic,Asynaptic,Heterogametic,XY,18
Animalia|Insecta|Coleoptera|Chrysomelidae|Cassida|sanguinosa,sanguinosa,Animalia,Insecta,Coleoptera,Chrysomelidae,Cassida,sanguinosa,Asynaptic,Asynaptic,Heterogametic,XY,18
Animalia|Insecta|Coleoptera|Chrysomelidae|Cassida|sp.,sp.,Animalia,Insecta,Coleoptera,Chrysomelidae,Cassida,sp.,Asynaptic,Asynaptic,Heterogametic,XY,20
Animalia|Insecta|Coleoptera|Chrysomelidae|Cassida|subreticulata,subreticulata,Animalia,Insecta,Coleoptera,Chrysomelidae,Cassida,subreticulata,Asynaptic,Asynaptic,Heterogametic,XY,30
Animalia|Insecta|Coleoptera|Chrysomelidae|Cassida|varians,varians,Animalia,Insecta,Coleoptera,Chrysomelidae,Cassida,varians,Asynaptic,Asynaptic,Heterogametic,XY,18
Animalia|Insecta|Coleoptera|Chrysomelidae|Cassida|vibex,vibex,Animalia,Insecta,Coleoptera,Chrysomelidae,Cassida,vibex,Asynaptic,Asynaptic,Heterogametic,XY,18
Animalia|Insecta|Coleoptera|Chrysomelidae|Cassida|virdis,virdis,Animalia,Insecta,Coleoptera,Chrysomelidae,Cassida,virdis,Asynaptic,Asynaptic,Heterogametic,XY,30
Animalia|Insecta|Coleoptera|Chrysomelidae|Cassida|vittata,vittata,Animalia,Insecta,Coleoptera,Chrysomelidae,Cassida,vittata,Asynaptic,Asynaptic,Heterogametic,XY,20
Animalia|Insecta|Coleoptera|Chrysomelidae|Chaetocnema|chloropha,chloropha,Animalia,Insecta,Coleoptera,Chrysomelidae,Chaetocnema,chloropha,Asynaptic,Asynaptic,Heterogametic,XY,20
Animalia|Insecta|Coleoptera|Chrysomelidae|Chaetocnema|conducta,conducta,Animalia,Insecta,Coleoptera,Chrysomelidae,Chaetocnema,conducta,Asynaptic,Asynaptic,Heterogametic,XY,22
Animalia|Insecta|Coleoptera|Chrysomelidae|Chaetocnema|depressa,depressa,Animalia,Insecta,Coleoptera,Chrysomelidae,Chaetocnema,depressa,Asynaptic,Asynaptic,Heterogametic,XY,26
Animalia|Insecta|Coleoptera|Chrysomelidae|Chaetocnema|major,major,Animalia,Insecta,Coleoptera,Chrysomelidae,Chaetocnema,major,Asynaptic,Asynaptic,Heterogametic,XY,22
Animalia|Insecta|Coleoptera|Chrysomelidae|Chaetocnema|tibialis,tibialis,Animalia,Insecta,Coleoptera,Chrysomelidae,Chaetocnema,tibialis,Asynaptic,Asynaptic,Heterogametic,XY,22
Animalia|Insecta|Coleoptera|Chrysomelidae|Chalcophana|cincta,cincta,Animalia,Insecta,Coleoptera,Chrysomelidae,Chalcophana,cincta,Asynaptic,Asynaptic,Heterogametic,XY,26
Animalia|Insecta|Coleoptera|Chrysomelidae|Chalcophana|verecunda,verecunda,Animalia,Insecta,Coleoptera,Chrysomelidae,Chalcophana,verecunda,Asynaptic,Asynaptic,Heterogametic,XY,26
Animalia|Insecta|Coleoptera|Chrysomelidae|Chalepus|dorsalis,dorsalis,Animalia,Insecta,Coleoptera,Chrysomelidae,Chalepus,dorsalis,Asynaptic,Asynaptic,Heterogametic,XY,16
Animalia|Insecta|Coleoptera|Chrysomelidae|Chalepus|inequalis,inequalis,Animalia,Insecta,Coleoptera,Chrysomelidae,Chalepus,inequalis,Asynaptic,Asynaptic,Heterogametic,XY,18
Animalia|Insecta|Coleoptera|Chrysomelidae|Chalepus|sanguinicollis,sanguinicollis,Animalia,Insecta,Coleoptera,Chrysomelidae,Chalepus,sanguinicollis,Asynaptic,Asynaptic,Heterogametic,XY,18
Animalia|Insecta|Coleoptera|Chrysomelidae|Chalepus|sp.,sp.,Animalia,Insecta,Coleoptera,Chrysomelidae,Chalepus,sp.,Asynaptic,Asynaptic,Heterogametic,XY,18
Animalia|Insecta|Coleoptera|Chrysomelidae|Charidotella|immaculata,immaculata,Animalia,Insecta,Coleoptera,Chrysomelidae,Charidotella,immaculata,Asynaptic,Asynaptic,Heterogametic,XY,22
Animalia|Insecta|Coleoptera|Chrysomelidae|Charidotella|quadrisigta,quadrisigta,Animalia,Insecta,Coleoptera,Chrysomelidae,Charidotella,quadrisigta,Asynaptic,Asynaptic,Heterogametic,XY,24
Animalia|Insecta|Coleoptera|Chrysomelidae|Charidotella|sexpunctata,sexpunctata,Animalia,Insecta,Coleoptera,Chrysomelidae,Charidotella,sexpunctata,Asynaptic,Asynaptic,Heterogametic,XY,22
Animalia|Insecta|Coleoptera|Chrysomelidae|Chelymorpha|cassidea,cassidea,Animalia,Insecta,Coleoptera,Chrysomelidae,Chelymorpha,cassidea,Asynaptic,Asynaptic,Heterogametic,XY,22
Animalia|Insecta|Coleoptera|Chrysomelidae|Chelymorpha|cribaria,cribaria,Animalia,Insecta,Coleoptera,Chrysomelidae,Chelymorpha,cribaria,Asynaptic,Asynaptic,Heterogametic,XY,22
Animalia|Insecta|Coleoptera|Chrysomelidae|Chelymorpha|cribraria,cribraria,Animalia,Insecta,Coleoptera,Chrysomelidae,Chelymorpha,cribraria,Asynaptic,Asynaptic,Heterogametic,XY,22
Animalia|Insecta|Coleoptera|Chrysomelidae|Chelymorpha|indigesta,indigesta,Animalia,Insecta,Coleoptera,Chrysomelidae,Chelymorpha,indigesta,Asynaptic,Asynaptic,Heterogametic,XY,22
Animalia|Insecta|Coleoptera|Chrysomelidae|Chelymorpha|nigricollis,nigricollis,Animalia,Insecta,Coleoptera,Chrysomelidae,Chelymorpha,nigricollis,Asynaptic,Asynaptic,Heterogametic,XY,22
Animalia|Insecta|Coleoptera|Chrysomelidae|Chelymorpha|varians,varians,Animalia,Insecta,Coleoptera,Chrysomelidae,Chelymorpha,varians,Asynaptic,Asynaptic,Heterogametic,XY,22
Animalia|Insecta|Coleoptera|Chrysomelidae|Chirida|sp.,sp.,Animalia,Insecta,Coleoptera,Chrysomelidae,Chirida,sp.,Asynaptic,Asynaptic,Heterogametic,XY,36
Animalia|Insecta|Coleoptera|Chrysomelidae|Chiridopsis|bupunctata,bupunctata,Animalia,Insecta,Coleoptera,Chrysomelidae,Chiridopsis,bupunctata,Asynaptic,Asynaptic,Heterogametic,XY,18
Animalia|Insecta|Coleoptera|Chrysomelidae|Chlamydocassis|cribripennis,cribripennis,Animalia,Insecta,Coleoptera,Chrysomelidae,Chlamydocassis,cribripennis,Asynaptic,Asynaptic,Heterogametic,XY,32
Animalia|Insecta|Coleoptera|Chrysomelidae|Chlamydocassis|metallica,metallica,Animalia,Insecta,Coleoptera,Chrysomelidae,Chlamydocassis,metallica,Asynaptic,Asynaptic,Heterogametic,XY,32
Animalia|Insecta|Coleoptera|Chrysomelidae|Chrysochus|asclepiadeus,asclepiadeus,Animalia,Insecta,Coleoptera,Chrysomelidae,Chrysochus,asclepiadeus,Asynaptic,Asynaptic,Heterogametic,XY,24
Animalia|Insecta|Coleoptera|Chrysomelidae|Chrysochus|auratus,auratus,Animalia,Insecta,Coleoptera,Chrysomelidae,Chrysochus,auratus,Asynaptic,Asynaptic,Heterogametic,NA,26
Animalia|Insecta|Coleoptera|Chrysomelidae|Chrysodina|sp.,sp.,Animalia,Insecta,Coleoptera,Chrysomelidae,Chrysodina,sp.,Asynaptic,Asynaptic,Heterogametic,XY,12
Animalia|Insecta|Coleoptera|Chrysomelidae|Chrysolina|affinis,affinis,Animalia,Insecta,Coleoptera,Chrysomelidae,Chrysolina,affinis,Asynaptic,Asynaptic,Heterogametic,XY,24
Animalia|Insecta|Coleoptera|Chrysomelidae|Chrysolina|alis,alis,Animalia,Insecta,Coleoptera,Chrysomelidae,Chrysolina,alis,Asynaptic,Asynaptic,Heterogametic,XY,40
Animalia|Insecta|Coleoptera|Chrysomelidae|Chrysolina|americana,americana,Animalia,Insecta,Coleoptera,Chrysomelidae,Chrysolina,americana,Asynaptic,Asynaptic,Heterogametic,XY,24
Animalia|Insecta|Coleoptera|Chrysomelidae|Chrysolina|aurichalcea,aurichalcea,Animalia,Insecta,Coleoptera,Chrysomelidae,Chrysolina,aurichalcea,Asynaptic,Asynaptic,Heterogametic,XY,40
Animalia|Insecta|Coleoptera|Chrysomelidae|Chrysolina|bicolor,bicolor,Animalia,Insecta,Coleoptera,Chrysomelidae,Chrysolina,bicolor,Asynaptic,Asynaptic,Heterogametic,XY,24
Animalia|Insecta|Coleoptera|Chrysomelidae|Chrysolina|bigorrensis,bigorrensis,Animalia,Insecta,Coleoptera,Chrysomelidae,Chrysolina,bigorrensis,Asynaptic,Asynaptic,Heterogametic,XY,26
Animalia|Insecta|Coleoptera|Chrysomelidae|Chrysolina|carnifex,carnifex,Animalia,Insecta,Coleoptera,Chrysomelidae,Chrysolina,carnifex,Asynaptic,Asynaptic,Heterogametic,XY,40
Animalia|Insecta|Coleoptera|Chrysomelidae|Chrysolina|cerealis,cerealis,Animalia,Insecta,Coleoptera,Chrysomelidae,Chrysolina,cerealis,Asynaptic,Asynaptic,Heterogametic,XY,24
Animalia|Insecta|Coleoptera|Chrysomelidae|Chrysolina|cf.,cf.,Animalia,Insecta,Coleoptera,Chrysomelidae,Chrysolina,cf.,Asynaptic,Asynaptic,Heterogametic,XY,26
Animalia|Insecta|Coleoptera|Chrysomelidae|Chrysolina|coerulans,coerulans,Animalia,Insecta,Coleoptera,Chrysomelidae,Chrysolina,coerulans,Asynaptic,Asynaptic,Heterogametic,XY,24
Animalia|Insecta|Coleoptera|Chrysomelidae|Chrysolina|colasi,colasi,Animalia,Insecta,Coleoptera,Chrysomelidae,Chrysolina,colasi,Asynaptic,Asynaptic,Heterogametic,XY,24
Animalia|Insecta|Coleoptera|Chrysomelidae|Chrysolina|curvilinea,curvilinea,Animalia,Insecta,Coleoptera,Chrysomelidae,Chrysolina,curvilinea,Asynaptic,Asynaptic,Heterogametic,XY,40
Animalia|Insecta|Coleoptera|Chrysomelidae|Chrysolina|diluta,diluta,Animalia,Insecta,Coleoptera,Chrysomelidae,Chrysolina,diluta,Asynaptic,Asynaptic,Heterogametic,XY,36
Animalia|Insecta|Coleoptera|Chrysomelidae|Chrysolina|fastuosa,fastuosa,Animalia,Insecta,Coleoptera,Chrysomelidae,Chrysolina,fastuosa,Asynaptic,Asynaptic,Heterogametic,XY,24
Animalia|Insecta|Coleoptera|Chrysomelidae|Chrysolina|femoralis,femoralis,Animalia,Insecta,Coleoptera,Chrysomelidae,Chrysolina,femoralis,Asynaptic,Asynaptic,Heterogametic,XY,24
Animalia|Insecta|Coleoptera|Chrysomelidae|Chrysolina|fragariae,fragariae,Animalia,Insecta,Coleoptera,Chrysomelidae,Chrysolina,fragariae,Asynaptic,Asynaptic,Heterogametic,XY,24
Animalia|Insecta|Coleoptera|Chrysomelidae|Chrysolina|gebleri,gebleri,Animalia,Insecta,Coleoptera,Chrysomelidae,Chrysolina,gebleri,Asynaptic,Asynaptic,Heterogametic,XY,26
Animalia|Insecta|Coleoptera|Chrysomelidae|Chrysolina|gemi,gemi,Animalia,Insecta,Coleoptera,Chrysomelidae,Chrysolina,gemi,Asynaptic,Asynaptic,Heterogametic,XY,24
Animalia|Insecta|Coleoptera|Chrysomelidae|Chrysolina|globosa,globosa,Animalia,Insecta,Coleoptera,Chrysomelidae,Chrysolina,globosa,Asynaptic,Asynaptic,Heterogametic,XY,26
Animalia|Insecta|Coleoptera|Chrysomelidae|Chrysolina|graminis,graminis,Animalia,Insecta,Coleoptera,Chrysomelidae,Chrysolina,graminis,Asynaptic,Asynaptic,Heterogametic,XY,24
Animalia|Insecta|Coleoptera|Chrysomelidae|Chrysolina|grossa,grossa,Animalia,Insecta,Coleoptera,Chrysomelidae,Chrysolina,grossa,Asynaptic,Asynaptic,Heterogametic,XY,24
Animalia|Insecta|Coleoptera|Chrysomelidae|Chrysolina|gypsophilae,gypsophilae,Animalia,Insecta,Coleoptera,Chrysomelidae,Chrysolina,gypsophilae,Asynaptic,Asynaptic,Heterogametic,XY,30
Animalia|Insecta|Coleoptera|Chrysomelidae|Chrysolina|haemoptera,haemoptera,Animalia,Insecta,Coleoptera,Chrysomelidae,Chrysolina,haemoptera,Asynaptic,Asynaptic,Heterogametic,XY,40
Animalia|Insecta|Coleoptera|Chrysomelidae|Chrysolina|herbacea,herbacea,Animalia,Insecta,Coleoptera,Chrysomelidae,Chrysolina,herbacea,Asynaptic,Asynaptic,Heterogametic,XY,24
Animalia|Insecta|Coleoptera|Chrysomelidae|Chrysolina|interstincta,interstincta,Animalia,Insecta,Coleoptera,Chrysomelidae,Chrysolina,interstincta,Asynaptic,Asynaptic,Heterogametic,XY,40
Animalia|Insecta|Coleoptera|Chrysomelidae|Chrysolina|janbechynei,janbechynei,Animalia,Insecta,Coleoptera,Chrysomelidae,Chrysolina,janbechynei,Asynaptic,Asynaptic,Heterogametic,XY,40
Animalia|Insecta|Coleoptera|Chrysomelidae|Chrysolina|kuesteri,kuesteri,Animalia,Insecta,Coleoptera,Chrysomelidae,Chrysolina,kuesteri,Asynaptic,Asynaptic,Heterogametic,XY,22
Animalia|Insecta|Coleoptera|Chrysomelidae|Chrysolina|lucida,lucida,Animalia,Insecta,Coleoptera,Chrysomelidae,Chrysolina,lucida,Asynaptic,Asynaptic,Heterogametic,XY,24
Animalia|Insecta|Coleoptera|Chrysomelidae|Chrysolina|marcasitica,marcasitica,Animalia,Insecta,Coleoptera,Chrysomelidae,Chrysolina,marcasitica,Asynaptic,Asynaptic,Heterogametic,XY,42
Animalia|Insecta|Coleoptera|Chrysomelidae|Chrysolina|marginata,marginata,Animalia,Insecta,Coleoptera,Chrysomelidae,Chrysolina,marginata,Asynaptic,Asynaptic,Heterogametic,XY,40
Animalia|Insecta|Coleoptera|Chrysomelidae|Chrysolina|oricalcia,oricalcia,Animalia,Insecta,Coleoptera,Chrysomelidae,Chrysolina,oricalcia,Asynaptic,Asynaptic,Heterogametic,XY,40
Animalia|Insecta|Coleoptera|Chrysomelidae|Chrysolina|peregrina,peregrina,Animalia,Insecta,Coleoptera,Chrysomelidae,Chrysolina,peregrina,Asynaptic,Asynaptic,Heterogametic,XY,46
Animalia|Insecta|Coleoptera|Chrysomelidae|Chrysolina|polita,polita,Animalia,Insecta,Coleoptera,Chrysomelidae,Chrysolina,polita,Asynaptic,Asynaptic,Heterogametic,XY,24
Animalia|Insecta|Coleoptera|Chrysomelidae|Chrysolina|purpurascens,purpurascens,Animalia,Insecta,Coleoptera,Chrysomelidae,Chrysolina,purpurascens,Asynaptic,Asynaptic,Heterogametic,XY,24
Animalia|Insecta|Coleoptera|Chrysomelidae|Chrysolina|pyrenaica,pyrenaica,Animalia,Insecta,Coleoptera,Chrysomelidae,Chrysolina,pyrenaica,Asynaptic,Asynaptic,Heterogametic,XY,40
Animalia|Insecta|Coleoptera|Chrysomelidae|Chrysolina|staphylea,staphylea,Animalia,Insecta,Coleoptera,Chrysomelidae,Chrysolina,staphylea,Asynaptic,Asynaptic,Heterogametic,XY,22
Animalia|Insecta|Coleoptera|Chrysomelidae|Chrysolina|umbratilis,umbratilis,Animalia,Insecta,Coleoptera,Chrysomelidae,Chrysolina,umbratilis,Asynaptic,Asynaptic,Heterogametic,XY,30
Animalia|Insecta|Coleoptera|Chrysomelidae|Chrysolina|varians,varians,Animalia,Insecta,Coleoptera,Chrysomelidae,Chrysolina,varians,Asynaptic,Asynaptic,Heterogametic,XY,32
Animalia|Insecta|Coleoptera|Chrysomelidae|Chrysolina|veridana,veridana,Animalia,Insecta,Coleoptera,Chrysomelidae,Chrysolina,veridana,Asynaptic,Asynaptic,Heterogametic,XY,24
Animalia|Insecta|Coleoptera|Chrysomelidae|Chrysomela|interrupta,interrupta,Animalia,Insecta,Coleoptera,Chrysomelidae,Chrysomela,interrupta,Asynaptic,Asynaptic,Heterogametic,XY,34
Animalia|Insecta|Coleoptera|Chrysomelidae|Chrysomela|lapponica,lapponica,Animalia,Insecta,Coleoptera,Chrysomelidae,Chrysomela,lapponica,Asynaptic,Asynaptic,Heterogametic,XY,34
Animalia|Insecta|Coleoptera|Chrysomelidae|Chrysomela|mainensis,mainensis,Animalia,Insecta,Coleoptera,Chrysomelidae,Chrysomela,mainensis,Asynaptic,Asynaptic,Heterogametic,XY,34
Animalia|Insecta|Coleoptera|Chrysomelidae|Chrysomela|populi,populi,Animalia,Insecta,Coleoptera,Chrysomelidae,Chrysomela,populi,Asynaptic,Asynaptic,Heterogametic,XY,34
Animalia|Insecta|Coleoptera|Chrysomelidae|Chrysomela|schaefferi,schaefferi,Animalia,Insecta,Coleoptera,Chrysomelidae,Chrysomela,schaefferi,Asynaptic,Asynaptic,Heterogametic,XY,34
Animalia|Insecta|Coleoptera|Chrysomelidae|Chrysomela|sp.,sp.,Animalia,Insecta,Coleoptera,Chrysomelidae,Chrysomela,sp.,Asynaptic,Asynaptic,Heterogametic,XY,34
Animalia|Insecta|Coleoptera|Chrysomelidae|Chrysomela|tremulae,tremulae,Animalia,Insecta,Coleoptera,Chrysomelidae,Chrysomela,tremulae,Asynaptic,Asynaptic,Heterogametic,XY,34
Animalia|Insecta|Coleoptera|Chrysomelidae|Chrysophtharta|aurea,aurea,Animalia,Insecta,Coleoptera,Chrysomelidae,Chrysophtharta,aurea,Asynaptic,Asynaptic,Heterogametic,XY,24
Animalia|Insecta|Coleoptera|Chrysomelidae|Chrysophtharta|decolorata,decolorata,Animalia,Insecta,Coleoptera,Chrysomelidae,Chrysophtharta,decolorata,Asynaptic,Asynaptic,Heterogametic,XY,24
Animalia|Insecta|Coleoptera|Chrysomelidae|Chrysophtharta|nobilitata,nobilitata,Animalia,Insecta,Coleoptera,Chrysomelidae,Chrysophtharta,nobilitata,Asynaptic,Asynaptic,Heterogametic,XY,24
Animalia|Insecta|Coleoptera|Chrysomelidae|Chrysophtharta|variicollis,variicollis,Animalia,Insecta,Coleoptera,Chrysomelidae,Chrysophtharta,variicollis,Asynaptic,Asynaptic,Heterogametic,XY,24
Animalia|Insecta|Coleoptera|Chrysomelidae|Clytra|laeviuscula,laeviuscula,Animalia,Insecta,Coleoptera,Chrysomelidae,Clytra,laeviuscula,Asynaptic,Asynaptic,Heterogametic,XY,24
Animalia|Insecta|Coleoptera|Chrysomelidae|Colaspidema|barbarum,barbarum,Animalia,Insecta,Coleoptera,Chrysomelidae,Colaspidema,barbarum,Asynaptic,Asynaptic,Heterogametic,XY,28
Animalia|Insecta|Coleoptera|Chrysomelidae|Colaspis|greyi,greyi,Animalia,Insecta,Coleoptera,Chrysomelidae,Colaspis,greyi,Asynaptic,Asynaptic,Heterogametic,XY,22
Animalia|Insecta|Coleoptera|Chrysomelidae|Colasposoma|auripenne,auripenne,Animalia,Insecta,Coleoptera,Chrysomelidae,Colasposoma,auripenne,Asynaptic,Asynaptic,Heterogametic,XY,16
Animalia|Insecta|Coleoptera|Chrysomelidae|Colasposoma|lividipes,lividipes,Animalia,Insecta,Coleoptera,Chrysomelidae,Colasposoma,lividipes,Asynaptic,Asynaptic,Heterogametic,XY,16
Animalia|Insecta|Coleoptera|Chrysomelidae|Colasposoma|metallicum,metallicum,Animalia,Insecta,Coleoptera,Chrysomelidae,Colasposoma,metallicum,Asynaptic,Asynaptic,Heterogametic,XY,16
Animalia|Insecta|Coleoptera|Chrysomelidae|Colasposoma|ortum,ortum,Animalia,Insecta,Coleoptera,Chrysomelidae,Colasposoma,ortum,Asynaptic,Asynaptic,Heterogametic,XY,16
Animalia|Insecta|Coleoptera|Chrysomelidae|Colasposoma|rufipes,rufipes,Animalia,Insecta,Coleoptera,Chrysomelidae,Colasposoma,rufipes,Asynaptic,Asynaptic,Heterogametic,XY,16
Animalia|Insecta|Coleoptera|Chrysomelidae|Colasposoma|semicostatum,semicostatum,Animalia,Insecta,Coleoptera,Chrysomelidae,Colasposoma,semicostatum,Asynaptic,Asynaptic,Heterogametic,XY,16
Animalia|Insecta|Coleoptera|Chrysomelidae|Colasposoma|sp.,sp.,Animalia,Insecta,Coleoptera,Chrysomelidae,Colasposoma,sp.,Asynaptic,Asynaptic,Heterogametic,XY,16
Animalia|Insecta|Coleoptera|Chrysomelidae|Conchyloctenia|nigrovittata,nigrovittata,Animalia,Insecta,Coleoptera,Chrysomelidae,Conchyloctenia,nigrovittata,Asynaptic,Asynaptic,Heterogametic,XY,18
Animalia|Insecta|Coleoptera|Chrysomelidae|Conicobruchus|indicus,indicus,Animalia,Insecta,Coleoptera,Chrysomelidae,Conicobruchus,indicus,Asynaptic,Asynaptic,Heterogametic,XY,20
Animalia|Insecta|Coleoptera|Chrysomelidae|Coptocephala|unifasciata,unifasciata,Animalia,Insecta,Coleoptera,Chrysomelidae,Coptocephala,unifasciata,Asynaptic,Asynaptic,Heterogametic,XY,24
Animalia|Insecta|Coleoptera|Chrysomelidae|Coptocycla|adamantina,adamantina,Animalia,Insecta,Coleoptera,Chrysomelidae,Coptocycla,adamantina,Asynaptic,Asynaptic,Heterogametic,XY,18
Animalia|Insecta|Coleoptera|Chrysomelidae|Coraia|clarki,clarki,Animalia,Insecta,Coleoptera,Chrysomelidae,Coraia,clarki,Asynaptic,Asynaptic,Heterogametic,XY,36
Animalia|Insecta|Coleoptera|Chrysomelidae|Coraia|maculicollis,maculicollis,Animalia,Insecta,Coleoptera,Chrysomelidae,Coraia,maculicollis,Asynaptic,Asynaptic,Heterogametic,XY,36
Animalia|Insecta|Coleoptera|Chrysomelidae|Cosmogramma|decora,decora,Animalia,Insecta,Coleoptera,Chrysomelidae,Cosmogramma,decora,Asynaptic,Asynaptic,Heterogametic,XY,20
Animalia|Insecta|Coleoptera|Chrysomelidae|Craspedonta|leaya,leaya,Animalia,Insecta,Coleoptera,Chrysomelidae,Craspedonta,leaya,Asynaptic,Asynaptic,Heterogametic,XY,18
Animalia|Insecta|Coleoptera|Chrysomelidae|Crepidedera|aurea,aurea,Animalia,Insecta,Coleoptera,Chrysomelidae,Crepidedera,aurea,Asynaptic,Asynaptic,Heterogametic,XY,18
Animalia|Insecta|Coleoptera|Chrysomelidae|Crepidedera|plutus,plutus,Animalia,Insecta,Coleoptera,Chrysomelidae,Crepidedera,plutus,Asynaptic,Asynaptic,Heterogametic,XY,26
Animalia|Insecta|Coleoptera|Chrysomelidae|Crioceris|asparagi,asparagi,Animalia,Insecta,Coleoptera,Chrysomelidae,Crioceris,asparagi,Asynaptic,Asynaptic,Heterogametic,XY,16
Animalia|Insecta|Coleoptera|Chrysomelidae|Crioceris|duodecimpunctata,duodecimpunctata,Animalia,Insecta,Coleoptera,Chrysomelidae,Crioceris,duodecimpunctata,Asynaptic,Asynaptic,Heterogametic,XY,16
Animalia|Insecta|Coleoptera|Chrysomelidae|Crioceris|macilenta,macilenta,Animalia,Insecta,Coleoptera,Chrysomelidae,Crioceris,macilenta,Asynaptic,Asynaptic,Heterogametic,XY,16
Animalia|Insecta|Coleoptera|Chrysomelidae|Crioceris|paracenthesis,paracenthesis,Animalia,Insecta,Coleoptera,Chrysomelidae,Crioceris,paracenthesis,Asynaptic,Asynaptic,Heterogametic,XY,16
Animalia|Insecta|Coleoptera|Chrysomelidae|Crosita|altaica,altaica,Animalia,Insecta,Coleoptera,Chrysomelidae,Crosita,altaica,Asynaptic,Asynaptic,Heterogametic,XY,30
Animalia|Insecta|Coleoptera|Chrysomelidae|Crosita|rugulosa,rugulosa,Animalia,Insecta,Coleoptera,Chrysomelidae,Crosita,rugulosa,Asynaptic,Asynaptic,Heterogametic,XY,30
Animalia|Insecta|Coleoptera|Chrysomelidae|Crosita|salviae,salviae,Animalia,Insecta,Coleoptera,Chrysomelidae,Crosita,salviae,Asynaptic,Asynaptic,Heterogametic,XY,24
Animalia|Insecta|Coleoptera|Chrysomelidae|Cryptocephalus|alis,alis,Animalia,Insecta,Coleoptera,Chrysomelidae,Cryptocephalus,alis,Asynaptic,Asynaptic,Heterogametic,XY,30
Animalia|Insecta|Coleoptera|Chrysomelidae|Cryptocephalus|aureolus,aureolus,Animalia,Insecta,Coleoptera,Chrysomelidae,Cryptocephalus,aureolus,Asynaptic,Asynaptic,Heterogametic,XY,30
Animalia|Insecta|Coleoptera|Chrysomelidae|Cryptocephalus|bipunctatus,bipunctatus,Animalia,Insecta,Coleoptera,Chrysomelidae,Cryptocephalus,bipunctatus,Asynaptic,Asynaptic,Heterogametic,XY,30
Animalia|Insecta|Coleoptera|Chrysomelidae|Cryptocephalus|capucinus,capucinus,Animalia,Insecta,Coleoptera,Chrysomelidae,Cryptocephalus,capucinus,Asynaptic,Asynaptic,Heterogametic,XY,30
Animalia|Insecta|Coleoptera|Chrysomelidae|Cryptocephalus|crassus,crassus,Animalia,Insecta,Coleoptera,Chrysomelidae,Cryptocephalus,crassus,Asynaptic,Asynaptic,Heterogametic,XY,32
Animalia|Insecta|Coleoptera|Chrysomelidae|Cryptocephalus|espanoli,espanoli,Animalia,Insecta,Coleoptera,Chrysomelidae,Cryptocephalus,espanoli,Asynaptic,Asynaptic,Heterogametic,XY,30
Animalia|Insecta|Coleoptera|Chrysomelidae|Cryptocephalus|globicollis,globicollis,Animalia,Insecta,Coleoptera,Chrysomelidae,Cryptocephalus,globicollis,Asynaptic,Asynaptic,Heterogametic,XY,30
Animalia|Insecta|Coleoptera|Chrysomelidae|Cryptocephalus|hypochoeridis,hypochoeridis,Animalia,Insecta,Coleoptera,Chrysomelidae,Cryptocephalus,hypochoeridis,Asynaptic,Asynaptic,Heterogametic,XY,30
Animalia|Insecta|Coleoptera|Chrysomelidae|Cryptocephalus|moraei,moraei,Animalia,Insecta,Coleoptera,Chrysomelidae,Cryptocephalus,moraei,Asynaptic,Asynaptic,Heterogametic,XY,30
Animalia|Insecta|Coleoptera|Chrysomelidae|Cryptocephalus|ocellatus,ocellatus,Animalia,Insecta,Coleoptera,Chrysomelidae,Cryptocephalus,ocellatus,Asynaptic,Asynaptic,Heterogametic,XY,30
Animalia|Insecta|Coleoptera|Chrysomelidae|Cryptocephalus|ochroleucus,ochroleucus,Animalia,Insecta,Coleoptera,Chrysomelidae,Cryptocephalus,ochroleucus,Asynaptic,Asynaptic,Heterogametic,XY,30
Animalia|Insecta|Coleoptera|Chrysomelidae|Cryptocephalus|octopilosus,octopilosus,Animalia,Insecta,Coleoptera,Chrysomelidae,Cryptocephalus,octopilosus,Asynaptic,Asynaptic,Heterogametic,XY,32
Animalia|Insecta|Coleoptera|Chrysomelidae|Cryptocephalus|oppositus,oppositus,Animalia,Insecta,Coleoptera,Chrysomelidae,Cryptocephalus,oppositus,Asynaptic,Asynaptic,Heterogametic,XY,30
Animalia|Insecta|Coleoptera|Chrysomelidae|Cryptocephalus|primarius,primarius,Animalia,Insecta,Coleoptera,Chrysomelidae,Cryptocephalus,primarius,Asynaptic,Asynaptic,Heterogametic,XY,40
Animalia|Insecta|Coleoptera|Chrysomelidae|Cryptocephalus|quadruplex,quadruplex,Animalia,Insecta,Coleoptera,Chrysomelidae,Cryptocephalus,quadruplex,Asynaptic,Asynaptic,Heterogametic,XY,24
Animalia|Insecta|Coleoptera|Chrysomelidae|Cryptocephalus|rugicollis,rugicollis,Animalia,Insecta,Coleoptera,Chrysomelidae,Cryptocephalus,rugicollis,Asynaptic,Asynaptic,Heterogametic,XY,30
Animalia|Insecta|Coleoptera|Chrysomelidae|Cryptocephalus|sexmaculatus,sexmaculatus,Animalia,Insecta,Coleoptera,Chrysomelidae,Cryptocephalus,sexmaculatus,Asynaptic,Asynaptic,Heterogametic,XY,28
Animalia|Insecta|Coleoptera|Chrysomelidae|Cryptocephalus|sexpunctatus,sexpunctatus,Animalia,Insecta,Coleoptera,Chrysomelidae,Cryptocephalus,sexpunctatus,Asynaptic,Asynaptic,Heterogametic,XY,16
Animalia|Insecta|Coleoptera|Chrysomelidae|Cryptocephalus|sexpustulatus,sexpustulatus,Animalia,Insecta,Coleoptera,Chrysomelidae,Cryptocephalus,sexpustulatus,Asynaptic,Asynaptic,Heterogametic,XY,30
Animalia|Insecta|Coleoptera|Chrysomelidae|Cryptocephalus|sp.,sp.,Animalia,Insecta,Coleoptera,Chrysomelidae,Cryptocephalus,sp.,Asynaptic,Asynaptic,Heterogametic,XY,30
Animalia|Insecta|Coleoptera|Chrysomelidae|Cryptocephalus|sulphureus,sulphureus,Animalia,Insecta,Coleoptera,Chrysomelidae,Cryptocephalus,sulphureus,Asynaptic,Asynaptic,Heterogametic,XY,32
Animalia|Insecta|Coleoptera|Chrysomelidae|Cryptocephalus|triangularis,triangularis,Animalia,Insecta,Coleoptera,Chrysomelidae,Cryptocephalus,triangularis,Asynaptic,Asynaptic,Heterogametic,XY,32
Animalia|Insecta|Coleoptera|Chrysomelidae|Cryptocephalus|violaceus,violaceus,Animalia,Insecta,Coleoptera,Chrysomelidae,Cryptocephalus,violaceus,Asynaptic,Asynaptic,Heterogametic,XY,30
Animalia|Insecta|Coleoptera|Chrysomelidae|Cryptocephalus|vittula,vittula,Animalia,Insecta,Coleoptera,Chrysomelidae,Cryptocephalus,vittula,Asynaptic,Asynaptic,Heterogametic,XY,28
Animalia|Insecta|Coleoptera|Chrysomelidae|Cteisella|confusa,confusa,Animalia,Insecta,Coleoptera,Chrysomelidae,Cteisella,confusa,Asynaptic,Asynaptic,Heterogametic,XY,18
Animalia|Insecta|Coleoptera|Chrysomelidae|Cyrtonus|arcasi,arcasi,Animalia,Insecta,Coleoptera,Chrysomelidae,Cyrtonus,arcasi,Asynaptic,Asynaptic,Heterogametic,XY,40
Animalia|Insecta|Coleoptera|Chrysomelidae|Cyrtonus|contractus,contractus,Animalia,Insecta,Coleoptera,Chrysomelidae,Cyrtonus,contractus,Asynaptic,Asynaptic,Heterogametic,XY,28
Animalia|Insecta|Coleoptera|Chrysomelidae|Cyrtonus|cupreovirens,cupreovirens,Animalia,Insecta,Coleoptera,Chrysomelidae,Cyrtonus,cupreovirens,Asynaptic,Asynaptic,Heterogametic,XY,28
Animalia|Insecta|Coleoptera|Chrysomelidae|Cyrtonus|cylindricus,cylindricus,Animalia,Insecta,Coleoptera,Chrysomelidae,Cyrtonus,cylindricus,Asynaptic,Asynaptic,Heterogametic,XY,28
Animalia|Insecta|Coleoptera|Chrysomelidae|Cyrtonus|dufouri,dufouri,Animalia,Insecta,Coleoptera,Chrysomelidae,Cyrtonus,dufouri,Asynaptic,Asynaptic,Heterogametic,XY,28
Animalia|Insecta|Coleoptera|Chrysomelidae|Cyrtonus|elegans,elegans,Animalia,Insecta,Coleoptera,Chrysomelidae,Cyrtonus,elegans,Asynaptic,Asynaptic,Heterogametic,XY,28
Animalia|Insecta|Coleoptera|Chrysomelidae|Cyrtonus|fairmarei,fairmarei,Animalia,Insecta,Coleoptera,Chrysomelidae,Cyrtonus,fairmarei,Asynaptic,Asynaptic,Heterogametic,XY,40
Animalia|Insecta|Coleoptera|Chrysomelidae|Cyrtonus|majoricensis,majoricensis,Animalia,Insecta,Coleoptera,Chrysomelidae,Cyrtonus,majoricensis,Asynaptic,Asynaptic,Heterogametic,XY,28
Animalia|Insecta|Coleoptera|Chrysomelidae|Cyrtonus|pardoi,pardoi,Animalia,Insecta,Coleoptera,Chrysomelidae,Cyrtonus,pardoi,Asynaptic,Asynaptic,Heterogametic,XY,46
Animalia|Insecta|Coleoptera|Chrysomelidae|Cyrtonus|plumbeus,plumbeus,Animalia,Insecta,Coleoptera,Chrysomelidae,Cyrtonus,plumbeus,Asynaptic,Asynaptic,Heterogametic,XY,28
Animalia|Insecta|Coleoptera|Chrysomelidae|Cyrtonus|puncticeps,puncticeps,Animalia,Insecta,Coleoptera,Chrysomelidae,Cyrtonus,puncticeps,Asynaptic,Asynaptic,Heterogametic,XY,40
Animalia|Insecta|Coleoptera|Chrysomelidae|Cyrtonus|punctipennis,punctipennis,Animalia,Insecta,Coleoptera,Chrysomelidae,Cyrtonus,punctipennis,Asynaptic,Asynaptic,Heterogametic,XY,28
Animalia|Insecta|Coleoptera|Chrysomelidae|Cyrtonus|rotundatus,rotundatus,Animalia,Insecta,Coleoptera,Chrysomelidae,Cyrtonus,rotundatus,Asynaptic,Asynaptic,Heterogametic,XY,28
Animalia|Insecta|Coleoptera|Chrysomelidae|Cyrtonus|ruficornis,ruficornis,Animalia,Insecta,Coleoptera,Chrysomelidae,Cyrtonus,ruficornis,Asynaptic,Asynaptic,Heterogametic,XY,28
Animalia|Insecta|Coleoptera|Chrysomelidae|Cyrtonus|sp.,sp.,Animalia,Insecta,Coleoptera,Chrysomelidae,Cyrtonus,sp.,Asynaptic,Asynaptic,Heterogametic,XY,28
Animalia|Insecta|Coleoptera|Chrysomelidae|Dactylispa|atkinsoni,atkinsoni,Animalia,Insecta,Coleoptera,Chrysomelidae,Dactylispa,atkinsoni,Asynaptic,Asynaptic,Heterogametic,XY,16
Animalia|Insecta|Coleoptera|Chrysomelidae|Dactylispa|brevispinosa,brevispinosa,Animalia,Insecta,Coleoptera,Chrysomelidae,Dactylispa,brevispinosa,Asynaptic,Asynaptic,Heterogametic,XY,16
Animalia|Insecta|Coleoptera|Chrysomelidae|Dactylispa|humeralis,humeralis,Animalia,Insecta,Coleoptera,Chrysomelidae,Dactylispa,humeralis,Asynaptic,Asynaptic,Heterogametic,XY,16
Animalia|Insecta|Coleoptera|Chrysomelidae|Deloyala|cruciata,cruciata,Animalia,Insecta,Coleoptera,Chrysomelidae,Deloyala,cruciata,Asynaptic,Asynaptic,Heterogametic,XY,18
Animalia|Insecta|Coleoptera|Chrysomelidae|Deloyala|guttata,guttata,Animalia,Insecta,Coleoptera,Chrysomelidae,Deloyala,guttata,Asynaptic,Asynaptic,Heterogametic,XY,20
Animalia|Insecta|Coleoptera|Chrysomelidae|Desmogramma|nigripes,nigripes,Animalia,Insecta,Coleoptera,Chrysomelidae,Desmogramma,nigripes,Asynaptic,Asynaptic,Heterogametic,XY,24
Animalia|Insecta|Coleoptera|Chrysomelidae|Diapromorpha|quadripunctata,quadripunctata,Animalia,Insecta,Coleoptera,Chrysomelidae,Diapromorpha,quadripunctata,Asynaptic,Asynaptic,Heterogametic,XY,22
Animalia|Insecta|Coleoptera|Chrysomelidae|Diapromorpha|turcica,turcica,Animalia,Insecta,Coleoptera,Chrysomelidae,Diapromorpha,turcica,Asynaptic,Asynaptic,Heterogametic,XY,22
Animalia|Insecta|Coleoptera|Chrysomelidae|Dibolia|timida,timida,Animalia,Insecta,Coleoptera,Chrysomelidae,Dibolia,timida,Asynaptic,Asynaptic,Heterogametic,XY,40
Animalia|Insecta|Coleoptera|Chrysomelidae|Dicladispa|occator,occator,Animalia,Insecta,Coleoptera,Chrysomelidae,Dicladispa,occator,Asynaptic,Asynaptic,Heterogametic,XY,16
Animalia|Insecta|Coleoptera|Chrysomelidae|Dicladispa|testacea,testacea,Animalia,Insecta,Coleoptera,Chrysomelidae,Dicladispa,testacea,Asynaptic,Asynaptic,Heterogametic,XY,16
Animalia|Insecta|Coleoptera|Chrysomelidae|Diphaulaca|arguta,arguta,Animalia,Insecta,Coleoptera,Chrysomelidae,Diphaulaca,arguta,Asynaptic,Asynaptic,Heterogametic,XY,30
Animalia|Insecta|Coleoptera|Chrysomelidae|Diphaulaca|sp.,sp.,Animalia,Insecta,Coleoptera,Chrysomelidae,Diphaulaca,sp.,Asynaptic,Asynaptic,Heterogametic,XY,30
Animalia|Insecta|Coleoptera|Chrysomelidae|Disonycha|laevigata,laevigata,Animalia,Insecta,Coleoptera,Chrysomelidae,Disonycha,laevigata,Asynaptic,Asynaptic,Heterogametic,XY,46
Animalia|Insecta|Coleoptera|Chrysomelidae|Donacia|andalusica,andalusica,Animalia,Insecta,Coleoptera,Chrysomelidae,Donacia,andalusica,Asynaptic,Asynaptic,Heterogametic,XY,30
Animalia|Insecta|Coleoptera|Chrysomelidae|Donacia|bicolor,bicolor,Animalia,Insecta,Coleoptera,Chrysomelidae,Donacia,bicolor,Asynaptic,Asynaptic,Heterogametic,XY,30
Animalia|Insecta|Coleoptera|Chrysomelidae|Donacia|biimpressa,biimpressa,Animalia,Insecta,Coleoptera,Chrysomelidae,Donacia,biimpressa,Asynaptic,Asynaptic,Heterogametic,XY,30
Animalia|Insecta|Coleoptera|Chrysomelidae|Donacia|clavipes,clavipes,Animalia,Insecta,Coleoptera,Chrysomelidae,Donacia,clavipes,Asynaptic,Asynaptic,Heterogametic,XY,30
Animalia|Insecta|Coleoptera|Chrysomelidae|Donacia|hirticollis,hirticollis,Animalia,Insecta,Coleoptera,Chrysomelidae,Donacia,hirticollis,Asynaptic,Asynaptic,Heterogametic,XY,28
Animalia|Insecta|Coleoptera|Chrysomelidae|Donacia|subtilis,subtilis,Animalia,Insecta,Coleoptera,Chrysomelidae,Donacia,subtilis,Asynaptic,Asynaptic,Heterogametic,XY,28
Animalia|Insecta|Coleoptera|Chrysomelidae|Donacia|vulgaris,vulgaris,Animalia,Insecta,Coleoptera,Chrysomelidae,Donacia,vulgaris,Asynaptic,Asynaptic,Heterogametic,XY,30
Animalia|Insecta|Coleoptera|Chrysomelidae|Entomoscelis|adonidis,adonidis,Animalia,Insecta,Coleoptera,Chrysomelidae,Entomoscelis,adonidis,Asynaptic,Asynaptic,Heterogametic,XY,26
Animalia|Insecta|Coleoptera|Chrysomelidae|Entomoscelis|sacra,sacra,Animalia,Insecta,Coleoptera,Chrysomelidae,Entomoscelis,sacra,Asynaptic,Asynaptic,Heterogametic,XY,26
Animalia|Insecta|Coleoptera|Chrysomelidae|Epitrix|cucumeris,cucumeris,Animalia,Insecta,Coleoptera,Chrysomelidae,Epitrix,cucumeris,Asynaptic,Asynaptic,Heterogametic,XY,26
Animalia|Insecta|Coleoptera|Chrysomelidae|Epitrix|fasciata,fasciata,Animalia,Insecta,Coleoptera,Chrysomelidae,Epitrix,fasciata,Asynaptic,Asynaptic,Heterogametic,XY,26
Animalia|Insecta|Coleoptera|Chrysomelidae|Erganoides|sp.,sp.,Animalia,Insecta,Coleoptera,Chrysomelidae,Erganoides,sp.,Asynaptic,Asynaptic,Heterogametic,XY,26
Animalia|Insecta|Coleoptera|Chrysomelidae|Estignema|chinensis,chinensis,Animalia,Insecta,Coleoptera,Chrysomelidae,Estignema,chinensis,Asynaptic,Asynaptic,Heterogametic,XY,18
Animalia|Insecta|Coleoptera|Chrysomelidae|Eumolpus|sp.,sp.,Animalia,Insecta,Coleoptera,Chrysomelidae,Eumolpus,sp.,Asynaptic,Asynaptic,Heterogametic,XY,22
Animalia|Insecta|Coleoptera|Chrysomelidae|Eumolpus|surinamensis,surinamensis,Animalia,Insecta,Coleoptera,Chrysomelidae,Eumolpus,surinamensis,Asynaptic,Asynaptic,Heterogametic,XY,22
Animalia|Insecta|Coleoptera|Chrysomelidae|Eurypedus|thoni,thoni,Animalia,Insecta,Coleoptera,Chrysomelidae,Eurypedus,thoni,Asynaptic,Asynaptic,Heterogametic,XY,20
Animalia|Insecta|Coleoptera|Chrysomelidae|Eurypepla|jamaicensis,jamaicensis,Animalia,Insecta,Coleoptera,Chrysomelidae,Eurypepla,jamaicensis,Asynaptic,Asynaptic,Heterogametic,XY,18
Animalia|Insecta|Coleoptera|Chrysomelidae|Forsterita|sp.,sp.,Animalia,Insecta,Coleoptera,Chrysomelidae,Forsterita,sp.,Asynaptic,Asynaptic,Heterogametic,XY,24
Animalia|Insecta|Coleoptera|Chrysomelidae|Galeruca|angusta,angusta,Animalia,Insecta,Coleoptera,Chrysomelidae,Galeruca,angusta,Asynaptic,Asynaptic,Heterogametic,XY,44
Animalia|Insecta|Coleoptera|Chrysomelidae|Galeruca|artemisiae,artemisiae,Animalia,Insecta,Coleoptera,Chrysomelidae,Galeruca,artemisiae,Asynaptic,Asynaptic,Heterogametic,XY,44
Animalia|Insecta|Coleoptera|Chrysomelidae|Galeruca|indica,indica,Animalia,Insecta,Coleoptera,Chrysomelidae,Galeruca,indica,Asynaptic,Asynaptic,Heterogametic,XY,46
Animalia|Insecta|Coleoptera|Chrysomelidae|Galeruca|miegi,miegi,Animalia,Insecta,Coleoptera,Chrysomelidae,Galeruca,miegi,Asynaptic,Asynaptic,Heterogametic,XY,38
Animalia|Insecta|Coleoptera|Chrysomelidae|Galeruca|monticola,monticola,Animalia,Insecta,Coleoptera,Chrysomelidae,Galeruca,monticola,Asynaptic,Asynaptic,Heterogametic,XY,38
Animalia|Insecta|Coleoptera|Chrysomelidae|Galeruca|taceti,taceti,Animalia,Insecta,Coleoptera,Chrysomelidae,Galeruca,taceti,Asynaptic,Asynaptic,Heterogametic,XY,40
Animalia|Insecta|Coleoptera|Chrysomelidae|Galerucella|bicolor,bicolor,Animalia,Insecta,Coleoptera,Chrysomelidae,Galerucella,bicolor,Asynaptic,Asynaptic,Heterogametic,XY,44
Animalia|Insecta|Coleoptera|Chrysomelidae|Galerucella|bimarnica,bimarnica,Animalia,Insecta,Coleoptera,Chrysomelidae,Galerucella,bimarnica,Asynaptic,Asynaptic,Heterogametic,XY,34
Animalia|Insecta|Coleoptera|Chrysomelidae|Galerucella|calmariensis,calmariensis,Animalia,Insecta,Coleoptera,Chrysomelidae,Galerucella,calmariensis,Asynaptic,Asynaptic,Heterogametic,XY,34
Animalia|Insecta|Coleoptera|Chrysomelidae|Galerucella|cavicollis,cavicollis,Animalia,Insecta,Coleoptera,Chrysomelidae,Galerucella,cavicollis,Asynaptic,Asynaptic,Heterogametic,XY,34
Animalia|Insecta|Coleoptera|Chrysomelidae|Galerucella|lineola,lineola,Animalia,Insecta,Coleoptera,Chrysomelidae,Galerucella,lineola,Asynaptic,Asynaptic,Heterogametic,XY,34
Animalia|Insecta|Coleoptera|Chrysomelidae|Galerucella|nymphae,nymphae,Animalia,Insecta,Coleoptera,Chrysomelidae,Galerucella,nymphae,Asynaptic,Asynaptic,Heterogametic,XY,34
Animalia|Insecta|Coleoptera|Chrysomelidae|Galerucella|placida,placida,Animalia,Insecta,Coleoptera,Chrysomelidae,Galerucella,placida,Asynaptic,Asynaptic,Heterogametic,XY,38
Animalia|Insecta|Coleoptera|Chrysomelidae|Galerucella|sp.,sp.,Animalia,Insecta,Coleoptera,Chrysomelidae,Galerucella,sp.,Asynaptic,Asynaptic,Heterogametic,XY,34
Animalia|Insecta|Coleoptera|Chrysomelidae|Galerucella|tenella,tenella,Animalia,Insecta,Coleoptera,Chrysomelidae,Galerucella,tenella,Asynaptic,Asynaptic,Heterogametic,XY,26
Animalia|Insecta|Coleoptera|Chrysomelidae|Galerucella|vaccinii,vaccinii,Animalia,Insecta,Coleoptera,Chrysomelidae,Galerucella,vaccinii,Asynaptic,Asynaptic,Heterogametic,XY,34
Animalia|Insecta|Coleoptera|Chrysomelidae|Gastrophysa|cyanea,cyanea,Animalia,Insecta,Coleoptera,Chrysomelidae,Gastrophysa,cyanea,Asynaptic,Asynaptic,Heterogametic,XY,30
Animalia|Insecta|Coleoptera|Chrysomelidae|Gastrophysa|poligoni,poligoni,Animalia,Insecta,Coleoptera,Chrysomelidae,Gastrophysa,poligoni,Asynaptic,Asynaptic,Heterogametic,XY,24
Animalia|Insecta|Coleoptera|Chrysomelidae|Gastrophysa|viridula,viridula,Animalia,Insecta,Coleoptera,Chrysomelidae,Gastrophysa,viridula,Asynaptic,Asynaptic,Heterogametic,XY,28
Animalia|Insecta|Coleoptera|Chrysomelidae|Genus|nr.,nr.,Animalia,Insecta,Coleoptera,Chrysomelidae,Genus,nr.,Asynaptic,Asynaptic,Heterogametic,XY,32
Animalia|Insecta|Coleoptera|Chrysomelidae|Glyphocassis|trilineata,trilineata,Animalia,Insecta,Coleoptera,Chrysomelidae,Glyphocassis,trilineata,Asynaptic,Asynaptic,Heterogametic,XY,16
Animalia|Insecta|Coleoptera|Chrysomelidae|Glyptoscelis|chontalensis,chontalensis,Animalia,Insecta,Coleoptera,Chrysomelidae,Glyptoscelis,chontalensis,Asynaptic,Asynaptic,Heterogametic,XY,20
Animalia|Insecta|Coleoptera|Chrysomelidae|Glyptoscelis|sp.,sp.,Animalia,Insecta,Coleoptera,Chrysomelidae,Glyptoscelis,sp.,Asynaptic,Asynaptic,Heterogametic,XY,16
Animalia|Insecta|Coleoptera|Chrysomelidae|Gonioctena|americana,americana,Animalia,Insecta,Coleoptera,Chrysomelidae,Gonioctena,americana,Asynaptic,Asynaptic,Heterogametic,XY,24
Animalia|Insecta|Coleoptera|Chrysomelidae|Gonioctena|linnaeana,linnaeana,Animalia,Insecta,Coleoptera,Chrysomelidae,Gonioctena,linnaeana,Asynaptic,Asynaptic,Heterogametic,XY,24
Animalia|Insecta|Coleoptera|Chrysomelidae|Gonioctena|nivosa,nivosa,Animalia,Insecta,Coleoptera,Chrysomelidae,Gonioctena,nivosa,Asynaptic,Asynaptic,Heterogametic,XY,24
Animalia|Insecta|Coleoptera|Chrysomelidae|Gonioctena|quinquepunctata,quinquepunctata,Animalia,Insecta,Coleoptera,Chrysomelidae,Gonioctena,quinquepunctata,Asynaptic,Asynaptic,Heterogametic,XY,24
Animalia|Insecta|Coleoptera|Chrysomelidae|Gonioctena|sibirica,sibirica,Animalia,Insecta,Coleoptera,Chrysomelidae,Gonioctena,sibirica,Asynaptic,Asynaptic,Heterogametic,XY,24
Animalia|Insecta|Coleoptera|Chrysomelidae|Gonioctena|springlovae,springlovae,Animalia,Insecta,Coleoptera,Chrysomelidae,Gonioctena,springlovae,Asynaptic,Asynaptic,Heterogametic,XY,40
Animalia|Insecta|Coleoptera|Chrysomelidae|Gonioctena|variabilis,variabilis,Animalia,Insecta,Coleoptera,Chrysomelidae,Gonioctena,variabilis,Asynaptic,Asynaptic,Heterogametic,XY,24
Animalia|Insecta|Coleoptera|Chrysomelidae|Gonioctena|vimilis,vimilis,Animalia,Insecta,Coleoptera,Chrysomelidae,Gonioctena,vimilis,Asynaptic,Asynaptic,Heterogametic,XY,24
Animalia|Insecta|Coleoptera|Chrysomelidae|Gratiana|lutescens,lutescens,Animalia,Insecta,Coleoptera,Chrysomelidae,Gratiana,lutescens,Asynaptic,Asynaptic,Heterogametic,XY,18
Animalia|Insecta|Coleoptera|Chrysomelidae|Gratiana|pallidula,pallidula,Animalia,Insecta,Coleoptera,Chrysomelidae,Gratiana,pallidula,Asynaptic,Asynaptic,Heterogametic,XY,18
Animalia|Insecta|Coleoptera|Chrysomelidae|Gratiana|spadicea,spadicea,Animalia,Insecta,Coleoptera,Chrysomelidae,Gratiana,spadicea,Asynaptic,Asynaptic,Heterogametic,XY,20
Animalia|Insecta|Coleoptera|Chrysomelidae|Helocassis|clavata,clavata,Animalia,Insecta,Coleoptera,Chrysomelidae,Helocassis,clavata,Asynaptic,Asynaptic,Heterogametic,XY,18
Animalia|Insecta|Coleoptera|Chrysomelidae|Henicotherus|porteri,porteri,Animalia,Insecta,Coleoptera,Chrysomelidae,Henicotherus,porteri,Asynaptic,Asynaptic,Heterogametic,XY,28
Animalia|Insecta|Coleoptera|Chrysomelidae|Hilarocassis|exclamationis,exclamationis,Animalia,Insecta,Coleoptera,Chrysomelidae,Hilarocassis,exclamationis,Asynaptic,Asynaptic,Heterogametic,NA,34
Animalia|Insecta|Coleoptera|Chrysomelidae|Hispa|atra,atra,Animalia,Insecta,Coleoptera,Chrysomelidae,Hispa,atra,Asynaptic,Asynaptic,Heterogametic,XY,16
Animalia|Insecta|Coleoptera|Chrysomelidae|Hydrothassa|glabra,glabra,Animalia,Insecta,Coleoptera,Chrysomelidae,Hydrothassa,glabra,Asynaptic,Asynaptic,Heterogametic,XY,34
Animalia|Insecta|Coleoptera|Chrysomelidae|Hypolampsis|sp.,sp.,Animalia,Insecta,Coleoptera,Chrysomelidae,Hypolampsis,sp.,Asynaptic,Asynaptic,Heterogametic,XY,22
Animalia|Insecta|Coleoptera|Chrysomelidae|Jolivetia|obscura,obscura,Animalia,Insecta,Coleoptera,Chrysomelidae,Jolivetia,obscura,Asynaptic,Asynaptic,Heterogametic,XY,28
Animalia|Insecta|Coleoptera|Chrysomelidae|Kanarella|sp.,sp.,Animalia,Insecta,Coleoptera,Chrysomelidae,Kanarella,sp.,Asynaptic,Asynaptic,Heterogametic,XY,26
Animalia|Insecta|Coleoptera|Chrysomelidae|Laccoptera|quadrimaculata,quadrimaculata,Animalia,Insecta,Coleoptera,Chrysomelidae,Laccoptera,quadrimaculata,Asynaptic,Asynaptic,Heterogametic,XY,18
Animalia|Insecta|Coleoptera|Chrysomelidae|Lachnaia|pubescens,pubescens,Animalia,Insecta,Coleoptera,Chrysomelidae,Lachnaia,pubescens,Asynaptic,Asynaptic,Heterogametic,XY,24
Animalia|Insecta|Coleoptera|Chrysomelidae|Lema|cerea,cerea,Animalia,Insecta,Coleoptera,Chrysomelidae,Lema,cerea,Asynaptic,Asynaptic,Heterogametic,XY,14
Animalia|Insecta|Coleoptera|Chrysomelidae|Lema|coromandeliana,coromandeliana,Animalia,Insecta,Coleoptera,Chrysomelidae,Lema,coromandeliana,Asynaptic,Asynaptic,Heterogametic,XY,16
Animalia|Insecta|Coleoptera|Chrysomelidae|Lema|cyanea,cyanea,Animalia,Insecta,Coleoptera,Chrysomelidae,Lema,cyanea,Asynaptic,Asynaptic,Heterogametic,XY,24
Animalia|Insecta|Coleoptera|Chrysomelidae|Lema|cyanella,cyanella,Animalia,Insecta,Coleoptera,Chrysomelidae,Lema,cyanella,Asynaptic,Asynaptic,Heterogametic,XY,16
Animalia|Insecta|Coleoptera|Chrysomelidae|Lema|dorsalis,dorsalis,Animalia,Insecta,Coleoptera,Chrysomelidae,Lema,dorsalis,Asynaptic,Asynaptic,Heterogametic,XY,18
Animalia|Insecta|Coleoptera|Chrysomelidae|Lema|n.sp.,n.sp.,Animalia,Insecta,Coleoptera,Chrysomelidae,Lema,n.sp.,Asynaptic,Asynaptic,Heterogametic,XY,16
Animalia|Insecta|Coleoptera|Chrysomelidae|Lema|nigripes,nigripes,Animalia,Insecta,Coleoptera,Chrysomelidae,Lema,nigripes,Asynaptic,Asynaptic,Heterogametic,XY,18
Animalia|Insecta|Coleoptera|Chrysomelidae|Lema|nigrrofrontalis,nigrrofrontalis,Animalia,Insecta,Coleoptera,Chrysomelidae,Lema,nigrrofrontalis,Asynaptic,Asynaptic,Heterogametic,XY,16
Animalia|Insecta|Coleoptera|Chrysomelidae|Lema|praeusta,praeusta,Animalia,Insecta,Coleoptera,Chrysomelidae,Lema,praeusta,Asynaptic,Asynaptic,Heterogametic,XY,16
Animalia|Insecta|Coleoptera|Chrysomelidae|Lema|rufotestacea,rufotestacea,Animalia,Insecta,Coleoptera,Chrysomelidae,Lema,rufotestacea,Asynaptic,Asynaptic,Heterogametic,XY,14
Animalia|Insecta|Coleoptera|Chrysomelidae|Lema|semifulva,semifulva,Animalia,Insecta,Coleoptera,Chrysomelidae,Lema,semifulva,Asynaptic,Asynaptic,Heterogametic,XY,16
Animalia|Insecta|Coleoptera|Chrysomelidae|Lema|termita,termita,Animalia,Insecta,Coleoptera,Chrysomelidae,Lema,termita,Asynaptic,Asynaptic,Heterogametic,XY,16
Animalia|Insecta|Coleoptera|Chrysomelidae|Lema|trilineata,trilineata,Animalia,Insecta,Coleoptera,Chrysomelidae,Lema,trilineata,Asynaptic,Asynaptic,Heterogametic,XY,32
Animalia|Insecta|Coleoptera|Chrysomelidae|Leptinotarsa|decimlineata,decimlineata,Animalia,Insecta,Coleoptera,Chrysomelidae,Leptinotarsa,decimlineata,Asynaptic,Asynaptic,Heterogametic,XY,36
Animalia|Insecta|Coleoptera|Chrysomelidae|Leucocera|laevicollis,laevicollis,Animalia,Insecta,Coleoptera,Chrysomelidae,Leucocera,laevicollis,Asynaptic,Asynaptic,Heterogametic,XY,24
Animalia|Insecta|Coleoptera|Chrysomelidae|Lilioceris|impressa,impressa,Animalia,Insecta,Coleoptera,Chrysomelidae,Lilioceris,impressa,Asynaptic,Asynaptic,Heterogametic,XY,20
Animalia|Insecta|Coleoptera|Chrysomelidae|Lilioceris|lilii,lilii,Animalia,Insecta,Coleoptera,Chrysomelidae,Lilioceris,lilii,Asynaptic,Asynaptic,Heterogametic,XY,22
Animalia|Insecta|Coleoptera|Chrysomelidae|Linaeidea|aenea,aenea,Animalia,Insecta,Coleoptera,Chrysomelidae,Linaeidea,aenea,Asynaptic,Asynaptic,Heterogametic,XY,34
Animalia|Insecta|Coleoptera|Chrysomelidae|Lysathia|ludoviciana,ludoviciana,Animalia,Insecta,Coleoptera,Chrysomelidae,Lysathia,ludoviciana,Asynaptic,Asynaptic,Heterogametic,XY,24
Animalia|Insecta|Coleoptera|Chrysomelidae|Lysathia|occidentalis,occidentalis,Animalia,Insecta,Coleoptera,Chrysomelidae,Lysathia,occidentalis,Asynaptic,Asynaptic,Heterogametic,XY,24
Animalia|Insecta|Coleoptera|Chrysomelidae|Lysathia|sp.,sp.,Animalia,Insecta,Coleoptera,Chrysomelidae,Lysathia,sp.,Asynaptic,Asynaptic,Heterogametic,XY,24
Animalia|Insecta|Coleoptera|Chrysomelidae|Macrocoma|rufotibialis,rufotibialis,Animalia,Insecta,Coleoptera,Chrysomelidae,Macrocoma,rufotibialis,Asynaptic,Asynaptic,Heterogametic,XY,16
Animalia|Insecta|Coleoptera|Chrysomelidae|Macrohaltica|jamaicensis,jamaicensis,Animalia,Insecta,Coleoptera,Chrysomelidae,Macrohaltica,jamaicensis,Asynaptic,Asynaptic,Heterogametic,XY,24
Animalia|Insecta|Coleoptera|Chrysomelidae|Macrohaltica|mexica,mexica,Animalia,Insecta,Coleoptera,Chrysomelidae,Macrohaltica,mexica,Asynaptic,Asynaptic,Heterogametic,XY,26
Animalia|Insecta|Coleoptera|Chrysomelidae|Macrohaltica|transversa,transversa,Animalia,Insecta,Coleoptera,Chrysomelidae,Macrohaltica,transversa,Asynaptic,Asynaptic,Heterogametic,XY,24
Animalia|Insecta|Coleoptera|Chrysomelidae|Merilia|sublunata,sublunata,Animalia,Insecta,Coleoptera,Chrysomelidae,Merilia,sublunata,Asynaptic,Asynaptic,Heterogametic,XY,22
Animalia|Insecta|Coleoptera|Chrysomelidae|Mesoplatys|cincta,cincta,Animalia,Insecta,Coleoptera,Chrysomelidae,Mesoplatys,cincta,Asynaptic,Asynaptic,Heterogametic,XY,24
Animalia|Insecta|Coleoptera|Chrysomelidae|Metriona|elatior,elatior,Animalia,Insecta,Coleoptera,Chrysomelidae,Metriona,elatior,Asynaptic,Asynaptic,Heterogametic,XY,18
Animalia|Insecta|Coleoptera|Chrysomelidae|Microrhopala|vittata,vittata,Animalia,Insecta,Coleoptera,Chrysomelidae,Microrhopala,vittata,Asynaptic,Asynaptic,Heterogametic,XY,32
Animalia|Insecta|Coleoptera|Chrysomelidae|Microtenochira|aciculata,aciculata,Animalia,Insecta,Coleoptera,Chrysomelidae,Microtenochira,aciculata,Asynaptic,Asynaptic,Heterogametic,XY,18
Animalia|Insecta|Coleoptera|Chrysomelidae|Microtenochira|optata,optata,Animalia,Insecta,Coleoptera,Chrysomelidae,Microtenochira,optata,Asynaptic,Asynaptic,Heterogametic,XY,18
Animalia|Insecta|Coleoptera|Chrysomelidae|Microtenochira|quadrata,quadrata,Animalia,Insecta,Coleoptera,Chrysomelidae,Microtenochira,quadrata,Asynaptic,Asynaptic,Heterogametic,XY,18
Animalia|Insecta|Coleoptera|Chrysomelidae|Microtheca|ochroloma,ochroloma,Animalia,Insecta,Coleoptera,Chrysomelidae,Microtheca,ochroloma,Asynaptic,Asynaptic,Heterogametic,XY,28
Animalia|Insecta|Coleoptera|Chrysomelidae|Monolepta|erythrocephala,erythrocephala,Animalia,Insecta,Coleoptera,Chrysomelidae,Monolepta,erythrocephala,Asynaptic,Asynaptic,Heterogametic,XY,26
Animalia|Insecta|Coleoptera|Chrysomelidae|Monolepta|sexsigta,sexsigta,Animalia,Insecta,Coleoptera,Chrysomelidae,Monolepta,sexsigta,Asynaptic,Asynaptic,Heterogametic,XY,18
Animalia|Insecta|Coleoptera|Chrysomelidae|Monolepta|sigta,sigta,Animalia,Insecta,Coleoptera,Chrysomelidae,Monolepta,sigta,Asynaptic,Asynaptic,Heterogametic,XY,18
Animalia|Insecta|Coleoptera|Chrysomelidae|Monoxia|apicalis,apicalis,Animalia,Insecta,Coleoptera,Chrysomelidae,Monoxia,apicalis,Asynaptic,Asynaptic,Heterogametic,XY,32
Animalia|Insecta|Coleoptera|Chrysomelidae|Monoxia|guttulata,guttulata,Animalia,Insecta,Coleoptera,Chrysomelidae,Monoxia,guttulata,Asynaptic,Asynaptic,Heterogametic,XY,18
Animalia|Insecta|Coleoptera|Chrysomelidae|Monoxia|obesula,obesula,Animalia,Insecta,Coleoptera,Chrysomelidae,Monoxia,obesula,Asynaptic,Asynaptic,Heterogametic,XY,38
Animalia|Insecta|Coleoptera|Chrysomelidae|Monoxia|sp,sp,Animalia,Insecta,Coleoptera,Chrysomelidae,Monoxia,sp,Asynaptic,Asynaptic,Heterogametic,XY,18
Animalia|Insecta|Coleoptera|Chrysomelidae|Monoxia|sp.,sp.,Animalia,Insecta,Coleoptera,Chrysomelidae,Monoxia,sp.,Asynaptic,Asynaptic,Heterogametic,XY,20
Animalia|Insecta|Coleoptera|Chrysomelidae|Neocrepidodera|transversa,transversa,Animalia,Insecta,Coleoptera,Chrysomelidae,Neocrepidodera,transversa,Asynaptic,Asynaptic,Heterogametic,XY,38
Animalia|Insecta|Coleoptera|Chrysomelidae|Nodonota|aridicola,aridicola,Animalia,Insecta,Coleoptera,Chrysomelidae,Nodonota,aridicola,Asynaptic,Asynaptic,Heterogametic,XY,12
Animalia|Insecta|Coleoptera|Chrysomelidae|Nodonota|lateralis,lateralis,Animalia,Insecta,Coleoptera,Chrysomelidae,Nodonota,lateralis,Asynaptic,Asynaptic,Heterogametic,XY,12
Animalia|Insecta|Coleoptera|Chrysomelidae|Nodonota|puncticollis,puncticollis,Animalia,Insecta,Coleoptera,Chrysomelidae,Nodonota,puncticollis,Asynaptic,Asynaptic,Heterogametic,XY,12
Animalia|Insecta|Coleoptera|Chrysomelidae|Nodonota|virdis,virdis,Animalia,Insecta,Coleoptera,Chrysomelidae,Nodonota,virdis,Asynaptic,Asynaptic,Heterogametic,XY,16
Animalia|Insecta|Coleoptera|Chrysomelidae|Notosacantha|maculipennis,maculipennis,Animalia,Insecta,Coleoptera,Chrysomelidae,Notosacantha,maculipennis,Asynaptic,Asynaptic,Heterogametic,XY,16
Animalia|Insecta|Coleoptera|Chrysomelidae|Octotoma|scabripennis,scabripennis,Animalia,Insecta,Coleoptera,Chrysomelidae,Octotoma,scabripennis,Asynaptic,Asynaptic,Heterogametic,XY,20
Animalia|Insecta|Coleoptera|Chrysomelidae|Odontota|dorsalis,dorsalis,Animalia,Insecta,Coleoptera,Chrysomelidae,Odontota,dorsalis,Asynaptic,Asynaptic,Heterogametic,XY,16
Animalia|Insecta|Coleoptera|Chrysomelidae|Oedionychus|cinctus,cinctus,Animalia,Insecta,Coleoptera,Chrysomelidae,Oedionychus,cinctus,Asynaptic,Asynaptic,Heterogametic,XY,16
Animalia|Insecta|Coleoptera|Chrysomelidae|Oedionychus|limbatus,limbatus,Animalia,Insecta,Coleoptera,Chrysomelidae,Oedionychus,limbatus,Asynaptic,Asynaptic,Heterogametic,XY,16
Animalia|Insecta|Coleoptera|Chrysomelidae|Oedionychus|sp.,sp.,Animalia,Insecta,Coleoptera,Chrysomelidae,Oedionychus,sp.,Asynaptic,Asynaptic,Heterogametic,XY,22
Animalia|Insecta|Coleoptera|Chrysomelidae|Oedionychus|umbratica,umbratica,Animalia,Insecta,Coleoptera,Chrysomelidae,Oedionychus,umbratica,Asynaptic,Asynaptic,Heterogametic,XY,22
Animalia|Insecta|Coleoptera|Chrysomelidae|Omophoita|aequatorialis,aequatorialis,Animalia,Insecta,Coleoptera,Chrysomelidae,Omophoita,aequatorialis,Asynaptic,Asynaptic,Heterogametic,XY,22
Animalia|Insecta|Coleoptera|Chrysomelidae|Omophoita|aequinoctialis,aequinoctialis,Animalia,Insecta,Coleoptera,Chrysomelidae,Omophoita,aequinoctialis,Asynaptic,Asynaptic,Heterogametic,XY,22
Animalia|Insecta|Coleoptera|Chrysomelidae|Omophoita|albicollis,albicollis,Animalia,Insecta,Coleoptera,Chrysomelidae,Omophoita,albicollis,Asynaptic,Asynaptic,Heterogametic,XY,22
Animalia|Insecta|Coleoptera|Chrysomelidae|Omophoita|angustolineata,angustolineata,Animalia,Insecta,Coleoptera,Chrysomelidae,Omophoita,angustolineata,Asynaptic,Asynaptic,Heterogametic,XY,22
Animalia|Insecta|Coleoptera|Chrysomelidae|Omophoita|annularis,annularis,Animalia,Insecta,Coleoptera,Chrysomelidae,Omophoita,annularis,Asynaptic,Asynaptic,Heterogametic,XY,22
Animalia|Insecta|Coleoptera|Chrysomelidae|Omophoita|clerica,clerica,Animalia,Insecta,Coleoptera,Chrysomelidae,Omophoita,clerica,Asynaptic,Asynaptic,Heterogametic,NA,22
Animalia|Insecta|Coleoptera|Chrysomelidae|Omophoita|cyanipennis,cyanipennis,Animalia,Insecta,Coleoptera,Chrysomelidae,Omophoita,cyanipennis,Asynaptic,Asynaptic,Heterogametic,XY,22
Animalia|Insecta|Coleoptera|Chrysomelidae|Omophoita|latitarsis,latitarsis,Animalia,Insecta,Coleoptera,Chrysomelidae,Omophoita,latitarsis,Asynaptic,Asynaptic,Heterogametic,XY,22
Animalia|Insecta|Coleoptera|Chrysomelidae|Omophoita|luta,luta,Animalia,Insecta,Coleoptera,Chrysomelidae,Omophoita,luta,Asynaptic,Asynaptic,Heterogametic,XY,24
Animalia|Insecta|Coleoptera|Chrysomelidae|Omophoita|magniguttis,magniguttis,Animalia,Insecta,Coleoptera,Chrysomelidae,Omophoita,magniguttis,Asynaptic,Asynaptic,Heterogametic,XY,22
Animalia|Insecta|Coleoptera|Chrysomelidae|Omophoita|octoguttata,octoguttata,Animalia,Insecta,Coleoptera,Chrysomelidae,Omophoita,octoguttata,Asynaptic,Asynaptic,Heterogametic,XY,22
Animalia|Insecta|Coleoptera|Chrysomelidae|Omophoita|persota,persota,Animalia,Insecta,Coleoptera,Chrysomelidae,Omophoita,persota,Asynaptic,Asynaptic,Heterogametic,XY,22
Animalia|Insecta|Coleoptera|Chrysomelidae|Omophoita|quadrinotata,quadrinotata,Animalia,Insecta,Coleoptera,Chrysomelidae,Omophoita,quadrinotata,Asynaptic,Asynaptic,Heterogametic,XY,22
Animalia|Insecta|Coleoptera|Chrysomelidae|Omophoita|sexnotata,sexnotata,Animalia,Insecta,Coleoptera,Chrysomelidae,Omophoita,sexnotata,Asynaptic,Asynaptic,Heterogametic,XY,22
Animalia|Insecta|Coleoptera|Chrysomelidae|Omophoita|superba,superba,Animalia,Insecta,Coleoptera,Chrysomelidae,Omophoita,superba,Asynaptic,Asynaptic,Heterogametic,XY,22
Animalia|Insecta|Coleoptera|Chrysomelidae|Oocassida|pudibunda,pudibunda,Animalia,Insecta,Coleoptera,Chrysomelidae,Oocassida,pudibunda,Asynaptic,Asynaptic,Heterogametic,XY,0
Animalia|Insecta|Coleoptera|Chrysomelidae|Ophrida|marmorea,marmorea,Animalia,Insecta,Coleoptera,Chrysomelidae,Ophrida,marmorea,Asynaptic,Asynaptic,Heterogametic,XY,32
Animalia|Insecta|Coleoptera|Chrysomelidae|Oreina|elongata,elongata,Animalia,Insecta,Coleoptera,Chrysomelidae,Oreina,elongata,Asynaptic,Asynaptic,Heterogametic,XY,24
Animalia|Insecta|Coleoptera|Chrysomelidae|Oreina|fairmairiana,fairmairiana,Animalia,Insecta,Coleoptera,Chrysomelidae,Oreina,fairmairiana,Asynaptic,Asynaptic,Heterogametic,XY,24
Animalia|Insecta|Coleoptera|Chrysomelidae|Oreina|ganglbaueri,ganglbaueri,Animalia,Insecta,Coleoptera,Chrysomelidae,Oreina,ganglbaueri,Asynaptic,Asynaptic,Heterogametic,XY,24
Animalia|Insecta|Coleoptera|Chrysomelidae|Oreina|intricata,intricata,Animalia,Insecta,Coleoptera,Chrysomelidae,Oreina,intricata,Asynaptic,Asynaptic,Heterogametic,XY,24
Animalia|Insecta|Coleoptera|Chrysomelidae|Oreina|variabilis,variabilis,Animalia,Insecta,Coleoptera,Chrysomelidae,Oreina,variabilis,Asynaptic,Asynaptic,Heterogametic,XY,24
Animalia|Insecta|Coleoptera|Chrysomelidae|Oreina|virgulata,virgulata,Animalia,Insecta,Coleoptera,Chrysomelidae,Oreina,virgulata,Asynaptic,Asynaptic,Heterogametic,XY,24
Animalia|Insecta|Coleoptera|Chrysomelidae|Oreinana|alpestris,alpestris,Animalia,Insecta,Coleoptera,Chrysomelidae,Oreinana,alpestris,Asynaptic,Asynaptic,Heterogametic,XY,24
Animalia|Insecta|Coleoptera|Chrysomelidae|Oreinana|cacaliae,cacaliae,Animalia,Insecta,Coleoptera,Chrysomelidae,Oreinana,cacaliae,Asynaptic,Asynaptic,Heterogametic,XY,24
Animalia|Insecta|Coleoptera|Chrysomelidae|Oulema|downesi,downesi,Animalia,Insecta,Coleoptera,Chrysomelidae,Oulema,downesi,Asynaptic,Asynaptic,Heterogametic,XY,22
Animalia|Insecta|Coleoptera|Chrysomelidae|Oulema|gallaecia,gallaecia,Animalia,Insecta,Coleoptera,Chrysomelidae,Oulema,gallaecia,Asynaptic,Asynaptic,Heterogametic,XY,16
Animalia|Insecta|Coleoptera|Chrysomelidae|Oulema|hoffmannseggi,hoffmannseggi,Animalia,Insecta,Coleoptera,Chrysomelidae,Oulema,hoffmannseggi,Asynaptic,Asynaptic,Heterogametic,XY,16
Animalia|Insecta|Coleoptera|Chrysomelidae|Oulema|melanopus,melanopus,Animalia,Insecta,Coleoptera,Chrysomelidae,Oulema,melanopus,Asynaptic,Asynaptic,Heterogametic,XY,16
Animalia|Insecta|Coleoptera|Chrysomelidae|Oulema|tristis,tristis,Animalia,Insecta,Coleoptera,Chrysomelidae,Oulema,tristis,Asynaptic,Asynaptic,Heterogametic,XY,16
Animalia|Insecta|Coleoptera|Chrysomelidae|Oxylepus|deflexicollis,deflexicollis,Animalia,Insecta,Coleoptera,Chrysomelidae,Oxylepus,deflexicollis,Asynaptic,Asynaptic,Heterogametic,XY,18
Animalia|Insecta|Coleoptera|Chrysomelidae|Pachybrachus|azuereus,azuereus,Animalia,Insecta,Coleoptera,Chrysomelidae,Pachybrachus,azuereus,Asynaptic,Asynaptic,Heterogametic,XY,16
Animalia|Insecta|Coleoptera|Chrysomelidae|Pachybrachus|bivittatus,bivittatus,Animalia,Insecta,Coleoptera,Chrysomelidae,Pachybrachus,bivittatus,Asynaptic,Asynaptic,Heterogametic,XY,16
Animalia|Insecta|Coleoptera|Chrysomelidae|Pachybrachus|catalonicus,catalonicus,Animalia,Insecta,Coleoptera,Chrysomelidae,Pachybrachus,catalonicus,Asynaptic,Asynaptic,Heterogametic,XY,16
Animalia|Insecta|Coleoptera|Chrysomelidae|Pachybrachus|melanostrictus,melanostrictus,Animalia,Insecta,Coleoptera,Chrysomelidae,Pachybrachus,melanostrictus,Asynaptic,Asynaptic,Heterogametic,XY,16
Animalia|Insecta|Coleoptera|Chrysomelidae|Pachybrachus|peccans,peccans,Animalia,Insecta,Coleoptera,Chrysomelidae,Pachybrachus,peccans,Asynaptic,Asynaptic,Heterogametic,XY,16
Animalia|Insecta|Coleoptera|Chrysomelidae|Pachybrachus|petitpierrei,petitpierrei,Animalia,Insecta,Coleoptera,Chrysomelidae,Pachybrachus,petitpierrei,Asynaptic,Asynaptic,Heterogametic,XY,16
Animalia|Insecta|Coleoptera|Chrysomelidae|Pachymerus|chinensis,chinensis,Animalia,Insecta,Coleoptera,Chrysomelidae,Pachymerus,chinensis,Asynaptic,Asynaptic,Heterogametic,XY,20
Animalia|Insecta|Coleoptera|Chrysomelidae|Paranaita|bilimbata,bilimbata,Animalia,Insecta,Coleoptera,Chrysomelidae,Paranaita,bilimbata,Asynaptic,Asynaptic,Heterogametic,XY,22
Animalia|Insecta|Coleoptera|Chrysomelidae|Paranaita|opima,opima,Animalia,Insecta,Coleoptera,Chrysomelidae,Paranaita,opima,Asynaptic,Asynaptic,Heterogametic,XY,22
Animalia|Insecta|Coleoptera|Chrysomelidae|Paranaita|sanguinipes,sanguinipes,Animalia,Insecta,Coleoptera,Chrysomelidae,Paranaita,sanguinipes,Asynaptic,Asynaptic,Heterogametic,XY,22
Animalia|Insecta|Coleoptera|Chrysomelidae|Paraselenis|flava,flava,Animalia,Insecta,Coleoptera,Chrysomelidae,Paraselenis,flava,Asynaptic,Asynaptic,Heterogametic,XY,42
Animalia|Insecta|Coleoptera|Chrysomelidae|Parasyphraea|sp.,sp.,Animalia,Insecta,Coleoptera,Chrysomelidae,Parasyphraea,sp.,Asynaptic,Asynaptic,Heterogametic,XY,20
Animalia|Insecta|Coleoptera|Chrysomelidae|Paria|sp.,sp.,Animalia,Insecta,Coleoptera,Chrysomelidae,Paria,sp.,Asynaptic,Asynaptic,Heterogametic,XY,16
Animalia|Insecta|Coleoptera|Chrysomelidae|Paropsis|aegrota,aegrota,Animalia,Insecta,Coleoptera,Chrysomelidae,Paropsis,aegrota,Asynaptic,Asynaptic,Heterogametic,XY,24
Animalia|Insecta|Coleoptera|Chrysomelidae|Paropsis|atomaria,atomaria,Animalia,Insecta,Coleoptera,Chrysomelidae,Paropsis,atomaria,Asynaptic,Asynaptic,Heterogametic,XY,24
Animalia|Insecta|Coleoptera|Chrysomelidae|Paropsis|porosa,porosa,Animalia,Insecta,Coleoptera,Chrysomelidae,Paropsis,porosa,Asynaptic,Asynaptic,Heterogametic,XY,24
Animalia|Insecta|Coleoptera|Chrysomelidae|Paropsis|rubidipes,rubidipes,Animalia,Insecta,Coleoptera,Chrysomelidae,Paropsis,rubidipes,Asynaptic,Asynaptic,Heterogametic,XY,24
Animalia|Insecta|Coleoptera|Chrysomelidae|Paropsisterna|beata,beata,Animalia,Insecta,Coleoptera,Chrysomelidae,Paropsisterna,beata,Asynaptic,Asynaptic,Heterogametic,XY,24
Animalia|Insecta|Coleoptera|Chrysomelidae|Paropsisterna|nucea,nucea,Animalia,Insecta,Coleoptera,Chrysomelidae,Paropsisterna,nucea,Asynaptic,Asynaptic,Heterogametic,XY,24
Animalia|Insecta|Coleoptera|Chrysomelidae|Paropsisterna|octosignata,octosignata,Animalia,Insecta,Coleoptera,Chrysomelidae,Paropsisterna,octosignata,Asynaptic,Asynaptic,Heterogametic,XY,24
Animalia|Insecta|Coleoptera|Chrysomelidae|Phaedon|affine,affine,Animalia,Insecta,Coleoptera,Chrysomelidae,Phaedon,affine,Asynaptic,Asynaptic,Heterogametic,XY,34
Animalia|Insecta|Coleoptera|Chrysomelidae|Phaedon|cochleariae,cochleariae,Animalia,Insecta,Coleoptera,Chrysomelidae,Phaedon,cochleariae,Asynaptic,Asynaptic,Heterogametic,XY,34
Animalia|Insecta|Coleoptera|Chrysomelidae|Phaedon|consimile,consimile,Animalia,Insecta,Coleoptera,Chrysomelidae,Phaedon,consimile,Asynaptic,Asynaptic,Heterogametic,XY,34
Animalia|Insecta|Coleoptera|Chrysomelidae|Phaedon|cyanopterum,cyanopterum,Animalia,Insecta,Coleoptera,Chrysomelidae,Phaedon,cyanopterum,Asynaptic,Asynaptic,Heterogametic,XY,34
Animalia|Insecta|Coleoptera|Chrysomelidae|Phaedon|tumidulus,tumidulus,Animalia,Insecta,Coleoptera,Chrysomelidae,Phaedon,tumidulus,Asynaptic,Asynaptic,Heterogametic,XY,34
Animalia|Insecta|Coleoptera|Chrysomelidae|Phanaeta|aida,aida,Animalia,Insecta,Coleoptera,Chrysomelidae,Phanaeta,aida,Asynaptic,Asynaptic,Heterogametic,XY,20
Animalia|Insecta|Coleoptera|Chrysomelidae|Phenrica|aequinoctialiformis,aequinoctialiformis,Animalia,Insecta,Coleoptera,Chrysomelidae,Phenrica,aequinoctialiformis,Asynaptic,Asynaptic,Heterogametic,NA,40
Animalia|Insecta|Coleoptera|Chrysomelidae|Phenrica|austriaca,austriaca,Animalia,Insecta,Coleoptera,Chrysomelidae,Phenrica,austriaca,Asynaptic,Asynaptic,Heterogametic,NA,46
Animalia|Insecta|Coleoptera|Chrysomelidae|Philhydronopa|sp.,sp.,Animalia,Insecta,Coleoptera,Chrysomelidae,Philhydronopa,sp.,Asynaptic,Asynaptic,Heterogametic,XY,24
Animalia|Insecta|Coleoptera|Chrysomelidae|Phratora|laticollis,laticollis,Animalia,Insecta,Coleoptera,Chrysomelidae,Phratora,laticollis,Asynaptic,Asynaptic,Heterogametic,XY,34
Animalia|Insecta|Coleoptera|Chrysomelidae|Phratora|polaris,polaris,Animalia,Insecta,Coleoptera,Chrysomelidae,Phratora,polaris,Asynaptic,Asynaptic,Heterogametic,XY,34
Animalia|Insecta|Coleoptera|Chrysomelidae|Phratora|tibialis,tibialis,Animalia,Insecta,Coleoptera,Chrysomelidae,Phratora,tibialis,Asynaptic,Asynaptic,Heterogametic,XY,34
Animalia|Insecta|Coleoptera|Chrysomelidae|Phratora|vitellinae,vitellinae,Animalia,Insecta,Coleoptera,Chrysomelidae,Phratora,vitellinae,Asynaptic,Asynaptic,Heterogametic,XY,34
Animalia|Insecta|Coleoptera|Chrysomelidae|Phratora|vulgatissima,vulgatissima,Animalia,Insecta,Coleoptera,Chrysomelidae,Phratora,vulgatissima,Asynaptic,Asynaptic,Heterogametic,XY,34
Animalia|Insecta|Coleoptera|Chrysomelidae|Phyllotreta|diademata,diademata,Animalia,Insecta,Coleoptera,Chrysomelidae,Phyllotreta,diademata,Asynaptic,Asynaptic,Heterogametic,XY,30
Animalia|Insecta|Coleoptera|Chrysomelidae|Phyllotreta|fallax,fallax,Animalia,Insecta,Coleoptera,Chrysomelidae,Phyllotreta,fallax,Asynaptic,Asynaptic,Heterogametic,XY,32
Animalia|Insecta|Coleoptera|Chrysomelidae|Phyllotreta|nemorum,nemorum,Animalia,Insecta,Coleoptera,Chrysomelidae,Phyllotreta,nemorum,Asynaptic,Asynaptic,Heterogametic,XY,32
Animalia|Insecta|Coleoptera|Chrysomelidae|Plagiodera|atritarsis,atritarsis,Animalia,Insecta,Coleoptera,Chrysomelidae,Plagiodera,atritarsis,Asynaptic,Asynaptic,Heterogametic,XY,30
Animalia|Insecta|Coleoptera|Chrysomelidae|Plagiodera|erythroptera,erythroptera,Animalia,Insecta,Coleoptera,Chrysomelidae,Plagiodera,erythroptera,Asynaptic,Asynaptic,Heterogametic,XY,30
Animalia|Insecta|Coleoptera|Chrysomelidae|Plagiodera|rufescens,rufescens,Animalia,Insecta,Coleoptera,Chrysomelidae,Plagiodera,rufescens,Asynaptic,Asynaptic,Heterogametic,XY,30
Animalia|Insecta|Coleoptera|Chrysomelidae|Plagiodera|versicolora,versicolora,Animalia,Insecta,Coleoptera,Chrysomelidae,Plagiodera,versicolora,Asynaptic,Asynaptic,Heterogametic,XY,28
Animalia|Insecta|Coleoptera|Chrysomelidae|Platycorinus|modestus,modestus,Animalia,Insecta,Coleoptera,Chrysomelidae,Platycorinus,modestus,Asynaptic,Asynaptic,Heterogametic,XY,28
Animalia|Insecta|Coleoptera|Chrysomelidae|Platycorinus|peregrinus,peregrinus,Animalia,Insecta,Coleoptera,Chrysomelidae,Platycorinus,peregrinus,Asynaptic,Asynaptic,Heterogametic,XY,28
Animalia|Insecta|Coleoptera|Chrysomelidae|Platycorinus|sp.,sp.,Animalia,Insecta,Coleoptera,Chrysomelidae,Platycorinus,sp.,Asynaptic,Asynaptic,Heterogametic,XY,26
Animalia|Insecta|Coleoptera|Chrysomelidae|Platyphora|aulica,aulica,Animalia,Insecta,Coleoptera,Chrysomelidae,Platyphora,aulica,Asynaptic,Asynaptic,Heterogametic,XY,24
Animalia|Insecta|Coleoptera|Chrysomelidae|Platyphora|spectablis,spectablis,Animalia,Insecta,Coleoptera,Chrysomelidae,Platyphora,spectablis,Asynaptic,Asynaptic,Heterogametic,XY,24
Animalia|Insecta|Coleoptera|Chrysomelidae|Platypria|hystrix,hystrix,Animalia,Insecta,Coleoptera,Chrysomelidae,Platypria,hystrix,Asynaptic,Asynaptic,Heterogametic,XY,16
Animalia|Insecta|Coleoptera|Chrysomelidae|Platyprosopus|rubidus,rubidus,Animalia,Insecta,Coleoptera,Chrysomelidae,Platyprosopus,rubidus,Asynaptic,Asynaptic,Heterogametic,XY,22
Animalia|Insecta|Coleoptera|Chrysomelidae|Podagrica|fuscicornis,fuscicornis,Animalia,Insecta,Coleoptera,Chrysomelidae,Podagrica,fuscicornis,Asynaptic,Asynaptic,Heterogametic,XY,40
Animalia|Insecta|Coleoptera|Chrysomelidae|Podagrica|fuscipes,fuscipes,Animalia,Insecta,Coleoptera,Chrysomelidae,Podagrica,fuscipes,Asynaptic,Asynaptic,Heterogametic,XY,40
Animalia|Insecta|Coleoptera|Chrysomelidae|Podagrica|malvae,malvae,Animalia,Insecta,Coleoptera,Chrysomelidae,Podagrica,malvae,Asynaptic,Asynaptic,Heterogametic,XY,40
Animalia|Insecta|Coleoptera|Chrysomelidae|Podagrica|menestriesi,menestriesi,Animalia,Insecta,Coleoptera,Chrysomelidae,Podagrica,menestriesi,Asynaptic,Asynaptic,Heterogametic,XY,40
Animalia|Insecta|Coleoptera|Chrysomelidae|Polyconia|caroli,caroli,Animalia,Insecta,Coleoptera,Chrysomelidae,Polyconia,caroli,Asynaptic,Asynaptic,Heterogametic,XY,16
Animalia|Insecta|Coleoptera|Chrysomelidae|Psylliodes|algirica,algirica,Animalia,Insecta,Coleoptera,Chrysomelidae,Psylliodes,algirica,Asynaptic,Asynaptic,Heterogametic,XY,30
Animalia|Insecta|Coleoptera|Chrysomelidae|Psylliodes|chrysocephalus,chrysocephalus,Animalia,Insecta,Coleoptera,Chrysomelidae,Psylliodes,chrysocephalus,Asynaptic,Asynaptic,Heterogametic,XY,36
Animalia|Insecta|Coleoptera|Chrysomelidae|Psylliodes|circumdata,circumdata,Animalia,Insecta,Coleoptera,Chrysomelidae,Psylliodes,circumdata,Asynaptic,Asynaptic,Heterogametic,XY,32
Animalia|Insecta|Coleoptera|Chrysomelidae|Psylliodes|cupreus,cupreus,Animalia,Insecta,Coleoptera,Chrysomelidae,Psylliodes,cupreus,Asynaptic,Asynaptic,Heterogametic,XY,34
Animalia|Insecta|Coleoptera|Chrysomelidae|Psylliodes|marcidus,marcidus,Animalia,Insecta,Coleoptera,Chrysomelidae,Psylliodes,marcidus,Asynaptic,Asynaptic,Heterogametic,XY,34
Animalia|Insecta|Coleoptera|Chrysomelidae|Psylliodes|napi,napi,Animalia,Insecta,Coleoptera,Chrysomelidae,Psylliodes,napi,Asynaptic,Asynaptic,Heterogametic,XY,34
Animalia|Insecta|Coleoptera|Chrysomelidae|Psylliodes|obscuroaeneus,obscuroaeneus,Animalia,Insecta,Coleoptera,Chrysomelidae,Psylliodes,obscuroaeneus,Asynaptic,Asynaptic,Heterogametic,XY,32
Animalia|Insecta|Coleoptera|Chrysomelidae|Psylliodes|thlaspis,thlaspis,Animalia,Insecta,Coleoptera,Chrysomelidae,Psylliodes,thlaspis,Asynaptic,Asynaptic,Heterogametic,XY,34
Animalia|Insecta|Coleoptera|Chrysomelidae|Pyrrhalta|viburni,viburni,Animalia,Insecta,Coleoptera,Chrysomelidae,Pyrrhalta,viburni,Asynaptic,Asynaptic,Heterogametic,XY,36
Animalia|Insecta|Coleoptera|Chrysomelidae|Rhytidocassis|indicola,indicola,Animalia,Insecta,Coleoptera,Chrysomelidae,Rhytidocassis,indicola,Asynaptic,Asynaptic,Heterogametic,XY,18
Animalia|Insecta|Coleoptera|Chrysomelidae|Sceloenopla|mantecada,mantecada,Animalia,Insecta,Coleoptera,Chrysomelidae,Sceloenopla,mantecada,Asynaptic,Asynaptic,Heterogametic,XY,18
Animalia|Insecta|Coleoptera|Chrysomelidae|Sermylassa|halensis,halensis,Animalia,Insecta,Coleoptera,Chrysomelidae,Sermylassa,halensis,Asynaptic,Asynaptic,Heterogametic,XY,44
Animalia|Insecta|Coleoptera|Chrysomelidae|Smaragdina|longicornis,longicornis,Animalia,Insecta,Coleoptera,Chrysomelidae,Smaragdina,longicornis,Asynaptic,Asynaptic,Heterogametic,XY,24
Animalia|Insecta|Coleoptera|Chrysomelidae|Specularius|maindroni,maindroni,Animalia,Insecta,Coleoptera,Chrysomelidae,Specularius,maindroni,Asynaptic,Asynaptic,Heterogametic,XY,22
Animalia|Insecta|Coleoptera|Chrysomelidae|Spermophagus|latescenta,latescenta,Animalia,Insecta,Coleoptera,Chrysomelidae,Spermophagus,latescenta,Asynaptic,Asynaptic,Heterogametic,XY,32
Animalia|Insecta|Coleoptera|Chrysomelidae|Spintherophyta|sp.,sp.,Animalia,Insecta,Coleoptera,Chrysomelidae,Spintherophyta,sp.,Asynaptic,Asynaptic,Heterogametic,XY,12
Animalia|Insecta|Coleoptera|Chrysomelidae|Sterromela|interlita,interlita,Animalia,Insecta,Coleoptera,Chrysomelidae,Sterromela,interlita,Asynaptic,Asynaptic,Heterogametic,XY,24
Animalia|Insecta|Coleoptera|Chrysomelidae|Sterromela|lineata,lineata,Animalia,Insecta,Coleoptera,Chrysomelidae,Sterromela,lineata,Asynaptic,Asynaptic,Heterogametic,XY,24
Animalia|Insecta|Coleoptera|Chrysomelidae|Stolas|chalybeus,chalybeus,Animalia,Insecta,Coleoptera,Chrysomelidae,Stolas,chalybeus,Asynaptic,Asynaptic,Heterogametic,XY,24
Animalia|Insecta|Coleoptera|Chrysomelidae|Stolas|festiva,festiva,Animalia,Insecta,Coleoptera,Chrysomelidae,Stolas,festiva,Asynaptic,Asynaptic,Heterogametic,XY,22
Animalia|Insecta|Coleoptera|Chrysomelidae|Stolas|lacordairei,lacordairei,Animalia,Insecta,Coleoptera,Chrysomelidae,Stolas,lacordairei,Asynaptic,Asynaptic,Heterogametic,XY,30
Animalia|Insecta|Coleoptera|Chrysomelidae|Stolas|sp.,sp.,Animalia,Insecta,Coleoptera,Chrysomelidae,Stolas,sp.,Asynaptic,Asynaptic,Heterogametic,NA,30
Animalia|Insecta|Coleoptera|Chrysomelidae|Strichosa|eburata,eburata,Animalia,Insecta,Coleoptera,Chrysomelidae,Strichosa,eburata,Asynaptic,Asynaptic,Heterogametic,XY,24
Animalia|Insecta|Coleoptera|Chrysomelidae|Syphraea|cubana,cubana,Animalia,Insecta,Coleoptera,Chrysomelidae,Syphraea,cubana,Asynaptic,Asynaptic,Heterogametic,XY,24
Animalia|Insecta|Coleoptera|Chrysomelidae|Syphraea|cylindrica,cylindrica,Animalia,Insecta,Coleoptera,Chrysomelidae,Syphraea,cylindrica,Asynaptic,Asynaptic,Heterogametic,XY,24
Animalia|Insecta|Coleoptera|Chrysomelidae|Timarcha|affinis,affinis,Animalia,Insecta,Coleoptera,Chrysomelidae,Timarcha,affinis,Asynaptic,Asynaptic,Heterogametic,XY,20
Animalia|Insecta|Coleoptera|Chrysomelidae|Timarcha|balearica,balearica,Animalia,Insecta,Coleoptera,Chrysomelidae,Timarcha,balearica,Asynaptic,Asynaptic,Heterogametic,XY,22
Animalia|Insecta|Coleoptera|Chrysomelidae|Timarcha|calceata,calceata,Animalia,Insecta,Coleoptera,Chrysomelidae,Timarcha,calceata,Asynaptic,Asynaptic,Heterogametic,XY,30
Animalia|Insecta|Coleoptera|Chrysomelidae|Timarcha|carmelee,carmelee,Animalia,Insecta,Coleoptera,Chrysomelidae,Timarcha,carmelee,Asynaptic,Asynaptic,Heterogametic,XY,20
Animalia|Insecta|Coleoptera|Chrysomelidae|Timarcha|catalaunensis,catalaunensis,Animalia,Insecta,Coleoptera,Chrysomelidae,Timarcha,catalaunensis,Asynaptic,Asynaptic,Heterogametic,XY,20
Animalia|Insecta|Coleoptera|Chrysomelidae|Timarcha|cyanescens,cyanescens,Animalia,Insecta,Coleoptera,Chrysomelidae,Timarcha,cyanescens,Asynaptic,Asynaptic,Heterogametic,XY,20
Animalia|Insecta|Coleoptera|Chrysomelidae|Timarcha|erosa,erosa,Animalia,Insecta,Coleoptera,Chrysomelidae,Timarcha,erosa,Asynaptic,Asynaptic,Heterogametic,XY,20
Animalia|Insecta|Coleoptera|Chrysomelidae|Timarcha|espanoli,espanoli,Animalia,Insecta,Coleoptera,Chrysomelidae,Timarcha,espanoli,Asynaptic,Asynaptic,Heterogametic,XY,26
Animalia|Insecta|Coleoptera|Chrysomelidae|Timarcha|fallax,fallax,Animalia,Insecta,Coleoptera,Chrysomelidae,Timarcha,fallax,Asynaptic,Asynaptic,Heterogametic,XY,20
Animalia|Insecta|Coleoptera|Chrysomelidae|Timarcha|geniculata,geniculata,Animalia,Insecta,Coleoptera,Chrysomelidae,Timarcha,geniculata,Asynaptic,Asynaptic,Heterogametic,XY,20
Animalia|Insecta|Coleoptera|Chrysomelidae|Timarcha|goettingensis,goettingensis,Animalia,Insecta,Coleoptera,Chrysomelidae,Timarcha,goettingensis,Asynaptic,Asynaptic,Heterogametic,XY,20
Animalia|Insecta|Coleoptera|Chrysomelidae|Timarcha|insparsa,insparsa,Animalia,Insecta,Coleoptera,Chrysomelidae,Timarcha,insparsa,Asynaptic,Asynaptic,Heterogametic,XY,20
Animalia|Insecta|Coleoptera|Chrysomelidae|Timarcha|intermedia,intermedia,Animalia,Insecta,Coleoptera,Chrysomelidae,Timarcha,intermedia,Asynaptic,Asynaptic,Heterogametic,XY,20
Animalia|Insecta|Coleoptera|Chrysomelidae|Timarcha|interstitialis,interstitialis,Animalia,Insecta,Coleoptera,Chrysomelidae,Timarcha,interstitialis,Asynaptic,Asynaptic,Heterogametic,XY,20
Animalia|Insecta|Coleoptera|Chrysomelidae|Timarcha|intricata,intricata,Animalia,Insecta,Coleoptera,Chrysomelidae,Timarcha,intricata,Asynaptic,Asynaptic,Heterogametic,XY,44
Animalia|Insecta|Coleoptera|Chrysomelidae|Timarcha|laevigata,laevigata,Animalia,Insecta,Coleoptera,Chrysomelidae,Timarcha,laevigata,Asynaptic,Asynaptic,Heterogametic,XY,28
Animalia|Insecta|Coleoptera|Chrysomelidae|Timarcha|lugens,lugens,Animalia,Insecta,Coleoptera,Chrysomelidae,Timarcha,lugens,Asynaptic,Asynaptic,Heterogametic,XY,20
Animalia|Insecta|Coleoptera|Chrysomelidae|Timarcha|marginicollis,marginicollis,Animalia,Insecta,Coleoptera,Chrysomelidae,Timarcha,marginicollis,Asynaptic,Asynaptic,Heterogametic,XY,20
Animalia|Insecta|Coleoptera|Chrysomelidae|Timarcha|maritima,maritima,Animalia,Insecta,Coleoptera,Chrysomelidae,Timarcha,maritima,Asynaptic,Asynaptic,Heterogametic,XY,20
Animalia|Insecta|Coleoptera|Chrysomelidae|Timarcha|metallica,metallica,Animalia,Insecta,Coleoptera,Chrysomelidae,Timarcha,metallica,Asynaptic,Asynaptic,Heterogametic,XY,20
Animalia|Insecta|Coleoptera|Chrysomelidae|Timarcha|monserratensis,monserratensis,Animalia,Insecta,Coleoptera,Chrysomelidae,Timarcha,monserratensis,Asynaptic,Asynaptic,Heterogametic,XY,20
Animalia|Insecta|Coleoptera|Chrysomelidae|Timarcha|parvicollis,parvicollis,Animalia,Insecta,Coleoptera,Chrysomelidae,Timarcha,parvicollis,Asynaptic,Asynaptic,Heterogametic,XY,24
Animalia|Insecta|Coleoptera|Chrysomelidae|Timarcha|perezi,perezi,Animalia,Insecta,Coleoptera,Chrysomelidae,Timarcha,perezi,Asynaptic,Asynaptic,Heterogametic,XY,20
Animalia|Insecta|Coleoptera|Chrysomelidae|Timarcha|pimelioides,pimelioides,Animalia,Insecta,Coleoptera,Chrysomelidae,Timarcha,pimelioides,Asynaptic,Asynaptic,Heterogametic,XY,28
Animalia|Insecta|Coleoptera|Chrysomelidae|Timarcha|pratensis,pratensis,Animalia,Insecta,Coleoptera,Chrysomelidae,Timarcha,pratensis,Asynaptic,Asynaptic,Heterogametic,XY,26
Animalia|Insecta|Coleoptera|Chrysomelidae|Timarcha|recticollis,recticollis,Animalia,Insecta,Coleoptera,Chrysomelidae,Timarcha,recticollis,Asynaptic,Asynaptic,Heterogametic,XY,20
Animalia|Insecta|Coleoptera|Chrysomelidae|Timarcha|rugosa,rugosa,Animalia,Insecta,Coleoptera,Chrysomelidae,Timarcha,rugosa,Asynaptic,Asynaptic,Heterogametic,XY,26
Animalia|Insecta|Coleoptera|Chrysomelidae|Timarcha|scabripennis,scabripennis,Animalia,Insecta,Coleoptera,Chrysomelidae,Timarcha,scabripennis,Asynaptic,Asynaptic,Heterogametic,XY,24
Animalia|Insecta|Coleoptera|Chrysomelidae|Timarcha|sicelidis,sicelidis,Animalia,Insecta,Coleoptera,Chrysomelidae,Timarcha,sicelidis,Asynaptic,Asynaptic,Heterogametic,XY,20
Animalia|Insecta|Coleoptera|Chrysomelidae|Timarcha|sinuatocollis,sinuatocollis,Animalia,Insecta,Coleoptera,Chrysomelidae,Timarcha,sinuatocollis,Asynaptic,Asynaptic,Heterogametic,XY,20
Animalia|Insecta|Coleoptera|Chrysomelidae|Timarcha|strangulata,strangulata,Animalia,Insecta,Coleoptera,Chrysomelidae,Timarcha,strangulata,Asynaptic,Asynaptic,Heterogametic,XY,28
Animalia|Insecta|Coleoptera|Chrysomelidae|Timarcha|tangeria,tangeria,Animalia,Insecta,Coleoptera,Chrysomelidae,Timarcha,tangeria,Asynaptic,Asynaptic,Heterogametic,XY,26
Animalia|Insecta|Coleoptera|Chrysomelidae|Timarcha|tenebricosa,tenebricosa,Animalia,Insecta,Coleoptera,Chrysomelidae,Timarcha,tenebricosa,Asynaptic,Asynaptic,Heterogametic,XY,22
Animalia|Insecta|Coleoptera|Chrysomelidae|Timarcha|ventricosa,ventricosa,Animalia,Insecta,Coleoptera,Chrysomelidae,Timarcha,ventricosa,Asynaptic,Asynaptic,Heterogametic,XY,26
Animalia|Insecta|Coleoptera|Chrysomelidae|Trirhabda|cadensis,cadensis,Animalia,Insecta,Coleoptera,Chrysomelidae,Trirhabda,cadensis,Asynaptic,Asynaptic,Heterogametic,XY,32
Animalia|Insecta|Coleoptera|Chrysomelidae|Typophorus|nigritus,nigritus,Animalia,Insecta,Coleoptera,Chrysomelidae,Typophorus,nigritus,Asynaptic,Asynaptic,Heterogametic,XY,20
Animalia|Insecta|Coleoptera|Chrysomelidae|Uroplata|girardi,girardi,Animalia,Insecta,Coleoptera,Chrysomelidae,Uroplata,girardi,Asynaptic,Asynaptic,Heterogametic,XY,20
Animalia|Insecta|Coleoptera|Chrysomelidae|Uroplata|nigritarsis,nigritarsis,Animalia,Insecta,Coleoptera,Chrysomelidae,Uroplata,nigritarsis,Asynaptic,Asynaptic,Heterogametic,XY,20
Animalia|Insecta|Coleoptera|Chrysomelidae|Walterianella|eugenia,eugenia,Animalia,Insecta,Coleoptera,Chrysomelidae,Walterianella,eugenia,Asynaptic,Asynaptic,Heterogametic,XY,22
Animalia|Insecta|Coleoptera|Chrysomelidae|Walterianella|humilis,humilis,Animalia,Insecta,Coleoptera,Chrysomelidae,Walterianella,humilis,Asynaptic,Asynaptic,Heterogametic,XY,22
Animalia|Insecta|Coleoptera|Chrysomelidae|Walterianella|nr.,nr.,Animalia,Insecta,Coleoptera,Chrysomelidae,Walterianella,nr.,Asynaptic,Asynaptic,Heterogametic,XY,22
Animalia|Insecta|Coleoptera|Chrysomelidae|Walterianella|opthalmica,opthalmica,Animalia,Insecta,Coleoptera,Chrysomelidae,Walterianella,opthalmica,Asynaptic,Asynaptic,Heterogametic,XY,22
Animalia|Insecta|Coleoptera|Chrysomelidae|Walterianella|sp.,sp.,Animalia,Insecta,Coleoptera,Chrysomelidae,Walterianella,sp.,Asynaptic,Asynaptic,Heterogametic,XY,22
Animalia|Insecta|Coleoptera|Chrysomelidae|Walterianella|venusta,venusta,Animalia,Insecta,Coleoptera,Chrysomelidae,Walterianella,venusta,Asynaptic,Asynaptic,Heterogametic,XY,46
Animalia|Insecta|Coleoptera|Chrysomelidae|Xanthogaleruca|luteola,luteola,Animalia,Insecta,Coleoptera,Chrysomelidae,Xanthogaleruca,luteola,Asynaptic,Asynaptic,Heterogametic,XY,72
Animalia|Insecta|Coleoptera|Chrysomelidae|Yingaresca|variicornis,variicornis,Animalia,Insecta,Coleoptera,Chrysomelidae,Yingaresca,variicornis,Asynaptic,Asynaptic,Heterogametic,XY,26
Animalia|Insecta|Coleoptera|Chrysomelidae|Zabrotes|subfasciatus,subfasciatus,Animalia,Insecta,Coleoptera,Chrysomelidae,Zabrotes,subfasciatus,Asynaptic,Asynaptic,Heterogametic,XY,26
Animalia|Insecta|Coleoptera|Chrysomelidae|Zygogramma|bicolorata,bicolorata,Animalia,Insecta,Coleoptera,Chrysomelidae,Zygogramma,bicolorata,Asynaptic,Asynaptic,Heterogametic,XY,24
Animalia|Insecta|Coleoptera|Ciidae|Octotemnus|aevis,aevis,Animalia,Insecta,Coleoptera,Ciidae,Octotemnus,aevis,Asynaptic,Asynaptic,Heterogametic,XY,22
Animalia|Insecta|Coleoptera|Ciidae|Sulcasis|lengi,lengi,Animalia,Insecta,Coleoptera,Ciidae,Sulcasis,lengi,Asynaptic,Asynaptic,Heterogametic,XY,22
Animalia|Insecta|Coleoptera|Cleridae|Enoclerus|moestus,moestus,Animalia,Insecta,Coleoptera,Cleridae,Enoclerus,moestus,Asynaptic,Asynaptic,Heterogametic,XY,18
Animalia|Insecta|Coleoptera|Cleridae|Enoclerus|nigripes,nigripes,Animalia,Insecta,Coleoptera,Cleridae,Enoclerus,nigripes,Asynaptic,Asynaptic,Heterogametic,XY,18
Animalia|Insecta|Coleoptera|Cleridae|Enoclerus|sp.,sp.,Animalia,Insecta,Coleoptera,Cleridae,Enoclerus,sp.,Asynaptic,Asynaptic,Heterogametic,XY,18
Animalia|Insecta|Coleoptera|Cleridae|Necrobia|ruficollis,ruficollis,Animalia,Insecta,Coleoptera,Cleridae,Necrobia,ruficollis,Asynaptic,Asynaptic,Heterogametic,XY,18
Animalia|Insecta|Coleoptera|Cleridae|Necrobia|rujipes,rujipes,Animalia,Insecta,Coleoptera,Cleridae,Necrobia,rujipes,Asynaptic,Asynaptic,Heterogametic,XY,18
Animalia|Insecta|Coleoptera|Cleridae|Priocera|spinosa,spinosa,Animalia,Insecta,Coleoptera,Cleridae,Priocera,spinosa,Asynaptic,Asynaptic,Heterogametic,XY,18
Animalia|Insecta|Coleoptera|Cleridae|Thanasimus|dubius,dubius,Animalia,Insecta,Coleoptera,Cleridae,Thanasimus,dubius,Asynaptic,Asynaptic,Heterogametic,XY,18
Animalia|Insecta|Coleoptera|Cleridae|Thanasimus|formicarius,formicarius,Animalia,Insecta,Coleoptera,Cleridae,Thanasimus,formicarius,Asynaptic,Asynaptic,Heterogametic,XY,18
Animalia|Insecta|Coleoptera|Cleridae|Thanasimus|undatulus,undatulus,Animalia,Insecta,Coleoptera,Cleridae,Thanasimus,undatulus,Asynaptic,Asynaptic,Heterogametic,XY,18
Animalia|Insecta|Coleoptera|Cleridae|Tilloidea|transversalis,transversalis,Animalia,Insecta,Coleoptera,Cleridae,Tilloidea,transversalis,Asynaptic,Asynaptic,Heterogametic,XY,18
Animalia|Insecta|Coleoptera|Cleridae|Trichodes|apiarius,apiarius,Animalia,Insecta,Coleoptera,Cleridae,Trichodes,apiarius,Asynaptic,Asynaptic,Heterogametic,XY,18
Animalia|Insecta|Coleoptera|Cleridae|Trichodes|favarius,favarius,Animalia,Insecta,Coleoptera,Cleridae,Trichodes,favarius,Asynaptic,Asynaptic,Heterogametic,XY,18
Animalia|Insecta|Coleoptera|Cleridae|Trichodes|nutalli,nutalli,Animalia,Insecta,Coleoptera,Cleridae,Trichodes,nutalli,Asynaptic,Asynaptic,Heterogametic,XY,18
Animalia|Insecta|Coleoptera|Cleridae|Trichodes|ornatus,ornatus,Animalia,Insecta,Coleoptera,Cleridae,Trichodes,ornatus,Asynaptic,Asynaptic,Heterogametic,XY,18
Animalia|Insecta|Coleoptera|Cleridae|Trichodes|quadriguttatus,quadriguttatus,Animalia,Insecta,Coleoptera,Cleridae,Trichodes,quadriguttatus,Asynaptic,Asynaptic,Heterogametic,XY,18
Animalia|Insecta|Coleoptera|Cleridae|Trichodes|reichei,reichei,Animalia,Insecta,Coleoptera,Cleridae,Trichodes,reichei,Asynaptic,Asynaptic,Heterogametic,XY,18
Animalia|Insecta|Coleoptera|Coccinellidae|Adalia|bipunctata,bipunctata,Animalia,Insecta,Coleoptera,Coccinellidae,Adalia,bipunctata,Asynaptic,Asynaptic,Heterogametic,XY,20
Animalia|Insecta|Coleoptera|Coccinellidae|Adalia|frigida,frigida,Animalia,Insecta,Coleoptera,Coccinellidae,Adalia,frigida,Asynaptic,Asynaptic,Heterogametic,XY,20
Animalia|Insecta|Coleoptera|Coccinellidae|Afissa|parvula,parvula,Animalia,Insecta,Coleoptera,Coccinellidae,Afissa,parvula,Asynaptic,Asynaptic,Heterogametic,XY,18
Animalia|Insecta|Coleoptera|Coccinellidae|Anisocalvia|duodecimmaculata,duodecimmaculata,Animalia,Insecta,Coleoptera,Coccinellidae,Anisocalvia,duodecimmaculata,Asynaptic,Asynaptic,Heterogametic,XY,20
Animalia|Insecta|Coleoptera|Coccinellidae|Anisocalvia|quatuordecimguttata,quatuordecimguttata,Animalia,Insecta,Coleoptera,Coccinellidae,Anisocalvia,quatuordecimguttata,Asynaptic,Asynaptic,Heterogametic,XY,20
Animalia|Insecta|Coleoptera|Coccinellidae|Aphidecta|axyridis,axyridis,Animalia,Insecta,Coleoptera,Coccinellidae,Aphidecta,axyridis,Asynaptic,Asynaptic,Heterogametic,XY,16
Animalia|Insecta|Coleoptera|Coccinellidae|Aphidecta|bruchii,bruchii,Animalia,Insecta,Coleoptera,Coccinellidae,Aphidecta,bruchii,Asynaptic,Asynaptic,Heterogametic,XY,18
Animalia|Insecta|Coleoptera|Coccinellidae|Aphidecta|californica,californica,Animalia,Insecta,Coleoptera,Coccinellidae,Aphidecta,californica,Asynaptic,Asynaptic,Heterogametic,XY,20
Animalia|Insecta|Coleoptera|Coccinellidae|Aphidecta|crotchi,crotchi,Animalia,Insecta,Coleoptera,Coccinellidae,Aphidecta,crotchi,Asynaptic,Asynaptic,Heterogametic,XY,20
Animalia|Insecta|Coleoptera|Coccinellidae|Aphidecta|novemnotata,novemnotata,Animalia,Insecta,Coleoptera,Coccinellidae,Aphidecta,novemnotata,Asynaptic,Asynaptic,Heterogametic,XY,20
Animalia|Insecta|Coleoptera|Coccinellidae|Aphidecta|repanda,repanda,Animalia,Insecta,Coleoptera,Coccinellidae,Aphidecta,repanda,Asynaptic,Asynaptic,Heterogametic,XY,20
Animalia|Insecta|Coleoptera|Coccinellidae|Aphidecta|septempunctata,septempunctata,Animalia,Insecta,Coleoptera,Coccinellidae,Aphidecta,septempunctata,Asynaptic,Asynaptic,Heterogametic,XY,20
Animalia|Insecta|Coleoptera|Coccinellidae|Aphidecta|transversalis,transversalis,Animalia,Insecta,Coleoptera,Coccinellidae,Aphidecta,transversalis,Asynaptic,Asynaptic,Heterogametic,XY,20
Animalia|Insecta|Coleoptera|Coccinellidae|Aphidecta|transversoguttata,transversoguttata,Animalia,Insecta,Coleoptera,Coccinellidae,Aphidecta,transversoguttata,Asynaptic,Asynaptic,Heterogametic,XY,20
Animalia|Insecta|Coleoptera|Coccinellidae|Aphidecta|trifasciata,trifasciata,Animalia,Insecta,Coleoptera,Coccinellidae,Aphidecta,trifasciata,Asynaptic,Asynaptic,Heterogametic,XY,20
Animalia|Insecta|Coleoptera|Coccinellidae|Chnoodes|sp.,sp.,Animalia,Insecta,Coleoptera,Coccinellidae,Chnoodes,sp.,Asynaptic,Asynaptic,Heterogametic,XY,18
Animalia|Insecta|Coleoptera|Coccinellidae|Coccidula|rufa,rufa,Animalia,Insecta,Coleoptera,Coccinellidae,Coccidula,rufa,Asynaptic,Asynaptic,Heterogametic,XY,20
Animalia|Insecta|Coleoptera|Coccinellidae|Coccidula|scutelata,scutelata,Animalia,Insecta,Coleoptera,Coccinellidae,Coccidula,scutelata,Asynaptic,Asynaptic,Heterogametic,XY,20
Animalia|Insecta|Coleoptera|Coccinellidae|Coccinella|transversalis,transversalis,Animalia,Insecta,Coleoptera,Coccinellidae,Coccinella,transversalis,Asynaptic,Asynaptic,Heterogametic,XY,20
Animalia|Insecta|Coleoptera|Coccinellidae|Coelophora|inaequalis,inaequalis,Animalia,Insecta,Coleoptera,Coccinellidae,Coelophora,inaequalis,Asynaptic,Asynaptic,Heterogametic,XY,20
Animalia|Insecta|Coleoptera|Coccinellidae|Coleomegilla|innotata,innotata,Animalia,Insecta,Coleoptera,Coccinellidae,Coleomegilla,innotata,Asynaptic,Asynaptic,Heterogametic,XY,20
Animalia|Insecta|Coleoptera|Coccinellidae|Coleomegilla|maculata,maculata,Animalia,Insecta,Coleoptera,Coccinellidae,Coleomegilla,maculata,Asynaptic,Asynaptic,Heterogametic,XY,20
Animalia|Insecta|Coleoptera|Coccinellidae|Cryptolaemus|montrouzieri,montrouzieri,Animalia,Insecta,Coleoptera,Coccinellidae,Cryptolaemus,montrouzieri,Asynaptic,Asynaptic,Heterogametic,XY,22
Animalia|Insecta|Coleoptera|Coccinellidae|Cycloneda|polita,polita,Animalia,Insecta,Coleoptera,Coccinellidae,Cycloneda,polita,Asynaptic,Asynaptic,Heterogametic,XY,20
Animalia|Insecta|Coleoptera|Coccinellidae|Cycloneda|sanguinea,sanguinea,Animalia,Insecta,Coleoptera,Coccinellidae,Cycloneda,sanguinea,Asynaptic,Asynaptic,Heterogametic,XY,20
Animalia|Insecta|Coleoptera|Coccinellidae|Epilachna|admirabilis,admirabilis,Animalia,Insecta,Coleoptera,Coccinellidae,Epilachna,admirabilis,Asynaptic,Asynaptic,Heterogametic,XY,18
Animalia|Insecta|Coleoptera|Coccinellidae|Epilachna|cacica,cacica,Animalia,Insecta,Coleoptera,Coccinellidae,Epilachna,cacica,Asynaptic,Asynaptic,Heterogametic,XY,10
Animalia|Insecta|Coleoptera|Coccinellidae|Epilachna|dumerili,dumerili,Animalia,Insecta,Coleoptera,Coccinellidae,Epilachna,dumerili,Asynaptic,Asynaptic,Heterogametic,XY,16
Animalia|Insecta|Coleoptera|Coccinellidae|Epilachna|obscurella,obscurella,Animalia,Insecta,Coleoptera,Coccinellidae,Epilachna,obscurella,Asynaptic,Asynaptic,Heterogametic,XY,18
Animalia|Insecta|Coleoptera|Coccinellidae|Epilachna|paenulata,paenulata,Animalia,Insecta,Coleoptera,Coccinellidae,Epilachna,paenulata,Asynaptic,Asynaptic,Heterogametic,XY,18
Animalia|Insecta|Coleoptera|Coccinellidae|Epilachna|sp.,sp.,Animalia,Insecta,Coleoptera,Coccinellidae,Epilachna,sp.,Asynaptic,Asynaptic,Heterogametic,XY,18
Animalia|Insecta|Coleoptera|Coccinellidae|Epilachna|varivestis,varivestis,Animalia,Insecta,Coleoptera,Coccinellidae,Epilachna,varivestis,Asynaptic,Asynaptic,Heterogametic,XY,20
Animalia|Insecta|Coleoptera|Coccinellidae|Eriopis|connexa,connexa,Animalia,Insecta,Coleoptera,Coccinellidae,Eriopis,connexa,Asynaptic,Asynaptic,Heterogametic,XY,20
Animalia|Insecta|Coleoptera|Coccinellidae|Harmonia|arcuata,arcuata,Animalia,Insecta,Coleoptera,Coccinellidae,Harmonia,arcuata,Asynaptic,Asynaptic,Heterogametic,XY,16
Animalia|Insecta|Coleoptera|Coccinellidae|Henosepilachna|argus,argus,Animalia,Insecta,Coleoptera,Coccinellidae,Henosepilachna,argus,Asynaptic,Asynaptic,Heterogametic,XY,18
Animalia|Insecta|Coleoptera|Coccinellidae|Henosepilachna|dodecastigma,dodecastigma,Animalia,Insecta,Coleoptera,Coccinellidae,Henosepilachna,dodecastigma,Asynaptic,Asynaptic,Heterogametic,XY,20
Animalia|Insecta|Coleoptera|Coccinellidae|Henosepilachna|nipponica,nipponica,Animalia,Insecta,Coleoptera,Coccinellidae,Henosepilachna,nipponica,Asynaptic,Asynaptic,Heterogametic,XY,20
Animalia|Insecta|Coleoptera|Coccinellidae|Henosepilachna|pustulosa,pustulosa,Animalia,Insecta,Coleoptera,Coccinellidae,Henosepilachna,pustulosa,Asynaptic,Asynaptic,Heterogametic,XY,20
Animalia|Insecta|Coleoptera|Coccinellidae|Henosepilachna|septima,septima,Animalia,Insecta,Coleoptera,Coccinellidae,Henosepilachna,septima,Asynaptic,Asynaptic,Heterogametic,XY,20
Animalia|Insecta|Coleoptera|Coccinellidae|Henosepilachna|vigintioctomaculata,vigintioctomaculata,Animalia,Insecta,Coleoptera,Coccinellidae,Henosepilachna,vigintioctomaculata,Asynaptic,Asynaptic,Heterogametic,XY,20
Animalia|Insecta|Coleoptera|Coccinellidae|Henosepilachna|vigintioctopunctata,vigintioctopunctata,Animalia,Insecta,Coleoptera,Coccinellidae,Henosepilachna,vigintioctopunctata,Asynaptic,Asynaptic,Heterogametic,XY,18
Animalia|Insecta|Coleoptera|Coccinellidae|Henosepilachna|yasutomii,yasutomii,Animalia,Insecta,Coleoptera,Coccinellidae,Henosepilachna,yasutomii,Asynaptic,Asynaptic,Heterogametic,XY,20
Animalia|Insecta|Coleoptera|Coccinellidae|Hippodamia|convergens,convergens,Animalia,Insecta,Coleoptera,Coccinellidae,Hippodamia,convergens,Asynaptic,Asynaptic,Heterogametic,XY,20
Animalia|Insecta|Coleoptera|Coccinellidae|Hippodamia|parenthesis,parenthesis,Animalia,Insecta,Coleoptera,Coccinellidae,Hippodamia,parenthesis,Asynaptic,Asynaptic,Heterogametic,XY,20
Animalia|Insecta|Coleoptera|Coccinellidae|Hippodamia|quinquesigta,quinquesigta,Animalia,Insecta,Coleoptera,Coccinellidae,Hippodamia,quinquesigta,Asynaptic,Asynaptic,Heterogametic,XY,20
Animalia|Insecta|Coleoptera|Coccinellidae|Hippodamia|sinuata,sinuata,Animalia,Insecta,Coleoptera,Coccinellidae,Hippodamia,sinuata,Asynaptic,Asynaptic,Heterogametic,XY,20
Animalia|Insecta|Coleoptera|Coccinellidae|Hippodamia|sp.,sp.,Animalia,Insecta,Coleoptera,Coccinellidae,Hippodamia,sp.,Asynaptic,Asynaptic,Heterogametic,XY,20
Animalia|Insecta|Coleoptera|Coccinellidae|Hippodamia|tibialis,tibialis,Animalia,Insecta,Coleoptera,Coccinellidae,Hippodamia,tibialis,Asynaptic,Asynaptic,Heterogametic,XY,20
Animalia|Insecta|Coleoptera|Coccinellidae|Hippodamia|tridecimpunctata,tridecimpunctata,Animalia,Insecta,Coleoptera,Coccinellidae,Hippodamia,tridecimpunctata,Asynaptic,Asynaptic,Heterogametic,XY,20
Animalia|Insecta|Coleoptera|Coccinellidae|Hyperaspis|4-oculata,4-oculata,Animalia,Insecta,Coleoptera,Coccinellidae,Hyperaspis,4-oculata,Asynaptic,Asynaptic,Heterogametic,XY,14
Animalia|Insecta|Coleoptera|Coccinellidae|Hyperaspis|bigemita,bigemita,Animalia,Insecta,Coleoptera,Coccinellidae,Hyperaspis,bigemita,Asynaptic,Asynaptic,Heterogametic,XY,14
Animalia|Insecta|Coleoptera|Coccinellidae|Hyperaspis|billoti,billoti,Animalia,Insecta,Coleoptera,Coccinellidae,Hyperaspis,billoti,Asynaptic,Asynaptic,Heterogametic,XY,16
Animalia|Insecta|Coleoptera|Coccinellidae|Hyperaspis|binotata,binotata,Animalia,Insecta,Coleoptera,Coccinellidae,Hyperaspis,binotata,Asynaptic,Asynaptic,Heterogametic,XY,14
Animalia|Insecta|Coleoptera|Coccinellidae|Hyperaspis|cincta,cincta,Animalia,Insecta,Coleoptera,Coccinellidae,Hyperaspis,cincta,Asynaptic,Asynaptic,Heterogametic,XY,14
Animalia|Insecta|Coleoptera|Coccinellidae|Hyperaspis|congressis,congressis,Animalia,Insecta,Coleoptera,Coccinellidae,Hyperaspis,congressis,Asynaptic,Asynaptic,Heterogametic,XY,14
Animalia|Insecta|Coleoptera|Coccinellidae|Hyperaspis|dissoluta,dissoluta,Animalia,Insecta,Coleoptera,Coccinellidae,Hyperaspis,dissoluta,Asynaptic,Asynaptic,Heterogametic,XY,14
Animalia|Insecta|Coleoptera|Coccinellidae|Hyperaspis|donzeli,donzeli,Animalia,Insecta,Coleoptera,Coccinellidae,Hyperaspis,donzeli,Asynaptic,Asynaptic,Heterogametic,XY,14
Animalia|Insecta|Coleoptera|Coccinellidae|Hyperaspis|jucunda,jucunda,Animalia,Insecta,Coleoptera,Coccinellidae,Hyperaspis,jucunda,Asynaptic,Asynaptic,Heterogametic,XY,16
Animalia|Insecta|Coleoptera|Coccinellidae|Hyperaspis|lateralis,lateralis,Animalia,Insecta,Coleoptera,Coccinellidae,Hyperaspis,lateralis,Asynaptic,Asynaptic,Heterogametic,XY,14
Animalia|Insecta|Coleoptera|Coccinellidae|Hyperaspis|notatula,notatula,Animalia,Insecta,Coleoptera,Coccinellidae,Hyperaspis,notatula,Asynaptic,Asynaptic,Heterogametic,XY,14
Animalia|Insecta|Coleoptera|Coccinellidae|Hyperaspis|paspalis,paspalis,Animalia,Insecta,Coleoptera,Coccinellidae,Hyperaspis,paspalis,Asynaptic,Asynaptic,Heterogametic,XY,14
Animalia|Insecta|Coleoptera|Coccinellidae|Hyperaspis|sp.,sp.,Animalia,Insecta,Coleoptera,Coccinellidae,Hyperaspis,sp.,Asynaptic,Asynaptic,Heterogametic,XY,14
Animalia|Insecta|Coleoptera|Coccinellidae|Hyperaspis|trilineata,trilineata,Animalia,Insecta,Coleoptera,Coccinellidae,Hyperaspis,trilineata,Asynaptic,Asynaptic,Heterogametic,XY,14
Animalia|Insecta|Coleoptera|Coccinellidae|Illeis|cincta,cincta,Animalia,Insecta,Coleoptera,Coccinellidae,Illeis,cincta,Asynaptic,Asynaptic,Heterogametic,XY,20
Animalia|Insecta|Coleoptera|Coccinellidae|Illeis|indica,indica,Animalia,Insecta,Coleoptera,Coccinellidae,Illeis,indica,Asynaptic,Asynaptic,Heterogametic,XY,20
Animalia|Insecta|Coleoptera|Coccinellidae|Menochilus|6-maculatus,6-maculatus,Animalia,Insecta,Coleoptera,Coccinellidae,Menochilus,6-maculatus,Asynaptic,Asynaptic,Heterogametic,XY,20
Animalia|Insecta|Coleoptera|Coccinellidae|Micraspis|cardoni,cardoni,Animalia,Insecta,Coleoptera,Coccinellidae,Micraspis,cardoni,Asynaptic,Asynaptic,Heterogametic,XY,20
Animalia|Insecta|Coleoptera|Coccinellidae|Mulsantina|picta,picta,Animalia,Insecta,Coleoptera,Coccinellidae,Mulsantina,picta,Asynaptic,Asynaptic,Heterogametic,XY,20
Animalia|Insecta|Coleoptera|Coccinellidae|Neda|aequatoriana,aequatoriana,Animalia,Insecta,Coleoptera,Coccinellidae,Neda,aequatoriana,Asynaptic,Asynaptic,Heterogametic,XY,20
Animalia|Insecta|Coleoptera|Coccinellidae|Neomysia|caseyi,caseyi,Animalia,Insecta,Coleoptera,Coccinellidae,Neomysia,caseyi,Asynaptic,Asynaptic,Heterogametic,XY,20
Animalia|Insecta|Coleoptera|Coccinellidae|Neomysia|orego,orego,Animalia,Insecta,Coleoptera,Coccinellidae,Neomysia,orego,Asynaptic,Asynaptic,Heterogametic,XY,20
Animalia|Insecta|Coleoptera|Coccinellidae|Neomysia|pullata,pullata,Animalia,Insecta,Coleoptera,Coccinellidae,Neomysia,pullata,Asynaptic,Asynaptic,Heterogametic,XY,20
Animalia|Insecta|Coleoptera|Coccinellidae|Olla|abdomilis,abdomilis,Animalia,Insecta,Coleoptera,Coccinellidae,Olla,abdomilis,Asynaptic,Asynaptic,Heterogametic,XY,20
Animalia|Insecta|Coleoptera|Coccinellidae|Pharoscymnus|sp.,sp.,Animalia,Insecta,Coleoptera,Coccinellidae,Pharoscymnus,sp.,Asynaptic,Asynaptic,Heterogametic,XY,20
Animalia|Insecta|Coleoptera|Coccinellidae|Rhyzobius|chrysomeloides,chrysomeloides,Animalia,Insecta,Coleoptera,Coccinellidae,Rhyzobius,chrysomeloides,Asynaptic,Asynaptic,Heterogametic,XY,18
Animalia|Insecta|Coleoptera|Coccinellidae|Scymnus|sp.,sp.,Animalia,Insecta,Coleoptera,Coccinellidae,Scymnus,sp.,Asynaptic,Asynaptic,Heterogametic,XY,18
Animalia|Insecta|Coleoptera|Coccinellidae|Solanophila|paenulata,paenulata,Animalia,Insecta,Coleoptera,Coccinellidae,Solanophila,paenulata,Asynaptic,Asynaptic,Heterogametic,XY,18
Animalia|Insecta|Coleoptera|Coccinellidae|Sumnius|cardoni,cardoni,Animalia,Insecta,Coleoptera,Coccinellidae,Sumnius,cardoni,Asynaptic,Asynaptic,Heterogametic,XY,18
Animalia|Insecta|Coleoptera|Coccinellidae|Synonycha|grandis,grandis,Animalia,Insecta,Coleoptera,Coccinellidae,Synonycha,grandis,Asynaptic,Asynaptic,Heterogametic,XY,20
Animalia|Insecta|Coleoptera|Coccinellidae|Thea|bisoctonotata,bisoctonotata,Animalia,Insecta,Coleoptera,Coccinellidae,Thea,bisoctonotata,Asynaptic,Asynaptic,Heterogametic,XY,20
Animalia|Insecta|Coleoptera|Coccinellidae|Verania|allardi,allardi,Animalia,Insecta,Coleoptera,Coccinellidae,Verania,allardi,Asynaptic,Asynaptic,Heterogametic,XY,20
Animalia|Insecta|Coleoptera|Coccinellidae|Verania|discolor,discolor,Animalia,Insecta,Coleoptera,Coccinellidae,Verania,discolor,Asynaptic,Asynaptic,Heterogametic,XY,20
Animalia|Insecta|Coleoptera|Curculionidae|Acalles|camelus,camelus,Animalia,Insecta,Coleoptera,Curculionidae,Acalles,camelus,Asynaptic,Asynaptic,Heterogametic,XY,30
Animalia|Insecta|Coleoptera|Curculionidae|Acalles|commutatus,commutatus,Animalia,Insecta,Coleoptera,Curculionidae,Acalles,commutatus,Asynaptic,Asynaptic,Heterogametic,XY,28
Animalia|Insecta|Coleoptera|Curculionidae|Acalles|echitus,echitus,Animalia,Insecta,Coleoptera,Curculionidae,Acalles,echitus,Asynaptic,Asynaptic,Heterogametic,XY,30
Animalia|Insecta|Coleoptera|Curculionidae|Acalles|fallax,fallax,Animalia,Insecta,Coleoptera,Curculionidae,Acalles,fallax,Asynaptic,Asynaptic,Heterogametic,XY,30
Animalia|Insecta|Coleoptera|Curculionidae|Acalles|petryszaki,petryszaki,Animalia,Insecta,Coleoptera,Curculionidae,Acalles,petryszaki,Asynaptic,Asynaptic,Heterogametic,XY,30
Animalia|Insecta|Coleoptera|Curculionidae|Acallopistus|sp.,sp.,Animalia,Insecta,Coleoptera,Curculionidae,Acallopistus,sp.,Asynaptic,Asynaptic,Heterogametic,XY,24
Animalia|Insecta|Coleoptera|Curculionidae|Acicnemis|alni,alni,Animalia,Insecta,Coleoptera,Curculionidae,Acicnemis,alni,Asynaptic,Asynaptic,Heterogametic,XY,24
Animalia|Insecta|Coleoptera|Curculionidae|Acicnemis|nigra,nigra,Animalia,Insecta,Coleoptera,Curculionidae,Acicnemis,nigra,Asynaptic,Asynaptic,Heterogametic,XY,22
Animalia|Insecta|Coleoptera|Curculionidae|Adexius|scrobipennis,scrobipennis,Animalia,Insecta,Coleoptera,Curculionidae,Adexius,scrobipennis,Asynaptic,Asynaptic,Heterogametic,XY,36
Animalia|Insecta|Coleoptera|Curculionidae|Adosomus|melanogrammus,melanogrammus,Animalia,Insecta,Coleoptera,Curculionidae,Adosomus,melanogrammus,Asynaptic,Asynaptic,Heterogametic,XY,46
Animalia|Insecta|Coleoptera|Curculionidae|Alcides|sp.,sp.,Animalia,Insecta,Coleoptera,Curculionidae,Alcides,sp.,Asynaptic,Asynaptic,Heterogametic,XY,34
Animalia|Insecta|Coleoptera|Curculionidae|Alcidodes|affaber,affaber,Animalia,Insecta,Coleoptera,Curculionidae,Alcidodes,affaber,Asynaptic,Asynaptic,Heterogametic,XY,32
Animalia|Insecta|Coleoptera|Curculionidae|Alcidodes|sp.,sp.,Animalia,Insecta,Coleoptera,Curculionidae,Alcidodes,sp.,Asynaptic,Asynaptic,Heterogametic,XY,32
Animalia|Insecta|Coleoptera|Curculionidae|Amblyrrhinus|poricollis,poricollis,Animalia,Insecta,Coleoptera,Curculionidae,Amblyrrhinus,poricollis,Asynaptic,Asynaptic,Heterogametic,XY,22
Animalia|Insecta|Coleoptera|Curculionidae|Amblyrrhinus|sp.,sp.,Animalia,Insecta,Coleoptera,Curculionidae,Amblyrrhinus,sp.,Asynaptic,Asynaptic,Heterogametic,XY,22
Animalia|Insecta|Coleoptera|Curculionidae|Amblyrrhinus|subrecticollis,subrecticollis,Animalia,Insecta,Coleoptera,Curculionidae,Amblyrrhinus,subrecticollis,Asynaptic,Asynaptic,Heterogametic,XY,22
Animalia|Insecta|Coleoptera|Curculionidae|Amystax|fasciatus,fasciatus,Animalia,Insecta,Coleoptera,Curculionidae,Amystax,fasciatus,Asynaptic,Asynaptic,Heterogametic,XY,22
Animalia|Insecta|Coleoptera|Curculionidae|Anobleptus|sp.,sp.,Animalia,Insecta,Coleoptera,Curculionidae,Anobleptus,sp.,Asynaptic,Asynaptic,Heterogametic,XY,22
Animalia|Insecta|Coleoptera|Curculionidae|Anthonomus|bisignifer,bisignifer,Animalia,Insecta,Coleoptera,Curculionidae,Anthonomus,bisignifer,Asynaptic,Asynaptic,Heterogametic,XY,30
Animalia|Insecta|Coleoptera|Curculionidae|Anthonomus|corvulus,corvulus,Animalia,Insecta,Coleoptera,Curculionidae,Anthonomus,corvulus,Asynaptic,Asynaptic,Heterogametic,XY,26
Animalia|Insecta|Coleoptera|Curculionidae|Anthonomus|grandis,grandis,Animalia,Insecta,Coleoptera,Curculionidae,Anthonomus,grandis,Asynaptic,Asynaptic,Heterogametic,XY,42
Animalia|Insecta|Coleoptera|Curculionidae|Anthonomus|scutellatus,scutellatus,Animalia,Insecta,Coleoptera,Curculionidae,Anthonomus,scutellatus,Asynaptic,Asynaptic,Heterogametic,XY,28
Animalia|Insecta|Coleoptera|Curculionidae|Anthonomus|sigtus,sigtus,Animalia,Insecta,Coleoptera,Curculionidae,Anthonomus,sigtus,Asynaptic,Asynaptic,Heterogametic,XY,34
Animalia|Insecta|Coleoptera|Curculionidae|Anthonomus|sp.,sp.,Animalia,Insecta,Coleoptera,Curculionidae,Anthonomus,sp.,Asynaptic,Asynaptic,Heterogametic,XY,32
Animalia|Insecta|Coleoptera|Curculionidae|Apiophorus|pictus,pictus,Animalia,Insecta,Coleoptera,Curculionidae,Apiophorus,pictus,Asynaptic,Asynaptic,Heterogametic,XY,30
Animalia|Insecta|Coleoptera|Curculionidae|Aplotes|roelofsi,roelofsi,Animalia,Insecta,Coleoptera,Curculionidae,Aplotes,roelofsi,Asynaptic,Asynaptic,Heterogametic,XY,22
Animalia|Insecta|Coleoptera|Curculionidae|Apotomorhinus|cribatus,cribatus,Animalia,Insecta,Coleoptera,Curculionidae,Apotomorhinus,cribatus,Asynaptic,Asynaptic,Heterogametic,XY,26
Animalia|Insecta|Coleoptera|Curculionidae|Arrhines|languides,languides,Animalia,Insecta,Coleoptera,Curculionidae,Arrhines,languides,Asynaptic,Asynaptic,Heterogametic,XY,22
Animalia|Insecta|Coleoptera|Curculionidae|Astycus|lateralis,lateralis,Animalia,Insecta,Coleoptera,Curculionidae,Astycus,lateralis,Asynaptic,Asynaptic,Heterogametic,XY,22
Animalia|Insecta|Coleoptera|Curculionidae|Astycus|sp.,sp.,Animalia,Insecta,Coleoptera,Curculionidae,Astycus,sp.,Asynaptic,Asynaptic,Heterogametic,XY,22
Animalia|Insecta|Coleoptera|Curculionidae|Atactogaster|sp.,sp.,Animalia,Insecta,Coleoptera,Curculionidae,Atactogaster,sp.,Asynaptic,Asynaptic,Heterogametic,XY,48
Animalia|Insecta|Coleoptera|Curculionidae|Barioscaphus|cordiae,cordiae,Animalia,Insecta,Coleoptera,Curculionidae,Barioscaphus,cordiae,Asynaptic,Asynaptic,Heterogametic,XY,22
Animalia|Insecta|Coleoptera|Curculionidae|Baris|arthemisiae,arthemisiae,Animalia,Insecta,Coleoptera,Curculionidae,Baris,arthemisiae,Asynaptic,Asynaptic,Heterogametic,XY,38
Animalia|Insecta|Coleoptera|Curculionidae|Baris|ezoa,ezoa,Animalia,Insecta,Coleoptera,Curculionidae,Baris,ezoa,Asynaptic,Asynaptic,Heterogametic,XY,32
Animalia|Insecta|Coleoptera|Curculionidae|Baris|sp.,sp.,Animalia,Insecta,Coleoptera,Curculionidae,Baris,sp.,Asynaptic,Asynaptic,Heterogametic,XY,18
Animalia|Insecta|Coleoptera|Curculionidae|Barypeithes|albie,albie,Animalia,Insecta,Coleoptera,Curculionidae,Barypeithes,albie,Asynaptic,Asynaptic,Heterogametic,XY,22
Animalia|Insecta|Coleoptera|Curculionidae|Barypeithes|chevrolati,chevrolati,Animalia,Insecta,Coleoptera,Curculionidae,Barypeithes,chevrolati,Asynaptic,Asynaptic,Heterogametic,XY,22
Animalia|Insecta|Coleoptera|Curculionidae|Barypeithes|formaneki,formaneki,Animalia,Insecta,Coleoptera,Curculionidae,Barypeithes,formaneki,Asynaptic,Asynaptic,Heterogametic,XY,22
Animalia|Insecta|Coleoptera|Curculionidae|Barypeithes|interpositus,interpositus,Animalia,Insecta,Coleoptera,Curculionidae,Barypeithes,interpositus,Asynaptic,Asynaptic,Heterogametic,XY,22
Animalia|Insecta|Coleoptera|Curculionidae|Barypeithes|liptoviensis,liptoviensis,Animalia,Insecta,Coleoptera,Curculionidae,Barypeithes,liptoviensis,Asynaptic,Asynaptic,Heterogametic,XY,28
Animalia|Insecta|Coleoptera|Curculionidae|Barypeithes|mollicomis,mollicomis,Animalia,Insecta,Coleoptera,Curculionidae,Barypeithes,mollicomis,Asynaptic,Asynaptic,Heterogametic,XY,22
Animalia|Insecta|Coleoptera|Curculionidae|Barypeithes|pellucidus,pellucidus,Animalia,Insecta,Coleoptera,Curculionidae,Barypeithes,pellucidus,Asynaptic,Asynaptic,Heterogametic,XY,22
Animalia|Insecta|Coleoptera|Curculionidae|Barypeithes|purkynei,purkynei,Animalia,Insecta,Coleoptera,Curculionidae,Barypeithes,purkynei,Asynaptic,Asynaptic,Heterogametic,XY,22
Animalia|Insecta|Coleoptera|Curculionidae|Blosyrus|asellus,asellus,Animalia,Insecta,Coleoptera,Curculionidae,Blosyrus,asellus,Asynaptic,Asynaptic,Heterogametic,XY,24
Animalia|Insecta|Coleoptera|Curculionidae|Blosyrus|falcatus,falcatus,Animalia,Insecta,Coleoptera,Curculionidae,Blosyrus,falcatus,Asynaptic,Asynaptic,Heterogametic,XY,22
Animalia|Insecta|Coleoptera|Curculionidae|Bothrometopus|fasciatus,fasciatus,Animalia,Insecta,Coleoptera,Curculionidae,Bothrometopus,fasciatus,Asynaptic,Asynaptic,Heterogametic,XY,22
Animalia|Insecta|Coleoptera|Curculionidae|Brachyderes|incanus,incanus,Animalia,Insecta,Coleoptera,Curculionidae,Brachyderes,incanus,Asynaptic,Asynaptic,Heterogametic,XY,22
Animalia|Insecta|Coleoptera|Curculionidae|Brachysomus|dispar,dispar,Animalia,Insecta,Coleoptera,Curculionidae,Brachysomus,dispar,Asynaptic,Asynaptic,Heterogametic,XY,22
Animalia|Insecta|Coleoptera|Curculionidae|Brachysomus|setiger,setiger,Animalia,Insecta,Coleoptera,Curculionidae,Brachysomus,setiger,Asynaptic,Asynaptic,Heterogametic,XY,22
Animalia|Insecta|Coleoptera|Curculionidae|Byctiscus|congener,congener,Animalia,Insecta,Coleoptera,Curculionidae,Byctiscus,congener,Asynaptic,Asynaptic,Heterogametic,XY,22
Animalia|Insecta|Coleoptera|Curculionidae|Byctiscus|venustus,venustus,Animalia,Insecta,Coleoptera,Curculionidae,Byctiscus,venustus,Asynaptic,Asynaptic,Heterogametic,XY,18
Animalia|Insecta|Coleoptera|Curculionidae|Byrsopages|kiso,kiso,Animalia,Insecta,Coleoptera,Curculionidae,Byrsopages,kiso,Asynaptic,Asynaptic,Heterogametic,XY,22
Animalia|Insecta|Coleoptera|Curculionidae|Byrsopages|sp_Mt.,sp_Mt.,Animalia,Insecta,Coleoptera,Curculionidae,Byrsopages,sp_Mt.,Asynaptic,Asynaptic,Heterogametic,XY,22
Animalia|Insecta|Coleoptera|Curculionidae|Caenocryptorrhynchus|frontalis,frontalis,Animalia,Insecta,Coleoptera,Curculionidae,Caenocryptorrhynchus,frontalis,Asynaptic,Asynaptic,Heterogametic,XY,34
Animalia|Insecta|Coleoptera|Curculionidae|Calendra|australis,australis,Animalia,Insecta,Coleoptera,Curculionidae,Calendra,australis,Asynaptic,Asynaptic,Heterogametic,XY,26
Animalia|Insecta|Coleoptera|Curculionidae|Calendra|bruchi,bruchi,Animalia,Insecta,Coleoptera,Curculionidae,Calendra,bruchi,Asynaptic,Asynaptic,Heterogametic,XY,26
Animalia|Insecta|Coleoptera|Curculionidae|Calendra|costipennis,costipennis,Animalia,Insecta,Coleoptera,Curculionidae,Calendra,costipennis,Asynaptic,Asynaptic,Heterogametic,XY,30
Animalia|Insecta|Coleoptera|Curculionidae|Calendra|linearis,linearis,Animalia,Insecta,Coleoptera,Curculionidae,Calendra,linearis,Asynaptic,Asynaptic,Heterogametic,XY,24
Animalia|Insecta|Coleoptera|Curculionidae|Calendra|parvula,parvula,Animalia,Insecta,Coleoptera,Curculionidae,Calendra,parvula,Asynaptic,Asynaptic,Heterogametic,XY,26
Animalia|Insecta|Coleoptera|Curculionidae|Calendra|zeae,zeae,Animalia,Insecta,Coleoptera,Curculionidae,Calendra,zeae,Asynaptic,Asynaptic,Heterogametic,XY,26
Animalia|Insecta|Coleoptera|Curculionidae|Canonopsis|sericea,sericea,Animalia,Insecta,Coleoptera,Curculionidae,Canonopsis,sericea,Asynaptic,Asynaptic,Heterogametic,XY,22
Animalia|Insecta|Coleoptera|Curculionidae|Carcilia|strigicollis,strigicollis,Animalia,Insecta,Coleoptera,Curculionidae,Carcilia,strigicollis,Asynaptic,Asynaptic,Heterogametic,XY,22
Animalia|Insecta|Coleoptera|Curculionidae|Catagmatus|japonicus,japonicus,Animalia,Insecta,Coleoptera,Curculionidae,Catagmatus,japonicus,Asynaptic,Asynaptic,Heterogametic,XY,32
Animalia|Insecta|Coleoptera|Curculionidae|Catapionus|modestus,modestus,Animalia,Insecta,Coleoptera,Curculionidae,Catapionus,modestus,Asynaptic,Asynaptic,Heterogametic,XY,22
Animalia|Insecta|Coleoptera|Curculionidae|Catapionus|obscurus,obscurus,Animalia,Insecta,Coleoptera,Curculionidae,Catapionus,obscurus,Asynaptic,Asynaptic,Heterogametic,XY,22
Animalia|Insecta|Coleoptera|Curculionidae|Centricnemus|leucogrammus,leucogrammus,Animalia,Insecta,Coleoptera,Curculionidae,Centricnemus,leucogrammus,Asynaptic,Asynaptic,Heterogametic,XY,22
Animalia|Insecta|Coleoptera|Curculionidae|Ceutorrhynchus|ancola,ancola,Animalia,Insecta,Coleoptera,Curculionidae,Ceutorrhynchus,ancola,Asynaptic,Asynaptic,Heterogametic,XY,34
Animalia|Insecta|Coleoptera|Curculionidae|Ceutorrhynchus|costatus,costatus,Animalia,Insecta,Coleoptera,Curculionidae,Ceutorrhynchus,costatus,Asynaptic,Asynaptic,Heterogametic,XY,20
Animalia|Insecta|Coleoptera|Curculionidae|Ceutorrhynchus|lewisi,lewisi,Animalia,Insecta,Coleoptera,Curculionidae,Ceutorrhynchus,lewisi,Asynaptic,Asynaptic,Heterogametic,NA,28
Animalia|Insecta|Coleoptera|Curculionidae|Ceutorrhynchus|sp.,sp.,Animalia,Insecta,Coleoptera,Curculionidae,Ceutorrhynchus,sp.,Asynaptic,Asynaptic,Heterogametic,XY,24
Animalia|Insecta|Coleoptera|Curculionidae|Chlorophanus|grandis,grandis,Animalia,Insecta,Coleoptera,Curculionidae,Chlorophanus,grandis,Asynaptic,Asynaptic,Heterogametic,XY,24
Animalia|Insecta|Coleoptera|Curculionidae|Chlorophanus|viridis,viridis,Animalia,Insecta,Coleoptera,Curculionidae,Chlorophanus,viridis,Asynaptic,Asynaptic,Heterogametic,XY,22
Animalia|Insecta|Coleoptera|Curculionidae|Chokkirius|truncatus,truncatus,Animalia,Insecta,Coleoptera,Curculionidae,Chokkirius,truncatus,Asynaptic,Asynaptic,Heterogametic,XY,22
Animalia|Insecta|Coleoptera|Curculionidae|Christensenia|antarctica,antarctica,Animalia,Insecta,Coleoptera,Curculionidae,Christensenia,antarctica,Asynaptic,Asynaptic,Heterogametic,XY,22
Animalia|Insecta|Coleoptera|Curculionidae|Cidnorrhinus|4-maculatus,4-maculatus,Animalia,Insecta,Coleoptera,Curculionidae,Cidnorrhinus,4-maculatus,Asynaptic,Asynaptic,Heterogametic,XY,28
Animalia|Insecta|Coleoptera|Curculionidae|Cionus|championi,championi,Animalia,Insecta,Coleoptera,Curculionidae,Cionus,championi,Asynaptic,Asynaptic,Heterogametic,XY,40
Animalia|Insecta|Coleoptera|Curculionidae|Cionus|ganglbaueri,ganglbaueri,Animalia,Insecta,Coleoptera,Curculionidae,Cionus,ganglbaueri,Asynaptic,Asynaptic,Heterogametic,XY,38
Animalia|Insecta|Coleoptera|Curculionidae|Cionus|hortulans,hortulans,Animalia,Insecta,Coleoptera,Curculionidae,Cionus,hortulans,Asynaptic,Asynaptic,Heterogametic,XY,38
Animalia|Insecta|Coleoptera|Curculionidae|Cionus|longicollis-montanus,longicollis-montanus,Animalia,Insecta,Coleoptera,Curculionidae,Cionus,longicollis-montanus,Asynaptic,Asynaptic,Heterogametic,XY,40
Animalia|Insecta|Coleoptera|Curculionidae|Cionus|nigritarsis,nigritarsis,Animalia,Insecta,Coleoptera,Curculionidae,Cionus,nigritarsis,Asynaptic,Asynaptic,Heterogametic,XY,38
Animalia|Insecta|Coleoptera|Curculionidae|Cionus|olivieri,olivieri,Animalia,Insecta,Coleoptera,Curculionidae,Cionus,olivieri,Asynaptic,Asynaptic,Heterogametic,XY,42
Animalia|Insecta|Coleoptera|Curculionidae|Cionus|tamazo,tamazo,Animalia,Insecta,Coleoptera,Curculionidae,Cionus,tamazo,Asynaptic,Asynaptic,Heterogametic,XY,40
Animalia|Insecta|Coleoptera|Curculionidae|Cionus|tuberculosus,tuberculosus,Animalia,Insecta,Coleoptera,Curculionidae,Cionus,tuberculosus,Asynaptic,Asynaptic,Heterogametic,XY,44
Animalia|Insecta|Coleoptera|Curculionidae|Cirrorhynchus|kelecsenyi,kelecsenyi,Animalia,Insecta,Coleoptera,Curculionidae,Cirrorhynchus,kelecsenyi,Asynaptic,Asynaptic,Heterogametic,XY,30
Animalia|Insecta|Coleoptera|Curculionidae|Colobodes|konoi,konoi,Animalia,Insecta,Coleoptera,Curculionidae,Colobodes,konoi,Asynaptic,Asynaptic,Heterogametic,XY,48
Animalia|Insecta|Coleoptera|Curculionidae|Colobodes|matsumurai,matsumurai,Animalia,Insecta,Coleoptera,Curculionidae,Colobodes,matsumurai,Asynaptic,Asynaptic,Heterogametic,XY,0
Animalia|Insecta|Coleoptera|Curculionidae|Colobodes|sp.,sp.,Animalia,Insecta,Coleoptera,Curculionidae,Colobodes,sp.,Asynaptic,Asynaptic,Heterogametic,XY,48
Animalia|Insecta|Coleoptera|Curculionidae|Corigetus|chandigarhensis,chandigarhensis,Animalia,Insecta,Coleoptera,Curculionidae,Corigetus,chandigarhensis,Asynaptic,Asynaptic,Heterogametic,XY,22
Animalia|Insecta|Coleoptera|Curculionidae|Corigetus|sp.,sp.,Animalia,Insecta,Coleoptera,Curculionidae,Corigetus,sp.,Asynaptic,Asynaptic,Heterogametic,XY,22
Animalia|Insecta|Coleoptera|Curculionidae|Cosmopolites|sordidus,sordidus,Animalia,Insecta,Coleoptera,Curculionidae,Cosmopolites,sordidus,Asynaptic,Asynaptic,Heterogametic,XY,30
Animalia|Insecta|Coleoptera|Curculionidae|Cryptorrhynchus|erectus,erectus,Animalia,Insecta,Coleoptera,Curculionidae,Cryptorrhynchus,erectus,Asynaptic,Asynaptic,Heterogametic,XY,32
Animalia|Insecta|Coleoptera|Curculionidae|Cryptorrhynchus|lapathi,lapathi,Animalia,Insecta,Coleoptera,Curculionidae,Cryptorrhynchus,lapathi,Asynaptic,Asynaptic,Heterogametic,XY,36
Animalia|Insecta|Coleoptera|Curculionidae|Cryptorrhynchus|sp.,sp.,Animalia,Insecta,Coleoptera,Curculionidae,Cryptorrhynchus,sp.,Asynaptic,Asynaptic,Heterogametic,XY,38
Animalia|Insecta|Coleoptera|Curculionidae|Curculio|aino,aino,Animalia,Insecta,Coleoptera,Curculionidae,Curculio,aino,Asynaptic,Asynaptic,Heterogametic,XY,28
Animalia|Insecta|Coleoptera|Curculionidae|Curculio|arakawai,arakawai,Animalia,Insecta,Coleoptera,Curculionidae,Curculio,arakawai,Asynaptic,Asynaptic,Heterogametic,XY,26
Animalia|Insecta|Coleoptera|Curculionidae|Curculio|convexus,convexus,Animalia,Insecta,Coleoptera,Curculionidae,Curculio,convexus,Asynaptic,Asynaptic,Heterogametic,XY,26
Animalia|Insecta|Coleoptera|Curculionidae|Curculio|dentipes,dentipes,Animalia,Insecta,Coleoptera,Curculionidae,Curculio,dentipes,Asynaptic,Asynaptic,Heterogametic,XY,26
Animalia|Insecta|Coleoptera|Curculionidae|Curculio|distinguendus,distinguendus,Animalia,Insecta,Coleoptera,Curculionidae,Curculio,distinguendus,Asynaptic,Asynaptic,Heterogametic,XY,26
Animalia|Insecta|Coleoptera|Curculionidae|Curculio|elaeagni,elaeagni,Animalia,Insecta,Coleoptera,Curculionidae,Curculio,elaeagni,Asynaptic,Asynaptic,Heterogametic,XY,26
Animalia|Insecta|Coleoptera|Curculionidae|Curculio|flavescens,flavescens,Animalia,Insecta,Coleoptera,Curculionidae,Curculio,flavescens,Asynaptic,Asynaptic,Heterogametic,XY,26
Animalia|Insecta|Coleoptera|Curculionidae|Curculio|funebris,funebris,Animalia,Insecta,Coleoptera,Curculionidae,Curculio,funebris,Asynaptic,Asynaptic,Heterogametic,XY,26
Animalia|Insecta|Coleoptera|Curculionidae|Curculio|koreanus,koreanus,Animalia,Insecta,Coleoptera,Curculionidae,Curculio,koreanus,Asynaptic,Asynaptic,Heterogametic,XY,32
Animalia|Insecta|Coleoptera|Curculionidae|Curculio|longirostris,longirostris,Animalia,Insecta,Coleoptera,Curculionidae,Curculio,longirostris,Asynaptic,Asynaptic,Heterogametic,XY,26
Animalia|Insecta|Coleoptera|Curculionidae|Curculio|minutissimus,minutissimus,Animalia,Insecta,Coleoptera,Curculionidae,Curculio,minutissimus,Asynaptic,Asynaptic,Heterogametic,XY,34
Animalia|Insecta|Coleoptera|Curculionidae|Curculio|murakamii,murakamii,Animalia,Insecta,Coleoptera,Curculionidae,Curculio,murakamii,Asynaptic,Asynaptic,Heterogametic,XY,26
Animalia|Insecta|Coleoptera|Curculionidae|Curculio|nucum,nucum,Animalia,Insecta,Coleoptera,Curculionidae,Curculio,nucum,Asynaptic,Asynaptic,Heterogametic,XY,26
Animalia|Insecta|Coleoptera|Curculionidae|Curculio|obtusus,obtusus,Animalia,Insecta,Coleoptera,Curculionidae,Curculio,obtusus,Asynaptic,Asynaptic,Heterogametic,XY,26
Animalia|Insecta|Coleoptera|Curculionidae|Curculio|pictus,pictus,Animalia,Insecta,Coleoptera,Curculionidae,Curculio,pictus,Asynaptic,Asynaptic,Heterogametic,XY,22
Animalia|Insecta|Coleoptera|Curculionidae|Curculio|roelofsi,roelofsi,Animalia,Insecta,Coleoptera,Curculionidae,Curculio,roelofsi,Asynaptic,Asynaptic,Heterogametic,XY,26
Animalia|Insecta|Coleoptera|Curculionidae|Curculio|sp.,sp.,Animalia,Insecta,Coleoptera,Curculionidae,Curculio,sp.,Asynaptic,Asynaptic,Heterogametic,XY,28
Animalia|Insecta|Coleoptera|Curculionidae|Cylindrocopturus|sp.,sp.,Animalia,Insecta,Coleoptera,Curculionidae,Cylindrocopturus,sp.,Asynaptic,Asynaptic,Heterogametic,XY,32
Animalia|Insecta|Coleoptera|Curculionidae|Cyphicerinus|tectoe,tectoe,Animalia,Insecta,Coleoptera,Curculionidae,Cyphicerinus,tectoe,Asynaptic,Asynaptic,Heterogametic,XY,22
Animalia|Insecta|Coleoptera|Curculionidae|Cyphicerus|aceri,aceri,Animalia,Insecta,Coleoptera,Curculionidae,Cyphicerus,aceri,Asynaptic,Asynaptic,Heterogametic,XY,22
Animalia|Insecta|Coleoptera|Curculionidae|Cyrtepistomus|bardus,bardus,Animalia,Insecta,Coleoptera,Curculionidae,Cyrtepistomus,bardus,Asynaptic,Asynaptic,Heterogametic,XY,22
Animalia|Insecta|Coleoptera|Curculionidae|Cyrtepistomus|gucindus,gucindus,Animalia,Insecta,Coleoptera,Curculionidae,Cyrtepistomus,gucindus,Asynaptic,Asynaptic,Heterogametic,XY,22
Animalia|Insecta|Coleoptera|Curculionidae|Cyrtepistomus|jucundus,jucundus,Animalia,Insecta,Coleoptera,Curculionidae,Cyrtepistomus,jucundus,Asynaptic,Asynaptic,Heterogametic,XY,22
Animalia|Insecta|Coleoptera|Curculionidae|Cyrtepistomus|sp.,sp.,Animalia,Insecta,Coleoptera,Curculionidae,Cyrtepistomus,sp.,Asynaptic,Asynaptic,Heterogametic,XY,22
Animalia|Insecta|Coleoptera|Curculionidae|Deiradolcus|pubescens,pubescens,Animalia,Insecta,Coleoptera,Curculionidae,Deiradolcus,pubescens,Asynaptic,Asynaptic,Heterogametic,XY,22
Animalia|Insecta|Coleoptera|Curculionidae|Deiradolcus|sp.,sp.,Animalia,Insecta,Coleoptera,Curculionidae,Deiradolcus,sp.,Asynaptic,Asynaptic,Heterogametic,XY,22
Animalia|Insecta|Coleoptera|Curculionidae|Demimaea|mori,mori,Animalia,Insecta,Coleoptera,Curculionidae,Demimaea,mori,Asynaptic,Asynaptic,Heterogametic,XY,24
Animalia|Insecta|Coleoptera|Curculionidae|Dendroctonus|frontalis,frontalis,Animalia,Insecta,Coleoptera,Curculionidae,Dendroctonus,frontalis,Asynaptic,Asynaptic,Heterogametic,XY,16
Animalia|Insecta|Coleoptera|Curculionidae|Dendroctonus|mesoamericanus,mesoamericanus,Animalia,Insecta,Coleoptera,Curculionidae,Dendroctonus,mesoamericanus,Asynaptic,Asynaptic,Heterogametic,XY,12
Animalia|Insecta|Coleoptera|Curculionidae|Dendroctonus|micans,micans,Animalia,Insecta,Coleoptera,Curculionidae,Dendroctonus,micans,Asynaptic,Asynaptic,Heterogametic,XY,22
Animalia|Insecta|Coleoptera|Curculionidae|Dermatoxenus|caesicollis,caesicollis,Animalia,Insecta,Coleoptera,Curculionidae,Dermatoxenus,caesicollis,Asynaptic,Asynaptic,Heterogametic,XY,20
Animalia|Insecta|Coleoptera|Curculionidae|Dermatoxenus|clathratus,clathratus,Animalia,Insecta,Coleoptera,Curculionidae,Dermatoxenus,clathratus,Asynaptic,Asynaptic,Heterogametic,XY,22
Animalia|Insecta|Coleoptera|Curculionidae|Dermatoxenus|sp.,sp.,Animalia,Insecta,Coleoptera,Curculionidae,Dermatoxenus,sp.,Asynaptic,Asynaptic,Heterogametic,XY,22
Animalia|Insecta|Coleoptera|Curculionidae|Desmidophorus|sp.,sp.,Animalia,Insecta,Coleoptera,Curculionidae,Desmidophorus,sp.,Asynaptic,Asynaptic,Heterogametic,XY,22
Animalia|Insecta|Coleoptera|Curculionidae|Diaprepes|abbreviatus,abbreviatus,Animalia,Insecta,Coleoptera,Curculionidae,Diaprepes,abbreviatus,Asynaptic,Asynaptic,Heterogametic,XY,22
Animalia|Insecta|Coleoptera|Curculionidae|Diaprepes|marginicollis,marginicollis,Animalia,Insecta,Coleoptera,Curculionidae,Diaprepes,marginicollis,Asynaptic,Asynaptic,Heterogametic,XY,22
Animalia|Insecta|Coleoptera|Curculionidae|Diaprepres|abbreviata,abbreviata,Animalia,Insecta,Coleoptera,Curculionidae,Diaprepres,abbreviata,Asynaptic,Asynaptic,Heterogametic,XY,22
Animalia|Insecta|Coleoptera|Curculionidae|Diatropus|marshalli,marshalli,Animalia,Insecta,Coleoptera,Curculionidae,Diatropus,marshalli,Asynaptic,Asynaptic,Heterogametic,XY,22
Animalia|Insecta|Coleoptera|Curculionidae|Didothis|melancholica,melancholica,Animalia,Insecta,Coleoptera,Curculionidae,Didothis,melancholica,Asynaptic,Asynaptic,Heterogametic,XY,28
Animalia|Insecta|Coleoptera|Curculionidae|Didothis|sp.,sp.,Animalia,Insecta,Coleoptera,Curculionidae,Didothis,sp.,Asynaptic,Asynaptic,Heterogametic,XY,34
Animalia|Insecta|Coleoptera|Curculionidae|Diocalandra|sp.,sp.,Animalia,Insecta,Coleoptera,Curculionidae,Diocalandra,sp.,Asynaptic,Asynaptic,Heterogametic,XY,26
Animalia|Insecta|Coleoptera|Curculionidae|Diplogrammus|quadrivittatus,quadrivittatus,Animalia,Insecta,Coleoptera,Curculionidae,Diplogrammus,quadrivittatus,Asynaptic,Asynaptic,Heterogametic,XY,30
Animalia|Insecta|Coleoptera|Curculionidae|Disker|tenuicornis,tenuicornis,Animalia,Insecta,Coleoptera,Curculionidae,Disker,tenuicornis,Asynaptic,Asynaptic,Heterogametic,XY,22
Animalia|Insecta|Coleoptera|Curculionidae|Dodecastichus|atripes,atripes,Animalia,Insecta,Coleoptera,Curculionidae,Dodecastichus,atripes,Asynaptic,Asynaptic,Heterogametic,XY,22
Animalia|Insecta|Coleoptera|Curculionidae|Dodecastichus|aurosigtus,aurosigtus,Animalia,Insecta,Coleoptera,Curculionidae,Dodecastichus,aurosigtus,Asynaptic,Asynaptic,Heterogametic,XY,22
Animalia|Insecta|Coleoptera|Curculionidae|Dodecastichus|dolomitae,dolomitae,Animalia,Insecta,Coleoptera,Curculionidae,Dodecastichus,dolomitae,Asynaptic,Asynaptic,Heterogametic,XY,22
Animalia|Insecta|Coleoptera|Curculionidae|Dodecastichus|geniculatus,geniculatus,Animalia,Insecta,Coleoptera,Curculionidae,Dodecastichus,geniculatus,Asynaptic,Asynaptic,Heterogametic,XY,22
Animalia|Insecta|Coleoptera|Curculionidae|Dodecastichus|inflatus,inflatus,Animalia,Insecta,Coleoptera,Curculionidae,Dodecastichus,inflatus,Asynaptic,Asynaptic,Heterogametic,XY,22
Animalia|Insecta|Coleoptera|Curculionidae|Dodecastichus|obsoletus,obsoletus,Animalia,Insecta,Coleoptera,Curculionidae,Dodecastichus,obsoletus,Asynaptic,Asynaptic,Heterogametic,XY,22
Animalia|Insecta|Coleoptera|Curculionidae|Donus|comatus,comatus,Animalia,Insecta,Coleoptera,Curculionidae,Donus,comatus,Asynaptic,Asynaptic,Heterogametic,XY,22
Animalia|Insecta|Coleoptera|Curculionidae|Donus|oxalidis,oxalidis,Animalia,Insecta,Coleoptera,Curculionidae,Donus,oxalidis,Asynaptic,Asynaptic,Heterogametic,XY,22
Animalia|Insecta|Coleoptera|Curculionidae|Dorytomus|mongolicus,mongolicus,Animalia,Insecta,Coleoptera,Curculionidae,Dorytomus,mongolicus,Asynaptic,Asynaptic,Heterogametic,XY,28
Animalia|Insecta|Coleoptera|Curculionidae|Dusmoecetes|marioni,marioni,Animalia,Insecta,Coleoptera,Curculionidae,Dusmoecetes,marioni,Asynaptic,Asynaptic,Heterogametic,XY,22
Animalia|Insecta|Coleoptera|Curculionidae|Dusmoecetes|richtersi,richtersi,Animalia,Insecta,Coleoptera,Curculionidae,Dusmoecetes,richtersi,Asynaptic,Asynaptic,Heterogametic,XY,22
Animalia|Insecta|Coleoptera|Curculionidae|Dyslobus|verrucifer,verrucifer,Animalia,Insecta,Coleoptera,Curculionidae,Dyslobus,verrucifer,Asynaptic,Asynaptic,Heterogametic,XY,22
Animalia|Insecta|Coleoptera|Curculionidae|Dystropicus|dorsalis,dorsalis,Animalia,Insecta,Coleoptera,Curculionidae,Dystropicus,dorsalis,Asynaptic,Asynaptic,Heterogametic,XY,56
Animalia|Insecta|Coleoptera|Curculionidae|Echinocnemus|marmoreus,marmoreus,Animalia,Insecta,Coleoptera,Curculionidae,Echinocnemus,marmoreus,Asynaptic,Asynaptic,Heterogametic,XY,18
Animalia|Insecta|Coleoptera|Curculionidae|Echinocnemus|sp.,sp.,Animalia,Insecta,Coleoptera,Curculionidae,Echinocnemus,sp.,Asynaptic,Asynaptic,Heterogametic,XY,16
Animalia|Insecta|Coleoptera|Curculionidae|Echinocnemus|squameus,squameus,Animalia,Insecta,Coleoptera,Curculionidae,Echinocnemus,squameus,Asynaptic,Asynaptic,Heterogametic,XY,22
Animalia|Insecta|Coleoptera|Curculionidae|Ectatorhinus|adamsi,adamsi,Animalia,Insecta,Coleoptera,Curculionidae,Ectatorhinus,adamsi,Asynaptic,Asynaptic,Heterogametic,XY,38
Animalia|Insecta|Coleoptera|Curculionidae|Ectemnorrhinus|angusticollis,angusticollis,Animalia,Insecta,Coleoptera,Curculionidae,Ectemnorrhinus,angusticollis,Asynaptic,Asynaptic,Heterogametic,XY,22
Animalia|Insecta|Coleoptera|Curculionidae|Ectemnorrhinus|drygalski,drygalski,Animalia,Insecta,Coleoptera,Curculionidae,Ectemnorrhinus,drygalski,Asynaptic,Asynaptic,Heterogametic,XY,22
Animalia|Insecta|Coleoptera|Curculionidae|Ectemnorrhinus|viridis,viridis,Animalia,Insecta,Coleoptera,Curculionidae,Ectemnorrhinus,viridis,Asynaptic,Asynaptic,Heterogametic,XY,22
Animalia|Insecta|Coleoptera|Curculionidae|Episomus|turritus,turritus,Animalia,Insecta,Coleoptera,Curculionidae,Episomus,turritus,Asynaptic,Asynaptic,Heterogametic,XY,32
Animalia|Insecta|Coleoptera|Curculionidae|Esamus|albomarginatus,albomarginatus,Animalia,Insecta,Coleoptera,Curculionidae,Esamus,albomarginatus,Asynaptic,Asynaptic,Heterogametic,XY,22
Animalia|Insecta|Coleoptera|Curculionidae|Esamus|circumdatus,circumdatus,Animalia,Insecta,Coleoptera,Curculionidae,Esamus,circumdatus,Asynaptic,Asynaptic,Heterogametic,XY,22
Animalia|Insecta|Coleoptera|Curculionidae|Esamus|plurisetosus,plurisetosus,Animalia,Insecta,Coleoptera,Curculionidae,Esamus,plurisetosus,Asynaptic,Asynaptic,Heterogametic,XY,22
Animalia|Insecta|Coleoptera|Curculionidae|Esamus|sciurus,sciurus,Animalia,Insecta,Coleoptera,Curculionidae,Esamus,sciurus,Asynaptic,Asynaptic,Heterogametic,XY,22
Animalia|Insecta|Coleoptera|Curculionidae|Eudiagogus|episcopalis,episcopalis,Animalia,Insecta,Coleoptera,Curculionidae,Eudiagogus,episcopalis,Asynaptic,Asynaptic,Heterogametic,XY,34
Animalia|Insecta|Coleoptera|Curculionidae|Eugnathus|distincyus,distincyus,Animalia,Insecta,Coleoptera,Curculionidae,Eugnathus,distincyus,Asynaptic,Asynaptic,Heterogametic,XY,22
Animalia|Insecta|Coleoptera|Curculionidae|Euops|punctatostriata,punctatostriata,Animalia,Insecta,Coleoptera,Curculionidae,Euops,punctatostriata,Asynaptic,Asynaptic,Heterogametic,XY,26
Animalia|Insecta|Coleoptera|Curculionidae|Eupagoderes|sp.,sp.,Animalia,Insecta,Coleoptera,Curculionidae,Eupagoderes,sp.,Asynaptic,Asynaptic,Heterogametic,XY,22
Animalia|Insecta|Coleoptera|Curculionidae|Exophthalmus|famelicus,famelicus,Animalia,Insecta,Coleoptera,Curculionidae,Exophthalmus,famelicus,Asynaptic,Asynaptic,Heterogametic,XY,22
Animalia|Insecta|Coleoptera|Curculionidae|Exopthalmus|quadritaenia,quadritaenia,Animalia,Insecta,Coleoptera,Curculionidae,Exopthalmus,quadritaenia,Asynaptic,Asynaptic,Heterogametic,XY,22
Animalia|Insecta|Coleoptera|Curculionidae|Foucartia|liturata,liturata,Animalia,Insecta,Coleoptera,Curculionidae,Foucartia,liturata,Asynaptic,Asynaptic,Heterogametic,XY,22
Animalia|Insecta|Coleoptera|Curculionidae|Gasteroclisus|aethiops,aethiops,Animalia,Insecta,Coleoptera,Curculionidae,Gasteroclisus,aethiops,Asynaptic,Asynaptic,Heterogametic,XY,36
Animalia|Insecta|Coleoptera|Curculionidae|Gasteroclisus|binodulus,binodulus,Animalia,Insecta,Coleoptera,Curculionidae,Gasteroclisus,binodulus,Asynaptic,Asynaptic,Heterogametic,XY,36
Animalia|Insecta|Coleoptera|Curculionidae|Gymnetron|antirrhini,antirrhini,Animalia,Insecta,Coleoptera,Curculionidae,Gymnetron,antirrhini,Asynaptic,Asynaptic,Heterogametic,XY,32
Animalia|Insecta|Coleoptera|Curculionidae|Gymnetron|smreczynski,smreczynski,Animalia,Insecta,Coleoptera,Curculionidae,Gymnetron,smreczynski,Asynaptic,Asynaptic,Heterogametic,XY,32
Animalia|Insecta|Coleoptera|Curculionidae|Gymnetron|tetrum,tetrum,Animalia,Insecta,Coleoptera,Curculionidae,Gymnetron,tetrum,Asynaptic,Asynaptic,Heterogametic,XY,32
Animalia|Insecta|Coleoptera|Curculionidae|Heilipodus|erythropus,erythropus,Animalia,Insecta,Coleoptera,Curculionidae,Heilipodus,erythropus,Asynaptic,Asynaptic,Heterogametic,XY,30
Animalia|Insecta|Coleoptera|Curculionidae|Heilipodus|scaber,scaber,Animalia,Insecta,Coleoptera,Curculionidae,Heilipodus,scaber,Asynaptic,Asynaptic,Heterogametic,NA,30
Animalia|Insecta|Coleoptera|Curculionidae|Heilipodus|sp.,sp.,Animalia,Insecta,Coleoptera,Curculionidae,Heilipodus,sp.,Asynaptic,Asynaptic,Heterogametic,XY,28
Animalia|Insecta|Coleoptera|Curculionidae|Heilipus|tremolerasi,tremolerasi,Animalia,Insecta,Coleoptera,Curculionidae,Heilipus,tremolerasi,Asynaptic,Asynaptic,Heterogametic,XY,30
Animalia|Insecta|Coleoptera|Curculionidae|Heilipus|wiedemanni,wiedemanni,Animalia,Insecta,Coleoptera,Curculionidae,Heilipus,wiedemanni,Asynaptic,Asynaptic,Heterogametic,XY,22
Animalia|Insecta|Coleoptera|Curculionidae|Hemerus|sp.,sp.,Animalia,Insecta,Coleoptera,Curculionidae,Hemerus,sp.,Asynaptic,Asynaptic,Heterogametic,XY,22
Animalia|Insecta|Coleoptera|Curculionidae|Hilaus|sp.,sp.,Animalia,Insecta,Coleoptera,Curculionidae,Hilaus,sp.,Asynaptic,Asynaptic,Heterogametic,XY,22
Animalia|Insecta|Coleoptera|Curculionidae|Hylobius|abietis,abietis,Animalia,Insecta,Coleoptera,Curculionidae,Hylobius,abietis,Asynaptic,Asynaptic,Heterogametic,XY,22
Animalia|Insecta|Coleoptera|Curculionidae|Hylobius|albosparsus,albosparsus,Animalia,Insecta,Coleoptera,Curculionidae,Hylobius,albosparsus,Asynaptic,Asynaptic,Heterogametic,XY,40
Animalia|Insecta|Coleoptera|Curculionidae|Hylobius|aliradicis,aliradicis,Animalia,Insecta,Coleoptera,Curculionidae,Hylobius,aliradicis,Asynaptic,Asynaptic,Heterogametic,XY,22
Animalia|Insecta|Coleoptera|Curculionidae|Hylobius|congener,congener,Animalia,Insecta,Coleoptera,Curculionidae,Hylobius,congener,Asynaptic,Asynaptic,Heterogametic,XY,22
Animalia|Insecta|Coleoptera|Curculionidae|Hylobius|cribripennis,cribripennis,Animalia,Insecta,Coleoptera,Curculionidae,Hylobius,cribripennis,Asynaptic,Asynaptic,Heterogametic,XY,36
Animalia|Insecta|Coleoptera|Curculionidae|Hylobius|desbrochersi,desbrochersi,Animalia,Insecta,Coleoptera,Curculionidae,Hylobius,desbrochersi,Asynaptic,Asynaptic,Heterogametic,XY,36
Animalia|Insecta|Coleoptera|Curculionidae|Hylobius|elongatus,elongatus,Animalia,Insecta,Coleoptera,Curculionidae,Hylobius,elongatus,Asynaptic,Asynaptic,Heterogametic,XY,48
Animalia|Insecta|Coleoptera|Curculionidae|Hylobius|exculptus,exculptus,Animalia,Insecta,Coleoptera,Curculionidae,Hylobius,exculptus,Asynaptic,Asynaptic,Heterogametic,XY,28
Animalia|Insecta|Coleoptera|Curculionidae|Hylobius|freyi,freyi,Animalia,Insecta,Coleoptera,Curculionidae,Hylobius,freyi,Asynaptic,Asynaptic,Heterogametic,XY,28
Animalia|Insecta|Coleoptera|Curculionidae|Hylobius|galloisi,galloisi,Animalia,Insecta,Coleoptera,Curculionidae,Hylobius,galloisi,Asynaptic,Asynaptic,Heterogametic,XY,36
Animalia|Insecta|Coleoptera|Curculionidae|Hylobius|gebleri,gebleri,Animalia,Insecta,Coleoptera,Curculionidae,Hylobius,gebleri,Asynaptic,Asynaptic,Heterogametic,XY,22
Animalia|Insecta|Coleoptera|Curculionidae|Hylobius|gigas,gigas,Animalia,Insecta,Coleoptera,Curculionidae,Hylobius,gigas,Asynaptic,Asynaptic,Heterogametic,XY,36
Animalia|Insecta|Coleoptera|Curculionidae|Hylobius|insularis,insularis,Animalia,Insecta,Coleoptera,Curculionidae,Hylobius,insularis,Asynaptic,Asynaptic,Heterogametic,XY,50
Animalia|Insecta|Coleoptera|Curculionidae|Hylobius|pales,pales,Animalia,Insecta,Coleoptera,Curculionidae,Hylobius,pales,Asynaptic,Asynaptic,Heterogametic,XY,22
Animalia|Insecta|Coleoptera|Curculionidae|Hylobius|perforatus,perforatus,Animalia,Insecta,Coleoptera,Curculionidae,Hylobius,perforatus,Asynaptic,Asynaptic,Heterogametic,XY,36
Animalia|Insecta|Coleoptera|Curculionidae|Hylobius|piceus,piceus,Animalia,Insecta,Coleoptera,Curculionidae,Hylobius,piceus,Asynaptic,Asynaptic,Heterogametic,XY,40
Animalia|Insecta|Coleoptera|Curculionidae|Hylobius|pinicola,pinicola,Animalia,Insecta,Coleoptera,Curculionidae,Hylobius,pinicola,Asynaptic,Asynaptic,Heterogametic,XY,40
Animalia|Insecta|Coleoptera|Curculionidae|Hylobius|pistri,pistri,Animalia,Insecta,Coleoptera,Curculionidae,Hylobius,pistri,Asynaptic,Asynaptic,Heterogametic,XY,22
Animalia|Insecta|Coleoptera|Curculionidae|Hylobius|radicis,radicis,Animalia,Insecta,Coleoptera,Curculionidae,Hylobius,radicis,Asynaptic,Asynaptic,Heterogametic,XY,22
Animalia|Insecta|Coleoptera|Curculionidae|Hylobius|warreni,warreni,Animalia,Insecta,Coleoptera,Curculionidae,Hylobius,warreni,Asynaptic,Asynaptic,Heterogametic,XY,32
Animalia|Insecta|Coleoptera|Curculionidae|Hypera|elongata,elongata,Animalia,Insecta,Coleoptera,Curculionidae,Hypera,elongata,Asynaptic,Asynaptic,Heterogametic,XY,22
Animalia|Insecta|Coleoptera|Curculionidae|Hypera|medicaginis,medicaginis,Animalia,Insecta,Coleoptera,Curculionidae,Hypera,medicaginis,Asynaptic,Asynaptic,Heterogametic,XY,22
Animalia|Insecta|Coleoptera|Curculionidae|Hypera|nigrirostris,nigrirostris,Animalia,Insecta,Coleoptera,Curculionidae,Hypera,nigrirostris,Asynaptic,Asynaptic,Heterogametic,XY,22
Animalia|Insecta|Coleoptera|Curculionidae|Hypera|postica,postica,Animalia,Insecta,Coleoptera,Curculionidae,Hypera,postica,Asynaptic,Asynaptic,Heterogametic,XY,22
Animalia|Insecta|Coleoptera|Curculionidae|Hypera|rumicus,rumicus,Animalia,Insecta,Coleoptera,Curculionidae,Hypera,rumicus,Asynaptic,Asynaptic,Heterogametic,XY,22
Animalia|Insecta|Coleoptera|Curculionidae|Hypera|viciae,viciae,Animalia,Insecta,Coleoptera,Curculionidae,Hypera,viciae,Asynaptic,Asynaptic,Heterogametic,XY,22
Animalia|Insecta|Coleoptera|Curculionidae|Hypermias|sp.,sp.,Animalia,Insecta,Coleoptera,Curculionidae,Hypermias,sp.,Asynaptic,Asynaptic,Heterogametic,XY,22
Animalia|Insecta|Coleoptera|Curculionidae|Hypolixus|truncatulus,truncatulus,Animalia,Insecta,Coleoptera,Curculionidae,Hypolixus,truncatulus,Asynaptic,Asynaptic,Heterogametic,XY,44
Animalia|Insecta|Coleoptera|Curculionidae|Hypomeces|squamosus,squamosus,Animalia,Insecta,Coleoptera,Curculionidae,Hypomeces,squamosus,Asynaptic,Asynaptic,Heterogametic,XY,22
Animalia|Insecta|Coleoptera|Curculionidae|Indocurculio|minutus,minutus,Animalia,Insecta,Coleoptera,Curculionidae,Indocurculio,minutus,Asynaptic,Asynaptic,Heterogametic,XY,24
Animalia|Insecta|Coleoptera|Curculionidae|Indomecus|lectus,lectus,Animalia,Insecta,Coleoptera,Curculionidae,Indomecus,lectus,Asynaptic,Asynaptic,Heterogametic,XY,22
Animalia|Insecta|Coleoptera|Curculionidae|Indomias|acutipennis,acutipennis,Animalia,Insecta,Coleoptera,Curculionidae,Indomias,acutipennis,Asynaptic,Asynaptic,Heterogametic,XY,22
Animalia|Insecta|Coleoptera|Curculionidae|Ixalma|dentipes,dentipes,Animalia,Insecta,Coleoptera,Curculionidae,Ixalma,dentipes,Asynaptic,Asynaptic,Heterogametic,XY,22
Animalia|Insecta|Coleoptera|Curculionidae|Larinodontes|obtusus,obtusus,Animalia,Insecta,Coleoptera,Curculionidae,Larinodontes,obtusus,Asynaptic,Asynaptic,Heterogametic,XY,40
Animalia|Insecta|Coleoptera|Curculionidae|Larinus|griseopilosus,griseopilosus,Animalia,Insecta,Coleoptera,Curculionidae,Larinus,griseopilosus,Asynaptic,Asynaptic,Heterogametic,XY,40
Animalia|Insecta|Coleoptera|Curculionidae|Larinus|latissimus,latissimus,Animalia,Insecta,Coleoptera,Curculionidae,Larinus,latissimus,Asynaptic,Asynaptic,Heterogametic,XY,40
Animalia|Insecta|Coleoptera|Curculionidae|Larinus|meleagris,meleagris,Animalia,Insecta,Coleoptera,Curculionidae,Larinus,meleagris,Asynaptic,Asynaptic,Heterogametic,XY,40
Animalia|Insecta|Coleoptera|Curculionidae|Larinus|saussureae,saussureae,Animalia,Insecta,Coleoptera,Curculionidae,Larinus,saussureae,Asynaptic,Asynaptic,Heterogametic,XY,36
Animalia|Insecta|Coleoptera|Curculionidae|Lepidospyris|demissus,demissus,Animalia,Insecta,Coleoptera,Curculionidae,Lepidospyris,demissus,Asynaptic,Asynaptic,Heterogametic,XY,22
Animalia|Insecta|Coleoptera|Curculionidae|Lepropus|chrysochlorus,chrysochlorus,Animalia,Insecta,Coleoptera,Curculionidae,Lepropus,chrysochlorus,Asynaptic,Asynaptic,Heterogametic,XY,22
Animalia|Insecta|Coleoptera|Curculionidae|Lepropus|flavovittatus,flavovittatus,Animalia,Insecta,Coleoptera,Curculionidae,Lepropus,flavovittatus,Asynaptic,Asynaptic,Heterogametic,XY,22
Animalia|Insecta|Coleoptera|Curculionidae|Lepropus|lateralis,lateralis,Animalia,Insecta,Coleoptera,Curculionidae,Lepropus,lateralis,Asynaptic,Asynaptic,Heterogametic,XY,22
Animalia|Insecta|Coleoptera|Curculionidae|Leptomias|angustatus,angustatus,Animalia,Insecta,Coleoptera,Curculionidae,Leptomias,angustatus,Asynaptic,Asynaptic,Heterogametic,XY,22
Animalia|Insecta|Coleoptera|Curculionidae|Leptomias|waltersi,waltersi,Animalia,Insecta,Coleoptera,Curculionidae,Leptomias,waltersi,Asynaptic,Asynaptic,Heterogametic,XY,22
Animalia|Insecta|Coleoptera|Curculionidae|Lepyrus|alternans,alternans,Animalia,Insecta,Coleoptera,Curculionidae,Lepyrus,alternans,Asynaptic,Asynaptic,Heterogametic,XY,30
Animalia|Insecta|Coleoptera|Curculionidae|Lepyrus|konoi,konoi,Animalia,Insecta,Coleoptera,Curculionidae,Lepyrus,konoi,Asynaptic,Asynaptic,Heterogametic,XY,30
Animalia|Insecta|Coleoptera|Curculionidae|Lepyrus|palustris,palustris,Animalia,Insecta,Coleoptera,Curculionidae,Lepyrus,palustris,Asynaptic,Asynaptic,Heterogametic,XY,30
Animalia|Insecta|Coleoptera|Curculionidae|Limnobaris|jucunda,jucunda,Animalia,Insecta,Coleoptera,Curculionidae,Limnobaris,jucunda,Asynaptic,Asynaptic,Heterogametic,XY,30
Animalia|Insecta|Coleoptera|Curculionidae|Liophloeus|gibbus,gibbus,Animalia,Insecta,Coleoptera,Curculionidae,Liophloeus,gibbus,Asynaptic,Asynaptic,Heterogametic,XY,22
Animalia|Insecta|Coleoptera|Curculionidae|Liophloeus|lentus,lentus,Animalia,Insecta,Coleoptera,Curculionidae,Liophloeus,lentus,Asynaptic,Asynaptic,Heterogametic,XY,22
Animalia|Insecta|Coleoptera|Curculionidae|Liophloeus|tessulatus,tessulatus,Animalia,Insecta,Coleoptera,Curculionidae,Liophloeus,tessulatus,Asynaptic,Asynaptic,Heterogametic,XY,22
Animalia|Insecta|Coleoptera|Curculionidae|Lixus|acutipennis,acutipennis,Animalia,Insecta,Coleoptera,Curculionidae,Lixus,acutipennis,Asynaptic,Asynaptic,Heterogametic,XY,46
Animalia|Insecta|Coleoptera|Curculionidae|Lixus|cardui,cardui,Animalia,Insecta,Coleoptera,Curculionidae,Lixus,cardui,Asynaptic,Asynaptic,Heterogametic,XY,44
Animalia|Insecta|Coleoptera|Curculionidae|Lixus|divaricatus,divaricatus,Animalia,Insecta,Coleoptera,Curculionidae,Lixus,divaricatus,Asynaptic,Asynaptic,Heterogametic,XY,46
Animalia|Insecta|Coleoptera|Curculionidae|Lixus|impressiventris,impressiventris,Animalia,Insecta,Coleoptera,Curculionidae,Lixus,impressiventris,Asynaptic,Asynaptic,Heterogametic,XY,40
Animalia|Insecta|Coleoptera|Curculionidae|Lixus|maculatus,maculatus,Animalia,Insecta,Coleoptera,Curculionidae,Lixus,maculatus,Asynaptic,Asynaptic,Heterogametic,XY,46
Animalia|Insecta|Coleoptera|Curculionidae|Lixus|subtilis,subtilis,Animalia,Insecta,Coleoptera,Curculionidae,Lixus,subtilis,Asynaptic,Asynaptic,Heterogametic,XY,40
Animalia|Insecta|Coleoptera|Curculionidae|Lobotrachelus|sp.,sp.,Animalia,Insecta,Coleoptera,Curculionidae,Lobotrachelus,sp.,Asynaptic,Asynaptic,Heterogametic,XY,28
Animalia|Insecta|Coleoptera|Curculionidae|Magdalis|alutacea,alutacea,Animalia,Insecta,Coleoptera,Curculionidae,Magdalis,alutacea,Asynaptic,Asynaptic,Heterogametic,XY,32
Animalia|Insecta|Coleoptera|Curculionidae|Magdalis|gentilis,gentilis,Animalia,Insecta,Coleoptera,Curculionidae,Magdalis,gentilis,Asynaptic,Asynaptic,Heterogametic,XY,30
Animalia|Insecta|Coleoptera|Curculionidae|Magdalis|leconti,leconti,Animalia,Insecta,Coleoptera,Curculionidae,Magdalis,leconti,Asynaptic,Asynaptic,Heterogametic,XY,32
Animalia|Insecta|Coleoptera|Curculionidae|Magdalis|perforata,perforata,Animalia,Insecta,Coleoptera,Curculionidae,Magdalis,perforata,Asynaptic,Asynaptic,Heterogametic,XY,32
Animalia|Insecta|Coleoptera|Curculionidae|Magdalis|sp.,sp.,Animalia,Insecta,Coleoptera,Curculionidae,Magdalis,sp.,Asynaptic,Asynaptic,Heterogametic,XY,34
Animalia|Insecta|Coleoptera|Curculionidae|Mechistocerus|fumosus,fumosus,Animalia,Insecta,Coleoptera,Curculionidae,Mechistocerus,fumosus,Asynaptic,Asynaptic,Heterogametic,XY,36
Animalia|Insecta|Coleoptera|Curculionidae|Mechistocerus|nipponicus,nipponicus,Animalia,Insecta,Coleoptera,Curculionidae,Mechistocerus,nipponicus,Asynaptic,Asynaptic,Heterogametic,XY,28
Animalia|Insecta|Coleoptera|Curculionidae|Mechistocerus|sp.,sp.,Animalia,Insecta,Coleoptera,Curculionidae,Mechistocerus,sp.,Asynaptic,Asynaptic,Heterogametic,XY,22
Animalia|Insecta|Coleoptera|Curculionidae|Mecopomorphus|griseus,griseus,Animalia,Insecta,Coleoptera,Curculionidae,Mecopomorphus,griseus,Asynaptic,Asynaptic,Heterogametic,XY,24
Animalia|Insecta|Coleoptera|Curculionidae|Mecyslobus|flavosigtus,flavosigtus,Animalia,Insecta,Coleoptera,Curculionidae,Mecyslobus,flavosigtus,Asynaptic,Asynaptic,Heterogametic,XY,34
Animalia|Insecta|Coleoptera|Curculionidae|Mecyslobus|westermanni,westermanni,Animalia,Insecta,Coleoptera,Curculionidae,Mecyslobus,westermanni,Asynaptic,Asynaptic,Heterogametic,XY,32
Animalia|Insecta|Coleoptera|Curculionidae|Mecysolobus|erro,erro,Animalia,Insecta,Coleoptera,Curculionidae,Mecysolobus,erro,Asynaptic,Asynaptic,Heterogametic,XY,34
Animalia|Insecta|Coleoptera|Curculionidae|Mecysolobus|flavosigtus,flavosigtus,Animalia,Insecta,Coleoptera,Curculionidae,Mecysolobus,flavosigtus,Asynaptic,Asynaptic,Heterogametic,XY,34
Animalia|Insecta|Coleoptera|Curculionidae|Mecysolobus|trifidus,trifidus,Animalia,Insecta,Coleoptera,Curculionidae,Mecysolobus,trifidus,Asynaptic,Asynaptic,Heterogametic,XY,30
Animalia|Insecta|Coleoptera|Curculionidae|Meotiorrhynchus|querendus,querendus,Animalia,Insecta,Coleoptera,Curculionidae,Meotiorrhynchus,querendus,Asynaptic,Asynaptic,Heterogametic,XY,22
Animalia|Insecta|Coleoptera|Curculionidae|Metamasius|hemipterus,hemipterus,Animalia,Insecta,Coleoptera,Curculionidae,Metamasius,hemipterus,Asynaptic,Asynaptic,Heterogametic,XY,26
Animalia|Insecta|Coleoptera|Curculionidae|Metapocyrtus|yogunianus,yogunianus,Animalia,Insecta,Coleoptera,Curculionidae,Metapocyrtus,yogunianus,Asynaptic,Asynaptic,Heterogametic,XY,22
Animalia|Insecta|Coleoptera|Curculionidae|Metialma|scenica,scenica,Animalia,Insecta,Coleoptera,Curculionidae,Metialma,scenica,Asynaptic,Asynaptic,Heterogametic,XY,32
Animalia|Insecta|Coleoptera|Curculionidae|Metialma|sp,sp,Animalia,Insecta,Coleoptera,Curculionidae,Metialma,sp,Asynaptic,Asynaptic,Heterogametic,XY,32
Animalia|Insecta|Coleoptera|Curculionidae|Miccotrogus|picirostris,picirostris,Animalia,Insecta,Coleoptera,Curculionidae,Miccotrogus,picirostris,Asynaptic,Asynaptic,Heterogametic,XY,34
Animalia|Insecta|Coleoptera|Curculionidae|Myllocerus|11-pustulatus,11-pustulatus,Animalia,Insecta,Coleoptera,Curculionidae,Myllocerus,11-pustulatus,Asynaptic,Asynaptic,Heterogametic,XY,22
Animalia|Insecta|Coleoptera|Curculionidae|Myllocerus|angulatipes,angulatipes,Animalia,Insecta,Coleoptera,Curculionidae,Myllocerus,angulatipes,Asynaptic,Asynaptic,Heterogametic,XY,22
Animalia|Insecta|Coleoptera|Curculionidae|Myllocerus|blandus,blandus,Animalia,Insecta,Coleoptera,Curculionidae,Myllocerus,blandus,Asynaptic,Asynaptic,Heterogametic,XY,22
Animalia|Insecta|Coleoptera|Curculionidae|Myllocerus|conspersus,conspersus,Animalia,Insecta,Coleoptera,Curculionidae,Myllocerus,conspersus,Asynaptic,Asynaptic,Heterogametic,XY,22
Animalia|Insecta|Coleoptera|Curculionidae|Myllocerus|dentifer,dentifer,Animalia,Insecta,Coleoptera,Curculionidae,Myllocerus,dentifer,Asynaptic,Asynaptic,Heterogametic,XY,22
Animalia|Insecta|Coleoptera|Curculionidae|Myllocerus|discolor,discolor,Animalia,Insecta,Coleoptera,Curculionidae,Myllocerus,discolor,Asynaptic,Asynaptic,Heterogametic,XY,22
Animalia|Insecta|Coleoptera|Curculionidae|Myllocerus|dorsatus,dorsatus,Animalia,Insecta,Coleoptera,Curculionidae,Myllocerus,dorsatus,Asynaptic,Asynaptic,Heterogametic,XY,22
Animalia|Insecta|Coleoptera|Curculionidae|Myllocerus|griseus,griseus,Animalia,Insecta,Coleoptera,Curculionidae,Myllocerus,griseus,Asynaptic,Asynaptic,Heterogametic,XY,22
Animalia|Insecta|Coleoptera|Curculionidae|Myllocerus|kashmiriensis,kashmiriensis,Animalia,Insecta,Coleoptera,Curculionidae,Myllocerus,kashmiriensis,Asynaptic,Asynaptic,Heterogametic,XY,22
Animalia|Insecta|Coleoptera|Curculionidae|Myllocerus|leativirens,leativirens,Animalia,Insecta,Coleoptera,Curculionidae,Myllocerus,leativirens,Asynaptic,Asynaptic,Heterogametic,XY,22
Animalia|Insecta|Coleoptera|Curculionidae|Myllocerus|lefroi,lefroi,Animalia,Insecta,Coleoptera,Curculionidae,Myllocerus,lefroi,Asynaptic,Asynaptic,Heterogametic,XY,22
Animalia|Insecta|Coleoptera|Curculionidae|Myllocerus|paetus,paetus,Animalia,Insecta,Coleoptera,Curculionidae,Myllocerus,paetus,Asynaptic,Asynaptic,Heterogametic,XY,22
Animalia|Insecta|Coleoptera|Curculionidae|Myllocerus|pauper,pauper,Animalia,Insecta,Coleoptera,Curculionidae,Myllocerus,pauper,Asynaptic,Asynaptic,Heterogametic,XY,22
Animalia|Insecta|Coleoptera|Curculionidae|Myllocerus|sabulosus,sabulosus,Animalia,Insecta,Coleoptera,Curculionidae,Myllocerus,sabulosus,Asynaptic,Asynaptic,Heterogametic,XY,22
Animalia|Insecta|Coleoptera|Curculionidae|Myllocerus|sp.,sp.,Animalia,Insecta,Coleoptera,Curculionidae,Myllocerus,sp.,Asynaptic,Asynaptic,Heterogametic,XY,30
Animalia|Insecta|Coleoptera|Curculionidae|Myllocerus|subfasciatus,subfasciatus,Animalia,Insecta,Coleoptera,Curculionidae,Myllocerus,subfasciatus,Asynaptic,Asynaptic,Heterogametic,XY,22
Animalia|Insecta|Coleoptera|Curculionidae|Myllocerus|transmarinus,transmarinus,Animalia,Insecta,Coleoptera,Curculionidae,Myllocerus,transmarinus,Asynaptic,Asynaptic,Heterogametic,XY,22
Animalia|Insecta|Coleoptera|Curculionidae|Myllocerus|tusicollis,tusicollis,Animalia,Insecta,Coleoptera,Curculionidae,Myllocerus,tusicollis,Asynaptic,Asynaptic,Heterogametic,XY,22
Animalia|Insecta|Coleoptera|Curculionidae|Myllocerus|viridanus,viridanus,Animalia,Insecta,Coleoptera,Curculionidae,Myllocerus,viridanus,Asynaptic,Asynaptic,Heterogametic,XY,22
Animalia|Insecta|Coleoptera|Curculionidae|Myllocerus|viridens,viridens,Animalia,Insecta,Coleoptera,Curculionidae,Myllocerus,viridens,Asynaptic,Asynaptic,Heterogametic,XY,22
Animalia|Insecta|Coleoptera|Curculionidae|Naupactus|bruchi,bruchi,Animalia,Insecta,Coleoptera,Curculionidae,Naupactus,bruchi,Asynaptic,Asynaptic,Heterogametic,XY,22
Animalia|Insecta|Coleoptera|Curculionidae|Naupactus|xantographus,xantographus,Animalia,Insecta,Coleoptera,Curculionidae,Naupactus,xantographus,Asynaptic,Asynaptic,Heterogametic,XY,22
Animalia|Insecta|Coleoptera|Curculionidae|Nedyus|quadrimaculatus,quadrimaculatus,Animalia,Insecta,Coleoptera,Curculionidae,Nedyus,quadrimaculatus,Asynaptic,Asynaptic,Heterogametic,XY,28
Animalia|Insecta|Coleoptera|Curculionidae|Neocanonopsis|dreuxi,dreuxi,Animalia,Insecta,Coleoptera,Curculionidae,Neocanonopsis,dreuxi,Asynaptic,Asynaptic,Heterogametic,XY,22
Animalia|Insecta|Coleoptera|Curculionidae|Neomecopus|sp.,sp.,Animalia,Insecta,Coleoptera,Curculionidae,Neomecopus,sp.,Asynaptic,Asynaptic,Heterogametic,XY,30
Animalia|Insecta|Coleoptera|Curculionidae|Niphades|sp.,sp.,Animalia,Insecta,Coleoptera,Curculionidae,Niphades,sp.,Asynaptic,Asynaptic,Heterogametic,XY,32
Animalia|Insecta|Coleoptera|Curculionidae|Niphades|variegatus,variegatus,Animalia,Insecta,Coleoptera,Curculionidae,Niphades,variegatus,Asynaptic,Asynaptic,Heterogametic,XY,34
Animalia|Insecta|Coleoptera|Curculionidae|Notaris|acridulus,acridulus,Animalia,Insecta,Coleoptera,Curculionidae,Notaris,acridulus,Asynaptic,Asynaptic,Heterogametic,XY,30
Animalia|Insecta|Coleoptera|Curculionidae|Oedophyrus|hilleri,hilleri,Animalia,Insecta,Coleoptera,Curculionidae,Oedophyrus,hilleri,Asynaptic,Asynaptic,Heterogametic,XY,26
Animalia|Insecta|Coleoptera|Curculionidae|Okikuruminus|oblongus,oblongus,Animalia,Insecta,Coleoptera,Curculionidae,Okikuruminus,oblongus,Asynaptic,Asynaptic,Heterogametic,XY,36
Animalia|Insecta|Coleoptera|Curculionidae|Okikuruminus|roelofsi,roelofsi,Animalia,Insecta,Coleoptera,Curculionidae,Okikuruminus,roelofsi,Asynaptic,Asynaptic,Heterogametic,XY,36
Animalia|Insecta|Coleoptera|Curculionidae|Orobitis|apicalis,apicalis,Animalia,Insecta,Coleoptera,Curculionidae,Orobitis,apicalis,Asynaptic,Asynaptic,Heterogametic,XY,26
Animalia|Insecta|Coleoptera|Curculionidae|Orochlesis|takaosanus,takaosanus,Animalia,Insecta,Coleoptera,Curculionidae,Orochlesis,takaosanus,Asynaptic,Asynaptic,Heterogametic,XY,40
Animalia|Insecta|Coleoptera|Curculionidae|Otiorhynchus|alpicola,alpicola,Animalia,Insecta,Coleoptera,Curculionidae,Otiorhynchus,alpicola,Asynaptic,Asynaptic,Heterogametic,XY,22
Animalia|Insecta|Coleoptera|Curculionidae|Otiorhynchus|apenninus,apenninus,Animalia,Insecta,Coleoptera,Curculionidae,Otiorhynchus,apenninus,Asynaptic,Asynaptic,Heterogametic,XY,22
Animalia|Insecta|Coleoptera|Curculionidae|Otiorhynchus|arcticus,arcticus,Animalia,Insecta,Coleoptera,Curculionidae,Otiorhynchus,arcticus,Asynaptic,Asynaptic,Heterogametic,XY,22
Animalia|Insecta|Coleoptera|Curculionidae|Otiorhynchus|armadillo,armadillo,Animalia,Insecta,Coleoptera,Curculionidae,Otiorhynchus,armadillo,Asynaptic,Asynaptic,Heterogametic,XY,22
Animalia|Insecta|Coleoptera|Curculionidae|Otiorhynchus|atripes,atripes,Animalia,Insecta,Coleoptera,Curculionidae,Otiorhynchus,atripes,Asynaptic,Asynaptic,Heterogametic,XY,22
Animalia|Insecta|Coleoptera|Curculionidae|Otiorhynchus|atroapterus,atroapterus,Animalia,Insecta,Coleoptera,Curculionidae,Otiorhynchus,atroapterus,Asynaptic,Asynaptic,Heterogametic,XY,22
Animalia|Insecta|Coleoptera|Curculionidae|Otiorhynchus|aurosigtus,aurosigtus,Animalia,Insecta,Coleoptera,Curculionidae,Otiorhynchus,aurosigtus,Asynaptic,Asynaptic,Heterogametic,XY,22
Animalia|Insecta|Coleoptera|Curculionidae|Otiorhynchus|austriacus,austriacus,Animalia,Insecta,Coleoptera,Curculionidae,Otiorhynchus,austriacus,Asynaptic,Asynaptic,Heterogametic,XY,22
Animalia|Insecta|Coleoptera|Curculionidae|Otiorhynchus|bisulcatus,bisulcatus,Animalia,Insecta,Coleoptera,Curculionidae,Otiorhynchus,bisulcatus,Asynaptic,Asynaptic,Heterogametic,XY,22
Animalia|Insecta|Coleoptera|Curculionidae|Otiorhynchus|coecus,coecus,Animalia,Insecta,Coleoptera,Curculionidae,Otiorhynchus,coecus,Asynaptic,Asynaptic,Heterogametic,XY,22
Animalia|Insecta|Coleoptera|Curculionidae|Otiorhynchus|cornicinus,cornicinus,Animalia,Insecta,Coleoptera,Curculionidae,Otiorhynchus,cornicinus,Asynaptic,Asynaptic,Heterogametic,XY,22
Animalia|Insecta|Coleoptera|Curculionidae|Otiorhynchus|corvus,corvus,Animalia,Insecta,Coleoptera,Curculionidae,Otiorhynchus,corvus,Asynaptic,Asynaptic,Heterogametic,XY,22
Animalia|Insecta|Coleoptera|Curculionidae|Otiorhynchus|croaticus,croaticus,Animalia,Insecta,Coleoptera,Curculionidae,Otiorhynchus,croaticus,Asynaptic,Asynaptic,Heterogametic,XY,22
Animalia|Insecta|Coleoptera|Curculionidae|Otiorhynchus|dryadis,dryadis,Animalia,Insecta,Coleoptera,Curculionidae,Otiorhynchus,dryadis,Asynaptic,Asynaptic,Heterogametic,XY,22
Animalia|Insecta|Coleoptera|Curculionidae|Otiorhynchus|equestris,equestris,Animalia,Insecta,Coleoptera,Curculionidae,Otiorhynchus,equestris,Asynaptic,Asynaptic,Heterogametic,XY,22
Animalia|Insecta|Coleoptera|Curculionidae|Otiorhynchus|gemmatus,gemmatus,Animalia,Insecta,Coleoptera,Curculionidae,Otiorhynchus,gemmatus,Asynaptic,Asynaptic,Heterogametic,XY,22
Animalia|Insecta|Coleoptera|Curculionidae|Otiorhynchus|geniculatus,geniculatus,Animalia,Insecta,Coleoptera,Curculionidae,Otiorhynchus,geniculatus,Asynaptic,Asynaptic,Heterogametic,XY,22
Animalia|Insecta|Coleoptera|Curculionidae|Otiorhynchus|inflatus,inflatus,Animalia,Insecta,Coleoptera,Curculionidae,Otiorhynchus,inflatus,Asynaptic,Asynaptic,Heterogametic,XY,22
Animalia|Insecta|Coleoptera|Curculionidae|Otiorhynchus|koritnicensis,koritnicensis,Animalia,Insecta,Coleoptera,Curculionidae,Otiorhynchus,koritnicensis,Asynaptic,Asynaptic,Heterogametic,XY,22
Animalia|Insecta|Coleoptera|Curculionidae|Otiorhynchus|meridiolis,meridiolis,Animalia,Insecta,Coleoptera,Curculionidae,Otiorhynchus,meridiolis,Asynaptic,Asynaptic,Heterogametic,XY,22
Animalia|Insecta|Coleoptera|Curculionidae|Otiorhynchus|minutesquamosus,minutesquamosus,Animalia,Insecta,Coleoptera,Curculionidae,Otiorhynchus,minutesquamosus,Asynaptic,Asynaptic,Heterogametic,XY,22
Animalia|Insecta|Coleoptera|Curculionidae|Otiorhynchus|morio,morio,Animalia,Insecta,Coleoptera,Curculionidae,Otiorhynchus,morio,Asynaptic,Asynaptic,Heterogametic,XY,22
Animalia|Insecta|Coleoptera|Curculionidae|Otiorhynchus|multipunctatus,multipunctatus,Animalia,Insecta,Coleoptera,Curculionidae,Otiorhynchus,multipunctatus,Asynaptic,Asynaptic,Heterogametic,XY,22
Animalia|Insecta|Coleoptera|Curculionidae|Otiorhynchus|niger,niger,Animalia,Insecta,Coleoptera,Curculionidae,Otiorhynchus,niger,Asynaptic,Asynaptic,Heterogametic,XY,22
Animalia|Insecta|Coleoptera|Curculionidae|Otiorhynchus|opulentus,opulentus,Animalia,Insecta,Coleoptera,Curculionidae,Otiorhynchus,opulentus,Asynaptic,Asynaptic,Heterogametic,XY,22
Animalia|Insecta|Coleoptera|Curculionidae|Otiorhynchus|praecellens,praecellens,Animalia,Insecta,Coleoptera,Curculionidae,Otiorhynchus,praecellens,Asynaptic,Asynaptic,Heterogametic,XY,22
Animalia|Insecta|Coleoptera|Curculionidae|Otiorhynchus|retifer,retifer,Animalia,Insecta,Coleoptera,Curculionidae,Otiorhynchus,retifer,Asynaptic,Asynaptic,Heterogametic,XY,22
Animalia|Insecta|Coleoptera|Curculionidae|Otiorhynchus|rotifer,rotifer,Animalia,Insecta,Coleoptera,Curculionidae,Otiorhynchus,rotifer,Asynaptic,Asynaptic,Heterogametic,XY,22
Animalia|Insecta|Coleoptera|Curculionidae|Otiorhynchus|rugifrons,rugifrons,Animalia,Insecta,Coleoptera,Curculionidae,Otiorhynchus,rugifrons,Asynaptic,Asynaptic,Heterogametic,XY,22
Animalia|Insecta|Coleoptera|Curculionidae|Otiorhynchus|salicis,salicis,Animalia,Insecta,Coleoptera,Curculionidae,Otiorhynchus,salicis,Asynaptic,Asynaptic,Heterogametic,XY,22
Animalia|Insecta|Coleoptera|Curculionidae|Otiorhynchus|sensitivus,sensitivus,Animalia,Insecta,Coleoptera,Curculionidae,Otiorhynchus,sensitivus,Asynaptic,Asynaptic,Heterogametic,XY,22
Animalia|Insecta|Coleoptera|Curculionidae|Otiorhynchus|speiseri,speiseri,Animalia,Insecta,Coleoptera,Curculionidae,Otiorhynchus,speiseri,Asynaptic,Asynaptic,Heterogametic,XY,22
Animalia|Insecta|Coleoptera|Curculionidae|Otiorhynchus|strumosus,strumosus,Animalia,Insecta,Coleoptera,Curculionidae,Otiorhynchus,strumosus,Asynaptic,Asynaptic,Heterogametic,XY,22
Animalia|Insecta|Coleoptera|Curculionidae|Oxydema|sp.,sp.,Animalia,Insecta,Coleoptera,Curculionidae,Oxydema,sp.,Asynaptic,Asynaptic,Heterogametic,XY,30
Animalia|Insecta|Coleoptera|Curculionidae|Pachyrhynchus|inferlis,inferlis,Animalia,Insecta,Coleoptera,Curculionidae,Pachyrhynchus,inferlis,Asynaptic,Asynaptic,Heterogametic,XY,22
Animalia|Insecta|Coleoptera|Curculionidae|Pachytychius|sp.,sp.,Animalia,Insecta,Coleoptera,Curculionidae,Pachytychius,sp.,Asynaptic,Asynaptic,Heterogametic,XY,32
Animalia|Insecta|Coleoptera|Curculionidae|Pagiophloeus|sp.,sp.,Animalia,Insecta,Coleoptera,Curculionidae,Pagiophloeus,sp.,Asynaptic,Asynaptic,Heterogametic,XY,28
Animalia|Insecta|Coleoptera|Curculionidae|Paophilus|afflatus,afflatus,Animalia,Insecta,Coleoptera,Curculionidae,Paophilus,afflatus,Asynaptic,Asynaptic,Heterogametic,XY,22
Animalia|Insecta|Coleoptera|Curculionidae|Paramecopus|farinosus,farinosus,Animalia,Insecta,Coleoptera,Curculionidae,Paramecopus,farinosus,Asynaptic,Asynaptic,Heterogametic,XY,32
Animalia|Insecta|Coleoptera|Curculionidae|Parascaphus|sp.,sp.,Animalia,Insecta,Coleoptera,Curculionidae,Parascaphus,sp.,Asynaptic,Asynaptic,Heterogametic,XY,20
Animalia|Insecta|Coleoptera|Curculionidae|Paratrachelophorus|longicornis,longicornis,Animalia,Insecta,Coleoptera,Curculionidae,Paratrachelophorus,longicornis,Asynaptic,Asynaptic,Heterogametic,XY,30
Animalia|Insecta|Coleoptera|Curculionidae|Phloeophagosoma|takenouchii,takenouchii,Animalia,Insecta,Coleoptera,Curculionidae,Phloeophagosoma,takenouchii,Asynaptic,Asynaptic,Heterogametic,XY,32
Animalia|Insecta|Coleoptera|Curculionidae|Phyllobius|arborator,arborator,Animalia,Insecta,Coleoptera,Curculionidae,Phyllobius,arborator,Asynaptic,Asynaptic,Heterogametic,XY,22
Animalia|Insecta|Coleoptera|Curculionidae|Phyllobius|argentatus,argentatus,Animalia,Insecta,Coleoptera,Curculionidae,Phyllobius,argentatus,Asynaptic,Asynaptic,Heterogametic,XY,22
Animalia|Insecta|Coleoptera|Curculionidae|Phyllobius|armatus,armatus,Animalia,Insecta,Coleoptera,Curculionidae,Phyllobius,armatus,Asynaptic,Asynaptic,Heterogametic,XY,22
Animalia|Insecta|Coleoptera|Curculionidae|Phyllobius|brevis,brevis,Animalia,Insecta,Coleoptera,Curculionidae,Phyllobius,brevis,Asynaptic,Asynaptic,Heterogametic,XY,22
Animalia|Insecta|Coleoptera|Curculionidae|Phyllobius|brevitarsis,brevitarsis,Animalia,Insecta,Coleoptera,Curculionidae,Phyllobius,brevitarsis,Asynaptic,Asynaptic,Heterogametic,XY,22
Animalia|Insecta|Coleoptera|Curculionidae|Phyllobius|caucasicus,caucasicus,Animalia,Insecta,Coleoptera,Curculionidae,Phyllobius,caucasicus,Asynaptic,Asynaptic,Heterogametic,XY,22
Animalia|Insecta|Coleoptera|Curculionidae|Phyllobius|galloisi,galloisi,Animalia,Insecta,Coleoptera,Curculionidae,Phyllobius,galloisi,Asynaptic,Asynaptic,Heterogametic,XY,22
Animalia|Insecta|Coleoptera|Curculionidae|Phyllobius|incomptus,incomptus,Animalia,Insecta,Coleoptera,Curculionidae,Phyllobius,incomptus,Asynaptic,Asynaptic,Heterogametic,XY,22
Animalia|Insecta|Coleoptera|Curculionidae|Phyllobius|intrusus,intrusus,Animalia,Insecta,Coleoptera,Curculionidae,Phyllobius,intrusus,Asynaptic,Asynaptic,Heterogametic,XY,22
Animalia|Insecta|Coleoptera|Curculionidae|Phyllobius|longicornis,longicornis,Animalia,Insecta,Coleoptera,Curculionidae,Phyllobius,longicornis,Asynaptic,Asynaptic,Heterogametic,XY,22
Animalia|Insecta|Coleoptera|Curculionidae|Phyllobius|maculicornis,maculicornis,Animalia,Insecta,Coleoptera,Curculionidae,Phyllobius,maculicornis,Asynaptic,Asynaptic,Heterogametic,XY,22
Animalia|Insecta|Coleoptera|Curculionidae|Phyllobius|mundus,mundus,Animalia,Insecta,Coleoptera,Curculionidae,Phyllobius,mundus,Asynaptic,Asynaptic,Heterogametic,XY,22
Animalia|Insecta|Coleoptera|Curculionidae|Phyllobius|nigritus,nigritus,Animalia,Insecta,Coleoptera,Curculionidae,Phyllobius,nigritus,Asynaptic,Asynaptic,Heterogametic,XY,22
Animalia|Insecta|Coleoptera|Curculionidae|Phyllobius|oblongus,oblongus,Animalia,Insecta,Coleoptera,Curculionidae,Phyllobius,oblongus,Asynaptic,Asynaptic,Heterogametic,XY,22
Animalia|Insecta|Coleoptera|Curculionidae|Phyllobius|prolongatus,prolongatus,Animalia,Insecta,Coleoptera,Curculionidae,Phyllobius,prolongatus,Asynaptic,Asynaptic,Heterogametic,XY,22
Animalia|Insecta|Coleoptera|Curculionidae|Phyllobius|pyri,pyri,Animalia,Insecta,Coleoptera,Curculionidae,Phyllobius,pyri,Asynaptic,Asynaptic,Heterogametic,XY,22
Animalia|Insecta|Coleoptera|Curculionidae|Phyllobius|rotundicollis,rotundicollis,Animalia,Insecta,Coleoptera,Curculionidae,Phyllobius,rotundicollis,Asynaptic,Asynaptic,Heterogametic,XY,22
Animalia|Insecta|Coleoptera|Curculionidae|Phyllobius|sp.,sp.,Animalia,Insecta,Coleoptera,Curculionidae,Phyllobius,sp.,Asynaptic,Asynaptic,Heterogametic,XY,22
Animalia|Insecta|Coleoptera|Curculionidae|Phyllobius|urticae,urticae,Animalia,Insecta,Coleoptera,Curculionidae,Phyllobius,urticae,Asynaptic,Asynaptic,Heterogametic,XY,22
Animalia|Insecta|Coleoptera|Curculionidae|Phyllobius|viridicollis,viridicollis,Animalia,Insecta,Coleoptera,Curculionidae,Phyllobius,viridicollis,Asynaptic,Asynaptic,Heterogametic,XY,22
Animalia|Insecta|Coleoptera|Curculionidae|Phymatapoderus|latipennis,latipennis,Animalia,Insecta,Coleoptera,Curculionidae,Phymatapoderus,latipennis,Asynaptic,Asynaptic,Heterogametic,XY,32
Animalia|Insecta|Coleoptera|Curculionidae|Phymatapoderus|pavens,pavens,Animalia,Insecta,Coleoptera,Curculionidae,Phymatapoderus,pavens,Asynaptic,Asynaptic,Heterogametic,XY,24
Animalia|Insecta|Coleoptera|Curculionidae|Phytobius|sp.,sp.,Animalia,Insecta,Coleoptera,Curculionidae,Phytobius,sp.,Asynaptic,Asynaptic,Heterogametic,XY,24
Animalia|Insecta|Coleoptera|Curculionidae|Phytoscaphus|inductus,inductus,Animalia,Insecta,Coleoptera,Curculionidae,Phytoscaphus,inductus,Asynaptic,Asynaptic,Heterogametic,XY,22
Animalia|Insecta|Coleoptera|Curculionidae|Phytoscaphus|sp.,sp.,Animalia,Insecta,Coleoptera,Curculionidae,Phytoscaphus,sp.,Asynaptic,Asynaptic,Heterogametic,XY,20
Animalia|Insecta|Coleoptera|Curculionidae|Pissodes|affinis,affinis,Animalia,Insecta,Coleoptera,Curculionidae,Pissodes,affinis,Asynaptic,Asynaptic,Heterogametic,XY,30
Animalia|Insecta|Coleoptera|Curculionidae|Pissodes|dubius,dubius,Animalia,Insecta,Coleoptera,Curculionidae,Pissodes,dubius,Asynaptic,Asynaptic,Heterogametic,XY,30
Animalia|Insecta|Coleoptera|Curculionidae|Pissodes|fasciatus,fasciatus,Animalia,Insecta,Coleoptera,Curculionidae,Pissodes,fasciatus,Asynaptic,Asynaptic,Heterogametic,XY,30
Animalia|Insecta|Coleoptera|Curculionidae|Pissodes|fiskei,fiskei,Animalia,Insecta,Coleoptera,Curculionidae,Pissodes,fiskei,Asynaptic,Asynaptic,Heterogametic,XY,25
Animalia|Insecta|Coleoptera|Curculionidae|Pissodes|gyllenhali,gyllenhali,Animalia,Insecta,Coleoptera,Curculionidae,Pissodes,gyllenhali,Asynaptic,Asynaptic,Heterogametic,XY,32
Animalia|Insecta|Coleoptera|Curculionidae|Pissodes|memorensis,memorensis,Animalia,Insecta,Coleoptera,Curculionidae,Pissodes,memorensis,Asynaptic,Asynaptic,Heterogametic,XY,30
Animalia|Insecta|Coleoptera|Curculionidae|Pissodes|nitidus,nitidus,Animalia,Insecta,Coleoptera,Curculionidae,Pissodes,nitidus,Asynaptic,Asynaptic,Heterogametic,XY,30
Animalia|Insecta|Coleoptera|Curculionidae|Pissodes|notatus,notatus,Animalia,Insecta,Coleoptera,Curculionidae,Pissodes,notatus,Asynaptic,Asynaptic,Heterogametic,XY,30
Animalia|Insecta|Coleoptera|Curculionidae|Pissodes|obscurus,obscurus,Animalia,Insecta,Coleoptera,Curculionidae,Pissodes,obscurus,Asynaptic,Asynaptic,Heterogametic,XY,28
Animalia|Insecta|Coleoptera|Curculionidae|Pissodes|P27,P27,Animalia,Insecta,Coleoptera,Curculionidae,Pissodes,P27,Asynaptic,Asynaptic,Heterogametic,XY,30
Animalia|Insecta|Coleoptera|Curculionidae|Pissodes|radiatae,radiatae,Animalia,Insecta,Coleoptera,Curculionidae,Pissodes,radiatae,Asynaptic,Asynaptic,Heterogametic,XY,30
Animalia|Insecta|Coleoptera|Curculionidae|Pissodes|rotundatus,rotundatus,Animalia,Insecta,Coleoptera,Curculionidae,Pissodes,rotundatus,Asynaptic,Asynaptic,Heterogametic,XY,30
Animalia|Insecta|Coleoptera|Curculionidae|Pissodes|schwarzi,schwarzi,Animalia,Insecta,Coleoptera,Curculionidae,Pissodes,schwarzi,Asynaptic,Asynaptic,Heterogametic,XY,28
Animalia|Insecta|Coleoptera|Curculionidae|Pissodes|similis,similis,Animalia,Insecta,Coleoptera,Curculionidae,Pissodes,similis,Asynaptic,Asynaptic,Heterogametic,XY,30
Animalia|Insecta|Coleoptera|Curculionidae|Pissodes|strobi,strobi,Animalia,Insecta,Coleoptera,Curculionidae,Pissodes,strobi,Asynaptic,Asynaptic,Heterogametic,XY,34
Animalia|Insecta|Coleoptera|Curculionidae|Pissodes|termilis,termilis,Animalia,Insecta,Coleoptera,Curculionidae,Pissodes,termilis,Asynaptic,Asynaptic,Heterogametic,XY,29
Animalia|Insecta|Coleoptera|Curculionidae|Pissodes|validirostris,validirostris,Animalia,Insecta,Coleoptera,Curculionidae,Pissodes,validirostris,Asynaptic,Asynaptic,Heterogametic,XY,30
Animalia|Insecta|Coleoptera|Curculionidae|Pissodes|webbi,webbi,Animalia,Insecta,Coleoptera,Curculionidae,Pissodes,webbi,Asynaptic,Asynaptic,Heterogametic,XY,34
Animalia|Insecta|Coleoptera|Curculionidae|Pissodes|YT3,YT3,Animalia,Insecta,Coleoptera,Curculionidae,Pissodes,YT3,Asynaptic,Asynaptic,Heterogametic,XY,34
Animalia|Insecta|Coleoptera|Curculionidae|Platymycterus|himalayanus,himalayanus,Animalia,Insecta,Coleoptera,Curculionidae,Platymycterus,himalayanus,Asynaptic,Asynaptic,Heterogametic,XY,22
Animalia|Insecta|Coleoptera|Curculionidae|Platymycterus|moestus,moestus,Animalia,Insecta,Coleoptera,Curculionidae,Platymycterus,moestus,Asynaptic,Asynaptic,Heterogametic,XY,22
Animalia|Insecta|Coleoptera|Curculionidae|Platymycterus|sjostedti,sjostedti,Animalia,Insecta,Coleoptera,Curculionidae,Platymycterus,sjostedti,Asynaptic,Asynaptic,Heterogametic,XY,22
Animalia|Insecta|Coleoptera|Curculionidae|Platymycterus|sp.,sp.,Animalia,Insecta,Coleoptera,Curculionidae,Platymycterus,sp.,Asynaptic,Asynaptic,Heterogametic,XY,22
Animalia|Insecta|Coleoptera|Curculionidae|Plintini|sp.,sp.,Animalia,Insecta,Coleoptera,Curculionidae,Plintini,sp.,Asynaptic,Asynaptic,Heterogametic,XY,22
Animalia|Insecta|Coleoptera|Curculionidae|Podapion|gallicola,gallicola,Animalia,Insecta,Coleoptera,Curculionidae,Podapion,gallicola,Asynaptic,Asynaptic,Heterogametic,XY,22
Animalia|Insecta|Coleoptera|Curculionidae|Podeschrus|abietis,abietis,Animalia,Insecta,Coleoptera,Curculionidae,Podeschrus,abietis,Asynaptic,Asynaptic,Heterogametic,XY,22
Animalia|Insecta|Coleoptera|Curculionidae|Polydrusus|atomarius,atomarius,Animalia,Insecta,Coleoptera,Curculionidae,Polydrusus,atomarius,Asynaptic,Asynaptic,Heterogametic,XY,22
Animalia|Insecta|Coleoptera|Curculionidae|Polydrusus|calabricus,calabricus,Animalia,Insecta,Coleoptera,Curculionidae,Polydrusus,calabricus,Asynaptic,Asynaptic,Heterogametic,XY,20
Animalia|Insecta|Coleoptera|Curculionidae|Polydrusus|margitus,margitus,Animalia,Insecta,Coleoptera,Curculionidae,Polydrusus,margitus,Asynaptic,Asynaptic,Heterogametic,XY,22
Animalia|Insecta|Coleoptera|Curculionidae|Polydrusus|ruficornis,ruficornis,Animalia,Insecta,Coleoptera,Curculionidae,Polydrusus,ruficornis,Asynaptic,Asynaptic,Heterogametic,XY,22
Animalia|Insecta|Coleoptera|Curculionidae|Polydrusus|sericeus,sericeus,Animalia,Insecta,Coleoptera,Curculionidae,Polydrusus,sericeus,Asynaptic,Asynaptic,Heterogametic,XY,22
Animalia|Insecta|Coleoptera|Curculionidae|Polydrusus|sicanus,sicanus,Animalia,Insecta,Coleoptera,Curculionidae,Polydrusus,sicanus,Asynaptic,Asynaptic,Heterogametic,XY,22
Animalia|Insecta|Coleoptera|Curculionidae|Polydrusus|viridicintus,viridicintus,Animalia,Insecta,Coleoptera,Curculionidae,Polydrusus,viridicintus,Asynaptic,Asynaptic,Heterogametic,XY,22
Animalia|Insecta|Coleoptera|Curculionidae|Procas|biguttatus,biguttatus,Animalia,Insecta,Coleoptera,Curculionidae,Procas,biguttatus,Asynaptic,Asynaptic,Heterogametic,XY,24
Animalia|Insecta|Coleoptera|Curculionidae|Protacallinus|sp.,sp.,Animalia,Insecta,Coleoptera,Curculionidae,Protacallinus,sp.,Asynaptic,Asynaptic,Heterogametic,XY,30
Animalia|Insecta|Coleoptera|Curculionidae|Pseudoanthonomus|hamamelidis,hamamelidis,Animalia,Insecta,Coleoptera,Curculionidae,Pseudoanthonomus,hamamelidis,Asynaptic,Asynaptic,Heterogametic,XY,38
Animalia|Insecta|Coleoptera|Curculionidae|Pseudphytoscaphus|sp.,sp.,Animalia,Insecta,Coleoptera,Curculionidae,Pseudphytoscaphus,sp.,Asynaptic,Asynaptic,Heterogametic,XY,22
Animalia|Insecta|Coleoptera|Curculionidae|Ptochus|oyulum,oyulum,Animalia,Insecta,Coleoptera,Curculionidae,Ptochus,oyulum,Asynaptic,Asynaptic,Heterogametic,XY,22
Animalia|Insecta|Coleoptera|Curculionidae|Rhadinomerus|annulipes,annulipes,Animalia,Insecta,Coleoptera,Curculionidae,Rhadinomerus,annulipes,Asynaptic,Asynaptic,Heterogametic,XY,34
Animalia|Insecta|Coleoptera|Curculionidae|Rhadinomerus|maebarai,maebarai,Animalia,Insecta,Coleoptera,Curculionidae,Rhadinomerus,maebarai,Asynaptic,Asynaptic,Heterogametic,XY,44
Animalia|Insecta|Coleoptera|Curculionidae|Rhinocerus|sp.,sp.,Animalia,Insecta,Coleoptera,Curculionidae,Rhinocerus,sp.,Asynaptic,Asynaptic,Heterogametic,XY,20
Animalia|Insecta|Coleoptera|Curculionidae|Rhinomias|forticornis,forticornis,Animalia,Insecta,Coleoptera,Curculionidae,Rhinomias,forticornis,Asynaptic,Asynaptic,Heterogametic,XY,22
Animalia|Insecta|Coleoptera|Curculionidae|Rhinoncus|pagnus,pagnus,Animalia,Insecta,Coleoptera,Curculionidae,Rhinoncus,pagnus,Asynaptic,Asynaptic,Heterogametic,XY,20
Animalia|Insecta|Coleoptera|Curculionidae|Rhinoncus|sibiricus,sibiricus,Animalia,Insecta,Coleoptera,Curculionidae,Rhinoncus,sibiricus,Asynaptic,Asynaptic,Heterogametic,XY,28
Animalia|Insecta|Coleoptera|Curculionidae|Rhynchaenus|populi,populi,Animalia,Insecta,Coleoptera,Curculionidae,Rhynchaenus,populi,Asynaptic,Asynaptic,Heterogametic,XY,26
Animalia|Insecta|Coleoptera|Curculionidae|Rhynchaenus|stigma,stigma,Animalia,Insecta,Coleoptera,Curculionidae,Rhynchaenus,stigma,Asynaptic,Asynaptic,Heterogametic,XY,28
Animalia|Insecta|Coleoptera|Curculionidae|Rhynchophorus|ferrugineus,ferrugineus,Animalia,Insecta,Coleoptera,Curculionidae,Rhynchophorus,ferrugineus,Asynaptic,Asynaptic,Heterogametic,XY,22
Animalia|Insecta|Coleoptera|Curculionidae|Rhyssomatus|margitus,margitus,Animalia,Insecta,Coleoptera,Curculionidae,Rhyssomatus,margitus,Asynaptic,Asynaptic,Heterogametic,XY,22
Animalia|Insecta|Coleoptera|Curculionidae|Ruteria|hypocrita,hypocrita,Animalia,Insecta,Coleoptera,Curculionidae,Ruteria,hypocrita,Asynaptic,Asynaptic,Heterogametic,XY,30
Animalia|Insecta|Coleoptera|Curculionidae|Rynchophorus|palmarum,palmarum,Animalia,Insecta,Coleoptera,Curculionidae,Rynchophorus,palmarum,Asynaptic,Asynaptic,Heterogametic,XY,22
Animalia|Insecta|Coleoptera|Curculionidae|Ryssematus|lineaticollis,lineaticollis,Animalia,Insecta,Coleoptera,Curculionidae,Ryssematus,lineaticollis,Asynaptic,Asynaptic,Heterogametic,XY,24
Animalia|Insecta|Coleoptera|Curculionidae|Scepticus|griseus,griseus,Animalia,Insecta,Coleoptera,Curculionidae,Scepticus,griseus,Asynaptic,Asynaptic,Heterogametic,XY,22
Animalia|Insecta|Coleoptera|Curculionidae|Scepticus|insularis,insularis,Animalia,Insecta,Coleoptera,Curculionidae,Scepticus,insularis,Asynaptic,Asynaptic,Heterogametic,XY,22
Animalia|Insecta|Coleoptera|Curculionidae|Scepticus|tigrinus,tigrinus,Animalia,Insecta,Coleoptera,Curculionidae,Scepticus,tigrinus,Asynaptic,Asynaptic,Heterogametic,XY,22
Animalia|Insecta|Coleoptera|Curculionidae|Scythropus|japonicus,japonicus,Animalia,Insecta,Coleoptera,Curculionidae,Scythropus,japonicus,Asynaptic,Asynaptic,Heterogametic,XY,22
Animalia|Insecta|Coleoptera|Curculionidae|Scythropus|ortus,ortus,Animalia,Insecta,Coleoptera,Curculionidae,Scythropus,ortus,Asynaptic,Asynaptic,Heterogametic,XY,22
Animalia|Insecta|Coleoptera|Curculionidae|Scythropus|sp.,sp.,Animalia,Insecta,Coleoptera,Curculionidae,Scythropus,sp.,Asynaptic,Asynaptic,Heterogametic,XY,20
Animalia|Insecta|Coleoptera|Curculionidae|Shirahoshizo|insidiosus,insidiosus,Animalia,Insecta,Coleoptera,Curculionidae,Shirahoshizo,insidiosus,Asynaptic,Asynaptic,Heterogametic,XY,38
Animalia|Insecta|Coleoptera|Curculionidae|Simulatacalles|simulator,simulator,Animalia,Insecta,Coleoptera,Curculionidae,Simulatacalles,simulator,Asynaptic,Asynaptic,Heterogametic,XY,24
Animalia|Insecta|Coleoptera|Curculionidae|Sipalus|hypocrita,hypocrita,Animalia,Insecta,Coleoptera,Curculionidae,Sipalus,hypocrita,Asynaptic,Asynaptic,Heterogametic,XY,22
Animalia|Insecta|Coleoptera|Curculionidae|Sitona|crinitus,crinitus,Animalia,Insecta,Coleoptera,Curculionidae,Sitona,crinitus,Asynaptic,Asynaptic,Heterogametic,XY,22
Animalia|Insecta|Coleoptera|Curculionidae|Sitona|cylindricollis,cylindricollis,Animalia,Insecta,Coleoptera,Curculionidae,Sitona,cylindricollis,Asynaptic,Asynaptic,Heterogametic,XY,22
Animalia|Insecta|Coleoptera|Curculionidae|Sitona|flavescens,flavescens,Animalia,Insecta,Coleoptera,Curculionidae,Sitona,flavescens,Asynaptic,Asynaptic,Heterogametic,XY,22
Animalia|Insecta|Coleoptera|Curculionidae|Sitona|hispidulus,hispidulus,Animalia,Insecta,Coleoptera,Curculionidae,Sitona,hispidulus,Asynaptic,Asynaptic,Heterogametic,XY,22
Animalia|Insecta|Coleoptera|Curculionidae|Sitona|humeralis,humeralis,Animalia,Insecta,Coleoptera,Curculionidae,Sitona,humeralis,Asynaptic,Asynaptic,Heterogametic,XY,22
Animalia|Insecta|Coleoptera|Curculionidae|Sitona|lepidus,lepidus,Animalia,Insecta,Coleoptera,Curculionidae,Sitona,lepidus,Asynaptic,Asynaptic,Heterogametic,XY,22
Animalia|Insecta|Coleoptera|Curculionidae|Sitona|lineata,lineata,Animalia,Insecta,Coleoptera,Curculionidae,Sitona,lineata,Asynaptic,Asynaptic,Heterogametic,XY,22
Animalia|Insecta|Coleoptera|Curculionidae|Sitona|lineatus,lineatus,Animalia,Insecta,Coleoptera,Curculionidae,Sitona,lineatus,Asynaptic,Asynaptic,Heterogametic,XY,22
Animalia|Insecta|Coleoptera|Curculionidae|Sitona|macularis,macularis,Animalia,Insecta,Coleoptera,Curculionidae,Sitona,macularis,Asynaptic,Asynaptic,Heterogametic,XY,22
Animalia|Insecta|Coleoptera|Curculionidae|Sitona|scissifrons,scissifrons,Animalia,Insecta,Coleoptera,Curculionidae,Sitona,scissifrons,Asynaptic,Asynaptic,Heterogametic,XY,22
Animalia|Insecta|Coleoptera|Curculionidae|Sitona|sp.,sp.,Animalia,Insecta,Coleoptera,Curculionidae,Sitona,sp.,Asynaptic,Asynaptic,Heterogametic,XY,24
Animalia|Insecta|Coleoptera|Curculionidae|Sitona|suturalis,suturalis,Animalia,Insecta,Coleoptera,Curculionidae,Sitona,suturalis,Asynaptic,Asynaptic,Heterogametic,XY,22
Animalia|Insecta|Coleoptera|Curculionidae|Sitonaphilus|granarius,granarius,Animalia,Insecta,Coleoptera,Curculionidae,Sitonaphilus,granarius,Asynaptic,Asynaptic,Heterogametic,XY,24
Animalia|Insecta|Coleoptera|Curculionidae|Sitonaphilus|zeamais,zeamais,Animalia,Insecta,Coleoptera,Curculionidae,Sitonaphilus,zeamais,Asynaptic,Asynaptic,Heterogametic,XY,22
Animalia|Insecta|Coleoptera|Curculionidae|Sphenophorus|parvula,parvula,Animalia,Insecta,Coleoptera,Curculionidae,Sphenophorus,parvula,Asynaptic,Asynaptic,Heterogametic,XY,30
Animalia|Insecta|Coleoptera|Curculionidae|Strophosoma|faber,faber,Animalia,Insecta,Coleoptera,Curculionidae,Strophosoma,faber,Asynaptic,Asynaptic,Heterogametic,XY,22
Animalia|Insecta|Coleoptera|Curculionidae|Sympiezomias|cribicollis,cribicollis,Animalia,Insecta,Coleoptera,Curculionidae,Sympiezomias,cribicollis,Asynaptic,Asynaptic,Heterogametic,XY,22
Animalia|Insecta|Coleoptera|Curculionidae|Sympiezomias|cribricollis,cribricollis,Animalia,Insecta,Coleoptera,Curculionidae,Sympiezomias,cribricollis,Asynaptic,Asynaptic,Heterogametic,XY,22
Animalia|Insecta|Coleoptera|Curculionidae|Sympiezomias|lewisii,lewisii,Animalia,Insecta,Coleoptera,Curculionidae,Sympiezomias,lewisii,Asynaptic,Asynaptic,Heterogametic,XY,22
Animalia|Insecta|Coleoptera|Curculionidae|Syrotelus|umbrosus,umbrosus,Animalia,Insecta,Coleoptera,Curculionidae,Syrotelus,umbrosus,Asynaptic,Asynaptic,Heterogametic,XY,16
Animalia|Insecta|Coleoptera|Curculionidae|Tachypterellus|4-gibbus,4-gibbus,Animalia,Insecta,Coleoptera,Curculionidae,Tachypterellus,4-gibbus,Asynaptic,Asynaptic,Heterogametic,XY,34
Animalia|Insecta|Coleoptera|Curculionidae|Tanymecus|cephalotes,cephalotes,Animalia,Insecta,Coleoptera,Curculionidae,Tanymecus,cephalotes,Asynaptic,Asynaptic,Heterogametic,XY,22
Animalia|Insecta|Coleoptera|Curculionidae|Tanymecus|hispidus,hispidus,Animalia,Insecta,Coleoptera,Curculionidae,Tanymecus,hispidus,Asynaptic,Asynaptic,Heterogametic,XY,22
Animalia|Insecta|Coleoptera|Curculionidae|Tanymecus|indicus,indicus,Animalia,Insecta,Coleoptera,Curculionidae,Tanymecus,indicus,Asynaptic,Asynaptic,Heterogametic,XY,22
Animalia|Insecta|Coleoptera|Curculionidae|Tanymecus|longulus,longulus,Animalia,Insecta,Coleoptera,Curculionidae,Tanymecus,longulus,Asynaptic,Asynaptic,Heterogametic,XY,22
Animalia|Insecta|Coleoptera|Curculionidae|Tanymecus|palliatus,palliatus,Animalia,Insecta,Coleoptera,Curculionidae,Tanymecus,palliatus,Asynaptic,Asynaptic,Heterogametic,XY,22
Animalia|Insecta|Coleoptera|Curculionidae|Tanymecus|sciurus,sciurus,Animalia,Insecta,Coleoptera,Curculionidae,Tanymecus,sciurus,Asynaptic,Asynaptic,Heterogametic,XY,22
Animalia|Insecta|Coleoptera|Curculionidae|Tanymecus|sp.,sp.,Animalia,Insecta,Coleoptera,Curculionidae,Tanymecus,sp.,Asynaptic,Asynaptic,Heterogametic,XY,22
Animalia|Insecta|Coleoptera|Curculionidae|Tanysphyrus|leme,leme,Animalia,Insecta,Coleoptera,Curculionidae,Tanysphyrus,leme,Asynaptic,Asynaptic,Heterogametic,XY,16
Animalia|Insecta|Coleoptera|Curculionidae|Tanysphyrus|major,major,Animalia,Insecta,Coleoptera,Curculionidae,Tanysphyrus,major,Asynaptic,Asynaptic,Heterogametic,XY,16
Animalia|Insecta|Coleoptera|Curculionidae|Telephae|konoi,konoi,Animalia,Insecta,Coleoptera,Curculionidae,Telephae,konoi,Asynaptic,Asynaptic,Heterogametic,XY,22
Animalia|Insecta|Coleoptera|Curculionidae|Thlipsomerus|glebosus,glebosus,Animalia,Insecta,Coleoptera,Curculionidae,Thlipsomerus,glebosus,Asynaptic,Asynaptic,Heterogametic,XY,22
Animalia|Insecta|Coleoptera|Curculionidae|Transptochus|sp.,sp.,Animalia,Insecta,Coleoptera,Curculionidae,Transptochus,sp.,Asynaptic,Asynaptic,Heterogametic,XY,22
Animalia|Insecta|Coleoptera|Curculionidae|Tychius|aureolus,aureolus,Animalia,Insecta,Coleoptera,Curculionidae,Tychius,aureolus,Asynaptic,Asynaptic,Heterogametic,XY,40
Animalia|Insecta|Coleoptera|Curculionidae|Tychius|ginsuji,ginsuji,Animalia,Insecta,Coleoptera,Curculionidae,Tychius,ginsuji,Asynaptic,Asynaptic,Heterogametic,XY,34
Animalia|Insecta|Coleoptera|Curculionidae|Tychius|sp.,sp.,Animalia,Insecta,Coleoptera,Curculionidae,Tychius,sp.,Asynaptic,Asynaptic,Heterogametic,XY,34
Animalia|Insecta|Coleoptera|Curculionidae|Tychius|stephensi,stephensi,Animalia,Insecta,Coleoptera,Curculionidae,Tychius,stephensi,Asynaptic,Asynaptic,Heterogametic,XY,40
Animalia|Insecta|Coleoptera|Curculionidae|Xanium|vanhoeffenianum,vanhoeffenianum,Animalia,Insecta,Coleoptera,Curculionidae,Xanium,vanhoeffenianum,Asynaptic,Asynaptic,Heterogametic,XY,22
Animalia|Insecta|Coleoptera|Curculionidae|Xanthochelus|sp.,sp.,Animalia,Insecta,Coleoptera,Curculionidae,Xanthochelus,sp.,Asynaptic,Asynaptic,Heterogametic,XY,22
Animalia|Insecta|Coleoptera|Curculionidae|Zacladus|geranii,geranii,Animalia,Insecta,Coleoptera,Curculionidae,Zacladus,geranii,Asynaptic,Asynaptic,Heterogametic,XY,28
Animalia|Insecta|Coleoptera|Dermestidae|Anthrenus|fasciatus,fasciatus,Animalia,Insecta,Coleoptera,Dermestidae,Anthrenus,fasciatus,Asynaptic,Asynaptic,Heterogametic,XY,18
Animalia|Insecta|Coleoptera|Dermestidae|Anthrenus|flavipes,flavipes,Animalia,Insecta,Coleoptera,Dermestidae,Anthrenus,flavipes,Asynaptic,Asynaptic,Heterogametic,XY,18
Animalia|Insecta|Coleoptera|Dermestidae|Anthrenus|sp.,sp.,Animalia,Insecta,Coleoptera,Dermestidae,Anthrenus,sp.,Asynaptic,Asynaptic,Heterogametic,XY,18
Animalia|Insecta|Coleoptera|Dermestidae|Anthrenus|verbasci,verbasci,Animalia,Insecta,Coleoptera,Dermestidae,Anthrenus,verbasci,Asynaptic,Asynaptic,Heterogametic,XY,18
Animalia|Insecta|Coleoptera|Dermestidae|Attagenus|elongatulus,elongatulus,Animalia,Insecta,Coleoptera,Dermestidae,Attagenus,elongatulus,Asynaptic,Asynaptic,Heterogametic,XY,18
Animalia|Insecta|Coleoptera|Dermestidae|Attagenus|megatoma,megatoma,Animalia,Insecta,Coleoptera,Dermestidae,Attagenus,megatoma,Asynaptic,Asynaptic,Heterogametic,XY,18
Animalia|Insecta|Coleoptera|Dermestidae|Dermestes|ater,ater,Animalia,Insecta,Coleoptera,Dermestidae,Dermestes,ater,Asynaptic,Asynaptic,Heterogametic,XY,18
Animalia|Insecta|Coleoptera|Dermestidae|Dermestes|caninus,caninus,Animalia,Insecta,Coleoptera,Dermestidae,Dermestes,caninus,Asynaptic,Asynaptic,Heterogametic,XY,18
Animalia|Insecta|Coleoptera|Dermestidae|Dermestes|frischii,frischii,Animalia,Insecta,Coleoptera,Dermestidae,Dermestes,frischii,Asynaptic,Asynaptic,Heterogametic,XY,18
Animalia|Insecta|Coleoptera|Dermestidae|Dermestes|haemorrhoidalis,haemorrhoidalis,Animalia,Insecta,Coleoptera,Dermestidae,Dermestes,haemorrhoidalis,Asynaptic,Asynaptic,Heterogametic,XY,18
Animalia|Insecta|Coleoptera|Dermestidae|Dermestes|lardarius,lardarius,Animalia,Insecta,Coleoptera,Dermestidae,Dermestes,lardarius,Asynaptic,Asynaptic,Heterogametic,XY,18
Animalia|Insecta|Coleoptera|Dermestidae|Dermestes|maculatus,maculatus,Animalia,Insecta,Coleoptera,Dermestidae,Dermestes,maculatus,Asynaptic,Asynaptic,Heterogametic,XY,18
Animalia|Insecta|Coleoptera|Dermestidae|Dermestes|peruvianus,peruvianus,Animalia,Insecta,Coleoptera,Dermestidae,Dermestes,peruvianus,Asynaptic,Asynaptic,Heterogametic,XY,18
Animalia|Insecta|Coleoptera|Dermestidae|Dermestes|talpinus,talpinus,Animalia,Insecta,Coleoptera,Dermestidae,Dermestes,talpinus,Asynaptic,Asynaptic,Heterogametic,XY,18
Animalia|Insecta|Coleoptera|Dermestidae|Dermestes|vulpinus,vulpinus,Animalia,Insecta,Coleoptera,Dermestidae,Dermestes,vulpinus,Asynaptic,Asynaptic,Heterogametic,XY,18
Animalia|Insecta|Coleoptera|Dermestidae|Dermests|sigtus,sigtus,Animalia,Insecta,Coleoptera,Dermestidae,Dermests,sigtus,Asynaptic,Asynaptic,Heterogametic,XY,18
Animalia|Insecta|Coleoptera|Dermestidae|Orphilus|subnitidus,subnitidus,Animalia,Insecta,Coleoptera,Dermestidae,Orphilus,subnitidus,Asynaptic,Asynaptic,Heterogametic,XY,20
Animalia|Insecta|Coleoptera|Dermestidae|Trogoderma|glabrum,glabrum,Animalia,Insecta,Coleoptera,Dermestidae,Trogoderma,glabrum,Asynaptic,Asynaptic,Heterogametic,XY,20
Animalia|Insecta|Coleoptera|Dermestidae|Trogoderma|inclusum,inclusum,Animalia,Insecta,Coleoptera,Dermestidae,Trogoderma,inclusum,Asynaptic,Asynaptic,Heterogametic,XY,18
Animalia|Insecta|Coleoptera|Dermestidae|Trogoderma|parabile,parabile,Animalia,Insecta,Coleoptera,Dermestidae,Trogoderma,parabile,Asynaptic,Asynaptic,Heterogametic,XY,20
Animalia|Insecta|Coleoptera|Dermestidae|Trogoderma|variabile,variabile,Animalia,Insecta,Coleoptera,Dermestidae,Trogoderma,variabile,Asynaptic,Asynaptic,Heterogametic,XY,18
Animalia|Insecta|Coleoptera|Dytiscidae|Agabus|bipustulatus,bipustulatus,Animalia,Insecta,Coleoptera,Dytiscidae,Agabus,bipustulatus,Asynaptic,Asynaptic,Heterogametic,XY,42
Animalia|Insecta|Coleoptera|Dytiscidae|Agabus|sturmi,sturmi,Animalia,Insecta,Coleoptera,Dytiscidae,Agabus,sturmi,Asynaptic,Asynaptic,Heterogametic,XY,42
Animalia|Insecta|Coleoptera|Dytiscidae|Colymbetes|paykulli,paykulli,Animalia,Insecta,Coleoptera,Dytiscidae,Colymbetes,paykulli,Asynaptic,Asynaptic,Heterogametic,XY,36
Animalia|Insecta|Coleoptera|Dytiscidae|Rhantus|exsoletus,exsoletus,Animalia,Insecta,Coleoptera,Dytiscidae,Rhantus,exsoletus,Asynaptic,Asynaptic,Heterogametic,XY,42
Animalia|Insecta|Coleoptera|Dytiscidae|Rhantus|notatus,notatus,Animalia,Insecta,Coleoptera,Dytiscidae,Rhantus,notatus,Asynaptic,Asynaptic,Heterogametic,XY,44
Animalia|Insecta|Coleoptera|Elateridae|Adelocera|muri,muri,Animalia,Insecta,Coleoptera,Elateridae,Adelocera,muri,Asynaptic,Asynaptic,Heterogametic,XY,22
Animalia|Insecta|Coleoptera|Elateridae|Agriotes|sputator,sputator,Animalia,Insecta,Coleoptera,Elateridae,Agriotes,sputator,Asynaptic,Asynaptic,Heterogametic,XY,20
Animalia|Insecta|Coleoptera|Elateridae|Cardiophorus|cardisce,cardisce,Animalia,Insecta,Coleoptera,Elateridae,Cardiophorus,cardisce,Asynaptic,Asynaptic,Heterogametic,XY,22
Animalia|Insecta|Coleoptera|Elateridae|Cardiophorus|convexulus,convexulus,Animalia,Insecta,Coleoptera,Elateridae,Cardiophorus,convexulus,Asynaptic,Asynaptic,Heterogametic,XY,22
Animalia|Insecta|Coleoptera|Elateridae|Cardiophorus|convexus,convexus,Animalia,Insecta,Coleoptera,Elateridae,Cardiophorus,convexus,Asynaptic,Asynaptic,Heterogametic,XY,20
Animalia|Insecta|Coleoptera|Elateridae|Cardiophorus|fenestratus,fenestratus,Animalia,Insecta,Coleoptera,Elateridae,Cardiophorus,fenestratus,Asynaptic,Asynaptic,Heterogametic,XY,22
Animalia|Insecta|Coleoptera|Elateridae|Cardiophorus|gagates,gagates,Animalia,Insecta,Coleoptera,Elateridae,Cardiophorus,gagates,Asynaptic,Asynaptic,Heterogametic,XY,22
Animalia|Insecta|Coleoptera|Elateridae|Cardiophorus|togatus,togatus,Animalia,Insecta,Coleoptera,Elateridae,Cardiophorus,togatus,Asynaptic,Asynaptic,Heterogametic,XY,22
Animalia|Insecta|Coleoptera|Elateridae|Ctenicera|appressa,appressa,Animalia,Insecta,Coleoptera,Elateridae,Ctenicera,appressa,Asynaptic,Asynaptic,Heterogametic,XY,22
Animalia|Insecta|Coleoptera|Elateridae|Ctenicera|bombyci,bombyci,Animalia,Insecta,Coleoptera,Elateridae,Ctenicera,bombyci,Asynaptic,Asynaptic,Heterogametic,XY,22
Animalia|Insecta|Coleoptera|Elateridae|Ctenicera|inflata,inflata,Animalia,Insecta,Coleoptera,Elateridae,Ctenicera,inflata,Asynaptic,Asynaptic,Heterogametic,XY,20
Animalia|Insecta|Coleoptera|Elateridae|Ctenicera|media,media,Animalia,Insecta,Coleoptera,Elateridae,Ctenicera,media,Asynaptic,Asynaptic,Heterogametic,XY,22
Animalia|Insecta|Coleoptera|Elateridae|Ctenicera|ochreipennis,ochreipennis,Animalia,Insecta,Coleoptera,Elateridae,Ctenicera,ochreipennis,Asynaptic,Asynaptic,Heterogametic,XY,22
Animalia|Insecta|Coleoptera|Elateridae|Ctenicera|tarsalis,tarsalis,Animalia,Insecta,Coleoptera,Elateridae,Ctenicera,tarsalis,Asynaptic,Asynaptic,Heterogametic,XY,20
Animalia|Insecta|Coleoptera|Elateridae|Ctenicera|tessellata,tessellata,Animalia,Insecta,Coleoptera,Elateridae,Ctenicera,tessellata,Asynaptic,Asynaptic,Heterogametic,XY,22
Animalia|Insecta|Coleoptera|Elateridae|Eanus|estriatus,estriatus,Animalia,Insecta,Coleoptera,Elateridae,Eanus,estriatus,Asynaptic,Asynaptic,Heterogametic,XY,20
Animalia|Insecta|Coleoptera|Elateridae|Eanus|maculipennis,maculipennis,Animalia,Insecta,Coleoptera,Elateridae,Eanus,maculipennis,Asynaptic,Asynaptic,Heterogametic,XY,20
Animalia|Insecta|Coleoptera|Elateridae|Limonius|aeger,aeger,Animalia,Insecta,Coleoptera,Elateridae,Limonius,aeger,Asynaptic,Asynaptic,Heterogametic,XY,20
Animalia|Insecta|Coleoptera|Elateridae|Pomachilius|sp.2,sp.2,Animalia,Insecta,Coleoptera,Elateridae,Pomachilius,sp.2,Asynaptic,Asynaptic,Heterogametic,XY,20
Animalia|Insecta|Coleoptera|Glaphyridae|Lichnanthe|rathvoni,rathvoni,Animalia,Insecta,Coleoptera,Glaphyridae,Lichnanthe,rathvoni,Asynaptic,Asynaptic,Heterogametic,XY,20
Animalia|Insecta|Coleoptera|Glaresidae|Glaresis|sp.,sp.,Animalia,Insecta,Coleoptera,Glaresidae,Glaresis,sp.,Asynaptic,Asynaptic,Heterogametic,XY,20
Animalia|Insecta|Coleoptera|Helophoridae|Helophorus|lamicola,lamicola,Animalia,Insecta,Coleoptera,Helophoridae,Helophorus,lamicola,Asynaptic,Asynaptic,Heterogametic,XY,22
Animalia|Insecta|Coleoptera|Helophoridae|Helophorus|ser,ser,Animalia,Insecta,Coleoptera,Helophoridae,Helophorus,ser,Asynaptic,Asynaptic,Heterogametic,XY,22
Animalia|Insecta|Coleoptera|Helophoridae|Helophorus|yangae,yangae,Animalia,Insecta,Coleoptera,Helophoridae,Helophorus,yangae,Asynaptic,Asynaptic,Heterogametic,XY,22
Animalia|Insecta|Coleoptera|Histeridae|Hister|sp.,sp.,Animalia,Insecta,Coleoptera,Histeridae,Hister,sp.,Asynaptic,Asynaptic,Heterogametic,XY,26
Animalia|Insecta|Coleoptera|Histeridae|Saprinus|sp.,sp.,Animalia,Insecta,Coleoptera,Histeridae,Saprinus,sp.,Asynaptic,Asynaptic,Heterogametic,XY,26
Animalia|Insecta|Coleoptera|Hybosoridae|Hybosorus|orientalis,orientalis,Animalia,Insecta,Coleoptera,Hybosoridae,Hybosorus,orientalis,Asynaptic,Asynaptic,Heterogametic,XY,20
Animalia|Insecta|Coleoptera|Hydrophilidae|Anacaena|bipustulata,bipustulata,Animalia,Insecta,Coleoptera,Hydrophilidae,Anacaena,bipustulata,Asynaptic,Asynaptic,Heterogametic,XY,18
Animalia|Insecta|Coleoptera|Hydrophilidae|Anacaena|globulus,globulus,Animalia,Insecta,Coleoptera,Hydrophilidae,Anacaena,globulus,Asynaptic,Asynaptic,Heterogametic,XY,16
Animalia|Insecta|Coleoptera|Hydrophilidae|Anacaena|limbata,limbata,Animalia,Insecta,Coleoptera,Hydrophilidae,Anacaena,limbata,Asynaptic,Asynaptic,Heterogametic,XY,18
Animalia|Insecta|Coleoptera|Hydrophilidae|Anacaena|lutescens,lutescens,Animalia,Insecta,Coleoptera,Hydrophilidae,Anacaena,lutescens,Asynaptic,Asynaptic,Heterogametic,XY,18
Animalia|Insecta|Coleoptera|Hydrophilidae|Berosus|affinis,affinis,Animalia,Insecta,Coleoptera,Hydrophilidae,Berosus,affinis,Asynaptic,Asynaptic,Heterogametic,XY,18
Animalia|Insecta|Coleoptera|Hydrophilidae|Berosus|bispina,bispina,Animalia,Insecta,Coleoptera,Hydrophilidae,Berosus,bispina,Asynaptic,Asynaptic,Heterogametic,XY,18
Animalia|Insecta|Coleoptera|Hydrophilidae|Berosus|fulvus,fulvus,Animalia,Insecta,Coleoptera,Hydrophilidae,Berosus,fulvus,Asynaptic,Asynaptic,Heterogametic,XY,18
Animalia|Insecta|Coleoptera|Hydrophilidae|Berosus|hispanicus,hispanicus,Animalia,Insecta,Coleoptera,Hydrophilidae,Berosus,hispanicus,Asynaptic,Asynaptic,Heterogametic,XY,18
Animalia|Insecta|Coleoptera|Hydrophilidae|Berosus|luridus,luridus,Animalia,Insecta,Coleoptera,Hydrophilidae,Berosus,luridus,Asynaptic,Asynaptic,Heterogametic,XY,18
Animalia|Insecta|Coleoptera|Hydrophilidae|Berosus|signaticollis,signaticollis,Animalia,Insecta,Coleoptera,Hydrophilidae,Berosus,signaticollis,Asynaptic,Asynaptic,Heterogametic,XY,20
Animalia|Insecta|Coleoptera|Hydrophilidae|Cercyon|convexiusculus,convexiusculus,Animalia,Insecta,Coleoptera,Hydrophilidae,Cercyon,convexiusculus,Asynaptic,Asynaptic,Heterogametic,XY,30
Animalia|Insecta|Coleoptera|Hydrophilidae|Cercyon|haemorrhoidalis,haemorrhoidalis,Animalia,Insecta,Coleoptera,Hydrophilidae,Cercyon,haemorrhoidalis,Asynaptic,Asynaptic,Heterogametic,XY,24
Animalia|Insecta|Coleoptera|Hydrophilidae|Cercyon|marinus,marinus,Animalia,Insecta,Coleoptera,Hydrophilidae,Cercyon,marinus,Asynaptic,Asynaptic,Heterogametic,XY,24
Animalia|Insecta|Coleoptera|Hydrophilidae|Cercyon|melanocephalus,melanocephalus,Animalia,Insecta,Coleoptera,Hydrophilidae,Cercyon,melanocephalus,Asynaptic,Asynaptic,Heterogametic,XY,24
Animalia|Insecta|Coleoptera|Hydrophilidae|Chaetarthria|simillima,simillima,Animalia,Insecta,Coleoptera,Hydrophilidae,Chaetarthria,simillima,Asynaptic,Asynaptic,Heterogametic,XY,18
Animalia|Insecta|Coleoptera|Hydrophilidae|Cymbiodyta|bifida,bifida,Animalia,Insecta,Coleoptera,Hydrophilidae,Cymbiodyta,bifida,Asynaptic,Asynaptic,Heterogametic,XY,18
Animalia|Insecta|Coleoptera|Hydrophilidae|Enochrus|fuscipennis,fuscipennis,Animalia,Insecta,Coleoptera,Hydrophilidae,Enochrus,fuscipennis,Asynaptic,Asynaptic,Heterogametic,XY,18
Animalia|Insecta|Coleoptera|Hydrophilidae|Enochrus|halophilus,halophilus,Animalia,Insecta,Coleoptera,Hydrophilidae,Enochrus,halophilus,Asynaptic,Asynaptic,Heterogametic,XY,18
Animalia|Insecta|Coleoptera|Hydrophilidae|Enochrus|quadripunctatus,quadripunctatus,Animalia,Insecta,Coleoptera,Hydrophilidae,Enochrus,quadripunctatus,Asynaptic,Asynaptic,Heterogametic,XY,18
Animalia|Insecta|Coleoptera|Hydrophilidae|Helochares|lividus,lividus,Animalia,Insecta,Coleoptera,Hydrophilidae,Helochares,lividus,Asynaptic,Asynaptic,Heterogametic,XY,18
Animalia|Insecta|Coleoptera|Hydrophilidae|Helochares|punctatus,punctatus,Animalia,Insecta,Coleoptera,Hydrophilidae,Helochares,punctatus,Asynaptic,Asynaptic,Heterogametic,XY,18
Animalia|Insecta|Coleoptera|Hydrophilidae|Helocombus|bifidus,bifidus,Animalia,Insecta,Coleoptera,Hydrophilidae,Helocombus,bifidus,Asynaptic,Asynaptic,Heterogametic,XY,18
Animalia|Insecta|Coleoptera|Hydrophilidae|Hydrobius|fuscipes,fuscipes,Animalia,Insecta,Coleoptera,Hydrophilidae,Hydrobius,fuscipes,Asynaptic,Asynaptic,Heterogametic,XY,18
Animalia|Insecta|Coleoptera|Hydrophilidae|Hydrochara|flavipes,flavipes,Animalia,Insecta,Coleoptera,Hydrophilidae,Hydrochara,flavipes,Asynaptic,Asynaptic,Heterogametic,XY,30
Animalia|Insecta|Coleoptera|Hydrophilidae|Hydrophilus|indicus,indicus,Animalia,Insecta,Coleoptera,Hydrophilidae,Hydrophilus,indicus,Asynaptic,Asynaptic,Heterogametic,XY,30
Animalia|Insecta|Coleoptera|Hydrophilidae|Hydrophilus|piceus,piceus,Animalia,Insecta,Coleoptera,Hydrophilidae,Hydrophilus,piceus,Asynaptic,Asynaptic,Heterogametic,XY,30
Animalia|Insecta|Coleoptera|Hydrophilidae|Hydrophilus|triangularis,triangularis,Animalia,Insecta,Coleoptera,Hydrophilidae,Hydrophilus,triangularis,Asynaptic,Asynaptic,Heterogametic,XY,30
Animalia|Insecta|Coleoptera|Hydrophilidae|Laccobius|ytenensis,ytenensis,Animalia,Insecta,Coleoptera,Hydrophilidae,Laccobius,ytenensis,Asynaptic,Asynaptic,Heterogametic,XY,18
Animalia|Insecta|Coleoptera|Hydrophilidae|Laccobius|bipunctatus,bipunctatus,Animalia,Insecta,Coleoptera,Hydrophilidae,Laccobius,bipunctatus,Asynaptic,Asynaptic,Heterogametic,XY,18
Animalia|Insecta|Coleoptera|Hydrophilidae|Laccobius|colon,colon,Animalia,Insecta,Coleoptera,Hydrophilidae,Laccobius,colon,Asynaptic,Asynaptic,Heterogametic,XY,18
Animalia|Insecta|Coleoptera|Hydrophilidae|Limnoxenus|niger,niger,Animalia,Insecta,Coleoptera,Hydrophilidae,Limnoxenus,niger,Asynaptic,Asynaptic,Heterogametic,XY,18
Animalia|Insecta|Coleoptera|Hydrophilidae|Paracymus|aeneus,aeneus,Animalia,Insecta,Coleoptera,Hydrophilidae,Paracymus,aeneus,Asynaptic,Asynaptic,Heterogametic,XY,18
Animalia|Insecta|Coleoptera|Hydrophilidae|Paracymus|scutellaris,scutellaris,Animalia,Insecta,Coleoptera,Hydrophilidae,Paracymus,scutellaris,Asynaptic,Asynaptic,Heterogametic,XY,18
Animalia|Insecta|Coleoptera|Hydrophilidae|Sphaeridium|bipustulatum,bipustulatum,Animalia,Insecta,Coleoptera,Hydrophilidae,Sphaeridium,bipustulatum,Asynaptic,Asynaptic,Heterogametic,XY,24
Animalia|Insecta|Coleoptera|Hydrophilidae|Sphaeridium|lunatum,lunatum,Animalia,Insecta,Coleoptera,Hydrophilidae,Sphaeridium,lunatum,Asynaptic,Asynaptic,Heterogametic,XY,24
Animalia|Insecta|Coleoptera|Hydrophilidae|Sphaeridium|marginatum,marginatum,Animalia,Insecta,Coleoptera,Hydrophilidae,Sphaeridium,marginatum,Asynaptic,Asynaptic,Heterogametic,XY,24
Animalia|Insecta|Coleoptera|Hydrophilidae|Sphaeridium|scarabaeoides,scarabaeoides,Animalia,Insecta,Coleoptera,Hydrophilidae,Sphaeridium,scarabaeoides,Asynaptic,Asynaptic,Heterogametic,XY,24
Animalia|Insecta|Coleoptera|Hydrophilidae|Tropisternus|lateralis,lateralis,Animalia,Insecta,Coleoptera,Hydrophilidae,Tropisternus,lateralis,Asynaptic,Asynaptic,Heterogametic,XY,18
Animalia|Insecta|Coleoptera|Hydrophilidae|Tropisternus|mutatus,mutatus,Animalia,Insecta,Coleoptera,Hydrophilidae,Tropisternus,mutatus,Asynaptic,Asynaptic,Heterogametic,XY,18
Animalia|Insecta|Coleoptera|Laemophloeidae|Cryptolestes|ferrugineus,ferrugineus,Animalia,Insecta,Coleoptera,Laemophloeidae,Cryptolestes,ferrugineus,Asynaptic,Asynaptic,Heterogametic,XY,18
Animalia|Insecta|Coleoptera|Laemophloeidae|Cryptolestes|pusilloides,pusilloides,Animalia,Insecta,Coleoptera,Laemophloeidae,Cryptolestes,pusilloides,Asynaptic,Asynaptic,Heterogametic,XY,18
Animalia|Insecta|Coleoptera|Laemophloeidae|Cryptolestes|pusillus,pusillus,Animalia,Insecta,Coleoptera,Laemophloeidae,Cryptolestes,pusillus,Asynaptic,Asynaptic,Heterogametic,XY,18
Animalia|Insecta|Coleoptera|Laemophloeidae|Cryptolestes|spartii,spartii,Animalia,Insecta,Coleoptera,Laemophloeidae,Cryptolestes,spartii,Asynaptic,Asynaptic,Heterogametic,XY,18
Animalia|Insecta|Coleoptera|Laemophloeidae|Cryptolestes|turcicus,turcicus,Animalia,Insecta,Coleoptera,Laemophloeidae,Cryptolestes,turcicus,Asynaptic,Asynaptic,Heterogametic,XY,18
Animalia|Insecta|Coleoptera|Leiodidae|Cantabrogeus|luquei,luquei,Animalia,Insecta,Coleoptera,Leiodidae,Cantabrogeus,luquei,Asynaptic,Asynaptic,Heterogametic,XY,22
Animalia|Insecta|Coleoptera|Leiodidae|Catops|coracinus,coracinus,Animalia,Insecta,Coleoptera,Leiodidae,Catops,coracinus,Asynaptic,Asynaptic,Heterogametic,XY,22
Animalia|Insecta|Coleoptera|Leiodidae|Drimeotus|kovacsi,kovacsi,Animalia,Insecta,Coleoptera,Leiodidae,Drimeotus,kovacsi,Asynaptic,Asynaptic,Heterogametic,XY,24
Animalia|Insecta|Coleoptera|Leiodidae|Espanoliella|luquei,luquei,Animalia,Insecta,Coleoptera,Leiodidae,Espanoliella,luquei,Asynaptic,Asynaptic,Heterogametic,XY,22
Animalia|Insecta|Coleoptera|Leiodidae|Fresnedaella|lucius,lucius,Animalia,Insecta,Coleoptera,Leiodidae,Fresnedaella,lucius,Asynaptic,Asynaptic,Heterogametic,XY,22
Animalia|Insecta|Coleoptera|Leiodidae|Leiodes|calcarata,calcarata,Animalia,Insecta,Coleoptera,Leiodidae,Leiodes,calcarata,Asynaptic,Asynaptic,Heterogametic,XY,22
Animalia|Insecta|Coleoptera|Leiodidae|Notidocharis|whagoni,whagoni,Animalia,Insecta,Coleoptera,Leiodidae,Notidocharis,whagoni,Asynaptic,Asynaptic,Heterogametic,XY,22
Animalia|Insecta|Coleoptera|Leiodidae|Pholeuon|knirschi,knirschi,Animalia,Insecta,Coleoptera,Leiodidae,Pholeuon,knirschi,Asynaptic,Asynaptic,Heterogametic,XY,24
Animalia|Insecta|Coleoptera|Leiodidae|Quaestus|pasensis,pasensis,Animalia,Insecta,Coleoptera,Leiodidae,Quaestus,pasensis,Asynaptic,Asynaptic,Heterogametic,XY,22
Animalia|Insecta|Coleoptera|Leiodidae|Speonomus|delarouzeei,delarouzeei,Animalia,Insecta,Coleoptera,Leiodidae,Speonomus,delarouzeei,Asynaptic,Asynaptic,Heterogametic,XY,24
Animalia|Insecta|Coleoptera|Leiodidae|Speonomus|hydrophilus,hydrophilus,Animalia,Insecta,Coleoptera,Leiodidae,Speonomus,hydrophilus,Asynaptic,Asynaptic,Heterogametic,XY,24
Animalia|Insecta|Coleoptera|Leiodidae|Speonomus|pyreeus,pyreeus,Animalia,Insecta,Coleoptera,Leiodidae,Speonomus,pyreeus,Asynaptic,Asynaptic,Heterogametic,XY,24
Animalia|Insecta|Coleoptera|Leiodidae|Troglocharinus|ferreri,ferreri,Animalia,Insecta,Coleoptera,Leiodidae,Troglocharinus,ferreri,Asynaptic,Asynaptic,Heterogametic,XY,24
Animalia|Insecta|Coleoptera|Leiodidae|Troglocharinus|jacasi,jacasi,Animalia,Insecta,Coleoptera,Leiodidae,Troglocharinus,jacasi,Asynaptic,Asynaptic,Heterogametic,XY,24
Animalia|Insecta|Coleoptera|Leiodidae|Troglocharinus|kiesenwetteri,kiesenwetteri,Animalia,Insecta,Coleoptera,Leiodidae,Troglocharinus,kiesenwetteri,Asynaptic,Asynaptic,Heterogametic,XY,24
Animalia|Insecta|Coleoptera|Leiodidae|Troglocharinus|schibii,schibii,Animalia,Insecta,Coleoptera,Leiodidae,Troglocharinus,schibii,Asynaptic,Asynaptic,Heterogametic,XY,24
Animalia|Insecta|Coleoptera|Leiodidae|Troglocharinus|variabilis,variabilis,Animalia,Insecta,Coleoptera,Leiodidae,Troglocharinus,variabilis,Asynaptic,Asynaptic,Heterogametic,XY,24
Animalia|Insecta|Coleoptera|Lucanidae|Cerchus|ligrius,ligrius,Animalia,Insecta,Coleoptera,Lucanidae,Cerchus,ligrius,Asynaptic,Asynaptic,Heterogametic,XY,20
Animalia|Insecta|Coleoptera|Lucanidae|Figulus|punctatus,punctatus,Animalia,Insecta,Coleoptera,Lucanidae,Figulus,punctatus,Asynaptic,Asynaptic,Heterogametic,XY,26
Animalia|Insecta|Coleoptera|Lucanidae|Lucanus|maculifermoratus,maculifermoratus,Animalia,Insecta,Coleoptera,Lucanidae,Lucanus,maculifermoratus,Asynaptic,Asynaptic,Heterogametic,XY,26
Animalia|Insecta|Coleoptera|Lucanidae|Macrodorcas|binervis,binervis,Animalia,Insecta,Coleoptera,Lucanidae,Macrodorcas,binervis,Asynaptic,Asynaptic,Heterogametic,XY,14
Animalia|Insecta|Coleoptera|Lucanidae|Macrodorcas|rectus,rectus,Animalia,Insecta,Coleoptera,Lucanidae,Macrodorcas,rectus,Asynaptic,Asynaptic,Heterogametic,XY,18
Animalia|Insecta|Coleoptera|Lucanidae|Nipponodorcus|rubrofemoratus,rubrofemoratus,Animalia,Insecta,Coleoptera,Lucanidae,Nipponodorcus,rubrofemoratus,Asynaptic,Asynaptic,Heterogametic,XY,10
Animalia|Insecta|Coleoptera|Lucanidae|Prosopocoilus|inclitus,inclitus,Animalia,Insecta,Coleoptera,Lucanidae,Prosopocoilus,inclitus,Asynaptic,Asynaptic,Heterogametic,XY,20
Animalia|Insecta|Coleoptera|Lucanidae|Sinodendron|rugosum,rugosum,Animalia,Insecta,Coleoptera,Lucanidae,Sinodendron,rugosum,Asynaptic,Asynaptic,Heterogametic,XY,18
Animalia|Insecta|Coleoptera|Melandryidae|Dircaea|4-maculata,4-maculata,Animalia,Insecta,Coleoptera,Melandryidae,Dircaea,4-maculata,Asynaptic,Asynaptic,Heterogametic,XY,20
Animalia|Insecta|Coleoptera|Melandryidae|Serropalpus|barbatus,barbatus,Animalia,Insecta,Coleoptera,Melandryidae,Serropalpus,barbatus,Asynaptic,Asynaptic,Heterogametic,XY,18
Animalia|Insecta|Coleoptera|Melandryidae|Serropalpus|substriatus,substriatus,Animalia,Insecta,Coleoptera,Melandryidae,Serropalpus,substriatus,Asynaptic,Asynaptic,Heterogametic,XY,20
Animalia|Insecta|Coleoptera|Meloidae|Cyaneolytta|n.,n.,Animalia,Insecta,Coleoptera,Meloidae,Cyaneolytta,n.,Asynaptic,Asynaptic,Heterogametic,XY,20
Animalia|Insecta|Coleoptera|Meloidae|Epicauta|atomaria,atomaria,Animalia,Insecta,Coleoptera,Meloidae,Epicauta,atomaria,Asynaptic,Asynaptic,Heterogametic,XY,20
Animalia|Insecta|Coleoptera|Meloidae|Epicauta|grammica,grammica,Animalia,Insecta,Coleoptera,Meloidae,Epicauta,grammica,Asynaptic,Asynaptic,Heterogametic,XY,24
Animalia|Insecta|Coleoptera|Meloidae|Epicauta|isthmica,isthmica,Animalia,Insecta,Coleoptera,Meloidae,Epicauta,isthmica,Asynaptic,Asynaptic,Heterogametic,XY,20
Animalia|Insecta|Coleoptera|Meloidae|Epicauta|murina,murina,Animalia,Insecta,Coleoptera,Meloidae,Epicauta,murina,Asynaptic,Asynaptic,Heterogametic,XY,20
Animalia|Insecta|Coleoptera|Meloidae|Epicauta|n.,n.,Animalia,Insecta,Coleoptera,Meloidae,Epicauta,n.,Asynaptic,Asynaptic,Heterogametic,XY,20
Animalia|Insecta|Coleoptera|Meloidae|Epicauta|pluvialis,pluvialis,Animalia,Insecta,Coleoptera,Meloidae,Epicauta,pluvialis,Asynaptic,Asynaptic,Heterogametic,XY,20
Animalia|Insecta|Coleoptera|Meloidae|Epicauta|rosilloi,rosilloi,Animalia,Insecta,Coleoptera,Meloidae,Epicauta,rosilloi,Asynaptic,Asynaptic,Heterogametic,XY,20
Animalia|Insecta|Coleoptera|Meloidae|Epicauta|rufipedes,rufipedes,Animalia,Insecta,Coleoptera,Meloidae,Epicauta,rufipedes,Asynaptic,Asynaptic,Heterogametic,XY,20
Animalia|Insecta|Coleoptera|Meloidae|Lytta|picta,picta,Animalia,Insecta,Coleoptera,Meloidae,Lytta,picta,Asynaptic,Asynaptic,Heterogametic,XY,20
Animalia|Insecta|Coleoptera|Meloidae|Meloe|sp.,sp.,Animalia,Insecta,Coleoptera,Meloidae,Meloe,sp.,Asynaptic,Asynaptic,Heterogametic,XY,20
Animalia|Insecta|Coleoptera|Meloidae|Mylabris|balteata,balteata,Animalia,Insecta,Coleoptera,Meloidae,Mylabris,balteata,Asynaptic,Asynaptic,Heterogametic,XY,20
Animalia|Insecta|Coleoptera|Meloidae|Mylabris|macilenta,macilenta,Animalia,Insecta,Coleoptera,Meloidae,Mylabris,macilenta,Asynaptic,Asynaptic,Heterogametic,XY,22
Animalia|Insecta|Coleoptera|Meloidae|Mylabris|phalerata,phalerata,Animalia,Insecta,Coleoptera,Meloidae,Mylabris,phalerata,Asynaptic,Asynaptic,Heterogametic,XY,22
Animalia|Insecta|Coleoptera|Meloidae|Mylabris|pustulata,pustulata,Animalia,Insecta,Coleoptera,Meloidae,Mylabris,pustulata,Asynaptic,Asynaptic,Heterogametic,XY,22
Animalia|Insecta|Coleoptera|Meloidae|Mylabris|thunbergi,thunbergi,Animalia,Insecta,Coleoptera,Meloidae,Mylabris,thunbergi,Asynaptic,Asynaptic,Heterogametic,XY,22
Animalia|Insecta|Coleoptera|Meloidae|Paniculolytta|sanguineoguttata,sanguineoguttata,Animalia,Insecta,Coleoptera,Meloidae,Paniculolytta,sanguineoguttata,Asynaptic,Asynaptic,Heterogametic,XY,20
Animalia|Insecta|Coleoptera|Meloidae|Pryrota|decorata,decorata,Animalia,Insecta,Coleoptera,Meloidae,Pryrota,decorata,Asynaptic,Asynaptic,Heterogametic,XY,20
Animalia|Insecta|Coleoptera|Meloidae|Psalydolytta|sp.,sp.,Animalia,Insecta,Coleoptera,Meloidae,Psalydolytta,sp.,Asynaptic,Asynaptic,Heterogametic,XY,20
Animalia|Insecta|Coleoptera|Meloidae|Sybaris|paraeustus,paraeustus,Animalia,Insecta,Coleoptera,Meloidae,Sybaris,paraeustus,Asynaptic,Asynaptic,Heterogametic,XY,20
Animalia|Insecta|Coleoptera|Meloidae|Sybaris|tastaceus,tastaceus,Animalia,Insecta,Coleoptera,Meloidae,Sybaris,tastaceus,Asynaptic,Asynaptic,Heterogametic,XY,20
Animalia|Insecta|Coleoptera|Meloidae|Tetraonyx|frontalis,frontalis,Animalia,Insecta,Coleoptera,Meloidae,Tetraonyx,frontalis,Asynaptic,Asynaptic,Heterogametic,XY,20
Animalia|Insecta|Coleoptera|Meloidae|Tetraonyx|quadrimaculata,quadrimaculata,Animalia,Insecta,Coleoptera,Meloidae,Tetraonyx,quadrimaculata,Asynaptic,Asynaptic,Heterogametic,XY,20
Animalia|Insecta|Coleoptera|Meloidae|Zonitis|tarasca,tarasca,Animalia,Insecta,Coleoptera,Meloidae,Zonitis,tarasca,Asynaptic,Asynaptic,Heterogametic,XY,20
Animalia|Insecta|Coleoptera|Melyridae|Astylus|antis,antis,Animalia,Insecta,Coleoptera,Melyridae,Astylus,antis,Asynaptic,Asynaptic,Heterogametic,XY,18
Animalia|Insecta|Coleoptera|Melyridae|Hoppingiana|hudsonica,hudsonica,Animalia,Insecta,Coleoptera,Melyridae,Hoppingiana,hudsonica,Asynaptic,Asynaptic,Heterogametic,XY,14
Animalia|Insecta|Coleoptera|Nitidulidae|Nitidula|bipunctata,bipunctata,Animalia,Insecta,Coleoptera,Nitidulidae,Nitidula,bipunctata,Asynaptic,Asynaptic,Heterogametic,XY,20
Animalia|Insecta|Coleoptera|Nitidulidae|Nitidula|rufipes,rufipes,Animalia,Insecta,Coleoptera,Nitidulidae,Nitidula,rufipes,Asynaptic,Asynaptic,Heterogametic,XY,20
Animalia|Insecta|Coleoptera|Oedemeridae|Oedemera|podagrariae,podagrariae,Animalia,Insecta,Coleoptera,Oedemeridae,Oedemera,podagrariae,Asynaptic,Asynaptic,Heterogametic,XY,22
Animalia|Insecta|Coleoptera|Oedemeridae|Oedemera|virescens,virescens,Animalia,Insecta,Coleoptera,Oedemeridae,Oedemera,virescens,Asynaptic,Asynaptic,Heterogametic,XY,22
Animalia|Insecta|Coleoptera|Pleocomidae|Pleocoma|crinita,crinita,Animalia,Insecta,Coleoptera,Pleocomidae,Pleocoma,crinita,Asynaptic,Asynaptic,Heterogametic,XY,20
Animalia|Insecta|Coleoptera|Pleocomidae|Pleocoma|dubitalis,dubitalis,Animalia,Insecta,Coleoptera,Pleocomidae,Pleocoma,dubitalis,Asynaptic,Asynaptic,Heterogametic,XY,20
Animalia|Insecta|Coleoptera|Pleocomidae|Pleocoma|minor,minor,Animalia,Insecta,Coleoptera,Pleocomidae,Pleocoma,minor,Asynaptic,Asynaptic,Heterogametic,XY,20
Animalia|Insecta|Coleoptera|Pleocomidae|Pleocoma|simi,simi,Animalia,Insecta,Coleoptera,Pleocomidae,Pleocoma,simi,Asynaptic,Asynaptic,Heterogametic,XY,20
Animalia|Insecta|Coleoptera|Scarabaeidae|Adoretus|bombitor,bombitor,Animalia,Insecta,Coleoptera,Scarabaeidae,Adoretus,bombitor,Asynaptic,Asynaptic,Heterogametic,XY,22
Animalia|Insecta|Coleoptera|Scarabaeidae|Adoretus|decanus,decanus,Animalia,Insecta,Coleoptera,Scarabaeidae,Adoretus,decanus,Asynaptic,Asynaptic,Heterogametic,XY,22
Animalia|Insecta|Coleoptera|Scarabaeidae|Adoretus|duvauceli,duvauceli,Animalia,Insecta,Coleoptera,Scarabaeidae,Adoretus,duvauceli,Asynaptic,Asynaptic,Heterogametic,XY,22
Animalia|Insecta|Coleoptera|Scarabaeidae|Adoretus|epipleuralis,epipleuralis,Animalia,Insecta,Coleoptera,Scarabaeidae,Adoretus,epipleuralis,Asynaptic,Asynaptic,Heterogametic,XY,22
Animalia|Insecta|Coleoptera|Scarabaeidae|Adoretus|incurvatus,incurvatus,Animalia,Insecta,Coleoptera,Scarabaeidae,Adoretus,incurvatus,Asynaptic,Asynaptic,Heterogametic,XY,22
Animalia|Insecta|Coleoptera|Scarabaeidae|Adoretus|lasiopygus,lasiopygus,Animalia,Insecta,Coleoptera,Scarabaeidae,Adoretus,lasiopygus,Asynaptic,Asynaptic,Heterogametic,XY,22
Animalia|Insecta|Coleoptera|Scarabaeidae|Adoretus|limbatus,limbatus,Animalia,Insecta,Coleoptera,Scarabaeidae,Adoretus,limbatus,Asynaptic,Asynaptic,Heterogametic,XY,22
Animalia|Insecta|Coleoptera|Scarabaeidae|Adoretus|sp.,sp.,Animalia,Insecta,Coleoptera,Scarabaeidae,Adoretus,sp.,Asynaptic,Asynaptic,Heterogametic,XY,22
Animalia|Insecta|Coleoptera|Scarabaeidae|Adoretus|versutus,versutus,Animalia,Insecta,Coleoptera,Scarabaeidae,Adoretus,versutus,Asynaptic,Asynaptic,Heterogametic,XY,24
Animalia|Insecta|Coleoptera|Scarabaeidae|Adorrhinyptia|dorsalis,dorsalis,Animalia,Insecta,Coleoptera,Scarabaeidae,Adorrhinyptia,dorsalis,Asynaptic,Asynaptic,Heterogametic,XY,22
Animalia|Insecta|Coleoptera|Scarabaeidae|Adorrhinyptia|sp.,sp.,Animalia,Insecta,Coleoptera,Scarabaeidae,Adorrhinyptia,sp.,Asynaptic,Asynaptic,Heterogametic,XY,16
Animalia|Insecta|Coleoptera|Scarabaeidae|Aegiala|blanchardi,blanchardi,Animalia,Insecta,Coleoptera,Scarabaeidae,Aegiala,blanchardi,Asynaptic,Asynaptic,Heterogametic,XY,20
Animalia|Insecta|Coleoptera|Scarabaeidae|Allomyrina|dichotoma,dichotoma,Animalia,Insecta,Coleoptera,Scarabaeidae,Allomyrina,dichotoma,Asynaptic,Asynaptic,Heterogametic,XY,20
Animalia|Insecta|Coleoptera|Scarabaeidae|Amaurodes|passerini,passerini,Animalia,Insecta,Coleoptera,Scarabaeidae,Amaurodes,passerini,Asynaptic,Asynaptic,Heterogametic,XY,20
Animalia|Insecta|Coleoptera|Scarabaeidae|Anisoplia|flavipennis,flavipennis,Animalia,Insecta,Coleoptera,Scarabaeidae,Anisoplia,flavipennis,Asynaptic,Asynaptic,Heterogametic,XY,20
Animalia|Insecta|Coleoptera|Scarabaeidae|Anomala|dorsalis,dorsalis,Animalia,Insecta,Coleoptera,Scarabaeidae,Anomala,dorsalis,Asynaptic,Asynaptic,Heterogametic,XY,20
Animalia|Insecta|Coleoptera|Scarabaeidae|Anomala|lucens,lucens,Animalia,Insecta,Coleoptera,Scarabaeidae,Anomala,lucens,Asynaptic,Asynaptic,Heterogametic,XY,20
Animalia|Insecta|Coleoptera|Scarabaeidae|Anomala|polita,polita,Animalia,Insecta,Coleoptera,Scarabaeidae,Anomala,polita,Asynaptic,Asynaptic,Heterogametic,XY,20
Animalia|Insecta|Coleoptera|Scarabaeidae|Anomala|ruficapilla,ruficapilla,Animalia,Insecta,Coleoptera,Scarabaeidae,Anomala,ruficapilla,Asynaptic,Asynaptic,Heterogametic,XY,20
Animalia|Insecta|Coleoptera|Scarabaeidae|Anomala|sp.,sp.,Animalia,Insecta,Coleoptera,Scarabaeidae,Anomala,sp.,Asynaptic,Asynaptic,Heterogametic,XY,20
Animalia|Insecta|Coleoptera|Scarabaeidae|Anomala|superflua,superflua,Animalia,Insecta,Coleoptera,Scarabaeidae,Anomala,superflua,Asynaptic,Asynaptic,Heterogametic,XY,20
Animalia|Insecta|Coleoptera|Scarabaeidae|Anomala|varicolor,varicolor,Animalia,Insecta,Coleoptera,Scarabaeidae,Anomala,varicolor,Asynaptic,Asynaptic,Heterogametic,XY,20
Animalia|Insecta|Coleoptera|Scarabaeidae|Anomala|vestigator,vestigator,Animalia,Insecta,Coleoptera,Scarabaeidae,Anomala,vestigator,Asynaptic,Asynaptic,Heterogametic,XY,20
Animalia|Insecta|Coleoptera|Scarabaeidae|Anoplotrupes|stercorosus,stercorosus,Animalia,Insecta,Coleoptera,Scarabaeidae,Anoplotrupes,stercorosus,Asynaptic,Asynaptic,Heterogametic,XY,20
Animalia|Insecta|Coleoptera|Scarabaeidae|Aphodius|borealis,borealis,Animalia,Insecta,Coleoptera,Scarabaeidae,Aphodius,borealis,Asynaptic,Asynaptic,Heterogametic,XY,20
Animalia|Insecta|Coleoptera|Scarabaeidae|Aphodius|rufus,rufus,Animalia,Insecta,Coleoptera,Scarabaeidae,Aphodius,rufus,Asynaptic,Asynaptic,Heterogametic,XY,20
Animalia|Insecta|Coleoptera|Scarabaeidae|Apogonia|carita,carita,Animalia,Insecta,Coleoptera,Scarabaeidae,Apogonia,carita,Asynaptic,Asynaptic,Heterogametic,XY,20
Animalia|Insecta|Coleoptera|Scarabaeidae|Apogonia|nigricans,nigricans,Animalia,Insecta,Coleoptera,Scarabaeidae,Apogonia,nigricans,Asynaptic,Asynaptic,Heterogametic,XY,20
Animalia|Insecta|Coleoptera|Scarabaeidae|Apogonia|proxima,proxima,Animalia,Insecta,Coleoptera,Scarabaeidae,Apogonia,proxima,Asynaptic,Asynaptic,Heterogametic,XY,20
Animalia|Insecta|Coleoptera|Scarabaeidae|Apogonia|sp.,sp.,Animalia,Insecta,Coleoptera,Scarabaeidae,Apogonia,sp.,Asynaptic,Asynaptic,Heterogametic,XY,20
Animalia|Insecta|Coleoptera|Scarabaeidae|Aserica|pilula,pilula,Animalia,Insecta,Coleoptera,Scarabaeidae,Aserica,pilula,Asynaptic,Asynaptic,Heterogametic,XY,20
Animalia|Insecta|Coleoptera|Scarabaeidae|Athyreus|excavatus,excavatus,Animalia,Insecta,Coleoptera,Scarabaeidae,Athyreus,excavatus,Asynaptic,Asynaptic,Heterogametic,XY,20
Animalia|Insecta|Coleoptera|Scarabaeidae|Autoserica|sp.,sp.,Animalia,Insecta,Coleoptera,Scarabaeidae,Autoserica,sp.,Asynaptic,Asynaptic,Heterogametic,XY,18
Animalia|Insecta|Coleoptera|Scarabaeidae|Bolbelasmus|arcuatus,arcuatus,Animalia,Insecta,Coleoptera,Scarabaeidae,Bolbelasmus,arcuatus,Asynaptic,Asynaptic,Heterogametic,XY,20
Animalia|Insecta|Coleoptera|Scarabaeidae|Bolbites|onitoides,onitoides,Animalia,Insecta,Coleoptera,Scarabaeidae,Bolbites,onitoides,Asynaptic,Asynaptic,Heterogametic,XY,20
Animalia|Insecta|Coleoptera|Scarabaeidae|Bolboceras|quadridens,quadridens,Animalia,Insecta,Coleoptera,Scarabaeidae,Bolboceras,quadridens,Asynaptic,Asynaptic,Heterogametic,XY,20
Animalia|Insecta|Coleoptera|Scarabaeidae|Bolboceras|sp.,sp.,Animalia,Insecta,Coleoptera,Scarabaeidae,Bolboceras,sp.,Asynaptic,Asynaptic,Heterogametic,XY,20
Animalia|Insecta|Coleoptera|Scarabaeidae|Bolbocerus|indicum,indicum,Animalia,Insecta,Coleoptera,Scarabaeidae,Bolbocerus,indicum,Asynaptic,Asynaptic,Heterogametic,XY,20
Animalia|Insecta|Coleoptera|Scarabaeidae|Bothynus|striatellus,striatellus,Animalia,Insecta,Coleoptera,Scarabaeidae,Bothynus,striatellus,Asynaptic,Asynaptic,Heterogametic,XY,20
Animalia|Insecta|Coleoptera|Scarabaeidae|Caccobius|schreberi,schreberi,Animalia,Insecta,Coleoptera,Scarabaeidae,Caccobius,schreberi,Asynaptic,Asynaptic,Heterogametic,XY,20
Animalia|Insecta|Coleoptera|Scarabaeidae|Canthidium|breve,breve,Animalia,Insecta,Coleoptera,Scarabaeidae,Canthidium,breve,Asynaptic,Asynaptic,Heterogametic,XY,18
Animalia|Insecta|Coleoptera|Scarabaeidae|Canthochilum|andyi,andyi,Animalia,Insecta,Coleoptera,Scarabaeidae,Canthochilum,andyi,Asynaptic,Asynaptic,Heterogametic,XY,18
Animalia|Insecta|Coleoptera|Scarabaeidae|Canthochilum|hispidum,hispidum,Animalia,Insecta,Coleoptera,Scarabaeidae,Canthochilum,hispidum,Asynaptic,Asynaptic,Heterogametic,XY,18
Animalia|Insecta|Coleoptera|Scarabaeidae|Canthochilum|histeroides,histeroides,Animalia,Insecta,Coleoptera,Scarabaeidae,Canthochilum,histeroides,Asynaptic,Asynaptic,Heterogametic,XY,18
Animalia|Insecta|Coleoptera|Scarabaeidae|Canthochilum|oakleyi,oakleyi,Animalia,Insecta,Coleoptera,Scarabaeidae,Canthochilum,oakleyi,Asynaptic,Asynaptic,Heterogametic,XY,18
Animalia|Insecta|Coleoptera|Scarabaeidae|Canthon|aff,aff,Animalia,Insecta,Coleoptera,Scarabaeidae,Canthon,aff,Asynaptic,Asynaptic,Heterogametic,XY,20
Animalia|Insecta|Coleoptera|Scarabaeidae|Canthon|chalybaeus,chalybaeus,Animalia,Insecta,Coleoptera,Scarabaeidae,Canthon,chalybaeus,Asynaptic,Asynaptic,Heterogametic,XY,20
Animalia|Insecta|Coleoptera|Scarabaeidae|Canthon|indigaceus,indigaceus,Animalia,Insecta,Coleoptera,Scarabaeidae,Canthon,indigaceus,Asynaptic,Asynaptic,Heterogametic,XY,18
Animalia|Insecta|Coleoptera|Scarabaeidae|Canthon|muticus,muticus,Animalia,Insecta,Coleoptera,Scarabaeidae,Canthon,muticus,Asynaptic,Asynaptic,Heterogametic,XY,20
Animalia|Insecta|Coleoptera|Scarabaeidae|Canthon|septemmaculatus,septemmaculatus,Animalia,Insecta,Coleoptera,Scarabaeidae,Canthon,septemmaculatus,Asynaptic,Asynaptic,Heterogametic,XY,20
Animalia|Insecta|Coleoptera|Scarabaeidae|Canthon|staigi,staigi,Animalia,Insecta,Coleoptera,Scarabaeidae,Canthon,staigi,Asynaptic,Asynaptic,Heterogametic,XY,18
Animalia|Insecta|Coleoptera|Scarabaeidae|Catharsius|aff.,aff.,Animalia,Insecta,Coleoptera,Scarabaeidae,Catharsius,aff.,Asynaptic,Asynaptic,Heterogametic,XY,20
Animalia|Insecta|Coleoptera|Scarabaeidae|Catharsius|molossus,molossus,Animalia,Insecta,Coleoptera,Scarabaeidae,Catharsius,molossus,Asynaptic,Asynaptic,Heterogametic,XY,20
Animalia|Insecta|Coleoptera|Scarabaeidae|Catharsius|pithecius,pithecius,Animalia,Insecta,Coleoptera,Scarabaeidae,Catharsius,pithecius,Asynaptic,Asynaptic,Heterogametic,XY,20
Animalia|Insecta|Coleoptera|Scarabaeidae|Catharsius|sagax,sagax,Animalia,Insecta,Coleoptera,Scarabaeidae,Catharsius,sagax,Asynaptic,Asynaptic,Heterogametic,XY,20
Animalia|Insecta|Coleoptera|Scarabaeidae|Catharsius|sp1,sp1,Animalia,Insecta,Coleoptera,Scarabaeidae,Catharsius,sp1,Asynaptic,Asynaptic,Heterogametic,XY,18
Animalia|Insecta|Coleoptera|Scarabaeidae|Catharsius|sp2,sp2,Animalia,Insecta,Coleoptera,Scarabaeidae,Catharsius,sp2,Asynaptic,Asynaptic,Heterogametic,XY,20
Animalia|Insecta|Coleoptera|Scarabaeidae|Catharsius|sp3,sp3,Animalia,Insecta,Coleoptera,Scarabaeidae,Catharsius,sp3,Asynaptic,Asynaptic,Heterogametic,XY,20
Animalia|Insecta|Coleoptera|Scarabaeidae|Chiron|digitatus,digitatus,Animalia,Insecta,Coleoptera,Scarabaeidae,Chiron,digitatus,Asynaptic,Asynaptic,Heterogametic,XY,20
Animalia|Insecta|Coleoptera|Scarabaeidae|Chlorocala|africa,africa,Animalia,Insecta,Coleoptera,Scarabaeidae,Chlorocala,africa,Asynaptic,Asynaptic,Heterogametic,XY,14
Animalia|Insecta|Coleoptera|Scarabaeidae|Coenochilus|trabecula,trabecula,Animalia,Insecta,Coleoptera,Scarabaeidae,Coenochilus,trabecula,Asynaptic,Asynaptic,Heterogametic,XY,20
Animalia|Insecta|Coleoptera|Scarabaeidae|Copris|incertus,incertus,Animalia,Insecta,Coleoptera,Scarabaeidae,Copris,incertus,Asynaptic,Asynaptic,Heterogametic,XY,14
Animalia|Insecta|Coleoptera|Scarabaeidae|Copris|lugubris,lugubris,Animalia,Insecta,Coleoptera,Scarabaeidae,Copris,lugubris,Asynaptic,Asynaptic,Heterogametic,XY,14
Animalia|Insecta|Coleoptera|Scarabaeidae|Copris|sinicus,sinicus,Animalia,Insecta,Coleoptera,Scarabaeidae,Copris,sinicus,Asynaptic,Asynaptic,Heterogametic,XY,14
Animalia|Insecta|Coleoptera|Scarabaeidae|Copris|sp.,sp.,Animalia,Insecta,Coleoptera,Scarabaeidae,Copris,sp.,Asynaptic,Asynaptic,Heterogametic,XY,14
Animalia|Insecta|Coleoptera|Scarabaeidae|Coprophanaeus|cyanescens,cyanescens,Animalia,Insecta,Coleoptera,Scarabaeidae,Coprophanaeus,cyanescens,Asynaptic,Asynaptic,Heterogametic,XY,20
Animalia|Insecta|Coleoptera|Scarabaeidae|Cotalpa|lanigera,lanigera,Animalia,Insecta,Coleoptera,Scarabaeidae,Cotalpa,lanigera,Asynaptic,Asynaptic,Heterogametic,XY,20
Animalia|Insecta|Coleoptera|Scarabaeidae|Cremastocheilus|armatus,armatus,Animalia,Insecta,Coleoptera,Scarabaeidae,Cremastocheilus,armatus,Asynaptic,Asynaptic,Heterogametic,XY,20
Animalia|Insecta|Coleoptera|Scarabaeidae|Cyclocephala|insulicola,insulicola,Animalia,Insecta,Coleoptera,Scarabaeidae,Cyclocephala,insulicola,Asynaptic,Asynaptic,Heterogametic,XY,20
Animalia|Insecta|Coleoptera|Scarabaeidae|Cyclocephala|lutea,lutea,Animalia,Insecta,Coleoptera,Scarabaeidae,Cyclocephala,lutea,Asynaptic,Asynaptic,Heterogametic,XY,20
Animalia|Insecta|Coleoptera|Scarabaeidae|Cyclocephala|maffafa,maffafa,Animalia,Insecta,Coleoptera,Scarabaeidae,Cyclocephala,maffafa,Asynaptic,Asynaptic,Heterogametic,XY,20
Animalia|Insecta|Coleoptera|Scarabaeidae|Cyclocephala|melanocephala,melanocephala,Animalia,Insecta,Coleoptera,Scarabaeidae,Cyclocephala,melanocephala,Asynaptic,Asynaptic,Heterogametic,XY,20
Animalia|Insecta|Coleoptera|Scarabaeidae|Cyclocephala|putrida,putrida,Animalia,Insecta,Coleoptera,Scarabaeidae,Cyclocephala,putrida,Asynaptic,Asynaptic,Heterogametic,XY,20
Animalia|Insecta|Coleoptera|Scarabaeidae|Cyclocephala|tridentata,tridentata,Animalia,Insecta,Coleoptera,Scarabaeidae,Cyclocephala,tridentata,Asynaptic,Asynaptic,Heterogametic,XY,20
Animalia|Insecta|Coleoptera|Scarabaeidae|Cyprolais|hornimani,hornimani,Animalia,Insecta,Coleoptera,Scarabaeidae,Cyprolais,hornimani,Asynaptic,Asynaptic,Heterogametic,XY,20
Animalia|Insecta|Coleoptera|Scarabaeidae|Deltochilum|elevatum,elevatum,Animalia,Insecta,Coleoptera,Scarabaeidae,Deltochilum,elevatum,Asynaptic,Asynaptic,Heterogametic,XY,20
Animalia|Insecta|Coleoptera|Scarabaeidae|Deltochilum|verruciferum,verruciferum,Animalia,Insecta,Coleoptera,Scarabaeidae,Deltochilum,verruciferum,Asynaptic,Asynaptic,Heterogametic,XY,20
Animalia|Insecta|Coleoptera|Scarabaeidae|Diabroctis|mimas,mimas,Animalia,Insecta,Coleoptera,Scarabaeidae,Diabroctis,mimas,Asynaptic,Asynaptic,Heterogametic,XY,20
Animalia|Insecta|Coleoptera|Scarabaeidae|Dichotomius|aff,aff,Animalia,Insecta,Coleoptera,Scarabaeidae,Dichotomius,aff,Asynaptic,Asynaptic,Heterogametic,XY,18
Animalia|Insecta|Coleoptera|Scarabaeidae|Dichotomius|bos,bos,Animalia,Insecta,Coleoptera,Scarabaeidae,Dichotomius,bos,Asynaptic,Asynaptic,Heterogametic,XY,18
Animalia|Insecta|Coleoptera|Scarabaeidae|Dichotomius|carolinus,carolinus,Animalia,Insecta,Coleoptera,Scarabaeidae,Dichotomius,carolinus,Asynaptic,Asynaptic,Heterogametic,XY,20
Animalia|Insecta|Coleoptera|Scarabaeidae|Dichotomius|crinicollis,crinicollis,Animalia,Insecta,Coleoptera,Scarabaeidae,Dichotomius,crinicollis,Asynaptic,Asynaptic,Heterogametic,XY,18
Animalia|Insecta|Coleoptera|Scarabaeidae|Dichotomius|depresicollis,depresicollis,Animalia,Insecta,Coleoptera,Scarabaeidae,Dichotomius,depresicollis,Asynaptic,Asynaptic,Heterogametic,XY,18
Animalia|Insecta|Coleoptera|Scarabaeidae|Dichotomius|geminatus,geminatus,Animalia,Insecta,Coleoptera,Scarabaeidae,Dichotomius,geminatus,Asynaptic,Asynaptic,Heterogametic,XY,18
Animalia|Insecta|Coleoptera|Scarabaeidae|Dichotomius|laevicollis,laevicollis,Animalia,Insecta,Coleoptera,Scarabaeidae,Dichotomius,laevicollis,Asynaptic,Asynaptic,Heterogametic,XY,18
Animalia|Insecta|Coleoptera|Scarabaeidae|Dichotomius|mormon,mormon,Animalia,Insecta,Coleoptera,Scarabaeidae,Dichotomius,mormon,Asynaptic,Asynaptic,Heterogametic,XY,18
Animalia|Insecta|Coleoptera|Scarabaeidae|Dichotomius|nisus,nisus,Animalia,Insecta,Coleoptera,Scarabaeidae,Dichotomius,nisus,Asynaptic,Asynaptic,Heterogametic,XY,18
Animalia|Insecta|Coleoptera|Scarabaeidae|Dichotomius|semianeus,semianeus,Animalia,Insecta,Coleoptera,Scarabaeidae,Dichotomius,semianeus,Asynaptic,Asynaptic,Heterogametic,XY,18
Animalia|Insecta|Coleoptera|Scarabaeidae|Dichotomius|semisquamosus,semisquamosus,Animalia,Insecta,Coleoptera,Scarabaeidae,Dichotomius,semisquamosus,Asynaptic,Asynaptic,Heterogametic,XY,18
Animalia|Insecta|Coleoptera|Scarabaeidae|Dichotomius|sericeus,sericeus,Animalia,Insecta,Coleoptera,Scarabaeidae,Dichotomius,sericeus,Asynaptic,Asynaptic,Heterogametic,XY,18
Animalia|Insecta|Coleoptera|Scarabaeidae|Dichotomius|sp,sp,Animalia,Insecta,Coleoptera,Scarabaeidae,Dichotomius,sp,Asynaptic,Asynaptic,Heterogametic,XY,18
Animalia|Insecta|Coleoptera|Scarabaeidae|Dicronorhina|derbya,derbya,Animalia,Insecta,Coleoptera,Scarabaeidae,Dicronorhina,derbya,Asynaptic,Asynaptic,Heterogametic,XY,20
Animalia|Insecta|Coleoptera|Scarabaeidae|Dicronorhina|micans,micans,Animalia,Insecta,Coleoptera,Scarabaeidae,Dicronorhina,micans,Asynaptic,Asynaptic,Heterogametic,XY,20
Animalia|Insecta|Coleoptera|Scarabaeidae|Digitonthophagus|bosus,bosus,Animalia,Insecta,Coleoptera,Scarabaeidae,Digitonthophagus,bosus,Asynaptic,Asynaptic,Heterogametic,XY,20
Animalia|Insecta|Coleoptera|Scarabaeidae|Digitonthophagus|gazella,gazella,Animalia,Insecta,Coleoptera,Scarabaeidae,Digitonthophagus,gazella,Asynaptic,Asynaptic,Heterogametic,NA,20
Animalia|Insecta|Coleoptera|Scarabaeidae|Diloboderus|abderus,abderus,Animalia,Insecta,Coleoptera,Scarabaeidae,Diloboderus,abderus,Asynaptic,Asynaptic,Heterogametic,XY,20
Animalia|Insecta|Coleoptera|Scarabaeidae|Diplotaxis|obscura,obscura,Animalia,Insecta,Coleoptera,Scarabaeidae,Diplotaxis,obscura,Asynaptic,Asynaptic,Heterogametic,XY,20
Animalia|Insecta|Coleoptera|Scarabaeidae|Diplotaxis|sierrae,sierrae,Animalia,Insecta,Coleoptera,Scarabaeidae,Diplotaxis,sierrae,Asynaptic,Asynaptic,Heterogametic,XY,20
Animalia|Insecta|Coleoptera|Scarabaeidae|Diplotaxis|sp.,sp.,Animalia,Insecta,Coleoptera,Scarabaeidae,Diplotaxis,sp.,Asynaptic,Asynaptic,Heterogametic,XY,20
Animalia|Insecta|Coleoptera|Scarabaeidae|Dynamopus|athleta,athleta,Animalia,Insecta,Coleoptera,Scarabaeidae,Dynamopus,athleta,Asynaptic,Asynaptic,Heterogametic,XY,22
Animalia|Insecta|Coleoptera|Scarabaeidae|Dyscinetus|bidentatus,bidentatus,Animalia,Insecta,Coleoptera,Scarabaeidae,Dyscinetus,bidentatus,Asynaptic,Asynaptic,Heterogametic,XY,20
Animalia|Insecta|Coleoptera|Scarabaeidae|Dyscinetus|gagates,gagates,Animalia,Insecta,Coleoptera,Scarabaeidae,Dyscinetus,gagates,Asynaptic,Asynaptic,Heterogametic,XY,20
Animalia|Insecta|Coleoptera|Scarabaeidae|Dyscinetus|picipes,picipes,Animalia,Insecta,Coleoptera,Scarabaeidae,Dyscinetus,picipes,Asynaptic,Asynaptic,Heterogametic,XY,20
Animalia|Insecta|Coleoptera|Scarabaeidae|Dyscinetus|rugifrons,rugifrons,Animalia,Insecta,Coleoptera,Scarabaeidae,Dyscinetus,rugifrons,Asynaptic,Asynaptic,Heterogametic,XY,20
Animalia|Insecta|Coleoptera|Scarabaeidae|Ectinohoplia|rufipes,rufipes,Animalia,Insecta,Coleoptera,Scarabaeidae,Ectinohoplia,rufipes,Asynaptic,Asynaptic,Heterogametic,XY,20
Animalia|Insecta|Coleoptera|Scarabaeidae|Enema|pan,pan,Animalia,Insecta,Coleoptera,Scarabaeidae,Enema,pan,Asynaptic,Asynaptic,Heterogametic,XY,18
Animalia|Insecta|Coleoptera|Scarabaeidae|Eophileurus|platypterus,platypterus,Animalia,Insecta,Coleoptera,Scarabaeidae,Eophileurus,platypterus,Asynaptic,Asynaptic,Heterogametic,XY,20
Animalia|Insecta|Coleoptera|Scarabaeidae|Epicometis|hirta,hirta,Animalia,Insecta,Coleoptera,Scarabaeidae,Epicometis,hirta,Asynaptic,Asynaptic,Heterogametic,XY,20
Animalia|Insecta|Coleoptera|Scarabaeidae|Epicometis|squalida,squalida,Animalia,Insecta,Coleoptera,Scarabaeidae,Epicometis,squalida,Asynaptic,Asynaptic,Heterogametic,XY,20
Animalia|Insecta|Coleoptera|Scarabaeidae|Eucranium|arachnoides,arachnoides,Animalia,Insecta,Coleoptera,Scarabaeidae,Eucranium,arachnoides,Asynaptic,Asynaptic,Heterogametic,XY,18
Animalia|Insecta|Coleoptera|Scarabaeidae|Eudicella|aethiopica,aethiopica,Animalia,Insecta,Coleoptera,Scarabaeidae,Eudicella,aethiopica,Asynaptic,Asynaptic,Heterogametic,XY,20
Animalia|Insecta|Coleoptera|Scarabaeidae|Eudicella|gralli,gralli,Animalia,Insecta,Coleoptera,Scarabaeidae,Eudicella,gralli,Asynaptic,Asynaptic,Heterogametic,XY,20
Animalia|Insecta|Coleoptera|Scarabaeidae|Eudicella|smithi,smithi,Animalia,Insecta,Coleoptera,Scarabaeidae,Eudicella,smithi,Asynaptic,Asynaptic,Heterogametic,XY,20
Animalia|Insecta|Coleoptera|Scarabaeidae|Euetheola|humilis,humilis,Animalia,Insecta,Coleoptera,Scarabaeidae,Euetheola,humilis,Asynaptic,Asynaptic,Heterogametic,XY,20
Animalia|Insecta|Coleoptera|Scarabaeidae|Euphoria|inda,inda,Animalia,Insecta,Coleoptera,Scarabaeidae,Euphoria,inda,Asynaptic,Asynaptic,Heterogametic,XY,20
Animalia|Insecta|Coleoptera|Scarabaeidae|Euphoria|lurida,lurida,Animalia,Insecta,Coleoptera,Scarabaeidae,Euphoria,lurida,Asynaptic,Asynaptic,Heterogametic,XY,20
Animalia|Insecta|Coleoptera|Scarabaeidae|Geniates|borelli,borelli,Animalia,Insecta,Coleoptera,Scarabaeidae,Geniates,borelli,Asynaptic,Asynaptic,Heterogametic,XY,20
Animalia|Insecta|Coleoptera|Scarabaeidae|Geotrupes|spiniger,spiniger,Animalia,Insecta,Coleoptera,Scarabaeidae,Geotrupes,spiniger,Asynaptic,Asynaptic,Heterogametic,XY,20
Animalia|Insecta|Coleoptera|Scarabaeidae|Glyphoderus|sterquilinus,sterquilinus,Animalia,Insecta,Coleoptera,Scarabaeidae,Glyphoderus,sterquilinus,Asynaptic,Asynaptic,Heterogametic,XY,18
Animalia|Insecta|Coleoptera|Scarabaeidae|Goliathus|goliatus,goliatus,Animalia,Insecta,Coleoptera,Scarabaeidae,Goliathus,goliatus,Asynaptic,Asynaptic,Heterogametic,XY,20
Animalia|Insecta|Coleoptera|Scarabaeidae|Gromphas|lacordairei,lacordairei,Animalia,Insecta,Coleoptera,Scarabaeidae,Gromphas,lacordairei,Asynaptic,Asynaptic,Heterogametic,XY,20
Animalia|Insecta|Coleoptera|Scarabaeidae|Gymnopleurus|cyaneus,cyaneus,Animalia,Insecta,Coleoptera,Scarabaeidae,Gymnopleurus,cyaneus,Asynaptic,Asynaptic,Heterogametic,XY,20
Animalia|Insecta|Coleoptera|Scarabaeidae|Gymnopleurus|geoffroyi,geoffroyi,Animalia,Insecta,Coleoptera,Scarabaeidae,Gymnopleurus,geoffroyi,Asynaptic,Asynaptic,Heterogametic,XY,20
Animalia|Insecta|Coleoptera|Scarabaeidae|Gymnopleurus|koenigi,koenigi,Animalia,Insecta,Coleoptera,Scarabaeidae,Gymnopleurus,koenigi,Asynaptic,Asynaptic,Heterogametic,XY,20
Animalia|Insecta|Coleoptera|Scarabaeidae|Gymnopleurus|miliaris,miliaris,Animalia,Insecta,Coleoptera,Scarabaeidae,Gymnopleurus,miliaris,Asynaptic,Asynaptic,Heterogametic,XY,36
Animalia|Insecta|Coleoptera|Scarabaeidae|Gymnopleurus|mundus,mundus,Animalia,Insecta,Coleoptera,Scarabaeidae,Gymnopleurus,mundus,Asynaptic,Asynaptic,Heterogametic,XY,14
Animalia|Insecta|Coleoptera|Scarabaeidae|Gymnopleurus|parvus,parvus,Animalia,Insecta,Coleoptera,Scarabaeidae,Gymnopleurus,parvus,Asynaptic,Asynaptic,Heterogametic,XY,18
Animalia|Insecta|Coleoptera|Scarabaeidae|Gymnopleurus|situs,situs,Animalia,Insecta,Coleoptera,Scarabaeidae,Gymnopleurus,situs,Asynaptic,Asynaptic,Heterogametic,XY,18
Animalia|Insecta|Coleoptera|Scarabaeidae|Heliocopris|gigas,gigas,Animalia,Insecta,Coleoptera,Scarabaeidae,Heliocopris,gigas,Asynaptic,Asynaptic,Heterogametic,XY,20
Animalia|Insecta|Coleoptera|Scarabaeidae|Holotrichia|longipennis,longipennis,Animalia,Insecta,Coleoptera,Scarabaeidae,Holotrichia,longipennis,Asynaptic,Asynaptic,Heterogametic,XY,18
Animalia|Insecta|Coleoptera|Scarabaeidae|Holotrichia|problematica,problematica,Animalia,Insecta,Coleoptera,Scarabaeidae,Holotrichia,problematica,Asynaptic,Asynaptic,Heterogametic,XY,20
Animalia|Insecta|Coleoptera|Scarabaeidae|Holotrichia|serrata,serrata,Animalia,Insecta,Coleoptera,Scarabaeidae,Holotrichia,serrata,Asynaptic,Asynaptic,Heterogametic,XY,20
Animalia|Insecta|Coleoptera|Scarabaeidae|Homaloplia|ruricola,ruricola,Animalia,Insecta,Coleoptera,Scarabaeidae,Homaloplia,ruricola,Asynaptic,Asynaptic,Heterogametic,XY,19
Animalia|Insecta|Coleoptera|Scarabaeidae|Isocopris|inhiatus,inhiatus,Animalia,Insecta,Coleoptera,Scarabaeidae,Isocopris,inhiatus,Asynaptic,Asynaptic,Heterogametic,XY,18
Animalia|Insecta|Coleoptera|Scarabaeidae|Lachnosterna|longipennis,longipennis,Animalia,Insecta,Coleoptera,Scarabaeidae,Lachnosterna,longipennis,Asynaptic,Asynaptic,Heterogametic,XY,20
Animalia|Insecta|Coleoptera|Scarabaeidae|Ligyrodes|relictus,relictus,Animalia,Insecta,Coleoptera,Scarabaeidae,Ligyrodes,relictus,Asynaptic,Asynaptic,Heterogametic,XY,20
Animalia|Insecta|Coleoptera|Scarabaeidae|Ligyrus|cuniculus,cuniculus,Animalia,Insecta,Coleoptera,Scarabaeidae,Ligyrus,cuniculus,Asynaptic,Asynaptic,Heterogametic,XY,20
Animalia|Insecta|Coleoptera|Scarabaeidae|Ligyrus|gibbosus,gibbosus,Animalia,Insecta,Coleoptera,Scarabaeidae,Ligyrus,gibbosus,Asynaptic,Asynaptic,Heterogametic,XY,20
Animalia|Insecta|Coleoptera|Scarabaeidae|Lygirus|ebenus,ebenus,Animalia,Insecta,Coleoptera,Scarabaeidae,Lygirus,ebenus,Asynaptic,Asynaptic,Heterogametic,XY,20
Animalia|Insecta|Coleoptera|Scarabaeidae|Macraspis|dichroa,dichroa,Animalia,Insecta,Coleoptera,Scarabaeidae,Macraspis,dichroa,Asynaptic,Asynaptic,Heterogametic,XY,18
Animalia|Insecta|Coleoptera|Scarabaeidae|Macraspis|festiva,festiva,Animalia,Insecta,Coleoptera,Scarabaeidae,Macraspis,festiva,Asynaptic,Asynaptic,Heterogametic,XY,18
Animalia|Insecta|Coleoptera|Scarabaeidae|Macraspis|tristis,tristis,Animalia,Insecta,Coleoptera,Scarabaeidae,Macraspis,tristis,Asynaptic,Asynaptic,Heterogametic,XY,18
Animalia|Insecta|Coleoptera|Scarabaeidae|Maladera|alcocki,alcocki,Animalia,Insecta,Coleoptera,Scarabaeidae,Maladera,alcocki,Asynaptic,Asynaptic,Heterogametic,XY,20
Animalia|Insecta|Coleoptera|Scarabaeidae|Malagoniella|aff,aff,Animalia,Insecta,Coleoptera,Scarabaeidae,Malagoniella,aff,Asynaptic,Asynaptic,Heterogametic,XY,20
Animalia|Insecta|Coleoptera|Scarabaeidae|Mecynorrhina|polyphemus,polyphemus,Animalia,Insecta,Coleoptera,Scarabaeidae,Mecynorrhina,polyphemus,Asynaptic,Asynaptic,Heterogametic,XY,20
Animalia|Insecta|Coleoptera|Scarabaeidae|Mecynorrhina|torquata,torquata,Animalia,Insecta,Coleoptera,Scarabaeidae,Mecynorrhina,torquata,Asynaptic,Asynaptic,Heterogametic,XY,20
Animalia|Insecta|Coleoptera|Scarabaeidae|Megalorrhina|harrisi,harrisi,Animalia,Insecta,Coleoptera,Scarabaeidae,Megalorrhina,harrisi,Asynaptic,Asynaptic,Heterogametic,XY,20
Animalia|Insecta|Coleoptera|Scarabaeidae|Megasoma|actaeon,actaeon,Animalia,Insecta,Coleoptera,Scarabaeidae,Megasoma,actaeon,Asynaptic,Asynaptic,Heterogametic,XY,20
Animalia|Insecta|Coleoptera|Scarabaeidae|Melolontha|fuscotestacea,fuscotestacea,Animalia,Insecta,Coleoptera,Scarabaeidae,Melolontha,fuscotestacea,Asynaptic,Asynaptic,Heterogametic,XY,20
Animalia|Insecta|Coleoptera|Scarabaeidae|Microcopris|doriae,doriae,Animalia,Insecta,Coleoptera,Scarabaeidae,Microcopris,doriae,Asynaptic,Asynaptic,Heterogametic,XY,20
Animalia|Insecta|Coleoptera|Scarabaeidae|Microcopris|hidakai,hidakai,Animalia,Insecta,Coleoptera,Scarabaeidae,Microcopris,hidakai,Asynaptic,Asynaptic,Heterogametic,XY,20
Animalia|Insecta|Coleoptera|Scarabaeidae|Mimela|glabra,glabra,Animalia,Insecta,Coleoptera,Scarabaeidae,Mimela,glabra,Asynaptic,Asynaptic,Heterogametic,XY,20
Animalia|Insecta|Coleoptera|Scarabaeidae|Mimela|sp.,sp.,Animalia,Insecta,Coleoptera,Scarabaeidae,Mimela,sp.,Asynaptic,Asynaptic,Heterogametic,XY,20
Animalia|Insecta|Coleoptera|Scarabaeidae|Oniticellus|pallipes,pallipes,Animalia,Insecta,Coleoptera,Scarabaeidae,Oniticellus,pallipes,Asynaptic,Asynaptic,Heterogametic,XY,20
Animalia|Insecta|Coleoptera|Scarabaeidae|Onitis|crassus,crassus,Animalia,Insecta,Coleoptera,Scarabaeidae,Onitis,crassus,Asynaptic,Asynaptic,Heterogametic,XY,20
Animalia|Insecta|Coleoptera|Scarabaeidae|Onitis|philemon,philemon,Animalia,Insecta,Coleoptera,Scarabaeidae,Onitis,philemon,Asynaptic,Asynaptic,Heterogametic,XY,20
Animalia|Insecta|Coleoptera|Scarabaeidae|Ontherus|appendiculatus,appendiculatus,Animalia,Insecta,Coleoptera,Scarabaeidae,Ontherus,appendiculatus,Asynaptic,Asynaptic,Heterogametic,XY,20
Animalia|Insecta|Coleoptera|Scarabaeidae|Ontherus|sulcator,sulcator,Animalia,Insecta,Coleoptera,Scarabaeidae,Ontherus,sulcator,Asynaptic,Asynaptic,Heterogametic,XY,20
Animalia|Insecta|Coleoptera|Scarabaeidae|Onthophagus|bifasciatus,bifasciatus,Animalia,Insecta,Coleoptera,Scarabaeidae,Onthophagus,bifasciatus,Asynaptic,Asynaptic,Heterogametic,XY,20
Animalia|Insecta|Coleoptera|Scarabaeidae|Onthophagus|bosus,bosus,Animalia,Insecta,Coleoptera,Scarabaeidae,Onthophagus,bosus,Asynaptic,Asynaptic,Heterogametic,XY,20
Animalia|Insecta|Coleoptera|Scarabaeidae|Onthophagus|catta,catta,Animalia,Insecta,Coleoptera,Scarabaeidae,Onthophagus,catta,Asynaptic,Asynaptic,Heterogametic,XY,20
Animalia|Insecta|Coleoptera|Scarabaeidae|Onthophagus|crassus,crassus,Animalia,Insecta,Coleoptera,Scarabaeidae,Onthophagus,crassus,Asynaptic,Asynaptic,Heterogametic,XY,20
Animalia|Insecta|Coleoptera|Scarabaeidae|Onthophagus|dama,dama,Animalia,Insecta,Coleoptera,Scarabaeidae,Onthophagus,dama,Asynaptic,Asynaptic,Heterogametic,XY,20
Animalia|Insecta|Coleoptera|Scarabaeidae|Onthophagus|fasciatus,fasciatus,Animalia,Insecta,Coleoptera,Scarabaeidae,Onthophagus,fasciatus,Asynaptic,Asynaptic,Heterogametic,XY,20
Animalia|Insecta|Coleoptera|Scarabaeidae|Onthophagus|gazelle,gazelle,Animalia,Insecta,Coleoptera,Scarabaeidae,Onthophagus,gazelle,Asynaptic,Asynaptic,Heterogametic,XY,20
Animalia|Insecta|Coleoptera|Scarabaeidae|Onthophagus|hecate,hecate,Animalia,Insecta,Coleoptera,Scarabaeidae,Onthophagus,hecate,Asynaptic,Asynaptic,Heterogametic,XY,20
Animalia|Insecta|Coleoptera|Scarabaeidae|Onthophagus|hirculus,hirculus,Animalia,Insecta,Coleoptera,Scarabaeidae,Onthophagus,hirculus,Asynaptic,Asynaptic,Heterogametic,XY,20
Animalia|Insecta|Coleoptera|Scarabaeidae|Onthophagus|marginicollis,marginicollis,Animalia,Insecta,Coleoptera,Scarabaeidae,Onthophagus,marginicollis,Asynaptic,Asynaptic,Heterogametic,XY,20
Animalia|Insecta|Coleoptera|Scarabaeidae|Onthophagus|mopsus,mopsus,Animalia,Insecta,Coleoptera,Scarabaeidae,Onthophagus,mopsus,Asynaptic,Asynaptic,Heterogametic,XY,20
Animalia|Insecta|Coleoptera|Scarabaeidae|Onthophagus|pacificus,pacificus,Animalia,Insecta,Coleoptera,Scarabaeidae,Onthophagus,pacificus,Asynaptic,Asynaptic,Heterogametic,XY,20
Animalia|Insecta|Coleoptera|Scarabaeidae|Onthophagus|pennsylvanicus,pennsylvanicus,Animalia,Insecta,Coleoptera,Scarabaeidae,Onthophagus,pennsylvanicus,Asynaptic,Asynaptic,Heterogametic,XY,20
Animalia|Insecta|Coleoptera|Scarabaeidae|Onthophagus|quadridens,quadridens,Animalia,Insecta,Coleoptera,Scarabaeidae,Onthophagus,quadridens,Asynaptic,Asynaptic,Heterogametic,XY,20
Animalia|Insecta|Coleoptera|Scarabaeidae|Onthophagus|quaestus,quaestus,Animalia,Insecta,Coleoptera,Scarabaeidae,Onthophagus,quaestus,Asynaptic,Asynaptic,Heterogametic,XY,20
Animalia|Insecta|Coleoptera|Scarabaeidae|Onthophagus|ramosellus,ramosellus,Animalia,Insecta,Coleoptera,Scarabaeidae,Onthophagus,ramosellus,Asynaptic,Asynaptic,Heterogametic,XY,20
Animalia|Insecta|Coleoptera|Scarabaeidae|Onthophagus|rufescens,rufescens,Animalia,Insecta,Coleoptera,Scarabaeidae,Onthophagus,rufescens,Asynaptic,Asynaptic,Heterogametic,XY,20
Animalia|Insecta|Coleoptera|Scarabaeidae|Onthophagus|sp.,sp.,Animalia,Insecta,Coleoptera,Scarabaeidae,Onthophagus,sp.,Asynaptic,Asynaptic,Heterogametic,XY,20
Animalia|Insecta|Coleoptera|Scarabaeidae|Onthophagus|stratocirrus,stratocirrus,Animalia,Insecta,Coleoptera,Scarabaeidae,Onthophagus,stratocirrus,Asynaptic,Asynaptic,Heterogametic,XY,20
Animalia|Insecta|Coleoptera|Scarabaeidae|Onthophagus|taurus,taurus,Animalia,Insecta,Coleoptera,Scarabaeidae,Onthophagus,taurus,Asynaptic,Asynaptic,Heterogametic,XY,20
Animalia|Insecta|Coleoptera|Scarabaeidae|Onthophagus|unifasciatus,unifasciatus,Animalia,Insecta,Coleoptera,Scarabaeidae,Onthophagus,unifasciatus,Asynaptic,Asynaptic,Heterogametic,XY,20
Animalia|Insecta|Coleoptera|Scarabaeidae|Orizabus|cultripes,cultripes,Animalia,Insecta,Coleoptera,Scarabaeidae,Orizabus,cultripes,Asynaptic,Asynaptic,Heterogametic,XY,18
Animalia|Insecta|Coleoptera|Scarabaeidae|Orphnus|impressus,impressus,Animalia,Insecta,Coleoptera,Scarabaeidae,Orphnus,impressus,Asynaptic,Asynaptic,Heterogametic,XY,20
Animalia|Insecta|Coleoptera|Scarabaeidae|Orphnus|mysoriensis,mysoriensis,Animalia,Insecta,Coleoptera,Scarabaeidae,Orphnus,mysoriensis,Asynaptic,Asynaptic,Heterogametic,XY,20
Animalia|Insecta|Coleoptera|Scarabaeidae|Oryctes|rhinoceros,rhinoceros,Animalia,Insecta,Coleoptera,Scarabaeidae,Oryctes,rhinoceros,Asynaptic,Asynaptic,Heterogametic,XY,20
Animalia|Insecta|Coleoptera|Scarabaeidae|Oryctes|sicornis,sicornis,Animalia,Insecta,Coleoptera,Scarabaeidae,Oryctes,sicornis,Asynaptic,Asynaptic,Heterogametic,XY,18
Animalia|Insecta|Coleoptera|Scarabaeidae|Paracopris|ramosiceps,ramosiceps,Animalia,Insecta,Coleoptera,Scarabaeidae,Paracopris,ramosiceps,Asynaptic,Asynaptic,Heterogametic,XY,18
Animalia|Insecta|Coleoptera|Scarabaeidae|Paragymnopleurus|sinuatus,sinuatus,Animalia,Insecta,Coleoptera,Scarabaeidae,Paragymnopleurus,sinuatus,Asynaptic,Asynaptic,Heterogametic,XY,18
Animalia|Insecta|Coleoptera|Scarabaeidae|Pelidnota|pallidipennis,pallidipennis,Animalia,Insecta,Coleoptera,Scarabaeidae,Pelidnota,pallidipennis,Asynaptic,Asynaptic,Heterogametic,XY,20
Animalia|Insecta|Coleoptera|Scarabaeidae|Pelidnota|sumptuosa,sumptuosa,Animalia,Insecta,Coleoptera,Scarabaeidae,Pelidnota,sumptuosa,Asynaptic,Asynaptic,Heterogametic,XY,20
Animalia|Insecta|Coleoptera|Scarabaeidae|Pentodon|bispinifrons,bispinifrons,Animalia,Insecta,Coleoptera,Scarabaeidae,Pentodon,bispinifrons,Asynaptic,Asynaptic,Heterogametic,XY,20
Animalia|Insecta|Coleoptera|Scarabaeidae|Phalops|divisus,divisus,Animalia,Insecta,Coleoptera,Scarabaeidae,Phalops,divisus,Asynaptic,Asynaptic,Heterogametic,XY,20
Animalia|Insecta|Coleoptera|Scarabaeidae|Phalops|olivaceous,olivaceous,Animalia,Insecta,Coleoptera,Scarabaeidae,Phalops,olivaceous,Asynaptic,Asynaptic,Heterogametic,XY,20
Animalia|Insecta|Coleoptera|Scarabaeidae|Phanaeus|aff,aff,Animalia,Insecta,Coleoptera,Scarabaeidae,Phanaeus,aff,Asynaptic,Asynaptic,Heterogametic,XY,14
Animalia|Insecta|Coleoptera|Scarabaeidae|Phanaeus|splendidulus,splendidulus,Animalia,Insecta,Coleoptera,Scarabaeidae,Phanaeus,splendidulus,Asynaptic,Asynaptic,Heterogametic,XY,20
Animalia|Insecta|Coleoptera|Scarabaeidae|Phileurus|valgus,valgus,Animalia,Insecta,Coleoptera,Scarabaeidae,Phileurus,valgus,Asynaptic,Asynaptic,Heterogametic,XY,20
Animalia|Insecta|Coleoptera|Scarabaeidae|Phyllognathus|dionysius,dionysius,Animalia,Insecta,Coleoptera,Scarabaeidae,Phyllognathus,dionysius,Asynaptic,Asynaptic,Heterogametic,XY,20
Animalia|Insecta|Coleoptera|Scarabaeidae|Plaesiorrhinella|watkinsia,watkinsia,Animalia,Insecta,Coleoptera,Scarabaeidae,Plaesiorrhinella,watkinsia,Asynaptic,Asynaptic,Heterogametic,XY,20
Animalia|Insecta|Coleoptera|Scarabaeidae|Psammodius|oregonesis,oregonesis,Animalia,Insecta,Coleoptera,Scarabaeidae,Psammodius,oregonesis,Asynaptic,Asynaptic,Heterogametic,XY,20
Animalia|Insecta|Coleoptera|Scarabaeidae|Rhamphorrhina|bertolonii,bertolonii,Animalia,Insecta,Coleoptera,Scarabaeidae,Rhamphorrhina,bertolonii,Asynaptic,Asynaptic,Heterogametic,XY,20
Animalia|Insecta|Coleoptera|Scarabaeidae|Rhinyptia|indica,indica,Animalia,Insecta,Coleoptera,Scarabaeidae,Rhinyptia,indica,Asynaptic,Asynaptic,Heterogametic,XY,20
Animalia|Insecta|Coleoptera|Scarabaeidae|Scarabaeidae|nr.,nr.,Animalia,Insecta,Coleoptera,Scarabaeidae,Scarabaeidae,nr.,Asynaptic,Asynaptic,Heterogametic,XY,20
Animalia|Insecta|Coleoptera|Scarabaeidae|Scarabaeus|cristatus,cristatus,Animalia,Insecta,Coleoptera,Scarabaeidae,Scarabaeus,cristatus,Asynaptic,Asynaptic,Heterogametic,XY,20
Animalia|Insecta|Coleoptera|Scarabaeidae|Scarabaeus|laticollis,laticollis,Animalia,Insecta,Coleoptera,Scarabaeidae,Scarabaeus,laticollis,Asynaptic,Asynaptic,Heterogametic,XY,20
Animalia|Insecta|Coleoptera|Scarabaeidae|Scarabaeus|sacer,sacer,Animalia,Insecta,Coleoptera,Scarabaeidae,Scarabaeus,sacer,Asynaptic,Asynaptic,Heterogametic,XY,20
Animalia|Insecta|Coleoptera|Scarabaeidae|Scarabaeus|semipunctatus,semipunctatus,Animalia,Insecta,Coleoptera,Scarabaeidae,Scarabaeus,semipunctatus,Asynaptic,Asynaptic,Heterogametic,XY,20
Animalia|Insecta|Coleoptera|Scarabaeidae|Schizonycha|fuscescens,fuscescens,Animalia,Insecta,Coleoptera,Scarabaeidae,Schizonycha,fuscescens,Asynaptic,Asynaptic,Heterogametic,XY,20
Animalia|Insecta|Coleoptera|Scarabaeidae|Schizonycha|ruficollis,ruficollis,Animalia,Insecta,Coleoptera,Scarabaeidae,Schizonycha,ruficollis,Asynaptic,Asynaptic,Heterogametic,XY,20
Animalia|Insecta|Coleoptera|Scarabaeidae|Serica|assamensis,assamensis,Animalia,Insecta,Coleoptera,Scarabaeidae,Serica,assamensis,Asynaptic,Asynaptic,Heterogametic,XY,20
Animalia|Insecta|Coleoptera|Scarabaeidae|Serica|falli,falli,Animalia,Insecta,Coleoptera,Scarabaeidae,Serica,falli,Asynaptic,Asynaptic,Heterogametic,XY,20
Animalia|Insecta|Coleoptera|Scarabaeidae|Serica|sericea,sericea,Animalia,Insecta,Coleoptera,Scarabaeidae,Serica,sericea,Asynaptic,Asynaptic,Heterogametic,XY,20
Animalia|Insecta|Coleoptera|Scarabaeidae|Serica|tristis,tristis,Animalia,Insecta,Coleoptera,Scarabaeidae,Serica,tristis,Asynaptic,Asynaptic,Heterogametic,XY,20
Animalia|Insecta|Coleoptera|Scarabaeidae|Serica|umbrinella,umbrinella,Animalia,Insecta,Coleoptera,Scarabaeidae,Serica,umbrinella,Asynaptic,Asynaptic,Heterogametic,XY,20
Animalia|Insecta|Coleoptera|Scarabaeidae|Stephanocrates|preussi,preussi,Animalia,Insecta,Coleoptera,Scarabaeidae,Stephanocrates,preussi,Asynaptic,Asynaptic,Heterogametic,XY,20
Animalia|Insecta|Coleoptera|Scarabaeidae|Stephanorrhina|guttata,guttata,Animalia,Insecta,Coleoptera,Scarabaeidae,Stephanorrhina,guttata,Asynaptic,Asynaptic,Heterogametic,XY,20
Animalia|Insecta|Coleoptera|Scarabaeidae|Stephanorrhina|princeps,princeps,Animalia,Insecta,Coleoptera,Scarabaeidae,Stephanorrhina,princeps,Asynaptic,Asynaptic,Heterogametic,XY,20
Animalia|Insecta|Coleoptera|Scarabaeidae|Strategus|surinamensis,surinamensis,Animalia,Insecta,Coleoptera,Scarabaeidae,Strategus,surinamensis,Asynaptic,Asynaptic,Heterogametic,XY,20
Animalia|Insecta|Coleoptera|Scarabaeidae|Strategus|syphax,syphax,Animalia,Insecta,Coleoptera,Scarabaeidae,Strategus,syphax,Asynaptic,Asynaptic,Heterogametic,XY,20
Animalia|Insecta|Coleoptera|Scarabaeidae|Tiniocellus|spinipes,spinipes,Animalia,Insecta,Coleoptera,Scarabaeidae,Tiniocellus,spinipes,Asynaptic,Asynaptic,Heterogametic,XY,24
Animalia|Insecta|Coleoptera|Scarabaeidae|Trichiotinus|assimilis,assimilis,Animalia,Insecta,Coleoptera,Scarabaeidae,Trichiotinus,assimilis,Asynaptic,Asynaptic,Heterogametic,XY,20
Animalia|Insecta|Coleoptera|Scarabaeidae|Trypocopris|pyreeus,pyreeus,Animalia,Insecta,Coleoptera,Scarabaeidae,Trypocopris,pyreeus,Asynaptic,Asynaptic,Heterogametic,XY,20
Animalia|Insecta|Coleoptera|Scarabaeidae|Typhaeus|typhoeus,typhoeus,Animalia,Insecta,Coleoptera,Scarabaeidae,Typhaeus,typhoeus,Asynaptic,Asynaptic,Heterogametic,XY,20
Animalia|Insecta|Coleoptera|Scolytidae|Blastophagus|minor,minor,Animalia,Insecta,Coleoptera,Scolytidae,Blastophagus,minor,Asynaptic,Asynaptic,Heterogametic,XY,30
Animalia|Insecta|Coleoptera|Scolytidae|Blastophagus|pinierda,pinierda,Animalia,Insecta,Coleoptera,Scolytidae,Blastophagus,pinierda,Asynaptic,Asynaptic,Heterogametic,XY,30
Animalia|Insecta|Coleoptera|Scolytidae|Cryphalus|abietis,abietis,Animalia,Insecta,Coleoptera,Scolytidae,Cryphalus,abietis,Asynaptic,Asynaptic,Heterogametic,XY,26
Animalia|Insecta|Coleoptera|Scolytidae|Cryphalus|piceae,piceae,Animalia,Insecta,Coleoptera,Scolytidae,Cryphalus,piceae,Asynaptic,Asynaptic,Heterogametic,XY,26
Animalia|Insecta|Coleoptera|Scolytidae|Crypturgus|pusillus,pusillus,Animalia,Insecta,Coleoptera,Scolytidae,Crypturgus,pusillus,Asynaptic,Asynaptic,Heterogametic,XY,26
Animalia|Insecta|Coleoptera|Scolytidae|Dendroctonus|frontalis,frontalis,Animalia,Insecta,Coleoptera,Scolytidae,Dendroctonus,frontalis,Asynaptic,Asynaptic,Heterogametic,XY,16
Animalia|Insecta|Coleoptera|Scolytidae|Dendroctonus|mexicanus,mexicanus,Animalia,Insecta,Coleoptera,Scolytidae,Dendroctonus,mexicanus,Asynaptic,Asynaptic,Heterogametic,XY,12
Animalia|Insecta|Coleoptera|Scolytidae|Dendroctonus|murrayae,murrayae,Animalia,Insecta,Coleoptera,Scolytidae,Dendroctonus,murrayae,Asynaptic,Asynaptic,Heterogametic,XY,30
Animalia|Insecta|Coleoptera|Scolytidae|Dendroctonus|parallelocollis,parallelocollis,Animalia,Insecta,Coleoptera,Scolytidae,Dendroctonus,parallelocollis,Asynaptic,Asynaptic,Heterogametic,XY,28
Animalia|Insecta|Coleoptera|Scolytidae|Dendroctonus|pseudotsugae,pseudotsugae,Animalia,Insecta,Coleoptera,Scolytidae,Dendroctonus,pseudotsugae,Asynaptic,Asynaptic,Heterogametic,XY,30
Animalia|Insecta|Coleoptera|Scolytidae|Dendroctonus|punctatus,punctatus,Animalia,Insecta,Coleoptera,Scolytidae,Dendroctonus,punctatus,Asynaptic,Asynaptic,Heterogametic,XY,32
Animalia|Insecta|Coleoptera|Scolytidae|Dendroctonus|rhizophagus,rhizophagus,Animalia,Insecta,Coleoptera,Scolytidae,Dendroctonus,rhizophagus,Asynaptic,Asynaptic,Heterogametic,XY,28
Animalia|Insecta|Coleoptera|Scolytidae|Dendroctonus|rufipennis,rufipennis,Animalia,Insecta,Coleoptera,Scolytidae,Dendroctonus,rufipennis,Asynaptic,Asynaptic,Heterogametic,XY,30
Animalia|Insecta|Coleoptera|Scolytidae|Dendroctonus|simplex,simplex,Animalia,Insecta,Coleoptera,Scolytidae,Dendroctonus,simplex,Asynaptic,Asynaptic,Heterogametic,XY,30
Animalia|Insecta|Coleoptera|Scolytidae|Dendroctonus|terebrans,terebrans,Animalia,Insecta,Coleoptera,Scolytidae,Dendroctonus,terebrans,Asynaptic,Asynaptic,Heterogametic,XY,26
Animalia|Insecta|Coleoptera|Scolytidae|Dendroctonus|valens,valens,Animalia,Insecta,Coleoptera,Scolytidae,Dendroctonus,valens,Asynaptic,Asynaptic,Heterogametic,XY,28
Animalia|Insecta|Coleoptera|Scolytidae|Dryocoetes|affaber,affaber,Animalia,Insecta,Coleoptera,Scolytidae,Dryocoetes,affaber,Asynaptic,Asynaptic,Heterogametic,XY,28
Animalia|Insecta|Coleoptera|Scolytidae|Dryocoetes|autographus,autographus,Animalia,Insecta,Coleoptera,Scolytidae,Dryocoetes,autographus,Asynaptic,Asynaptic,Heterogametic,XY,26
Animalia|Insecta|Coleoptera|Scolytidae|Hylastes|angustatus,angustatus,Animalia,Insecta,Coleoptera,Scolytidae,Hylastes,angustatus,Asynaptic,Asynaptic,Heterogametic,XY,26
Animalia|Insecta|Coleoptera|Scolytidae|Hylastes|ater,ater,Animalia,Insecta,Coleoptera,Scolytidae,Hylastes,ater,Asynaptic,Asynaptic,Heterogametic,XY,26
Animalia|Insecta|Coleoptera|Scolytidae|Hylastes|cunicularius,cunicularius,Animalia,Insecta,Coleoptera,Scolytidae,Hylastes,cunicularius,Asynaptic,Asynaptic,Heterogametic,XY,26
Animalia|Insecta|Coleoptera|Scolytidae|Hylastes|varius,varius,Animalia,Insecta,Coleoptera,Scolytidae,Hylastes,varius,Asynaptic,Asynaptic,Heterogametic,XY,26
Animalia|Insecta|Coleoptera|Scolytidae|Hylurgops|glabratus,glabratus,Animalia,Insecta,Coleoptera,Scolytidae,Hylurgops,glabratus,Asynaptic,Asynaptic,Heterogametic,XY,26
Animalia|Insecta|Coleoptera|Scolytidae|Hylurgops|palliatus,palliatus,Animalia,Insecta,Coleoptera,Scolytidae,Hylurgops,palliatus,Asynaptic,Asynaptic,Heterogametic,XY,26
Animalia|Insecta|Coleoptera|Scolytidae|Hylurgops|pinifex,pinifex,Animalia,Insecta,Coleoptera,Scolytidae,Hylurgops,pinifex,Asynaptic,Asynaptic,Heterogametic,XY,30
Animalia|Insecta|Coleoptera|Scolytidae|Ips|acumitus,acumitus,Animalia,Insecta,Coleoptera,Scolytidae,Ips,acumitus,Asynaptic,Asynaptic,Heterogametic,XY,16
Animalia|Insecta|Coleoptera|Scolytidae|Ips|avulsus,avulsus,Animalia,Insecta,Coleoptera,Scolytidae,Ips,avulsus,Asynaptic,Asynaptic,Heterogametic,XY,32
Animalia|Insecta|Coleoptera|Scolytidae|Ips|bonseai,bonseai,Animalia,Insecta,Coleoptera,Scolytidae,Ips,bonseai,Asynaptic,Asynaptic,Heterogametic,XY,32
Animalia|Insecta|Coleoptera|Scolytidae|Ips|borealis,borealis,Animalia,Insecta,Coleoptera,Scolytidae,Ips,borealis,Asynaptic,Asynaptic,Heterogametic,XY,32
Animalia|Insecta|Coleoptera|Scolytidae|Ips|calligraphus,calligraphus,Animalia,Insecta,Coleoptera,Scolytidae,Ips,calligraphus,Asynaptic,Asynaptic,Heterogametic,XY,32
Animalia|Insecta|Coleoptera|Scolytidae|Ips|chagnoni,chagnoni,Animalia,Insecta,Coleoptera,Scolytidae,Ips,chagnoni,Asynaptic,Asynaptic,Heterogametic,XY,32
Animalia|Insecta|Coleoptera|Scolytidae|Ips|concinnus,concinnus,Animalia,Insecta,Coleoptera,Scolytidae,Ips,concinnus,Asynaptic,Asynaptic,Heterogametic,XY,16
Animalia|Insecta|Coleoptera|Scolytidae|Ips|confusus,confusus,Animalia,Insecta,Coleoptera,Scolytidae,Ips,confusus,Asynaptic,Asynaptic,Heterogametic,XY,32
Animalia|Insecta|Coleoptera|Scolytidae|Ips|cribricollis,cribricollis,Animalia,Insecta,Coleoptera,Scolytidae,Ips,cribricollis,Asynaptic,Asynaptic,Heterogametic,XY,32
Animalia|Insecta|Coleoptera|Scolytidae|Ips|emargitus,emargitus,Animalia,Insecta,Coleoptera,Scolytidae,Ips,emargitus,Asynaptic,Asynaptic,Heterogametic,XY,32
Animalia|Insecta|Coleoptera|Scolytidae|Ips|hoppingi,hoppingi,Animalia,Insecta,Coleoptera,Scolytidae,Ips,hoppingi,Asynaptic,Asynaptic,Heterogametic,XY,32
Animalia|Insecta|Coleoptera|Scolytidae|Ips|hunteri,hunteri,Animalia,Insecta,Coleoptera,Scolytidae,Ips,hunteri,Asynaptic,Asynaptic,Heterogametic,XY,32
Animalia|Insecta|Coleoptera|Scolytidae|Ips|integer,integer,Animalia,Insecta,Coleoptera,Scolytidae,Ips,integer,Asynaptic,Asynaptic,Heterogametic,XY,32
Animalia|Insecta|Coleoptera|Scolytidae|Ips|interstitialis,interstitialis,Animalia,Insecta,Coleoptera,Scolytidae,Ips,interstitialis,Asynaptic,Asynaptic,Heterogametic,XY,32
Animalia|Insecta|Coleoptera|Scolytidae|Ips|kusi,kusi,Animalia,Insecta,Coleoptera,Scolytidae,Ips,kusi,Asynaptic,Asynaptic,Heterogametic,XY,32
Animalia|Insecta|Coleoptera|Scolytidae|Ips|latidens,latidens,Animalia,Insecta,Coleoptera,Scolytidae,Ips,latidens,Asynaptic,Asynaptic,Heterogametic,XY,20
Animalia|Insecta|Coleoptera|Scolytidae|Ips|lecontei,lecontei,Animalia,Insecta,Coleoptera,Scolytidae,Ips,lecontei,Asynaptic,Asynaptic,Heterogametic,XY,32
Animalia|Insecta|Coleoptera|Scolytidae|Ips|mexicanus,mexicanus,Animalia,Insecta,Coleoptera,Scolytidae,Ips,mexicanus,Asynaptic,Asynaptic,Heterogametic,XY,16
Animalia|Insecta|Coleoptera|Scolytidae|Ips|montanus,montanus,Animalia,Insecta,Coleoptera,Scolytidae,Ips,montanus,Asynaptic,Asynaptic,Heterogametic,XY,32
Animalia|Insecta|Coleoptera|Scolytidae|Ips|paraconfusus,paraconfusus,Animalia,Insecta,Coleoptera,Scolytidae,Ips,paraconfusus,Asynaptic,Asynaptic,Heterogametic,XY,32
Animalia|Insecta|Coleoptera|Scolytidae|Ips|perroti,perroti,Animalia,Insecta,Coleoptera,Scolytidae,Ips,perroti,Asynaptic,Asynaptic,Heterogametic,XY,32
Animalia|Insecta|Coleoptera|Scolytidae|Ips|pertubatus,pertubatus,Animalia,Insecta,Coleoptera,Scolytidae,Ips,pertubatus,Asynaptic,Asynaptic,Heterogametic,XY,32
Animalia|Insecta|Coleoptera|Scolytidae|Ips|pilifrons,pilifrons,Animalia,Insecta,Coleoptera,Scolytidae,Ips,pilifrons,Asynaptic,Asynaptic,Heterogametic,XY,32
Animalia|Insecta|Coleoptera|Scolytidae|Ips|pini,pini,Animalia,Insecta,Coleoptera,Scolytidae,Ips,pini,Asynaptic,Asynaptic,Heterogametic,XY,32
Animalia|Insecta|Coleoptera|Scolytidae|Ips|plastographus,plastographus,Animalia,Insecta,Coleoptera,Scolytidae,Ips,plastographus,Asynaptic,Asynaptic,Heterogametic,XY,32
Animalia|Insecta|Coleoptera|Scolytidae|Ips|sexdentatus,sexdentatus,Animalia,Insecta,Coleoptera,Scolytidae,Ips,sexdentatus,Asynaptic,Asynaptic,Heterogametic,XY,26
Animalia|Insecta|Coleoptera|Scolytidae|Ips|spinifer,spinifer,Animalia,Insecta,Coleoptera,Scolytidae,Ips,spinifer,Asynaptic,Asynaptic,Heterogametic,XY,20
Animalia|Insecta|Coleoptera|Scolytidae|Ips|tridens,tridens,Animalia,Insecta,Coleoptera,Scolytidae,Ips,tridens,Asynaptic,Asynaptic,Heterogametic,XY,32
Animalia|Insecta|Coleoptera|Scolytidae|Ips|typographus,typographus,Animalia,Insecta,Coleoptera,Scolytidae,Ips,typographus,Asynaptic,Asynaptic,Heterogametic,XY,26
Animalia|Insecta|Coleoptera|Scolytidae|Ips|woodi,woodi,Animalia,Insecta,Coleoptera,Scolytidae,Ips,woodi,Asynaptic,Asynaptic,Heterogametic,XY,32
Animalia|Insecta|Coleoptera|Scolytidae|Leperisinus|pruinosis,pruinosis,Animalia,Insecta,Coleoptera,Scolytidae,Leperisinus,pruinosis,Asynaptic,Asynaptic,Heterogametic,XY,26
Animalia|Insecta|Coleoptera|Scolytidae|Orthotomicus|caelatus,caelatus,Animalia,Insecta,Coleoptera,Scolytidae,Orthotomicus,caelatus,Asynaptic,Asynaptic,Heterogametic,XY,22
Animalia|Insecta|Coleoptera|Scolytidae|Orthotomicus|erosus,erosus,Animalia,Insecta,Coleoptera,Scolytidae,Orthotomicus,erosus,Asynaptic,Asynaptic,Heterogametic,XY,16
Animalia|Insecta|Coleoptera|Scolytidae|Orthotomicus|laricis,laricis,Animalia,Insecta,Coleoptera,Scolytidae,Orthotomicus,laricis,Asynaptic,Asynaptic,Heterogametic,XY,16
Animalia|Insecta|Coleoptera|Scolytidae|Orthotomicus|proximus,proximus,Animalia,Insecta,Coleoptera,Scolytidae,Orthotomicus,proximus,Asynaptic,Asynaptic,Heterogametic,XY,14
Animalia|Insecta|Coleoptera|Scolytidae|Orthotomicus|sabiniae,sabiniae,Animalia,Insecta,Coleoptera,Scolytidae,Orthotomicus,sabiniae,Asynaptic,Asynaptic,Heterogametic,XY,0
Animalia|Insecta|Coleoptera|Scolytidae|Orthotomicus|suturalis,suturalis,Animalia,Insecta,Coleoptera,Scolytidae,Orthotomicus,suturalis,Asynaptic,Asynaptic,Heterogametic,XY,16
Animalia|Insecta|Coleoptera|Scolytidae|Pityogenes|bidentatus,bidentatus,Animalia,Insecta,Coleoptera,Scolytidae,Pityogenes,bidentatus,Asynaptic,Asynaptic,Heterogametic,XY,16
Animalia|Insecta|Coleoptera|Scolytidae|Pityogenes|chalcographus,chalcographus,Animalia,Insecta,Coleoptera,Scolytidae,Pityogenes,chalcographus,Asynaptic,Asynaptic,Heterogametic,XY,20
Animalia|Insecta|Coleoptera|Scolytidae|Pityogenes|crannulatus,crannulatus,Animalia,Insecta,Coleoptera,Scolytidae,Pityogenes,crannulatus,Asynaptic,Asynaptic,Heterogametic,XY,18
Animalia|Insecta|Coleoptera|Scolytidae|Pityogenes|fossifrons,fossifrons,Animalia,Insecta,Coleoptera,Scolytidae,Pityogenes,fossifrons,Asynaptic,Asynaptic,Heterogametic,NA,20
Animalia|Insecta|Coleoptera|Scolytidae|Pityogenes|hopkinsi,hopkinsi,Animalia,Insecta,Coleoptera,Scolytidae,Pityogenes,hopkinsi,Asynaptic,Asynaptic,Heterogametic,XY,20
Animalia|Insecta|Coleoptera|Scolytidae|Pityogenes|knechteli,knechteli,Animalia,Insecta,Coleoptera,Scolytidae,Pityogenes,knechteli,Asynaptic,Asynaptic,Heterogametic,XY,20
Animalia|Insecta|Coleoptera|Scolytidae|Pityogenes|quadridens,quadridens,Animalia,Insecta,Coleoptera,Scolytidae,Pityogenes,quadridens,Asynaptic,Asynaptic,Heterogametic,XY,16
Animalia|Insecta|Coleoptera|Scolytidae|Pityokteines|ortus,ortus,Animalia,Insecta,Coleoptera,Scolytidae,Pityokteines,ortus,Asynaptic,Asynaptic,Heterogametic,XY,18
Animalia|Insecta|Coleoptera|Scolytidae|Pityphthorus|lichtensteini,lichtensteini,Animalia,Insecta,Coleoptera,Scolytidae,Pityphthorus,lichtensteini,Asynaptic,Asynaptic,Heterogametic,XY,26
Animalia|Insecta|Coleoptera|Scolytidae|Polygraphus|grandiclava,grandiclava,Animalia,Insecta,Coleoptera,Scolytidae,Polygraphus,grandiclava,Asynaptic,Asynaptic,Heterogametic,XY,16
Animalia|Insecta|Coleoptera|Scolytidae|Polygraphus|poligraphus,poligraphus,Animalia,Insecta,Coleoptera,Scolytidae,Polygraphus,poligraphus,Asynaptic,Asynaptic,Heterogametic,XY,16
Animalia|Insecta|Coleoptera|Scolytidae|Polygraphus|rugipennis,rugipennis,Animalia,Insecta,Coleoptera,Scolytidae,Polygraphus,rugipennis,Asynaptic,Asynaptic,Heterogametic,XY,12
Animalia|Insecta|Coleoptera|Scolytidae|Polygraphus|subopacus,subopacus,Animalia,Insecta,Coleoptera,Scolytidae,Polygraphus,subopacus,Asynaptic,Asynaptic,Heterogametic,XY,16
Animalia|Insecta|Coleoptera|Scolytidae|Scolytus|dahuricus,dahuricus,Animalia,Insecta,Coleoptera,Scolytidae,Scolytus,dahuricus,Asynaptic,Asynaptic,Heterogametic,XY,22
Animalia|Insecta|Coleoptera|Scolytidae|Scolytus|mali,mali,Animalia,Insecta,Coleoptera,Scolytidae,Scolytus,mali,Asynaptic,Asynaptic,Heterogametic,XY,16
Animalia|Insecta|Coleoptera|Scolytidae|Scolytus|multistriatus,multistriatus,Animalia,Insecta,Coleoptera,Scolytidae,Scolytus,multistriatus,Asynaptic,Asynaptic,Heterogametic,XY,12
Animalia|Insecta|Coleoptera|Scolytidae|Scolytus|ratzeburgi,ratzeburgi,Animalia,Insecta,Coleoptera,Scolytidae,Scolytus,ratzeburgi,Asynaptic,Asynaptic,Heterogametic,XY,16
Animalia|Insecta|Coleoptera|Scolytidae|Scolytus|rugulosus,rugulosus,Animalia,Insecta,Coleoptera,Scolytidae,Scolytus,rugulosus,Asynaptic,Asynaptic,Heterogametic,XY,16
Animalia|Insecta|Coleoptera|Scolytidae|Trypodendron|lineatum,lineatum,Animalia,Insecta,Coleoptera,Scolytidae,Trypodendron,lineatum,Asynaptic,Asynaptic,Heterogametic,XY,26
Animalia|Insecta|Coleoptera|Silphidae|Phosphuga|atrata,atrata,Animalia,Insecta,Coleoptera,Silphidae,Phosphuga,atrata,Asynaptic,Asynaptic,Heterogametic,XY,34
Animalia|Insecta|Coleoptera|Silphidae|Silpha|noveboracensis,noveboracensis,Animalia,Insecta,Coleoptera,Silphidae,Silpha,noveboracensis,Asynaptic,Asynaptic,Heterogametic,XY,26
Animalia|Insecta|Coleoptera|Silphidae|Silpha|surinamensis,surinamensis,Animalia,Insecta,Coleoptera,Silphidae,Silpha,surinamensis,Asynaptic,Asynaptic,Heterogametic,XY,26
Animalia|Insecta|Coleoptera|Silphidae|Thanatophilus|sinuatus,sinuatus,Animalia,Insecta,Coleoptera,Silphidae,Thanatophilus,sinuatus,Asynaptic,Asynaptic,Heterogametic,XY,26
Animalia|Insecta|Coleoptera|Silvanidae|Ahasverus|adve,adve,Animalia,Insecta,Coleoptera,Silvanidae,Ahasverus,adve,Asynaptic,Asynaptic,Heterogametic,XY,18
Animalia|Insecta|Coleoptera|Silvanidae|Oryzaephilus|mercator,mercator,Animalia,Insecta,Coleoptera,Silvanidae,Oryzaephilus,mercator,Asynaptic,Asynaptic,Heterogametic,XY,18
Animalia|Insecta|Coleoptera|Silvanidae|Oryzaephilus|surinamensis,surinamensis,Animalia,Insecta,Coleoptera,Silvanidae,Oryzaephilus,surinamensis,Asynaptic,Asynaptic,Heterogametic,XY,18
Animalia|Insecta|Coleoptera|Staphylinidae|Batrisodes|globosus,globosus,Animalia,Insecta,Coleoptera,Staphylinidae,Batrisodes,globosus,Asynaptic,Asynaptic,Heterogametic,XY,28
Animalia|Insecta|Coleoptera|Staphylinidae|Creophilus|maxillosus,maxillosus,Animalia,Insecta,Coleoptera,Staphylinidae,Creophilus,maxillosus,Asynaptic,Asynaptic,Heterogametic,XY,40
Animalia|Insecta|Coleoptera|Staphylinidae|Cryptobium|bernhaueri,bernhaueri,Animalia,Insecta,Coleoptera,Staphylinidae,Cryptobium,bernhaueri,Asynaptic,Asynaptic,Heterogametic,XY,30
Animalia|Insecta|Coleoptera|Staphylinidae|Indoscitalinus|achoreta,achoreta,Animalia,Insecta,Coleoptera,Staphylinidae,Indoscitalinus,achoreta,Asynaptic,Asynaptic,Heterogametic,XY,28
Animalia|Insecta|Coleoptera|Staphylinidae|Nudobius|cephalus,cephalus,Animalia,Insecta,Coleoptera,Staphylinidae,Nudobius,cephalus,Asynaptic,Asynaptic,Heterogametic,XY,28
Animalia|Insecta|Coleoptera|Staphylinidae|Ontholestes|cingulatus,cingulatus,Animalia,Insecta,Coleoptera,Staphylinidae,Ontholestes,cingulatus,Asynaptic,Asynaptic,Heterogametic,XY,26
Animalia|Insecta|Coleoptera|Staphylinidae|Osorius|punctipennis,punctipennis,Animalia,Insecta,Coleoptera,Staphylinidae,Osorius,punctipennis,Asynaptic,Asynaptic,Heterogametic,XY,32
Animalia|Insecta|Coleoptera|Staphylinidae|Philonthus|fuscipennis,fuscipennis,Animalia,Insecta,Coleoptera,Staphylinidae,Philonthus,fuscipennis,Asynaptic,Asynaptic,Heterogametic,XY,24
Animalia|Insecta|Coleoptera|Staphylinidae|Philonthus|idiocerus,idiocerus,Animalia,Insecta,Coleoptera,Staphylinidae,Philonthus,idiocerus,Asynaptic,Asynaptic,Heterogametic,XY,36
Animalia|Insecta|Coleoptera|Staphylinidae|Philonthus|intermedius,intermedius,Animalia,Insecta,Coleoptera,Staphylinidae,Philonthus,intermedius,Asynaptic,Asynaptic,Heterogametic,XY,56
Animalia|Insecta|Coleoptera|Staphylinidae|Philonthus|politus,politus,Animalia,Insecta,Coleoptera,Staphylinidae,Philonthus,politus,Asynaptic,Asynaptic,Heterogametic,XY,40
Animalia|Insecta|Coleoptera|Staphylinidae|Pselaphus|fustifer,fustifer,Animalia,Insecta,Coleoptera,Staphylinidae,Pselaphus,fustifer,Asynaptic,Asynaptic,Heterogametic,XY,30
Animalia|Insecta|Coleoptera|Staphylinidae|Staphylinus|sp.,sp.,Animalia,Insecta,Coleoptera,Staphylinidae,Staphylinus,sp.,Asynaptic,Asynaptic,Heterogametic,XY,40
Animalia|Insecta|Coleoptera|Stenotrachelidae|Cephaloon|lepturides,lepturides,Animalia,Insecta,Coleoptera,Stenotrachelidae,Cephaloon,lepturides,Asynaptic,Asynaptic,Heterogametic,XY,18
Animalia|Insecta|Coleoptera|Tenebrionidae|Adesmia|biskrensis,biskrensis,Animalia,Insecta,Coleoptera,Tenebrionidae,Adesmia,biskrensis,Asynaptic,Asynaptic,Heterogametic,XY,18
Animalia|Insecta|Coleoptera|Tenebrionidae|Adesmia|cancellata,cancellata,Animalia,Insecta,Coleoptera,Tenebrionidae,Adesmia,cancellata,Asynaptic,Asynaptic,Heterogametic,XY,20
Animalia|Insecta|Coleoptera|Tenebrionidae|Adesmia|metallica,metallica,Animalia,Insecta,Coleoptera,Tenebrionidae,Adesmia,metallica,Asynaptic,Asynaptic,Heterogametic,XY,18
Animalia|Insecta|Coleoptera|Tenebrionidae|Aemymone|cariosa,cariosa,Animalia,Insecta,Coleoptera,Tenebrionidae,Aemymone,cariosa,Asynaptic,Asynaptic,Heterogametic,XY,18
Animalia|Insecta|Coleoptera|Tenebrionidae|Agapanthia|korostelevi,korostelevi,Animalia,Insecta,Coleoptera,Tenebrionidae,Agapanthia,korostelevi,Asynaptic,Asynaptic,Heterogametic,XY,20
Animalia|Insecta|Coleoptera|Tenebrionidae|Agapanthia|walteri,walteri,Animalia,Insecta,Coleoptera,Tenebrionidae,Agapanthia,walteri,Asynaptic,Asynaptic,Heterogametic,XY,20
Animalia|Insecta|Coleoptera|Tenebrionidae|Alobates|pennsylvanica,pennsylvanica,Animalia,Insecta,Coleoptera,Tenebrionidae,Alobates,pennsylvanica,Asynaptic,Asynaptic,Heterogametic,XY,20
Animalia|Insecta|Coleoptera|Tenebrionidae|Alphasida|depressa,depressa,Animalia,Insecta,Coleoptera,Tenebrionidae,Alphasida,depressa,Asynaptic,Asynaptic,Heterogametic,XY,20
Animalia|Insecta|Coleoptera|Tenebrionidae|Alphasida|sp.,sp.,Animalia,Insecta,Coleoptera,Tenebrionidae,Alphasida,sp.,Asynaptic,Asynaptic,Heterogametic,XY,18
Animalia|Insecta|Coleoptera|Tenebrionidae|Alphitobius|pliceus,pliceus,Animalia,Insecta,Coleoptera,Tenebrionidae,Alphitobius,pliceus,Asynaptic,Asynaptic,Heterogametic,XY,20
Animalia|Insecta|Coleoptera|Tenebrionidae|Alphitobius|sp.,sp.,Animalia,Insecta,Coleoptera,Tenebrionidae,Alphitobius,sp.,Asynaptic,Asynaptic,Heterogametic,XY,20
Animalia|Insecta|Coleoptera|Tenebrionidae|Ammobius|rufus,rufus,Animalia,Insecta,Coleoptera,Tenebrionidae,Ammobius,rufus,Asynaptic,Asynaptic,Heterogametic,XY,20
Animalia|Insecta|Coleoptera|Tenebrionidae|Arthrodeis|curtus,curtus,Animalia,Insecta,Coleoptera,Tenebrionidae,Arthrodeis,curtus,Asynaptic,Asynaptic,Heterogametic,XY,20
Animalia|Insecta|Coleoptera|Tenebrionidae|Arthrodeis|inflatus,inflatus,Animalia,Insecta,Coleoptera,Tenebrionidae,Arthrodeis,inflatus,Asynaptic,Asynaptic,Heterogametic,XY,20
Animalia|Insecta|Coleoptera|Tenebrionidae|Arthrodeis|punctulatus,punctulatus,Animalia,Insecta,Coleoptera,Tenebrionidae,Arthrodeis,punctulatus,Asynaptic,Asynaptic,Heterogametic,XY,20
Animalia|Insecta|Coleoptera|Tenebrionidae|Asida|cardoe,cardoe,Animalia,Insecta,Coleoptera,Tenebrionidae,Asida,cardoe,Asynaptic,Asynaptic,Heterogametic,XY,20
Animalia|Insecta|Coleoptera|Tenebrionidae|Asida|glacialis,glacialis,Animalia,Insecta,Coleoptera,Tenebrionidae,Asida,glacialis,Asynaptic,Asynaptic,Heterogametic,XY,20
Animalia|Insecta|Coleoptera|Tenebrionidae|Asida|jurinei,jurinei,Animalia,Insecta,Coleoptera,Tenebrionidae,Asida,jurinei,Asynaptic,Asynaptic,Heterogametic,XY,20
Animalia|Insecta|Coleoptera|Tenebrionidae|Asida|maraguesi,maraguesi,Animalia,Insecta,Coleoptera,Tenebrionidae,Asida,maraguesi,Asynaptic,Asynaptic,Heterogametic,XY,20
Animalia|Insecta|Coleoptera|Tenebrionidae|Asida|planipennis,planipennis,Animalia,Insecta,Coleoptera,Tenebrionidae,Asida,planipennis,Asynaptic,Asynaptic,Heterogametic,XY,20
Animalia|Insecta|Coleoptera|Tenebrionidae|Blaps|cribosa,cribosa,Animalia,Insecta,Coleoptera,Tenebrionidae,Blaps,cribosa,Achiasmatic,Achiasmatic,Heterogametic,NA,27
Animalia|Insecta|Coleoptera|Tenebrionidae|Blaps|mucoronata,mucoronata,Animalia,Insecta,Coleoptera,Tenebrionidae,Blaps,mucoronata,Achiasmatic,Achiasmatic,Heterogametic,NA,0
Animalia|Insecta|Coleoptera|Tenebrionidae|Blapstinus|sp.,sp.,Animalia,Insecta,Coleoptera,Tenebrionidae,Blapstinus,sp.,Asynaptic,Asynaptic,Heterogametic,XY,20
Animalia|Insecta|Coleoptera|Tenebrionidae|Clitobius|ovatus,ovatus,Animalia,Insecta,Coleoptera,Tenebrionidae,Clitobius,ovatus,Asynaptic,Asynaptic,Heterogametic,XY,20
Animalia|Insecta|Coleoptera|Tenebrionidae|Cossyphus|depressus,depressus,Animalia,Insecta,Coleoptera,Tenebrionidae,Cossyphus,depressus,Asynaptic,Asynaptic,Heterogametic,XY,18
Animalia|Insecta|Coleoptera|Tenebrionidae|Cryptycus|gibbulus,gibbulus,Animalia,Insecta,Coleoptera,Tenebrionidae,Cryptycus,gibbulus,Asynaptic,Asynaptic,Heterogametic,XY,20
Animalia|Insecta|Coleoptera|Tenebrionidae|Cynaeus|angustus,angustus,Animalia,Insecta,Coleoptera,Tenebrionidae,Cynaeus,angustus,Asynaptic,Asynaptic,Heterogametic,XY,20
Animalia|Insecta|Coleoptera|Tenebrionidae|Dailognatha|pumila,pumila,Animalia,Insecta,Coleoptera,Tenebrionidae,Dailognatha,pumila,Asynaptic,Asynaptic,Heterogametic,XY,20
Animalia|Insecta|Coleoptera|Tenebrionidae|Derosphaerus|cribum,cribum,Animalia,Insecta,Coleoptera,Tenebrionidae,Derosphaerus,cribum,Asynaptic,Asynaptic,Heterogametic,XY,20
Animalia|Insecta|Coleoptera|Tenebrionidae|Diastolinus|fortipes,fortipes,Animalia,Insecta,Coleoptera,Tenebrionidae,Diastolinus,fortipes,Asynaptic,Asynaptic,Heterogametic,XY,26
Animalia|Insecta|Coleoptera|Tenebrionidae|Elenophorus|collaris,collaris,Animalia,Insecta,Coleoptera,Tenebrionidae,Elenophorus,collaris,Asynaptic,Asynaptic,Heterogametic,XY,26
Animalia|Insecta|Coleoptera|Tenebrionidae|Erodius|emondi,emondi,Animalia,Insecta,Coleoptera,Tenebrionidae,Erodius,emondi,Asynaptic,Asynaptic,Heterogametic,XY,20
Animalia|Insecta|Coleoptera|Tenebrionidae|Erodius|exilipes,exilipes,Animalia,Insecta,Coleoptera,Tenebrionidae,Erodius,exilipes,Asynaptic,Asynaptic,Heterogametic,XY,20
Animalia|Insecta|Coleoptera|Tenebrionidae|Erodius|lefranci,lefranci,Animalia,Insecta,Coleoptera,Tenebrionidae,Erodius,lefranci,Asynaptic,Asynaptic,Heterogametic,XY,20
Animalia|Insecta|Coleoptera|Tenebrionidae|Erodius|nitidicollis,nitidicollis,Animalia,Insecta,Coleoptera,Tenebrionidae,Erodius,nitidicollis,Asynaptic,Asynaptic,Heterogametic,XY,20
Animalia|Insecta|Coleoptera|Tenebrionidae|Erodius|orientalis,orientalis,Animalia,Insecta,Coleoptera,Tenebrionidae,Erodius,orientalis,Asynaptic,Asynaptic,Heterogametic,XY,20
Animalia|Insecta|Coleoptera|Tenebrionidae|Eulabris|sp.,sp.,Animalia,Insecta,Coleoptera,Tenebrionidae,Eulabris,sp.,Asynaptic,Asynaptic,Heterogametic,XY,20
Animalia|Insecta|Coleoptera|Tenebrionidae|Glabrasida|goudoti,goudoti,Animalia,Insecta,Coleoptera,Tenebrionidae,Glabrasida,goudoti,Asynaptic,Asynaptic,Heterogametic,XY,20
Animalia|Insecta|Coleoptera|Tenebrionidae|Glabrasida|melillense,melillense,Animalia,Insecta,Coleoptera,Tenebrionidae,Glabrasida,melillense,Asynaptic,Asynaptic,Heterogametic,XY,18
Animalia|Insecta|Coleoptera|Tenebrionidae|Glabrasida|zapateri,zapateri,Animalia,Insecta,Coleoptera,Tenebrionidae,Glabrasida,zapateri,Asynaptic,Asynaptic,Heterogametic,XY,20
Animalia|Insecta|Coleoptera|Tenebrionidae|Gnathocerus|cornutus,cornutus,Animalia,Insecta,Coleoptera,Tenebrionidae,Gnathocerus,cornutus,Asynaptic,Asynaptic,Heterogametic,XY,20
Animalia|Insecta|Coleoptera|Tenebrionidae|Gnathocerus|maxillosus,maxillosus,Animalia,Insecta,Coleoptera,Tenebrionidae,Gnathocerus,maxillosus,Asynaptic,Asynaptic,Heterogametic,XY,20
Animalia|Insecta|Coleoptera|Tenebrionidae|Gonocephalum|bilineatum,bilineatum,Animalia,Insecta,Coleoptera,Tenebrionidae,Gonocephalum,bilineatum,Asynaptic,Asynaptic,Heterogametic,XY,20
Animalia|Insecta|Coleoptera|Tenebrionidae|Gonocephalum|depressum,depressum,Animalia,Insecta,Coleoptera,Tenebrionidae,Gonocephalum,depressum,Asynaptic,Asynaptic,Heterogametic,XY,20
Animalia|Insecta|Coleoptera|Tenebrionidae|Gonocephalum|dorsogranosum,dorsogranosum,Animalia,Insecta,Coleoptera,Tenebrionidae,Gonocephalum,dorsogranosum,Asynaptic,Asynaptic,Heterogametic,XY,20
Animalia|Insecta|Coleoptera|Tenebrionidae|Gonocephalum|elongatum,elongatum,Animalia,Insecta,Coleoptera,Tenebrionidae,Gonocephalum,elongatum,Asynaptic,Asynaptic,Heterogametic,XY,20
Animalia|Insecta|Coleoptera|Tenebrionidae|Gonocephalum|hoffmannseggi,hoffmannseggi,Animalia,Insecta,Coleoptera,Tenebrionidae,Gonocephalum,hoffmannseggi,Asynaptic,Asynaptic,Heterogametic,XY,20
Animalia|Insecta|Coleoptera|Tenebrionidae|Gonocephalum|oblongum,oblongum,Animalia,Insecta,Coleoptera,Tenebrionidae,Gonocephalum,oblongum,Asynaptic,Asynaptic,Heterogametic,XY,20
Animalia|Insecta|Coleoptera|Tenebrionidae|Gonocephalum|patruele,patruele,Animalia,Insecta,Coleoptera,Tenebrionidae,Gonocephalum,patruele,Asynaptic,Asynaptic,Heterogametic,XY,20
Animalia|Insecta|Coleoptera|Tenebrionidae|Gonocephalum|rusticum,rusticum,Animalia,Insecta,Coleoptera,Tenebrionidae,Gonocephalum,rusticum,Asynaptic,Asynaptic,Heterogametic,XY,20
Animalia|Insecta|Coleoptera|Tenebrionidae|Gonocephalum|sp.,sp.,Animalia,Insecta,Coleoptera,Tenebrionidae,Gonocephalum,sp.,Asynaptic,Asynaptic,Heterogametic,XY,20
Animalia|Insecta|Coleoptera|Tenebrionidae|Gonocephalum|vagum,vagum,Animalia,Insecta,Coleoptera,Tenebrionidae,Gonocephalum,vagum,Asynaptic,Asynaptic,Heterogametic,XY,20
Animalia|Insecta|Coleoptera|Tenebrionidae|Hegeter|amaroides,amaroides,Animalia,Insecta,Coleoptera,Tenebrionidae,Hegeter,amaroides,Asynaptic,Asynaptic,Heterogametic,XY,20
Animalia|Insecta|Coleoptera|Tenebrionidae|Hegeter|brevicollis,brevicollis,Animalia,Insecta,Coleoptera,Tenebrionidae,Hegeter,brevicollis,Asynaptic,Asynaptic,Heterogametic,XY,20
Animalia|Insecta|Coleoptera|Tenebrionidae|Hegeter|costipennis,costipennis,Animalia,Insecta,Coleoptera,Tenebrionidae,Hegeter,costipennis,Asynaptic,Asynaptic,Heterogametic,XY,20
Animalia|Insecta|Coleoptera|Tenebrionidae|Hegeter|fernandezi,fernandezi,Animalia,Insecta,Coleoptera,Tenebrionidae,Hegeter,fernandezi,Asynaptic,Asynaptic,Heterogametic,XY,20
Animalia|Insecta|Coleoptera|Tenebrionidae|Hegeter|grancanariensis,grancanariensis,Animalia,Insecta,Coleoptera,Tenebrionidae,Hegeter,grancanariensis,Asynaptic,Asynaptic,Heterogametic,XY,20
Animalia|Insecta|Coleoptera|Tenebrionidae|Hegeter|lateralis,lateralis,Animalia,Insecta,Coleoptera,Tenebrionidae,Hegeter,lateralis,Asynaptic,Asynaptic,Heterogametic,XY,20
Animalia|Insecta|Coleoptera|Tenebrionidae|Hegeter|politus,politus,Animalia,Insecta,Coleoptera,Tenebrionidae,Hegeter,politus,Asynaptic,Asynaptic,Heterogametic,XY,20
Animalia|Insecta|Coleoptera|Tenebrionidae|Hegeter|tenuipunctatus,tenuipunctatus,Animalia,Insecta,Coleoptera,Tenebrionidae,Hegeter,tenuipunctatus,Asynaptic,Asynaptic,Heterogametic,XY,20
Animalia|Insecta|Coleoptera|Tenebrionidae|Hegeter|transversus,transversus,Animalia,Insecta,Coleoptera,Tenebrionidae,Hegeter,transversus,Asynaptic,Asynaptic,Heterogametic,XY,20
Animalia|Insecta|Coleoptera|Tenebrionidae|Hegeter|tristis,tristis,Animalia,Insecta,Coleoptera,Tenebrionidae,Hegeter,tristis,Asynaptic,Asynaptic,Heterogametic,XY,20
Animalia|Insecta|Coleoptera|Tenebrionidae|Himatismus|fasciculatus,fasciculatus,Animalia,Insecta,Coleoptera,Tenebrionidae,Himatismus,fasciculatus,Asynaptic,Asynaptic,Heterogametic,XY,20
Animalia|Insecta|Coleoptera|Tenebrionidae|Hoplobrachium|asperipenne,asperipenne,Animalia,Insecta,Coleoptera,Tenebrionidae,Hoplobrachium,asperipenne,Asynaptic,Asynaptic,Heterogametic,XY,22
Animalia|Insecta|Coleoptera|Tenebrionidae|Hoplobrachium|dentipes,dentipes,Animalia,Insecta,Coleoptera,Tenebrionidae,Hoplobrachium,dentipes,Asynaptic,Asynaptic,Heterogametic,XY,22
Animalia|Insecta|Coleoptera|Tenebrionidae|Hylocrinua|sp.,sp.,Animalia,Insecta,Coleoptera,Tenebrionidae,Hylocrinua,sp.,Asynaptic,Asynaptic,Heterogametic,XY,20
Animalia|Insecta|Coleoptera|Tenebrionidae|Isocerus|balearicus,balearicus,Animalia,Insecta,Coleoptera,Tenebrionidae,Isocerus,balearicus,Asynaptic,Asynaptic,Heterogametic,XY,20
Animalia|Insecta|Coleoptera|Tenebrionidae|Isomira|quadrastriata,quadrastriata,Animalia,Insecta,Coleoptera,Tenebrionidae,Isomira,quadrastriata,Asynaptic,Asynaptic,Heterogametic,XY,20
Animalia|Insecta|Coleoptera|Tenebrionidae|Isomira|sp.,sp.,Animalia,Insecta,Coleoptera,Tenebrionidae,Isomira,sp.,Asynaptic,Asynaptic,Heterogametic,XY,20
Animalia|Insecta|Coleoptera|Tenebrionidae|Isomira|variabilis,variabilis,Animalia,Insecta,Coleoptera,Tenebrionidae,Isomira,variabilis,Asynaptic,Asynaptic,Heterogametic,XY,14
Animalia|Insecta|Coleoptera|Tenebrionidae|Laena|reitteri,reitteri,Animalia,Insecta,Coleoptera,Tenebrionidae,Laena,reitteri,Asynaptic,Asynaptic,Heterogametic,XY,18
Animalia|Insecta|Coleoptera|Tenebrionidae|Latheticus|oryzae,oryzae,Animalia,Insecta,Coleoptera,Tenebrionidae,Latheticus,oryzae,Asynaptic,Asynaptic,Heterogametic,XY,20
Animalia|Insecta|Coleoptera|Tenebrionidae|Leptonychus|curvicornis,curvicornis,Animalia,Insecta,Coleoptera,Tenebrionidae,Leptonychus,curvicornis,Asynaptic,Asynaptic,Heterogametic,XY,20
Animalia|Insecta|Coleoptera|Tenebrionidae|Melanochrus|blairi,blairi,Animalia,Insecta,Coleoptera,Tenebrionidae,Melanochrus,blairi,Asynaptic,Asynaptic,Heterogametic,XY,20
Animalia|Insecta|Coleoptera|Tenebrionidae|Melanochrus|lacordairei,lacordairei,Animalia,Insecta,Coleoptera,Tenebrionidae,Melanochrus,lacordairei,Asynaptic,Asynaptic,Heterogametic,XY,20
Animalia|Insecta|Coleoptera|Tenebrionidae|Mesostema|angustata,angustata,Animalia,Insecta,Coleoptera,Tenebrionidae,Mesostema,angustata,Asynaptic,Asynaptic,Heterogametic,XY,20
Animalia|Insecta|Coleoptera|Tenebrionidae|Mesostema|lineatopunctata,lineatopunctata,Animalia,Insecta,Coleoptera,Tenebrionidae,Mesostema,lineatopunctata,Asynaptic,Asynaptic,Heterogametic,XY,20
Animalia|Insecta|Coleoptera|Tenebrionidae|Misolampus|goudoti,goudoti,Animalia,Insecta,Coleoptera,Tenebrionidae,Misolampus,goudoti,Asynaptic,Asynaptic,Heterogametic,XY,20
Animalia|Insecta|Coleoptera|Tenebrionidae|Misolampus|subglaber,subglaber,Animalia,Insecta,Coleoptera,Tenebrionidae,Misolampus,subglaber,Asynaptic,Asynaptic,Heterogametic,XY,20
Animalia|Insecta|Coleoptera|Tenebrionidae|Nalassus|bozdagus,bozdagus,Animalia,Insecta,Coleoptera,Tenebrionidae,Nalassus,bozdagus,Asynaptic,Asynaptic,Heterogametic,XY,20
Animalia|Insecta|Coleoptera|Tenebrionidae|Nalassus|plebejus,plebejus,Animalia,Insecta,Coleoptera,Tenebrionidae,Nalassus,plebejus,Asynaptic,Asynaptic,Heterogametic,XY,20
Animalia|Insecta|Coleoptera|Tenebrionidae|Nesotes|conformis,conformis,Animalia,Insecta,Coleoptera,Tenebrionidae,Nesotes,conformis,Asynaptic,Asynaptic,Heterogametic,XY,20
Animalia|Insecta|Coleoptera|Tenebrionidae|Nesotes|gomerensis,gomerensis,Animalia,Insecta,Coleoptera,Tenebrionidae,Nesotes,gomerensis,Asynaptic,Asynaptic,Heterogametic,XY,20
Animalia|Insecta|Coleoptera|Tenebrionidae|Nesotes|picescens,picescens,Animalia,Insecta,Coleoptera,Tenebrionidae,Nesotes,picescens,Asynaptic,Asynaptic,Heterogametic,XY,20
Animalia|Insecta|Coleoptera|Tenebrionidae|Nesotes|porrectus,porrectus,Animalia,Insecta,Coleoptera,Tenebrionidae,Nesotes,porrectus,Asynaptic,Asynaptic,Heterogametic,XY,20
Animalia|Insecta|Coleoptera|Tenebrionidae|Nesotes|viridicollis,viridicollis,Animalia,Insecta,Coleoptera,Tenebrionidae,Nesotes,viridicollis,Asynaptic,Asynaptic,Heterogametic,XY,20
Animalia|Insecta|Coleoptera|Tenebrionidae|Nyctelia|rugosa,rugosa,Animalia,Insecta,Coleoptera,Tenebrionidae,Nyctelia,rugosa,Asynaptic,Asynaptic,Heterogametic,XY,18
Animalia|Insecta|Coleoptera|Tenebrionidae|Nyctelia|sp.,sp.,Animalia,Insecta,Coleoptera,Tenebrionidae,Nyctelia,sp.,Asynaptic,Asynaptic,Heterogametic,XY,18
Animalia|Insecta|Coleoptera|Tenebrionidae|Opatrinus|aciculatus,aciculatus,Animalia,Insecta,Coleoptera,Tenebrionidae,Opatrinus,aciculatus,Asynaptic,Asynaptic,Heterogametic,XY,20
Animalia|Insecta|Coleoptera|Tenebrionidae|Opatrinus|validus,validus,Animalia,Insecta,Coleoptera,Tenebrionidae,Opatrinus,validus,Asynaptic,Asynaptic,Heterogametic,XY,20
Animalia|Insecta|Coleoptera|Tenebrionidae|Opatroides|vicinus,vicinus,Animalia,Insecta,Coleoptera,Tenebrionidae,Opatroides,vicinus,Asynaptic,Asynaptic,Heterogametic,XY,20
Animalia|Insecta|Coleoptera|Tenebrionidae|Oxycara|mellyi,mellyi,Animalia,Insecta,Coleoptera,Tenebrionidae,Oxycara,mellyi,Asynaptic,Asynaptic,Heterogametic,XY,20
Animalia|Insecta|Coleoptera|Tenebrionidae|Oxycarops|fuscipes,fuscipes,Animalia,Insecta,Coleoptera,Tenebrionidae,Oxycarops,fuscipes,Asynaptic,Asynaptic,Heterogametic,XY,22
Animalia|Insecta|Coleoptera|Tenebrionidae|Pachycera|buprestroides,buprestroides,Animalia,Insecta,Coleoptera,Tenebrionidae,Pachycera,buprestroides,Asynaptic,Asynaptic,Heterogametic,XY,20
Animalia|Insecta|Coleoptera|Tenebrionidae|Pachychila|dejeani,dejeani,Animalia,Insecta,Coleoptera,Tenebrionidae,Pachychila,dejeani,Asynaptic,Asynaptic,Heterogametic,XY,20
Animalia|Insecta|Coleoptera|Tenebrionidae|Pachychila|frioli,frioli,Animalia,Insecta,Coleoptera,Tenebrionidae,Pachychila,frioli,Asynaptic,Asynaptic,Heterogametic,XY,20
Animalia|Insecta|Coleoptera|Tenebrionidae|Pachychila|germari,germari,Animalia,Insecta,Coleoptera,Tenebrionidae,Pachychila,germari,Asynaptic,Asynaptic,Heterogametic,XY,20
Animalia|Insecta|Coleoptera|Tenebrionidae|Pachychila|subluta,subluta,Animalia,Insecta,Coleoptera,Tenebrionidae,Pachychila,subluta,Asynaptic,Asynaptic,Heterogametic,XY,20
Animalia|Insecta|Coleoptera|Tenebrionidae|Pachyscelis|musiva,musiva,Animalia,Insecta,Coleoptera,Tenebrionidae,Pachyscelis,musiva,Asynaptic,Asynaptic,Heterogametic,XY,18
Animalia|Insecta|Coleoptera|Tenebrionidae|Paivaea|hispida,hispida,Animalia,Insecta,Coleoptera,Tenebrionidae,Paivaea,hispida,Asynaptic,Asynaptic,Heterogametic,XY,20
Animalia|Insecta|Coleoptera|Tenebrionidae|Palembus|dermestoides,dermestoides,Animalia,Insecta,Coleoptera,Tenebrionidae,Palembus,dermestoides,Asynaptic,Asynaptic,Heterogametic,XY,20
Animalia|Insecta|Coleoptera|Tenebrionidae|Palorus|subdepressus,subdepressus,Animalia,Insecta,Coleoptera,Tenebrionidae,Palorus,subdepressus,Asynaptic,Asynaptic,Heterogametic,XY,20
Animalia|Insecta|Coleoptera|Tenebrionidae|Phaleria|acumita,acumita,Animalia,Insecta,Coleoptera,Tenebrionidae,Phaleria,acumita,Asynaptic,Asynaptic,Heterogametic,XY,20
Animalia|Insecta|Coleoptera|Tenebrionidae|Phaleria|variabilis,variabilis,Animalia,Insecta,Coleoptera,Tenebrionidae,Phaleria,variabilis,Asynaptic,Asynaptic,Heterogametic,XY,20
Animalia|Insecta|Coleoptera|Tenebrionidae|Phylan|abbreviatus,abbreviatus,Animalia,Insecta,Coleoptera,Tenebrionidae,Phylan,abbreviatus,Asynaptic,Asynaptic,Heterogametic,XY,20
Animalia|Insecta|Coleoptera|Tenebrionidae|Phylan|gibbulus,gibbulus,Animalia,Insecta,Coleoptera,Tenebrionidae,Phylan,gibbulus,Asynaptic,Asynaptic,Heterogametic,XY,20
Animalia|Insecta|Coleoptera|Tenebrionidae|Phylan|mediterraneus,mediterraneus,Animalia,Insecta,Coleoptera,Tenebrionidae,Phylan,mediterraneus,Asynaptic,Asynaptic,Heterogametic,XY,20
Animalia|Insecta|Coleoptera|Tenebrionidae|Phylan|nitidicollis,nitidicollis,Animalia,Insecta,Coleoptera,Tenebrionidae,Phylan,nitidicollis,Asynaptic,Asynaptic,Heterogametic,XY,26
Animalia|Insecta|Coleoptera|Tenebrionidae|Phylan|obesus,obesus,Animalia,Insecta,Coleoptera,Tenebrionidae,Phylan,obesus,Asynaptic,Asynaptic,Heterogametic,XY,20
Animalia|Insecta|Coleoptera|Tenebrionidae|Phylan|semicostatus,semicostatus,Animalia,Insecta,Coleoptera,Tenebrionidae,Phylan,semicostatus,Asynaptic,Asynaptic,Heterogametic,XY,26
Animalia|Insecta|Coleoptera|Tenebrionidae|Pimelia|angulata,angulata,Animalia,Insecta,Coleoptera,Tenebrionidae,Pimelia,angulata,Asynaptic,Asynaptic,Heterogametic,XY,18
Animalia|Insecta|Coleoptera|Tenebrionidae|Pimelia|aracea,aracea,Animalia,Insecta,Coleoptera,Tenebrionidae,Pimelia,aracea,Asynaptic,Asynaptic,Heterogametic,XY,18
Animalia|Insecta|Coleoptera|Tenebrionidae|Pimelia|ascendens,ascendens,Animalia,Insecta,Coleoptera,Tenebrionidae,Pimelia,ascendens,Asynaptic,Asynaptic,Heterogametic,XY,18
Animalia|Insecta|Coleoptera|Tenebrionidae|Pimelia|atlantis,atlantis,Animalia,Insecta,Coleoptera,Tenebrionidae,Pimelia,atlantis,Asynaptic,Asynaptic,Heterogametic,XY,18
Animalia|Insecta|Coleoptera|Tenebrionidae|Pimelia|baetica,baetica,Animalia,Insecta,Coleoptera,Tenebrionidae,Pimelia,baetica,Asynaptic,Asynaptic,Heterogametic,XY,18
Animalia|Insecta|Coleoptera|Tenebrionidae|Pimelia|bipunctata,bipunctata,Animalia,Insecta,Coleoptera,Tenebrionidae,Pimelia,bipunctata,Asynaptic,Asynaptic,Heterogametic,XY,18
Animalia|Insecta|Coleoptera|Tenebrionidae|Pimelia|boyeri,boyeri,Animalia,Insecta,Coleoptera,Tenebrionidae,Pimelia,boyeri,Asynaptic,Asynaptic,Heterogametic,XY,18
Animalia|Insecta|Coleoptera|Tenebrionidae|Pimelia|capito,capito,Animalia,Insecta,Coleoptera,Tenebrionidae,Pimelia,capito,Asynaptic,Asynaptic,Heterogametic,XY,18
Animalia|Insecta|Coleoptera|Tenebrionidae|Pimelia|cariensis,cariensis,Animalia,Insecta,Coleoptera,Tenebrionidae,Pimelia,cariensis,Asynaptic,Asynaptic,Heterogametic,XY,18
Animalia|Insecta|Coleoptera|Tenebrionidae|Pimelia|cephalenica,cephalenica,Animalia,Insecta,Coleoptera,Tenebrionidae,Pimelia,cephalenica,Asynaptic,Asynaptic,Heterogametic,XY,18
Animalia|Insecta|Coleoptera|Tenebrionidae|Pimelia|costata,costata,Animalia,Insecta,Coleoptera,Tenebrionidae,Pimelia,costata,Asynaptic,Asynaptic,Heterogametic,XY,18
Animalia|Insecta|Coleoptera|Tenebrionidae|Pimelia|cribra,cribra,Animalia,Insecta,Coleoptera,Tenebrionidae,Pimelia,cribra,Asynaptic,Asynaptic,Heterogametic,XY,20
Animalia|Insecta|Coleoptera|Tenebrionidae|Pimelia|echid,echid,Animalia,Insecta,Coleoptera,Tenebrionidae,Pimelia,echid,Asynaptic,Asynaptic,Heterogametic,XY,18
Animalia|Insecta|Coleoptera|Tenebrionidae|Pimelia|elevata,elevata,Animalia,Insecta,Coleoptera,Tenebrionidae,Pimelia,elevata,Asynaptic,Asynaptic,Heterogametic,XY,20
Animalia|Insecta|Coleoptera|Tenebrionidae|Pimelia|estevezi,estevezi,Animalia,Insecta,Coleoptera,Tenebrionidae,Pimelia,estevezi,Asynaptic,Asynaptic,Heterogametic,XY,18
Animalia|Insecta|Coleoptera|Tenebrionidae|Pimelia|ferndez-lopezi,ferndez-lopezi,Animalia,Insecta,Coleoptera,Tenebrionidae,Pimelia,ferndez-lopezi,Asynaptic,Asynaptic,Heterogametic,XY,18
Animalia|Insecta|Coleoptera|Tenebrionidae|Pimelia|fornicata,fornicata,Animalia,Insecta,Coleoptera,Tenebrionidae,Pimelia,fornicata,Asynaptic,Asynaptic,Heterogametic,XY,18
Animalia|Insecta|Coleoptera|Tenebrionidae|Pimelia|grandis,grandis,Animalia,Insecta,Coleoptera,Tenebrionidae,Pimelia,grandis,Asynaptic,Asynaptic,Heterogametic,XY,18
Animalia|Insecta|Coleoptera|Tenebrionidae|Pimelia|granulicollis,granulicollis,Animalia,Insecta,Coleoptera,Tenebrionidae,Pimelia,granulicollis,Asynaptic,Asynaptic,Heterogametic,XY,18
Animalia|Insecta|Coleoptera|Tenebrionidae|Pimelia|grossa,grossa,Animalia,Insecta,Coleoptera,Tenebrionidae,Pimelia,grossa,Asynaptic,Asynaptic,Heterogametic,XY,18
Animalia|Insecta|Coleoptera|Tenebrionidae|Pimelia|inexpectata,inexpectata,Animalia,Insecta,Coleoptera,Tenebrionidae,Pimelia,inexpectata,Asynaptic,Asynaptic,Heterogametic,XY,18
Animalia|Insecta|Coleoptera|Tenebrionidae|Pimelia|integra,integra,Animalia,Insecta,Coleoptera,Tenebrionidae,Pimelia,integra,Asynaptic,Asynaptic,Heterogametic,XY,18
Animalia|Insecta|Coleoptera|Tenebrionidae|Pimelia|interjecta,interjecta,Animalia,Insecta,Coleoptera,Tenebrionidae,Pimelia,interjecta,Asynaptic,Asynaptic,Heterogametic,XY,20
Animalia|Insecta|Coleoptera|Tenebrionidae|Pimelia|interstitialis,interstitialis,Animalia,Insecta,Coleoptera,Tenebrionidae,Pimelia,interstitialis,Asynaptic,Asynaptic,Heterogametic,XY,18
Animalia|Insecta|Coleoptera|Tenebrionidae|Pimelia|laevigata,laevigata,Animalia,Insecta,Coleoptera,Tenebrionidae,Pimelia,laevigata,Asynaptic,Asynaptic,Heterogametic,XY,18
Animalia|Insecta|Coleoptera|Tenebrionidae|Pimelia|lutaria,lutaria,Animalia,Insecta,Coleoptera,Tenebrionidae,Pimelia,lutaria,Asynaptic,Asynaptic,Heterogametic,XY,18
Animalia|Insecta|Coleoptera|Tenebrionidae|Pimelia|maura,maura,Animalia,Insecta,Coleoptera,Tenebrionidae,Pimelia,maura,Asynaptic,Asynaptic,Heterogametic,XY,18
Animalia|Insecta|Coleoptera|Tenebrionidae|Pimelia|mauritanica,mauritanica,Animalia,Insecta,Coleoptera,Tenebrionidae,Pimelia,mauritanica,Asynaptic,Asynaptic,Heterogametic,XY,18
Animalia|Insecta|Coleoptera|Tenebrionidae|Pimelia|modesta,modesta,Animalia,Insecta,Coleoptera,Tenebrionidae,Pimelia,modesta,Asynaptic,Asynaptic,Heterogametic,XY,18
Animalia|Insecta|Coleoptera|Tenebrionidae|Pimelia|monticola,monticola,Animalia,Insecta,Coleoptera,Tenebrionidae,Pimelia,monticola,Asynaptic,Asynaptic,Heterogametic,XY,18
Animalia|Insecta|Coleoptera|Tenebrionidae|Pimelia|radula,radula,Animalia,Insecta,Coleoptera,Tenebrionidae,Pimelia,radula,Asynaptic,Asynaptic,Heterogametic,XY,18
Animalia|Insecta|Coleoptera|Tenebrionidae|Pimelia|rugosa,rugosa,Animalia,Insecta,Coleoptera,Tenebrionidae,Pimelia,rugosa,Asynaptic,Asynaptic,Heterogametic,XY,18
Animalia|Insecta|Coleoptera|Tenebrionidae|Pimelia|scabricollis,scabricollis,Animalia,Insecta,Coleoptera,Tenebrionidae,Pimelia,scabricollis,Asynaptic,Asynaptic,Heterogametic,XY,18
Animalia|Insecta|Coleoptera|Tenebrionidae|Pimelia|scabrosa,scabrosa,Animalia,Insecta,Coleoptera,Tenebrionidae,Pimelia,scabrosa,Asynaptic,Asynaptic,Heterogametic,XY,18
Animalia|Insecta|Coleoptera|Tenebrionidae|Pimelia|sericella,sericella,Animalia,Insecta,Coleoptera,Tenebrionidae,Pimelia,sericella,Asynaptic,Asynaptic,Heterogametic,XY,18
Animalia|Insecta|Coleoptera|Tenebrionidae|Pimelia|servilei,servilei,Animalia,Insecta,Coleoptera,Tenebrionidae,Pimelia,servilei,Asynaptic,Asynaptic,Heterogametic,XY,18
Animalia|Insecta|Coleoptera|Tenebrionidae|Pimelia|sparsa,sparsa,Animalia,Insecta,Coleoptera,Tenebrionidae,Pimelia,sparsa,Asynaptic,Asynaptic,Heterogametic,XY,18
Animalia|Insecta|Coleoptera|Tenebrionidae|Pimelia|subquadrata,subquadrata,Animalia,Insecta,Coleoptera,Tenebrionidae,Pimelia,subquadrata,Asynaptic,Asynaptic,Heterogametic,XY,18
Animalia|Insecta|Coleoptera|Tenebrionidae|Pimelia|variolosa,variolosa,Animalia,Insecta,Coleoptera,Tenebrionidae,Pimelia,variolosa,Asynaptic,Asynaptic,Heterogametic,XY,18
Animalia|Insecta|Coleoptera|Tenebrionidae|Platydema|impressifrons,impressifrons,Animalia,Insecta,Coleoptera,Tenebrionidae,Platydema,impressifrons,Asynaptic,Asynaptic,Heterogametic,XY,20
Animalia|Insecta|Coleoptera|Tenebrionidae|Platynotus|excavatus,excavatus,Animalia,Insecta,Coleoptera,Tenebrionidae,Platynotus,excavatus,Asynaptic,Asynaptic,Heterogametic,XY,20
Animalia|Insecta|Coleoptera|Tenebrionidae|Platynotus|punctatipennis,punctatipennis,Animalia,Insecta,Coleoptera,Tenebrionidae,Platynotus,punctatipennis,Asynaptic,Asynaptic,Heterogametic,XY,20
Animalia|Insecta|Coleoptera|Tenebrionidae|Praocis|compacta,compacta,Animalia,Insecta,Coleoptera,Tenebrionidae,Praocis,compacta,Asynaptic,Asynaptic,Heterogametic,XY,20
Animalia|Insecta|Coleoptera|Tenebrionidae|Probaticus|ebeninus,ebeninus,Animalia,Insecta,Coleoptera,Tenebrionidae,Probaticus,ebeninus,Asynaptic,Asynaptic,Heterogametic,XY,20
Animalia|Insecta|Coleoptera|Tenebrionidae|Pseudoblaps|meteeyi,meteeyi,Animalia,Insecta,Coleoptera,Tenebrionidae,Pseudoblaps,meteeyi,Asynaptic,Asynaptic,Heterogametic,XY,20
Animalia|Insecta|Coleoptera|Tenebrionidae|Pseudolamus|seriatoporus,seriatoporus,Animalia,Insecta,Coleoptera,Tenebrionidae,Pseudolamus,seriatoporus,Asynaptic,Asynaptic,Heterogametic,XY,20
Animalia|Insecta|Coleoptera|Tenebrionidae|Rhytinota|sp.,sp.,Animalia,Insecta,Coleoptera,Tenebrionidae,Rhytinota,sp.,Asynaptic,Asynaptic,Heterogametic,XY,20
Animalia|Insecta|Coleoptera|Tenebrionidae|Scleron|ganutipenne,ganutipenne,Animalia,Insecta,Coleoptera,Tenebrionidae,Scleron,ganutipenne,Asynaptic,Asynaptic,Heterogametic,XY,22
Animalia|Insecta|Coleoptera|Tenebrionidae|Scleron|reitteri,reitteri,Animalia,Insecta,Coleoptera,Tenebrionidae,Scleron,reitteri,Asynaptic,Asynaptic,Heterogametic,XY,22
Animalia|Insecta|Coleoptera|Tenebrionidae|Scleron|sp.,sp.,Animalia,Insecta,Coleoptera,Tenebrionidae,Scleron,sp.,Asynaptic,Asynaptic,Heterogametic,XY,22
Animalia|Insecta|Coleoptera|Tenebrionidae|Scotobius|miliaris,miliaris,Animalia,Insecta,Coleoptera,Tenebrionidae,Scotobius,miliaris,Asynaptic,Asynaptic,Heterogametic,XY,14
Animalia|Insecta|Coleoptera|Tenebrionidae|Scotobius|muricatus,muricatus,Animalia,Insecta,Coleoptera,Tenebrionidae,Scotobius,muricatus,Asynaptic,Asynaptic,Heterogametic,XY,18
Animalia|Insecta|Coleoptera|Tenebrionidae|Sitonaphagus|holoeptoides,holoeptoides,Animalia,Insecta,Coleoptera,Tenebrionidae,Sitonaphagus,holoeptoides,Asynaptic,Asynaptic,Heterogametic,XY,20
Animalia|Insecta|Coleoptera|Tenebrionidae|Sphaenariopsis|impolita,impolita,Animalia,Insecta,Coleoptera,Tenebrionidae,Sphaenariopsis,impolita,Asynaptic,Asynaptic,Heterogametic,XY,20
Animalia|Insecta|Coleoptera|Tenebrionidae|Sphaenariopsis|tristis,tristis,Animalia,Insecta,Coleoptera,Tenebrionidae,Sphaenariopsis,tristis,Asynaptic,Asynaptic,Heterogametic,XY,20
Animalia|Insecta|Coleoptera|Tenebrionidae|Spyrathus|sp.,sp.,Animalia,Insecta,Coleoptera,Tenebrionidae,Spyrathus,sp.,Asynaptic,Asynaptic,Heterogametic,XY,20
Animalia|Insecta|Coleoptera|Tenebrionidae|Stenosis|intricata,intricata,Animalia,Insecta,Coleoptera,Tenebrionidae,Stenosis,intricata,Asynaptic,Asynaptic,Heterogametic,XY,20
Animalia|Insecta|Coleoptera|Tenebrionidae|Tenebrio|molitor,molitor,Animalia,Insecta,Coleoptera,Tenebrionidae,Tenebrio,molitor,Asynaptic,Asynaptic,Heterogametic,XY,20
Animalia|Insecta|Coleoptera|Tenebrionidae|Tenebrio|obscurus,obscurus,Animalia,Insecta,Coleoptera,Tenebrionidae,Tenebrio,obscurus,Asynaptic,Asynaptic,Heterogametic,XY,20
Animalia|Insecta|Coleoptera|Tenebrionidae|Tenebrio|picipes,picipes,Animalia,Insecta,Coleoptera,Tenebrionidae,Tenebrio,picipes,Asynaptic,Asynaptic,Heterogametic,XY,20
Animalia|Insecta|Coleoptera|Tenebrionidae|Tentyria|grossa,grossa,Animalia,Insecta,Coleoptera,Tenebrionidae,Tentyria,grossa,Asynaptic,Asynaptic,Heterogametic,XY,20
Animalia|Insecta|Coleoptera|Tenebrionidae|Tentyria|laevis,laevis,Animalia,Insecta,Coleoptera,Tenebrionidae,Tentyria,laevis,Asynaptic,Asynaptic,Heterogametic,XY,20
Animalia|Insecta|Coleoptera|Tenebrionidae|Tentyria|latreillei,latreillei,Animalia,Insecta,Coleoptera,Tenebrionidae,Tentyria,latreillei,Asynaptic,Asynaptic,Heterogametic,XY,20
Animalia|Insecta|Coleoptera|Tenebrionidae|Tentyria|mucrota,mucrota,Animalia,Insecta,Coleoptera,Tenebrionidae,Tentyria,mucrota,Asynaptic,Asynaptic,Heterogametic,XY,20
Animalia|Insecta|Coleoptera|Tenebrionidae|Tentyria|ophiusae,ophiusae,Animalia,Insecta,Coleoptera,Tenebrionidae,Tentyria,ophiusae,Asynaptic,Asynaptic,Heterogametic,XY,20
Animalia|Insecta|Coleoptera|Tenebrionidae|Tentyria|rotunda,rotunda,Animalia,Insecta,Coleoptera,Tenebrionidae,Tentyria,rotunda,Asynaptic,Asynaptic,Heterogametic,XY,20
Animalia|Insecta|Coleoptera|Tenebrionidae|Tentyria|schaumi,schaumi,Animalia,Insecta,Coleoptera,Tenebrionidae,Tentyria,schaumi,Asynaptic,Asynaptic,Heterogametic,XY,20
Animalia|Insecta|Coleoptera|Tenebrionidae|Tentyria|subcosta,subcosta,Animalia,Insecta,Coleoptera,Tenebrionidae,Tentyria,subcosta,Asynaptic,Asynaptic,Heterogametic,XY,20
Animalia|Insecta|Coleoptera|Tenebrionidae|Trachycelis|aphodiodes,aphodiodes,Animalia,Insecta,Coleoptera,Tenebrionidae,Trachycelis,aphodiodes,Asynaptic,Asynaptic,Heterogametic,XY,22
Animalia|Insecta|Coleoptera|Tenebrionidae|Tribolium|audax,audax,Animalia,Insecta,Coleoptera,Tenebrionidae,Tribolium,audax,Asynaptic,Asynaptic,Heterogametic,XY,20
Animalia|Insecta|Coleoptera|Tenebrionidae|Tribolium|castaneum,castaneum,Animalia,Insecta,Coleoptera,Tenebrionidae,Tribolium,castaneum,Asynaptic,Asynaptic,Heterogametic,XY,20
Animalia|Insecta|Coleoptera|Tenebrionidae|Tribolium|freemani,freemani,Animalia,Insecta,Coleoptera,Tenebrionidae,Tribolium,freemani,Asynaptic,Asynaptic,Heterogametic,XY,20
Animalia|Insecta|Coleoptera|Tenebrionidae|Uloma|impressicollis,impressicollis,Animalia,Insecta,Coleoptera,Tenebrionidae,Uloma,impressicollis,Asynaptic,Asynaptic,Heterogametic,XY,20
Animalia|Insecta|Coleoptera|Tenebrionidae|Upis|ceramboides,ceramboides,Animalia,Insecta,Coleoptera,Tenebrionidae,Upis,ceramboides,Asynaptic,Asynaptic,Heterogametic,XY,20
Animalia|Insecta|Coleoptera|Tenebrionidae|Uyttenboogaartia|punctipennis,punctipennis,Animalia,Insecta,Coleoptera,Tenebrionidae,Uyttenboogaartia,punctipennis,Asynaptic,Asynaptic,Heterogametic,XY,20
Animalia|Insecta|Coleoptera|Tenebrionidae|Zophobas|aff.,aff.,Animalia,Insecta,Coleoptera,Tenebrionidae,Zophobas,aff.,Asynaptic,Asynaptic,Heterogametic,XY,20
Animalia|Insecta|Coleoptera|Tenebrionidae|Zophosis|bicarinata,bicarinata,Animalia,Insecta,Coleoptera,Tenebrionidae,Zophosis,bicarinata,Asynaptic,Asynaptic,Heterogametic,XY,20
Animalia|Insecta|Coleoptera|Torridincolidae|Ytu|zeus,zeus,Animalia,Insecta,Coleoptera,Torridincolidae,Ytu,zeus,Asynaptic,Asynaptic,Heterogametic,XY,20
Animalia|Insecta|Coleoptera|Trogidae|Trox|borrei,borrei,Animalia,Insecta,Coleoptera,Trogidae,Trox,borrei,Asynaptic,Asynaptic,Heterogametic,XY,20
Animalia|Insecta|Coleoptera|Trogidae|Trox|costatus,costatus,Animalia,Insecta,Coleoptera,Trogidae,Trox,costatus,Asynaptic,Asynaptic,Heterogametic,XY,20
Animalia|Insecta|Coleoptera|Trogidae|Trox|foveicollis,foveicollis,Animalia,Insecta,Coleoptera,Trogidae,Trox,foveicollis,Asynaptic,Asynaptic,Heterogametic,XY,20
Animalia|Insecta|Coleoptera|Trogidae|Trox|granulatus,granulatus,Animalia,Insecta,Coleoptera,Trogidae,Trox,granulatus,Asynaptic,Asynaptic,Heterogametic,XY,20
Animalia|Insecta|Coleoptera|Trogidae|Trox|mochus,mochus,Animalia,Insecta,Coleoptera,Trogidae,Trox,mochus,Asynaptic,Asynaptic,Heterogametic,XY,20
Animalia|Insecta|Coleoptera|Trogidae|Trox|omacanthus,omacanthus,Animalia,Insecta,Coleoptera,Trogidae,Trox,omacanthus,Asynaptic,Asynaptic,Heterogametic,XY,20
Animalia|Insecta|Coleoptera|Trogidae|Trox|oricensis,oricensis,Animalia,Insecta,Coleoptera,Trogidae,Trox,oricensis,Asynaptic,Asynaptic,Heterogametic,XY,20
Animalia|Insecta|Coleoptera|Trogidae|Trox|punctatus,punctatus,Animalia,Insecta,Coleoptera,Trogidae,Trox,punctatus,Asynaptic,Asynaptic,Heterogametic,XY,20
Animalia|Insecta|Coleoptera|Trogidae|Trox|scaber,scaber,Animalia,Insecta,Coleoptera,Trogidae,Trox,scaber,Asynaptic,Asynaptic,Heterogametic,XY,20
Animalia|Insecta|Coleoptera|Trogidae|Trox|scutellaris,scutellaris,Animalia,Insecta,Coleoptera,Trogidae,Trox,scutellaris,Asynaptic,Asynaptic,Heterogametic,XY,20
Animalia|Insecta|Coleoptera|Trogidae|Trox|spinulosus,spinulosus,Animalia,Insecta,Coleoptera,Trogidae,Trox,spinulosus,Asynaptic,Asynaptic,Heterogametic,XY,20
Animalia|Insecta|Coleoptera|Trogossitidae|Lophoceters|pusillus,pusillus,Animalia,Insecta,Coleoptera,Trogossitidae,Lophoceters,pusillus,Asynaptic,Asynaptic,Heterogametic,XY,18
Animalia|Insecta|Coleoptera|Trogossitidae|Tenebroides|mauritanicus,mauritanicus,Animalia,Insecta,Coleoptera,Trogossitidae,Tenebroides,mauritanicus,Asynaptic,Asynaptic,Heterogametic,XY,24
Animalia|Insecta|Diptera|Agromyzidae|Amauromyza|flavifrons,flavifrons,Animalia,Insecta,Diptera,Agromyzidae,Amauromyza,flavifrons,Achiasmatic,Achiasmatic,Heterogametic,XY,6
Animalia|Insecta|Diptera|Agromyzidae|Amauromyza|verbasci,verbasci,Animalia,Insecta,Diptera,Agromyzidae,Amauromyza,verbasci,Achiasmatic,Achiasmatic,Heterogametic,XY,6
Animalia|Insecta|Diptera|Agromyzidae|Cerodontha|angulata,angulata,Animalia,Insecta,Diptera,Agromyzidae,Cerodontha,angulata,Achiasmatic,Achiasmatic,Heterogametic,XY,6
Animalia|Insecta|Diptera|Agromyzidae|Cerodontha|eucaricis,eucaricis,Animalia,Insecta,Diptera,Agromyzidae,Cerodontha,eucaricis,Achiasmatic,Achiasmatic,Heterogametic,XY,12
Animalia|Insecta|Diptera|Agromyzidae|Cerodontha|ireos,ireos,Animalia,Insecta,Diptera,Agromyzidae,Cerodontha,ireos,Achiasmatic,Achiasmatic,Heterogametic,XY,12
Animalia|Insecta|Diptera|Agromyzidae|Cerodontha|pseuderrans,pseuderrans,Animalia,Insecta,Diptera,Agromyzidae,Cerodontha,pseuderrans,Achiasmatic,Achiasmatic,Heterogametic,XY,12
Animalia|Insecta|Diptera|Agromyzidae|Cerodontha|scirpi,scirpi,Animalia,Insecta,Diptera,Agromyzidae,Cerodontha,scirpi,Achiasmatic,Achiasmatic,Heterogametic,XY,12
Animalia|Insecta|Diptera|Agromyzidae|Cerodontha|spinata,spinata,Animalia,Insecta,Diptera,Agromyzidae,Cerodontha,spinata,Achiasmatic,Achiasmatic,Heterogametic,XY,12
Animalia|Insecta|Diptera|Agromyzidae|Cerodontha|vignae,vignae,Animalia,Insecta,Diptera,Agromyzidae,Cerodontha,vignae,Achiasmatic,Achiasmatic,Heterogametic,XY,12
Animalia|Insecta|Diptera|Agromyzidae|Melanagromyza|obtusa,obtusa,Animalia,Insecta,Diptera,Agromyzidae,Melanagromyza,obtusa,Achiasmatic,Achiasmatic,Heterogametic,XY,12
Animalia|Insecta|Diptera|Agromyzidae|Phytomyza|abdominalis,abdominalis,Animalia,Insecta,Diptera,Agromyzidae,Phytomyza,abdominalis,Achiasmatic,Achiasmatic,Heterogametic,NA,10
Animalia|Insecta|Diptera|Agromyzidae|Phytomyza|crassiseta,crassiseta,Animalia,Insecta,Diptera,Agromyzidae,Phytomyza,crassiseta,Achiasmatic,Achiasmatic,Heterogametic,XY,12
Animalia|Insecta|Diptera|Agromyzidae|Phytomyza|ilicis,ilicis,Animalia,Insecta,Diptera,Agromyzidae,Phytomyza,ilicis,Achiasmatic,Achiasmatic,Heterogametic,XY,12
Animalia|Insecta|Diptera|Agromyzidae|Phytomyza|primulae,primulae,Animalia,Insecta,Diptera,Agromyzidae,Phytomyza,primulae,Achiasmatic,Achiasmatic,Heterogametic,XY,12
Animalia|Insecta|Diptera|Anisopodidae|Mycetobia|pallipes,pallipes,Animalia,Insecta,Diptera,Anisopodidae,Mycetobia,pallipes,Achiasmatic,Achiasmatic,Heterogametic,XY,6
Animalia|Insecta|Diptera|Anisopodidae|Phryne|fenestralis,fenestralis,Animalia,Insecta,Diptera,Anisopodidae,Phryne,fenestralis,Achiasmatic,Achiasmatic,Heterogametic,XY,8
Animalia|Insecta|Diptera|Anthomyiidae|Achaetella|varipes,varipes,Animalia,Insecta,Diptera,Anthomyiidae,Achaetella,varipes,Achiasmatic,Achiasmatic,Heterogametic,XY,12
Animalia|Insecta|Diptera|Anthomyiidae|Cordilura|ciliata,ciliata,Animalia,Insecta,Diptera,Anthomyiidae,Cordilura,ciliata,Achiasmatic,Achiasmatic,Heterogametic,XY,12
Animalia|Insecta|Diptera|Anthomyiidae|Cordilura|ontario,ontario,Animalia,Insecta,Diptera,Anthomyiidae,Cordilura,ontario,Achiasmatic,Achiasmatic,Heterogametic,XY,12
Animalia|Insecta|Diptera|Anthomyiidae|Fucellia|marina,marina,Animalia,Insecta,Diptera,Anthomyiidae,Fucellia,marina,Achiasmatic,Achiasmatic,Heterogametic,XY,12
Animalia|Insecta|Diptera|Anthomyiidae|Homalomya|sp,sp,Animalia,Insecta,Diptera,Anthomyiidae,Homalomya,sp,Achiasmatic,Achiasmatic,Heterogametic,XY,12
Animalia|Insecta|Diptera|Anthomyiidae|Hydrophoria|conica,conica,Animalia,Insecta,Diptera,Anthomyiidae,Hydrophoria,conica,Achiasmatic,Achiasmatic,Heterogametic,XY,12
Animalia|Insecta|Diptera|Anthomyiidae|Hylemya|antiqua,antiqua,Animalia,Insecta,Diptera,Anthomyiidae,Hylemya,antiqua,Achiasmatic,Achiasmatic,Heterogametic,XY,12
Animalia|Insecta|Diptera|Anthomyiidae|Hylemya|brassicae,brassicae,Animalia,Insecta,Diptera,Anthomyiidae,Hylemya,brassicae,Achiasmatic,Achiasmatic,Heterogametic,XY,12
Animalia|Insecta|Diptera|Anthomyiidae|Hylemya|cana,cana,Animalia,Insecta,Diptera,Anthomyiidae,Hylemya,cana,Achiasmatic,Achiasmatic,Heterogametic,XY,12
Animalia|Insecta|Diptera|Anthomyiidae|Hylemya|cilicrura,cilicrura,Animalia,Insecta,Diptera,Anthomyiidae,Hylemya,cilicrura,Achiasmatic,Achiasmatic,Heterogametic,XY,12
Animalia|Insecta|Diptera|Anthomyiidae|Hylemya|crucifera,crucifera,Animalia,Insecta,Diptera,Anthomyiidae,Hylemya,crucifera,Achiasmatic,Achiasmatic,Heterogametic,XY,12
Animalia|Insecta|Diptera|Anthomyiidae|Hylemya|echinata,echinata,Animalia,Insecta,Diptera,Anthomyiidae,Hylemya,echinata,Achiasmatic,Achiasmatic,Heterogametic,XY,12
Animalia|Insecta|Diptera|Anthomyiidae|Hylemya|floralis,floralis,Animalia,Insecta,Diptera,Anthomyiidae,Hylemya,floralis,Achiasmatic,Achiasmatic,Heterogametic,XY,12
Animalia|Insecta|Diptera|Anthomyiidae|Hylemya|florilegea,florilegea,Animalia,Insecta,Diptera,Anthomyiidae,Hylemya,florilegea,Achiasmatic,Achiasmatic,Heterogametic,XY,12
Animalia|Insecta|Diptera|Anthomyiidae|Hylemya|fugax,fugax,Animalia,Insecta,Diptera,Anthomyiidae,Hylemya,fugax,Achiasmatic,Achiasmatic,Heterogametic,NA,14
Animalia|Insecta|Diptera|Anthomyiidae|Hylemya|planipalpus,planipalpus,Animalia,Insecta,Diptera,Anthomyiidae,Hylemya,planipalpus,Achiasmatic,Achiasmatic,Heterogametic,XY,12
Animalia|Insecta|Diptera|Anthomyiidae|Hylemya|trichodactula,trichodactula,Animalia,Insecta,Diptera,Anthomyiidae,Hylemya,trichodactula,Achiasmatic,Achiasmatic,Heterogametic,XY,12
Animalia|Insecta|Diptera|Anthomyiidae|Ophyra|leucostoma,leucostoma,Animalia,Insecta,Diptera,Anthomyiidae,Ophyra,leucostoma,Achiasmatic,Achiasmatic,Heterogametic,XY,12
Animalia|Insecta|Diptera|Anthomyiidae|Orthochaeta|hirtipes,hirtipes,Animalia,Insecta,Diptera,Anthomyiidae,Orthochaeta,hirtipes,Achiasmatic,Achiasmatic,Heterogametic,XY,12
Animalia|Insecta|Diptera|Anthomyiidae|Pegomya|betae,betae,Animalia,Insecta,Diptera,Anthomyiidae,Pegomya,betae,Achiasmatic,Achiasmatic,Heterogametic,XY,12
Animalia|Insecta|Diptera|Anthomyiidae|Pegomya|bicolor,bicolor,Animalia,Insecta,Diptera,Anthomyiidae,Pegomya,bicolor,Achiasmatic,Achiasmatic,Heterogametic,XY,12
Animalia|Insecta|Diptera|Anthomyiidae|Pegomyia|geniculata,geniculata,Animalia,Insecta,Diptera,Anthomyiidae,Pegomyia,geniculata,Achiasmatic,Achiasmatic,Heterogametic,XY,12
Animalia|Insecta|Diptera|Anthomyiidae|Phorbia|brassica,brassica,Animalia,Insecta,Diptera,Anthomyiidae,Phorbia,brassica,Achiasmatic,Achiasmatic,Heterogametic,XY,12
Animalia|Insecta|Diptera|Anthomyiidae|Scatophaga|pallida,pallida,Animalia,Insecta,Diptera,Anthomyiidae,Scatophaga,pallida,Achiasmatic,Achiasmatic,Heterogametic,XY,12
Animalia|Insecta|Diptera|Anthomyiidae|Scatophaga|stercoraria,stercoraria,Animalia,Insecta,Diptera,Anthomyiidae,Scatophaga,stercoraria,Achiasmatic,Achiasmatic,Heterogametic,XY,12
Animalia|Insecta|Diptera|Asilidae|Asilus|lecythus,lecythus,Animalia,Insecta,Diptera,Asilidae,Asilus,lecythus,Achiasmatic,Achiasmatic,Heterogametic,XY,14
Animalia|Insecta|Diptera|Asilidae|Asilus|notatus,notatus,Animalia,Insecta,Diptera,Asilidae,Asilus,notatus,Achiasmatic,Achiasmatic,Heterogametic,XY,14
Animalia|Insecta|Diptera|Asilidae|Asilus|sericeus,sericeus,Animalia,Insecta,Diptera,Asilidae,Asilus,sericeus,Achiasmatic,Achiasmatic,Heterogametic,XY,10
Animalia|Insecta|Diptera|Asilidae|Dasyllis|grossa,grossa,Animalia,Insecta,Diptera,Asilidae,Dasyllis,grossa,Achiasmatic,Achiasmatic,Heterogametic,XO,10
Animalia|Insecta|Diptera|Asilidae|Dasyllis|thoracica,thoracica,Animalia,Insecta,Diptera,Asilidae,Dasyllis,thoracica,Achiasmatic,Achiasmatic,Heterogametic,XY,10
Animalia|Insecta|Diptera|Asilidae|Deromyia|winthemi,winthemi,Animalia,Insecta,Diptera,Asilidae,Deromyia,winthemi,Achiasmatic,Achiasmatic,Heterogametic,XY,12
Animalia|Insecta|Diptera|Asilidae|Erax|rufibarbis,rufibarbis,Animalia,Insecta,Diptera,Asilidae,Erax,rufibarbis,Achiasmatic,Achiasmatic,Heterogametic,XY,10
Animalia|Insecta|Diptera|Asilidae|Leptogaster|badius,badius,Animalia,Insecta,Diptera,Asilidae,Leptogaster,badius,Achiasmatic,Achiasmatic,Heterogametic,XY,10
Animalia|Insecta|Diptera|Bibionidae|Bibio|hortulanus,hortulanus,Animalia,Insecta,Diptera,Bibionidae,Bibio,hortulanus,Achiasmatic,Achiasmatic,Heterogametic,NA,10
Animalia|Insecta|Diptera|Bibionidae|Penthetria|holosericea,holosericea,Animalia,Insecta,Diptera,Bibionidae,Penthetria,holosericea,Achiasmatic,Achiasmatic,Heterogametic,XY,10
Animalia|Insecta|Diptera|Bombyliidae|Acrophthalmyda|paulseni,paulseni,Animalia,Insecta,Diptera,Bombyliidae,Acrophthalmyda,paulseni,Achiasmatic,Achiasmatic,Heterogametic,NA,12
Animalia|Insecta|Diptera|Bombyliidae|Anthrax|anthrax,anthrax,Animalia,Insecta,Diptera,Bombyliidae,Anthrax,anthrax,Achiasmatic,Achiasmatic,Heterogametic,NA,16
Animalia|Insecta|Diptera|Bombyliidae|Anthrax|cordillerensis,cordillerensis,Animalia,Insecta,Diptera,Bombyliidae,Anthrax,cordillerensis,Achiasmatic,Achiasmatic,Heterogametic,XY,12
Animalia|Insecta|Diptera|Bombyliidae|Anthrax|lateralis,lateralis,Animalia,Insecta,Diptera,Bombyliidae,Anthrax,lateralis,Achiasmatic,Achiasmatic,Heterogametic,NA,12
Animalia|Insecta|Diptera|Bombyliidae|Anthrax|mystaceus,mystaceus,Animalia,Insecta,Diptera,Bombyliidae,Anthrax,mystaceus,Achiasmatic,Achiasmatic,Heterogametic,NA,14
Animalia|Insecta|Diptera|Bombyliidae|Anthrax|oedipus,oedipus,Animalia,Insecta,Diptera,Bombyliidae,Anthrax,oedipus,Achiasmatic,Achiasmatic,Heterogametic,XY,18
Animalia|Insecta|Diptera|Bombyliidae|Anthrax|sinuosa,sinuosa,Animalia,Insecta,Diptera,Bombyliidae,Anthrax,sinuosa,Achiasmatic,Achiasmatic,Heterogametic,XY,18
Animalia|Insecta|Diptera|Bombyliidae|Anthrax|tigrinus,tigrinus,Animalia,Insecta,Diptera,Bombyliidae,Anthrax,tigrinus,Achiasmatic,Achiasmatic,Heterogametic,NA,12
Animalia|Insecta|Diptera|Bombyliidae|Anthrax|yamashiroensis,yamashiroensis,Animalia,Insecta,Diptera,Bombyliidae,Anthrax,yamashiroensis,Achiasmatic,Achiasmatic,Heterogametic,XY,10
Animalia|Insecta|Diptera|Bombyliidae|Bombylius|fulvescens,fulvescens,Animalia,Insecta,Diptera,Bombyliidae,Bombylius,fulvescens,Achiasmatic,Achiasmatic,Heterogametic,NA,12
Animalia|Insecta|Diptera|Bombyliidae|Bombylius|pygmaeus,pygmaeus,Animalia,Insecta,Diptera,Bombyliidae,Bombylius,pygmaeus,Achiasmatic,Achiasmatic,Heterogametic,XY,12
Animalia|Insecta|Diptera|Bombyliidae|Exoprosopa|atrinasis,atrinasis,Animalia,Insecta,Diptera,Bombyliidae,Exoprosopa,atrinasis,Achiasmatic,Achiasmatic,Heterogametic,XY,18
Animalia|Insecta|Diptera|Bombyliidae|Exoprosopa|sp.,sp.,Animalia,Insecta,Diptera,Bombyliidae,Exoprosopa,sp.,Achiasmatic,Achiasmatic,Heterogametic,XY,14
Animalia|Insecta|Diptera|Bombyliidae|Exoprosopa|sp.Punctulatagroup,sp.Punctulatagroup,Animalia,Insecta,Diptera,Bombyliidae,Exoprosopa,sp.Punctulatagroup,Achiasmatic,Achiasmatic,Heterogametic,NA,14
Animalia|Insecta|Diptera|Bombyliidae|Ligyra|cerberus,cerberus,Animalia,Insecta,Diptera,Bombyliidae,Ligyra,cerberus,Achiasmatic,Achiasmatic,Heterogametic,XY,18
Animalia|Insecta|Diptera|Bombyliidae|Ligyra|proserpina,proserpina,Animalia,Insecta,Diptera,Bombyliidae,Ligyra,proserpina,Achiasmatic,Achiasmatic,Heterogametic,XY,18
Animalia|Insecta|Diptera|Bombyliidae|Neodiplocampta|roederi,roederi,Animalia,Insecta,Diptera,Bombyliidae,Neodiplocampta,roederi,Achiasmatic,Achiasmatic,Heterogametic,XY,18
Animalia|Insecta|Diptera|Bombyliidae|Spogostylum|simson,simson,Animalia,Insecta,Diptera,Bombyliidae,Spogostylum,simson,Achiasmatic,Achiasmatic,Heterogametic,NA,12
Animalia|Insecta|Diptera|Bombyliidae|Systoechus|vulgaris,vulgaris,Animalia,Insecta,Diptera,Bombyliidae,Systoechus,vulgaris,Achiasmatic,Achiasmatic,Heterogametic,XY,14
Animalia|Insecta|Diptera|Bombyliidae|Thyridanthrax|abrupta,abrupta,Animalia,Insecta,Diptera,Bombyliidae,Thyridanthrax,abrupta,Achiasmatic,Achiasmatic,Heterogametic,NA,16
Animalia|Insecta|Diptera|Bombyliidae|Thyridanthrax|niveifrons,niveifrons,Animalia,Insecta,Diptera,Bombyliidae,Thyridanthrax,niveifrons,Achiasmatic,Achiasmatic,Heterogametic,XY,18
Animalia|Insecta|Diptera|Bombyliidae|Thyridanthrax|sp,sp,Animalia,Insecta,Diptera,Bombyliidae,Thyridanthrax,sp,Achiasmatic,Achiasmatic,Heterogametic,XY,18
Animalia|Insecta|Diptera|Bombyliidae|Toxophora|javana,javana,Animalia,Insecta,Diptera,Bombyliidae,Toxophora,javana,Achiasmatic,Achiasmatic,Heterogametic,XY,8
Animalia|Insecta|Diptera|Bombyliidae|Usia|florea,florea,Animalia,Insecta,Diptera,Bombyliidae,Usia,florea,Achiasmatic,Achiasmatic,Heterogametic,XY,10
Animalia|Insecta|Diptera|Bombyliidae|Villa|cingulum,cingulum,Animalia,Insecta,Diptera,Bombyliidae,Villa,cingulum,Achiasmatic,Achiasmatic,Heterogametic,NA,16
Animalia|Insecta|Diptera|Bombyliidae|Villa|gayi,gayi,Animalia,Insecta,Diptera,Bombyliidae,Villa,gayi,Achiasmatic,Achiasmatic,Heterogametic,XY,18
Animalia|Insecta|Diptera|Bombyliidae|Villa|gorgon,gorgon,Animalia,Insecta,Diptera,Bombyliidae,Villa,gorgon,Achiasmatic,Achiasmatic,Heterogametic,XY,14
Animalia|Insecta|Diptera|Bombyliidae|Villa|lateralis,lateralis,Animalia,Insecta,Diptera,Bombyliidae,Villa,lateralis,Achiasmatic,Achiasmatic,Heterogametic,XY,12
Animalia|Insecta|Diptera|Bombyliidae|Villa|morio,morio,Animalia,Insecta,Diptera,Bombyliidae,Villa,morio,Achiasmatic,Achiasmatic,Heterogametic,XY,18
Animalia|Insecta|Diptera|Bombyliidae|Villa|scylla,scylla,Animalia,Insecta,Diptera,Bombyliidae,Villa,scylla,Achiasmatic,Achiasmatic,Heterogametic,XY,10
Animalia|Insecta|Diptera|Bombyliidae|Villa|sinuosa,sinuosa,Animalia,Insecta,Diptera,Bombyliidae,Villa,sinuosa,Achiasmatic,Achiasmatic,Heterogametic,XY,18
Animalia|Insecta|Diptera|Bombyliidae|Villa|sp,sp,Animalia,Insecta,Diptera,Bombyliidae,Villa,sp,Achiasmatic,Achiasmatic,Heterogametic,XY,18
Animalia|Insecta|Diptera|Bombyliidae|Villa|sp.1,sp.1,Animalia,Insecta,Diptera,Bombyliidae,Villa,sp.1,Achiasmatic,Achiasmatic,Heterogametic,XY,14
Animalia|Insecta|Diptera|Bombyliidae|Villa|sp.2,sp.2,Animalia,Insecta,Diptera,Bombyliidae,Villa,sp.2,Achiasmatic,Achiasmatic,Heterogametic,NA,14
Animalia|Insecta|Diptera|Bombyliidae|Villa|sp.3,sp.3,Animalia,Insecta,Diptera,Bombyliidae,Villa,sp.3,Achiasmatic,Achiasmatic,Heterogametic,NA,18
Animalia|Insecta|Diptera|Bombyliidae|Villa|sp.Lateralisgroup,sp.Lateralisgroup,Animalia,Insecta,Diptera,Bombyliidae,Villa,sp.Lateralisgroup,Achiasmatic,Achiasmatic,Heterogametic,XY,14
Animalia|Insecta|Diptera|Bombyliidae|Villa|sp.nr.Blanchardiana,sp.nr.Blanchardiana,Animalia,Insecta,Diptera,Bombyliidae,Villa,sp.nr.Blanchardiana,Achiasmatic,Achiasmatic,Heterogametic,XY,12
Animalia|Insecta|Diptera|Bombyliidae|Villa|sp.nr.gorgon,sp.nr.gorgon,Animalia,Insecta,Diptera,Bombyliidae,Villa,sp.nr.gorgon,Achiasmatic,Achiasmatic,Heterogametic,XY,18
Animalia|Insecta|Diptera|Bombyliidae|Villa|spB,spB,Animalia,Insecta,Diptera,Bombyliidae,Villa,spB,Achiasmatic,Achiasmatic,Heterogametic,XY,12
Animalia|Insecta|Diptera|Bombyliidae|Villa|spC,spC,Animalia,Insecta,Diptera,Bombyliidae,Villa,spC,Achiasmatic,Achiasmatic,Heterogametic,XY,14
Animalia|Insecta|Diptera|Bombyliidae|Villa|velutina,velutina,Animalia,Insecta,Diptera,Bombyliidae,Villa,velutina,Achiasmatic,Achiasmatic,Heterogametic,XY,18
Animalia|Insecta|Diptera|Bombyliidae|Villa|velutinaI,velutinaI,Animalia,Insecta,Diptera,Bombyliidae,Villa,velutinaI,Achiasmatic,Achiasmatic,Heterogametic,XY,18
Animalia|Insecta|Diptera|Bombyliidae|Villa|velutinaII,velutinaII,Animalia,Insecta,Diptera,Bombyliidae,Villa,velutinaII,Achiasmatic,Achiasmatic,Heterogametic,XY,18
Animalia|Insecta|Diptera|Calliphoridae|Albuquerquea|latifrons,latifrons,Animalia,Insecta,Diptera,Calliphoridae,Albuquerquea,latifrons,Achiasmatic,Achiasmatic,Heterogametic,XY,12
Animalia|Insecta|Diptera|Calliphoridae|Amenia|chrysame,chrysame,Animalia,Insecta,Diptera,Calliphoridae,Amenia,chrysame,Achiasmatic,Achiasmatic,Heterogametic,XY,12
Animalia|Insecta|Diptera|Calliphoridae|Anthracomyza|atratula,atratula,Animalia,Insecta,Diptera,Calliphoridae,Anthracomyza,atratula,Achiasmatic,Achiasmatic,Heterogametic,XY,12
Animalia|Insecta|Diptera|Calliphoridae|Bengalia|inermis,inermis,Animalia,Insecta,Diptera,Calliphoridae,Bengalia,inermis,Achiasmatic,Achiasmatic,Heterogametic,XY,12
Animalia|Insecta|Diptera|Calliphoridae|Bengalia|lyneborgi,lyneborgi,Animalia,Insecta,Diptera,Calliphoridae,Bengalia,lyneborgi,Achiasmatic,Achiasmatic,Heterogametic,XY,12
Animalia|Insecta|Diptera|Calliphoridae|Blepharicnema|splendens,splendens,Animalia,Insecta,Diptera,Calliphoridae,Blepharicnema,splendens,Achiasmatic,Achiasmatic,Heterogametic,XY,12
Animalia|Insecta|Diptera|Calliphoridae|Boreellus|atriceps,atriceps,Animalia,Insecta,Diptera,Calliphoridae,Boreellus,atriceps,Achiasmatic,Achiasmatic,Heterogametic,XY,12
Animalia|Insecta|Diptera|Calliphoridae|Bufolucilia|silvarum,silvarum,Animalia,Insecta,Diptera,Calliphoridae,Bufolucilia,silvarum,Achiasmatic,Achiasmatic,Heterogametic,XY,12
Animalia|Insecta|Diptera|Calliphoridae|Calliphora|accepta,accepta,Animalia,Insecta,Diptera,Calliphoridae,Calliphora,accepta,Achiasmatic,Achiasmatic,Heterogametic,XY,12
Animalia|Insecta|Diptera|Calliphoridae|Calliphora|bomitoria,bomitoria,Animalia,Insecta,Diptera,Calliphoridae,Calliphora,bomitoria,Achiasmatic,Achiasmatic,Heterogametic,XY,12
Animalia|Insecta|Diptera|Calliphoridae|Calliphora|croceipalpisI,croceipalpisI,Animalia,Insecta,Diptera,Calliphoridae,Calliphora,croceipalpisI,Achiasmatic,Achiasmatic,Heterogametic,XY,12
Animalia|Insecta|Diptera|Calliphoridae|Calliphora|croceipalpisII,croceipalpisII,Animalia,Insecta,Diptera,Calliphoridae,Calliphora,croceipalpisII,Achiasmatic,Achiasmatic,Heterogametic,XY,12
Animalia|Insecta|Diptera|Calliphoridae|Calliphora|erythrocephala,erythrocephala,Animalia,Insecta,Diptera,Calliphoridae,Calliphora,erythrocephala,Achiasmatic,Achiasmatic,Heterogametic,XY,12
Animalia|Insecta|Diptera|Calliphoridae|Calliphora|fallax,fallax,Animalia,Insecta,Diptera,Calliphoridae,Calliphora,fallax,Achiasmatic,Achiasmatic,Heterogametic,XY,12
Animalia|Insecta|Diptera|Calliphoridae|Calliphora|fulviceps,fulviceps,Animalia,Insecta,Diptera,Calliphoridae,Calliphora,fulviceps,Achiasmatic,Achiasmatic,Heterogametic,XY,12
Animalia|Insecta|Diptera|Calliphoridae|Calliphora|fulvicoxa,fulvicoxa,Animalia,Insecta,Diptera,Calliphoridae,Calliphora,fulvicoxa,Achiasmatic,Achiasmatic,Heterogametic,XY,12
Animalia|Insecta|Diptera|Calliphoridae|Calliphora|hilli,hilli,Animalia,Insecta,Diptera,Calliphoridae,Calliphora,hilli,Achiasmatic,Achiasmatic,Heterogametic,XY,12
Animalia|Insecta|Diptera|Calliphoridae|Calliphora|lilaea,lilaea,Animalia,Insecta,Diptera,Calliphoridae,Calliphora,lilaea,Achiasmatic,Achiasmatic,Heterogametic,XY,12
Animalia|Insecta|Diptera|Calliphoridae|Calliphora|peruviana,peruviana,Animalia,Insecta,Diptera,Calliphoridae,Calliphora,peruviana,Achiasmatic,Achiasmatic,Heterogametic,XY,12
Animalia|Insecta|Diptera|Calliphoridae|Calliphora|plebeia,plebeia,Animalia,Insecta,Diptera,Calliphoridae,Calliphora,plebeia,Achiasmatic,Achiasmatic,Heterogametic,XY,12
Animalia|Insecta|Diptera|Calliphoridae|Calliphora|sternalis,sternalis,Animalia,Insecta,Diptera,Calliphoridae,Calliphora,sternalis,Achiasmatic,Achiasmatic,Heterogametic,XY,12
Animalia|Insecta|Diptera|Calliphoridae|Calliphora|stygia,stygia,Animalia,Insecta,Diptera,Calliphoridae,Calliphora,stygia,Achiasmatic,Achiasmatic,Heterogametic,XY,12
Animalia|Insecta|Diptera|Calliphoridae|Calliphora|tibialis,tibialis,Animalia,Insecta,Diptera,Calliphoridae,Calliphora,tibialis,Achiasmatic,Achiasmatic,Heterogametic,XY,12
Animalia|Insecta|Diptera|Calliphoridae|Calliphora|varifrons,varifrons,Animalia,Insecta,Diptera,Calliphoridae,Calliphora,varifrons,Achiasmatic,Achiasmatic,Heterogametic,XY,12
Animalia|Insecta|Diptera|Calliphoridae|Calliphora|vicina,vicina,Animalia,Insecta,Diptera,Calliphoridae,Calliphora,vicina,Achiasmatic,Achiasmatic,Heterogametic,XY,12
Animalia|Insecta|Diptera|Calliphoridae|Calliphora|vicinaI,vicinaI,Animalia,Insecta,Diptera,Calliphoridae,Calliphora,vicinaI,Achiasmatic,Achiasmatic,Heterogametic,XY,12
Animalia|Insecta|Diptera|Calliphoridae|Calliphora|vicinaII,vicinaII,Animalia,Insecta,Diptera,Calliphoridae,Calliphora,vicinaII,Achiasmatic,Achiasmatic,Heterogametic,XY,12
Animalia|Insecta|Diptera|Calliphoridae|Calliphora|viridenscens,viridenscens,Animalia,Insecta,Diptera,Calliphoridae,Calliphora,viridenscens,Achiasmatic,Achiasmatic,Heterogametic,XY,12
Animalia|Insecta|Diptera|Calliphoridae|Calliphora|viridescens,viridescens,Animalia,Insecta,Diptera,Calliphoridae,Calliphora,viridescens,Achiasmatic,Achiasmatic,Heterogametic,XY,12
Animalia|Insecta|Diptera|Calliphoridae|Calliphora|vomitoria,vomitoria,Animalia,Insecta,Diptera,Calliphoridae,Calliphora,vomitoria,Achiasmatic,Achiasmatic,Heterogametic,XY,12
Animalia|Insecta|Diptera|Calliphoridae|Calliphora|vomitoriaI,vomitoriaI,Animalia,Insecta,Diptera,Calliphoridae,Calliphora,vomitoriaI,Achiasmatic,Achiasmatic,Heterogametic,XY,12
Animalia|Insecta|Diptera|Calliphoridae|Calliphora|vomitoriaII,vomitoriaII,Animalia,Insecta,Diptera,Calliphoridae,Calliphora,vomitoriaII,Achiasmatic,Achiasmatic,Heterogametic,XY,12
Animalia|Insecta|Diptera|Calliphoridae|Calliphora|vomitoriaIII,vomitoriaIII,Animalia,Insecta,Diptera,Calliphoridae,Calliphora,vomitoriaIII,Achiasmatic,Achiasmatic,Heterogametic,XY,12
Animalia|Insecta|Diptera|Calliphoridae|Callitroga|hominivorax,hominivorax,Animalia,Insecta,Diptera,Calliphoridae,Callitroga,hominivorax,Achiasmatic,Achiasmatic,Heterogametic,XY,12
Animalia|Insecta|Diptera|Calliphoridae|Callitroga|macellaria,macellaria,Animalia,Insecta,Diptera,Calliphoridae,Callitroga,macellaria,Achiasmatic,Achiasmatic,Heterogametic,XY,12
Animalia|Insecta|Diptera|Calliphoridae|Chrysomia|albiceps,albiceps,Animalia,Insecta,Diptera,Calliphoridae,Chrysomia,albiceps,Achiasmatic,Achiasmatic,Heterogametic,XY,12
Animalia|Insecta|Diptera|Calliphoridae|Chrysomia|cholorpyga,cholorpyga,Animalia,Insecta,Diptera,Calliphoridae,Chrysomia,cholorpyga,Achiasmatic,Achiasmatic,Heterogametic,XY,12
Animalia|Insecta|Diptera|Calliphoridae|Chrysomia|putoria,putoria,Animalia,Insecta,Diptera,Calliphoridae,Chrysomia,putoria,Achiasmatic,Achiasmatic,Heterogametic,XY,12
Animalia|Insecta|Diptera|Calliphoridae|Chrysomya|albiceps,albiceps,Animalia,Insecta,Diptera,Calliphoridae,Chrysomya,albiceps,Achiasmatic,Achiasmatic,Heterogametic,NA,12
Animalia|Insecta|Diptera|Calliphoridae|Chrysomya|bezziana,bezziana,Animalia,Insecta,Diptera,Calliphoridae,Chrysomya,bezziana,Achiasmatic,Achiasmatic,Heterogametic,XY,12
Animalia|Insecta|Diptera|Calliphoridae|Chrysomya|marginalis,marginalis,Animalia,Insecta,Diptera,Calliphoridae,Chrysomya,marginalis,Achiasmatic,Achiasmatic,Heterogametic,XY,12
Animalia|Insecta|Diptera|Calliphoridae|Chrysomya|megacephala,megacephala,Animalia,Insecta,Diptera,Calliphoridae,Chrysomya,megacephala,Achiasmatic,Achiasmatic,Heterogametic,XY,12
Animalia|Insecta|Diptera|Calliphoridae|Chrysomya|phaonis,phaonis,Animalia,Insecta,Diptera,Calliphoridae,Chrysomya,phaonis,Achiasmatic,Achiasmatic,Heterogametic,XY,12
Animalia|Insecta|Diptera|Calliphoridae|Chrysomya|pinguis,pinguis,Animalia,Insecta,Diptera,Calliphoridae,Chrysomya,pinguis,Achiasmatic,Achiasmatic,Heterogametic,XY,12
Animalia|Insecta|Diptera|Calliphoridae|Chrysomya|putoria,putoria,Animalia,Insecta,Diptera,Calliphoridae,Chrysomya,putoria,Achiasmatic,Achiasmatic,Heterogametic,XY,12
Animalia|Insecta|Diptera|Calliphoridae|Chrysomya|rufifacies,rufifacies,Animalia,Insecta,Diptera,Calliphoridae,Chrysomya,rufifacies,Achiasmatic,Achiasmatic,Heterogametic,NA,12
Animalia|Insecta|Diptera|Calliphoridae|Chrysomya|saffranea,saffranea,Animalia,Insecta,Diptera,Calliphoridae,Chrysomya,saffranea,Achiasmatic,Achiasmatic,Heterogametic,XY,12
Animalia|Insecta|Diptera|Calliphoridae|Chrysomya|varipes,varipes,Animalia,Insecta,Diptera,Calliphoridae,Chrysomya,varipes,Achiasmatic,Achiasmatic,Heterogametic,XY,12
Animalia|Insecta|Diptera|Calliphoridae|Chrysomyia|albiceps,albiceps,Animalia,Insecta,Diptera,Calliphoridae,Chrysomyia,albiceps,Achiasmatic,Achiasmatic,Heterogametic,XY,12
Animalia|Insecta|Diptera|Calliphoridae|Chrysomyia|chloropygaI,chloropygaI,Animalia,Insecta,Diptera,Calliphoridae,Chrysomyia,chloropygaI,Achiasmatic,Achiasmatic,Heterogametic,XY,12
Animalia|Insecta|Diptera|Calliphoridae|Chrysomyia|chloropygaII,chloropygaII,Animalia,Insecta,Diptera,Calliphoridae,Chrysomyia,chloropygaII,Achiasmatic,Achiasmatic,Heterogametic,XY,12
Animalia|Insecta|Diptera|Calliphoridae|Chrysomyia|megacephala,megacephala,Animalia,Insecta,Diptera,Calliphoridae,Chrysomyia,megacephala,Achiasmatic,Achiasmatic,Heterogametic,XY,12
Animalia|Insecta|Diptera|Calliphoridae|Chrysomyia|pachymera,pachymera,Animalia,Insecta,Diptera,Calliphoridae,Chrysomyia,pachymera,Achiasmatic,Achiasmatic,Heterogametic,XY,12
Animalia|Insecta|Diptera|Calliphoridae|Chrysomyia|putoriaI,putoriaI,Animalia,Insecta,Diptera,Calliphoridae,Chrysomyia,putoriaI,Achiasmatic,Achiasmatic,Heterogametic,XY,12
Animalia|Insecta|Diptera|Calliphoridae|Chrysomyia|putoriaII,putoriaII,Animalia,Insecta,Diptera,Calliphoridae,Chrysomyia,putoriaII,Achiasmatic,Achiasmatic,Heterogametic,XY,12
Animalia|Insecta|Diptera|Calliphoridae|Chrysomyia|rufifacies,rufifacies,Animalia,Insecta,Diptera,Calliphoridae,Chrysomyia,rufifacies,Achiasmatic,Achiasmatic,Heterogametic,XY,12
Animalia|Insecta|Diptera|Calliphoridae|Cochliomyia|hominivorax,hominivorax,Animalia,Insecta,Diptera,Calliphoridae,Cochliomyia,hominivorax,Achiasmatic,Achiasmatic,Heterogametic,XY,12
Animalia|Insecta|Diptera|Calliphoridae|Cochliomyia|macellaria,macellaria,Animalia,Insecta,Diptera,Calliphoridae,Cochliomyia,macellaria,Achiasmatic,Achiasmatic,Heterogametic,XY,12
Animalia|Insecta|Diptera|Calliphoridae|Cochliomyia|macellariaI,macellariaI,Animalia,Insecta,Diptera,Calliphoridae,Cochliomyia,macellariaI,Achiasmatic,Achiasmatic,Heterogametic,XY,12
Animalia|Insecta|Diptera|Calliphoridae|Cochliomyia|macellariaII,macellariaII,Animalia,Insecta,Diptera,Calliphoridae,Cochliomyia,macellariaII,Achiasmatic,Achiasmatic,Heterogametic,XY,12
Animalia|Insecta|Diptera|Calliphoridae|Cosmina|testaceipes,testaceipes,Animalia,Insecta,Diptera,Calliphoridae,Cosmina,testaceipes,Achiasmatic,Achiasmatic,Heterogametic,XY,12
Animalia|Insecta|Diptera|Calliphoridae|Cynomya|cadaverina,cadaverina,Animalia,Insecta,Diptera,Calliphoridae,Cynomya,cadaverina,Achiasmatic,Achiasmatic,Heterogametic,XY,12
Animalia|Insecta|Diptera|Calliphoridae|Cynomya|mortuorumI,mortuorumI,Animalia,Insecta,Diptera,Calliphoridae,Cynomya,mortuorumI,Achiasmatic,Achiasmatic,Heterogametic,XY,12
Animalia|Insecta|Diptera|Calliphoridae|Cynomya|mortuorumII,mortuorumII,Animalia,Insecta,Diptera,Calliphoridae,Cynomya,mortuorumII,Achiasmatic,Achiasmatic,Heterogametic,XY,12
Animalia|Insecta|Diptera|Calliphoridae|Cynomya|mortuorumIII,mortuorumIII,Animalia,Insecta,Diptera,Calliphoridae,Cynomya,mortuorumIII,Achiasmatic,Achiasmatic,Heterogametic,XY,12
Animalia|Insecta|Diptera|Calliphoridae|Cynomyia|mortuorum,mortuorum,Animalia,Insecta,Diptera,Calliphoridae,Cynomyia,mortuorum,Achiasmatic,Achiasmatic,Heterogametic,XY,12
Animalia|Insecta|Diptera|Calliphoridae|Cynomyopsis|cadaverina,cadaverina,Animalia,Insecta,Diptera,Calliphoridae,Cynomyopsis,cadaverina,Achiasmatic,Achiasmatic,Heterogametic,XY,12
Animalia|Insecta|Diptera|Calliphoridae|Discritomyia|fasciata,fasciata,Animalia,Insecta,Diptera,Calliphoridae,Discritomyia,fasciata,Achiasmatic,Achiasmatic,Heterogametic,XY,12
Animalia|Insecta|Diptera|Calliphoridae|Discritomyia|fulgens,fulgens,Animalia,Insecta,Diptera,Calliphoridae,Discritomyia,fulgens,Achiasmatic,Achiasmatic,Heterogametic,XY,12
Animalia|Insecta|Diptera|Calliphoridae|Discritomyia|newspecies,newspecies,Animalia,Insecta,Diptera,Calliphoridae,Discritomyia,newspecies,Achiasmatic,Achiasmatic,Heterogametic,XY,12
Animalia|Insecta|Diptera|Calliphoridae|Discritomyia|terryi,terryi,Animalia,Insecta,Diptera,Calliphoridae,Discritomyia,terryi,Achiasmatic,Achiasmatic,Heterogametic,XY,12
Animalia|Insecta|Diptera|Calliphoridae|Eucalliphora|lilaea,lilaea,Animalia,Insecta,Diptera,Calliphoridae,Eucalliphora,lilaea,Achiasmatic,Achiasmatic,Heterogametic,XY,12
Animalia|Insecta|Diptera|Calliphoridae|Euphumosia|setigera,setigera,Animalia,Insecta,Diptera,Calliphoridae,Euphumosia,setigera,Achiasmatic,Achiasmatic,Heterogametic,XY,12
Animalia|Insecta|Diptera|Calliphoridae|Eurhyncomyia|anterotes,anterotes,Animalia,Insecta,Diptera,Calliphoridae,Eurhyncomyia,anterotes,Achiasmatic,Achiasmatic,Heterogametic,XY,12
Animalia|Insecta|Diptera|Calliphoridae|Hemilucilia|sp,sp,Animalia,Insecta,Diptera,Calliphoridae,Hemilucilia,sp,Achiasmatic,Achiasmatic,Heterogametic,XY,12
Animalia|Insecta|Diptera|Calliphoridae|Hemipyrellia|brunneipes,brunneipes,Animalia,Insecta,Diptera,Calliphoridae,Hemipyrellia,brunneipes,Achiasmatic,Achiasmatic,Heterogametic,XY,12
Animalia|Insecta|Diptera|Calliphoridae|Hemipyrellia|fernandica,fernandica,Animalia,Insecta,Diptera,Calliphoridae,Hemipyrellia,fernandica,Achiasmatic,Achiasmatic,Heterogametic,NA,12
Animalia|Insecta|Diptera|Calliphoridae|Hemipyrellia|ligurriens,ligurriens,Animalia,Insecta,Diptera,Calliphoridae,Hemipyrellia,ligurriens,Achiasmatic,Achiasmatic,Heterogametic,XY,12
Animalia|Insecta|Diptera|Calliphoridae|Hemipyrellia|taeniops,taeniops,Animalia,Insecta,Diptera,Calliphoridae,Hemipyrellia,taeniops,Achiasmatic,Achiasmatic,Heterogametic,XY,12
Animalia|Insecta|Diptera|Calliphoridae|Hemipyrellia|tagaliana,tagaliana,Animalia,Insecta,Diptera,Calliphoridae,Hemipyrellia,tagaliana,Achiasmatic,Achiasmatic,Heterogametic,XY,12
Animalia|Insecta|Diptera|Calliphoridae|Huascaromusca|nigrifrons,nigrifrons,Animalia,Insecta,Diptera,Calliphoridae,Huascaromusca,nigrifrons,Achiasmatic,Achiasmatic,Heterogametic,XY,12
Animalia|Insecta|Diptera|Calliphoridae|Isomyia|connivens,connivens,Animalia,Insecta,Diptera,Calliphoridae,Isomyia,connivens,Achiasmatic,Achiasmatic,Heterogametic,XY,12
Animalia|Insecta|Diptera|Calliphoridae|Isomyia|prasina,prasina,Animalia,Insecta,Diptera,Calliphoridae,Isomyia,prasina,Achiasmatic,Achiasmatic,Heterogametic,XY,12
Animalia|Insecta|Diptera|Calliphoridae|Lucilia|ampullacea,ampullacea,Animalia,Insecta,Diptera,Calliphoridae,Lucilia,ampullacea,Achiasmatic,Achiasmatic,Heterogametic,XY,12
Animalia|Insecta|Diptera|Calliphoridae|Lucilia|caesar,caesar,Animalia,Insecta,Diptera,Calliphoridae,Lucilia,caesar,Achiasmatic,Achiasmatic,Heterogametic,XY,12
Animalia|Insecta|Diptera|Calliphoridae|Lucilia|coreuleiviridis,coreuleiviridis,Animalia,Insecta,Diptera,Calliphoridae,Lucilia,coreuleiviridis,Achiasmatic,Achiasmatic,Heterogametic,XY,12
Animalia|Insecta|Diptera|Calliphoridae|Lucilia|cuprina,cuprina,Animalia,Insecta,Diptera,Calliphoridae,Lucilia,cuprina,Achiasmatic,Achiasmatic,Heterogametic,XY,12
Animalia|Insecta|Diptera|Calliphoridae|Lucilia|eximia,eximia,Animalia,Insecta,Diptera,Calliphoridae,Lucilia,eximia,Achiasmatic,Achiasmatic,Heterogametic,XY,12
Animalia|Insecta|Diptera|Calliphoridae|Lucilia|illustria,illustria,Animalia,Insecta,Diptera,Calliphoridae,Lucilia,illustria,Achiasmatic,Achiasmatic,Heterogametic,XY,12
Animalia|Insecta|Diptera|Calliphoridae|Lucilia|illustris,illustris,Animalia,Insecta,Diptera,Calliphoridae,Lucilia,illustris,Achiasmatic,Achiasmatic,Heterogametic,XY,12
Animalia|Insecta|Diptera|Calliphoridae|Lucilia|porphyrina,porphyrina,Animalia,Insecta,Diptera,Calliphoridae,Lucilia,porphyrina,Achiasmatic,Achiasmatic,Heterogametic,XY,12
Animalia|Insecta|Diptera|Calliphoridae|Lucilia|sericata,sericata,Animalia,Insecta,Diptera,Calliphoridae,Lucilia,sericata,Achiasmatic,Achiasmatic,Heterogametic,XY,12
Animalia|Insecta|Diptera|Calliphoridae|Melinda|biseta,biseta,Animalia,Insecta,Diptera,Calliphoridae,Melinda,biseta,Achiasmatic,Achiasmatic,Heterogametic,XY,12
Animalia|Insecta|Diptera|Calliphoridae|Melinda|sp,sp,Animalia,Insecta,Diptera,Calliphoridae,Melinda,sp,Achiasmatic,Achiasmatic,Heterogametic,XY,12
Animalia|Insecta|Diptera|Calliphoridae|Mesembrinella|peregrinaI,peregrinaI,Animalia,Insecta,Diptera,Calliphoridae,Mesembrinella,peregrinaI,Achiasmatic,Achiasmatic,Heterogametic,XY,12
Animalia|Insecta|Diptera|Calliphoridae|Mesembrinella|peregrinaII,peregrinaII,Animalia,Insecta,Diptera,Calliphoridae,Mesembrinella,peregrinaII,Achiasmatic,Achiasmatic,Heterogametic,XY,12
Animalia|Insecta|Diptera|Calliphoridae|Metallea|cuprea,cuprea,Animalia,Insecta,Diptera,Calliphoridae,Metallea,cuprea,Achiasmatic,Achiasmatic,Heterogametic,XY,12
Animalia|Insecta|Diptera|Calliphoridae|Metallea|puncticeps,puncticeps,Animalia,Insecta,Diptera,Calliphoridae,Metallea,puncticeps,Achiasmatic,Achiasmatic,Heterogametic,XY,12
Animalia|Insecta|Diptera|Calliphoridae|Microcalliphora|varipes,varipes,Animalia,Insecta,Diptera,Calliphoridae,Microcalliphora,varipes,Achiasmatic,Achiasmatic,Heterogametic,XY,12
Animalia|Insecta|Diptera|Calliphoridae|Paralucilia|fulvicrura,fulvicrura,Animalia,Insecta,Diptera,Calliphoridae,Paralucilia,fulvicrura,Achiasmatic,Achiasmatic,Heterogametic,XY,12
Animalia|Insecta|Diptera|Calliphoridae|Paralucilia|wheeleri,wheeleri,Animalia,Insecta,Diptera,Calliphoridae,Paralucilia,wheeleri,Achiasmatic,Achiasmatic,Heterogametic,XY,12
Animalia|Insecta|Diptera|Calliphoridae|Paratricyclea|surcoufi,surcoufi,Animalia,Insecta,Diptera,Calliphoridae,Paratricyclea,surcoufi,Achiasmatic,Achiasmatic,Heterogametic,XY,12
Animalia|Insecta|Diptera|Calliphoridae|Phaenicia|caeruleiviridis,caeruleiviridis,Animalia,Insecta,Diptera,Calliphoridae,Phaenicia,caeruleiviridis,Achiasmatic,Achiasmatic,Heterogametic,XY,12
Animalia|Insecta|Diptera|Calliphoridae|Phaenicia|coernleiviridis,coernleiviridis,Animalia,Insecta,Diptera,Calliphoridae,Phaenicia,coernleiviridis,Achiasmatic,Achiasmatic,Heterogametic,XY,12
Animalia|Insecta|Diptera|Calliphoridae|Phaenicia|cuprina,cuprina,Animalia,Insecta,Diptera,Calliphoridae,Phaenicia,cuprina,Achiasmatic,Achiasmatic,Heterogametic,XY,12
Animalia|Insecta|Diptera|Calliphoridae|Phaenicia|eximia,eximia,Animalia,Insecta,Diptera,Calliphoridae,Phaenicia,eximia,Achiasmatic,Achiasmatic,Heterogametic,XY,12
Animalia|Insecta|Diptera|Calliphoridae|Phaenicia|sericata,sericata,Animalia,Insecta,Diptera,Calliphoridae,Phaenicia,sericata,Achiasmatic,Achiasmatic,Heterogametic,XY,12
Animalia|Insecta|Diptera|Calliphoridae|Phormia|regina,regina,Animalia,Insecta,Diptera,Calliphoridae,Phormia,regina,Achiasmatic,Achiasmatic,Heterogametic,XY,12
Animalia|Insecta|Diptera|Calliphoridae|Phormia|terraenovae,terraenovae,Animalia,Insecta,Diptera,Calliphoridae,Phormia,terraenovae,Achiasmatic,Achiasmatic,Heterogametic,XY,12
Animalia|Insecta|Diptera|Calliphoridae|Phumosia|promittens,promittens,Animalia,Insecta,Diptera,Calliphoridae,Phumosia,promittens,Achiasmatic,Achiasmatic,Heterogametic,XY,12
Animalia|Insecta|Diptera|Calliphoridae|Pollenia|nigripes,nigripes,Animalia,Insecta,Diptera,Calliphoridae,Pollenia,nigripes,Achiasmatic,Achiasmatic,Heterogametic,XY,12
Animalia|Insecta|Diptera|Calliphoridae|Pollenia|rudis,rudis,Animalia,Insecta,Diptera,Calliphoridae,Pollenia,rudis,Achiasmatic,Achiasmatic,Heterogametic,XY,12
Animalia|Insecta|Diptera|Calliphoridae|Pollenia|rudisI,rudisI,Animalia,Insecta,Diptera,Calliphoridae,Pollenia,rudisI,Achiasmatic,Achiasmatic,Heterogametic,XY,12
Animalia|Insecta|Diptera|Calliphoridae|Pollenia|rudisII,rudisII,Animalia,Insecta,Diptera,Calliphoridae,Pollenia,rudisII,Achiasmatic,Achiasmatic,Heterogametic,XY,12
Animalia|Insecta|Diptera|Calliphoridae|Pollenia|rudisIII,rudisIII,Animalia,Insecta,Diptera,Calliphoridae,Pollenia,rudisIII,Achiasmatic,Achiasmatic,Heterogametic,XY,12
Animalia|Insecta|Diptera|Calliphoridae|Polleniopsis|hokurikuensis,hokurikuensis,Animalia,Insecta,Diptera,Calliphoridae,Polleniopsis,hokurikuensis,Achiasmatic,Achiasmatic,Heterogametic,XY,12
Animalia|Insecta|Diptera|Calliphoridae|Protocalliphora|aenea,aenea,Animalia,Insecta,Diptera,Calliphoridae,Protocalliphora,aenea,Achiasmatic,Achiasmatic,Heterogametic,XY,12
Animalia|Insecta|Diptera|Calliphoridae|Protocalliphora|avium,avium,Animalia,Insecta,Diptera,Calliphoridae,Protocalliphora,avium,Achiasmatic,Achiasmatic,Heterogametic,XY,12
Animalia|Insecta|Diptera|Calliphoridae|Protocalliphora|falcozi,falcozi,Animalia,Insecta,Diptera,Calliphoridae,Protocalliphora,falcozi,Achiasmatic,Achiasmatic,Heterogametic,XY,12
Animalia|Insecta|Diptera|Calliphoridae|Protocalliphora|hirundo,hirundo,Animalia,Insecta,Diptera,Calliphoridae,Protocalliphora,hirundo,Achiasmatic,Achiasmatic,Heterogametic,XY,12
Animalia|Insecta|Diptera|Calliphoridae|Protocalliphora|metallica,metallica,Animalia,Insecta,Diptera,Calliphoridae,Protocalliphora,metallica,Achiasmatic,Achiasmatic,Heterogametic,XY,12
Animalia|Insecta|Diptera|Calliphoridae|Protocalliphora|sialia,sialia,Animalia,Insecta,Diptera,Calliphoridae,Protocalliphora,sialia,Achiasmatic,Achiasmatic,Heterogametic,XY,12
Animalia|Insecta|Diptera|Calliphoridae|Protocalliphora|sp,sp,Animalia,Insecta,Diptera,Calliphoridae,Protocalliphora,sp,Achiasmatic,Achiasmatic,Heterogametic,XY,12
Animalia|Insecta|Diptera|Calliphoridae|Protophormia|terraenovae,terraenovae,Animalia,Insecta,Diptera,Calliphoridae,Protophormia,terraenovae,Achiasmatic,Achiasmatic,Heterogametic,XY,12
Animalia|Insecta|Diptera|Calliphoridae|Protophormia|terraenovaeI,terraenovaeI,Animalia,Insecta,Diptera,Calliphoridae,Protophormia,terraenovaeI,Achiasmatic,Achiasmatic,Heterogametic,XY,12
Animalia|Insecta|Diptera|Calliphoridae|Protophormia|terraenovaeII,terraenovaeII,Animalia,Insecta,Diptera,Calliphoridae,Protophormia,terraenovaeII,Achiasmatic,Achiasmatic,Heterogametic,XY,12
Animalia|Insecta|Diptera|Calliphoridae|Rhinia|apicalis,apicalis,Animalia,Insecta,Diptera,Calliphoridae,Rhinia,apicalis,Achiasmatic,Achiasmatic,Heterogametic,XY,12
Animalia|Insecta|Diptera|Calliphoridae|Rhinia|discolor,discolor,Animalia,Insecta,Diptera,Calliphoridae,Rhinia,discolor,Achiasmatic,Achiasmatic,Heterogametic,XY,12
Animalia|Insecta|Diptera|Calliphoridae|Rhinia|subapicalis,subapicalis,Animalia,Insecta,Diptera,Calliphoridae,Rhinia,subapicalis,Achiasmatic,Achiasmatic,Heterogametic,XY,12
Animalia|Insecta|Diptera|Calliphoridae|Rhyncomyia|italica,italica,Animalia,Insecta,Diptera,Calliphoridae,Rhyncomyia,italica,Achiasmatic,Achiasmatic,Heterogametic,XY,12
Animalia|Insecta|Diptera|Calliphoridae|Rhyncomyia|stannocuprea,stannocuprea,Animalia,Insecta,Diptera,Calliphoridae,Rhyncomyia,stannocuprea,Achiasmatic,Achiasmatic,Heterogametic,XY,12
Animalia|Insecta|Diptera|Calliphoridae|Sarconesiopsis|chilensis,chilensis,Animalia,Insecta,Diptera,Calliphoridae,Sarconesiopsis,chilensis,Achiasmatic,Achiasmatic,Heterogametic,XY,12
Animalia|Insecta|Diptera|Calliphoridae|Sphenometrops|tergata,tergata,Animalia,Insecta,Diptera,Calliphoridae,Sphenometrops,tergata,Achiasmatic,Achiasmatic,Heterogametic,XY,12
Animalia|Insecta|Diptera|Calliphoridae|Stomorhina|armatipes,armatipes,Animalia,Insecta,Diptera,Calliphoridae,Stomorhina,armatipes,Achiasmatic,Achiasmatic,Heterogametic,XY,12
Animalia|Insecta|Diptera|Calliphoridae|Stomorhina|lunata,lunata,Animalia,Insecta,Diptera,Calliphoridae,Stomorhina,lunata,Achiasmatic,Achiasmatic,Heterogametic,XY,12
Animalia|Insecta|Diptera|Calliphoridae|Stomorhina|obsoleta,obsoleta,Animalia,Insecta,Diptera,Calliphoridae,Stomorhina,obsoleta,Achiasmatic,Achiasmatic,Heterogametic,XY,12
Animalia|Insecta|Diptera|Calliphoridae|Triceratopyga|calliphoroides,calliphoroides,Animalia,Insecta,Diptera,Calliphoridae,Triceratopyga,calliphoroides,Achiasmatic,Achiasmatic,Heterogametic,XY,12
Animalia|Insecta|Diptera|Calliphoridae|Xenocalliphora|hortona,hortona,Animalia,Insecta,Diptera,Calliphoridae,Xenocalliphora,hortona,Achiasmatic,Achiasmatic,Heterogametic,XY,12
Animalia|Insecta|Diptera|Cecidomyiidae|Asphondylia|monacha,monacha,Animalia,Insecta,Diptera,Cecidomyiidae,Asphondylia,monacha,Achiasmatic,Achiasmatic,Heterogametic,XO,8
Animalia|Insecta|Diptera|Cecidomyiidae|Asteromyia|rubra,rubra,Animalia,Insecta,Diptera,Cecidomyiidae,Asteromyia,rubra,Achiasmatic,Achiasmatic,Heterogametic,XO,8
Animalia|Insecta|Diptera|Cecidomyiidae|Caryomyia|sp,sp,Animalia,Insecta,Diptera,Cecidomyiidae,Caryomyia,sp,Achiasmatic,Achiasmatic,Heterogametic,XO,8
Animalia|Insecta|Diptera|Cecidomyiidae|Cecidomyia|serotinae,serotinae,Animalia,Insecta,Diptera,Cecidomyiidae,Cecidomyia,serotinae,Achiasmatic,Achiasmatic,Heterogametic,XO,8
Animalia|Insecta|Diptera|Cecidomyiidae|Cecidomyia|sp.,sp.,Animalia,Insecta,Diptera,Cecidomyiidae,Cecidomyia,sp.,Achiasmatic,Achiasmatic,Heterogametic,XO,8
Animalia|Insecta|Diptera|Cecidomyiidae|Cecidomyia|vicola,vicola,Animalia,Insecta,Diptera,Cecidomyiidae,Cecidomyia,vicola,Achiasmatic,Achiasmatic,Heterogametic,XO,8
Animalia|Insecta|Diptera|Cecidomyiidae|Dasyneura|affinis,affinis,Animalia,Insecta,Diptera,Cecidomyiidae,Dasyneura,affinis,Achiasmatic,Achiasmatic,Heterogametic,XO,8
Animalia|Insecta|Diptera|Cecidomyiidae|Lasioptera|asterspinosae,asterspinosae,Animalia,Insecta,Diptera,Cecidomyiidae,Lasioptera,asterspinosae,Achiasmatic,Achiasmatic,Heterogametic,XO,8
Animalia|Insecta|Diptera|Cecidomyiidae|Lestodiplosis|sp,sp,Animalia,Insecta,Diptera,Cecidomyiidae,Lestodiplosis,sp,Achiasmatic,Achiasmatic,Heterogametic,XO,8
Animalia|Insecta|Diptera|Cecidomyiidae|Mayetiola|destructor,destructor,Animalia,Insecta,Diptera,Cecidomyiidae,Mayetiola,destructor,Achiasmatic,Achiasmatic,Heterogametic,NA,8
Animalia|Insecta|Diptera|Cecidomyiidae|Mayetiola|hordei,hordei,Animalia,Insecta,Diptera,Cecidomyiidae,Mayetiola,hordei,Achiasmatic,Achiasmatic,Heterogametic,NA,8
Animalia|Insecta|Diptera|Cecidomyiidae|Miastor|americana,americana,Animalia,Insecta,Diptera,Cecidomyiidae,Miastor,americana,Achiasmatic,Achiasmatic,Heterogametic,XO,12
Animalia|Insecta|Diptera|Cecidomyiidae|Monarthropalpus|buxi,buxi,Animalia,Insecta,Diptera,Cecidomyiidae,Monarthropalpus,buxi,Achiasmatic,Achiasmatic,Heterogametic,XO,8
Animalia|Insecta|Diptera|Cecidomyiidae|Oligotrphus|pattersoni,pattersoni,Animalia,Insecta,Diptera,Cecidomyiidae,Oligotrphus,pattersoni,Achiasmatic,Achiasmatic,Heterogametic,XO,8
Animalia|Insecta|Diptera|Cecidomyiidae|Ontarinia|canadensis,canadensis,Animalia,Insecta,Diptera,Cecidomyiidae,Ontarinia,canadensis,Achiasmatic,Achiasmatic,Heterogametic,XO,8
Animalia|Insecta|Diptera|Cecidomyiidae|Phytophaga|celtiphyllia,celtiphyllia,Animalia,Insecta,Diptera,Cecidomyiidae,Phytophaga,celtiphyllia,Achiasmatic,Achiasmatic,Heterogametic,XO,12
Animalia|Insecta|Diptera|Cecidomyiidae|Phytophaga|destructor,destructor,Animalia,Insecta,Diptera,Cecidomyiidae,Phytophaga,destructor,Achiasmatic,Achiasmatic,Heterogametic,NA,8
Animalia|Insecta|Diptera|Cecidomyiidae|Rhopalomyia|sabinae,sabinae,Animalia,Insecta,Diptera,Cecidomyiidae,Rhopalomyia,sabinae,Achiasmatic,Achiasmatic,Heterogametic,XO,8
Animalia|Insecta|Diptera|Cecidomyiidae|Taxomyia|taxi,taxi,Animalia,Insecta,Diptera,Cecidomyiidae,Taxomyia,taxi,Achiasmatic,Achiasmatic,Heterogametic,XO,8
Animalia|Insecta|Diptera|Cecidomyiidae|Trishormomyia|helianthi,helianthi,Animalia,Insecta,Diptera,Cecidomyiidae,Trishormomyia,helianthi,Achiasmatic,Achiasmatic,Heterogametic,XO,8
Animalia|Insecta|Diptera|Cecidomyiidae|Walshomyia|texana,texana,Animalia,Insecta,Diptera,Cecidomyiidae,Walshomyia,texana,Achiasmatic,Achiasmatic,Heterogametic,XO,8
Animalia|Insecta|Diptera|Chamaemyiidae|Cremifania|nigrocellulata,nigrocellulata,Animalia,Insecta,Diptera,Chamaemyiidae,Cremifania,nigrocellulata,Achiasmatic,Achiasmatic,Heterogametic,XY,6
Animalia|Insecta|Diptera|Chamaemyiidae|Leucopis|obscura,obscura,Animalia,Insecta,Diptera,Chamaemyiidae,Leucopis,obscura,Achiasmatic,Achiasmatic,Heterogametic,NA,10
Animalia|Insecta|Diptera|Chloropidae|Chlorops|oryzae,oryzae,Animalia,Insecta,Diptera,Chloropidae,Chlorops,oryzae,Achiasmatic,Achiasmatic,Heterogametic,NA,8
Animalia|Insecta|Diptera|Diopsidae|Sphyracephala|brevicornis,brevicornis,Animalia,Insecta,Diptera,Diopsidae,Sphyracephala,brevicornis,Achiasmatic,Achiasmatic,Heterogametic,XY,10
Animalia|Insecta|Diptera|Drosophilidae|Adetoxenus|Formosus,Formosus,Animalia,Insecta,Diptera,Drosophilidae,Adetoxenus,Formosus,Achiasmatic,Achiasmatic,Heterogametic,NA,12
Animalia|Insecta|Diptera|Drosophilidae|Antopocerus|aduncus,aduncus,Animalia,Insecta,Diptera,Drosophilidae,Antopocerus,aduncus,Achiasmatic,Achiasmatic,Heterogametic,NA,12
Animalia|Insecta|Diptera|Drosophilidae|Antopocerus|arcuatus,arcuatus,Animalia,Insecta,Diptera,Drosophilidae,Antopocerus,arcuatus,Achiasmatic,Achiasmatic,Heterogametic,NA,12
Animalia|Insecta|Diptera|Drosophilidae|Antopocerus|cognatus,cognatus,Animalia,Insecta,Diptera,Drosophilidae,Antopocerus,cognatus,Achiasmatic,Achiasmatic,Heterogametic,NA,12
Animalia|Insecta|Diptera|Drosophilidae|Antopocerus|diamphidiopodus,diamphidiopodus,Animalia,Insecta,Diptera,Drosophilidae,Antopocerus,diamphidiopodus,Achiasmatic,Achiasmatic,Heterogametic,NA,12
Animalia|Insecta|Diptera|Drosophilidae|Antopocerus|tanythrix,tanythrix,Animalia,Insecta,Diptera,Drosophilidae,Antopocerus,tanythrix,Achiasmatic,Achiasmatic,Heterogametic,NA,12
Animalia|Insecta|Diptera|Drosophilidae|Antopocerus|villosus,villosus,Animalia,Insecta,Diptera,Drosophilidae,Antopocerus,villosus,Achiasmatic,Achiasmatic,Heterogametic,NA,12
Animalia|Insecta|Diptera|Drosophilidae|Bunostoma|anomala,anomala,Animalia,Insecta,Diptera,Drosophilidae,Bunostoma,anomala,Achiasmatic,Achiasmatic,Heterogametic,NA,10
Animalia|Insecta|Diptera|Drosophilidae|Bunostoma|n.,n.,Animalia,Insecta,Diptera,Drosophilidae,Bunostoma,n.,Achiasmatic,Achiasmatic,Heterogametic,NA,8
Animalia|Insecta|Diptera|Drosophilidae|Bunostoma|palmae,palmae,Animalia,Insecta,Diptera,Drosophilidae,Bunostoma,palmae,Achiasmatic,Achiasmatic,Heterogametic,NA,10
Animalia|Insecta|Diptera|Drosophilidae|Bunostoma|varifrons,varifrons,Animalia,Insecta,Diptera,Drosophilidae,Bunostoma,varifrons,Achiasmatic,Achiasmatic,Heterogametic,NA,10
Animalia|Insecta|Diptera|Drosophilidae|Bunostoma|xanthopleura,xanthopleura,Animalia,Insecta,Diptera,Drosophilidae,Bunostoma,xanthopleura,Achiasmatic,Achiasmatic,Heterogametic,NA,10
Animalia|Insecta|Diptera|Drosophilidae|Cacoxenus|indigator,indigator,Animalia,Insecta,Diptera,Drosophilidae,Cacoxenus,indigator,Achiasmatic,Achiasmatic,Heterogametic,NA,8
Animalia|Insecta|Diptera|Drosophilidae|Chymomyza|aldrichii,aldrichii,Animalia,Insecta,Diptera,Drosophilidae,Chymomyza,aldrichii,Achiasmatic,Achiasmatic,Heterogametic,XY,8
Animalia|Insecta|Diptera|Drosophilidae|Chymomyza|amoena,amoena,Animalia,Insecta,Diptera,Drosophilidae,Chymomyza,amoena,Achiasmatic,Achiasmatic,Heterogametic,XY,8
Animalia|Insecta|Diptera|Drosophilidae|Chymomyza|costata,costata,Animalia,Insecta,Diptera,Drosophilidae,Chymomyza,costata,Achiasmatic,Achiasmatic,Heterogametic,NA,8
Animalia|Insecta|Diptera|Drosophilidae|Chymomyza|coxata,coxata,Animalia,Insecta,Diptera,Drosophilidae,Chymomyza,coxata,Achiasmatic,Achiasmatic,Heterogametic,NA,8
Animalia|Insecta|Diptera|Drosophilidae|Chymomyza|procnemis,procnemis,Animalia,Insecta,Diptera,Drosophilidae,Chymomyza,procnemis,Achiasmatic,Achiasmatic,Heterogametic,NA,8
Animalia|Insecta|Diptera|Drosophilidae|Chymomyza|wirthii,wirthii,Animalia,Insecta,Diptera,Drosophilidae,Chymomyza,wirthii,Achiasmatic,Achiasmatic,Heterogametic,XY,8
Animalia|Insecta|Diptera|Drosophilidae|Cladochaeta|nebulosa,nebulosa,Animalia,Insecta,Diptera,Drosophilidae,Cladochaeta,nebulosa,Achiasmatic,Achiasmatic,Heterogametic,NA,8
Animalia|Insecta|Diptera|Drosophilidae|Dettopsomyia|nigrovittata,nigrovittata,Animalia,Insecta,Diptera,Drosophilidae,Dettopsomyia,nigrovittata,Achiasmatic,Achiasmatic,Heterogametic,NA,10
"Animalia|Insecta|Diptera|Drosophilidae|Drosophila|""melanissima""","""melanissima""",Animalia,Insecta,Diptera,Drosophilidae,Drosophila,"""melanissima""",Achiasmatic,Achiasmatic,Heterogametic,XY,10
Animalia|Insecta|Diptera|Drosophilidae|Drosophila|acanthoptera,acanthoptera,Animalia,Insecta,Diptera,Drosophilidae,Drosophila,acanthoptera,Achiasmatic,Achiasmatic,Heterogametic,XY,10
Animalia|Insecta|Diptera|Drosophilidae|Drosophila|acutilabella,acutilabella,Animalia,Insecta,Diptera,Drosophilidae,Drosophila,acutilabella,Achiasmatic,Achiasmatic,Heterogametic,NA,8
Animalia|Insecta|Diptera|Drosophilidae|Drosophila|adiastola,adiastola,Animalia,Insecta,Diptera,Drosophilidae,Drosophila,adiastola,Achiasmatic,Achiasmatic,Heterogametic,NA,12
Animalia|Insecta|Diptera|Drosophilidae|Drosophila|adunca,adunca,Animalia,Insecta,Diptera,Drosophilidae,Drosophila,adunca,Achiasmatic,Achiasmatic,Heterogametic,NA,12
Animalia|Insecta|Diptera|Drosophilidae|Drosophila|afer,afer,Animalia,Insecta,Diptera,Drosophilidae,Drosophila,afer,Achiasmatic,Achiasmatic,Heterogametic,XY,10
Animalia|Insecta|Diptera|Drosophilidae|Drosophila|affinidisjuncta,affinidisjuncta,Animalia,Insecta,Diptera,Drosophilidae,Drosophila,affinidisjuncta,Achiasmatic,Achiasmatic,Heterogametic,NA,12
Animalia|Insecta|Diptera|Drosophilidae|Drosophila|affinis,affinis,Animalia,Insecta,Diptera,Drosophilidae,Drosophila,affinis,Achiasmatic,Achiasmatic,Heterogametic,XY,10
Animalia|Insecta|Diptera|Drosophilidae|Drosophila|aglaia,aglaia,Animalia,Insecta,Diptera,Drosophilidae,Drosophila,aglaia,Achiasmatic,Achiasmatic,Heterogametic,NA,12
Animalia|Insecta|Diptera|Drosophilidae|Drosophila|agumbensis,agumbensis,Animalia,Insecta,Diptera,Drosophilidae,Drosophila,agumbensis,Achiasmatic,Achiasmatic,Heterogametic,XY,8
Animalia|Insecta|Diptera|Drosophilidae|Drosophila|airzonensis,airzonensis,Animalia,Insecta,Diptera,Drosophilidae,Drosophila,airzonensis,Achiasmatic,Achiasmatic,Heterogametic,XY,12
Animalia|Insecta|Diptera|Drosophilidae|Drosophila|albirostris,albirostris,Animalia,Insecta,Diptera,Drosophilidae,Drosophila,albirostris,Achiasmatic,Achiasmatic,Heterogametic,XY,12
Animalia|Insecta|Diptera|Drosophilidae|Drosophila|albomicans,albomicans,Animalia,Insecta,Diptera,Drosophilidae,Drosophila,albomicans,Achiasmatic,Achiasmatic,Heterogametic,NA,6
Animalia|Insecta|Diptera|Drosophilidae|Drosophila|alboralis,alboralis,Animalia,Insecta,Diptera,Drosophilidae,Drosophila,alboralis,Achiasmatic,Achiasmatic,Heterogametic,NA,12
Animalia|Insecta|Diptera|Drosophilidae|Drosophila|aldrichi,aldrichi,Animalia,Insecta,Diptera,Drosophilidae,Drosophila,aldrichi,Achiasmatic,Achiasmatic,Heterogametic,XY,12
Animalia|Insecta|Diptera|Drosophilidae|Drosophila|alexandrei,alexandrei,Animalia,Insecta,Diptera,Drosophilidae,Drosophila,alexandrei,Achiasmatic,Achiasmatic,Heterogametic,NA,8
Animalia|Insecta|Diptera|Drosophilidae|Drosophila|algonquin,algonquin,Animalia,Insecta,Diptera,Drosophilidae,Drosophila,algonquin,Achiasmatic,Achiasmatic,Heterogametic,XY,10
Animalia|Insecta|Diptera|Drosophilidae|Drosophila|alpina,alpina,Animalia,Insecta,Diptera,Drosophilidae,Drosophila,alpina,Achiasmatic,Achiasmatic,Heterogametic,NA,6
Animalia|Insecta|Diptera|Drosophilidae|Drosophila|alsophila,alsophila,Animalia,Insecta,Diptera,Drosophilidae,Drosophila,alsophila,Achiasmatic,Achiasmatic,Heterogametic,NA,12
Animalia|Insecta|Diptera|Drosophilidae|Drosophila|altiplanica,altiplanica,Animalia,Insecta,Diptera,Drosophilidae,Drosophila,altiplanica,Achiasmatic,Achiasmatic,Heterogametic,NA,10
Animalia|Insecta|Diptera|Drosophilidae|Drosophila|ambigua,ambigua,Animalia,Insecta,Diptera,Drosophilidae,Drosophila,ambigua,Achiasmatic,Achiasmatic,Heterogametic,XY,10
Animalia|Insecta|Diptera|Drosophilidae|Drosophila|americana,americana,Animalia,Insecta,Diptera,Drosophilidae,Drosophila,americana,Achiasmatic,Achiasmatic,Heterogametic,NA,8
Animalia|Insecta|Diptera|Drosophilidae|Drosophila|amplilobus,amplilobus,Animalia,Insecta,Diptera,Drosophilidae,Drosophila,amplilobus,Achiasmatic,Achiasmatic,Heterogametic,NA,10
Animalia|Insecta|Diptera|Drosophilidae|Drosophila|ananassae,ananassae,Animalia,Insecta,Diptera,Drosophilidae,Drosophila,ananassae,Achiasmatic,Achiasmatic,Heterogametic,NA,8
Animalia|Insecta|Diptera|Drosophilidae|Drosophila|anceps,anceps,Animalia,Insecta,Diptera,Drosophilidae,Drosophila,anceps,Achiasmatic,Achiasmatic,Heterogametic,XY,12
Animalia|Insecta|Diptera|Drosophilidae|Drosophila|andamensis,andamensis,Animalia,Insecta,Diptera,Drosophilidae,Drosophila,andamensis,Achiasmatic,Achiasmatic,Heterogametic,XY,8
Animalia|Insecta|Diptera|Drosophilidae|Drosophila|andina,andina,Animalia,Insecta,Diptera,Drosophilidae,Drosophila,andina,Achiasmatic,Achiasmatic,Heterogametic,XY,10
Animalia|Insecta|Diptera|Drosophilidae|Drosophila|angularis,angularis,Animalia,Insecta,Diptera,Drosophilidae,Drosophila,angularis,Achiasmatic,Achiasmatic,Heterogametic,NA,12
Animalia|Insecta|Diptera|Drosophilidae|Drosophila|angustibucca,angustibucca,Animalia,Insecta,Diptera,Drosophilidae,Drosophila,angustibucca,Achiasmatic,Achiasmatic,Heterogametic,NA,12
Animalia|Insecta|Diptera|Drosophilidae|Drosophila|annulimana,annulimana,Animalia,Insecta,Diptera,Drosophilidae,Drosophila,annulimana,Achiasmatic,Achiasmatic,Heterogametic,XO,10
Animalia|Insecta|Diptera|Drosophilidae|Drosophila|annulipes,annulipes,Animalia,Insecta,Diptera,Drosophilidae,Drosophila,annulipes,Achiasmatic,Achiasmatic,Heterogametic,XY,6
Animalia|Insecta|Diptera|Drosophilidae|Drosophila|anomalipes,anomalipes,Animalia,Insecta,Diptera,Drosophilidae,Drosophila,anomalipes,Achiasmatic,Achiasmatic,Heterogametic,NA,12
Animalia|Insecta|Diptera|Drosophilidae|Drosophila|anomelani,anomelani,Animalia,Insecta,Diptera,Drosophilidae,Drosophila,anomelani,Achiasmatic,Achiasmatic,Heterogametic,XY,8
Animalia|Insecta|Diptera|Drosophilidae|Drosophila|anoplastoma,anoplastoma,Animalia,Insecta,Diptera,Drosophilidae,Drosophila,anoplastoma,Achiasmatic,Achiasmatic,Heterogametic,NA,12
Animalia|Insecta|Diptera|Drosophilidae|Drosophila|antilla,antilla,Animalia,Insecta,Diptera,Drosophilidae,Drosophila,antilla,Achiasmatic,Achiasmatic,Heterogametic,NA,8
Animalia|Insecta|Diptera|Drosophilidae|Drosophila|aracea,aracea,Animalia,Insecta,Diptera,Drosophilidae,Drosophila,aracea,Achiasmatic,Achiasmatic,Heterogametic,NA,6
Animalia|Insecta|Diptera|Drosophilidae|Drosophila|araicas,araicas,Animalia,Insecta,Diptera,Drosophilidae,Drosophila,araicas,Achiasmatic,Achiasmatic,Heterogametic,NA,10
Animalia|Insecta|Diptera|Drosophilidae|Drosophila|arapuan,arapuan,Animalia,Insecta,Diptera,Drosophilidae,Drosophila,arapuan,Achiasmatic,Achiasmatic,Heterogametic,XY,8
Animalia|Insecta|Diptera|Drosophilidae|Drosophila|ararama,ararama,Animalia,Insecta,Diptera,Drosophilidae,Drosophila,ararama,Achiasmatic,Achiasmatic,Heterogametic,NA,10
Animalia|Insecta|Diptera|Drosophilidae|Drosophila|arassari,arassari,Animalia,Insecta,Diptera,Drosophilidae,Drosophila,arassari,Achiasmatic,Achiasmatic,Heterogametic,XY,12
Animalia|Insecta|Diptera|Drosophilidae|Drosophila|arauana,arauana,Animalia,Insecta,Diptera,Drosophilidae,Drosophila,arauana,Achiasmatic,Achiasmatic,Heterogametic,NA,12
Animalia|Insecta|Diptera|Drosophilidae|Drosophila|araucana,araucana,Animalia,Insecta,Diptera,Drosophilidae,Drosophila,araucana,Achiasmatic,Achiasmatic,Heterogametic,XY,12
Animalia|Insecta|Diptera|Drosophilidae|Drosophila|arauna,arauna,Animalia,Insecta,Diptera,Drosophilidae,Drosophila,arauna,Achiasmatic,Achiasmatic,Heterogametic,NA,12
Animalia|Insecta|Diptera|Drosophilidae|Drosophila|arawakana,arawakana,Animalia,Insecta,Diptera,Drosophilidae,Drosophila,arawakana,Achiasmatic,Achiasmatic,Heterogametic,XY,8
Animalia|Insecta|Diptera|Drosophilidae|Drosophila|arcuata,arcuata,Animalia,Insecta,Diptera,Drosophilidae,Drosophila,arcuata,Achiasmatic,Achiasmatic,Heterogametic,NA,12
Animalia|Insecta|Diptera|Drosophilidae|Drosophila|argentostriata,argentostriata,Animalia,Insecta,Diptera,Drosophilidae,Drosophila,argentostriata,Achiasmatic,Achiasmatic,Heterogametic,NA,12
Animalia|Insecta|Diptera|Drosophilidae|Drosophila|arizonensis,arizonensis,Animalia,Insecta,Diptera,Drosophilidae,Drosophila,arizonensis,Achiasmatic,Achiasmatic,Heterogametic,XY,12
Animalia|Insecta|Diptera|Drosophilidae|Drosophila|asketostoma,asketostoma,Animalia,Insecta,Diptera,Drosophilidae,Drosophila,asketostoma,Achiasmatic,Achiasmatic,Heterogametic,NA,12
Animalia|Insecta|Diptera|Drosophilidae|Drosophila|asper,asper,Animalia,Insecta,Diptera,Drosophilidae,Drosophila,asper,Achiasmatic,Achiasmatic,Heterogametic,NA,12
Animalia|Insecta|Diptera|Drosophilidae|Drosophila|assita,assita,Animalia,Insecta,Diptera,Drosophilidae,Drosophila,assita,Achiasmatic,Achiasmatic,Heterogametic,NA,12
Animalia|Insecta|Diptera|Drosophilidae|Drosophila|atalaia,atalaia,Animalia,Insecta,Diptera,Drosophilidae,Drosophila,atalaia,Achiasmatic,Achiasmatic,Heterogametic,XY,6
Animalia|Insecta|Diptera|Drosophilidae|Drosophila|athabasca,athabasca,Animalia,Insecta,Diptera,Drosophilidae,Drosophila,athabasca,Achiasmatic,Achiasmatic,Heterogametic,XY,10
Animalia|Insecta|Diptera|Drosophilidae|Drosophila|atrata,atrata,Animalia,Insecta,Diptera,Drosophilidae,Drosophila,atrata,Achiasmatic,Achiasmatic,Heterogametic,NA,12
Animalia|Insecta|Diptera|Drosophilidae|Drosophila|atrimentum,atrimentum,Animalia,Insecta,Diptera,Drosophilidae,Drosophila,atrimentum,Achiasmatic,Achiasmatic,Heterogametic,NA,12
Animalia|Insecta|Diptera|Drosophilidae|Drosophila|atripex,atripex,Animalia,Insecta,Diptera,Drosophilidae,Drosophila,atripex,Achiasmatic,Achiasmatic,Heterogametic,XY,8
Animalia|Insecta|Diptera|Drosophilidae|Drosophila|atroscutellata,atroscutellata,Animalia,Insecta,Diptera,Drosophilidae,Drosophila,atroscutellata,Achiasmatic,Achiasmatic,Heterogametic,NA,12
Animalia|Insecta|Diptera|Drosophilidae|Drosophila|attigua,attigua,Animalia,Insecta,Diptera,Drosophilidae,Drosophila,attigua,Achiasmatic,Achiasmatic,Heterogametic,NA,12
Animalia|Insecta|Diptera|Drosophilidae|Drosophila|auraria,auraria,Animalia,Insecta,Diptera,Drosophilidae,Drosophila,auraria,Achiasmatic,Achiasmatic,Heterogametic,XY,8
Animalia|Insecta|Diptera|Drosophilidae|Drosophila|aureata,aureata,Animalia,Insecta,Diptera,Drosophilidae,Drosophila,aureata,Achiasmatic,Achiasmatic,Heterogametic,XY,12
Animalia|Insecta|Diptera|Drosophilidae|Drosophila|austrosaltans,austrosaltans,Animalia,Insecta,Diptera,Drosophilidae,Drosophila,austrosaltans,Achiasmatic,Achiasmatic,Heterogametic,NA,6
Animalia|Insecta|Diptera|Drosophilidae|Drosophila|azteca,azteca,Animalia,Insecta,Diptera,Drosophilidae,Drosophila,azteca,Achiasmatic,Achiasmatic,Heterogametic,XY,10
Animalia|Insecta|Diptera|Drosophilidae|Drosophila|baelladunni,baelladunni,Animalia,Insecta,Diptera,Drosophilidae,Drosophila,baelladunni,Achiasmatic,Achiasmatic,Heterogametic,NA,8
Animalia|Insecta|Diptera|Drosophilidae|Drosophila|baimaii,baimaii,Animalia,Insecta,Diptera,Drosophilidae,Drosophila,baimaii,Achiasmatic,Achiasmatic,Heterogametic,XY,6
Animalia|Insecta|Diptera|Drosophilidae|Drosophila|bakoue,bakoue,Animalia,Insecta,Diptera,Drosophilidae,Drosophila,bakoue,Achiasmatic,Achiasmatic,Heterogametic,NA,8
Animalia|Insecta|Diptera|Drosophilidae|Drosophila|balioptera,balioptera,Animalia,Insecta,Diptera,Drosophilidae,Drosophila,balioptera,Achiasmatic,Achiasmatic,Heterogametic,NA,12
Animalia|Insecta|Diptera|Drosophilidae|Drosophila|bandeirantorum,bandeirantorum,Animalia,Insecta,Diptera,Drosophilidae,Drosophila,bandeirantorum,Achiasmatic,Achiasmatic,Heterogametic,XY,12
Animalia|Insecta|Diptera|Drosophilidae|Drosophila|barbarae,barbarae,Animalia,Insecta,Diptera,Drosophilidae,Drosophila,barbarae,Achiasmatic,Achiasmatic,Heterogametic,XY,6
Animalia|Insecta|Diptera|Drosophilidae|Drosophila|basimacula,basimacula,Animalia,Insecta,Diptera,Drosophilidae,Drosophila,basimacula,Achiasmatic,Achiasmatic,Heterogametic,NA,12
Animalia|Insecta|Diptera|Drosophilidae|Drosophila|basisetae,basisetae,Animalia,Insecta,Diptera,Drosophilidae,Drosophila,basisetae,Achiasmatic,Achiasmatic,Heterogametic,NA,12
Animalia|Insecta|Diptera|Drosophilidae|Drosophila|bedicheki,bedicheki,Animalia,Insecta,Diptera,Drosophilidae,Drosophila,bedicheki,Achiasmatic,Achiasmatic,Heterogametic,NA,8
Animalia|Insecta|Diptera|Drosophilidae|Drosophila|belladunni,belladunni,Animalia,Insecta,Diptera,Drosophilidae,Drosophila,belladunni,Achiasmatic,Achiasmatic,Heterogametic,XY,8
Animalia|Insecta|Diptera|Drosophilidae|Drosophila|betari,betari,Animalia,Insecta,Diptera,Drosophilidae,Drosophila,betari,Achiasmatic,Achiasmatic,Heterogametic,XY,10
Animalia|Insecta|Diptera|Drosophilidae|Drosophila|biarmipes,biarmipes,Animalia,Insecta,Diptera,Drosophilidae,Drosophila,biarmipes,Achiasmatic,Achiasmatic,Heterogametic,XY,8
Animalia|Insecta|Diptera|Drosophilidae|Drosophila|biauraria,biauraria,Animalia,Insecta,Diptera,Drosophilidae,Drosophila,biauraria,Achiasmatic,Achiasmatic,Heterogametic,XY,6
Animalia|Insecta|Diptera|Drosophilidae|Drosophila|bicornuta,bicornuta,Animalia,Insecta,Diptera,Drosophilidae,Drosophila,bicornuta,Achiasmatic,Achiasmatic,Heterogametic,XY,8
Animalia|Insecta|Diptera|Drosophilidae|Drosophila|bifasciata,bifasciata,Animalia,Insecta,Diptera,Drosophilidae,Drosophila,bifasciata,Achiasmatic,Achiasmatic,Heterogametic,NA,10
Animalia|Insecta|Diptera|Drosophilidae|Drosophila|bifasicata,bifasicata,Animalia,Insecta,Diptera,Drosophilidae,Drosophila,bifasicata,Achiasmatic,Achiasmatic,Heterogametic,XY,10
Animalia|Insecta|Diptera|Drosophilidae|Drosophila|bifurca,bifurca,Animalia,Insecta,Diptera,Drosophilidae,Drosophila,bifurca,Achiasmatic,Achiasmatic,Heterogametic,XY,12
Animalia|Insecta|Diptera|Drosophilidae|Drosophila|biopaca,biopaca,Animalia,Insecta,Diptera,Drosophilidae,Drosophila,biopaca,Achiasmatic,Achiasmatic,Heterogametic,NA,6
Animalia|Insecta|Diptera|Drosophilidae|Drosophila|bipectinata,bipectinata,Animalia,Insecta,Diptera,Drosophilidae,Drosophila,bipectinata,Achiasmatic,Achiasmatic,Heterogametic,XY,8
Animalia|Insecta|Diptera|Drosophilidae|Drosophila|bipunctata,bipunctata,Animalia,Insecta,Diptera,Drosophilidae,Drosophila,bipunctata,Achiasmatic,Achiasmatic,Heterogametic,XY,12
Animalia|Insecta|Diptera|Drosophilidae|Drosophila|birchii,birchii,Animalia,Insecta,Diptera,Drosophilidae,Drosophila,birchii,Achiasmatic,Achiasmatic,Heterogametic,XY,8
Animalia|Insecta|Diptera|Drosophilidae|Drosophila|biseriata,biseriata,Animalia,Insecta,Diptera,Drosophilidae,Drosophila,biseriata,Achiasmatic,Achiasmatic,Heterogametic,NA,10
Animalia|Insecta|Diptera|Drosophilidae|Drosophila|biseriata-like,biseriata-like,Animalia,Insecta,Diptera,Drosophilidae,Drosophila,biseriata-like,Achiasmatic,Achiasmatic,Heterogametic,NA,12
Animalia|Insecta|Diptera|Drosophilidae|Drosophila|bizonata,bizonata,Animalia,Insecta,Diptera,Drosophilidae,Drosophila,bizonata,Achiasmatic,Achiasmatic,Heterogametic,XY,8
Animalia|Insecta|Diptera|Drosophilidae|Drosophila|blumelae,blumelae,Animalia,Insecta,Diptera,Drosophilidae,Drosophila,blumelae,Achiasmatic,Achiasmatic,Heterogametic,XY,12
Animalia|Insecta|Diptera|Drosophilidae|Drosophila|bocainensis,bocainensis,Animalia,Insecta,Diptera,Drosophilidae,Drosophila,bocainensis,Achiasmatic,Achiasmatic,Heterogametic,XY,6
Animalia|Insecta|Diptera|Drosophilidae|Drosophila|bocainoides,bocainoides,Animalia,Insecta,Diptera,Drosophilidae,Drosophila,bocainoides,Achiasmatic,Achiasmatic,Heterogametic,NA,6
Animalia|Insecta|Diptera|Drosophilidae|Drosophila|bocki,bocki,Animalia,Insecta,Diptera,Drosophilidae,Drosophila,bocki,Achiasmatic,Achiasmatic,Heterogametic,XY,8
Animalia|Insecta|Diptera|Drosophilidae|Drosophila|bocqueti,bocqueti,Animalia,Insecta,Diptera,Drosophilidae,Drosophila,bocqueti,Achiasmatic,Achiasmatic,Heterogametic,NA,8
Animalia|Insecta|Diptera|Drosophilidae|Drosophila|borborema,borborema,Animalia,Insecta,Diptera,Drosophilidae,Drosophila,borborema,Achiasmatic,Achiasmatic,Heterogametic,NA,12
Animalia|Insecta|Diptera|Drosophilidae|Drosophila|borealis,borealis,Animalia,Insecta,Diptera,Drosophilidae,Drosophila,borealis,Achiasmatic,Achiasmatic,Heterogametic,NA,12
Animalia|Insecta|Diptera|Drosophilidae|Drosophila|bostrycha,bostrycha,Animalia,Insecta,Diptera,Drosophilidae,Drosophila,bostrycha,Achiasmatic,Achiasmatic,Heterogametic,NA,12
Animalia|Insecta|Diptera|Drosophilidae|Drosophila|brachynephros,brachynephros,Animalia,Insecta,Diptera,Drosophilidae,Drosophila,brachynephros,Achiasmatic,Achiasmatic,Heterogametic,NA,12
Animalia|Insecta|Diptera|Drosophilidae|Drosophila|brevicarinata,brevicarinata,Animalia,Insecta,Diptera,Drosophilidae,Drosophila,brevicarinata,Achiasmatic,Achiasmatic,Heterogametic,XY,12
Animalia|Insecta|Diptera|Drosophilidae|Drosophila|briegeri,briegeri,Animalia,Insecta,Diptera,Drosophilidae,Drosophila,briegeri,Achiasmatic,Achiasmatic,Heterogametic,NA,8
Animalia|Insecta|Diptera|Drosophilidae|Drosophila|bristle,bristle,Animalia,Insecta,Diptera,Drosophilidae,Drosophila,bristle,Achiasmatic,Achiasmatic,Heterogametic,NA,10
Animalia|Insecta|Diptera|Drosophilidae|Drosophila|brncici,brncici,Animalia,Insecta,Diptera,Drosophilidae,Drosophila,brncici,Achiasmatic,Achiasmatic,Heterogametic,NA,10
Animalia|Insecta|Diptera|Drosophilidae|Drosophila|bromeliae,bromeliae,Animalia,Insecta,Diptera,Drosophilidae,Drosophila,bromeliae,Achiasmatic,Achiasmatic,Heterogametic,XY,8
Animalia|Insecta|Diptera|Drosophilidae|Drosophila|bromelioides,bromelioides,Animalia,Insecta,Diptera,Drosophilidae,Drosophila,bromelioides,Achiasmatic,Achiasmatic,Heterogametic,XY,8
Animalia|Insecta|Diptera|Drosophilidae|Drosophila|brooksae,brooksae,Animalia,Insecta,Diptera,Drosophilidae,Drosophila,brooksae,Achiasmatic,Achiasmatic,Heterogametic,XY,8
Animalia|Insecta|Diptera|Drosophilidae|Drosophila|brunneipalpa,brunneipalpa,Animalia,Insecta,Diptera,Drosophilidae,Drosophila,brunneipalpa,Achiasmatic,Achiasmatic,Heterogametic,XY,12
Animalia|Insecta|Diptera|Drosophilidae|Drosophila|brunneipennis,brunneipennis,Animalia,Insecta,Diptera,Drosophilidae,Drosophila,brunneipennis,Achiasmatic,Achiasmatic,Heterogametic,NA,12
Animalia|Insecta|Diptera|Drosophilidae|Drosophila|bryani,bryani,Animalia,Insecta,Diptera,Drosophilidae,Drosophila,bryani,Achiasmatic,Achiasmatic,Heterogametic,NA,6
Animalia|Insecta|Diptera|Drosophilidae|Drosophila|busckii,busckii,Animalia,Insecta,Diptera,Drosophilidae,Drosophila,busckii,Achiasmatic,Achiasmatic,Heterogametic,NA,6
Animalia|Insecta|Diptera|Drosophilidae|Drosophila|buzzatii,buzzatii,Animalia,Insecta,Diptera,Drosophilidae,Drosophila,buzzatii,Achiasmatic,Achiasmatic,Heterogametic,XY,12
Animalia|Insecta|Diptera|Drosophilidae|Drosophila|californica,californica,Animalia,Insecta,Diptera,Drosophilidae,Drosophila,californica,Achiasmatic,Achiasmatic,Heterogametic,NA,8
Animalia|Insecta|Diptera|Drosophilidae|Drosophila|calloptera,calloptera,Animalia,Insecta,Diptera,Drosophilidae,Drosophila,calloptera,Achiasmatic,Achiasmatic,Heterogametic,XY,10
Animalia|Insecta|Diptera|Drosophilidae|Drosophila|camargoi,camargoi,Animalia,Insecta,Diptera,Drosophilidae,Drosophila,camargoi,Achiasmatic,Achiasmatic,Heterogametic,NA,8
Animalia|Insecta|Diptera|Drosophilidae|Drosophila|camaronensis,camaronensis,Animalia,Insecta,Diptera,Drosophilidae,Drosophila,camaronensis,Achiasmatic,Achiasmatic,Heterogametic,NA,10
Animalia|Insecta|Diptera|Drosophilidae|Drosophila|canalinea,canalinea,Animalia,Insecta,Diptera,Drosophilidae,Drosophila,canalinea,Achiasmatic,Achiasmatic,Heterogametic,XY,8
Animalia|Insecta|Diptera|Drosophilidae|Drosophila|canalinioides,canalinioides,Animalia,Insecta,Diptera,Drosophilidae,Drosophila,canalinioides,Achiasmatic,Achiasmatic,Heterogametic,XY,12
Animalia|Insecta|Diptera|Drosophilidae|Drosophila|canapalpa,canapalpa,Animalia,Insecta,Diptera,Drosophilidae,Drosophila,canapalpa,Achiasmatic,Achiasmatic,Heterogametic,XY,12
Animalia|Insecta|Diptera|Drosophilidae|Drosophila|cancellata,cancellata,Animalia,Insecta,Diptera,Drosophilidae,Drosophila,cancellata,Achiasmatic,Achiasmatic,Heterogametic,NA,10
Animalia|Insecta|Diptera|Drosophilidae|Drosophila|caponei,caponei,Animalia,Insecta,Diptera,Drosophilidae,Drosophila,caponei,Achiasmatic,Achiasmatic,Heterogametic,NA,8
Animalia|Insecta|Diptera|Drosophilidae|Drosophila|capricorni,capricorni,Animalia,Insecta,Diptera,Drosophilidae,Drosophila,capricorni,Achiasmatic,Achiasmatic,Heterogametic,XY,6
Animalia|Insecta|Diptera|Drosophilidae|Drosophila|carbonaria,carbonaria,Animalia,Insecta,Diptera,Drosophilidae,Drosophila,carbonaria,Achiasmatic,Achiasmatic,Heterogametic,NA,12
Animalia|Insecta|Diptera|Drosophilidae|Drosophila|carcinophila,carcinophila,Animalia,Insecta,Diptera,Drosophilidae,Drosophila,carcinophila,Achiasmatic,Achiasmatic,Heterogametic,NA,10
Animalia|Insecta|Diptera|Drosophilidae|Drosophila|cardini,cardini,Animalia,Insecta,Diptera,Drosophilidae,Drosophila,cardini,Achiasmatic,Achiasmatic,Heterogametic,XY,12
Animalia|Insecta|Diptera|Drosophilidae|Drosophila|cardinoides,cardinoides,Animalia,Insecta,Diptera,Drosophilidae,Drosophila,cardinoides,Achiasmatic,Achiasmatic,Heterogametic,XY,8
Animalia|Insecta|Diptera|Drosophilidae|Drosophila|caribaiana,caribaiana,Animalia,Insecta,Diptera,Drosophilidae,Drosophila,caribaiana,Achiasmatic,Achiasmatic,Heterogametic,NA,8
Animalia|Insecta|Diptera|Drosophilidae|Drosophila|carsoni,carsoni,Animalia,Insecta,Diptera,Drosophilidae,Drosophila,carsoni,Achiasmatic,Achiasmatic,Heterogametic,NA,12
Animalia|Insecta|Diptera|Drosophilidae|Drosophila|castanea,castanea,Animalia,Insecta,Diptera,Drosophilidae,Drosophila,castanea,Achiasmatic,Achiasmatic,Heterogametic,XY,8
Animalia|Insecta|Diptera|Drosophilidae|Drosophila|centralis,centralis,Animalia,Insecta,Diptera,Drosophilidae,Drosophila,centralis,Achiasmatic,Achiasmatic,Heterogametic,XY,12
Animalia|Insecta|Diptera|Drosophilidae|Drosophila|chaetopeza,chaetopeza,Animalia,Insecta,Diptera,Drosophilidae,Drosophila,chaetopeza,Achiasmatic,Achiasmatic,Heterogametic,NA,12
Animalia|Insecta|Diptera|Drosophilidae|Drosophila|chamundiensis,chamundiensis,Animalia,Insecta,Diptera,Drosophilidae,Drosophila,chamundiensis,Achiasmatic,Achiasmatic,Heterogametic,XY,8
Animalia|Insecta|Diptera|Drosophilidae|Drosophila|cheda,cheda,Animalia,Insecta,Diptera,Drosophilidae,Drosophila,cheda,Achiasmatic,Achiasmatic,Heterogametic,XY,8
Animalia|Insecta|Diptera|Drosophilidae|Drosophila|ciliaticrus,ciliaticrus,Animalia,Insecta,Diptera,Drosophilidae,Drosophila,ciliaticrus,Achiasmatic,Achiasmatic,Heterogametic,NA,12
Animalia|Insecta|Diptera|Drosophilidae|Drosophila|cilifemorata,cilifemorata,Animalia,Insecta,Diptera,Drosophilidae,Drosophila,cilifemorata,Achiasmatic,Achiasmatic,Heterogametic,NA,12
Animalia|Insecta|Diptera|Drosophilidae|Drosophila|cilifera,cilifera,Animalia,Insecta,Diptera,Drosophilidae,Drosophila,cilifera,Achiasmatic,Achiasmatic,Heterogametic,NA,12
Animalia|Insecta|Diptera|Drosophilidae|Drosophila|circumdata,circumdata,Animalia,Insecta,Diptera,Drosophilidae,Drosophila,circumdata,Achiasmatic,Achiasmatic,Heterogametic,XY,12
Animalia|Insecta|Diptera|Drosophilidae|Drosophila|clavisetae,clavisetae,Animalia,Insecta,Diptera,Drosophilidae,Drosophila,clavisetae,Achiasmatic,Achiasmatic,Heterogametic,NA,12
Animalia|Insecta|Diptera|Drosophilidae|Drosophila|claytonae,claytonae,Animalia,Insecta,Diptera,Drosophilidae,Drosophila,claytonae,Achiasmatic,Achiasmatic,Heterogametic,NA,12
Animalia|Insecta|Diptera|Drosophilidae|Drosophila|cognata,cognata,Animalia,Insecta,Diptera,Drosophilidae,Drosophila,cognata,Achiasmatic,Achiasmatic,Heterogametic,NA,12
Animalia|Insecta|Diptera|Drosophilidae|Drosophila|colorata,colorata,Animalia,Insecta,Diptera,Drosophilidae,Drosophila,colorata,Achiasmatic,Achiasmatic,Heterogametic,XY,12
Animalia|Insecta|Diptera|Drosophilidae|Drosophila|comatifemora,comatifemora,Animalia,Insecta,Diptera,Drosophilidae,Drosophila,comatifemora,Achiasmatic,Achiasmatic,Heterogametic,NA,12
Animalia|Insecta|Diptera|Drosophilidae|Drosophila|confusa,confusa,Animalia,Insecta,Diptera,Drosophilidae,Drosophila,confusa,Achiasmatic,Achiasmatic,Heterogametic,NA,10
Animalia|Insecta|Diptera|Drosophilidae|Drosophila|conjectura,conjectura,Animalia,Insecta,Diptera,Drosophilidae,Drosophila,conjectura,Achiasmatic,Achiasmatic,Heterogametic,NA,12
Animalia|Insecta|Diptera|Drosophilidae|Drosophila|conspicua,conspicua,Animalia,Insecta,Diptera,Drosophilidae,Drosophila,conspicua,Achiasmatic,Achiasmatic,Heterogametic,NA,12
Animalia|Insecta|Diptera|Drosophilidae|Drosophila|converga,converga,Animalia,Insecta,Diptera,Drosophilidae,Drosophila,converga,Achiasmatic,Achiasmatic,Heterogametic,NA,12
Animalia|Insecta|Diptera|Drosophilidae|Drosophila|coracina,coracina,Animalia,Insecta,Diptera,Drosophilidae,Drosophila,coracina,Achiasmatic,Achiasmatic,Heterogametic,XY,8
Animalia|Insecta|Diptera|Drosophilidae|Drosophila|cordata,cordata,Animalia,Insecta,Diptera,Drosophilidae,Drosophila,cordata,Achiasmatic,Achiasmatic,Heterogametic,NA,6
Animalia|Insecta|Diptera|Drosophilidae|Drosophila|coroica,coroica,Animalia,Insecta,Diptera,Drosophilidae,Drosophila,coroica,Achiasmatic,Achiasmatic,Heterogametic,NA,12
Animalia|Insecta|Diptera|Drosophilidae|Drosophila|crassifemur,crassifemur,Animalia,Insecta,Diptera,Drosophilidae,Drosophila,crassifemur,Achiasmatic,Achiasmatic,Heterogametic,NA,10
Animalia|Insecta|Diptera|Drosophilidae|Drosophila|crocina,crocina,Animalia,Insecta,Diptera,Drosophilidae,Drosophila,crocina,Achiasmatic,Achiasmatic,Heterogametic,XY,12
Animalia|Insecta|Diptera|Drosophilidae|Drosophila|crucigera,crucigera,Animalia,Insecta,Diptera,Drosophilidae,Drosophila,crucigera,Achiasmatic,Achiasmatic,Heterogametic,NA,12
Animalia|Insecta|Diptera|Drosophilidae|Drosophila|cuauhtemoci,cuauhtemoci,Animalia,Insecta,Diptera,Drosophilidae,Drosophila,cuauhtemoci,Achiasmatic,Achiasmatic,Heterogametic,NA,10
Animalia|Insecta|Diptera|Drosophilidae|Drosophila|curviceps,curviceps,Animalia,Insecta,Diptera,Drosophilidae,Drosophila,curviceps,Achiasmatic,Achiasmatic,Heterogametic,NA,8
Animalia|Insecta|Diptera|Drosophilidae|Drosophila|cyrtoloma,cyrtoloma,Animalia,Insecta,Diptera,Drosophilidae,Drosophila,cyrtoloma,Achiasmatic,Achiasmatic,Heterogametic,NA,12
Animalia|Insecta|Diptera|Drosophilidae|Drosophila|davidi,davidi,Animalia,Insecta,Diptera,Drosophilidae,Drosophila,davidi,Achiasmatic,Achiasmatic,Heterogametic,XY,8
Animalia|Insecta|Diptera|Drosophilidae|Drosophila|deltaneuron,deltaneuron,Animalia,Insecta,Diptera,Drosophilidae,Drosophila,deltaneuron,Achiasmatic,Achiasmatic,Heterogametic,NA,8
Animalia|Insecta|Diptera|Drosophilidae|Drosophila|denticulata,denticulata,Animalia,Insecta,Diptera,Drosophilidae,Drosophila,denticulata,Achiasmatic,Achiasmatic,Heterogametic,XY,8
Animalia|Insecta|Diptera|Drosophilidae|Drosophila|desertorum,desertorum,Animalia,Insecta,Diptera,Drosophilidae,Drosophila,desertorum,Achiasmatic,Achiasmatic,Heterogametic,NA,12
Animalia|Insecta|Diptera|Drosophilidae|Drosophila|diamphidiopoda,diamphidiopoda,Animalia,Insecta,Diptera,Drosophilidae,Drosophila,diamphidiopoda,Achiasmatic,Achiasmatic,Heterogametic,NA,12
Animalia|Insecta|Diptera|Drosophilidae|Drosophila|differens,differens,Animalia,Insecta,Diptera,Drosophilidae,Drosophila,differens,Achiasmatic,Achiasmatic,Heterogametic,NA,12
Animalia|Insecta|Diptera|Drosophilidae|Drosophila|digressa,digressa,Animalia,Insecta,Diptera,Drosophilidae,Drosophila,digressa,Achiasmatic,Achiasmatic,Heterogametic,NA,12
Animalia|Insecta|Diptera|Drosophilidae|Drosophila|diminuens,diminuens,Animalia,Insecta,Diptera,Drosophilidae,Drosophila,diminuens,Achiasmatic,Achiasmatic,Heterogametic,NA,12
Animalia|Insecta|Diptera|Drosophilidae|Drosophila|discreta,discreta,Animalia,Insecta,Diptera,Drosophilidae,Drosophila,discreta,Achiasmatic,Achiasmatic,Heterogametic,NA,12
Animalia|Insecta|Diptera|Drosophilidae|Drosophila|disjuncta,disjuncta,Animalia,Insecta,Diptera,Drosophilidae,Drosophila,disjuncta,Achiasmatic,Achiasmatic,Heterogametic,NA,12
Animalia|Insecta|Diptera|Drosophilidae|Drosophila|dissita,dissita,Animalia,Insecta,Diptera,Drosophilidae,Drosophila,dissita,Achiasmatic,Achiasmatic,Heterogametic,NA,12
Animalia|Insecta|Diptera|Drosophilidae|Drosophila|disticha,disticha,Animalia,Insecta,Diptera,Drosophilidae,Drosophila,disticha,Achiasmatic,Achiasmatic,Heterogametic,NA,12
Animalia|Insecta|Diptera|Drosophilidae|Drosophila|distinguenda,distinguenda,Animalia,Insecta,Diptera,Drosophilidae,Drosophila,distinguenda,Achiasmatic,Achiasmatic,Heterogametic,NA,12
Animalia|Insecta|Diptera|Drosophilidae|Drosophila|divaricata,divaricata,Animalia,Insecta,Diptera,Drosophilidae,Drosophila,divaricata,Achiasmatic,Achiasmatic,Heterogametic,NA,12
Animalia|Insecta|Diptera|Drosophilidae|Drosophila|dominicana,dominicana,Animalia,Insecta,Diptera,Drosophilidae,Drosophila,dominicana,Achiasmatic,Achiasmatic,Heterogametic,XY,8
Animalia|Insecta|Diptera|Drosophilidae|Drosophila|dreyfusi,dreyfusi,Animalia,Insecta,Diptera,Drosophilidae,Drosophila,dreyfusi,Achiasmatic,Achiasmatic,Heterogametic,XY,6
Animalia|Insecta|Diptera|Drosophilidae|Drosophila|duncani,duncani,Animalia,Insecta,Diptera,Drosophilidae,Drosophila,duncani,Achiasmatic,Achiasmatic,Heterogametic,XY,10
Animalia|Insecta|Diptera|Drosophilidae|Drosophila|dunni,dunni,Animalia,Insecta,Diptera,Drosophilidae,Drosophila,dunni,Achiasmatic,Achiasmatic,Heterogametic,NA,8
Animalia|Insecta|Diptera|Drosophilidae|Drosophila|earlei,earlei,Animalia,Insecta,Diptera,Drosophilidae,Drosophila,earlei,Achiasmatic,Achiasmatic,Heterogametic,NA,6
Animalia|Insecta|Diptera|Drosophilidae|Drosophila|eilifera,eilifera,Animalia,Insecta,Diptera,Drosophilidae,Drosophila,eilifera,Achiasmatic,Achiasmatic,Heterogametic,NA,12
Animalia|Insecta|Diptera|Drosophilidae|Drosophila|elegans,elegans,Animalia,Insecta,Diptera,Drosophilidae,Drosophila,elegans,Achiasmatic,Achiasmatic,Heterogametic,XY,10
Animalia|Insecta|Diptera|Drosophilidae|Drosophila|elliptica,elliptica,Animalia,Insecta,Diptera,Drosophilidae,Drosophila,elliptica,Achiasmatic,Achiasmatic,Heterogametic,NA,6
Animalia|Insecta|Diptera|Drosophilidae|Drosophila|emarginata,emarginata,Animalia,Insecta,Diptera,Drosophilidae,Drosophila,emarginata,Achiasmatic,Achiasmatic,Heterogametic,NA,6
Animalia|Insecta|Diptera|Drosophilidae|Drosophila|endobranchia,endobranchia,Animalia,Insecta,Diptera,Drosophilidae,Drosophila,endobranchia,Achiasmatic,Achiasmatic,Heterogametic,NA,8
Animalia|Insecta|Diptera|Drosophilidae|Drosophila|engyochracea,engyochracea,Animalia,Insecta,Diptera,Drosophilidae,Drosophila,engyochracea,Achiasmatic,Achiasmatic,Heterogametic,NA,12
Animalia|Insecta|Diptera|Drosophilidae|Drosophila|enigma,enigma,Animalia,Insecta,Diptera,Drosophilidae,Drosophila,enigma,Achiasmatic,Achiasmatic,Heterogametic,XY,12
Animalia|Insecta|Diptera|Drosophilidae|Drosophila|entrichocnema,entrichocnema,Animalia,Insecta,Diptera,Drosophilidae,Drosophila,entrichocnema,Achiasmatic,Achiasmatic,Heterogametic,NA,12
Animalia|Insecta|Diptera|Drosophilidae|Drosophila|eohydei,eohydei,Animalia,Insecta,Diptera,Drosophilidae,Drosophila,eohydei,Achiasmatic,Achiasmatic,Heterogametic,XY,12
Animalia|Insecta|Diptera|Drosophilidae|Drosophila|equinioxialis,equinioxialis,Animalia,Insecta,Diptera,Drosophilidae,Drosophila,equinioxialis,Achiasmatic,Achiasmatic,Heterogametic,XY,6
Animalia|Insecta|Diptera|Drosophilidae|Drosophila|ercepeae,ercepeae,Animalia,Insecta,Diptera,Drosophilidae,Drosophila,ercepeae,Achiasmatic,Achiasmatic,Heterogametic,XY,8
Animalia|Insecta|Diptera|Drosophilidae|Drosophila|erecta,erecta,Animalia,Insecta,Diptera,Drosophilidae,Drosophila,erecta,Achiasmatic,Achiasmatic,Heterogametic,XY,8
Animalia|Insecta|Diptera|Drosophilidae|Drosophila|eremophila,eremophila,Animalia,Insecta,Diptera,Drosophilidae,Drosophila,eremophila,Achiasmatic,Achiasmatic,Heterogametic,XY,12
Animalia|Insecta|Diptera|Drosophilidae|Drosophila|eskoi,eskoi,Animalia,Insecta,Diptera,Drosophilidae,Drosophila,eskoi,Achiasmatic,Achiasmatic,Heterogametic,XY,10
Animalia|Insecta|Diptera|Drosophilidae|Drosophila|eugracilis,eugracilis,Animalia,Insecta,Diptera,Drosophilidae,Drosophila,eugracilis,Achiasmatic,Achiasmatic,Heterogametic,XY,6
Animalia|Insecta|Diptera|Drosophilidae|Drosophila|euronotus,euronotus,Animalia,Insecta,Diptera,Drosophilidae,Drosophila,euronotus,Achiasmatic,Achiasmatic,Heterogametic,NA,10
Animalia|Insecta|Diptera|Drosophilidae|Drosophila|eurypeza,eurypeza,Animalia,Insecta,Diptera,Drosophilidae,Drosophila,eurypeza,Achiasmatic,Achiasmatic,Heterogametic,NA,12
Animalia|Insecta|Diptera|Drosophilidae|Drosophila|ezoana,ezoana,Animalia,Insecta,Diptera,Drosophilidae,Drosophila,ezoana,Achiasmatic,Achiasmatic,Heterogametic,NA,12
Animalia|Insecta|Diptera|Drosophilidae|Drosophila|facialba,facialba,Animalia,Insecta,Diptera,Drosophilidae,Drosophila,facialba,Achiasmatic,Achiasmatic,Heterogametic,NA,12
Animalia|Insecta|Diptera|Drosophilidae|Drosophila|fairchildi,fairchildi,Animalia,Insecta,Diptera,Drosophilidae,Drosophila,fairchildi,Achiasmatic,Achiasmatic,Heterogametic,NA,10
Animalia|Insecta|Diptera|Drosophilidae|Drosophila|falleni,falleni,Animalia,Insecta,Diptera,Drosophilidae,Drosophila,falleni,Achiasmatic,Achiasmatic,Heterogametic,NA,12
Animalia|Insecta|Diptera|Drosophilidae|Drosophila|fasciculisetae,fasciculisetae,Animalia,Insecta,Diptera,Drosophilidae,Drosophila,fasciculisetae,Achiasmatic,Achiasmatic,Heterogametic,NA,12
Animalia|Insecta|Diptera|Drosophilidae|Drosophila|fasciola,fasciola,Animalia,Insecta,Diptera,Drosophilidae,Drosophila,fasciola,Achiasmatic,Achiasmatic,Heterogametic,XY,12
Animalia|Insecta|Diptera|Drosophilidae|Drosophila|fascioloides,fascioloides,Animalia,Insecta,Diptera,Drosophilidae,Drosophila,fascioloides,Achiasmatic,Achiasmatic,Heterogametic,NA,8
Animalia|Insecta|Diptera|Drosophilidae|Drosophila|ficusphila,ficusphila,Animalia,Insecta,Diptera,Drosophilidae,Drosophila,ficusphila,Achiasmatic,Achiasmatic,Heterogametic,XY,8
Animalia|Insecta|Diptera|Drosophilidae|Drosophila|flavibasis,flavibasis,Animalia,Insecta,Diptera,Drosophilidae,Drosophila,flavibasis,Achiasmatic,Achiasmatic,Heterogametic,NA,12
Animalia|Insecta|Diptera|Drosophilidae|Drosophila|flavomontana,flavomontana,Animalia,Insecta,Diptera,Drosophilidae,Drosophila,flavomontana,Achiasmatic,Achiasmatic,Heterogametic,NA,12
Animalia|Insecta|Diptera|Drosophilidae|Drosophila|flavopilosa,flavopilosa,Animalia,Insecta,Diptera,Drosophilidae,Drosophila,flavopilosa,Achiasmatic,Achiasmatic,Heterogametic,NA,12
Animalia|Insecta|Diptera|Drosophilidae|Drosophila|flavopinicola,flavopinicola,Animalia,Insecta,Diptera,Drosophilidae,Drosophila,flavopinicola,Achiasmatic,Achiasmatic,Heterogametic,XY,12
Animalia|Insecta|Diptera|Drosophilidae|Drosophila|flavorepleta,flavorepleta,Animalia,Insecta,Diptera,Drosophilidae,Drosophila,flavorepleta,Achiasmatic,Achiasmatic,Heterogametic,XY,12
Animalia|Insecta|Diptera|Drosophilidae|Drosophila|flexipes,flexipes,Animalia,Insecta,Diptera,Drosophilidae,Drosophila,flexipes,Achiasmatic,Achiasmatic,Heterogametic,NA,12
Animalia|Insecta|Diptera|Drosophilidae|Drosophila|florae,florae,Animalia,Insecta,Diptera,Drosophilidae,Drosophila,florae,Achiasmatic,Achiasmatic,Heterogametic,XY,8
Animalia|Insecta|Diptera|Drosophilidae|Drosophila|formella,formella,Animalia,Insecta,Diptera,Drosophilidae,Drosophila,formella,Achiasmatic,Achiasmatic,Heterogametic,XY,12
Animalia|Insecta|Diptera|Drosophilidae|Drosophila|fragilis,fragilis,Animalia,Insecta,Diptera,Drosophilidae,Drosophila,fragilis,Achiasmatic,Achiasmatic,Heterogametic,NA,10
Animalia|Insecta|Diptera|Drosophilidae|Drosophila|freycinetiae,freycinetiae,Animalia,Insecta,Diptera,Drosophilidae,Drosophila,freycinetiae,Achiasmatic,Achiasmatic,Heterogametic,NA,12
Animalia|Insecta|Diptera|Drosophilidae|Drosophila|fuliginea,fuliginea,Animalia,Insecta,Diptera,Drosophilidae,Drosophila,fuliginea,Achiasmatic,Achiasmatic,Heterogametic,XY,8
Animalia|Insecta|Diptera|Drosophilidae|Drosophila|fulvalineata,fulvalineata,Animalia,Insecta,Diptera,Drosophilidae,Drosophila,fulvalineata,Achiasmatic,Achiasmatic,Heterogametic,XY,12
Animalia|Insecta|Diptera|Drosophilidae|Drosophila|fulvimacula,fulvimacula,Animalia,Insecta,Diptera,Drosophilidae,Drosophila,fulvimacula,Achiasmatic,Achiasmatic,Heterogametic,NA,12
Animalia|Insecta|Diptera|Drosophilidae|Drosophila|fulvimaculoides,fulvimaculoides,Animalia,Insecta,Diptera,Drosophilidae,Drosophila,fulvimaculoides,Achiasmatic,Achiasmatic,Heterogametic,XY,12
Animalia|Insecta|Diptera|Drosophilidae|Drosophila|fumida,fumida,Animalia,Insecta,Diptera,Drosophilidae,Drosophila,fumida,Achiasmatic,Achiasmatic,Heterogametic,XY,8
Animalia|Insecta|Diptera|Drosophilidae|Drosophila|fumipennis,fumipennis,Animalia,Insecta,Diptera,Drosophilidae,Drosophila,fumipennis,Achiasmatic,Achiasmatic,Heterogametic,XY,6
Animalia|Insecta|Diptera|Drosophilidae|Drosophila|fumosa,fumosa,Animalia,Insecta,Diptera,Drosophilidae,Drosophila,fumosa,Achiasmatic,Achiasmatic,Heterogametic,XY,8
Animalia|Insecta|Diptera|Drosophilidae|Drosophila|funebris,funebris,Animalia,Insecta,Diptera,Drosophilidae,Drosophila,funebris,Achiasmatic,Achiasmatic,Heterogametic,NA,12
Animalia|Insecta|Diptera|Drosophilidae|Drosophila|fuscoamoeba,fuscoamoeba,Animalia,Insecta,Diptera,Drosophilidae,Drosophila,fuscoamoeba,Achiasmatic,Achiasmatic,Heterogametic,NA,12
Animalia|Insecta|Diptera|Drosophilidae|Drosophila|gasici,gasici,Animalia,Insecta,Diptera,Drosophilidae,Drosophila,gasici,Achiasmatic,Achiasmatic,Heterogametic,NA,10
Animalia|Insecta|Diptera|Drosophilidae|Drosophila|gaucha,gaucha,Animalia,Insecta,Diptera,Drosophilidae,Drosophila,gaucha,Achiasmatic,Achiasmatic,Heterogametic,NA,10
Animalia|Insecta|Diptera|Drosophilidae|Drosophila|gibberosa,gibberosa,Animalia,Insecta,Diptera,Drosophilidae,Drosophila,gibberosa,Achiasmatic,Achiasmatic,Heterogametic,XY,10
Animalia|Insecta|Diptera|Drosophilidae|Drosophila|giriensis,giriensis,Animalia,Insecta,Diptera,Drosophilidae,Drosophila,giriensis,Achiasmatic,Achiasmatic,Heterogametic,XY,8
Animalia|Insecta|Diptera|Drosophilidae|Drosophila|glabriapex,glabriapex,Animalia,Insecta,Diptera,Drosophilidae,Drosophila,glabriapex,Achiasmatic,Achiasmatic,Heterogametic,NA,12
Animalia|Insecta|Diptera|Drosophilidae|Drosophila|goureaui,goureaui,Animalia,Insecta,Diptera,Drosophilidae,Drosophila,goureaui,Achiasmatic,Achiasmatic,Heterogametic,NA,12
Animalia|Insecta|Diptera|Drosophilidae|Drosophila|gradata,gradata,Animalia,Insecta,Diptera,Drosophilidae,Drosophila,gradata,Achiasmatic,Achiasmatic,Heterogametic,NA,12
Animalia|Insecta|Diptera|Drosophilidae|Drosophila|greeni,greeni,Animalia,Insecta,Diptera,Drosophilidae,Drosophila,greeni,Achiasmatic,Achiasmatic,Heterogametic,NA,8
Animalia|Insecta|Diptera|Drosophilidae|Drosophila|greerae,greerae,Animalia,Insecta,Diptera,Drosophilidae,Drosophila,greerae,Achiasmatic,Achiasmatic,Heterogametic,XY,12
Animalia|Insecta|Diptera|Drosophilidae|Drosophila|grimshawi,grimshawi,Animalia,Insecta,Diptera,Drosophilidae,Drosophila,grimshawi,Achiasmatic,Achiasmatic,Heterogametic,NA,12
Animalia|Insecta|Diptera|Drosophilidae|Drosophila|grisea,grisea,Animalia,Insecta,Diptera,Drosophilidae,Drosophila,grisea,Achiasmatic,Achiasmatic,Heterogametic,XO,12
Animalia|Insecta|Diptera|Drosophilidae|Drosophila|griseolineata,griseolineata,Animalia,Insecta,Diptera,Drosophilidae,Drosophila,griseolineata,Achiasmatic,Achiasmatic,Heterogametic,XY,12
Animalia|Insecta|Diptera|Drosophilidae|Drosophila|guanche,guanche,Animalia,Insecta,Diptera,Drosophilidae,Drosophila,guanche,Achiasmatic,Achiasmatic,Heterogametic,XY,10
Animalia|Insecta|Diptera|Drosophilidae|Drosophila|guaraja,guaraja,Animalia,Insecta,Diptera,Drosophilidae,Drosophila,guaraja,Achiasmatic,Achiasmatic,Heterogametic,XY,10
Animalia|Insecta|Diptera|Drosophilidae|Drosophila|guaramunu,guaramunu,Animalia,Insecta,Diptera,Drosophilidae,Drosophila,guaramunu,Achiasmatic,Achiasmatic,Heterogametic,XY,12
Animalia|Insecta|Diptera|Drosophilidae|Drosophila|guarani,guarani,Animalia,Insecta,Diptera,Drosophilidae,Drosophila,guarani,Achiasmatic,Achiasmatic,Heterogametic,XY,12
Animalia|Insecta|Diptera|Drosophilidae|Drosophila|guaru,guaru,Animalia,Insecta,Diptera,Drosophilidae,Drosophila,guaru,Achiasmatic,Achiasmatic,Heterogametic,XY,12
Animalia|Insecta|Diptera|Drosophilidae|Drosophila|guttifera,guttifera,Animalia,Insecta,Diptera,Drosophilidae,Drosophila,guttifera,Achiasmatic,Achiasmatic,Heterogametic,XY,12
Animalia|Insecta|Diptera|Drosophilidae|Drosophila|gymnobasis,gymnobasis,Animalia,Insecta,Diptera,Drosophilidae,Drosophila,gymnobasis,Achiasmatic,Achiasmatic,Heterogametic,NA,12
Animalia|Insecta|Diptera|Drosophilidae|Drosophila|gymnophallus,gymnophallus,Animalia,Insecta,Diptera,Drosophilidae,Drosophila,gymnophallus,Achiasmatic,Achiasmatic,Heterogametic,NA,12
Animalia|Insecta|Diptera|Drosophilidae|Drosophila|hamatofila,hamatofila,Animalia,Insecta,Diptera,Drosophilidae,Drosophila,hamatofila,Achiasmatic,Achiasmatic,Heterogametic,XY,12
Animalia|Insecta|Diptera|Drosophilidae|Drosophila|hamifera,hamifera,Animalia,Insecta,Diptera,Drosophilidae,Drosophila,hamifera,Achiasmatic,Achiasmatic,Heterogametic,NA,12
Animalia|Insecta|Diptera|Drosophilidae|Drosophila|hanaulae,hanaulae,Animalia,Insecta,Diptera,Drosophilidae,Drosophila,hanaulae,Achiasmatic,Achiasmatic,Heterogametic,NA,12
Animalia|Insecta|Diptera|Drosophilidae|Drosophila|hawaiiensis,hawaiiensis,Animalia,Insecta,Diptera,Drosophilidae,Drosophila,hawaiiensis,Achiasmatic,Achiasmatic,Heterogametic,NA,12
Animalia|Insecta|Diptera|Drosophilidae|Drosophila|heedi,heedi,Animalia,Insecta,Diptera,Drosophilidae,Drosophila,heedi,Achiasmatic,Achiasmatic,Heterogametic,NA,12
Animalia|Insecta|Diptera|Drosophilidae|Drosophila|helvetica,helvetica,Animalia,Insecta,Diptera,Drosophilidae,Drosophila,helvetica,Achiasmatic,Achiasmatic,Heterogametic,NA,10
Animalia|Insecta|Diptera|Drosophilidae|Drosophila|hemipeza,hemipeza,Animalia,Insecta,Diptera,Drosophilidae,Drosophila,hemipeza,Achiasmatic,Achiasmatic,Heterogametic,NA,12
Animalia|Insecta|Diptera|Drosophilidae|Drosophila|heterobristalis,heterobristalis,Animalia,Insecta,Diptera,Drosophilidae,Drosophila,heterobristalis,Achiasmatic,Achiasmatic,Heterogametic,XY,8
Animalia|Insecta|Diptera|Drosophilidae|Drosophila|heteroneura,heteroneura,Animalia,Insecta,Diptera,Drosophilidae,Drosophila,heteroneura,Achiasmatic,Achiasmatic,Heterogametic,NA,12
Animalia|Insecta|Diptera|Drosophilidae|Drosophila|hexachaetae,hexachaetae,Animalia,Insecta,Diptera,Drosophilidae,Drosophila,hexachaetae,Achiasmatic,Achiasmatic,Heterogametic,NA,12
Animalia|Insecta|Diptera|Drosophilidae|Drosophila|hexastigma,hexastigma,Animalia,Insecta,Diptera,Drosophilidae,Drosophila,hexastigma,Achiasmatic,Achiasmatic,Heterogametic,XY,12
Animalia|Insecta|Diptera|Drosophilidae|Drosophila|hexastriata,hexastriata,Animalia,Insecta,Diptera,Drosophilidae,Drosophila,hexastriata,Achiasmatic,Achiasmatic,Heterogametic,NA,8
Animalia|Insecta|Diptera|Drosophilidae|Drosophila|hirtipalpus,hirtipalpus,Animalia,Insecta,Diptera,Drosophilidae,Drosophila,hirtipalpus,Achiasmatic,Achiasmatic,Heterogametic,NA,12
Animalia|Insecta|Diptera|Drosophilidae|Drosophila|histrio,histrio,Animalia,Insecta,Diptera,Drosophilidae,Drosophila,histrio,Achiasmatic,Achiasmatic,Heterogametic,XY,12
Animalia|Insecta|Diptera|Drosophilidae|Drosophila|howensis,howensis,Animalia,Insecta,Diptera,Drosophilidae,Drosophila,howensis,Achiasmatic,Achiasmatic,Heterogametic,XY,12
Animalia|Insecta|Diptera|Drosophilidae|Drosophila|hydei,hydei,Animalia,Insecta,Diptera,Drosophilidae,Drosophila,hydei,Achiasmatic,Achiasmatic,Heterogametic,XY,12
Animalia|Insecta|Diptera|Drosophilidae|Drosophila|hydeoides,hydeoides,Animalia,Insecta,Diptera,Drosophilidae,Drosophila,hydeoides,Achiasmatic,Achiasmatic,Heterogametic,XY,12
Animalia|Insecta|Diptera|Drosophilidae|Drosophila|hypocausta,hypocausta,Animalia,Insecta,Diptera,Drosophilidae,Drosophila,hypocausta,Achiasmatic,Achiasmatic,Heterogametic,NA,8
Animalia|Insecta|Diptera|Drosophilidae|Drosophila|hystricosa,hystricosa,Animalia,Insecta,Diptera,Drosophilidae,Drosophila,hystricosa,Achiasmatic,Achiasmatic,Heterogametic,NA,10
Animalia|Insecta|Diptera|Drosophilidae|Drosophila|imaii,imaii,Animalia,Insecta,Diptera,Drosophilidae,Drosophila,imaii,Achiasmatic,Achiasmatic,Heterogametic,XY,10
Animalia|Insecta|Diptera|Drosophilidae|Drosophila|imeretensis,imeretensis,Animalia,Insecta,Diptera,Drosophilidae,Drosophila,imeretensis,Achiasmatic,Achiasmatic,Heterogametic,XY,10
Animalia|Insecta|Diptera|Drosophilidae|Drosophila|immigrans,immigrans,Animalia,Insecta,Diptera,Drosophilidae,Drosophila,immigrans,Achiasmatic,Achiasmatic,Heterogametic,XY,8
Animalia|Insecta|Diptera|Drosophilidae|Drosophila|immigrans-like,immigrans-like,Animalia,Insecta,Diptera,Drosophilidae,Drosophila,immigrans-like,Achiasmatic,Achiasmatic,Heterogametic,NA,12
Animalia|Insecta|Diptera|Drosophilidae|Drosophila|imparisetae,imparisetae,Animalia,Insecta,Diptera,Drosophilidae,Drosophila,imparisetae,Achiasmatic,Achiasmatic,Heterogametic,NA,12
Animalia|Insecta|Diptera|Drosophilidae|Drosophila|inca,inca,Animalia,Insecta,Diptera,Drosophilidae,Drosophila,inca,Achiasmatic,Achiasmatic,Heterogametic,NA,12
Animalia|Insecta|Diptera|Drosophilidae|Drosophila|inedita,inedita,Animalia,Insecta,Diptera,Drosophilidae,Drosophila,inedita,Achiasmatic,Achiasmatic,Heterogametic,NA,12
Animalia|Insecta|Diptera|Drosophilidae|Drosophila|inflatus,inflatus,Animalia,Insecta,Diptera,Drosophilidae,Drosophila,inflatus,Achiasmatic,Achiasmatic,Heterogametic,NA,10
Animalia|Insecta|Diptera|Drosophilidae|Drosophila|infuscata,infuscata,Animalia,Insecta,Diptera,Drosophilidae,Drosophila,infuscata,Achiasmatic,Achiasmatic,Heterogametic,NA,12
Animalia|Insecta|Diptera|Drosophilidae|Drosophila|ingens,ingens,Animalia,Insecta,Diptera,Drosophilidae,Drosophila,ingens,Achiasmatic,Achiasmatic,Heterogametic,NA,12
Animalia|Insecta|Diptera|Drosophilidae|Drosophila|innubila,innubila,Animalia,Insecta,Diptera,Drosophilidae,Drosophila,innubila,Achiasmatic,Achiasmatic,Heterogametic,XY,12
Animalia|Insecta|Diptera|Drosophilidae|Drosophila|insularis,insularis,Animalia,Insecta,Diptera,Drosophilidae,Drosophila,insularis,Achiasmatic,Achiasmatic,Heterogametic,NA,6
Animalia|Insecta|Diptera|Drosophilidae|Drosophila|ischnotrix,ischnotrix,Animalia,Insecta,Diptera,Drosophilidae,Drosophila,ischnotrix,Achiasmatic,Achiasmatic,Heterogametic,NA,8
Animalia|Insecta|Diptera|Drosophilidae|Drosophila|jambulina,jambulina,Animalia,Insecta,Diptera,Drosophilidae,Drosophila,jambulina,Achiasmatic,Achiasmatic,Heterogametic,XY,8
Animalia|Insecta|Diptera|Drosophilidae|Drosophila|johnstonae,johnstonae,Animalia,Insecta,Diptera,Drosophilidae,Drosophila,johnstonae,Achiasmatic,Achiasmatic,Heterogametic,XY,12
Animalia|Insecta|Diptera|Drosophilidae|Drosophila|kambysellisi,kambysellisi,Animalia,Insecta,Diptera,Drosophilidae,Drosophila,kambysellisi,Achiasmatic,Achiasmatic,Heterogametic,NA,12
Animalia|Insecta|Diptera|Drosophilidae|Drosophila|kanapiae,kanapiae,Animalia,Insecta,Diptera,Drosophilidae,Drosophila,kanapiae,Achiasmatic,Achiasmatic,Heterogametic,XY,6
Animalia|Insecta|Diptera|Drosophilidae|Drosophila|kanekoi,kanekoi,Animalia,Insecta,Diptera,Drosophilidae,Drosophila,kanekoi,Achiasmatic,Achiasmatic,Heterogametic,XY,12
Animalia|Insecta|Diptera|Drosophilidae|Drosophila|kauluai,kauluai,Animalia,Insecta,Diptera,Drosophilidae,Drosophila,kauluai,Achiasmatic,Achiasmatic,Heterogametic,NA,12
Animalia|Insecta|Diptera|Drosophilidae|Drosophila|kepulauana,kepulauana,Animalia,Insecta,Diptera,Drosophilidae,Drosophila,kepulauana,Achiasmatic,Achiasmatic,Heterogametic,XY,8
Animalia|Insecta|Diptera|Drosophilidae|Drosophila|khaoyana,khaoyana,Animalia,Insecta,Diptera,Drosophilidae,Drosophila,khaoyana,Achiasmatic,Achiasmatic,Heterogametic,XY,6
Animalia|Insecta|Diptera|Drosophilidae|Drosophila|kikkawai,kikkawai,Animalia,Insecta,Diptera,Drosophilidae,Drosophila,kikkawai,Achiasmatic,Achiasmatic,Heterogametic,XY,8
Animalia|Insecta|Diptera|Drosophilidae|Drosophila|kohkoa,kohkoa,Animalia,Insecta,Diptera,Drosophilidae,Drosophila,kohkoa,Achiasmatic,Achiasmatic,Heterogametic,XY,8
Animalia|Insecta|Diptera|Drosophilidae|Drosophila|komaii,komaii,Animalia,Insecta,Diptera,Drosophilidae,Drosophila,komaii,Achiasmatic,Achiasmatic,Heterogametic,XY,8
Animalia|Insecta|Diptera|Drosophilidae|Drosophila|lacertosa,lacertosa,Animalia,Insecta,Diptera,Drosophilidae,Drosophila,lacertosa,Achiasmatic,Achiasmatic,Heterogametic,NA,12
Animalia|Insecta|Diptera|Drosophilidae|Drosophila|lacicola,lacicola,Animalia,Insecta,Diptera,Drosophilidae,Drosophila,lacicola,Achiasmatic,Achiasmatic,Heterogametic,NA,12
Animalia|Insecta|Diptera|Drosophilidae|Drosophila|lacteicornis,lacteicornis,Animalia,Insecta,Diptera,Drosophilidae,Drosophila,lacteicornis,Achiasmatic,Achiasmatic,Heterogametic,XY,8
Animalia|Insecta|Diptera|Drosophilidae|Drosophila|lamottei,lamottei,Animalia,Insecta,Diptera,Drosophilidae,Drosophila,lamottei,Achiasmatic,Achiasmatic,Heterogametic,XY,6
Animalia|Insecta|Diptera|Drosophilidae|Drosophila|lasiopoda,lasiopoda,Animalia,Insecta,Diptera,Drosophilidae,Drosophila,lasiopoda,Achiasmatic,Achiasmatic,Heterogametic,NA,12
Animalia|Insecta|Diptera|Drosophilidae|Drosophila|latifasciaeformis,latifasciaeformis,Animalia,Insecta,Diptera,Drosophilidae,Drosophila,latifasciaeformis,Achiasmatic,Achiasmatic,Heterogametic,NA,6
Animalia|Insecta|Diptera|Drosophilidae|Drosophila|latifshahi,latifshahi,Animalia,Insecta,Diptera,Drosophilidae,Drosophila,latifshahi,Achiasmatic,Achiasmatic,Heterogametic,XY,12
Animalia|Insecta|Diptera|Drosophilidae|Drosophila|lativittata,lativittata,Animalia,Insecta,Diptera,Drosophilidae,Drosophila,lativittata,Achiasmatic,Achiasmatic,Heterogametic,XY,12
Animalia|Insecta|Diptera|Drosophilidae|Drosophila|lebanonensis,lebanonensis,Animalia,Insecta,Diptera,Drosophilidae,Drosophila,lebanonensis,Achiasmatic,Achiasmatic,Heterogametic,NA,8
Animalia|Insecta|Diptera|Drosophilidae|Drosophila|leonis,leonis,Animalia,Insecta,Diptera,Drosophilidae,Drosophila,leonis,Achiasmatic,Achiasmatic,Heterogametic,XY,12
Animalia|Insecta|Diptera|Drosophilidae|Drosophila|leontia,leontia,Animalia,Insecta,Diptera,Drosophilidae,Drosophila,leontia,Achiasmatic,Achiasmatic,Heterogametic,XY,8
Animalia|Insecta|Diptera|Drosophilidae|Drosophila|limbinervis,limbinervis,Animalia,Insecta,Diptera,Drosophilidae,Drosophila,limbinervis,Achiasmatic,Achiasmatic,Heterogametic,XY,12
Animalia|Insecta|Diptera|Drosophilidae|Drosophila|limensis,limensis,Animalia,Insecta,Diptera,Drosophilidae,Drosophila,limensis,Achiasmatic,Achiasmatic,Heterogametic,XY,12
Animalia|Insecta|Diptera|Drosophilidae|Drosophila|limitata,limitata,Animalia,Insecta,Diptera,Drosophilidae,Drosophila,limitata,Achiasmatic,Achiasmatic,Heterogametic,NA,12
Animalia|Insecta|Diptera|Drosophilidae|Drosophila|limpiensis,limpiensis,Animalia,Insecta,Diptera,Drosophilidae,Drosophila,limpiensis,Achiasmatic,Achiasmatic,Heterogametic,XY,12
Animalia|Insecta|Diptera|Drosophilidae|Drosophila|linearepleta,linearepleta,Animalia,Insecta,Diptera,Drosophilidae,Drosophila,linearepleta,Achiasmatic,Achiasmatic,Heterogametic,NA,12
Animalia|Insecta|Diptera|Drosophilidae|Drosophila|lineosetae,lineosetae,Animalia,Insecta,Diptera,Drosophilidae,Drosophila,lineosetae,Achiasmatic,Achiasmatic,Heterogametic,NA,12
Animalia|Insecta|Diptera|Drosophilidae|Drosophila|lini,lini,Animalia,Insecta,Diptera,Drosophilidae,Drosophila,lini,Achiasmatic,Achiasmatic,Heterogametic,XY,8
Animalia|Insecta|Diptera|Drosophilidae|Drosophila|liophallus,liophallus,Animalia,Insecta,Diptera,Drosophilidae,Drosophila,liophallus,Achiasmatic,Achiasmatic,Heterogametic,NA,12
Animalia|Insecta|Diptera|Drosophilidae|Drosophila|littoralis,littoralis,Animalia,Insecta,Diptera,Drosophilidae,Drosophila,littoralis,Achiasmatic,Achiasmatic,Heterogametic,NA,12
Animalia|Insecta|Diptera|Drosophilidae|Drosophila|longala,longala,Animalia,Insecta,Diptera,Drosophilidae,Drosophila,longala,Achiasmatic,Achiasmatic,Heterogametic,XO,12
Animalia|Insecta|Diptera|Drosophilidae|Drosophila|longicornis,longicornis,Animalia,Insecta,Diptera,Drosophilidae,Drosophila,longicornis,Achiasmatic,Achiasmatic,Heterogametic,XY,12
Animalia|Insecta|Diptera|Drosophilidae|Drosophila|longiseta,longiseta,Animalia,Insecta,Diptera,Drosophilidae,Drosophila,longiseta,Achiasmatic,Achiasmatic,Heterogametic,XY,12
Animalia|Insecta|Diptera|Drosophilidae|Drosophila|lowei,lowei,Animalia,Insecta,Diptera,Drosophilidae,Drosophila,lowei,Achiasmatic,Achiasmatic,Heterogametic,XY,10
Animalia|Insecta|Diptera|Drosophilidae|Drosophila|lucipennis,lucipennis,Animalia,Insecta,Diptera,Drosophilidae,Drosophila,lucipennis,Achiasmatic,Achiasmatic,Heterogametic,XY,6
Animalia|Insecta|Diptera|Drosophilidae|Drosophila|lummei,lummei,Animalia,Insecta,Diptera,Drosophilidae,Drosophila,lummei,Achiasmatic,Achiasmatic,Heterogametic,NA,12
Animalia|Insecta|Diptera|Drosophilidae|Drosophila|lusaltans,lusaltans,Animalia,Insecta,Diptera,Drosophilidae,Drosophila,lusaltans,Achiasmatic,Achiasmatic,Heterogametic,NA,6
Animalia|Insecta|Diptera|Drosophilidae|Drosophila|lutea,lutea,Animalia,Insecta,Diptera,Drosophilidae,Drosophila,lutea,Achiasmatic,Achiasmatic,Heterogametic,XY,8
Animalia|Insecta|Diptera|Drosophilidae|Drosophila|lutescens,lutescens,Animalia,Insecta,Diptera,Drosophilidae,Drosophila,lutescens,Achiasmatic,Achiasmatic,Heterogametic,XY,8
Animalia|Insecta|Diptera|Drosophilidae|Drosophila|macroptera,macroptera,Animalia,Insecta,Diptera,Drosophilidae,Drosophila,macroptera,Achiasmatic,Achiasmatic,Heterogametic,NA,12
Animalia|Insecta|Diptera|Drosophilidae|Drosophila|macrospina,macrospina,Animalia,Insecta,Diptera,Drosophilidae,Drosophila,macrospina,Achiasmatic,Achiasmatic,Heterogametic,XY,12
Animalia|Insecta|Diptera|Drosophilidae|Drosophila|macrothrix,macrothrix,Animalia,Insecta,Diptera,Drosophilidae,Drosophila,macrothrix,Achiasmatic,Achiasmatic,Heterogametic,NA,12
Animalia|Insecta|Diptera|Drosophilidae|Drosophila|magnaquinaria,magnaquinaria,Animalia,Insecta,Diptera,Drosophilidae,Drosophila,magnaquinaria,Achiasmatic,Achiasmatic,Heterogametic,XY,12
Animalia|Insecta|Diptera|Drosophilidae|Drosophila|mainlandi,mainlandi,Animalia,Insecta,Diptera,Drosophilidae,Drosophila,mainlandi,Achiasmatic,Achiasmatic,Heterogametic,XY,12
Animalia|Insecta|Diptera|Drosophilidae|Drosophila|malerkotliana,malerkotliana,Animalia,Insecta,Diptera,Drosophilidae,Drosophila,malerkotliana,Achiasmatic,Achiasmatic,Heterogametic,XY,8
Animalia|Insecta|Diptera|Drosophilidae|Drosophila|mangabeirai,mangabeirai,Animalia,Insecta,Diptera,Drosophilidae,Drosophila,mangabeirai,Achiasmatic,Achiasmatic,Heterogametic,NA,6
Animalia|Insecta|Diptera|Drosophilidae|Drosophila|martensis,martensis,Animalia,Insecta,Diptera,Drosophilidae,Drosophila,martensis,Achiasmatic,Achiasmatic,Heterogametic,NA,12
Animalia|Insecta|Diptera|Drosophilidae|Drosophila|mathisis,mathisis,Animalia,Insecta,Diptera,Drosophilidae,Drosophila,mathisis,Achiasmatic,Achiasmatic,Heterogametic,XY,12
Animalia|Insecta|Diptera|Drosophilidae|Drosophila|mauritiana,mauritiana,Animalia,Insecta,Diptera,Drosophilidae,Drosophila,mauritiana,Achiasmatic,Achiasmatic,Heterogametic,XY,8
Animalia|Insecta|Diptera|Drosophilidae|Drosophila|mayri,mayri,Animalia,Insecta,Diptera,Drosophilidae,Drosophila,mayri,Achiasmatic,Achiasmatic,Heterogametic,XY,8
Animalia|Insecta|Diptera|Drosophilidae|Drosophila|mcclintockae,mcclintockae,Animalia,Insecta,Diptera,Drosophilidae,Drosophila,mcclintockae,Achiasmatic,Achiasmatic,Heterogametic,XY,10
Animalia|Insecta|Diptera|Drosophilidae|Drosophila|mediodiffusa,mediodiffusa,Animalia,Insecta,Diptera,Drosophilidae,Drosophila,mediodiffusa,Achiasmatic,Achiasmatic,Heterogametic,XY,12
Animalia|Insecta|Diptera|Drosophilidae|Drosophila|medionotata,medionotata,Animalia,Insecta,Diptera,Drosophilidae,Drosophila,medionotata,Achiasmatic,Achiasmatic,Heterogametic,XY,12
Animalia|Insecta|Diptera|Drosophilidae|Drosophila|mediopictoides,mediopictoides,Animalia,Insecta,Diptera,Drosophilidae,Drosophila,mediopictoides,Achiasmatic,Achiasmatic,Heterogametic,NA,12
Animalia|Insecta|Diptera|Drosophilidae|Drosophila|mediopunctata,mediopunctata,Animalia,Insecta,Diptera,Drosophilidae,Drosophila,mediopunctata,Achiasmatic,Achiasmatic,Heterogametic,XY,10
Animalia|Insecta|Diptera|Drosophilidae|Drosophila|mediosignata,mediosignata,Animalia,Insecta,Diptera,Drosophilidae,Drosophila,mediosignata,Achiasmatic,Achiasmatic,Heterogametic,XY,12
Animalia|Insecta|Diptera|Drosophilidae|Drosophila|mediostriata,mediostriata,Animalia,Insecta,Diptera,Drosophilidae,Drosophila,mediostriata,Achiasmatic,Achiasmatic,Heterogametic,XY,12
Animalia|Insecta|Diptera|Drosophilidae|Drosophila|meitanensis,meitanensis,Animalia,Insecta,Diptera,Drosophilidae,Drosophila,meitanensis,Achiasmatic,Achiasmatic,Heterogametic,XY,8
Animalia|Insecta|Diptera|Drosophilidae|Drosophila|melanica,melanica,Animalia,Insecta,Diptera,Drosophilidae,Drosophila,melanica,Achiasmatic,Achiasmatic,Heterogametic,XY,10
Animalia|Insecta|Diptera|Drosophilidae|Drosophila|melanocephala,melanocephala,Animalia,Insecta,Diptera,Drosophilidae,Drosophila,melanocephala,Achiasmatic,Achiasmatic,Heterogametic,NA,12
Animalia|Insecta|Diptera|Drosophilidae|Drosophila|melanogaster,melanogaster,Animalia,Insecta,Diptera,Drosophilidae,Drosophila,melanogaster,Achiasmatic,Achiasmatic,Heterogametic,XY,8
Animalia|Insecta|Diptera|Drosophilidae|Drosophila|melanopalpa,melanopalpa,Animalia,Insecta,Diptera,Drosophilidae,Drosophila,melanopalpa,Achiasmatic,Achiasmatic,Heterogametic,XY,12
Animalia|Insecta|Diptera|Drosophilidae|Drosophila|melanosoma,melanosoma,Animalia,Insecta,Diptera,Drosophilidae,Drosophila,melanosoma,Achiasmatic,Achiasmatic,Heterogametic,NA,12
Animalia|Insecta|Diptera|Drosophilidae|Drosophila|melanospila,melanospila,Animalia,Insecta,Diptera,Drosophilidae,Drosophila,melanospila,Achiasmatic,Achiasmatic,Heterogametic,XY,12
Animalia|Insecta|Diptera|Drosophilidae|Drosophila|melanura,melanura,Animalia,Insecta,Diptera,Drosophilidae,Drosophila,melanura,Achiasmatic,Achiasmatic,Heterogametic,XY,10
Animalia|Insecta|Diptera|Drosophilidae|Drosophila|mercatorum,mercatorum,Animalia,Insecta,Diptera,Drosophilidae,Drosophila,mercatorum,Achiasmatic,Achiasmatic,Heterogametic,XY,10
Animalia|Insecta|Diptera|Drosophilidae|Drosophila|meridiana,meridiana,Animalia,Insecta,Diptera,Drosophilidae,Drosophila,meridiana,Achiasmatic,Achiasmatic,Heterogametic,XY,12
Animalia|Insecta|Diptera|Drosophilidae|Drosophila|meridionalis,meridionalis,Animalia,Insecta,Diptera,Drosophilidae,Drosophila,meridionalis,Achiasmatic,Achiasmatic,Heterogametic,NA,10
Animalia|Insecta|Diptera|Drosophilidae|Drosophila|mesophragmatica,mesophragmatica,Animalia,Insecta,Diptera,Drosophilidae,Drosophila,mesophragmatica,Achiasmatic,Achiasmatic,Heterogametic,XY,10
Animalia|Insecta|Diptera|Drosophilidae|Drosophila|mettleri,mettleri,Animalia,Insecta,Diptera,Drosophilidae,Drosophila,mettleri,Achiasmatic,Achiasmatic,Heterogametic,XY,12
Animalia|Insecta|Diptera|Drosophilidae|Drosophila|metzii,metzii,Animalia,Insecta,Diptera,Drosophilidae,Drosophila,metzii,Achiasmatic,Achiasmatic,Heterogametic,XY,12
Animalia|Insecta|Diptera|Drosophilidae|Drosophila|micromelanica,micromelanica,Animalia,Insecta,Diptera,Drosophilidae,Drosophila,micromelanica,Achiasmatic,Achiasmatic,Heterogametic,XY,10
Animalia|Insecta|Diptera|Drosophilidae|Drosophila|micromyia,micromyia,Animalia,Insecta,Diptera,Drosophilidae,Drosophila,micromyia,Achiasmatic,Achiasmatic,Heterogametic,NA,14
Animalia|Insecta|Diptera|Drosophilidae|Drosophila|mimetica,mimetica,Animalia,Insecta,Diptera,Drosophilidae,Drosophila,mimetica,Achiasmatic,Achiasmatic,Heterogametic,XY,8
Animalia|Insecta|Diptera|Drosophilidae|Drosophila|mimica,mimica,Animalia,Insecta,Diptera,Drosophilidae,Drosophila,mimica,Achiasmatic,Achiasmatic,Heterogametic,NA,12
Animalia|Insecta|Diptera|Drosophilidae|Drosophila|mimica-like,mimica-like,Animalia,Insecta,Diptera,Drosophilidae,Drosophila,mimica-like,Achiasmatic,Achiasmatic,Heterogametic,NA,12
Animalia|Insecta|Diptera|Drosophilidae|Drosophila|miranda,miranda,Animalia,Insecta,Diptera,Drosophilidae,Drosophila,miranda,Achiasmatic,Achiasmatic,Heterogametic,XY,10
Animalia|Insecta|Diptera|Drosophilidae|Drosophila|mitchelli,mitchelli,Animalia,Insecta,Diptera,Drosophilidae,Drosophila,mitchelli,Achiasmatic,Achiasmatic,Heterogametic,NA,12
Animalia|Insecta|Diptera|Drosophilidae|Drosophila|modified,modified,Animalia,Insecta,Diptera,Drosophilidae,Drosophila,modified,Achiasmatic,Achiasmatic,Heterogametic,NA,8
Animalia|Insecta|Diptera|Drosophilidae|Drosophila|mojavensis,mojavensis,Animalia,Insecta,Diptera,Drosophilidae,Drosophila,mojavensis,Achiasmatic,Achiasmatic,Heterogametic,XY,12
Animalia|Insecta|Diptera|Drosophilidae|Drosophila|moju,moju,Animalia,Insecta,Diptera,Drosophilidae,Drosophila,moju,Achiasmatic,Achiasmatic,Heterogametic,XY,12
Animalia|Insecta|Diptera|Drosophilidae|Drosophila|mojuoides,mojuoides,Animalia,Insecta,Diptera,Drosophilidae,Drosophila,mojuoides,Achiasmatic,Achiasmatic,Heterogametic,NA,12
Animalia|Insecta|Diptera|Drosophilidae|Drosophila|montana,montana,Animalia,Insecta,Diptera,Drosophilidae,Drosophila,montana,Achiasmatic,Achiasmatic,Heterogametic,NA,12
Animalia|Insecta|Diptera|Drosophilidae|Drosophila|montgomeryi,montgomeryi,Animalia,Insecta,Diptera,Drosophilidae,Drosophila,montgomeryi,Achiasmatic,Achiasmatic,Heterogametic,NA,12
Animalia|Insecta|Diptera|Drosophilidae|Drosophila|montium,montium,Animalia,Insecta,Diptera,Drosophilidae,Drosophila,montium,Achiasmatic,Achiasmatic,Heterogametic,XY,8
Animalia|Insecta|Diptera|Drosophilidae|Drosophila|moriwakii,moriwakii,Animalia,Insecta,Diptera,Drosophilidae,Drosophila,moriwakii,Achiasmatic,Achiasmatic,Heterogametic,NA,12
Animalia|Insecta|Diptera|Drosophilidae|Drosophila|mulleri,mulleri,Animalia,Insecta,Diptera,Drosophilidae,Drosophila,mulleri,Achiasmatic,Achiasmatic,Heterogametic,NA,12
Animalia|Insecta|Diptera|Drosophilidae|Drosophila|munda,munda,Animalia,Insecta,Diptera,Drosophilidae,Drosophila,munda,Achiasmatic,Achiasmatic,Heterogametic,NA,8
Animalia|Insecta|Diptera|Drosophilidae|Drosophila|murphyi,murphyi,Animalia,Insecta,Diptera,Drosophilidae,Drosophila,murphyi,Achiasmatic,Achiasmatic,Heterogametic,NA,12
Animalia|Insecta|Diptera|Drosophilidae|Drosophila|musaphila,musaphila,Animalia,Insecta,Diptera,Drosophilidae,Drosophila,musaphila,Achiasmatic,Achiasmatic,Heterogametic,NA,12
Animalia|Insecta|Diptera|Drosophilidae|Drosophila|mutandis,mutandis,Animalia,Insecta,Diptera,Drosophilidae,Drosophila,mutandis,Achiasmatic,Achiasmatic,Heterogametic,XY,12
Animalia|Insecta|Diptera|Drosophilidae|Drosophila|mycetophila,mycetophila,Animalia,Insecta,Diptera,Drosophilidae,Drosophila,mycetophila,Achiasmatic,Achiasmatic,Heterogametic,NA,12
Animalia|Insecta|Diptera|Drosophilidae|Drosophila|mysorensis,mysorensis,Animalia,Insecta,Diptera,Drosophilidae,Drosophila,mysorensis,Achiasmatic,Achiasmatic,Heterogametic,XY,8
Animalia|Insecta|Diptera|Drosophilidae|Drosophila|n.,n.,Animalia,Insecta,Diptera,Drosophilidae,Drosophila,n.,Achiasmatic,Achiasmatic,Heterogametic,NA,12
Animalia|Insecta|Diptera|Drosophilidae|Drosophila|n.sp.,n.sp.,Animalia,Insecta,Diptera,Drosophilidae,Drosophila,n.sp.,Achiasmatic,Achiasmatic,Heterogametic,NA,10
Animalia|Insecta|Diptera|Drosophilidae|Drosophila|nagarholensis,nagarholensis,Animalia,Insecta,Diptera,Drosophilidae,Drosophila,nagarholensis,Achiasmatic,Achiasmatic,Heterogametic,XY,8
Animalia|Insecta|Diptera|Drosophilidae|Drosophila|nannoptera,nannoptera,Animalia,Insecta,Diptera,Drosophilidae,Drosophila,nannoptera,Achiasmatic,Achiasmatic,Heterogametic,XY,10
Animalia|Insecta|Diptera|Drosophilidae|Drosophila|narragansett,narragansett,Animalia,Insecta,Diptera,Drosophilidae,Drosophila,narragansett,Achiasmatic,Achiasmatic,Heterogametic,XY,10
Animalia|Insecta|Diptera|Drosophilidae|Drosophila|nasalis,nasalis,Animalia,Insecta,Diptera,Drosophilidae,Drosophila,nasalis,Achiasmatic,Achiasmatic,Heterogametic,NA,10
Animalia|Insecta|Diptera|Drosophilidae|Drosophila|nasuta,nasuta,Animalia,Insecta,Diptera,Drosophilidae,Drosophila,nasuta,Achiasmatic,Achiasmatic,Heterogametic,XY,8
Animalia|Insecta|Diptera|Drosophilidae|Drosophila|nasutoides,nasutoides,Animalia,Insecta,Diptera,Drosophilidae,Drosophila,nasutoides,Achiasmatic,Achiasmatic,Heterogametic,XY,8
Animalia|Insecta|Diptera|Drosophilidae|Drosophila|nebulosa,nebulosa,Animalia,Insecta,Diptera,Drosophilidae,Drosophila,nebulosa,Achiasmatic,Achiasmatic,Heterogametic,NA,8
Animalia|Insecta|Diptera|Drosophilidae|Drosophila|neocardini,neocardini,Animalia,Insecta,Diptera,Drosophilidae,Drosophila,neocardini,Achiasmatic,Achiasmatic,Heterogametic,XY,8
Animalia|Insecta|Diptera|Drosophilidae|Drosophila|neocordata,neocordata,Animalia,Insecta,Diptera,Drosophilidae,Drosophila,neocordata,Achiasmatic,Achiasmatic,Heterogametic,NA,6
Animalia|Insecta|Diptera|Drosophilidae|Drosophila|neoelliptica,neoelliptica,Animalia,Insecta,Diptera,Drosophilidae,Drosophila,neoelliptica,Achiasmatic,Achiasmatic,Heterogametic,NA,6
Animalia|Insecta|Diptera|Drosophilidae|Drosophila|neogrimshawi,neogrimshawi,Animalia,Insecta,Diptera,Drosophilidae,Drosophila,neogrimshawi,Achiasmatic,Achiasmatic,Heterogametic,NA,12
Animalia|Insecta|Diptera|Drosophilidae|Drosophila|neoguaramunu,neoguaramunu,Animalia,Insecta,Diptera,Drosophilidae,Drosophila,neoguaramunu,Achiasmatic,Achiasmatic,Heterogametic,XY,6
Animalia|Insecta|Diptera|Drosophilidae|Drosophila|neohydei,neohydei,Animalia,Insecta,Diptera,Drosophilidae,Drosophila,neohydei,Achiasmatic,Achiasmatic,Heterogametic,XY,12
Animalia|Insecta|Diptera|Drosophilidae|Drosophila|neohypocausta,neohypocausta,Animalia,Insecta,Diptera,Drosophilidae,Drosophila,neohypocausta,Achiasmatic,Achiasmatic,Heterogametic,XY,6
Animalia|Insecta|Diptera|Drosophilidae|Drosophila|neomorpha,neomorpha,Animalia,Insecta,Diptera,Drosophilidae,Drosophila,neomorpha,Achiasmatic,Achiasmatic,Heterogametic,XY,8
Animalia|Insecta|Diptera|Drosophilidae|Drosophila|neonasuta,neonasuta,Animalia,Insecta,Diptera,Drosophilidae,Drosophila,neonasuta,Achiasmatic,Achiasmatic,Heterogametic,XY,8
Animalia|Insecta|Diptera|Drosophilidae|Drosophila|neoperkinsi,neoperkinsi,Animalia,Insecta,Diptera,Drosophilidae,Drosophila,neoperkinsi,Achiasmatic,Achiasmatic,Heterogametic,NA,12
Animalia|Insecta|Diptera|Drosophilidae|Drosophila|neopicta,neopicta,Animalia,Insecta,Diptera,Drosophilidae,Drosophila,neopicta,Achiasmatic,Achiasmatic,Heterogametic,NA,12
Animalia|Insecta|Diptera|Drosophilidae|Drosophila|neorepleta,neorepleta,Animalia,Insecta,Diptera,Drosophilidae,Drosophila,neorepleta,Achiasmatic,Achiasmatic,Heterogametic,XY,12
Animalia|Insecta|Diptera|Drosophilidae|Drosophila|neosaltans,neosaltans,Animalia,Insecta,Diptera,Drosophilidae,Drosophila,neosaltans,Achiasmatic,Achiasmatic,Heterogametic,NA,6
Animalia|Insecta|Diptera|Drosophilidae|Drosophila|nepalensis,nepalensis,Animalia,Insecta,Diptera,Drosophilidae,Drosophila,nepalensis,Achiasmatic,Achiasmatic,Heterogametic,XY,8
Animalia|Insecta|Diptera|Drosophilidae|Drosophila|nesoetes,nesoetes,Animalia,Insecta,Diptera,Drosophilidae,Drosophila,nesoetes,Achiasmatic,Achiasmatic,Heterogametic,XY,8
Animalia|Insecta|Diptera|Drosophilidae|Drosophila|nigra,nigra,Animalia,Insecta,Diptera,Drosophilidae,Drosophila,nigra,Achiasmatic,Achiasmatic,Heterogametic,NA,12
Animalia|Insecta|Diptera|Drosophilidae|Drosophila|nigribasis,nigribasis,Animalia,Insecta,Diptera,Drosophilidae,Drosophila,nigribasis,Achiasmatic,Achiasmatic,Heterogametic,NA,12
Animalia|Insecta|Diptera|Drosophilidae|Drosophila|nigricruria,nigricruria,Animalia,Insecta,Diptera,Drosophilidae,Drosophila,nigricruria,Achiasmatic,Achiasmatic,Heterogametic,XY,12
Animalia|Insecta|Diptera|Drosophilidae|Drosophila|nigrifacies,nigrifacies,Animalia,Insecta,Diptera,Drosophilidae,Drosophila,nigrifacies,Achiasmatic,Achiasmatic,Heterogametic,NA,12
Animalia|Insecta|Diptera|Drosophilidae|Drosophila|nigrilineata,nigrilineata,Animalia,Insecta,Diptera,Drosophilidae,Drosophila,nigrilineata,Achiasmatic,Achiasmatic,Heterogametic,NA,12
Animalia|Insecta|Diptera|Drosophilidae|Drosophila|nigrodunni,nigrodunni,Animalia,Insecta,Diptera,Drosophilidae,Drosophila,nigrodunni,Achiasmatic,Achiasmatic,Heterogametic,NA,8
Animalia|Insecta|Diptera|Drosophilidae|Drosophila|nigrohydei,nigrohydei,Animalia,Insecta,Diptera,Drosophilidae,Drosophila,nigrohydei,Achiasmatic,Achiasmatic,Heterogametic,XY,12
Animalia|Insecta|Diptera|Drosophilidae|Drosophila|nigromaculata,nigromaculata,Animalia,Insecta,Diptera,Drosophilidae,Drosophila,nigromaculata,Achiasmatic,Achiasmatic,Heterogametic,NA,12
Animalia|Insecta|Diptera|Drosophilidae|Drosophila|nigromelanica,nigromelanica,Animalia,Insecta,Diptera,Drosophilidae,Drosophila,nigromelanica,Achiasmatic,Achiasmatic,Heterogametic,NA,10
Animalia|Insecta|Diptera|Drosophilidae|Drosophila|nigrosaltans,nigrosaltans,Animalia,Insecta,Diptera,Drosophilidae,Drosophila,nigrosaltans,Achiasmatic,Achiasmatic,Heterogametic,NA,6
Animalia|Insecta|Diptera|Drosophilidae|Drosophila|nigrosparsa,nigrosparsa,Animalia,Insecta,Diptera,Drosophilidae,Drosophila,nigrosparsa,Achiasmatic,Achiasmatic,Heterogametic,XY,12
Animalia|Insecta|Diptera|Drosophilidae|Drosophila|nigrospiracula,nigrospiracula,Animalia,Insecta,Diptera,Drosophilidae,Drosophila,nigrospiracula,Achiasmatic,Achiasmatic,Heterogametic,NA,12
Animalia|Insecta|Diptera|Drosophilidae|Drosophila|nikananu,nikananu,Animalia,Insecta,Diptera,Drosophilidae,Drosophila,nikananu,Achiasmatic,Achiasmatic,Heterogametic,XY,8
Animalia|Insecta|Diptera|Drosophilidae|Drosophila|nitidithorax,nitidithorax,Animalia,Insecta,Diptera,Drosophilidae,Drosophila,nitidithorax,Achiasmatic,Achiasmatic,Heterogametic,XY,12
Animalia|Insecta|Diptera|Drosophilidae|Drosophila|niveifrons,niveifrons,Animalia,Insecta,Diptera,Drosophilidae,Drosophila,niveifrons,Achiasmatic,Achiasmatic,Heterogametic,XY,8
Animalia|Insecta|Diptera|Drosophilidae|Drosophila|nixifrons,nixifrons,Animalia,Insecta,Diptera,Drosophilidae,Drosophila,nixifrons,Achiasmatic,Achiasmatic,Heterogametic,XY,10
Animalia|Insecta|Diptera|Drosophilidae|Drosophila|novamaculosa,novamaculosa,Animalia,Insecta,Diptera,Drosophilidae,Drosophila,novamaculosa,Achiasmatic,Achiasmatic,Heterogametic,XY,12
Animalia|Insecta|Diptera|Drosophilidae|Drosophila|novamexicana,novamexicana,Animalia,Insecta,Diptera,Drosophilidae,Drosophila,novamexicana,Achiasmatic,Achiasmatic,Heterogametic,XY,12
Animalia|Insecta|Diptera|Drosophilidae|Drosophila|novemeristata,novemeristata,Animalia,Insecta,Diptera,Drosophilidae,Drosophila,novemeristata,Achiasmatic,Achiasmatic,Heterogametic,XY,12
Animalia|Insecta|Diptera|Drosophilidae|Drosophila|novopaca,novopaca,Animalia,Insecta,Diptera,Drosophilidae,Drosophila,novopaca,Achiasmatic,Achiasmatic,Heterogametic,NA,12
Animalia|Insecta|Diptera|Drosophilidae|Drosophila|oahuensis,oahuensis,Animalia,Insecta,Diptera,Drosophilidae,Drosophila,oahuensis,Achiasmatic,Achiasmatic,Heterogametic,NA,12
Animalia|Insecta|Diptera|Drosophilidae|Drosophila|obatai,obatai,Animalia,Insecta,Diptera,Drosophilidae,Drosophila,obatai,Achiasmatic,Achiasmatic,Heterogametic,NA,12
Animalia|Insecta|Diptera|Drosophilidae|Drosophila|obscura,obscura,Animalia,Insecta,Diptera,Drosophilidae,Drosophila,obscura,Achiasmatic,Achiasmatic,Heterogametic,NA,12
Animalia|Insecta|Diptera|Drosophilidae|Drosophila|obscuripes,obscuripes,Animalia,Insecta,Diptera,Drosophilidae,Drosophila,obscuripes,Achiasmatic,Achiasmatic,Heterogametic,NA,12
Animalia|Insecta|Diptera|Drosophilidae|Drosophila|obscuroides,obscuroides,Animalia,Insecta,Diptera,Drosophilidae,Drosophila,obscuroides,Achiasmatic,Achiasmatic,Heterogametic,XY,12
Animalia|Insecta|Diptera|Drosophilidae|Drosophila|occidentalis,occidentalis,Animalia,Insecta,Diptera,Drosophilidae,Drosophila,occidentalis,Achiasmatic,Achiasmatic,Heterogametic,NA,12
Animalia|Insecta|Diptera|Drosophilidae|Drosophila|ocellata,ocellata,Animalia,Insecta,Diptera,Drosophilidae,Drosophila,ocellata,Achiasmatic,Achiasmatic,Heterogametic,NA,12
Animalia|Insecta|Diptera|Drosophilidae|Drosophila|ochracea,ochracea,Animalia,Insecta,Diptera,Drosophilidae,Drosophila,ochracea,Achiasmatic,Achiasmatic,Heterogametic,NA,12
Animalia|Insecta|Diptera|Drosophilidae|Drosophila|ochrobasis,ochrobasis,Animalia,Insecta,Diptera,Drosophilidae,Drosophila,ochrobasis,Achiasmatic,Achiasmatic,Heterogametic,NA,12
Animalia|Insecta|Diptera|Drosophilidae|Drosophila|odontophallus,odontophallus,Animalia,Insecta,Diptera,Drosophilidae,Drosophila,odontophallus,Achiasmatic,Achiasmatic,Heterogametic,NA,12
Animalia|Insecta|Diptera|Drosophilidae|Drosophila|olaae,olaae,Animalia,Insecta,Diptera,Drosophilidae,Drosophila,olaae,Achiasmatic,Achiasmatic,Heterogametic,NA,12
Animalia|Insecta|Diptera|Drosophilidae|Drosophila|onca,onca,Animalia,Insecta,Diptera,Drosophilidae,Drosophila,onca,Achiasmatic,Achiasmatic,Heterogametic,XY,8
Animalia|Insecta|Diptera|Drosophilidae|Drosophila|orbospiracula,orbospiracula,Animalia,Insecta,Diptera,Drosophilidae,Drosophila,orbospiracula,Achiasmatic,Achiasmatic,Heterogametic,XO,12
Animalia|Insecta|Diptera|Drosophilidae|Drosophila|orena,orena,Animalia,Insecta,Diptera,Drosophilidae,Drosophila,orena,Achiasmatic,Achiasmatic,Heterogametic,XY,8
Animalia|Insecta|Diptera|Drosophilidae|Drosophila|orkui,orkui,Animalia,Insecta,Diptera,Drosophilidae,Drosophila,orkui,Achiasmatic,Achiasmatic,Heterogametic,NA,10
Animalia|Insecta|Diptera|Drosophilidae|Drosophila|ornata,ornata,Animalia,Insecta,Diptera,Drosophilidae,Drosophila,ornata,Achiasmatic,Achiasmatic,Heterogametic,NA,12
Animalia|Insecta|Diptera|Drosophilidae|Drosophila|ornatipennis,ornatipennis,Animalia,Insecta,Diptera,Drosophilidae,Drosophila,ornatipennis,Achiasmatic,Achiasmatic,Heterogametic,NA,10
Animalia|Insecta|Diptera|Drosophilidae|Drosophila|orosa,orosa,Animalia,Insecta,Diptera,Drosophilidae,Drosophila,orosa,Achiasmatic,Achiasmatic,Heterogametic,XY,8
Animalia|Insecta|Diptera|Drosophilidae|Drosophila|orphnopeza,orphnopeza,Animalia,Insecta,Diptera,Drosophilidae,Drosophila,orphnopeza,Achiasmatic,Achiasmatic,Heterogametic,NA,12
Animalia|Insecta|Diptera|Drosophilidae|Drosophila|orthofascia,orthofascia,Animalia,Insecta,Diptera,Drosophilidae,Drosophila,orthofascia,Achiasmatic,Achiasmatic,Heterogametic,NA,12
Animalia|Insecta|Diptera|Drosophilidae|Drosophila|pachea,pachea,Animalia,Insecta,Diptera,Drosophilidae,Drosophila,pachea,Achiasmatic,Achiasmatic,Heterogametic,XY,10
Animalia|Insecta|Diptera|Drosophilidae|Drosophila|pachuca,pachuca,Animalia,Insecta,Diptera,Drosophilidae,Drosophila,pachuca,Achiasmatic,Achiasmatic,Heterogametic,XY,12
Animalia|Insecta|Diptera|Drosophilidae|Drosophila|paenehamifera,paenehamifera,Animalia,Insecta,Diptera,Drosophilidae,Drosophila,paenehamifera,Achiasmatic,Achiasmatic,Heterogametic,NA,12
Animalia|Insecta|Diptera|Drosophilidae|Drosophila|pagliolii,pagliolii,Animalia,Insecta,Diptera,Drosophilidae,Drosophila,pagliolii,Achiasmatic,Achiasmatic,Heterogametic,NA,10
Animalia|Insecta|Diptera|Drosophilidae|Drosophila|pallidifrons,pallidifrons,Animalia,Insecta,Diptera,Drosophilidae,Drosophila,pallidifrons,Achiasmatic,Achiasmatic,Heterogametic,XY,8
Animalia|Insecta|Diptera|Drosophilidae|Drosophila|pallidipennis,pallidipennis,Animalia,Insecta,Diptera,Drosophilidae,Drosophila,pallidipennis,Achiasmatic,Achiasmatic,Heterogametic,XY,12
Animalia|Insecta|Diptera|Drosophilidae|Drosophila|pallidosa,pallidosa,Animalia,Insecta,Diptera,Drosophilidae,Drosophila,pallidosa,Achiasmatic,Achiasmatic,Heterogametic,XY,8
Animalia|Insecta|Diptera|Drosophilidae|Drosophila|palustris,palustris,Animalia,Insecta,Diptera,Drosophilidae,Drosophila,palustris,Achiasmatic,Achiasmatic,Heterogametic,XY,12
Animalia|Insecta|Diptera|Drosophilidae|Drosophila|parabipectinata,parabipectinata,Animalia,Insecta,Diptera,Drosophilidae,Drosophila,parabipectinata,Achiasmatic,Achiasmatic,Heterogametic,XY,8
Animalia|Insecta|Diptera|Drosophilidae|Drosophila|parabocainensis,parabocainensis,Animalia,Insecta,Diptera,Drosophilidae,Drosophila,parabocainensis,Achiasmatic,Achiasmatic,Heterogametic,NA,6
Animalia|Insecta|Diptera|Drosophilidae|Drosophila|paracanalinea,paracanalinea,Animalia,Insecta,Diptera,Drosophilidae,Drosophila,paracanalinea,Achiasmatic,Achiasmatic,Heterogametic,NA,8
Animalia|Insecta|Diptera|Drosophilidae|Drosophila|parachrogaster,parachrogaster,Animalia,Insecta,Diptera,Drosophilidae,Drosophila,parachrogaster,Achiasmatic,Achiasmatic,Heterogametic,NA,12
Animalia|Insecta|Diptera|Drosophilidae|Drosophila|paraguttata,paraguttata,Animalia,Insecta,Diptera,Drosophilidae,Drosophila,paraguttata,Achiasmatic,Achiasmatic,Heterogametic,XY,12
Animalia|Insecta|Diptera|Drosophilidae|Drosophila|paralutea,paralutea,Animalia,Insecta,Diptera,Drosophilidae,Drosophila,paralutea,Achiasmatic,Achiasmatic,Heterogametic,XY,6
Animalia|Insecta|Diptera|Drosophilidae|Drosophila|paramediostriata,paramediostriata,Animalia,Insecta,Diptera,Drosophilidae,Drosophila,paramediostriata,Achiasmatic,Achiasmatic,Heterogametic,NA,12
Animalia|Insecta|Diptera|Drosophilidae|Drosophila|paramelanica,paramelanica,Animalia,Insecta,Diptera,Drosophilidae,Drosophila,paramelanica,Achiasmatic,Achiasmatic,Heterogametic,NA,10
Animalia|Insecta|Diptera|Drosophilidae|Drosophila|paranaensis,paranaensis,Animalia,Insecta,Diptera,Drosophilidae,Drosophila,paranaensis,Achiasmatic,Achiasmatic,Heterogametic,XY,10
Animalia|Insecta|Diptera|Drosophilidae|Drosophila|pararepleta,pararepleta,Animalia,Insecta,Diptera,Drosophilidae,Drosophila,pararepleta,Achiasmatic,Achiasmatic,Heterogametic,XY,10
Animalia|Insecta|Diptera|Drosophilidae|Drosophila|pararubida,pararubida,Animalia,Insecta,Diptera,Drosophilidae,Drosophila,pararubida,Achiasmatic,Achiasmatic,Heterogametic,NA,8
Animalia|Insecta|Diptera|Drosophilidae|Drosophila|parasaltans,parasaltans,Animalia,Insecta,Diptera,Drosophilidae,Drosophila,parasaltans,Achiasmatic,Achiasmatic,Heterogametic,NA,6
Animalia|Insecta|Diptera|Drosophilidae|Drosophila|paratriangulata,paratriangulata,Animalia,Insecta,Diptera,Drosophilidae,Drosophila,paratriangulata,Achiasmatic,Achiasmatic,Heterogametic,XY,8
Animalia|Insecta|Diptera|Drosophilidae|Drosophila|parthenogenetica,parthenogenetica,Animalia,Insecta,Diptera,Drosophilidae,Drosophila,parthenogenetica,Achiasmatic,Achiasmatic,Heterogametic,NA,8
Animalia|Insecta|Diptera|Drosophilidae|Drosophila|parva,parva,Animalia,Insecta,Diptera,Drosophilidae,Drosophila,parva,Achiasmatic,Achiasmatic,Heterogametic,NA,8
Animalia|Insecta|Diptera|Drosophilidae|Drosophila|parvula,parvula,Animalia,Insecta,Diptera,Drosophilidae,Drosophila,parvula,Achiasmatic,Achiasmatic,Heterogametic,XY,6
Animalia|Insecta|Diptera|Drosophilidae|Drosophila|pattersoni,pattersoni,Animalia,Insecta,Diptera,Drosophilidae,Drosophila,pattersoni,Achiasmatic,Achiasmatic,Heterogametic,NA,8
Animalia|Insecta|Diptera|Drosophilidae|Drosophila|paucicilia,paucicilia,Animalia,Insecta,Diptera,Drosophilidae,Drosophila,paucicilia,Achiasmatic,Achiasmatic,Heterogametic,NA,12
Animalia|Insecta|Diptera|Drosophilidae|Drosophila|paucipuncta,paucipuncta,Animalia,Insecta,Diptera,Drosophilidae,Drosophila,paucipuncta,Achiasmatic,Achiasmatic,Heterogametic,NA,12
Animalia|Insecta|Diptera|Drosophilidae|Drosophila|paulistorum,paulistorum,Animalia,Insecta,Diptera,Drosophilidae,Drosophila,paulistorum,Achiasmatic,Achiasmatic,Heterogametic,XY,6
Animalia|Insecta|Diptera|Drosophilidae|Drosophila|pavani,pavani,Animalia,Insecta,Diptera,Drosophilidae,Drosophila,pavani,Achiasmatic,Achiasmatic,Heterogametic,NA,10
Animalia|Insecta|Diptera|Drosophilidae|Drosophila|pavlovskiana,pavlovskiana,Animalia,Insecta,Diptera,Drosophilidae,Drosophila,pavlovskiana,Achiasmatic,Achiasmatic,Heterogametic,NA,6
Animalia|Insecta|Diptera|Drosophilidae|Drosophila|pectinitarsus,pectinitarsus,Animalia,Insecta,Diptera,Drosophilidae,Drosophila,pectinitarsus,Achiasmatic,Achiasmatic,Heterogametic,NA,12
Animalia|Insecta|Diptera|Drosophilidae|Drosophila|pegasa,pegasa,Animalia,Insecta,Diptera,Drosophilidae,Drosophila,pegasa,Achiasmatic,Achiasmatic,Heterogametic,NA,12
Animalia|Insecta|Diptera|Drosophilidae|Drosophila|pellewae,pellewae,Animalia,Insecta,Diptera,Drosophilidae,Drosophila,pellewae,Achiasmatic,Achiasmatic,Heterogametic,XY,12
Animalia|Insecta|Diptera|Drosophilidae|Drosophila|pengi,pengi,Animalia,Insecta,Diptera,Drosophilidae,Drosophila,pengi,Achiasmatic,Achiasmatic,Heterogametic,NA,10
Animalia|Insecta|Diptera|Drosophilidae|Drosophila|peniculipedis,peniculipedis,Animalia,Insecta,Diptera,Drosophilidae,Drosophila,peniculipedis,Achiasmatic,Achiasmatic,Heterogametic,NA,12
Animalia|Insecta|Diptera|Drosophilidae|Drosophila|peninsularis,peninsularis,Animalia,Insecta,Diptera,Drosophilidae,Drosophila,peninsularis,Achiasmatic,Achiasmatic,Heterogametic,XY,10
Animalia|Insecta|Diptera|Drosophilidae|Drosophila|pennae,pennae,Animalia,Insecta,Diptera,Drosophilidae,Drosophila,pennae,Achiasmatic,Achiasmatic,Heterogametic,XY,6
Animalia|Insecta|Diptera|Drosophilidae|Drosophila|percnosoma,percnosoma,Animalia,Insecta,Diptera,Drosophilidae,Drosophila,percnosoma,Achiasmatic,Achiasmatic,Heterogametic,NA,12
Animalia|Insecta|Diptera|Drosophilidae|Drosophila|perkinsi,perkinsi,Animalia,Insecta,Diptera,Drosophilidae,Drosophila,perkinsi,Achiasmatic,Achiasmatic,Heterogametic,NA,12
Animalia|Insecta|Diptera|Drosophilidae|Drosophila|persimilis,persimilis,Animalia,Insecta,Diptera,Drosophilidae,Drosophila,persimilis,Achiasmatic,Achiasmatic,Heterogametic,XY,10
Animalia|Insecta|Diptera|Drosophilidae|Drosophila|phaeopleura,phaeopleura,Animalia,Insecta,Diptera,Drosophilidae,Drosophila,phaeopleura,Achiasmatic,Achiasmatic,Heterogametic,XY,8
Animalia|Insecta|Diptera|Drosophilidae|Drosophila|phalerata,phalerata,Animalia,Insecta,Diptera,Drosophilidae,Drosophila,phalerata,Achiasmatic,Achiasmatic,Heterogametic,XY,12
Animalia|Insecta|Diptera|Drosophilidae|Drosophila|picta,picta,Animalia,Insecta,Diptera,Drosophilidae,Drosophila,picta,Achiasmatic,Achiasmatic,Heterogametic,NA,12
Animalia|Insecta|Diptera|Drosophilidae|Drosophila|picticornis,picticornis,Animalia,Insecta,Diptera,Drosophilidae,Drosophila,picticornis,Achiasmatic,Achiasmatic,Heterogametic,NA,12
Animalia|Insecta|Diptera|Drosophilidae|Drosophila|pictilis,pictilis,Animalia,Insecta,Diptera,Drosophilidae,Drosophila,pictilis,Achiasmatic,Achiasmatic,Heterogametic,XY,12
Animalia|Insecta|Diptera|Drosophilidae|Drosophila|pictiventris,pictiventris,Animalia,Insecta,Diptera,Drosophilidae,Drosophila,pictiventris,Achiasmatic,Achiasmatic,Heterogametic,XO,8
Animalia|Insecta|Diptera|Drosophilidae|Drosophila|pictura,pictura,Animalia,Insecta,Diptera,Drosophilidae,Drosophila,pictura,Achiasmatic,Achiasmatic,Heterogametic,XY,12
Animalia|Insecta|Diptera|Drosophilidae|Drosophila|pilimana,pilimana,Animalia,Insecta,Diptera,Drosophilidae,Drosophila,pilimana,Achiasmatic,Achiasmatic,Heterogametic,NA,12
Animalia|Insecta|Diptera|Drosophilidae|Drosophila|pinicola,pinicola,Animalia,Insecta,Diptera,Drosophilidae,Drosophila,pinicola,Achiasmatic,Achiasmatic,Heterogametic,XY,6
Animalia|Insecta|Diptera|Drosophilidae|Drosophila|planitibia,planitibia,Animalia,Insecta,Diptera,Drosophilidae,Drosophila,planitibia,Achiasmatic,Achiasmatic,Heterogametic,NA,12
Animalia|Insecta|Diptera|Drosophilidae|Drosophila|polliciforma,polliciforma,Animalia,Insecta,Diptera,Drosophilidae,Drosophila,polliciforma,Achiasmatic,Achiasmatic,Heterogametic,NA,12
Animalia|Insecta|Diptera|Drosophilidae|Drosophila|polychaeta,polychaeta,Animalia,Insecta,Diptera,Drosophilidae,Drosophila,polychaeta,Achiasmatic,Achiasmatic,Heterogametic,XY,12
Animalia|Insecta|Diptera|Drosophilidae|Drosophila|polymorpha,polymorpha,Animalia,Insecta,Diptera,Drosophilidae,Drosophila,polymorpha,Achiasmatic,Achiasmatic,Heterogametic,XY,8
Animalia|Insecta|Diptera|Drosophilidae|Drosophila|ponera,ponera,Animalia,Insecta,Diptera,Drosophilidae,Drosophila,ponera,Achiasmatic,Achiasmatic,Heterogametic,XY,12
Animalia|Insecta|Diptera|Drosophilidae|Drosophila|primaeva,primaeva,Animalia,Insecta,Diptera,Drosophilidae,Drosophila,primaeva,Achiasmatic,Achiasmatic,Heterogametic,NA,12
Animalia|Insecta|Diptera|Drosophilidae|Drosophila|procardinoides,procardinoides,Animalia,Insecta,Diptera,Drosophilidae,Drosophila,procardinoides,Achiasmatic,Achiasmatic,Heterogametic,NA,8
Animalia|Insecta|Diptera|Drosophilidae|Drosophila|prolaticilia,prolaticilia,Animalia,Insecta,Diptera,Drosophilidae,Drosophila,prolaticilia,Achiasmatic,Achiasmatic,Heterogametic,NA,12
Animalia|Insecta|Diptera|Drosophilidae|Drosophila|prolongata,prolongata,Animalia,Insecta,Diptera,Drosophilidae,Drosophila,prolongata,Achiasmatic,Achiasmatic,Heterogametic,XY,8
Animalia|Insecta|Diptera|Drosophilidae|Drosophila|promeridiana,promeridiana,Animalia,Insecta,Diptera,Drosophilidae,Drosophila,promeridiana,Achiasmatic,Achiasmatic,Heterogametic,XY,10
Animalia|Insecta|Diptera|Drosophilidae|Drosophila|propachuca,propachuca,Animalia,Insecta,Diptera,Drosophilidae,Drosophila,propachuca,Achiasmatic,Achiasmatic,Heterogametic,XY,10
Animalia|Insecta|Diptera|Drosophilidae|Drosophila|prosaltans,prosaltans,Animalia,Insecta,Diptera,Drosophilidae,Drosophila,prosaltans,Achiasmatic,Achiasmatic,Heterogametic,NA,6
Animalia|Insecta|Diptera|Drosophilidae|Drosophila|prosaltansII,prosaltansII,Animalia,Insecta,Diptera,Drosophilidae,Drosophila,prosaltansII,Achiasmatic,Achiasmatic,Heterogametic,NA,6
Animalia|Insecta|Diptera|Drosophilidae|Drosophila|prosimilis,prosimilis,Animalia,Insecta,Diptera,Drosophilidae,Drosophila,prosimilis,Achiasmatic,Achiasmatic,Heterogametic,XY,12
Animalia|Insecta|Diptera|Drosophilidae|Drosophila|prostipennis,prostipennis,Animalia,Insecta,Diptera,Drosophilidae,Drosophila,prostipennis,Achiasmatic,Achiasmatic,Heterogametic,XY,6
Animalia|Insecta|Diptera|Drosophilidae|Drosophila|prostopalpis,prostopalpis,Animalia,Insecta,Diptera,Drosophilidae,Drosophila,prostopalpis,Achiasmatic,Achiasmatic,Heterogametic,NA,12
Animalia|Insecta|Diptera|Drosophilidae|Drosophila|pseudoananassae,pseudoananassae,Animalia,Insecta,Diptera,Drosophilidae,Drosophila,pseudoananassae,Achiasmatic,Achiasmatic,Heterogametic,XY,8
Animalia|Insecta|Diptera|Drosophilidae|Drosophila|pseudomayri,pseudomayri,Animalia,Insecta,Diptera,Drosophilidae,Drosophila,pseudomayri,Achiasmatic,Achiasmatic,Heterogametic,XY,8
Animalia|Insecta|Diptera|Drosophilidae|Drosophila|pseudoobscura,pseudoobscura,Animalia,Insecta,Diptera,Drosophilidae,Drosophila,pseudoobscura,Achiasmatic,Achiasmatic,Heterogametic,XY,10
Animalia|Insecta|Diptera|Drosophilidae|Drosophila|pseudosaltans,pseudosaltans,Animalia,Insecta,Diptera,Drosophilidae,Drosophila,pseudosaltans,Achiasmatic,Achiasmatic,Heterogametic,NA,6
Animalia|Insecta|Diptera|Drosophilidae|Drosophila|pseudosordidula,pseudosordidula,Animalia,Insecta,Diptera,Drosophilidae,Drosophila,pseudosordidula,Achiasmatic,Achiasmatic,Heterogametic,NA,10
Animalia|Insecta|Diptera|Drosophilidae|Drosophila|pseudotakahashii,pseudotakahashii,Animalia,Insecta,Diptera,Drosophilidae,Drosophila,pseudotakahashii,Achiasmatic,Achiasmatic,Heterogametic,XY,8
Animalia|Insecta|Diptera|Drosophilidae|Drosophila|pseudotetrachaeta,pseudotetrachaeta,Animalia,Insecta,Diptera,Drosophilidae,Drosophila,pseudotetrachaeta,Achiasmatic,Achiasmatic,Heterogametic,NA,12
Animalia|Insecta|Diptera|Drosophilidae|Drosophila|psilophallus,psilophallus,Animalia,Insecta,Diptera,Drosophilidae,Drosophila,psilophallus,Achiasmatic,Achiasmatic,Heterogametic,NA,12
Animalia|Insecta|Diptera|Drosophilidae|Drosophila|psiolotarsalis,psiolotarsalis,Animalia,Insecta,Diptera,Drosophilidae,Drosophila,psiolotarsalis,Achiasmatic,Achiasmatic,Heterogametic,NA,12
Animalia|Insecta|Diptera|Drosophilidae|Drosophila|pulaua,pulaua,Animalia,Insecta,Diptera,Drosophilidae,Drosophila,pulaua,Achiasmatic,Achiasmatic,Heterogametic,XY,8
Animalia|Insecta|Diptera|Drosophilidae|Drosophila|pulchrella,pulchrella,Animalia,Insecta,Diptera,Drosophilidae,Drosophila,pulchrella,Achiasmatic,Achiasmatic,Heterogametic,XY,8
Animalia|Insecta|Diptera|Drosophilidae|Drosophila|pulla,pulla,Animalia,Insecta,Diptera,Drosophilidae,Drosophila,pulla,Achiasmatic,Achiasmatic,Heterogametic,XY,10
Animalia|Insecta|Diptera|Drosophilidae|Drosophila|pullata,pullata,Animalia,Insecta,Diptera,Drosophilidae,Drosophila,pullata,Achiasmatic,Achiasmatic,Heterogametic,NA,10
Animalia|Insecta|Diptera|Drosophilidae|Drosophila|pullipes,pullipes,Animalia,Insecta,Diptera,Drosophilidae,Drosophila,pullipes,Achiasmatic,Achiasmatic,Heterogametic,NA,12
Animalia|Insecta|Diptera|Drosophilidae|Drosophila|punalua,punalua,Animalia,Insecta,Diptera,Drosophilidae,Drosophila,punalua,Achiasmatic,Achiasmatic,Heterogametic,NA,12
Animalia|Insecta|Diptera|Drosophilidae|Drosophila|punjabiensis,punjabiensis,Animalia,Insecta,Diptera,Drosophilidae,Drosophila,punjabiensis,Achiasmatic,Achiasmatic,Heterogametic,XY,8
Animalia|Insecta|Diptera|Drosophilidae|Drosophila|putrida,putrida,Animalia,Insecta,Diptera,Drosophilidae,Drosophila,putrida,Achiasmatic,Achiasmatic,Heterogametic,XY,8
Animalia|Insecta|Diptera|Drosophilidae|Drosophila|pychnochaetae,pychnochaetae,Animalia,Insecta,Diptera,Drosophilidae,Drosophila,pychnochaetae,Achiasmatic,Achiasmatic,Heterogametic,NA,12
Animalia|Insecta|Diptera|Drosophilidae|Drosophila|quadraria,quadraria,Animalia,Insecta,Diptera,Drosophilidae,Drosophila,quadraria,Achiasmatic,Achiasmatic,Heterogametic,XY,6
Animalia|Insecta|Diptera|Drosophilidae|Drosophila|quadrilineata,quadrilineata,Animalia,Insecta,Diptera,Drosophilidae,Drosophila,quadrilineata,Achiasmatic,Achiasmatic,Heterogametic,XY,12
Animalia|Insecta|Diptera|Drosophilidae|Drosophila|quadrisetae,quadrisetae,Animalia,Insecta,Diptera,Drosophilidae,Drosophila,quadrisetae,Achiasmatic,Achiasmatic,Heterogametic,NA,12
Animalia|Insecta|Diptera|Drosophilidae|Drosophila|quasianomalipes,quasianomalipes,Animalia,Insecta,Diptera,Drosophilidae,Drosophila,quasianomalipes,Achiasmatic,Achiasmatic,Heterogametic,NA,12
Animalia|Insecta|Diptera|Drosophilidae|Drosophila|quinaria,quinaria,Animalia,Insecta,Diptera,Drosophilidae,Drosophila,quinaria,Achiasmatic,Achiasmatic,Heterogametic,XY,8
Animalia|Insecta|Diptera|Drosophilidae|Drosophila|racemova,racemova,Animalia,Insecta,Diptera,Drosophilidae,Drosophila,racemova,Achiasmatic,Achiasmatic,Heterogametic,XY,12
Animalia|Insecta|Diptera|Drosophilidae|Drosophila|ramsdeni,ramsdeni,Animalia,Insecta,Diptera,Drosophilidae,Drosophila,ramsdeni,Achiasmatic,Achiasmatic,Heterogametic,XY,12
Animalia|Insecta|Diptera|Drosophilidae|Drosophila|rectangularis,rectangularis,Animalia,Insecta,Diptera,Drosophilidae,Drosophila,rectangularis,Achiasmatic,Achiasmatic,Heterogametic,NA,6
Animalia|Insecta|Diptera|Drosophilidae|Drosophila|recticilia,recticilia,Animalia,Insecta,Diptera,Drosophilidae,Drosophila,recticilia,Achiasmatic,Achiasmatic,Heterogametic,NA,12
Animalia|Insecta|Diptera|Drosophilidae|Drosophila|reducta,reducta,Animalia,Insecta,Diptera,Drosophilidae,Drosophila,reducta,Achiasmatic,Achiasmatic,Heterogametic,NA,10
Animalia|Insecta|Diptera|Drosophilidae|Drosophila|repleta,repleta,Animalia,Insecta,Diptera,Drosophilidae,Drosophila,repleta,Achiasmatic,Achiasmatic,Heterogametic,NA,12
Animalia|Insecta|Diptera|Drosophilidae|Drosophila|repletoides,repletoides,Animalia,Insecta,Diptera,Drosophilidae,Drosophila,repletoides,Achiasmatic,Achiasmatic,Heterogametic,NA,8
Animalia|Insecta|Diptera|Drosophilidae|Drosophila|reynoldsiae,reynoldsiae,Animalia,Insecta,Diptera,Drosophilidae,Drosophila,reynoldsiae,Achiasmatic,Achiasmatic,Heterogametic,NA,12
Animalia|Insecta|Diptera|Drosophilidae|Drosophila|rhopaloa,rhopaloa,Animalia,Insecta,Diptera,Drosophilidae,Drosophila,rhopaloa,Achiasmatic,Achiasmatic,Heterogametic,XY,8
Animalia|Insecta|Diptera|Drosophilidae|Drosophila|rioensis,rioensis,Animalia,Insecta,Diptera,Drosophilidae,Drosophila,rioensis,Achiasmatic,Achiasmatic,Heterogametic,XY,10
Animalia|Insecta|Diptera|Drosophilidae|Drosophila|ritae,ritae,Animalia,Insecta,Diptera,Drosophilidae,Drosophila,ritae,Achiasmatic,Achiasmatic,Heterogametic,XY,12
Animalia|Insecta|Diptera|Drosophilidae|Drosophila|robusta,robusta,Animalia,Insecta,Diptera,Drosophilidae,Drosophila,robusta,Achiasmatic,Achiasmatic,Heterogametic,XY,8
Animalia|Insecta|Diptera|Drosophilidae|Drosophila|roehrae,roehrae,Animalia,Insecta,Diptera,Drosophilidae,Drosophila,roehrae,Achiasmatic,Achiasmatic,Heterogametic,NA,12
Animalia|Insecta|Diptera|Drosophilidae|Drosophila|ruberrima,ruberrima,Animalia,Insecta,Diptera,Drosophilidae,Drosophila,ruberrima,Achiasmatic,Achiasmatic,Heterogametic,XY,8
Animalia|Insecta|Diptera|Drosophilidae|Drosophila|rubida,rubida,Animalia,Insecta,Diptera,Drosophilidae,Drosophila,rubida,Achiasmatic,Achiasmatic,Heterogametic,NA,8
Animalia|Insecta|Diptera|Drosophilidae|Drosophila|rubifrons,rubifrons,Animalia,Insecta,Diptera,Drosophilidae,Drosophila,rubifrons,Achiasmatic,Achiasmatic,Heterogametic,NA,12
Animalia|Insecta|Diptera|Drosophilidae|Drosophila|rubra,rubra,Animalia,Insecta,Diptera,Drosophilidae,Drosophila,rubra,Achiasmatic,Achiasmatic,Heterogametic,XY,8
Animalia|Insecta|Diptera|Drosophilidae|Drosophila|rufa,rufa,Animalia,Insecta,Diptera,Drosophilidae,Drosophila,rufa,Achiasmatic,Achiasmatic,Heterogametic,XY,8
Animalia|Insecta|Diptera|Drosophilidae|Drosophila|rufifrons,rufifrons,Animalia,Insecta,Diptera,Drosophilidae,Drosophila,rufifrons,Achiasmatic,Achiasmatic,Heterogametic,XY,8
Animalia|Insecta|Diptera|Drosophilidae|Drosophila|s.,s.,Animalia,Insecta,Diptera,Drosophilidae,Drosophila,s.,Achiasmatic,Achiasmatic,Heterogametic,XY,8
Animalia|Insecta|Diptera|Drosophilidae|Drosophila|saltans,saltans,Animalia,Insecta,Diptera,Drosophilidae,Drosophila,saltans,Achiasmatic,Achiasmatic,Heterogametic,NA,6
Animalia|Insecta|Diptera|Drosophilidae|Drosophila|sechellia,sechellia,Animalia,Insecta,Diptera,Drosophilidae,Drosophila,sechellia,Achiasmatic,Achiasmatic,Heterogametic,XY,8
Animalia|Insecta|Diptera|Drosophilidae|Drosophila|seguyi,seguyi,Animalia,Insecta,Diptera,Drosophilidae,Drosophila,seguyi,Achiasmatic,Achiasmatic,Heterogametic,XY,8
Animalia|Insecta|Diptera|Drosophilidae|Drosophila|sejuncta,sejuncta,Animalia,Insecta,Diptera,Drosophilidae,Drosophila,sejuncta,Achiasmatic,Achiasmatic,Heterogametic,NA,12
Animalia|Insecta|Diptera|Drosophilidae|Drosophila|sellata,sellata,Animalia,Insecta,Diptera,Drosophilidae,Drosophila,sellata,Achiasmatic,Achiasmatic,Heterogametic,NA,6
Animalia|Insecta|Diptera|Drosophilidae|Drosophila|septentriosaltans,septentriosaltans,Animalia,Insecta,Diptera,Drosophilidae,Drosophila,septentriosaltans,Achiasmatic,Achiasmatic,Heterogametic,NA,6
Animalia|Insecta|Diptera|Drosophilidae|Drosophila|serenensis,serenensis,Animalia,Insecta,Diptera,Drosophilidae,Drosophila,serenensis,Achiasmatic,Achiasmatic,Heterogametic,NA,12
Animalia|Insecta|Diptera|Drosophilidae|Drosophila|serido,serido,Animalia,Insecta,Diptera,Drosophilidae,Drosophila,serido,Achiasmatic,Achiasmatic,Heterogametic,NA,12
Animalia|Insecta|Diptera|Drosophilidae|Drosophila|serrata,serrata,Animalia,Insecta,Diptera,Drosophilidae,Drosophila,serrata,Achiasmatic,Achiasmatic,Heterogametic,NA,8
Animalia|Insecta|Diptera|Drosophilidae|Drosophila|setosifrons,setosifrons,Animalia,Insecta,Diptera,Drosophilidae,Drosophila,setosifrons,Achiasmatic,Achiasmatic,Heterogametic,NA,12
Animalia|Insecta|Diptera|Drosophilidae|Drosophila|setosimentum,setosimentum,Animalia,Insecta,Diptera,Drosophilidae,Drosophila,setosimentum,Achiasmatic,Achiasmatic,Heterogametic,NA,12
Animalia|Insecta|Diptera|Drosophilidae|Drosophila|setula,setula,Animalia,Insecta,Diptera,Drosophilidae,Drosophila,setula,Achiasmatic,Achiasmatic,Heterogametic,NA,10
Animalia|Insecta|Diptera|Drosophilidae|Drosophila|sigmoides,sigmoides,Animalia,Insecta,Diptera,Drosophilidae,Drosophila,sigmoides,Achiasmatic,Achiasmatic,Heterogametic,NA,12
Animalia|Insecta|Diptera|Drosophilidae|Drosophila|silvarentis,silvarentis,Animalia,Insecta,Diptera,Drosophilidae,Drosophila,silvarentis,Achiasmatic,Achiasmatic,Heterogametic,NA,12
Animalia|Insecta|Diptera|Drosophilidae|Drosophila|silvestris,silvestris,Animalia,Insecta,Diptera,Drosophilidae,Drosophila,silvestris,Achiasmatic,Achiasmatic,Heterogametic,NA,12
Animalia|Insecta|Diptera|Drosophilidae|Drosophila|silvistriata,silvistriata,Animalia,Insecta,Diptera,Drosophilidae,Drosophila,silvistriata,Achiasmatic,Achiasmatic,Heterogametic,XY,10
Animalia|Insecta|Diptera|Drosophilidae|Drosophila|similis,similis,Animalia,Insecta,Diptera,Drosophilidae,Drosophila,similis,Achiasmatic,Achiasmatic,Heterogametic,XY,12
Animalia|Insecta|Diptera|Drosophilidae|Drosophila|simulans,simulans,Animalia,Insecta,Diptera,Drosophilidae,Drosophila,simulans,Achiasmatic,Achiasmatic,Heterogametic,XY,8
Animalia|Insecta|Diptera|Drosophilidae|Drosophila|sobrina,sobrina,Animalia,Insecta,Diptera,Drosophilidae,Drosophila,sobrina,Achiasmatic,Achiasmatic,Heterogametic,NA,12
Animalia|Insecta|Diptera|Drosophilidae|Drosophila|sodomae,sodomae,Animalia,Insecta,Diptera,Drosophilidae,Drosophila,sodomae,Achiasmatic,Achiasmatic,Heterogametic,NA,12
Animalia|Insecta|Diptera|Drosophilidae|Drosophila|sordidula,sordidula,Animalia,Insecta,Diptera,Drosophilidae,Drosophila,sordidula,Achiasmatic,Achiasmatic,Heterogametic,XY,10
Animalia|Insecta|Diptera|Drosophilidae|Drosophila|spaniothrix,spaniothrix,Animalia,Insecta,Diptera,Drosophilidae,Drosophila,spaniothrix,Achiasmatic,Achiasmatic,Heterogametic,NA,12
Animalia|Insecta|Diptera|Drosophilidae|Drosophila|spectabilis,spectabilis,Animalia,Insecta,Diptera,Drosophilidae,Drosophila,spectabilis,Achiasmatic,Achiasmatic,Heterogametic,NA,12
Animalia|Insecta|Diptera|Drosophilidae|Drosophila|spencensis,spencensis,Animalia,Insecta,Diptera,Drosophilidae,Drosophila,spencensis,Achiasmatic,Achiasmatic,Heterogametic,XY,12
Animalia|Insecta|Diptera|Drosophilidae|Drosophila|spenceri,spenceri,Animalia,Insecta,Diptera,Drosophilidae,Drosophila,spenceri,Achiasmatic,Achiasmatic,Heterogametic,XY,12
Animalia|Insecta|Diptera|Drosophilidae|Drosophila|spinatermina,spinatermina,Animalia,Insecta,Diptera,Drosophilidae,Drosophila,spinatermina,Achiasmatic,Achiasmatic,Heterogametic,NA,10
Animalia|Insecta|Diptera|Drosophilidae|Drosophila|spinofemora,spinofemora,Animalia,Insecta,Diptera,Drosophilidae,Drosophila,spinofemora,Achiasmatic,Achiasmatic,Heterogametic,NA,8
Animalia|Insecta|Diptera|Drosophilidae|Drosophila|sproati,sproati,Animalia,Insecta,Diptera,Drosophilidae,Drosophila,sproati,Achiasmatic,Achiasmatic,Heterogametic,NA,12
Animalia|Insecta|Diptera|Drosophilidae|Drosophila|stalkeri,stalkeri,Animalia,Insecta,Diptera,Drosophilidae,Drosophila,stalkeri,Achiasmatic,Achiasmatic,Heterogametic,XY,12
Animalia|Insecta|Diptera|Drosophilidae|Drosophila|starmeri,starmeri,Animalia,Insecta,Diptera,Drosophilidae,Drosophila,starmeri,Achiasmatic,Achiasmatic,Heterogametic,NA,12
Animalia|Insecta|Diptera|Drosophilidae|Drosophila|sternopleuralis,sternopleuralis,Animalia,Insecta,Diptera,Drosophilidae,Drosophila,sternopleuralis,Achiasmatic,Achiasmatic,Heterogametic,NA,8
Animalia|Insecta|Diptera|Drosophilidae|Drosophila|sticta,sticta,Animalia,Insecta,Diptera,Drosophilidae,Drosophila,sticta,Achiasmatic,Achiasmatic,Heterogametic,XY,12
Animalia|Insecta|Diptera|Drosophilidae|Drosophila|stonei,stonei,Animalia,Insecta,Diptera,Drosophilidae,Drosophila,stonei,Achiasmatic,Achiasmatic,Heterogametic,XY,8
Animalia|Insecta|Diptera|Drosophilidae|Drosophila|sturtevanti,sturtevanti,Animalia,Insecta,Diptera,Drosophilidae,Drosophila,sturtevanti,Achiasmatic,Achiasmatic,Heterogametic,XY,6
Animalia|Insecta|Diptera|Drosophilidae|Drosophila|subarctica,subarctica,Animalia,Insecta,Diptera,Drosophilidae,Drosophila,subarctica,Achiasmatic,Achiasmatic,Heterogametic,NA,12
Animalia|Insecta|Diptera|Drosophilidae|Drosophila|subbadia,subbadia,Animalia,Insecta,Diptera,Drosophilidae,Drosophila,subbadia,Achiasmatic,Achiasmatic,Heterogametic,XY,10
Animalia|Insecta|Diptera|Drosophilidae|Drosophila|subfunebris,subfunebris,Animalia,Insecta,Diptera,Drosophilidae,Drosophila,subfunebris,Achiasmatic,Achiasmatic,Heterogametic,XY,12
Animalia|Insecta|Diptera|Drosophilidae|Drosophila|submacroptera,submacroptera,Animalia,Insecta,Diptera,Drosophilidae,Drosophila,submacroptera,Achiasmatic,Achiasmatic,Heterogametic,XY,8
Animalia|Insecta|Diptera|Drosophilidae|Drosophila|subobscura,subobscura,Animalia,Insecta,Diptera,Drosophilidae,Drosophila,subobscura,Achiasmatic,Achiasmatic,Heterogametic,XY,12
Animalia|Insecta|Diptera|Drosophilidae|Drosophila|suboccidentalis,suboccidentalis,Animalia,Insecta,Diptera,Drosophilidae,Drosophila,suboccidentalis,Achiasmatic,Achiasmatic,Heterogametic,NA,12
Animalia|Insecta|Diptera|Drosophilidae|Drosophila|subpalustris,subpalustris,Animalia,Insecta,Diptera,Drosophilidae,Drosophila,subpalustris,Achiasmatic,Achiasmatic,Heterogametic,NA,12
Animalia|Insecta|Diptera|Drosophilidae|Drosophila|subquinaria,subquinaria,Animalia,Insecta,Diptera,Drosophilidae,Drosophila,subquinaria,Achiasmatic,Achiasmatic,Heterogametic,XY,12
Animalia|Insecta|Diptera|Drosophilidae|Drosophila|subsaltans,subsaltans,Animalia,Insecta,Diptera,Drosophilidae,Drosophila,subsaltans,Achiasmatic,Achiasmatic,Heterogametic,NA,6
Animalia|Insecta|Diptera|Drosophilidae|Drosophila|subsilvestris,subsilvestris,Animalia,Insecta,Diptera,Drosophilidae,Drosophila,subsilvestris,Achiasmatic,Achiasmatic,Heterogametic,XY,12
Animalia|Insecta|Diptera|Drosophilidae|Drosophila|substenoptera,substenoptera,Animalia,Insecta,Diptera,Drosophilidae,Drosophila,substenoptera,Achiasmatic,Achiasmatic,Heterogametic,NA,12
Animalia|Insecta|Diptera|Drosophilidae|Drosophila|subtilis,subtilis,Animalia,Insecta,Diptera,Drosophilidae,Drosophila,subtilis,Achiasmatic,Achiasmatic,Heterogametic,NA,10
Animalia|Insecta|Diptera|Drosophilidae|Drosophila|sucinea,sucinea,Animalia,Insecta,Diptera,Drosophilidae,Drosophila,sucinea,Achiasmatic,Achiasmatic,Heterogametic,XY,6
Animalia|Insecta|Diptera|Drosophilidae|Drosophila|suffusca,suffusca,Animalia,Insecta,Diptera,Drosophilidae,Drosophila,suffusca,Achiasmatic,Achiasmatic,Heterogametic,XY,8
Animalia|Insecta|Diptera|Drosophilidae|Drosophila|sulfurigaster,sulfurigaster,Animalia,Insecta,Diptera,Drosophilidae,Drosophila,sulfurigaster,Achiasmatic,Achiasmatic,Heterogametic,NA,8
Animalia|Insecta|Diptera|Drosophilidae|Drosophila|suzukii,suzukii,Animalia,Insecta,Diptera,Drosophilidae,Drosophila,suzukii,Achiasmatic,Achiasmatic,Heterogametic,XY,8
Animalia|Insecta|Diptera|Drosophilidae|Drosophila|takahashii,takahashii,Animalia,Insecta,Diptera,Drosophilidae,Drosophila,takahashii,Achiasmatic,Achiasmatic,Heterogametic,XY,6
Animalia|Insecta|Diptera|Drosophilidae|Drosophila|talamancana,talamancana,Animalia,Insecta,Diptera,Drosophilidae,Drosophila,talamancana,Achiasmatic,Achiasmatic,Heterogametic,XY,10
Animalia|Insecta|Diptera|Drosophilidae|Drosophila|tani,tani,Animalia,Insecta,Diptera,Drosophilidae,Drosophila,tani,Achiasmatic,Achiasmatic,Heterogametic,NA,8
Animalia|Insecta|Diptera|Drosophilidae|Drosophila|tanytrix,tanytrix,Animalia,Insecta,Diptera,Drosophilidae,Drosophila,tanytrix,Achiasmatic,Achiasmatic,Heterogametic,XY,12
Animalia|Insecta|Diptera|Drosophilidae|Drosophila|tarphytrichia,tarphytrichia,Animalia,Insecta,Diptera,Drosophilidae,Drosophila,tarphytrichia,Achiasmatic,Achiasmatic,Heterogametic,NA,12
Animalia|Insecta|Diptera|Drosophilidae|Drosophila|teisseri,teisseri,Animalia,Insecta,Diptera,Drosophilidae,Drosophila,teisseri,Achiasmatic,Achiasmatic,Heterogametic,XY,8
Animalia|Insecta|Diptera|Drosophilidae|Drosophila|tendomentum,tendomentum,Animalia,Insecta,Diptera,Drosophilidae,Drosophila,tendomentum,Achiasmatic,Achiasmatic,Heterogametic,NA,12
Animalia|Insecta|Diptera|Drosophilidae|Drosophila|tenebrosa,tenebrosa,Animalia,Insecta,Diptera,Drosophilidae,Drosophila,tenebrosa,Achiasmatic,Achiasmatic,Heterogametic,NA,10
Animalia|Insecta|Diptera|Drosophilidae|Drosophila|tenuicauda,tenuicauda,Animalia,Insecta,Diptera,Drosophilidae,Drosophila,tenuicauda,Achiasmatic,Achiasmatic,Heterogametic,NA,12
Animalia|Insecta|Diptera|Drosophilidae|Drosophila|testacea,testacea,Animalia,Insecta,Diptera,Drosophilidae,Drosophila,testacea,Achiasmatic,Achiasmatic,Heterogametic,XY,8
Animalia|Insecta|Diptera|Drosophilidae|Drosophila|tetrachaeta,tetrachaeta,Animalia,Insecta,Diptera,Drosophilidae,Drosophila,tetrachaeta,Achiasmatic,Achiasmatic,Heterogametic,NA,12
Animalia|Insecta|Diptera|Drosophilidae|Drosophila|texana,texana,Animalia,Insecta,Diptera,Drosophilidae,Drosophila,texana,Achiasmatic,Achiasmatic,Heterogametic,XY,10
Animalia|Insecta|Diptera|Drosophilidae|Drosophila|thoracis,thoracis,Animalia,Insecta,Diptera,Drosophilidae,Drosophila,thoracis,Achiasmatic,Achiasmatic,Heterogametic,XO,12
Animalia|Insecta|Diptera|Drosophilidae|Drosophila|tira,tira,Animalia,Insecta,Diptera,Drosophilidae,Drosophila,tira,Achiasmatic,Achiasmatic,Heterogametic,XY,12
Animalia|Insecta|Diptera|Drosophilidae|Drosophila|tolteca,tolteca,Animalia,Insecta,Diptera,Drosophilidae,Drosophila,tolteca,Achiasmatic,Achiasmatic,Heterogametic,XY,10
Animalia|Insecta|Diptera|Drosophilidae|Drosophila|tongpua,tongpua,Animalia,Insecta,Diptera,Drosophilidae,Drosophila,tongpua,Achiasmatic,Achiasmatic,Heterogametic,XY,8
Animalia|Insecta|Diptera|Drosophilidae|Drosophila|touchardiae,touchardiae,Animalia,Insecta,Diptera,Drosophilidae,Drosophila,touchardiae,Achiasmatic,Achiasmatic,Heterogametic,NA,12
Animalia|Insecta|Diptera|Drosophilidae|Drosophila|tranquilla,tranquilla,Animalia,Insecta,Diptera,Drosophilidae,Drosophila,tranquilla,Achiasmatic,Achiasmatic,Heterogametic,NA,6
Animalia|Insecta|Diptera|Drosophilidae|Drosophila|transversa,transversa,Animalia,Insecta,Diptera,Drosophilidae,Drosophila,transversa,Achiasmatic,Achiasmatic,Heterogametic,NA,12
Animalia|Insecta|Diptera|Drosophilidae|Drosophila|trapeza,trapeza,Animalia,Insecta,Diptera,Drosophilidae,Drosophila,trapeza,Achiasmatic,Achiasmatic,Heterogametic,XY,12
Animalia|Insecta|Diptera|Drosophilidae|Drosophila|trapezifrons,trapezifrons,Animalia,Insecta,Diptera,Drosophilidae,Drosophila,trapezifrons,Achiasmatic,Achiasmatic,Heterogametic,NA,6
Animalia|Insecta|Diptera|Drosophilidae|Drosophila|triangula,triangula,Animalia,Insecta,Diptera,Drosophilidae,Drosophila,triangula,Achiasmatic,Achiasmatic,Heterogametic,NA,12
Animalia|Insecta|Diptera|Drosophilidae|Drosophila|triauraria,triauraria,Animalia,Insecta,Diptera,Drosophilidae,Drosophila,triauraria,Achiasmatic,Achiasmatic,Heterogametic,XY,6
Animalia|Insecta|Diptera|Drosophilidae|Drosophila|trifiloides,trifiloides,Animalia,Insecta,Diptera,Drosophilidae,Drosophila,trifiloides,Achiasmatic,Achiasmatic,Heterogametic,XY,12
Animalia|Insecta|Diptera|Drosophilidae|Drosophila|trilutea,trilutea,Animalia,Insecta,Diptera,Drosophilidae,Drosophila,trilutea,Achiasmatic,Achiasmatic,Heterogametic,XY,6
Animalia|Insecta|Diptera|Drosophilidae|Drosophila|tripunctata,tripunctata,Animalia,Insecta,Diptera,Drosophilidae,Drosophila,tripunctata,Achiasmatic,Achiasmatic,Heterogametic,NA,8
Animalia|Insecta|Diptera|Drosophilidae|Drosophila|trispina,trispina,Animalia,Insecta,Diptera,Drosophilidae,Drosophila,trispina,Achiasmatic,Achiasmatic,Heterogametic,XY,14
Animalia|Insecta|Diptera|Drosophilidae|Drosophila|tristis,tristis,Animalia,Insecta,Diptera,Drosophilidae,Drosophila,tristis,Achiasmatic,Achiasmatic,Heterogametic,XY,10
Animalia|Insecta|Diptera|Drosophilidae|Drosophila|tristriata,tristriata,Animalia,Insecta,Diptera,Drosophilidae,Drosophila,tristriata,Achiasmatic,Achiasmatic,Heterogametic,NA,12
Animalia|Insecta|Diptera|Drosophilidae|Drosophila|trivittata,trivittata,Animalia,Insecta,Diptera,Drosophilidae,Drosophila,trivittata,Achiasmatic,Achiasmatic,Heterogametic,NA,10
Animalia|Insecta|Diptera|Drosophilidae|Drosophila|tropicalis,tropicalis,Animalia,Insecta,Diptera,Drosophilidae,Drosophila,tropicalis,Achiasmatic,Achiasmatic,Heterogametic,XY,6
Animalia|Insecta|Diptera|Drosophilidae|Drosophila|truncata,truncata,Animalia,Insecta,Diptera,Drosophilidae,Drosophila,truncata,Achiasmatic,Achiasmatic,Heterogametic,NA,6
Animalia|Insecta|Diptera|Drosophilidae|Drosophila|truncipenna,truncipenna,Animalia,Insecta,Diptera,Drosophilidae,Drosophila,truncipenna,Achiasmatic,Achiasmatic,Heterogametic,NA,12
Animalia|Insecta|Diptera|Drosophilidae|Drosophila|tsacasi,tsacasi,Animalia,Insecta,Diptera,Drosophilidae,Drosophila,tsacasi,Achiasmatic,Achiasmatic,Heterogametic,XY,8
Animalia|Insecta|Diptera|Drosophilidae|Drosophila|tsigana,tsigana,Animalia,Insecta,Diptera,Drosophilidae,Drosophila,tsigana,Achiasmatic,Achiasmatic,Heterogametic,XY,10
Animalia|Insecta|Diptera|Drosophilidae|Drosophila|tumiditarsus,tumiditarsus,Animalia,Insecta,Diptera,Drosophilidae,Drosophila,tumiditarsus,Achiasmatic,Achiasmatic,Heterogametic,XY,8
Animalia|Insecta|Diptera|Drosophilidae|Drosophila|turbata,turbata,Animalia,Insecta,Diptera,Drosophilidae,Drosophila,turbata,Achiasmatic,Achiasmatic,Heterogametic,NA,12
Animalia|Insecta|Diptera|Drosophilidae|Drosophila|unipunctata,unipunctata,Animalia,Insecta,Diptera,Drosophilidae,Drosophila,unipunctata,Achiasmatic,Achiasmatic,Heterogametic,XY,10
Animalia|Insecta|Diptera|Drosophilidae|Drosophila|uniseriata,uniseriata,Animalia,Insecta,Diptera,Drosophilidae,Drosophila,uniseriata,Achiasmatic,Achiasmatic,Heterogametic,NA,12
Animalia|Insecta|Diptera|Drosophilidae|Drosophila|uniseta,uniseta,Animalia,Insecta,Diptera,Drosophilidae,Drosophila,uniseta,Achiasmatic,Achiasmatic,Heterogametic,NA,12
Animalia|Insecta|Diptera|Drosophilidae|Drosophila|unispina,unispina,Animalia,Insecta,Diptera,Drosophilidae,Drosophila,unispina,Achiasmatic,Achiasmatic,Heterogametic,NA,12
Animalia|Insecta|Diptera|Drosophilidae|Drosophila|varians,varians,Animalia,Insecta,Diptera,Drosophilidae,Drosophila,varians,Achiasmatic,Achiasmatic,Heterogametic,XY,8
Animalia|Insecta|Diptera|Drosophilidae|Drosophila|varipennis,varipennis,Animalia,Insecta,Diptera,Drosophilidae,Drosophila,varipennis,Achiasmatic,Achiasmatic,Heterogametic,NA,12
Animalia|Insecta|Diptera|Drosophilidae|Drosophila|vesciseta,vesciseta,Animalia,Insecta,Diptera,Drosophilidae,Drosophila,vesciseta,Achiasmatic,Achiasmatic,Heterogametic,NA,12
Animalia|Insecta|Diptera|Drosophilidae|Drosophila|vibrissina,vibrissina,Animalia,Insecta,Diptera,Drosophilidae,Drosophila,vibrissina,Achiasmatic,Achiasmatic,Heterogametic,NA,8
Animalia|Insecta|Diptera|Drosophilidae|Drosophila|victoria,victoria,Animalia,Insecta,Diptera,Drosophilidae,Drosophila,victoria,Achiasmatic,Achiasmatic,Heterogametic,NA,8
Animalia|Insecta|Diptera|Drosophilidae|Drosophila|villitibia,villitibia,Animalia,Insecta,Diptera,Drosophilidae,Drosophila,villitibia,Achiasmatic,Achiasmatic,Heterogametic,NA,12
Animalia|Insecta|Diptera|Drosophilidae|Drosophila|villosipedis,villosipedis,Animalia,Insecta,Diptera,Drosophilidae,Drosophila,villosipedis,Achiasmatic,Achiasmatic,Heterogametic,NA,12
Animalia|Insecta|Diptera|Drosophilidae|Drosophila|viracochi,viracochi,Animalia,Insecta,Diptera,Drosophilidae,Drosophila,viracochi,Achiasmatic,Achiasmatic,Heterogametic,NA,10
Animalia|Insecta|Diptera|Drosophilidae|Drosophila|virgulata,virgulata,Animalia,Insecta,Diptera,Drosophilidae,Drosophila,virgulata,Achiasmatic,Achiasmatic,Heterogametic,NA,12
Animalia|Insecta|Diptera|Drosophilidae|Drosophila|virilis,virilis,Animalia,Insecta,Diptera,Drosophilidae,Drosophila,virilis,Achiasmatic,Achiasmatic,Heterogametic,XY,12
Animalia|Insecta|Diptera|Drosophilidae|Drosophila|vulcana,vulcana,Animalia,Insecta,Diptera,Drosophilidae,Drosophila,vulcana,Achiasmatic,Achiasmatic,Heterogametic,XY,8
Animalia|Insecta|Diptera|Drosophilidae|Drosophila|wheeleri,wheeleri,Animalia,Insecta,Diptera,Drosophilidae,Drosophila,wheeleri,Achiasmatic,Achiasmatic,Heterogametic,XY,12
Animalia|Insecta|Diptera|Drosophilidae|Drosophila|willistoni,willistoni,Animalia,Insecta,Diptera,Drosophilidae,Drosophila,willistoni,Achiasmatic,Achiasmatic,Heterogametic,XY,6
Animalia|Insecta|Diptera|Drosophilidae|Drosophila|wingei,wingei,Animalia,Insecta,Diptera,Drosophilidae,Drosophila,wingei,Achiasmatic,Achiasmatic,Heterogametic,NA,6
Animalia|Insecta|Diptera|Drosophilidae|Drosophila|xanthia,xanthia,Animalia,Insecta,Diptera,Drosophilidae,Drosophila,xanthia,Achiasmatic,Achiasmatic,Heterogametic,XY,10
Animalia|Insecta|Diptera|Drosophilidae|Drosophila|xanthogaster,xanthogaster,Animalia,Insecta,Diptera,Drosophilidae,Drosophila,xanthogaster,Achiasmatic,Achiasmatic,Heterogametic,NA,10
Animalia|Insecta|Diptera|Drosophilidae|Drosophila|yakuba,yakuba,Animalia,Insecta,Diptera,Drosophilidae,Drosophila,yakuba,Achiasmatic,Achiasmatic,Heterogametic,XY,8
Animalia|Insecta|Diptera|Drosophilidae|Exalloscaptomyza|spp.,spp.,Animalia,Insecta,Diptera,Drosophilidae,Exalloscaptomyza,spp.,Achiasmatic,Achiasmatic,Heterogametic,NA,10
Animalia|Insecta|Diptera|Drosophilidae|Hirtodrosophila|duncani,duncani,Animalia,Insecta,Diptera,Drosophilidae,Hirtodrosophila,duncani,Achiasmatic,Achiasmatic,Heterogametic,XY,10
Animalia|Insecta|Diptera|Drosophilidae|Hirtodrosophila|grisea,grisea,Animalia,Insecta,Diptera,Drosophilidae,Hirtodrosophila,grisea,Achiasmatic,Achiasmatic,Heterogametic,XO,12
Animalia|Insecta|Diptera|Drosophilidae|Hirtodrosophila|longala,longala,Animalia,Insecta,Diptera,Drosophilidae,Hirtodrosophila,longala,Achiasmatic,Achiasmatic,Heterogametic,XO,12
Animalia|Insecta|Diptera|Drosophilidae|Hirtodrosophila|orbospiracula,orbospiracula,Animalia,Insecta,Diptera,Drosophilidae,Hirtodrosophila,orbospiracula,Achiasmatic,Achiasmatic,Heterogametic,XO,12
Animalia|Insecta|Diptera|Drosophilidae|Hirtodrosophila|pictiventris,pictiventris,Animalia,Insecta,Diptera,Drosophilidae,Hirtodrosophila,pictiventris,Achiasmatic,Achiasmatic,Heterogametic,XO,8
Animalia|Insecta|Diptera|Drosophilidae|Hirtodrosophila|thoracis,thoracis,Animalia,Insecta,Diptera,Drosophilidae,Hirtodrosophila,thoracis,Achiasmatic,Achiasmatic,Heterogametic,XO,12
Animalia|Insecta|Diptera|Drosophilidae|Leucophenga|maculata,maculata,Animalia,Insecta,Diptera,Drosophilidae,Leucophenga,maculata,Achiasmatic,Achiasmatic,Heterogametic,XY,12
Animalia|Insecta|Diptera|Drosophilidae|Leucophenga|varia,varia,Animalia,Insecta,Diptera,Drosophilidae,Leucophenga,varia,Achiasmatic,Achiasmatic,Heterogametic,NA,12
Animalia|Insecta|Diptera|Drosophilidae|Microdrosophila|congesta,congesta,Animalia,Insecta,Diptera,Drosophilidae,Microdrosophila,congesta,Achiasmatic,Achiasmatic,Heterogametic,NA,10
Animalia|Insecta|Diptera|Drosophilidae|Microdrosophila|spp.,spp.,Animalia,Insecta,Diptera,Drosophilidae,Microdrosophila,spp.,Achiasmatic,Achiasmatic,Heterogametic,NA,10
Animalia|Insecta|Diptera|Drosophilidae|Mycodrosophila|claytonae,claytonae,Animalia,Insecta,Diptera,Drosophilidae,Mycodrosophila,claytonae,Achiasmatic,Achiasmatic,Heterogametic,XY,8
Animalia|Insecta|Diptera|Drosophilidae|Mycodrosophila|dimidiata,dimidiata,Animalia,Insecta,Diptera,Drosophilidae,Mycodrosophila,dimidiata,Achiasmatic,Achiasmatic,Heterogametic,XY,8
Animalia|Insecta|Diptera|Drosophilidae|Mycodrosophila|nigropteropleura,nigropteropleura,Animalia,Insecta,Diptera,Drosophilidae,Mycodrosophila,nigropteropleura,Achiasmatic,Achiasmatic,Heterogametic,NA,8
Animalia|Insecta|Diptera|Drosophilidae|Mycodrosophila|poecilogastra,poecilogastra,Animalia,Insecta,Diptera,Drosophilidae,Mycodrosophila,poecilogastra,Achiasmatic,Achiasmatic,Heterogametic,NA,12
Animalia|Insecta|Diptera|Drosophilidae|Mycodrosophila|stalkeri,stalkeri,Animalia,Insecta,Diptera,Drosophilidae,Mycodrosophila,stalkeri,Achiasmatic,Achiasmatic,Heterogametic,NA,8
Animalia|Insecta|Diptera|Drosophilidae|Pholadoris|baeomyia,baeomyia,Animalia,Insecta,Diptera,Drosophilidae,Pholadoris,baeomyia,Achiasmatic,Achiasmatic,Heterogametic,NA,6
Animalia|Insecta|Diptera|Drosophilidae|Pholadoris|coracina,coracina,Animalia,Insecta,Diptera,Drosophilidae,Pholadoris,coracina,Achiasmatic,Achiasmatic,Heterogametic,NA,8
Animalia|Insecta|Diptera|Drosophilidae|Pholadoris|lebanonensis,lebanonensis,Animalia,Insecta,Diptera,Drosophilidae,Pholadoris,lebanonensis,Achiasmatic,Achiasmatic,Heterogametic,NA,8
Animalia|Insecta|Diptera|Drosophilidae|Pholadoris|mirim,mirim,Animalia,Insecta,Diptera,Drosophilidae,Pholadoris,mirim,Achiasmatic,Achiasmatic,Heterogametic,NA,6
Animalia|Insecta|Diptera|Drosophilidae|Pholadoris|nitens,nitens,Animalia,Insecta,Diptera,Drosophilidae,Pholadoris,nitens,Achiasmatic,Achiasmatic,Heterogametic,NA,8
Animalia|Insecta|Diptera|Drosophilidae|Pholadoris|victoria,victoria,Animalia,Insecta,Diptera,Drosophilidae,Pholadoris,victoria,Achiasmatic,Achiasmatic,Heterogametic,NA,8
Animalia|Insecta|Diptera|Drosophilidae|Samoaia|Afiamallu,Afiamallu,Animalia,Insecta,Diptera,Drosophilidae,Samoaia,Afiamallu,Achiasmatic,Achiasmatic,Heterogametic,NA,10
Animalia|Insecta|Diptera|Drosophilidae|Samoaia|attenuata,attenuata,Animalia,Insecta,Diptera,Drosophilidae,Samoaia,attenuata,Achiasmatic,Achiasmatic,Heterogametic,NA,8
Animalia|Insecta|Diptera|Drosophilidae|Samoaia|blackwing,blackwing,Animalia,Insecta,Diptera,Drosophilidae,Samoaia,blackwing,Achiasmatic,Achiasmatic,Heterogametic,NA,12
Animalia|Insecta|Diptera|Drosophilidae|Samoaia|leonensis,leonensis,Animalia,Insecta,Diptera,Drosophilidae,Samoaia,leonensis,Achiasmatic,Achiasmatic,Heterogametic,NA,8
Animalia|Insecta|Diptera|Drosophilidae|Scaptomyza|adusta,adusta,Animalia,Insecta,Diptera,Drosophilidae,Scaptomyza,adusta,Achiasmatic,Achiasmatic,Heterogametic,NA,10
Animalia|Insecta|Diptera|Drosophilidae|Scaptomyza|albovittata,albovittata,Animalia,Insecta,Diptera,Drosophilidae,Scaptomyza,albovittata,Achiasmatic,Achiasmatic,Heterogametic,NA,10
Animalia|Insecta|Diptera|Drosophilidae|Scaptomyza|anomala,anomala,Animalia,Insecta,Diptera,Drosophilidae,Scaptomyza,anomala,Achiasmatic,Achiasmatic,Heterogametic,NA,10
Animalia|Insecta|Diptera|Drosophilidae|Scaptomyza|argentifrons,argentifrons,Animalia,Insecta,Diptera,Drosophilidae,Scaptomyza,argentifrons,Achiasmatic,Achiasmatic,Heterogametic,NA,10
Animalia|Insecta|Diptera|Drosophilidae|Scaptomyza|denticauda,denticauda,Animalia,Insecta,Diptera,Drosophilidae,Scaptomyza,denticauda,Achiasmatic,Achiasmatic,Heterogametic,XY,8
Animalia|Insecta|Diptera|Drosophilidae|Scaptomyza|graminum,graminum,Animalia,Insecta,Diptera,Drosophilidae,Scaptomyza,graminum,Achiasmatic,Achiasmatic,Heterogametic,XY,8
Animalia|Insecta|Diptera|Drosophilidae|Scaptomyza|hamata,hamata,Animalia,Insecta,Diptera,Drosophilidae,Scaptomyza,hamata,Achiasmatic,Achiasmatic,Heterogametic,NA,8
Animalia|Insecta|Diptera|Drosophilidae|Scaptomyza|melancholica,melancholica,Animalia,Insecta,Diptera,Drosophilidae,Scaptomyza,melancholica,Achiasmatic,Achiasmatic,Heterogametic,NA,8
Animalia|Insecta|Diptera|Drosophilidae|Scaptomyza|noei,noei,Animalia,Insecta,Diptera,Drosophilidae,Scaptomyza,noei,Achiasmatic,Achiasmatic,Heterogametic,NA,10
Animalia|Insecta|Diptera|Drosophilidae|Scaptomyza|pallida,pallida,Animalia,Insecta,Diptera,Drosophilidae,Scaptomyza,pallida,Achiasmatic,Achiasmatic,Heterogametic,NA,8
Animalia|Insecta|Diptera|Drosophilidae|Scaptomyza|palmae,palmae,Animalia,Insecta,Diptera,Drosophilidae,Scaptomyza,palmae,Achiasmatic,Achiasmatic,Heterogametic,NA,10
Animalia|Insecta|Diptera|Drosophilidae|Scaptomyza|spp.,spp.,Animalia,Insecta,Diptera,Drosophilidae,Scaptomyza,spp.,Achiasmatic,Achiasmatic,Heterogametic,NA,10
Animalia|Insecta|Diptera|Drosophilidae|Scaptomyza|varifrons,varifrons,Animalia,Insecta,Diptera,Drosophilidae,Scaptomyza,varifrons,Achiasmatic,Achiasmatic,Heterogametic,NA,10
Animalia|Insecta|Diptera|Drosophilidae|Scaptomyza|waialealeae,waialealeae,Animalia,Insecta,Diptera,Drosophilidae,Scaptomyza,waialealeae,Achiasmatic,Achiasmatic,Heterogametic,NA,8
Animalia|Insecta|Diptera|Drosophilidae|Scaptomyza|xanthopleura,xanthopleura,Animalia,Insecta,Diptera,Drosophilidae,Scaptomyza,xanthopleura,Achiasmatic,Achiasmatic,Heterogametic,NA,10
Animalia|Insecta|Diptera|Drosophilidae|Tantalia|albovittata,albovittata,Animalia,Insecta,Diptera,Drosophilidae,Tantalia,albovittata,Achiasmatic,Achiasmatic,Heterogametic,NA,10
Animalia|Insecta|Diptera|Drosophilidae|Titanochaeta|bryani,bryani,Animalia,Insecta,Diptera,Drosophilidae,Titanochaeta,bryani,Achiasmatic,Achiasmatic,Heterogametic,NA,10
Animalia|Insecta|Diptera|Drosophilidae|Titanochaeta|n.sp.,n.sp.,Animalia,Insecta,Diptera,Drosophilidae,Titanochaeta,n.sp.,Achiasmatic,Achiasmatic,Heterogametic,NA,8
Animalia|Insecta|Diptera|Drosophilidae|Titanochaeta|new,new,Animalia,Insecta,Diptera,Drosophilidae,Titanochaeta,new,Achiasmatic,Achiasmatic,Heterogametic,NA,8
Animalia|Insecta|Diptera|Drosophilidae|Trogloscaptomyza|argentifrons,argentifrons,Animalia,Insecta,Diptera,Drosophilidae,Trogloscaptomyza,argentifrons,Achiasmatic,Achiasmatic,Heterogametic,NA,10
Animalia|Insecta|Diptera|Drosophilidae|Trogloscaptomyza|n.sp.,n.sp.,Animalia,Insecta,Diptera,Drosophilidae,Trogloscaptomyza,n.sp.,Achiasmatic,Achiasmatic,Heterogametic,NA,10
Animalia|Insecta|Diptera|Drosophilidae|Trogloscaptomyza|spp.,spp.,Animalia,Insecta,Diptera,Drosophilidae,Trogloscaptomyza,spp.,Achiasmatic,Achiasmatic,Heterogametic,NA,10
Animalia|Insecta|Diptera|Drosophilidae|Trogloscaptomyza|waialealeae,waialealeae,Animalia,Insecta,Diptera,Drosophilidae,Trogloscaptomyza,waialealeae,Achiasmatic,Achiasmatic,Heterogametic,NA,8
Animalia|Insecta|Diptera|Drosophilidae|Zaprionus|bogoriensis,bogoriensis,Animalia,Insecta,Diptera,Drosophilidae,Zaprionus,bogoriensis,Achiasmatic,Achiasmatic,Heterogametic,XY,12
Animalia|Insecta|Diptera|Drosophilidae|Zaprionus|ghesquieri,ghesquieri,Animalia,Insecta,Diptera,Drosophilidae,Zaprionus,ghesquieri,Achiasmatic,Achiasmatic,Heterogametic,NA,12
Animalia|Insecta|Diptera|Drosophilidae|Zaprionus|indianus,indianus,Animalia,Insecta,Diptera,Drosophilidae,Zaprionus,indianus,Achiasmatic,Achiasmatic,Heterogametic,XY,12
Animalia|Insecta|Diptera|Drosophilidae|Zaprionus|inermis,inermis,Animalia,Insecta,Diptera,Drosophilidae,Zaprionus,inermis,Achiasmatic,Achiasmatic,Heterogametic,NA,12
Animalia|Insecta|Diptera|Drosophilidae|Zaprionus|multistriatus,multistriatus,Animalia,Insecta,Diptera,Drosophilidae,Zaprionus,multistriatus,Achiasmatic,Achiasmatic,Heterogametic,NA,12
Animalia|Insecta|Diptera|Drosophilidae|Zaprionus|obscuricornis,obscuricornis,Animalia,Insecta,Diptera,Drosophilidae,Zaprionus,obscuricornis,Achiasmatic,Achiasmatic,Heterogametic,XY,12
Animalia|Insecta|Diptera|Drosophilidae|Zaprionus|ornatus,ornatus,Animalia,Insecta,Diptera,Drosophilidae,Zaprionus,ornatus,Achiasmatic,Achiasmatic,Heterogametic,NA,12
Animalia|Insecta|Diptera|Drosophilidae|Zaprionus|paravittiger,paravittiger,Animalia,Insecta,Diptera,Drosophilidae,Zaprionus,paravittiger,Achiasmatic,Achiasmatic,Heterogametic,XY,12
Animalia|Insecta|Diptera|Drosophilidae|Zaprionus|sepsoides,sepsoides,Animalia,Insecta,Diptera,Drosophilidae,Zaprionus,sepsoides,Achiasmatic,Achiasmatic,Heterogametic,NA,12
Animalia|Insecta|Diptera|Drosophilidae|Zaprionus|sp.,sp.,Animalia,Insecta,Diptera,Drosophilidae,Zaprionus,sp.,Achiasmatic,Achiasmatic,Heterogametic,NA,8
Animalia|Insecta|Diptera|Drosophilidae|Zaprionus|tuberculatus,tuberculatus,Animalia,Insecta,Diptera,Drosophilidae,Zaprionus,tuberculatus,Achiasmatic,Achiasmatic,Heterogametic,NA,12
Animalia|Insecta|Diptera|Drosophilidae|Zaprionus|vittiger,vittiger,Animalia,Insecta,Diptera,Drosophilidae,Zaprionus,vittiger,Achiasmatic,Achiasmatic,Heterogametic,NA,12
Animalia|Insecta|Diptera|Dryomyzidae|Dryomyza|anilis,anilis,Animalia,Insecta,Diptera,Dryomyzidae,Dryomyza,anilis,Achiasmatic,Achiasmatic,Heterogametic,XY,12
Animalia|Insecta|Diptera|Dryomyzidae|Neuroctena|analis,analis,Animalia,Insecta,Diptera,Dryomyzidae,Neuroctena,analis,Achiasmatic,Achiasmatic,Heterogametic,XY,12
Animalia|Insecta|Diptera|Glossinidae|Glossina|brevipalpis,brevipalpis,Animalia,Insecta,Diptera,Glossinidae,Glossina,brevipalpis,Achiasmatic,Achiasmatic,Heterogametic,NA,16
Animalia|Insecta|Diptera|Heleomyzidae|Suillia|nemorum,nemorum,Animalia,Insecta,Diptera,Heleomyzidae,Suillia,nemorum,Achiasmatic,Achiasmatic,Heterogametic,XY,12
Animalia|Insecta|Diptera|Heleomyzidae|Suillia|sp,sp,Animalia,Insecta,Diptera,Heleomyzidae,Suillia,sp,Achiasmatic,Achiasmatic,Heterogametic,XY,12
Animalia|Insecta|Diptera|Hippoboscidae|Hippobosca|camelina,camelina,Animalia,Insecta,Diptera,Hippoboscidae,Hippobosca,camelina,Distance pairing,NA,Heterogametic,XY,26
Animalia|Insecta|Diptera|Hippoboscidae|Melophagus|ovinus,ovinus,Animalia,Insecta,Diptera,Hippoboscidae,Melophagus,ovinus,Achiasmatic,Achiasmatic,Heterogametic,XY,18
Animalia|Insecta|Diptera|Hippoboscidae|Olfersia|bisulcata,bisulcata,Animalia,Insecta,Diptera,Hippoboscidae,Olfersia,bisulcata,Achiasmatic,Achiasmatic,Heterogametic,XY,8
Animalia|Insecta|Diptera|Lauxaniidae|Calliopum|aeneum,aeneum,Animalia,Insecta,Diptera,Lauxaniidae,Calliopum,aeneum,Achiasmatic,Achiasmatic,Heterogametic,XY,12
Animalia|Insecta|Diptera|Lauxaniidae|Depressa|striatipennis,striatipennis,Animalia,Insecta,Diptera,Lauxaniidae,Depressa,striatipennis,Achiasmatic,Achiasmatic,Heterogametic,XY,12
Animalia|Insecta|Diptera|Lauxaniidae|Homoneura|armata,armata,Animalia,Insecta,Diptera,Lauxaniidae,Homoneura,armata,Achiasmatic,Achiasmatic,Heterogametic,XY,12
Animalia|Insecta|Diptera|Lauxaniidae|Homoneura|biroi,biroi,Animalia,Insecta,Diptera,Lauxaniidae,Homoneura,biroi,Achiasmatic,Achiasmatic,Heterogametic,NA,12
Animalia|Insecta|Diptera|Lauxaniidae|Homoneura|horvathi,horvathi,Animalia,Insecta,Diptera,Lauxaniidae,Homoneura,horvathi,Achiasmatic,Achiasmatic,Heterogametic,XY,12
Animalia|Insecta|Diptera|Lauxaniidae|Homoneura|laticosta,laticosta,Animalia,Insecta,Diptera,Lauxaniidae,Homoneura,laticosta,Achiasmatic,Achiasmatic,Heterogametic,XY,12
Animalia|Insecta|Diptera|Lauxaniidae|Homoneura|newspecies,newspecies,Animalia,Insecta,Diptera,Lauxaniidae,Homoneura,newspecies,Achiasmatic,Achiasmatic,Heterogametic,XY,12
Animalia|Insecta|Diptera|Lauxaniidae|Homoneura|nsp.Nearpreapicalis,nsp.Nearpreapicalis,Animalia,Insecta,Diptera,Lauxaniidae,Homoneura,nsp.Nearpreapicalis,Achiasmatic,Achiasmatic,Heterogametic,XY,12
Animalia|Insecta|Diptera|Lauxaniidae|Homoneura|sp1,sp1,Animalia,Insecta,Diptera,Lauxaniidae,Homoneura,sp1,Achiasmatic,Achiasmatic,Heterogametic,XY,12
Animalia|Insecta|Diptera|Lauxaniidae|Homoneura|sp2,sp2,Animalia,Insecta,Diptera,Lauxaniidae,Homoneura,sp2,Achiasmatic,Achiasmatic,Heterogametic,XY,12
Animalia|Insecta|Diptera|Lauxaniidae|Homoneura|spA,spA,Animalia,Insecta,Diptera,Lauxaniidae,Homoneura,spA,Achiasmatic,Achiasmatic,Heterogametic,NA,12
Animalia|Insecta|Diptera|Lauxaniidae|Homoneura|spB,spB,Animalia,Insecta,Diptera,Lauxaniidae,Homoneura,spB,Achiasmatic,Achiasmatic,Heterogametic,NA,12
Animalia|Insecta|Diptera|Lauxaniidae|Homoneura|speciesA,speciesA,Animalia,Insecta,Diptera,Lauxaniidae,Homoneura,speciesA,Achiasmatic,Achiasmatic,Heterogametic,XY,12
Animalia|Insecta|Diptera|Lauxaniidae|Homoneura|speciesB,speciesB,Animalia,Insecta,Diptera,Lauxaniidae,Homoneura,speciesB,Achiasmatic,Achiasmatic,Heterogametic,XY,12
Animalia|Insecta|Diptera|Lauxaniidae|Lauxania|cylindricornis,cylindricornis,Animalia,Insecta,Diptera,Lauxaniidae,Lauxania,cylindricornis,Achiasmatic,Achiasmatic,Heterogametic,XY,12
Animalia|Insecta|Diptera|Lauxaniidae|Lyciella|bicoloripes,bicoloripes,Animalia,Insecta,Diptera,Lauxaniidae,Lyciella,bicoloripes,Achiasmatic,Achiasmatic,Heterogametic,XY,12
Animalia|Insecta|Diptera|Lauxaniidae|Lyciella|hirtiventris,hirtiventris,Animalia,Insecta,Diptera,Lauxaniidae,Lyciella,hirtiventris,Achiasmatic,Achiasmatic,Heterogametic,XY,12
Animalia|Insecta|Diptera|Lauxaniidae|Lyciella|illota,illota,Animalia,Insecta,Diptera,Lauxaniidae,Lyciella,illota,Achiasmatic,Achiasmatic,Heterogametic,XY,10
Animalia|Insecta|Diptera|Lauxaniidae|Lyciella|newspecies,newspecies,Animalia,Insecta,Diptera,Lauxaniidae,Lyciella,newspecies,Achiasmatic,Achiasmatic,Heterogametic,NA,12
Animalia|Insecta|Diptera|Lauxaniidae|Lyciella|nsp.Nr.Spinigera,nsp.Nr.Spinigera,Animalia,Insecta,Diptera,Lauxaniidae,Lyciella,nsp.Nr.Spinigera,Achiasmatic,Achiasmatic,Heterogametic,XY,12
Animalia|Insecta|Diptera|Lauxaniidae|Lyciella|rorida,rorida,Animalia,Insecta,Diptera,Lauxaniidae,Lyciella,rorida,Achiasmatic,Achiasmatic,Heterogametic,XY,10
Animalia|Insecta|Diptera|Lauxaniidae|Lyciella|sp1,sp1,Animalia,Insecta,Diptera,Lauxaniidae,Lyciella,sp1,Achiasmatic,Achiasmatic,Heterogametic,NA,12
Animalia|Insecta|Diptera|Lauxaniidae|Lyciella|sp2,sp2,Animalia,Insecta,Diptera,Lauxaniidae,Lyciella,sp2,Achiasmatic,Achiasmatic,Heterogametic,XY,12
Animalia|Insecta|Diptera|Lauxaniidae|Lyciella|spinigera,spinigera,Animalia,Insecta,Diptera,Lauxaniidae,Lyciella,spinigera,Achiasmatic,Achiasmatic,Heterogametic,XY,12
Animalia|Insecta|Diptera|Lauxaniidae|Minettia|flaveola,flaveola,Animalia,Insecta,Diptera,Lauxaniidae,Minettia,flaveola,Achiasmatic,Achiasmatic,Heterogametic,XY,10
Animalia|Insecta|Diptera|Lauxaniidae|Minettia|lupulina,lupulina,Animalia,Insecta,Diptera,Lauxaniidae,Minettia,lupulina,Achiasmatic,Achiasmatic,Heterogametic,XY,12
Animalia|Insecta|Diptera|Lauxaniidae|Paralauxania|elevata,elevata,Animalia,Insecta,Diptera,Lauxaniidae,Paralauxania,elevata,Achiasmatic,Achiasmatic,Heterogametic,XY,12
Animalia|Insecta|Diptera|Lauxaniidae|Paranomina|newspecies,newspecies,Animalia,Insecta,Diptera,Lauxaniidae,Paranomina,newspecies,Achiasmatic,Achiasmatic,Heterogametic,NA,12
Animalia|Insecta|Diptera|Lauxaniidae|Paranomina|sp,sp,Animalia,Insecta,Diptera,Lauxaniidae,Paranomina,sp,Achiasmatic,Achiasmatic,Heterogametic,XY,12
Animalia|Insecta|Diptera|Lauxaniidae|Physegenua|vittata,vittata,Animalia,Insecta,Diptera,Lauxaniidae,Physegenua,vittata,Achiasmatic,Achiasmatic,Heterogametic,XY,12
Animalia|Insecta|Diptera|Lauxaniidae|Sapromyza|avicola,avicola,Animalia,Insecta,Diptera,Lauxaniidae,Sapromyza,avicola,Achiasmatic,Achiasmatic,Heterogametic,XY,12
Animalia|Insecta|Diptera|Lauxaniidae|Sapromyza|sp,sp,Animalia,Insecta,Diptera,Lauxaniidae,Sapromyza,sp,Achiasmatic,Achiasmatic,Heterogametic,XY,8
Animalia|Insecta|Diptera|Lauxaniidae|Sapromyza|species,species,Animalia,Insecta,Diptera,Lauxaniidae,Sapromyza,species,Achiasmatic,Achiasmatic,Heterogametic,XY,8
Animalia|Insecta|Diptera|Lauxaniidae|Sapromyza|stigmatica,stigmatica,Animalia,Insecta,Diptera,Lauxaniidae,Sapromyza,stigmatica,Achiasmatic,Achiasmatic,Heterogametic,XY,12
Animalia|Insecta|Diptera|Lauxaniidae|Sp|sp,sp,Animalia,Insecta,Diptera,Lauxaniidae,Sp,sp,Achiasmatic,Achiasmatic,Heterogametic,XY,12
Animalia|Insecta|Diptera|Muscidae|Calliphora|erythrocephala,erythrocephala,Animalia,Insecta,Diptera,Muscidae,Calliphora,erythrocephala,Achiasmatic,Achiasmatic,Heterogametic,XY,12
Animalia|Insecta|Diptera|Muscidae|Fannia|canicularis,canicularis,Animalia,Insecta,Diptera,Muscidae,Fannia,canicularis,Achiasmatic,Achiasmatic,Heterogametic,XY,12
Animalia|Insecta|Diptera|Muscidae|Fannia|glaucescens,glaucescens,Animalia,Insecta,Diptera,Muscidae,Fannia,glaucescens,Achiasmatic,Achiasmatic,Heterogametic,XY,12
Animalia|Insecta|Diptera|Muscidae|Fannia|sp.,sp.,Animalia,Insecta,Diptera,Muscidae,Fannia,sp.,Achiasmatic,Achiasmatic,Heterogametic,XY,12
Animalia|Insecta|Diptera|Muscidae|Fucellia|marina,marina,Animalia,Insecta,Diptera,Muscidae,Fucellia,marina,Achiasmatic,Achiasmatic,Heterogametic,XY,12
Animalia|Insecta|Diptera|Muscidae|Haematobia|irritans,irritans,Animalia,Insecta,Diptera,Muscidae,Haematobia,irritans,Achiasmatic,Achiasmatic,Heterogametic,XY,10
Animalia|Insecta|Diptera|Muscidae|Homalomyia|sp,sp,Animalia,Insecta,Diptera,Muscidae,Homalomyia,sp,Achiasmatic,Achiasmatic,Heterogametic,XY,12
Animalia|Insecta|Diptera|Muscidae|Hydrophoria|conica,conica,Animalia,Insecta,Diptera,Muscidae,Hydrophoria,conica,Achiasmatic,Achiasmatic,Heterogametic,XY,12
Animalia|Insecta|Diptera|Muscidae|Hydrotaea|houghi,houghi,Animalia,Insecta,Diptera,Muscidae,Hydrotaea,houghi,Achiasmatic,Achiasmatic,Heterogametic,NA,12
Animalia|Insecta|Diptera|Muscidae|Hydrotaea|irritans,irritans,Animalia,Insecta,Diptera,Muscidae,Hydrotaea,irritans,Achiasmatic,Achiasmatic,Heterogametic,NA,10
Animalia|Insecta|Diptera|Muscidae|Hydrotaea|meridionalis,meridionalis,Animalia,Insecta,Diptera,Muscidae,Hydrotaea,meridionalis,Achiasmatic,Achiasmatic,Heterogametic,NA,10
Animalia|Insecta|Diptera|Muscidae|Hydrotaea|meteorica,meteorica,Animalia,Insecta,Diptera,Muscidae,Hydrotaea,meteorica,Achiasmatic,Achiasmatic,Heterogametic,NA,10
Animalia|Insecta|Diptera|Muscidae|Hydrotaea|pandellei,pandellei,Animalia,Insecta,Diptera,Muscidae,Hydrotaea,pandellei,Achiasmatic,Achiasmatic,Heterogametic,NA,10
Animalia|Insecta|Diptera|Muscidae|Hydrotaea|pellucens,pellucens,Animalia,Insecta,Diptera,Muscidae,Hydrotaea,pellucens,Achiasmatic,Achiasmatic,Heterogametic,NA,10
Animalia|Insecta|Diptera|Muscidae|Hydrotaea|scambus,scambus,Animalia,Insecta,Diptera,Muscidae,Hydrotaea,scambus,Achiasmatic,Achiasmatic,Heterogametic,XY,10
Animalia|Insecta|Diptera|Muscidae|Hydrotaea|stabulans,stabulans,Animalia,Insecta,Diptera,Muscidae,Hydrotaea,stabulans,Achiasmatic,Achiasmatic,Heterogametic,NA,12
Animalia|Insecta|Diptera|Muscidae|Hydrotaea|velutina,velutina,Animalia,Insecta,Diptera,Muscidae,Hydrotaea,velutina,Achiasmatic,Achiasmatic,Heterogametic,NA,10
Animalia|Insecta|Diptera|Muscidae|Hylemya|antiqua,antiqua,Animalia,Insecta,Diptera,Muscidae,Hylemya,antiqua,Achiasmatic,Achiasmatic,Heterogametic,XY,12
Animalia|Insecta|Diptera|Muscidae|Hylemya|brassicae,brassicae,Animalia,Insecta,Diptera,Muscidae,Hylemya,brassicae,Achiasmatic,Achiasmatic,Heterogametic,XY,12
Animalia|Insecta|Diptera|Muscidae|Hylemya|cana,cana,Animalia,Insecta,Diptera,Muscidae,Hylemya,cana,Achiasmatic,Achiasmatic,Heterogametic,XY,12
Animalia|Insecta|Diptera|Muscidae|Hylemya|cilicrura,cilicrura,Animalia,Insecta,Diptera,Muscidae,Hylemya,cilicrura,Achiasmatic,Achiasmatic,Heterogametic,XY,12
Animalia|Insecta|Diptera|Muscidae|Hylemya|cruciferae,cruciferae,Animalia,Insecta,Diptera,Muscidae,Hylemya,cruciferae,Achiasmatic,Achiasmatic,Heterogametic,NA,12
Animalia|Insecta|Diptera|Muscidae|Hylemya|echinata,echinata,Animalia,Insecta,Diptera,Muscidae,Hylemya,echinata,Achiasmatic,Achiasmatic,Heterogametic,NA,12
Animalia|Insecta|Diptera|Muscidae|Hylemya|floralis,floralis,Animalia,Insecta,Diptera,Muscidae,Hylemya,floralis,Achiasmatic,Achiasmatic,Heterogametic,NA,12
Animalia|Insecta|Diptera|Muscidae|Hylemya|florilega,florilega,Animalia,Insecta,Diptera,Muscidae,Hylemya,florilega,Achiasmatic,Achiasmatic,Heterogametic,NA,12
Animalia|Insecta|Diptera|Muscidae|Hylemya|fugax,fugax,Animalia,Insecta,Diptera,Muscidae,Hylemya,fugax,Achiasmatic,Achiasmatic,Heterogametic,NA,14
Animalia|Insecta|Diptera|Muscidae|Hylemya|planipalpus,planipalpus,Animalia,Insecta,Diptera,Muscidae,Hylemya,planipalpus,Achiasmatic,Achiasmatic,Heterogametic,NA,12
Animalia|Insecta|Diptera|Muscidae|Hylemya|pseudobrassicae,pseudobrassicae,Animalia,Insecta,Diptera,Muscidae,Hylemya,pseudobrassicae,Achiasmatic,Achiasmatic,Heterogametic,NA,12
Animalia|Insecta|Diptera|Muscidae|Hylemya|trichodactyla,trichodactyla,Animalia,Insecta,Diptera,Muscidae,Hylemya,trichodactyla,Achiasmatic,Achiasmatic,Heterogametic,NA,12
Animalia|Insecta|Diptera|Muscidae|Macrorchus|ausoba,ausoba,Animalia,Insecta,Diptera,Muscidae,Macrorchus,ausoba,Achiasmatic,Achiasmatic,Heterogametic,NA,12
Animalia|Insecta|Diptera|Muscidae|Musca|autumnalis,autumnalis,Animalia,Insecta,Diptera,Muscidae,Musca,autumnalis,Achiasmatic,Achiasmatic,Heterogametic,XY,12
Animalia|Insecta|Diptera|Muscidae|Musca|domestica,domestica,Animalia,Insecta,Diptera,Muscidae,Musca,domestica,Achiasmatic,Achiasmatic,Heterogametic,NA,12
Animalia|Insecta|Diptera|Muscidae|Musca|sorbens,sorbens,Animalia,Insecta,Diptera,Muscidae,Musca,sorbens,Achiasmatic,Achiasmatic,Heterogametic,XY,12
Animalia|Insecta|Diptera|Muscidae|Musca|stabulans,stabulans,Animalia,Insecta,Diptera,Muscidae,Musca,stabulans,Achiasmatic,Achiasmatic,Heterogametic,NA,10
Animalia|Insecta|Diptera|Muscidae|Musca|velustissima,velustissima,Animalia,Insecta,Diptera,Muscidae,Musca,velustissima,Achiasmatic,Achiasmatic,Heterogametic,XY,12
Animalia|Insecta|Diptera|Muscidae|Musca|vestustissima,vestustissima,Animalia,Insecta,Diptera,Muscidae,Musca,vestustissima,Achiasmatic,Achiasmatic,Heterogametic,XY,12
Animalia|Insecta|Diptera|Muscidae|Mydaea|neglecta,neglecta,Animalia,Insecta,Diptera,Muscidae,Mydaea,neglecta,Achiasmatic,Achiasmatic,Heterogametic,XY,12
Animalia|Insecta|Diptera|Muscidae|Ophyra|leucostoma,leucostoma,Animalia,Insecta,Diptera,Muscidae,Ophyra,leucostoma,Achiasmatic,Achiasmatic,Heterogametic,NA,12
Animalia|Insecta|Diptera|Muscidae|Orthellia|nudissima,nudissima,Animalia,Insecta,Diptera,Muscidae,Orthellia,nudissima,Achiasmatic,Achiasmatic,Heterogametic,XY,10
Animalia|Insecta|Diptera|Muscidae|Pegomya|betae,betae,Animalia,Insecta,Diptera,Muscidae,Pegomya,betae,Achiasmatic,Achiasmatic,Heterogametic,XY,12
Animalia|Insecta|Diptera|Muscidae|Pegomya|bicolor,bicolor,Animalia,Insecta,Diptera,Muscidae,Pegomya,bicolor,Achiasmatic,Achiasmatic,Heterogametic,XY,12
Animalia|Insecta|Diptera|Muscidae|Pegomya|geniculata,geniculata,Animalia,Insecta,Diptera,Muscidae,Pegomya,geniculata,Achiasmatic,Achiasmatic,Heterogametic,XY,12
Animalia|Insecta|Diptera|Muscidae|Peregle|radicum,radicum,Animalia,Insecta,Diptera,Muscidae,Peregle,radicum,Achiasmatic,Achiasmatic,Heterogametic,XY,12
Animalia|Insecta|Diptera|Muscidae|Phaonia|basalis,basalis,Animalia,Insecta,Diptera,Muscidae,Phaonia,basalis,Achiasmatic,Achiasmatic,Heterogametic,XY,12
Animalia|Insecta|Diptera|Muscidae|Phaonia|variegata,variegata,Animalia,Insecta,Diptera,Muscidae,Phaonia,variegata,Achiasmatic,Achiasmatic,Heterogametic,NA,10
Animalia|Insecta|Diptera|Muscidae|Phorbia|bassicae,bassicae,Animalia,Insecta,Diptera,Muscidae,Phorbia,bassicae,Achiasmatic,Achiasmatic,Heterogametic,XY,12
Animalia|Insecta|Diptera|Muscidae|Phormia|regina,regina,Animalia,Insecta,Diptera,Muscidae,Phormia,regina,Achiasmatic,Achiasmatic,Heterogametic,XY,12
Animalia|Insecta|Diptera|Muscidae|Psudopyrellia|cornicina,cornicina,Animalia,Insecta,Diptera,Muscidae,Psudopyrellia,cornicina,Achiasmatic,Achiasmatic,Heterogametic,NA,12
Animalia|Insecta|Diptera|Muscidae|Stomoxya|calcitrans,calcitrans,Animalia,Insecta,Diptera,Muscidae,Stomoxya,calcitrans,Achiasmatic,Achiasmatic,Heterogametic,XY,10
Animalia|Insecta|Diptera|Muscidae|Stomoxys|calcitrans,calcitrans,Animalia,Insecta,Diptera,Muscidae,Stomoxys,calcitrans,Achiasmatic,Achiasmatic,Heterogametic,NA,10
Animalia|Insecta|Diptera|Mycetophilidae|Brachypeza|radiata,radiata,Animalia,Insecta,Diptera,Mycetophilidae,Brachypeza,radiata,Achiasmatic,Achiasmatic,Heterogametic,XY,12
Animalia|Insecta|Diptera|Mycetophilidae|Exechia|indecisa,indecisa,Animalia,Insecta,Diptera,Mycetophilidae,Exechia,indecisa,Achiasmatic,Achiasmatic,Heterogametic,XY,14
Animalia|Insecta|Diptera|Mycetophilidae|Exechia|speciosa,speciosa,Animalia,Insecta,Diptera,Mycetophilidae,Exechia,speciosa,Achiasmatic,Achiasmatic,Heterogametic,XY,12
Animalia|Insecta|Diptera|Mycetophilidae|Fungivora|blanda,blanda,Animalia,Insecta,Diptera,Mycetophilidae,Fungivora,blanda,Achiasmatic,Achiasmatic,Heterogametic,XY,8
Animalia|Insecta|Diptera|Mycetophilidae|Fungivora|funorum,funorum,Animalia,Insecta,Diptera,Mycetophilidae,Fungivora,funorum,Achiasmatic,Achiasmatic,Heterogametic,XY,14
Animalia|Insecta|Diptera|Mycetophilidae|Fungivora|guttata,guttata,Animalia,Insecta,Diptera,Mycetophilidae,Fungivora,guttata,Achiasmatic,Achiasmatic,Heterogametic,XY,8
Animalia|Insecta|Diptera|Mycetophilidae|Fungivora|lineola,lineola,Animalia,Insecta,Diptera,Mycetophilidae,Fungivora,lineola,Achiasmatic,Achiasmatic,Heterogametic,XY,14
Animalia|Insecta|Diptera|Mycetophilidae|Fungivora|unipunctata,unipunctata,Animalia,Insecta,Diptera,Mycetophilidae,Fungivora,unipunctata,Achiasmatic,Achiasmatic,Heterogametic,XY,14
Animalia|Insecta|Diptera|Mycetophilidae|Mycetophila|punctata,punctata,Animalia,Insecta,Diptera,Mycetophilidae,Mycetophila,punctata,Achiasmatic,Achiasmatic,Heterogametic,XY,14
Animalia|Insecta|Diptera|Mycetophilidae|Rhymosia|domestica,domestica,Animalia,Insecta,Diptera,Mycetophilidae,Rhymosia,domestica,Achiasmatic,Achiasmatic,Heterogametic,XY,14
Animalia|Insecta|Diptera|Mycetophilidae|Rhymosia|fenestralis,fenestralis,Animalia,Insecta,Diptera,Mycetophilidae,Rhymosia,fenestralis,Achiasmatic,Achiasmatic,Heterogametic,XY,8
Animalia|Insecta|Diptera|Oestridae|Cephenemyia|phobifer,phobifer,Animalia,Insecta,Diptera,Oestridae,Cephenemyia,phobifer,Achiasmatic,Achiasmatic,Heterogametic,XY,12
Animalia|Insecta|Diptera|Oestridae|Cuterebra|emasculator,emasculator,Animalia,Insecta,Diptera,Oestridae,Cuterebra,emasculator,Achiasmatic,Achiasmatic,Heterogametic,XY,12
Animalia|Insecta|Diptera|Oestridae|Hypoderma|bovis,bovis,Animalia,Insecta,Diptera,Oestridae,Hypoderma,bovis,Achiasmatic,Achiasmatic,Heterogametic,XY,12
Animalia|Insecta|Diptera|Oestridae|Hypoderma|lineatum,lineatum,Animalia,Insecta,Diptera,Oestridae,Hypoderma,lineatum,Achiasmatic,Achiasmatic,Heterogametic,XY,12
Animalia|Insecta|Diptera|Oestridae|Oestrus|ovis,ovis,Animalia,Insecta,Diptera,Oestridae,Oestrus,ovis,Achiasmatic,Achiasmatic,Heterogametic,XY,12
Animalia|Insecta|Diptera|Phoridae|Aphiocaeta|sp,sp,Animalia,Insecta,Diptera,Phoridae,Aphiocaeta,sp,Achiasmatic,Achiasmatic,Heterogametic,NA,6
Animalia|Insecta|Diptera|Phoridae|Megaselia|scalaris,scalaris,Animalia,Insecta,Diptera,Phoridae,Megaselia,scalaris,Achiasmatic,Achiasmatic,Heterogametic,NA,6
Animalia|Insecta|Diptera|Phoridae|Phora|sp.,sp.,Animalia,Insecta,Diptera,Phoridae,Phora,sp.,Achiasmatic,Achiasmatic,Heterogametic,NA,8
Animalia|Insecta|Diptera|Piophilidae|Piophila|casei,casei,Animalia,Insecta,Diptera,Piophilidae,Piophila,casei,Achiasmatic,Achiasmatic,Heterogametic,NA,12
Animalia|Insecta|Diptera|Platystomatidae|Amphicnephes|sp.,sp.,Animalia,Insecta,Diptera,Platystomatidae,Amphicnephes,sp.,Achiasmatic,Achiasmatic,Heterogametic,XY,6
Animalia|Insecta|Diptera|Platystomatidae|Laglasia|sp.,sp.,Animalia,Insecta,Diptera,Platystomatidae,Laglasia,sp.,Achiasmatic,Achiasmatic,Heterogametic,XY,12
Animalia|Insecta|Diptera|Platystomatidae|Lenophila|caerulea,caerulea,Animalia,Insecta,Diptera,Platystomatidae,Lenophila,caerulea,Achiasmatic,Achiasmatic,Heterogametic,XY,12
Animalia|Insecta|Diptera|Platystomatidae|Plagiostenopterina|sp1.,sp1.,Animalia,Insecta,Diptera,Platystomatidae,Plagiostenopterina,sp1.,Achiasmatic,Achiasmatic,Heterogametic,XY,6
Animalia|Insecta|Diptera|Platystomatidae|Plagiostenopterina|sp2.,sp2.,Animalia,Insecta,Diptera,Platystomatidae,Plagiostenopterina,sp2.,Achiasmatic,Achiasmatic,Heterogametic,XY,6
Animalia|Insecta|Diptera|Platystomatidae|Platystoma|lugubre,lugubre,Animalia,Insecta,Diptera,Platystomatidae,Platystoma,lugubre,Achiasmatic,Achiasmatic,Heterogametic,XY,12
Animalia|Insecta|Diptera|Platystomatidae|Pogonortalis|doclea,doclea,Animalia,Insecta,Diptera,Platystomatidae,Pogonortalis,doclea,Achiasmatic,Achiasmatic,Heterogametic,XY,10
Animalia|Insecta|Diptera|Platystomatidae|Rivellia|sp.,sp.,Animalia,Insecta,Diptera,Platystomatidae,Rivellia,sp.,Achiasmatic,Achiasmatic,Heterogametic,XY,6
Animalia|Insecta|Diptera|Platystomatidae|Rivellia|sp.Probably,sp.Probably,Animalia,Insecta,Diptera,Platystomatidae,Rivellia,sp.Probably,Achiasmatic,Achiasmatic,Heterogametic,XY,6
Animalia|Insecta|Diptera|Platystomatidae|Rivellia|viridulans,viridulans,Animalia,Insecta,Diptera,Platystomatidae,Rivellia,viridulans,Achiasmatic,Achiasmatic,Heterogametic,XY,6
Animalia|Insecta|Diptera|Psilidae|Chamaepsila|rosae,rosae,Animalia,Insecta,Diptera,Psilidae,Chamaepsila,rosae,Achiasmatic,Achiasmatic,Heterogametic,NA,8
Animalia|Insecta|Diptera|Rhagionidae|Chrysopilus|sp.,sp.,Animalia,Insecta,Diptera,Rhagionidae,Chrysopilus,sp.,Achiasmatic,Achiasmatic,Heterogametic,XY,10
Animalia|Insecta|Diptera|Rhagionidae|Leptis|sp.,sp.,Animalia,Insecta,Diptera,Rhagionidae,Leptis,sp.,Achiasmatic,Achiasmatic,Heterogametic,XY,10
Animalia|Insecta|Diptera|Richardiidae|Setellia|pernix,pernix,Animalia,Insecta,Diptera,Richardiidae,Setellia,pernix,Achiasmatic,Achiasmatic,Heterogametic,XY,10
Animalia|Insecta|Diptera|Sarcophagidae|Acridiophaga|aculeata,aculeata,Animalia,Insecta,Diptera,Sarcophagidae,Acridiophaga,aculeata,Achiasmatic,Achiasmatic,Heterogametic,XY,12
Animalia|Insecta|Diptera|Sarcophagidae|Agria|affinis,affinis,Animalia,Insecta,Diptera,Sarcophagidae,Agria,affinis,Achiasmatic,Achiasmatic,Heterogametic,NA,20
Animalia|Insecta|Diptera|Sarcophagidae|Arachnidiomyia|aldrichi,aldrichi,Animalia,Insecta,Diptera,Sarcophagidae,Arachnidiomyia,aldrichi,Achiasmatic,Achiasmatic,Heterogametic,XY,12
Animalia|Insecta|Diptera|Sarcophagidae|Blaesoxipha|hunteri,hunteri,Animalia,Insecta,Diptera,Sarcophagidae,Blaesoxipha,hunteri,Achiasmatic,Achiasmatic,Heterogametic,XY,12
Animalia|Insecta|Diptera|Sarcophagidae|Blaesoxipha|opifera,opifera,Animalia,Insecta,Diptera,Sarcophagidae,Blaesoxipha,opifera,Achiasmatic,Achiasmatic,Heterogametic,XY,12
Animalia|Insecta|Diptera|Sarcophagidae|Boettcheria|cimbicis,cimbicis,Animalia,Insecta,Diptera,Sarcophagidae,Boettcheria,cimbicis,Achiasmatic,Achiasmatic,Heterogametic,XY,12
Animalia|Insecta|Diptera|Sarcophagidae|Boettcherisca|peregrina,peregrina,Animalia,Insecta,Diptera,Sarcophagidae,Boettcherisca,peregrina,Achiasmatic,Achiasmatic,Heterogametic,XY,12
Animalia|Insecta|Diptera|Sarcophagidae|Euboettcheria|sp,sp,Animalia,Insecta,Diptera,Sarcophagidae,Euboettcheria,sp,Achiasmatic,Achiasmatic,Heterogametic,XY,12
Animalia|Insecta|Diptera|Sarcophagidae|Helicobia|rapax,rapax,Animalia,Insecta,Diptera,Sarcophagidae,Helicobia,rapax,Achiasmatic,Achiasmatic,Heterogametic,XY,12
Animalia|Insecta|Diptera|Sarcophagidae|Helicobia|sp,sp,Animalia,Insecta,Diptera,Sarcophagidae,Helicobia,sp,Achiasmatic,Achiasmatic,Heterogametic,XY,12
Animalia|Insecta|Diptera|Sarcophagidae|Hystricocnema|plinthopyga,plinthopyga,Animalia,Insecta,Diptera,Sarcophagidae,Hystricocnema,plinthopyga,Achiasmatic,Achiasmatic,Heterogametic,XY,12
Animalia|Insecta|Diptera|Sarcophagidae|Kellymyia|kellyi,kellyi,Animalia,Insecta,Diptera,Sarcophagidae,Kellymyia,kellyi,Achiasmatic,Achiasmatic,Heterogametic,XY,12
Animalia|Insecta|Diptera|Sarcophagidae|Neobellieria|bullata,bullata,Animalia,Insecta,Diptera,Sarcophagidae,Neobellieria,bullata,Achiasmatic,Achiasmatic,Heterogametic,XY,12
Animalia|Insecta|Diptera|Sarcophagidae|Neobellieria|cooleyi,cooleyi,Animalia,Insecta,Diptera,Sarcophagidae,Neobellieria,cooleyi,Achiasmatic,Achiasmatic,Heterogametic,XY,12
Animalia|Insecta|Diptera|Sarcophagidae|Paraphrissopoda|chrysostoma,chrysostoma,Animalia,Insecta,Diptera,Sarcophagidae,Paraphrissopoda,chrysostoma,Achiasmatic,Achiasmatic,Heterogametic,XY,12
Animalia|Insecta|Diptera|Sarcophagidae|Parasarcophaga|albiceps,albiceps,Animalia,Insecta,Diptera,Sarcophagidae,Parasarcophaga,albiceps,Achiasmatic,Achiasmatic,Heterogametic,XY,12
Animalia|Insecta|Diptera|Sarcophagidae|Parasarcophaga|argyrostoma,argyrostoma,Animalia,Insecta,Diptera,Sarcophagidae,Parasarcophaga,argyrostoma,Achiasmatic,Achiasmatic,Heterogametic,XY,12
Animalia|Insecta|Diptera|Sarcophagidae|Parasarcophaga|knabi,knabi,Animalia,Insecta,Diptera,Sarcophagidae,Parasarcophaga,knabi,Achiasmatic,Achiasmatic,Heterogametic,XY,12
Animalia|Insecta|Diptera|Sarcophagidae|Parasarcophaga|misera,misera,Animalia,Insecta,Diptera,Sarcophagidae,Parasarcophaga,misera,Achiasmatic,Achiasmatic,Heterogametic,XY,12
Animalia|Insecta|Diptera|Sarcophagidae|Parasarcophaga|ruficornis,ruficornis,Animalia,Insecta,Diptera,Sarcophagidae,Parasarcophaga,ruficornis,Achiasmatic,Achiasmatic,Heterogametic,XY,12
Animalia|Insecta|Diptera|Sarcophagidae|Pattonela|intermutans,intermutans,Animalia,Insecta,Diptera,Sarcophagidae,Pattonela,intermutans,Achiasmatic,Achiasmatic,Heterogametic,XY,12
Animalia|Insecta|Diptera|Sarcophagidae|Protodexia|australis,australis,Animalia,Insecta,Diptera,Sarcophagidae,Protodexia,australis,Achiasmatic,Achiasmatic,Heterogametic,XY,12
Animalia|Insecta|Diptera|Sarcophagidae|Protodexia|hunteri,hunteri,Animalia,Insecta,Diptera,Sarcophagidae,Protodexia,hunteri,Achiasmatic,Achiasmatic,Heterogametic,XY,12
Animalia|Insecta|Diptera|Sarcophagidae|Pseudosarcophaga|affinis,affinis,Animalia,Insecta,Diptera,Sarcophagidae,Pseudosarcophaga,affinis,Achiasmatic,Achiasmatic,Heterogametic,XY,18
Animalia|Insecta|Diptera|Sarcophagidae|Ravinia|communis,communis,Animalia,Insecta,Diptera,Sarcophagidae,Ravinia,communis,Achiasmatic,Achiasmatic,Heterogametic,XY,12
Animalia|Insecta|Diptera|Sarcophagidae|Ravinia|duplicata,duplicata,Animalia,Insecta,Diptera,Sarcophagidae,Ravinia,duplicata,Achiasmatic,Achiasmatic,Heterogametic,XY,12
Animalia|Insecta|Diptera|Sarcophagidae|Ravinia|l'herminieri,l'herminieri,Animalia,Insecta,Diptera,Sarcophagidae,Ravinia,l'herminieri,Achiasmatic,Achiasmatic,Heterogametic,XY,12
Animalia|Insecta|Diptera|Sarcophagidae|Ravinia|peniculata,peniculata,Animalia,Insecta,Diptera,Sarcophagidae,Ravinia,peniculata,Achiasmatic,Achiasmatic,Heterogametic,XY,12
Animalia|Insecta|Diptera|Sarcophagidae|Ravinia|pusiola,pusiola,Animalia,Insecta,Diptera,Sarcophagidae,Ravinia,pusiola,Achiasmatic,Achiasmatic,Heterogametic,XY,12
Animalia|Insecta|Diptera|Sarcophagidae|Ravinia|querula,querula,Animalia,Insecta,Diptera,Sarcophagidae,Ravinia,querula,Achiasmatic,Achiasmatic,Heterogametic,XY,12
Animalia|Insecta|Diptera|Sarcophagidae|Rawinia|peniculata,peniculata,Animalia,Insecta,Diptera,Sarcophagidae,Rawinia,peniculata,Achiasmatic,Achiasmatic,Heterogametic,XY,12
Animalia|Insecta|Diptera|Sarcophagidae|Sacrophaga|carnria,carnria,Animalia,Insecta,Diptera,Sarcophagidae,Sacrophaga,carnria,Achiasmatic,Achiasmatic,Heterogametic,XY,12
Animalia|Insecta|Diptera|Sarcophagidae|Sacrophaga|sgrracinae,sgrracinae,Animalia,Insecta,Diptera,Sarcophagidae,Sacrophaga,sgrracinae,Achiasmatic,Achiasmatic,Heterogametic,XY,12
Animalia|Insecta|Diptera|Sarcophagidae|Sacrophaga|sp,sp,Animalia,Insecta,Diptera,Sarcophagidae,Sacrophaga,sp,Achiasmatic,Achiasmatic,Heterogametic,XY,12
Animalia|Insecta|Diptera|Sarcophagidae|Sacrophaga|tuberosa,tuberosa,Animalia,Insecta,Diptera,Sarcophagidae,Sacrophaga,tuberosa,Achiasmatic,Achiasmatic,Heterogametic,XY,12
Animalia|Insecta|Diptera|Sarcophagidae|Sarcophaga|aldrichi,aldrichi,Animalia,Insecta,Diptera,Sarcophagidae,Sarcophaga,aldrichi,Achiasmatic,Achiasmatic,Heterogametic,XY,12
Animalia|Insecta|Diptera|Sarcophagidae|Sarcophaga|argyrostoma,argyrostoma,Animalia,Insecta,Diptera,Sarcophagidae,Sarcophaga,argyrostoma,Achiasmatic,Achiasmatic,Heterogametic,XY,12
Animalia|Insecta|Diptera|Sarcophagidae|Sarcophaga|bullata,bullata,Animalia,Insecta,Diptera,Sarcophagidae,Sarcophaga,bullata,Achiasmatic,Achiasmatic,Heterogametic,XY,12
Animalia|Insecta|Diptera|Sarcophagidae|Sarcophaga|carnaria,carnaria,Animalia,Insecta,Diptera,Sarcophagidae,Sarcophaga,carnaria,Achiasmatic,Achiasmatic,Heterogametic,XY,12
Animalia|Insecta|Diptera|Sarcophagidae|Sarcophaga|cooleyi,cooleyi,Animalia,Insecta,Diptera,Sarcophagidae,Sarcophaga,cooleyi,Achiasmatic,Achiasmatic,Heterogametic,XY,12
Animalia|Insecta|Diptera|Sarcophagidae|Sarcophaga|crassipalpis,crassipalpis,Animalia,Insecta,Diptera,Sarcophagidae,Sarcophaga,crassipalpis,Achiasmatic,Achiasmatic,Heterogametic,XY,12
Animalia|Insecta|Diptera|Sarcophagidae|Sarcophaga|dalmatina,dalmatina,Animalia,Insecta,Diptera,Sarcophagidae,Sarcophaga,dalmatina,Achiasmatic,Achiasmatic,Heterogametic,XY,12
Animalia|Insecta|Diptera|Sarcophagidae|Sarcophaga|exuberans,exuberans,Animalia,Insecta,Diptera,Sarcophagidae,Sarcophaga,exuberans,Achiasmatic,Achiasmatic,Heterogametic,XY,12
Animalia|Insecta|Diptera|Sarcophagidae|Sarcophaga|falculata,falculata,Animalia,Insecta,Diptera,Sarcophagidae,Sarcophaga,falculata,Achiasmatic,Achiasmatic,Heterogametic,XY,12
Animalia|Insecta|Diptera|Sarcophagidae|Sarcophaga|latisterna,latisterna,Animalia,Insecta,Diptera,Sarcophagidae,Sarcophaga,latisterna,Achiasmatic,Achiasmatic,Heterogametic,XY,12
Animalia|Insecta|Diptera|Sarcophagidae|Sarcophaga|occipitalis,occipitalis,Animalia,Insecta,Diptera,Sarcophagidae,Sarcophaga,occipitalis,Achiasmatic,Achiasmatic,Heterogametic,XY,12
Animalia|Insecta|Diptera|Sarcophagidae|Sarcophaga|raversa,raversa,Animalia,Insecta,Diptera,Sarcophagidae,Sarcophaga,raversa,Achiasmatic,Achiasmatic,Heterogametic,XY,12
Animalia|Insecta|Diptera|Sarcophagidae|Sarcophaga|sarraceniae,sarraceniae,Animalia,Insecta,Diptera,Sarcophagidae,Sarcophaga,sarraceniae,Achiasmatic,Achiasmatic,Heterogametic,XY,12
Animalia|Insecta|Diptera|Sarcophagidae|Sarcophaga|securifera,securifera,Animalia,Insecta,Diptera,Sarcophagidae,Sarcophaga,securifera,Achiasmatic,Achiasmatic,Heterogametic,XY,12
Animalia|Insecta|Diptera|Sarcophagidae|Sarcophaga|sp,sp,Animalia,Insecta,Diptera,Sarcophagidae,Sarcophaga,sp,Achiasmatic,Achiasmatic,Heterogametic,XY,12
Animalia|Insecta|Diptera|Sarcophagidae|Sarcophaga|tuberosa,tuberosa,Animalia,Insecta,Diptera,Sarcophagidae,Sarcophaga,tuberosa,Achiasmatic,Achiasmatic,Heterogametic,XY,12
Animalia|Insecta|Diptera|Sarcophagidae|Sarcophage|latisterna,latisterna,Animalia,Insecta,Diptera,Sarcophagidae,Sarcophage,latisterna,Achiasmatic,Achiasmatic,Heterogametic,XY,12
Animalia|Insecta|Diptera|Sarcophagidae|Servasia|aculeata,aculeata,Animalia,Insecta,Diptera,Sarcophagidae,Servasia,aculeata,Achiasmatic,Achiasmatic,Heterogametic,XY,12
Animalia|Insecta|Diptera|Sarcophagidae|Servasia|australis,australis,Animalia,Insecta,Diptera,Sarcophagidae,Servasia,australis,Achiasmatic,Achiasmatic,Heterogametic,XY,12
Animalia|Insecta|Diptera|Sarcophagidae|Servasia|reversa,reversa,Animalia,Insecta,Diptera,Sarcophagidae,Servasia,reversa,Achiasmatic,Achiasmatic,Heterogametic,XY,12
Animalia|Insecta|Diptera|Sarcophagidae|Servasia|sp.,sp.,Animalia,Insecta,Diptera,Sarcophagidae,Servasia,sp.,Achiasmatic,Achiasmatic,Heterogametic,NA,12
Animalia|Insecta|Diptera|Sarcophagidae|Servasia|tergata,tergata,Animalia,Insecta,Diptera,Sarcophagidae,Servasia,tergata,Achiasmatic,Achiasmatic,Heterogametic,XY,12
Animalia|Insecta|Diptera|Sarcophagidae|Wohlfahrtia|meigeni,meigeni,Animalia,Insecta,Diptera,Sarcophagidae,Wohlfahrtia,meigeni,Achiasmatic,Achiasmatic,Heterogametic,XY,12
Animalia|Insecta|Diptera|Sarcophagidae|Wohlfahrtia|opaca,opaca,Animalia,Insecta,Diptera,Sarcophagidae,Wohlfahrtia,opaca,Achiasmatic,Achiasmatic,Heterogametic,XY,12
Animalia|Insecta|Diptera|Scathophagidae|Cordilura|ontario,ontario,Animalia,Insecta,Diptera,Scathophagidae,Cordilura,ontario,Achiasmatic,Achiasmatic,Heterogametic,XY,12
Animalia|Insecta|Diptera|Scathophagidae|Cordilura|praensia,praensia,Animalia,Insecta,Diptera,Scathophagidae,Cordilura,praensia,Achiasmatic,Achiasmatic,Heterogametic,XY,12
Animalia|Insecta|Diptera|Scathophagidae|Cordilura|varipes,varipes,Animalia,Insecta,Diptera,Scathophagidae,Cordilura,varipes,Achiasmatic,Achiasmatic,Heterogametic,XY,12
Animalia|Insecta|Diptera|Scathophagidae|Neochirosia|nuda,nuda,Animalia,Insecta,Diptera,Scathophagidae,Neochirosia,nuda,Achiasmatic,Achiasmatic,Heterogametic,XY,12
Animalia|Insecta|Diptera|Scathophagidae|Orthochaeta|hirtipes,hirtipes,Animalia,Insecta,Diptera,Scathophagidae,Orthochaeta,hirtipes,Achiasmatic,Achiasmatic,Heterogametic,XY,12
Animalia|Insecta|Diptera|Scathophagidae|Scaptophaga|furcala,furcala,Animalia,Insecta,Diptera,Scathophagidae,Scaptophaga,furcala,Achiasmatic,Achiasmatic,Heterogametic,XY,12
Animalia|Insecta|Diptera|Scathophagidae|Scaptophaga|nigrolimbata,nigrolimbata,Animalia,Insecta,Diptera,Scathophagidae,Scaptophaga,nigrolimbata,Achiasmatic,Achiasmatic,Heterogametic,XY,12
Animalia|Insecta|Diptera|Scathophagidae|Scaptophaga|pallida,pallida,Animalia,Insecta,Diptera,Scathophagidae,Scaptophaga,pallida,Achiasmatic,Achiasmatic,Heterogametic,XY,12
Animalia|Insecta|Diptera|Scathophagidae|Scaptophaga|stercoraria,stercoraria,Animalia,Insecta,Diptera,Scathophagidae,Scaptophaga,stercoraria,Achiasmatic,Achiasmatic,Heterogametic,XY,12
Animalia|Insecta|Diptera|Scathophagidae|Scathopaga|nigrolimbala,nigrolimbala,Animalia,Insecta,Diptera,Scathophagidae,Scathopaga,nigrolimbala,Achiasmatic,Achiasmatic,Heterogametic,XY,12
Animalia|Insecta|Diptera|Scathophagidae|Scathophaga|furcata,furcata,Animalia,Insecta,Diptera,Scathophagidae,Scathophaga,furcata,Achiasmatic,Achiasmatic,Heterogametic,XY,12
Animalia|Insecta|Diptera|Scathophagidae|Scathophaga|pallida,pallida,Animalia,Insecta,Diptera,Scathophagidae,Scathophaga,pallida,Achiasmatic,Achiasmatic,Heterogametic,XY,12
Animalia|Insecta|Diptera|Scathophagidae|Scathophaga|stercoraria,stercoraria,Animalia,Insecta,Diptera,Scathophagidae,Scathophaga,stercoraria,Achiasmatic,Achiasmatic,Heterogametic,XY,12
Animalia|Insecta|Diptera|Scatopsidae|Scatopse|notata,notata,Animalia,Insecta,Diptera,Scatopsidae,Scatopse,notata,Achiasmatic,Achiasmatic,Heterogametic,XY,12
Animalia|Insecta|Diptera|Scatopsidae|Scatopse|sp,sp,Animalia,Insecta,Diptera,Scatopsidae,Scatopse,sp,Achiasmatic,Achiasmatic,Heterogametic,XY,12
Animalia|Insecta|Diptera|Sciaridae|Bradysia|hygida,hygida,Animalia,Insecta,Diptera,Sciaridae,Bradysia,hygida,Achiasmatic,Achiasmatic,Heterogametic,XO,8
Animalia|Insecta|Diptera|Sciaridae|Rhynchosciara|americana,americana,Animalia,Insecta,Diptera,Sciaridae,Rhynchosciara,americana,Achiasmatic,Achiasmatic,Heterogametic,XO,8
Animalia|Insecta|Diptera|Sciaridae|Rhynchosciara|hollaenderi,hollaenderi,Animalia,Insecta,Diptera,Sciaridae,Rhynchosciara,hollaenderi,Achiasmatic,Achiasmatic,Heterogametic,XO,8
Animalia|Insecta|Diptera|Sciaridae|Sciara|agarica,agarica,Animalia,Insecta,Diptera,Sciaridae,Sciara,agarica,Achiasmatic,Achiasmatic,Heterogametic,XO,8
Animalia|Insecta|Diptera|Sciaridae|Sciara|coprophila,coprophila,Animalia,Insecta,Diptera,Sciaridae,Sciara,coprophila,Achiasmatic,Achiasmatic,Heterogametic,XO,8
Animalia|Insecta|Diptera|Sciaridae|Sciara|fenestralis,fenestralis,Animalia,Insecta,Diptera,Sciaridae,Sciara,fenestralis,Achiasmatic,Achiasmatic,Heterogametic,XO,8
Animalia|Insecta|Diptera|Sciaridae|Sciara|nacta,nacta,Animalia,Insecta,Diptera,Sciaridae,Sciara,nacta,Achiasmatic,Achiasmatic,Heterogametic,XO,8
Animalia|Insecta|Diptera|Sciaridae|Sciara|ocellaris,ocellaris,Animalia,Insecta,Diptera,Sciaridae,Sciara,ocellaris,Achiasmatic,Achiasmatic,Heterogametic,XO,8
Animalia|Insecta|Diptera|Sciaridae|Sciara|pauciseta,pauciseta,Animalia,Insecta,Diptera,Sciaridae,Sciara,pauciseta,Achiasmatic,Achiasmatic,Heterogametic,XO,8
Animalia|Insecta|Diptera|Sciaridae|Sciara|prolifica,prolifica,Animalia,Insecta,Diptera,Sciaridae,Sciara,prolifica,Achiasmatic,Achiasmatic,Heterogametic,XO,8
Animalia|Insecta|Diptera|Sciaridae|Sciara|reynoldsi,reynoldsi,Animalia,Insecta,Diptera,Sciaridae,Sciara,reynoldsi,Achiasmatic,Achiasmatic,Heterogametic,XO,8
Animalia|Insecta|Diptera|Sciaridae|Sciara|similans,similans,Animalia,Insecta,Diptera,Sciaridae,Sciara,similans,Achiasmatic,Achiasmatic,Heterogametic,XO,8
Animalia|Insecta|Diptera|Sciaridae|Sciara|sp,sp,Animalia,Insecta,Diptera,Sciaridae,Sciara,sp,Achiasmatic,Achiasmatic,Heterogametic,XO,8
Animalia|Insecta|Diptera|Sciaridae|Trichosia|pubescens,pubescens,Animalia,Insecta,Diptera,Sciaridae,Trichosia,pubescens,Achiasmatic,Achiasmatic,Heterogametic,XO,8
Animalia|Insecta|Diptera|Sciomyzidae|Antichaeta|melanosoma,melanosoma,Animalia,Insecta,Diptera,Sciomyzidae,Antichaeta,melanosoma,Achiasmatic,Achiasmatic,Heterogametic,NA,12
Animalia|Insecta|Diptera|Sciomyzidae|Atrichomelina|pubera,pubera,Animalia,Insecta,Diptera,Sciomyzidae,Atrichomelina,pubera,Achiasmatic,Achiasmatic,Heterogametic,XY,12
Animalia|Insecta|Diptera|Sciomyzidae|Colobaea|americana,americana,Animalia,Insecta,Diptera,Sciomyzidae,Colobaea,americana,Achiasmatic,Achiasmatic,Heterogametic,NA,12
Animalia|Insecta|Diptera|Sciomyzidae|Dichetophora|boyesi,boyesi,Animalia,Insecta,Diptera,Sciomyzidae,Dichetophora,boyesi,Achiasmatic,Achiasmatic,Heterogametic,NA,12
Animalia|Insecta|Diptera|Sciomyzidae|Dichrochirosa|dissimilis,dissimilis,Animalia,Insecta,Diptera,Sciomyzidae,Dichrochirosa,dissimilis,Achiasmatic,Achiasmatic,Heterogametic,NA,12
Animalia|Insecta|Diptera|Sciomyzidae|Dichrochirosa|sp,sp,Animalia,Insecta,Diptera,Sciomyzidae,Dichrochirosa,sp,Achiasmatic,Achiasmatic,Heterogametic,XY,12
Animalia|Insecta|Diptera|Sciomyzidae|Dichrochirosa|sp.Neardissimilis,sp.Neardissimilis,Animalia,Insecta,Diptera,Sciomyzidae,Dichrochirosa,sp.Neardissimilis,Achiasmatic,Achiasmatic,Heterogametic,XY,12
Animalia|Insecta|Diptera|Sciomyzidae|Dictya|atlantica,atlantica,Animalia,Insecta,Diptera,Sciomyzidae,Dictya,atlantica,Achiasmatic,Achiasmatic,Heterogametic,XY,12
Animalia|Insecta|Diptera|Sciomyzidae|Dictya|brimleyi,brimleyi,Animalia,Insecta,Diptera,Sciomyzidae,Dictya,brimleyi,Achiasmatic,Achiasmatic,Heterogametic,XY,12
Animalia|Insecta|Diptera|Sciomyzidae|Dictya|brimleyiE,brimleyiE,Animalia,Insecta,Diptera,Sciomyzidae,Dictya,brimleyiE,Achiasmatic,Achiasmatic,Heterogametic,XY,12
Animalia|Insecta|Diptera|Sciomyzidae|Dictya|floridensis,floridensis,Animalia,Insecta,Diptera,Sciomyzidae,Dictya,floridensis,Achiasmatic,Achiasmatic,Heterogametic,XY,12
Animalia|Insecta|Diptera|Sciomyzidae|Dictya|sabroski,sabroski,Animalia,Insecta,Diptera,Sciomyzidae,Dictya,sabroski,Achiasmatic,Achiasmatic,Heterogametic,XY,12
Animalia|Insecta|Diptera|Sciomyzidae|Dictya|sabroskyi,sabroskyi,Animalia,Insecta,Diptera,Sciomyzidae,Dictya,sabroskyi,Achiasmatic,Achiasmatic,Heterogametic,XY,12
Animalia|Insecta|Diptera|Sciomyzidae|Dictya|stricta,stricta,Animalia,Insecta,Diptera,Sciomyzidae,Dictya,stricta,Achiasmatic,Achiasmatic,Heterogametic,XY,12
Animalia|Insecta|Diptera|Sciomyzidae|Dictya|texensis,texensis,Animalia,Insecta,Diptera,Sciomyzidae,Dictya,texensis,Achiasmatic,Achiasmatic,Heterogametic,XY,12
Animalia|Insecta|Diptera|Sciomyzidae|Dictya|txensis,txensis,Animalia,Insecta,Diptera,Sciomyzidae,Dictya,txensis,Achiasmatic,Achiasmatic,Heterogametic,XY,12
Animalia|Insecta|Diptera|Sciomyzidae|Dictya|umbrarum,umbrarum,Animalia,Insecta,Diptera,Sciomyzidae,Dictya,umbrarum,Achiasmatic,Achiasmatic,Heterogametic,XY,12
Animalia|Insecta|Diptera|Sciomyzidae|Dictya|umbrarumseriesII,umbrarumseriesII,Animalia,Insecta,Diptera,Sciomyzidae,Dictya,umbrarumseriesII,Achiasmatic,Achiasmatic,Heterogametic,XY,12
Animalia|Insecta|Diptera|Sciomyzidae|Dictyodes|dictyodes,dictyodes,Animalia,Insecta,Diptera,Sciomyzidae,Dictyodes,dictyodes,Achiasmatic,Achiasmatic,Heterogametic,XY,12
Animalia|Insecta|Diptera|Sciomyzidae|Elgiva|cucularia,cucularia,Animalia,Insecta,Diptera,Sciomyzidae,Elgiva,cucularia,Achiasmatic,Achiasmatic,Heterogametic,XY,12
Animalia|Insecta|Diptera|Sciomyzidae|Elgiva|divisa,divisa,Animalia,Insecta,Diptera,Sciomyzidae,Elgiva,divisa,Achiasmatic,Achiasmatic,Heterogametic,NA,12
Animalia|Insecta|Diptera|Sciomyzidae|Elgiva|rufa,rufa,Animalia,Insecta,Diptera,Sciomyzidae,Elgiva,rufa,Achiasmatic,Achiasmatic,Heterogametic,XY,12
Animalia|Insecta|Diptera|Sciomyzidae|Euthycera|chaerophylli,chaerophylli,Animalia,Insecta,Diptera,Sciomyzidae,Euthycera,chaerophylli,Achiasmatic,Achiasmatic,Heterogametic,NA,12
Animalia|Insecta|Diptera|Sciomyzidae|Helosciomyza|ferruginea,ferruginea,Animalia,Insecta,Diptera,Sciomyzidae,Helosciomyza,ferruginea,Achiasmatic,Achiasmatic,Heterogametic,XY,12
Animalia|Insecta|Diptera|Sciomyzidae|Hoplodictya|spinicornis,spinicornis,Animalia,Insecta,Diptera,Sciomyzidae,Hoplodictya,spinicornis,Achiasmatic,Achiasmatic,Heterogametic,XO,12
Animalia|Insecta|Diptera|Sciomyzidae|Hydromya|dorsalis,dorsalis,Animalia,Insecta,Diptera,Sciomyzidae,Hydromya,dorsalis,Achiasmatic,Achiasmatic,Heterogametic,XY,12
Animalia|Insecta|Diptera|Sciomyzidae|Hydromya|dorsalisseriesII,dorsalisseriesII,Animalia,Insecta,Diptera,Sciomyzidae,Hydromya,dorsalisseriesII,Achiasmatic,Achiasmatic,Heterogametic,XY,12
Animalia|Insecta|Diptera|Sciomyzidae|Knutsonia|lineata,lineata,Animalia,Insecta,Diptera,Sciomyzidae,Knutsonia,lineata,Achiasmatic,Achiasmatic,Heterogametic,NA,12
Animalia|Insecta|Diptera|Sciomyzidae|Limnia|boscii,boscii,Animalia,Insecta,Diptera,Sciomyzidae,Limnia,boscii,Achiasmatic,Achiasmatic,Heterogametic,XY,12
Animalia|Insecta|Diptera|Sciomyzidae|Limnia|paludicola,paludicola,Animalia,Insecta,Diptera,Sciomyzidae,Limnia,paludicola,Achiasmatic,Achiasmatic,Heterogametic,XY,12
Animalia|Insecta|Diptera|Sciomyzidae|Limnia|unguicornis,unguicornis,Animalia,Insecta,Diptera,Sciomyzidae,Limnia,unguicornis,Achiasmatic,Achiasmatic,Heterogametic,NA,12
Animalia|Insecta|Diptera|Sciomyzidae|Neuroctena|analis,analis,Animalia,Insecta,Diptera,Sciomyzidae,Neuroctena,analis,Achiasmatic,Achiasmatic,Heterogametic,NA,12
Animalia|Insecta|Diptera|Sciomyzidae|Perilimnia|albifacies,albifacies,Animalia,Insecta,Diptera,Sciomyzidae,Perilimnia,albifacies,Achiasmatic,Achiasmatic,Heterogametic,XY,12
Animalia|Insecta|Diptera|Sciomyzidae|Pherbellia|albocostata,albocostata,Animalia,Insecta,Diptera,Sciomyzidae,Pherbellia,albocostata,Achiasmatic,Achiasmatic,Heterogametic,XY,12
Animalia|Insecta|Diptera|Sciomyzidae|Pherbellia|brunnipes,brunnipes,Animalia,Insecta,Diptera,Sciomyzidae,Pherbellia,brunnipes,Achiasmatic,Achiasmatic,Heterogametic,XY,12
Animalia|Insecta|Diptera|Sciomyzidae|Pherbellia|chiloensis,chiloensis,Animalia,Insecta,Diptera,Sciomyzidae,Pherbellia,chiloensis,Achiasmatic,Achiasmatic,Heterogametic,XY,12
Animalia|Insecta|Diptera|Sciomyzidae|Pherbellia|dubia,dubia,Animalia,Insecta,Diptera,Sciomyzidae,Pherbellia,dubia,Achiasmatic,Achiasmatic,Heterogametic,XY,12
Animalia|Insecta|Diptera|Sciomyzidae|Pherbellia|glabricula,glabricula,Animalia,Insecta,Diptera,Sciomyzidae,Pherbellia,glabricula,Achiasmatic,Achiasmatic,Heterogametic,XY,10
Animalia|Insecta|Diptera|Sciomyzidae|Pherbellia|grisescens,grisescens,Animalia,Insecta,Diptera,Sciomyzidae,Pherbellia,grisescens,Achiasmatic,Achiasmatic,Heterogametic,XY,12
Animalia|Insecta|Diptera|Sciomyzidae|Pherbellia|humilis,humilis,Animalia,Insecta,Diptera,Sciomyzidae,Pherbellia,humilis,Achiasmatic,Achiasmatic,Heterogametic,XO,12
Animalia|Insecta|Diptera|Sciomyzidae|Pherbellia|javana,javana,Animalia,Insecta,Diptera,Sciomyzidae,Pherbellia,javana,Achiasmatic,Achiasmatic,Heterogametic,XY,12
Animalia|Insecta|Diptera|Sciomyzidae|Pherbellia|lapponica,lapponica,Animalia,Insecta,Diptera,Sciomyzidae,Pherbellia,lapponica,Achiasmatic,Achiasmatic,Heterogametic,XY,12
Animalia|Insecta|Diptera|Sciomyzidae|Pherbellia|nana,nana,Animalia,Insecta,Diptera,Sciomyzidae,Pherbellia,nana,Achiasmatic,Achiasmatic,Heterogametic,XY,12
Animalia|Insecta|Diptera|Sciomyzidae|Pherbellia|obscura,obscura,Animalia,Insecta,Diptera,Sciomyzidae,Pherbellia,obscura,Achiasmatic,Achiasmatic,Heterogametic,XY,12
Animalia|Insecta|Diptera|Sciomyzidae|Pherbellia|obtusa,obtusa,Animalia,Insecta,Diptera,Sciomyzidae,Pherbellia,obtusa,Achiasmatic,Achiasmatic,Heterogametic,XY,12
Animalia|Insecta|Diptera|Sciomyzidae|Pherbellia|patagonensis,patagonensis,Animalia,Insecta,Diptera,Sciomyzidae,Pherbellia,patagonensis,Achiasmatic,Achiasmatic,Heterogametic,XO,12
Animalia|Insecta|Diptera|Sciomyzidae|Pherbellia|scutellaris,scutellaris,Animalia,Insecta,Diptera,Sciomyzidae,Pherbellia,scutellaris,Achiasmatic,Achiasmatic,Heterogametic,NA,12
Animalia|Insecta|Diptera|Sciomyzidae|Pherbellia|sp.,sp.,Animalia,Insecta,Diptera,Sciomyzidae,Pherbellia,sp.,Achiasmatic,Achiasmatic,Heterogametic,XY,12
Animalia|Insecta|Diptera|Sciomyzidae|Pherbellia|sp1.,sp1.,Animalia,Insecta,Diptera,Sciomyzidae,Pherbellia,sp1.,Achiasmatic,Achiasmatic,Heterogametic,XY,12
Animalia|Insecta|Diptera|Sciomyzidae|Pherbellia|sp4.,sp4.,Animalia,Insecta,Diptera,Sciomyzidae,Pherbellia,sp4.,Achiasmatic,Achiasmatic,Heterogametic,XY,12
Animalia|Insecta|Diptera|Sciomyzidae|Pherbellia|trabeculata,trabeculata,Animalia,Insecta,Diptera,Sciomyzidae,Pherbellia,trabeculata,Achiasmatic,Achiasmatic,Heterogametic,XY,12
Animalia|Insecta|Diptera|Sciomyzidae|Pherbina|corlleti,corlleti,Animalia,Insecta,Diptera,Sciomyzidae,Pherbina,corlleti,Achiasmatic,Achiasmatic,Heterogametic,XY,12
Animalia|Insecta|Diptera|Sciomyzidae|Pherbina|coryleti,coryleti,Animalia,Insecta,Diptera,Sciomyzidae,Pherbina,coryleti,Achiasmatic,Achiasmatic,Heterogametic,XY,12
Animalia|Insecta|Diptera|Sciomyzidae|Protodictya|chilensis,chilensis,Animalia,Insecta,Diptera,Sciomyzidae,Protodictya,chilensis,Achiasmatic,Achiasmatic,Heterogametic,XY,12
Animalia|Insecta|Diptera|Sciomyzidae|Protodictya|guttularis,guttularis,Animalia,Insecta,Diptera,Sciomyzidae,Protodictya,guttularis,Achiasmatic,Achiasmatic,Heterogametic,XY,12
Animalia|Insecta|Diptera|Sciomyzidae|Psacadina|zerni,zerni,Animalia,Insecta,Diptera,Sciomyzidae,Psacadina,zerni,Achiasmatic,Achiasmatic,Heterogametic,XY,12
Animalia|Insecta|Diptera|Sciomyzidae|Psacadina|zernyi,zernyi,Animalia,Insecta,Diptera,Sciomyzidae,Psacadina,zernyi,Achiasmatic,Achiasmatic,Heterogametic,XY,12
Animalia|Insecta|Diptera|Sciomyzidae|Pteromicra|glabricula,glabricula,Animalia,Insecta,Diptera,Sciomyzidae,Pteromicra,glabricula,Achiasmatic,Achiasmatic,Heterogametic,XY,10
Animalia|Insecta|Diptera|Sciomyzidae|Pteromicra|pectorosa,pectorosa,Animalia,Insecta,Diptera,Sciomyzidae,Pteromicra,pectorosa,Achiasmatic,Achiasmatic,Heterogametic,XO,10
Animalia|Insecta|Diptera|Sciomyzidae|Pteromicra|similis,similis,Animalia,Insecta,Diptera,Sciomyzidae,Pteromicra,similis,Achiasmatic,Achiasmatic,Heterogametic,NA,10
Animalia|Insecta|Diptera|Sciomyzidae|Renocera|fuscinervis,fuscinervis,Animalia,Insecta,Diptera,Sciomyzidae,Renocera,fuscinervis,Achiasmatic,Achiasmatic,Heterogametic,XY,12
Animalia|Insecta|Diptera|Sciomyzidae|Salticella|fasciata,fasciata,Animalia,Insecta,Diptera,Sciomyzidae,Salticella,fasciata,Achiasmatic,Achiasmatic,Heterogametic,XY,12
Animalia|Insecta|Diptera|Sciomyzidae|Sepedon|armipes,armipes,Animalia,Insecta,Diptera,Sciomyzidae,Sepedon,armipes,Achiasmatic,Achiasmatic,Heterogametic,XO,12
Animalia|Insecta|Diptera|Sciomyzidae|Sepedon|fuscipennis,fuscipennis,Animalia,Insecta,Diptera,Sciomyzidae,Sepedon,fuscipennis,Achiasmatic,Achiasmatic,Heterogametic,XY,12
Animalia|Insecta|Diptera|Sciomyzidae|Sepedon|macropus,macropus,Animalia,Insecta,Diptera,Sciomyzidae,Sepedon,macropus,Achiasmatic,Achiasmatic,Heterogametic,XY,12
Animalia|Insecta|Diptera|Sciomyzidae|Sepedon|plumbella,plumbella,Animalia,Insecta,Diptera,Sciomyzidae,Sepedon,plumbella,Achiasmatic,Achiasmatic,Heterogametic,XY,12
Animalia|Insecta|Diptera|Sciomyzidae|Sepedon|saegeri,saegeri,Animalia,Insecta,Diptera,Sciomyzidae,Sepedon,saegeri,Achiasmatic,Achiasmatic,Heterogametic,XY,12
Animalia|Insecta|Diptera|Sciomyzidae|Sepedon|sphegea,sphegea,Animalia,Insecta,Diptera,Sciomyzidae,Sepedon,sphegea,Achiasmatic,Achiasmatic,Heterogametic,XY,12
Animalia|Insecta|Diptera|Sciomyzidae|Sepedon|spinipesamericana,spinipesamericana,Animalia,Insecta,Diptera,Sciomyzidae,Sepedon,spinipesamericana,Achiasmatic,Achiasmatic,Heterogametic,NA,12
Animalia|Insecta|Diptera|Sciomyzidae|Tetanocera|arrogans,arrogans,Animalia,Insecta,Diptera,Sciomyzidae,Tetanocera,arrogans,Achiasmatic,Achiasmatic,Heterogametic,XY,10
Animalia|Insecta|Diptera|Sciomyzidae|Tetanocera|elata,elata,Animalia,Insecta,Diptera,Sciomyzidae,Tetanocera,elata,Achiasmatic,Achiasmatic,Heterogametic,XY,12
Animalia|Insecta|Diptera|Sciomyzidae|Tetanocera|ferruginea,ferruginea,Animalia,Insecta,Diptera,Sciomyzidae,Tetanocera,ferruginea,Achiasmatic,Achiasmatic,Heterogametic,XY,12
Animalia|Insecta|Diptera|Sciomyzidae|Tetanocera|hyalipennis,hyalipennis,Animalia,Insecta,Diptera,Sciomyzidae,Tetanocera,hyalipennis,Achiasmatic,Achiasmatic,Heterogametic,NA,12
Animalia|Insecta|Diptera|Sciomyzidae|Tetanocera|loewi,loewi,Animalia,Insecta,Diptera,Sciomyzidae,Tetanocera,loewi,Achiasmatic,Achiasmatic,Heterogametic,XY,12
Animalia|Insecta|Diptera|Sciomyzidae|Tetanocera|loewiE,loewiE,Animalia,Insecta,Diptera,Sciomyzidae,Tetanocera,loewiE,Achiasmatic,Achiasmatic,Heterogametic,XY,12
Animalia|Insecta|Diptera|Sciomyzidae|Tetanocera|montana,montana,Animalia,Insecta,Diptera,Sciomyzidae,Tetanocera,montana,Achiasmatic,Achiasmatic,Heterogametic,XY,12
Animalia|Insecta|Diptera|Sciomyzidae|Tetanocera|plebeia,plebeia,Animalia,Insecta,Diptera,Sciomyzidae,Tetanocera,plebeia,Achiasmatic,Achiasmatic,Heterogametic,XY,12
Animalia|Insecta|Diptera|Sciomyzidae|Tetanocera|plumosa,plumosa,Animalia,Insecta,Diptera,Sciomyzidae,Tetanocera,plumosa,Achiasmatic,Achiasmatic,Heterogametic,XY,12
Animalia|Insecta|Diptera|Sciomyzidae|Tetanocera|silvatica,silvatica,Animalia,Insecta,Diptera,Sciomyzidae,Tetanocera,silvatica,Achiasmatic,Achiasmatic,Heterogametic,NA,12
Animalia|Insecta|Diptera|Sciomyzidae|Tetanocera|sp.,sp.,Animalia,Insecta,Diptera,Sciomyzidae,Tetanocera,sp.,Achiasmatic,Achiasmatic,Heterogametic,XY,12
Animalia|Insecta|Diptera|Sciomyzidae|Tetanocera|sparsa,sparsa,Animalia,Insecta,Diptera,Sciomyzidae,Tetanocera,sparsa,Achiasmatic,Achiasmatic,Heterogametic,XY,12
Animalia|Insecta|Diptera|Sciomyzidae|Tetanocera|unicolor,unicolor,Animalia,Insecta,Diptera,Sciomyzidae,Tetanocera,unicolor,Achiasmatic,Achiasmatic,Heterogametic,XY,12
Animalia|Insecta|Diptera|Sciomyzidae|Tetanocera|vicina,vicina,Animalia,Insecta,Diptera,Sciomyzidae,Tetanocera,vicina,Achiasmatic,Achiasmatic,Heterogametic,XY,12
Animalia|Insecta|Diptera|Sciomyzidae|Tetanoceroides|mesopleuralis,mesopleuralis,Animalia,Insecta,Diptera,Sciomyzidae,Tetanoceroides,mesopleuralis,Achiasmatic,Achiasmatic,Heterogametic,XY,12
Animalia|Insecta|Diptera|Sciomyzidae|Tetanoceroides|occidentalis,occidentalis,Animalia,Insecta,Diptera,Sciomyzidae,Tetanoceroides,occidentalis,Achiasmatic,Achiasmatic,Heterogametic,NA,12
Animalia|Insecta|Diptera|Sciomyzidae|Trypetoptera|punctulata,punctulata,Animalia,Insecta,Diptera,Sciomyzidae,Trypetoptera,punctulata,Achiasmatic,Achiasmatic,Heterogametic,XY,12
Animalia|Insecta|Diptera|Sepsidae|Piophila|casei,casei,Animalia,Insecta,Diptera,Sepsidae,Piophila,casei,Achiasmatic,Achiasmatic,Heterogametic,XY,12
Animalia|Insecta|Diptera|Simuliidae|Cnephia|dacotensis,dacotensis,Animalia,Insecta,Diptera,Simuliidae,Cnephia,dacotensis,Achiasmatic,Achiasmatic,Heterogametic,NA,6
Animalia|Insecta|Diptera|Simuliidae|Cnephia|ornithophilia,ornithophilia,Animalia,Insecta,Diptera,Simuliidae,Cnephia,ornithophilia,Achiasmatic,Achiasmatic,Heterogametic,NA,6
Animalia|Insecta|Diptera|Simuliidae|Crozetia|crozetensis,crozetensis,Animalia,Insecta,Diptera,Simuliidae,Crozetia,crozetensis,Achiasmatic,Achiasmatic,Heterogametic,NA,6
Animalia|Insecta|Diptera|Simuliidae|Eusimulium|aureum,aureum,Animalia,Insecta,Diptera,Simuliidae,Eusimulium,aureum,Achiasmatic,Achiasmatic,Heterogametic,NA,4
Animalia|Insecta|Diptera|Simuliidae|Prosimulium|decemarticulatum,decemarticulatum,Animalia,Insecta,Diptera,Simuliidae,Prosimulium,decemarticulatum,Achiasmatic,Achiasmatic,Heterogametic,NA,6
Animalia|Insecta|Diptera|Stratiomyidae|Actina|incisularis,incisularis,Animalia,Insecta,Diptera,Stratiomyidae,Actina,incisularis,Achiasmatic,Achiasmatic,Heterogametic,NA,10
Animalia|Insecta|Diptera|Stratiomyidae|Actina|incisurali,incisurali,Animalia,Insecta,Diptera,Stratiomyidae,Actina,incisurali,Achiasmatic,Achiasmatic,Heterogametic,XY,10
Animalia|Insecta|Diptera|Stratiomyidae|Adoxomyia|rustica,rustica,Animalia,Insecta,Diptera,Stratiomyidae,Adoxomyia,rustica,Achiasmatic,Achiasmatic,Heterogametic,NA,8
Animalia|Insecta|Diptera|Stratiomyidae|Beris|chalybeata,chalybeata,Animalia,Insecta,Diptera,Stratiomyidae,Beris,chalybeata,Achiasmatic,Achiasmatic,Heterogametic,XY,10
Animalia|Insecta|Diptera|Stratiomyidae|Chloromyia|formosa,formosa,Animalia,Insecta,Diptera,Stratiomyidae,Chloromyia,formosa,Achiasmatic,Achiasmatic,Heterogametic,NA,14
Animalia|Insecta|Diptera|Stratiomyidae|Hermetia|illucens,illucens,Animalia,Insecta,Diptera,Stratiomyidae,Hermetia,illucens,Achiasmatic,Achiasmatic,Heterogametic,XY,14
Animalia|Insecta|Diptera|Stratiomyidae|Himantoloba|flavopilosa,flavopilosa,Animalia,Insecta,Diptera,Stratiomyidae,Himantoloba,flavopilosa,Achiasmatic,Achiasmatic,Heterogametic,XY,16
Animalia|Insecta|Diptera|Stratiomyidae|Lasionemopoda|hirsuta,hirsuta,Animalia,Insecta,Diptera,Stratiomyidae,Lasionemopoda,hirsuta,Achiasmatic,Achiasmatic,Heterogametic,NA,16
Animalia|Insecta|Diptera|Stratiomyidae|Merosargus|melanothorax,melanothorax,Animalia,Insecta,Diptera,Stratiomyidae,Merosargus,melanothorax,Achiasmatic,Achiasmatic,Heterogametic,XY,16
Animalia|Insecta|Diptera|Stratiomyidae|Neoexaireta|spinigera,spinigera,Animalia,Insecta,Diptera,Stratiomyidae,Neoexaireta,spinigera,Achiasmatic,Achiasmatic,Heterogametic,XY,12
Animalia|Insecta|Diptera|Stratiomyidae|Odontomyia|regisgeorgei,regisgeorgei,Animalia,Insecta,Diptera,Stratiomyidae,Odontomyia,regisgeorgei,Achiasmatic,Achiasmatic,Heterogametic,XY,12
Animalia|Insecta|Diptera|Stratiomyidae|Ptecticus|australis,australis,Animalia,Insecta,Diptera,Stratiomyidae,Ptecticus,australis,Achiasmatic,Achiasmatic,Heterogametic,XY,16
Animalia|Insecta|Diptera|Stratiomyidae|Ptecticus|longipennis,longipennis,Animalia,Insecta,Diptera,Stratiomyidae,Ptecticus,longipennis,Achiasmatic,Achiasmatic,Heterogametic,XY,16
Animalia|Insecta|Diptera|Stratiomyidae|Ptecticus|matsumurae,matsumurae,Animalia,Insecta,Diptera,Stratiomyidae,Ptecticus,matsumurae,Achiasmatic,Achiasmatic,Heterogametic,XY,16
Animalia|Insecta|Diptera|Stratiomyidae|Ptecticus|n.sp.1,n.sp.1,Animalia,Insecta,Diptera,Stratiomyidae,Ptecticus,n.sp.1,Achiasmatic,Achiasmatic,Heterogametic,XY,16
Animalia|Insecta|Diptera|Stratiomyidae|Ptecticus|n.sp.2,n.sp.2,Animalia,Insecta,Diptera,Stratiomyidae,Ptecticus,n.sp.2,Achiasmatic,Achiasmatic,Heterogametic,NA,16
Animalia|Insecta|Diptera|Stratiomyidae|Ptecticus|n.sp.3nr.Longipennis,n.sp.3nr.Longipennis,Animalia,Insecta,Diptera,Stratiomyidae,Ptecticus,n.sp.3nr.Longipennis,Achiasmatic,Achiasmatic,Heterogametic,XY,16
Animalia|Insecta|Diptera|Stratiomyidae|Ptecticus|n.sp1,n.sp1,Animalia,Insecta,Diptera,Stratiomyidae,Ptecticus,n.sp1,Achiasmatic,Achiasmatic,Heterogametic,XY,16
Animalia|Insecta|Diptera|Stratiomyidae|Ptecticus|n.sp2,n.sp2,Animalia,Insecta,Diptera,Stratiomyidae,Ptecticus,n.sp2,Achiasmatic,Achiasmatic,Heterogametic,NA,16
Animalia|Insecta|Diptera|Stratiomyidae|Ptecticus|n.sp3,n.sp3,Animalia,Insecta,Diptera,Stratiomyidae,Ptecticus,n.sp3,Achiasmatic,Achiasmatic,Heterogametic,XY,16
Animalia|Insecta|Diptera|Stratiomyidae|Ptecticus|n.sp4,n.sp4,Animalia,Insecta,Diptera,Stratiomyidae,Ptecticus,n.sp4,Achiasmatic,Achiasmatic,Heterogametic,XY,16
Animalia|Insecta|Diptera|Stratiomyidae|Ptecticus|n.sp5,n.sp5,Animalia,Insecta,Diptera,Stratiomyidae,Ptecticus,n.sp5,Achiasmatic,Achiasmatic,Heterogametic,XY,16
Animalia|Insecta|Diptera|Stratiomyidae|Ptecticus|sackenii,sackenii,Animalia,Insecta,Diptera,Stratiomyidae,Ptecticus,sackenii,Achiasmatic,Achiasmatic,Heterogametic,NA,16
Animalia|Insecta|Diptera|Stratiomyidae|Ptecticus|sp.4,sp.4,Animalia,Insecta,Diptera,Stratiomyidae,Ptecticus,sp.4,Achiasmatic,Achiasmatic,Heterogametic,XY,16
Animalia|Insecta|Diptera|Stratiomyidae|Ptecticus|sp.5,sp.5,Animalia,Insecta,Diptera,Stratiomyidae,Ptecticus,sp.5,Achiasmatic,Achiasmatic,Heterogametic,XY,16
Animalia|Insecta|Diptera|Stratiomyidae|Ptecticus|tenebrifer,tenebrifer,Animalia,Insecta,Diptera,Stratiomyidae,Ptecticus,tenebrifer,Achiasmatic,Achiasmatic,Heterogametic,XY,16
Animalia|Insecta|Diptera|Stratiomyidae|Ptecticus|trivittatus,trivittatus,Animalia,Insecta,Diptera,Stratiomyidae,Ptecticus,trivittatus,Achiasmatic,Achiasmatic,Heterogametic,XY,16
Animalia|Insecta|Diptera|Stratiomyidae|Ptecticus|wulpii,wulpii,Animalia,Insecta,Diptera,Stratiomyidae,Ptecticus,wulpii,Achiasmatic,Achiasmatic,Heterogametic,XY,16
Animalia|Insecta|Diptera|Stratiomyidae|Sargus|cuprarius,cuprarius,Animalia,Insecta,Diptera,Stratiomyidae,Sargus,cuprarius,Achiasmatic,Achiasmatic,Heterogametic,NA,16
Animalia|Insecta|Diptera|Stratiomyidae|Sargus|fasciatus,fasciatus,Animalia,Insecta,Diptera,Stratiomyidae,Sargus,fasciatus,Achiasmatic,Achiasmatic,Heterogametic,XY,8
Animalia|Insecta|Diptera|Stratiomyidae|Stratiomys|barbata,barbata,Animalia,Insecta,Diptera,Stratiomyidae,Stratiomys,barbata,Achiasmatic,Achiasmatic,Heterogametic,XY,14
Animalia|Insecta|Diptera|Stratiomyidae|Stratiomys|sp,sp,Animalia,Insecta,Diptera,Stratiomyidae,Stratiomys,sp,Achiasmatic,Achiasmatic,Heterogametic,XY,12
Animalia|Insecta|Diptera|Stratiomyidae|Stratiomys|sp.,sp.,Animalia,Insecta,Diptera,Stratiomyidae,Stratiomys,sp.,Achiasmatic,Achiasmatic,Heterogametic,NA,12
Animalia|Insecta|Diptera|Syrphidae|Allographa|exotica,exotica,Animalia,Insecta,Diptera,Syrphidae,Allographa,exotica,Achiasmatic,Achiasmatic,Heterogametic,XY,10
Animalia|Insecta|Diptera|Syrphidae|Allographa|hortensis,hortensis,Animalia,Insecta,Diptera,Syrphidae,Allographa,hortensis,Achiasmatic,Achiasmatic,Heterogametic,XY,8
Animalia|Insecta|Diptera|Syrphidae|Allographa|neotropica,neotropica,Animalia,Insecta,Diptera,Syrphidae,Allographa,neotropica,Achiasmatic,Achiasmatic,Heterogametic,XY,10
Animalia|Insecta|Diptera|Syrphidae|Allographa|piurana,piurana,Animalia,Insecta,Diptera,Syrphidae,Allographa,piurana,Achiasmatic,Achiasmatic,Heterogametic,XY,10
Animalia|Insecta|Diptera|Syrphidae|Allographa|pulchra,pulchra,Animalia,Insecta,Diptera,Syrphidae,Allographa,pulchra,Achiasmatic,Achiasmatic,Heterogametic,XY,10
Animalia|Insecta|Diptera|Syrphidae|Allograpta|calopoides,calopoides,Animalia,Insecta,Diptera,Syrphidae,Allograpta,calopoides,Achiasmatic,Achiasmatic,Heterogametic,NA,8
Animalia|Insecta|Diptera|Syrphidae|Allograpta|calopus,calopus,Animalia,Insecta,Diptera,Syrphidae,Allograpta,calopus,Achiasmatic,Achiasmatic,Heterogametic,XY,8
Animalia|Insecta|Diptera|Syrphidae|Allograpta|exotica,exotica,Animalia,Insecta,Diptera,Syrphidae,Allograpta,exotica,Achiasmatic,Achiasmatic,Heterogametic,XY,10
Animalia|Insecta|Diptera|Syrphidae|Allograpta|fuscisquama,fuscisquama,Animalia,Insecta,Diptera,Syrphidae,Allograpta,fuscisquama,Achiasmatic,Achiasmatic,Heterogametic,XY,10
Animalia|Insecta|Diptera|Syrphidae|Allograpta|hortensis,hortensis,Animalia,Insecta,Diptera,Syrphidae,Allograpta,hortensis,Achiasmatic,Achiasmatic,Heterogametic,XY,8
Animalia|Insecta|Diptera|Syrphidae|Allograpta|neotropica,neotropica,Animalia,Insecta,Diptera,Syrphidae,Allograpta,neotropica,Achiasmatic,Achiasmatic,Heterogametic,XY,10
Animalia|Insecta|Diptera|Syrphidae|Allograpta|nummularia,nummularia,Animalia,Insecta,Diptera,Syrphidae,Allograpta,nummularia,Achiasmatic,Achiasmatic,Heterogametic,XY,8
Animalia|Insecta|Diptera|Syrphidae|Allograpta|obliqua,obliqua,Animalia,Insecta,Diptera,Syrphidae,Allograpta,obliqua,Achiasmatic,Achiasmatic,Heterogametic,XY,10
Animalia|Insecta|Diptera|Syrphidae|Allograpta|pfeifferi,pfeifferi,Animalia,Insecta,Diptera,Syrphidae,Allograpta,pfeifferi,Achiasmatic,Achiasmatic,Heterogametic,XY,12
Animalia|Insecta|Diptera|Syrphidae|Allograpta|pulchra_hybrid?_,pulchra_hybrid?_,Animalia,Insecta,Diptera,Syrphidae,Allograpta,pulchra_hybrid?_,Achiasmatic,Achiasmatic,Heterogametic,XY,8
Animalia|Insecta|Diptera|Syrphidae|Allograpta|pulchra_I_,pulchra_I_,Animalia,Insecta,Diptera,Syrphidae,Allograpta,pulchra_I_,Achiasmatic,Achiasmatic,Heterogametic,XY,10
Animalia|Insecta|Diptera|Syrphidae|Allograpta|sp.25,sp.25,Animalia,Insecta,Diptera,Syrphidae,Allograpta,sp.25,Achiasmatic,Achiasmatic,Heterogametic,XY,8
Animalia|Insecta|Diptera|Syrphidae|Allograpta|sp.26,sp.26,Animalia,Insecta,Diptera,Syrphidae,Allograpta,sp.26,Achiasmatic,Achiasmatic,Heterogametic,XY,10
Animalia|Insecta|Diptera|Syrphidae|Allograpta|sp.27,sp.27,Animalia,Insecta,Diptera,Syrphidae,Allograpta,sp.27,Achiasmatic,Achiasmatic,Heterogametic,XY,10
Animalia|Insecta|Diptera|Syrphidae|Allograpta|sp.AE,sp.AE,Animalia,Insecta,Diptera,Syrphidae,Allograpta,sp.AE,Achiasmatic,Achiasmatic,Heterogametic,XY,8
Animalia|Insecta|Diptera|Syrphidae|Allograpta|sp.BP,sp.BP,Animalia,Insecta,Diptera,Syrphidae,Allograpta,sp.BP,Achiasmatic,Achiasmatic,Heterogametic,NA,10
Animalia|Insecta|Diptera|Syrphidae|Allograpta|venusta,venusta,Animalia,Insecta,Diptera,Syrphidae,Allograpta,venusta,Achiasmatic,Achiasmatic,Heterogametic,XY,8
Animalia|Insecta|Diptera|Syrphidae|Asarkina|clara,clara,Animalia,Insecta,Diptera,Syrphidae,Asarkina,clara,Achiasmatic,Achiasmatic,Heterogametic,XY,10
Animalia|Insecta|Diptera|Syrphidae|Asarkina|fulva,fulva,Animalia,Insecta,Diptera,Syrphidae,Asarkina,fulva,Achiasmatic,Achiasmatic,Heterogametic,XY,10
Animalia|Insecta|Diptera|Syrphidae|Asarkina|morokaensis,morokaensis,Animalia,Insecta,Diptera,Syrphidae,Asarkina,morokaensis,Achiasmatic,Achiasmatic,Heterogametic,XY,10
Animalia|Insecta|Diptera|Syrphidae|Asarkina|porcina,porcina,Animalia,Insecta,Diptera,Syrphidae,Asarkina,porcina,Achiasmatic,Achiasmatic,Heterogametic,XY,10
Animalia|Insecta|Diptera|Syrphidae|Asarkina|rostrata,rostrata,Animalia,Insecta,Diptera,Syrphidae,Asarkina,rostrata,Achiasmatic,Achiasmatic,Heterogametic,XY,10
Animalia|Insecta|Diptera|Syrphidae|Asarkina|sp.1,sp.1,Animalia,Insecta,Diptera,Syrphidae,Asarkina,sp.1,Achiasmatic,Achiasmatic,Heterogametic,XY,10
Animalia|Insecta|Diptera|Syrphidae|Asarkina|sp.A,sp.A,Animalia,Insecta,Diptera,Syrphidae,Asarkina,sp.A,Achiasmatic,Achiasmatic,Heterogametic,NA,10
Animalia|Insecta|Diptera|Syrphidae|Asarkina|sp.B,sp.B,Animalia,Insecta,Diptera,Syrphidae,Asarkina,sp.B,Achiasmatic,Achiasmatic,Heterogametic,XY,10
Animalia|Insecta|Diptera|Syrphidae|Asarkina|sp.C,sp.C,Animalia,Insecta,Diptera,Syrphidae,Asarkina,sp.C,Achiasmatic,Achiasmatic,Heterogametic,XY,10
Animalia|Insecta|Diptera|Syrphidae|Asarkina|sp.D,sp.D,Animalia,Insecta,Diptera,Syrphidae,Asarkina,sp.D,Achiasmatic,Achiasmatic,Heterogametic,XY,10
Animalia|Insecta|Diptera|Syrphidae|Asarkina|sp.E,sp.E,Animalia,Insecta,Diptera,Syrphidae,Asarkina,sp.E,Achiasmatic,Achiasmatic,Heterogametic,XY,10
Animalia|Insecta|Diptera|Syrphidae|Axona|chalcopyga,chalcopyga,Animalia,Insecta,Diptera,Syrphidae,Axona,chalcopyga,Achiasmatic,Achiasmatic,Heterogametic,XY,10
Animalia|Insecta|Diptera|Syrphidae|Baccha|alicia,alicia,Animalia,Insecta,Diptera,Syrphidae,Baccha,alicia,Achiasmatic,Achiasmatic,Heterogametic,XY,10
Animalia|Insecta|Diptera|Syrphidae|Baccha|asthenia,asthenia,Animalia,Insecta,Diptera,Syrphidae,Baccha,asthenia,Achiasmatic,Achiasmatic,Heterogametic,XY,10
Animalia|Insecta|Diptera|Syrphidae|Baccha|clavata,clavata,Animalia,Insecta,Diptera,Syrphidae,Baccha,clavata,Achiasmatic,Achiasmatic,Heterogametic,XY,10
Animalia|Insecta|Diptera|Syrphidae|Baccha|clavata_I_,clavata_I_,Animalia,Insecta,Diptera,Syrphidae,Baccha,clavata_I_,Achiasmatic,Achiasmatic,Heterogametic,XY,10
Animalia|Insecta|Diptera|Syrphidae|Baccha|clavata_II_,clavata_II_,Animalia,Insecta,Diptera,Syrphidae,Baccha,clavata_II_,Achiasmatic,Achiasmatic,Heterogametic,XY,10
Animalia|Insecta|Diptera|Syrphidae|Baccha|costata,costata,Animalia,Insecta,Diptera,Syrphidae,Baccha,costata,Achiasmatic,Achiasmatic,Heterogametic,XY,10
Animalia|Insecta|Diptera|Syrphidae|Baccha|debasa,debasa,Animalia,Insecta,Diptera,Syrphidae,Baccha,debasa,Achiasmatic,Achiasmatic,Heterogametic,XY,10
Animalia|Insecta|Diptera|Syrphidae|Baccha|elongata,elongata,Animalia,Insecta,Diptera,Syrphidae,Baccha,elongata,Achiasmatic,Achiasmatic,Heterogametic,XY,6
Animalia|Insecta|Diptera|Syrphidae|Baccha|estrelita,estrelita,Animalia,Insecta,Diptera,Syrphidae,Baccha,estrelita,Achiasmatic,Achiasmatic,Heterogametic,XY,10
Animalia|Insecta|Diptera|Syrphidae|Baccha|fasciata,fasciata,Animalia,Insecta,Diptera,Syrphidae,Baccha,fasciata,Achiasmatic,Achiasmatic,Heterogametic,XY,10
Animalia|Insecta|Diptera|Syrphidae|Baccha|fascipennis,fascipennis,Animalia,Insecta,Diptera,Syrphidae,Baccha,fascipennis,Achiasmatic,Achiasmatic,Heterogametic,XY,10
Animalia|Insecta|Diptera|Syrphidae|Baccha|flavipennis,flavipennis,Animalia,Insecta,Diptera,Syrphidae,Baccha,flavipennis,Achiasmatic,Achiasmatic,Heterogametic,XY,10
Animalia|Insecta|Diptera|Syrphidae|Baccha|funebris,funebris,Animalia,Insecta,Diptera,Syrphidae,Baccha,funebris,Achiasmatic,Achiasmatic,Heterogametic,XY,10
Animalia|Insecta|Diptera|Syrphidae|Baccha|fuscipennis,fuscipennis,Animalia,Insecta,Diptera,Syrphidae,Baccha,fuscipennis,Achiasmatic,Achiasmatic,Heterogametic,XY,10
Animalia|Insecta|Diptera|Syrphidae|Baccha|gastrostacta,gastrostacta,Animalia,Insecta,Diptera,Syrphidae,Baccha,gastrostacta,Achiasmatic,Achiasmatic,Heterogametic,XY,10
Animalia|Insecta|Diptera|Syrphidae|Baccha|laudabilis,laudabilis,Animalia,Insecta,Diptera,Syrphidae,Baccha,laudabilis,Achiasmatic,Achiasmatic,Heterogametic,XY,10
Animalia|Insecta|Diptera|Syrphidae|Baccha|livida,livida,Animalia,Insecta,Diptera,Syrphidae,Baccha,livida,Achiasmatic,Achiasmatic,Heterogametic,XY,8
Animalia|Insecta|Diptera|Syrphidae|Baccha|loewi,loewi,Animalia,Insecta,Diptera,Syrphidae,Baccha,loewi,Achiasmatic,Achiasmatic,Heterogametic,XY,10
Animalia|Insecta|Diptera|Syrphidae|Baccha|maculata,maculata,Animalia,Insecta,Diptera,Syrphidae,Baccha,maculata,Achiasmatic,Achiasmatic,Heterogametic,XY,8
Animalia|Insecta|Diptera|Syrphidae|Baccha|melanorrhina,melanorrhina,Animalia,Insecta,Diptera,Syrphidae,Baccha,melanorrhina,Achiasmatic,Achiasmatic,Heterogametic,XY,10
Animalia|Insecta|Diptera|Syrphidae|Baccha|mexicana,mexicana,Animalia,Insecta,Diptera,Syrphidae,Baccha,mexicana,Achiasmatic,Achiasmatic,Heterogametic,XY,10
Animalia|Insecta|Diptera|Syrphidae|Baccha|n.sp.1,n.sp.1,Animalia,Insecta,Diptera,Syrphidae,Baccha,n.sp.1,Achiasmatic,Achiasmatic,Heterogametic,XY,10
Animalia|Insecta|Diptera|Syrphidae|Baccha|neavei,neavei,Animalia,Insecta,Diptera,Syrphidae,Baccha,neavei,Achiasmatic,Achiasmatic,Heterogametic,XY,10
Animalia|Insecta|Diptera|Syrphidae|Baccha|norina,norina,Animalia,Insecta,Diptera,Syrphidae,Baccha,norina,Achiasmatic,Achiasmatic,Heterogametic,XY,8
Animalia|Insecta|Diptera|Syrphidae|Baccha|nymphaea,nymphaea,Animalia,Insecta,Diptera,Syrphidae,Baccha,nymphaea,Achiasmatic,Achiasmatic,Heterogametic,XY,10
Animalia|Insecta|Diptera|Syrphidae|Baccha|obscuripennis,obscuripennis,Animalia,Insecta,Diptera,Syrphidae,Baccha,obscuripennis,Achiasmatic,Achiasmatic,Heterogametic,XY,6
Animalia|Insecta|Diptera|Syrphidae|Baccha|polista,polista,Animalia,Insecta,Diptera,Syrphidae,Baccha,polista,Achiasmatic,Achiasmatic,Heterogametic,XY,10
Animalia|Insecta|Diptera|Syrphidae|Baccha|purpuricola,purpuricola,Animalia,Insecta,Diptera,Syrphidae,Baccha,purpuricola,Achiasmatic,Achiasmatic,Heterogametic,XY,10
Animalia|Insecta|Diptera|Syrphidae|Baccha|sapphirina,sapphirina,Animalia,Insecta,Diptera,Syrphidae,Baccha,sapphirina,Achiasmatic,Achiasmatic,Heterogametic,XY,10
Animalia|Insecta|Diptera|Syrphidae|Baccha|scutellata,scutellata,Animalia,Insecta,Diptera,Syrphidae,Baccha,scutellata,Achiasmatic,Achiasmatic,Heterogametic,NA,8
Animalia|Insecta|Diptera|Syrphidae|Baccha|siphanticida,siphanticida,Animalia,Insecta,Diptera,Syrphidae,Baccha,siphanticida,Achiasmatic,Achiasmatic,Heterogametic,XY,10
Animalia|Insecta|Diptera|Syrphidae|Baccha|sp.A1,sp.A1,Animalia,Insecta,Diptera,Syrphidae,Baccha,sp.A1,Achiasmatic,Achiasmatic,Heterogametic,XY,10
Animalia|Insecta|Diptera|Syrphidae|Baccha|sp.B1,sp.B1,Animalia,Insecta,Diptera,Syrphidae,Baccha,sp.B1,Achiasmatic,Achiasmatic,Heterogametic,XY,10
Animalia|Insecta|Diptera|Syrphidae|Baccha|virginio,virginio,Animalia,Insecta,Diptera,Syrphidae,Baccha,virginio,Achiasmatic,Achiasmatic,Heterogametic,XY,8
Animalia|Insecta|Diptera|Syrphidae|Baccha|vittiger,vittiger,Animalia,Insecta,Diptera,Syrphidae,Baccha,vittiger,Achiasmatic,Achiasmatic,Heterogametic,XY,10
Animalia|Insecta|Diptera|Syrphidae|Baccha|zilla,zilla,Animalia,Insecta,Diptera,Syrphidae,Baccha,zilla,Achiasmatic,Achiasmatic,Heterogametic,XY,10
Animalia|Insecta|Diptera|Syrphidae|Betasyrphus|adligatus,adligatus,Animalia,Insecta,Diptera,Syrphidae,Betasyrphus,adligatus,Achiasmatic,Achiasmatic,Heterogametic,XY,8
Animalia|Insecta|Diptera|Syrphidae|Betasyrphus|hirticeps,hirticeps,Animalia,Insecta,Diptera,Syrphidae,Betasyrphus,hirticeps,Achiasmatic,Achiasmatic,Heterogametic,XY,8
Animalia|Insecta|Diptera|Syrphidae|Betasyrphus|sp.C,sp.C,Animalia,Insecta,Diptera,Syrphidae,Betasyrphus,sp.C,Achiasmatic,Achiasmatic,Heterogametic,XY,8
Animalia|Insecta|Diptera|Syrphidae|Betasyrphus|sp.D,sp.D,Animalia,Insecta,Diptera,Syrphidae,Betasyrphus,sp.D,Achiasmatic,Achiasmatic,Heterogametic,XY,8
Animalia|Insecta|Diptera|Syrphidae|Betasyrphus|sp.E,sp.E,Animalia,Insecta,Diptera,Syrphidae,Betasyrphus,sp.E,Achiasmatic,Achiasmatic,Heterogametic,XY,8
Animalia|Insecta|Diptera|Syrphidae|Betasyrphus|sp.F,sp.F,Animalia,Insecta,Diptera,Syrphidae,Betasyrphus,sp.F,Achiasmatic,Achiasmatic,Heterogametic,XY,8
Animalia|Insecta|Diptera|Syrphidae|Blera|analis,analis,Animalia,Insecta,Diptera,Syrphidae,Blera,analis,Achiasmatic,Achiasmatic,Heterogametic,NA,12
Animalia|Insecta|Diptera|Syrphidae|Blera|badia,badia,Animalia,Insecta,Diptera,Syrphidae,Blera,badia,Achiasmatic,Achiasmatic,Heterogametic,XY,12
Animalia|Insecta|Diptera|Syrphidae|Blera|confusa,confusa,Animalia,Insecta,Diptera,Syrphidae,Blera,confusa,Achiasmatic,Achiasmatic,Heterogametic,XY,12
Animalia|Insecta|Diptera|Syrphidae|Blera|fallax,fallax,Animalia,Insecta,Diptera,Syrphidae,Blera,fallax,Achiasmatic,Achiasmatic,Heterogametic,XY,12
Animalia|Insecta|Diptera|Syrphidae|Blera|nigra,nigra,Animalia,Insecta,Diptera,Syrphidae,Blera,nigra,Achiasmatic,Achiasmatic,Heterogametic,XY,12
Animalia|Insecta|Diptera|Syrphidae|Blera|scitula,scitula,Animalia,Insecta,Diptera,Syrphidae,Blera,scitula,Achiasmatic,Achiasmatic,Heterogametic,XY,12
Animalia|Insecta|Diptera|Syrphidae|Brachyopa|scutellaris,scutellaris,Animalia,Insecta,Diptera,Syrphidae,Brachyopa,scutellaris,Achiasmatic,Achiasmatic,Heterogametic,XY,10
Animalia|Insecta|Diptera|Syrphidae|Calliprobola|crawfordi,crawfordi,Animalia,Insecta,Diptera,Syrphidae,Calliprobola,crawfordi,Achiasmatic,Achiasmatic,Heterogametic,XY,10
Animalia|Insecta|Diptera|Syrphidae|Carposcalis|obscura,obscura,Animalia,Insecta,Diptera,Syrphidae,Carposcalis,obscura,Achiasmatic,Achiasmatic,Heterogametic,XY,8
Animalia|Insecta|Diptera|Syrphidae|Carposcalis|sp.,sp.,Animalia,Insecta,Diptera,Syrphidae,Carposcalis,sp.,Achiasmatic,Achiasmatic,Heterogametic,XY,8
Animalia|Insecta|Diptera|Syrphidae|Carposcalis|sp.1,sp.1,Animalia,Insecta,Diptera,Syrphidae,Carposcalis,sp.1,Achiasmatic,Achiasmatic,Heterogametic,XY,8
Animalia|Insecta|Diptera|Syrphidae|Carposcalis|sp.2,sp.2,Animalia,Insecta,Diptera,Syrphidae,Carposcalis,sp.2,Achiasmatic,Achiasmatic,Heterogametic,XY,8
Animalia|Insecta|Diptera|Syrphidae|Carposcalis|sp.3,sp.3,Animalia,Insecta,Diptera,Syrphidae,Carposcalis,sp.3,Achiasmatic,Achiasmatic,Heterogametic,XY,8
Animalia|Insecta|Diptera|Syrphidae|Carposcalis|sp.4,sp.4,Animalia,Insecta,Diptera,Syrphidae,Carposcalis,sp.4,Achiasmatic,Achiasmatic,Heterogametic,XY,8
Animalia|Insecta|Diptera|Syrphidae|Carposcalis|sp.5,sp.5,Animalia,Insecta,Diptera,Syrphidae,Carposcalis,sp.5,Achiasmatic,Achiasmatic,Heterogametic,XY,8
Animalia|Insecta|Diptera|Syrphidae|Carposcalis|sp.6,sp.6,Animalia,Insecta,Diptera,Syrphidae,Carposcalis,sp.6,Achiasmatic,Achiasmatic,Heterogametic,XY,8
Animalia|Insecta|Diptera|Syrphidae|Carposcalis|sp.8,sp.8,Animalia,Insecta,Diptera,Syrphidae,Carposcalis,sp.8,Achiasmatic,Achiasmatic,Heterogametic,XY,8
Animalia|Insecta|Diptera|Syrphidae|Carposcalis|sp.A,sp.A,Animalia,Insecta,Diptera,Syrphidae,Carposcalis,sp.A,Achiasmatic,Achiasmatic,Heterogametic,XY,8
Animalia|Insecta|Diptera|Syrphidae|Carposcalis|sp.B,sp.B,Animalia,Insecta,Diptera,Syrphidae,Carposcalis,sp.B,Achiasmatic,Achiasmatic,Heterogametic,XY,8
Animalia|Insecta|Diptera|Syrphidae|Carposcalis|stegna,stegna,Animalia,Insecta,Diptera,Syrphidae,Carposcalis,stegna,Achiasmatic,Achiasmatic,Heterogametic,XY,8
Animalia|Insecta|Diptera|Syrphidae|Ceriana|conopsoides,conopsoides,Animalia,Insecta,Diptera,Syrphidae,Ceriana,conopsoides,Achiasmatic,Achiasmatic,Heterogametic,XY,10
Animalia|Insecta|Diptera|Syrphidae|Ceriana|vespiformis,vespiformis,Animalia,Insecta,Diptera,Syrphidae,Ceriana,vespiformis,Achiasmatic,Achiasmatic,Heterogametic,XY,10
Animalia|Insecta|Diptera|Syrphidae|Ceriogaster|sp.,sp.,Animalia,Insecta,Diptera,Syrphidae,Ceriogaster,sp.,Achiasmatic,Achiasmatic,Heterogametic,NA,10
Animalia|Insecta|Diptera|Syrphidae|Chalcosyrphus|anthreas,anthreas,Animalia,Insecta,Diptera,Syrphidae,Chalcosyrphus,anthreas,Achiasmatic,Achiasmatic,Heterogametic,XY,10
Animalia|Insecta|Diptera|Syrphidae|Chalcosyrphus|ariel,ariel,Animalia,Insecta,Diptera,Syrphidae,Chalcosyrphus,ariel,Achiasmatic,Achiasmatic,Heterogametic,XY,10
Animalia|Insecta|Diptera|Syrphidae|Chalcosyrphus|nemorum,nemorum,Animalia,Insecta,Diptera,Syrphidae,Chalcosyrphus,nemorum,Achiasmatic,Achiasmatic,Heterogametic,XY,8
Animalia|Insecta|Diptera|Syrphidae|Chalcosyrphus|plesia,plesia,Animalia,Insecta,Diptera,Syrphidae,Chalcosyrphus,plesia,Achiasmatic,Achiasmatic,Heterogametic,NA,10
Animalia|Insecta|Diptera|Syrphidae|Chalcosyrphus|sp.2,sp.2,Animalia,Insecta,Diptera,Syrphidae,Chalcosyrphus,sp.2,Achiasmatic,Achiasmatic,Heterogametic,XY,10
Animalia|Insecta|Diptera|Syrphidae|Chamaesphegina|argentifacies,argentifacies,Animalia,Insecta,Diptera,Syrphidae,Chamaesphegina,argentifacies,Achiasmatic,Achiasmatic,Heterogametic,XY,12
Animalia|Insecta|Diptera|Syrphidae|Cheilosia|barbata,barbata,Animalia,Insecta,Diptera,Syrphidae,Cheilosia,barbata,Achiasmatic,Achiasmatic,Heterogametic,XY,12
Animalia|Insecta|Diptera|Syrphidae|Cheilosia|burkei,burkei,Animalia,Insecta,Diptera,Syrphidae,Cheilosia,burkei,Achiasmatic,Achiasmatic,Heterogametic,XY,12
Animalia|Insecta|Diptera|Syrphidae|Cheilosia|canicularis,canicularis,Animalia,Insecta,Diptera,Syrphidae,Cheilosia,canicularis,Achiasmatic,Achiasmatic,Heterogametic,NA,12
Animalia|Insecta|Diptera|Syrphidae|Cheilosia|chalybescens,chalybescens,Animalia,Insecta,Diptera,Syrphidae,Cheilosia,chalybescens,Achiasmatic,Achiasmatic,Heterogametic,XY,12
Animalia|Insecta|Diptera|Syrphidae|Cheilosia|derasa,derasa,Animalia,Insecta,Diptera,Syrphidae,Cheilosia,derasa,Achiasmatic,Achiasmatic,Heterogametic,XY,12
Animalia|Insecta|Diptera|Syrphidae|Cheilosia|frontosa,frontosa,Animalia,Insecta,Diptera,Syrphidae,Cheilosia,frontosa,Achiasmatic,Achiasmatic,Heterogametic,XY,10
Animalia|Insecta|Diptera|Syrphidae|Cheilosia|illustrata,illustrata,Animalia,Insecta,Diptera,Syrphidae,Cheilosia,illustrata,Achiasmatic,Achiasmatic,Heterogametic,XY,12
Animalia|Insecta|Diptera|Syrphidae|Cheilosia|impressa,impressa,Animalia,Insecta,Diptera,Syrphidae,Cheilosia,impressa,Achiasmatic,Achiasmatic,Heterogametic,XY,12
Animalia|Insecta|Diptera|Syrphidae|Cheilosia|longula,longula,Animalia,Insecta,Diptera,Syrphidae,Cheilosia,longula,Achiasmatic,Achiasmatic,Heterogametic,NA,10
Animalia|Insecta|Diptera|Syrphidae|Cheilosia|montana,montana,Animalia,Insecta,Diptera,Syrphidae,Cheilosia,montana,Achiasmatic,Achiasmatic,Heterogametic,NA,12
Animalia|Insecta|Diptera|Syrphidae|Cheilosia|pagana,pagana,Animalia,Insecta,Diptera,Syrphidae,Cheilosia,pagana,Achiasmatic,Achiasmatic,Heterogametic,XY,12
Animalia|Insecta|Diptera|Syrphidae|Cheilosia|pallipes,pallipes,Animalia,Insecta,Diptera,Syrphidae,Cheilosia,pallipes,Achiasmatic,Achiasmatic,Heterogametic,XY,10
Animalia|Insecta|Diptera|Syrphidae|Cheilosia|plutonia,plutonia,Animalia,Insecta,Diptera,Syrphidae,Cheilosia,plutonia,Achiasmatic,Achiasmatic,Heterogametic,XY,12
Animalia|Insecta|Diptera|Syrphidae|Cheilosia|scutellata,scutellata,Animalia,Insecta,Diptera,Syrphidae,Cheilosia,scutellata,Achiasmatic,Achiasmatic,Heterogametic,XY,10
Animalia|Insecta|Diptera|Syrphidae|Cheilosia|soror,soror,Animalia,Insecta,Diptera,Syrphidae,Cheilosia,soror,Achiasmatic,Achiasmatic,Heterogametic,XY,10
Animalia|Insecta|Diptera|Syrphidae|Cheilosia|sp.1,sp.1,Animalia,Insecta,Diptera,Syrphidae,Cheilosia,sp.1,Achiasmatic,Achiasmatic,Heterogametic,XY,10
Animalia|Insecta|Diptera|Syrphidae|Cheilosia|sp.Nr.Frontalis,sp.Nr.Frontalis,Animalia,Insecta,Diptera,Syrphidae,Cheilosia,sp.Nr.Frontalis,Achiasmatic,Achiasmatic,Heterogametic,XY,12
Animalia|Insecta|Diptera|Syrphidae|Cheilosia|tristis,tristis,Animalia,Insecta,Diptera,Syrphidae,Cheilosia,tristis,Achiasmatic,Achiasmatic,Heterogametic,XY,8
Animalia|Insecta|Diptera|Syrphidae|Cheilosia|variabilis,variabilis,Animalia,Insecta,Diptera,Syrphidae,Cheilosia,variabilis,Achiasmatic,Achiasmatic,Heterogametic,XY,12
Animalia|Insecta|Diptera|Syrphidae|Cheilosia|vernalis,vernalis,Animalia,Insecta,Diptera,Syrphidae,Cheilosia,vernalis,Achiasmatic,Achiasmatic,Heterogametic,XY,10
Animalia|Insecta|Diptera|Syrphidae|Cheilosia|vulpina,vulpina,Animalia,Insecta,Diptera,Syrphidae,Cheilosia,vulpina,Achiasmatic,Achiasmatic,Heterogametic,XY,12
Animalia|Insecta|Diptera|Syrphidae|Chrysogaster|hirtella,hirtella,Animalia,Insecta,Diptera,Syrphidae,Chrysogaster,hirtella,Achiasmatic,Achiasmatic,Heterogametic,XY,12
Animalia|Insecta|Diptera|Syrphidae|Chrysogaster|metallina,metallina,Animalia,Insecta,Diptera,Syrphidae,Chrysogaster,metallina,Achiasmatic,Achiasmatic,Heterogametic,XY,12
Animalia|Insecta|Diptera|Syrphidae|Chrysogaster|nigrovittata,nigrovittata,Animalia,Insecta,Diptera,Syrphidae,Chrysogaster,nigrovittata,Achiasmatic,Achiasmatic,Heterogametic,XY,12
Animalia|Insecta|Diptera|Syrphidae|Chrysogaster|nitida,nitida,Animalia,Insecta,Diptera,Syrphidae,Chrysogaster,nitida,Achiasmatic,Achiasmatic,Heterogametic,NA,10
Animalia|Insecta|Diptera|Syrphidae|Chrysogaster|nobilis,nobilis,Animalia,Insecta,Diptera,Syrphidae,Chrysogaster,nobilis,Achiasmatic,Achiasmatic,Heterogametic,XY,10
Animalia|Insecta|Diptera|Syrphidae|Chrysogaster|parva,parva,Animalia,Insecta,Diptera,Syrphidae,Chrysogaster,parva,Achiasmatic,Achiasmatic,Heterogametic,XY,10
Animalia|Insecta|Diptera|Syrphidae|Chrysogaster|poecilophthalma,poecilophthalma,Animalia,Insecta,Diptera,Syrphidae,Chrysogaster,poecilophthalma,Achiasmatic,Achiasmatic,Heterogametic,NA,8
Animalia|Insecta|Diptera|Syrphidae|Chrysogaster|pulchella,pulchella,Animalia,Insecta,Diptera,Syrphidae,Chrysogaster,pulchella,Achiasmatic,Achiasmatic,Heterogametic,XY,8
Animalia|Insecta|Diptera|Syrphidae|Chrysogaster|solstitialis,solstitialis,Animalia,Insecta,Diptera,Syrphidae,Chrysogaster,solstitialis,Achiasmatic,Achiasmatic,Heterogametic,XY,12
Animalia|Insecta|Diptera|Syrphidae|Chrysogaster|splendens,splendens,Animalia,Insecta,Diptera,Syrphidae,Chrysogaster,splendens,Achiasmatic,Achiasmatic,Heterogametic,XY,12
Animalia|Insecta|Diptera|Syrphidae|Chrysogaster|splendida,splendida,Animalia,Insecta,Diptera,Syrphidae,Chrysogaster,splendida,Achiasmatic,Achiasmatic,Heterogametic,XY,12
Animalia|Insecta|Diptera|Syrphidae|Chrysogaster|splendita,splendita,Animalia,Insecta,Diptera,Syrphidae,Chrysogaster,splendita,Achiasmatic,Achiasmatic,Heterogametic,XY,12
Animalia|Insecta|Diptera|Syrphidae|Chrysogaster|viduata,viduata,Animalia,Insecta,Diptera,Syrphidae,Chrysogaster,viduata,Achiasmatic,Achiasmatic,Heterogametic,XY,12
Animalia|Insecta|Diptera|Syrphidae|Chrysotoxum|arcuatum,arcuatum,Animalia,Insecta,Diptera,Syrphidae,Chrysotoxum,arcuatum,Achiasmatic,Achiasmatic,Heterogametic,XY,10
Animalia|Insecta|Diptera|Syrphidae|Chrysotoxum|bicinctum,bicinctum,Animalia,Insecta,Diptera,Syrphidae,Chrysotoxum,bicinctum,Achiasmatic,Achiasmatic,Heterogametic,XY,10
Animalia|Insecta|Diptera|Syrphidae|Chrysotoxum|cautum,cautum,Animalia,Insecta,Diptera,Syrphidae,Chrysotoxum,cautum,Achiasmatic,Achiasmatic,Heterogametic,NA,10
Animalia|Insecta|Diptera|Syrphidae|Chrysotoxum|continuum,continuum,Animalia,Insecta,Diptera,Syrphidae,Chrysotoxum,continuum,Achiasmatic,Achiasmatic,Heterogametic,XY,10
Animalia|Insecta|Diptera|Syrphidae|Chrysotoxum|derivatum,derivatum,Animalia,Insecta,Diptera,Syrphidae,Chrysotoxum,derivatum,Achiasmatic,Achiasmatic,Heterogametic,XY,10
Animalia|Insecta|Diptera|Syrphidae|Chrysotoxum|elegans,elegans,Animalia,Insecta,Diptera,Syrphidae,Chrysotoxum,elegans,Achiasmatic,Achiasmatic,Heterogametic,NA,10
Animalia|Insecta|Diptera|Syrphidae|Chrysotoxum|fascilatum,fascilatum,Animalia,Insecta,Diptera,Syrphidae,Chrysotoxum,fascilatum,Achiasmatic,Achiasmatic,Heterogametic,XY,10
Animalia|Insecta|Diptera|Syrphidae|Chrysotoxum|festivum,festivum,Animalia,Insecta,Diptera,Syrphidae,Chrysotoxum,festivum,Achiasmatic,Achiasmatic,Heterogametic,XY,10
Animalia|Insecta|Diptera|Syrphidae|Chrysotoxum|intermedium,intermedium,Animalia,Insecta,Diptera,Syrphidae,Chrysotoxum,intermedium,Achiasmatic,Achiasmatic,Heterogametic,XY,10
Animalia|Insecta|Diptera|Syrphidae|Chrysotoxum|latifasciatum,latifasciatum,Animalia,Insecta,Diptera,Syrphidae,Chrysotoxum,latifasciatum,Achiasmatic,Achiasmatic,Heterogametic,XY,10
Animalia|Insecta|Diptera|Syrphidae|Chrysotoxum|latilimbatum,latilimbatum,Animalia,Insecta,Diptera,Syrphidae,Chrysotoxum,latilimbatum,Achiasmatic,Achiasmatic,Heterogametic,XY,10
Animalia|Insecta|Diptera|Syrphidae|Chrysotoxum|lessonae,lessonae,Animalia,Insecta,Diptera,Syrphidae,Chrysotoxum,lessonae,Achiasmatic,Achiasmatic,Heterogametic,XY,10
Animalia|Insecta|Diptera|Syrphidae|Chrysotoxum|octomaculatum,octomaculatum,Animalia,Insecta,Diptera,Syrphidae,Chrysotoxum,octomaculatum,Achiasmatic,Achiasmatic,Heterogametic,XY,10
Animalia|Insecta|Diptera|Syrphidae|Chrysotoxum|parmense,parmense,Animalia,Insecta,Diptera,Syrphidae,Chrysotoxum,parmense,Achiasmatic,Achiasmatic,Heterogametic,XY,10
Animalia|Insecta|Diptera|Syrphidae|Chrysotoxum|testaceum,testaceum,Animalia,Insecta,Diptera,Syrphidae,Chrysotoxum,testaceum,Achiasmatic,Achiasmatic,Heterogametic,XY,10
Animalia|Insecta|Diptera|Syrphidae|Chrysotoxum|ventricosum,ventricosum,Animalia,Insecta,Diptera,Syrphidae,Chrysotoxum,ventricosum,Achiasmatic,Achiasmatic,Heterogametic,XY,10
Animalia|Insecta|Diptera|Syrphidae|Chrysotoxum|verralli,verralli,Animalia,Insecta,Diptera,Syrphidae,Chrysotoxum,verralli,Achiasmatic,Achiasmatic,Heterogametic,XY,10
Animalia|Insecta|Diptera|Syrphidae|Citrogramma|circumdatum,circumdatum,Animalia,Insecta,Diptera,Syrphidae,Citrogramma,circumdatum,Achiasmatic,Achiasmatic,Heterogametic,XY,8
Animalia|Insecta|Diptera|Syrphidae|Citrogramma|sp.B,sp.B,Animalia,Insecta,Diptera,Syrphidae,Citrogramma,sp.B,Achiasmatic,Achiasmatic,Heterogametic,XY,8
Animalia|Insecta|Diptera|Syrphidae|Citrogramma|sp.C,sp.C,Animalia,Insecta,Diptera,Syrphidae,Citrogramma,sp.C,Achiasmatic,Achiasmatic,Heterogametic,XY,8
Animalia|Insecta|Diptera|Syrphidae|Citrogramma|sp.D,sp.D,Animalia,Insecta,Diptera,Syrphidae,Citrogramma,sp.D,Achiasmatic,Achiasmatic,Heterogametic,XY,8
Animalia|Insecta|Diptera|Syrphidae|Cnemodon|latitarsis,latitarsis,Animalia,Insecta,Diptera,Syrphidae,Cnemodon,latitarsis,Achiasmatic,Achiasmatic,Heterogametic,XY,8
Animalia|Insecta|Diptera|Syrphidae|Copestylum|belinda,belinda,Animalia,Insecta,Diptera,Syrphidae,Copestylum,belinda,Achiasmatic,Achiasmatic,Heterogametic,XY,12
Animalia|Insecta|Diptera|Syrphidae|Copestylum|dispar,dispar,Animalia,Insecta,Diptera,Syrphidae,Copestylum,dispar,Achiasmatic,Achiasmatic,Heterogametic,XY,14
Animalia|Insecta|Diptera|Syrphidae|Copestylum|limbipenne,limbipenne,Animalia,Insecta,Diptera,Syrphidae,Copestylum,limbipenne,Achiasmatic,Achiasmatic,Heterogametic,XY,12
Animalia|Insecta|Diptera|Syrphidae|Copestylum|marginatum,marginatum,Animalia,Insecta,Diptera,Syrphidae,Copestylum,marginatum,Achiasmatic,Achiasmatic,Heterogametic,XY,12
Animalia|Insecta|Diptera|Syrphidae|Copestylum|mexicanum,mexicanum,Animalia,Insecta,Diptera,Syrphidae,Copestylum,mexicanum,Achiasmatic,Achiasmatic,Heterogametic,XY,12
Animalia|Insecta|Diptera|Syrphidae|Copestylum|omochroma,omochroma,Animalia,Insecta,Diptera,Syrphidae,Copestylum,omochroma,Achiasmatic,Achiasmatic,Heterogametic,XY,12
Animalia|Insecta|Diptera|Syrphidae|Copestylum|scutellatum,scutellatum,Animalia,Insecta,Diptera,Syrphidae,Copestylum,scutellatum,Achiasmatic,Achiasmatic,Heterogametic,XY,12
Animalia|Insecta|Diptera|Syrphidae|Copestylum|sp.1,sp.1,Animalia,Insecta,Diptera,Syrphidae,Copestylum,sp.1,Achiasmatic,Achiasmatic,Heterogametic,XY,12
Animalia|Insecta|Diptera|Syrphidae|Copestylum|sp.12,sp.12,Animalia,Insecta,Diptera,Syrphidae,Copestylum,sp.12,Achiasmatic,Achiasmatic,Heterogametic,XY,12
Animalia|Insecta|Diptera|Syrphidae|Copestylum|sp.13,sp.13,Animalia,Insecta,Diptera,Syrphidae,Copestylum,sp.13,Achiasmatic,Achiasmatic,Heterogametic,XY,10
Animalia|Insecta|Diptera|Syrphidae|Copestylum|sp.14,sp.14,Animalia,Insecta,Diptera,Syrphidae,Copestylum,sp.14,Achiasmatic,Achiasmatic,Heterogametic,XY,10
Animalia|Insecta|Diptera|Syrphidae|Copestylum|sp.15,sp.15,Animalia,Insecta,Diptera,Syrphidae,Copestylum,sp.15,Achiasmatic,Achiasmatic,Heterogametic,XY,12
Animalia|Insecta|Diptera|Syrphidae|Copestylum|tamaulipanum,tamaulipanum,Animalia,Insecta,Diptera,Syrphidae,Copestylum,tamaulipanum,Achiasmatic,Achiasmatic,Heterogametic,XY,12
Animalia|Insecta|Diptera|Syrphidae|Criorhina|asilica,asilica,Animalia,Insecta,Diptera,Syrphidae,Criorhina,asilica,Achiasmatic,Achiasmatic,Heterogametic,XY,12
Animalia|Insecta|Diptera|Syrphidae|Criorhina|berberina,berberina,Animalia,Insecta,Diptera,Syrphidae,Criorhina,berberina,Achiasmatic,Achiasmatic,Heterogametic,XY,8
Animalia|Insecta|Diptera|Syrphidae|Criorhina|caudata,caudata,Animalia,Insecta,Diptera,Syrphidae,Criorhina,caudata,Achiasmatic,Achiasmatic,Heterogametic,XY,12
Animalia|Insecta|Diptera|Syrphidae|Criorhina|coquilletti,coquilletti,Animalia,Insecta,Diptera,Syrphidae,Criorhina,coquilletti,Achiasmatic,Achiasmatic,Heterogametic,XY,12
Animalia|Insecta|Diptera|Syrphidae|Criorhina|luna,luna,Animalia,Insecta,Diptera,Syrphidae,Criorhina,luna,Achiasmatic,Achiasmatic,Heterogametic,XY,12
Animalia|Insecta|Diptera|Syrphidae|Criorhina|pachymera,pachymera,Animalia,Insecta,Diptera,Syrphidae,Criorhina,pachymera,Achiasmatic,Achiasmatic,Heterogametic,XY,8
Animalia|Insecta|Diptera|Syrphidae|Criorhina|tricolor,tricolor,Animalia,Insecta,Diptera,Syrphidae,Criorhina,tricolor,Achiasmatic,Achiasmatic,Heterogametic,XY,12
Animalia|Insecta|Diptera|Syrphidae|Cynorhinella|bella,bella,Animalia,Insecta,Diptera,Syrphidae,Cynorhinella,bella,Achiasmatic,Achiasmatic,Heterogametic,XY,12
Animalia|Insecta|Diptera|Syrphidae|Dasysyrphus|albostriatus,albostriatus,Animalia,Insecta,Diptera,Syrphidae,Dasysyrphus,albostriatus,Achiasmatic,Achiasmatic,Heterogametic,XY,10
Animalia|Insecta|Diptera|Syrphidae|Dasysyrphus|amalopis,amalopis,Animalia,Insecta,Diptera,Syrphidae,Dasysyrphus,amalopis,Achiasmatic,Achiasmatic,Heterogametic,XY,10
Animalia|Insecta|Diptera|Syrphidae|Dasysyrphus|arcuatus,arcuatus,Animalia,Insecta,Diptera,Syrphidae,Dasysyrphus,arcuatus,Achiasmatic,Achiasmatic,Heterogametic,XY,10
Animalia|Insecta|Diptera|Syrphidae|Dasysyrphus|lunulatus,lunulatus,Animalia,Insecta,Diptera,Syrphidae,Dasysyrphus,lunulatus,Achiasmatic,Achiasmatic,Heterogametic,XY,10
Animalia|Insecta|Diptera|Syrphidae|Dasysyrphus|sp.,sp.,Animalia,Insecta,Diptera,Syrphidae,Dasysyrphus,sp.,Achiasmatic,Achiasmatic,Heterogametic,XY,10
Animalia|Insecta|Diptera|Syrphidae|Dasysyrphus|sp.A,sp.A,Animalia,Insecta,Diptera,Syrphidae,Dasysyrphus,sp.A,Achiasmatic,Achiasmatic,Heterogametic,XY,10
Animalia|Insecta|Diptera|Syrphidae|Dasysyrphus|sp.A1,sp.A1,Animalia,Insecta,Diptera,Syrphidae,Dasysyrphus,sp.A1,Achiasmatic,Achiasmatic,Heterogametic,XY,10
Animalia|Insecta|Diptera|Syrphidae|Dasysyrphus|sp.B1,sp.B1,Animalia,Insecta,Diptera,Syrphidae,Dasysyrphus,sp.B1,Achiasmatic,Achiasmatic,Heterogametic,XY,10
Animalia|Insecta|Diptera|Syrphidae|Dasysyrphus|sp.C1,sp.C1,Animalia,Insecta,Diptera,Syrphidae,Dasysyrphus,sp.C1,Achiasmatic,Achiasmatic,Heterogametic,XY,10
Animalia|Insecta|Diptera|Syrphidae|Dasysyrphus|sp.venustusgrp,sp.venustusgrp,Animalia,Insecta,Diptera,Syrphidae,Dasysyrphus,sp.venustusgrp,Achiasmatic,Achiasmatic,Heterogametic,XY,10
Animalia|Insecta|Diptera|Syrphidae|Dasysyrphus|tricinctus,tricinctus,Animalia,Insecta,Diptera,Syrphidae,Dasysyrphus,tricinctus,Achiasmatic,Achiasmatic,Heterogametic,XY,10
Animalia|Insecta|Diptera|Syrphidae|Dasysyrphus|venustus,venustus,Animalia,Insecta,Diptera,Syrphidae,Dasysyrphus,venustus,Achiasmatic,Achiasmatic,Heterogametic,XY,10
Animalia|Insecta|Diptera|Syrphidae|Didea|alneti,alneti,Animalia,Insecta,Diptera,Syrphidae,Didea,alneti,Achiasmatic,Achiasmatic,Heterogametic,XY,8
Animalia|Insecta|Diptera|Syrphidae|Didea|fasciata,fasciata,Animalia,Insecta,Diptera,Syrphidae,Didea,fasciata,Achiasmatic,Achiasmatic,Heterogametic,XY,10
Animalia|Insecta|Diptera|Syrphidae|Didea|fuscipes,fuscipes,Animalia,Insecta,Diptera,Syrphidae,Didea,fuscipes,Achiasmatic,Achiasmatic,Heterogametic,XY,8
Animalia|Insecta|Diptera|Syrphidae|Didea|intermedia,intermedia,Animalia,Insecta,Diptera,Syrphidae,Didea,intermedia,Achiasmatic,Achiasmatic,Heterogametic,XY,10
Animalia|Insecta|Diptera|Syrphidae|Didea|laxa,laxa,Animalia,Insecta,Diptera,Syrphidae,Didea,laxa,Achiasmatic,Achiasmatic,Heterogametic,XY,10
Animalia|Insecta|Diptera|Syrphidae|Dideoides|latus,latus,Animalia,Insecta,Diptera,Syrphidae,Dideoides,latus,Achiasmatic,Achiasmatic,Heterogametic,NA,8
Animalia|Insecta|Diptera|Syrphidae|Dissoptera|sp.,sp.,Animalia,Insecta,Diptera,Syrphidae,Dissoptera,sp.,Achiasmatic,Achiasmatic,Heterogametic,XY,10
Animalia|Insecta|Diptera|Syrphidae|Doros|aequalis,aequalis,Animalia,Insecta,Diptera,Syrphidae,Doros,aequalis,Achiasmatic,Achiasmatic,Heterogametic,NA,10
Animalia|Insecta|Diptera|Syrphidae|Doros|conopseus,conopseus,Animalia,Insecta,Diptera,Syrphidae,Doros,conopseus,Achiasmatic,Achiasmatic,Heterogametic,XY,10
Animalia|Insecta|Diptera|Syrphidae|Epistrophe|eligans,eligans,Animalia,Insecta,Diptera,Syrphidae,Epistrophe,eligans,Achiasmatic,Achiasmatic,Heterogametic,XY,10
Animalia|Insecta|Diptera|Syrphidae|Epistrophe|emarginata,emarginata,Animalia,Insecta,Diptera,Syrphidae,Epistrophe,emarginata,Achiasmatic,Achiasmatic,Heterogametic,NA,10
Animalia|Insecta|Diptera|Syrphidae|Epistrophe|grossulariae,grossulariae,Animalia,Insecta,Diptera,Syrphidae,Epistrophe,grossulariae,Achiasmatic,Achiasmatic,Heterogametic,XY,10
Animalia|Insecta|Diptera|Syrphidae|Epistrophe|melanostomoides,melanostomoides,Animalia,Insecta,Diptera,Syrphidae,Epistrophe,melanostomoides,Achiasmatic,Achiasmatic,Heterogametic,NA,10
Animalia|Insecta|Diptera|Syrphidae|Epistrophe|metcalfi,metcalfi,Animalia,Insecta,Diptera,Syrphidae,Epistrophe,metcalfi,Achiasmatic,Achiasmatic,Heterogametic,XY,10
Animalia|Insecta|Diptera|Syrphidae|Epistrophe|nitidicollis,nitidicollis,Animalia,Insecta,Diptera,Syrphidae,Epistrophe,nitidicollis,Achiasmatic,Achiasmatic,Heterogametic,XY,10
Animalia|Insecta|Diptera|Syrphidae|Episyrphus|arcifer,arcifer,Animalia,Insecta,Diptera,Syrphidae,Episyrphus,arcifer,Achiasmatic,Achiasmatic,Heterogametic,XY,10
Animalia|Insecta|Diptera|Syrphidae|Episyrphus|balteatus,balteatus,Animalia,Insecta,Diptera,Syrphidae,Episyrphus,balteatus,Achiasmatic,Achiasmatic,Heterogametic,XY,10
Animalia|Insecta|Diptera|Syrphidae|Episyrphus|circularis,circularis,Animalia,Insecta,Diptera,Syrphidae,Episyrphus,circularis,Achiasmatic,Achiasmatic,Heterogametic,XY,10
Animalia|Insecta|Diptera|Syrphidae|Episyrphus|nectarinus,nectarinus,Animalia,Insecta,Diptera,Syrphidae,Episyrphus,nectarinus,Achiasmatic,Achiasmatic,Heterogametic,XY,10
Animalia|Insecta|Diptera|Syrphidae|Episyrphus|sp.BA,sp.BA,Animalia,Insecta,Diptera,Syrphidae,Episyrphus,sp.BA,Achiasmatic,Achiasmatic,Heterogametic,XY,10
Animalia|Insecta|Diptera|Syrphidae|Episyrphus|sp.CA,sp.CA,Animalia,Insecta,Diptera,Syrphidae,Episyrphus,sp.CA,Achiasmatic,Achiasmatic,Heterogametic,XY,10
Animalia|Insecta|Diptera|Syrphidae|Episyrphus|sp.DP,sp.DP,Animalia,Insecta,Diptera,Syrphidae,Episyrphus,sp.DP,Achiasmatic,Achiasmatic,Heterogametic,XY,10
Animalia|Insecta|Diptera|Syrphidae|Episyrphus|sp.ET,sp.ET,Animalia,Insecta,Diptera,Syrphidae,Episyrphus,sp.ET,Achiasmatic,Achiasmatic,Heterogametic,XY,10
Animalia|Insecta|Diptera|Syrphidae|Episyrphus|sp.FJ,sp.FJ,Animalia,Insecta,Diptera,Syrphidae,Episyrphus,sp.FJ,Achiasmatic,Achiasmatic,Heterogametic,XY,10
Animalia|Insecta|Diptera|Syrphidae|Episyrphus|trisectus,trisectus,Animalia,Insecta,Diptera,Syrphidae,Episyrphus,trisectus,Achiasmatic,Achiasmatic,Heterogametic,NA,10
Animalia|Insecta|Diptera|Syrphidae|Eristalinus|abusiva,abusiva,Animalia,Insecta,Diptera,Syrphidae,Eristalinus,abusiva,Achiasmatic,Achiasmatic,Heterogametic,XY,10
Animalia|Insecta|Diptera|Syrphidae|Eristalinus|aeneus,aeneus,Animalia,Insecta,Diptera,Syrphidae,Eristalinus,aeneus,Achiasmatic,Achiasmatic,Heterogametic,XY,12
Animalia|Insecta|Diptera|Syrphidae|Eristalinus|anthophorina,anthophorina,Animalia,Insecta,Diptera,Syrphidae,Eristalinus,anthophorina,Achiasmatic,Achiasmatic,Heterogametic,XY,12
Animalia|Insecta|Diptera|Syrphidae|Eristalinus|arbustorum,arbustorum,Animalia,Insecta,Diptera,Syrphidae,Eristalinus,arbustorum,Achiasmatic,Achiasmatic,Heterogametic,XY,10
Animalia|Insecta|Diptera|Syrphidae|Eristalinus|arvorum,arvorum,Animalia,Insecta,Diptera,Syrphidae,Eristalinus,arvorum,Achiasmatic,Achiasmatic,Heterogametic,XY,12
Animalia|Insecta|Diptera|Syrphidae|Eristalinus|barda,barda,Animalia,Insecta,Diptera,Syrphidae,Eristalinus,barda,Achiasmatic,Achiasmatic,Heterogametic,XY,12
Animalia|Insecta|Diptera|Syrphidae|Eristalinus|bastardii,bastardii,Animalia,Insecta,Diptera,Syrphidae,Eristalinus,bastardii,Achiasmatic,Achiasmatic,Heterogametic,NA,12
Animalia|Insecta|Diptera|Syrphidae|Eristalinus|bellardii,bellardii,Animalia,Insecta,Diptera,Syrphidae,Eristalinus,bellardii,Achiasmatic,Achiasmatic,Heterogametic,XY,12
Animalia|Insecta|Diptera|Syrphidae|Eristalinus|cerealis,cerealis,Animalia,Insecta,Diptera,Syrphidae,Eristalinus,cerealis,Achiasmatic,Achiasmatic,Heterogametic,XY,12
Animalia|Insecta|Diptera|Syrphidae|Eristalinus|cressoni,cressoni,Animalia,Insecta,Diptera,Syrphidae,Eristalinus,cressoni,Achiasmatic,Achiasmatic,Heterogametic,XY,12
Animalia|Insecta|Diptera|Syrphidae|Eristalinus|dimidiata,dimidiata,Animalia,Insecta,Diptera,Syrphidae,Eristalinus,dimidiata,Achiasmatic,Achiasmatic,Heterogametic,XY,12
Animalia|Insecta|Diptera|Syrphidae|Eristalinus|gymnops,gymnops,Animalia,Insecta,Diptera,Syrphidae,Eristalinus,gymnops,Achiasmatic,Achiasmatic,Heterogametic,XY,10
Animalia|Insecta|Diptera|Syrphidae|Eristalinus|hirta,hirta,Animalia,Insecta,Diptera,Syrphidae,Eristalinus,hirta,Achiasmatic,Achiasmatic,Heterogametic,XY,12
Animalia|Insecta|Diptera|Syrphidae|Eristalinus|horticola,horticola,Animalia,Insecta,Diptera,Syrphidae,Eristalinus,horticola,Achiasmatic,Achiasmatic,Heterogametic,XY,12
Animalia|Insecta|Diptera|Syrphidae|Eristalinus|intricaria,intricaria,Animalia,Insecta,Diptera,Syrphidae,Eristalinus,intricaria,Achiasmatic,Achiasmatic,Heterogametic,XY,12
Animalia|Insecta|Diptera|Syrphidae|Eristalinus|intricarius,intricarius,Animalia,Insecta,Diptera,Syrphidae,Eristalinus,intricarius,Achiasmatic,Achiasmatic,Heterogametic,XY,12
Animalia|Insecta|Diptera|Syrphidae|Eristalinus|jugorum,jugorum,Animalia,Insecta,Diptera,Syrphidae,Eristalinus,jugorum,Achiasmatic,Achiasmatic,Heterogametic,XY,12
Animalia|Insecta|Diptera|Syrphidae|Eristalinus|laetus,laetus,Animalia,Insecta,Diptera,Syrphidae,Eristalinus,laetus,Achiasmatic,Achiasmatic,Heterogametic,XY,12
Animalia|Insecta|Diptera|Syrphidae|Eristalinus|lineifacies,lineifacies,Animalia,Insecta,Diptera,Syrphidae,Eristalinus,lineifacies,Achiasmatic,Achiasmatic,Heterogametic,XY,12
Animalia|Insecta|Diptera|Syrphidae|Eristalinus|lugens,lugens,Animalia,Insecta,Diptera,Syrphidae,Eristalinus,lugens,Achiasmatic,Achiasmatic,Heterogametic,XY,12
Animalia|Insecta|Diptera|Syrphidae|Eristalinus|madagascariensis,madagascariensis,Animalia,Insecta,Diptera,Syrphidae,Eristalinus,madagascariensis,Achiasmatic,Achiasmatic,Heterogametic,XY,12
Animalia|Insecta|Diptera|Syrphidae|Eristalinus|nemorum,nemorum,Animalia,Insecta,Diptera,Syrphidae,Eristalinus,nemorum,Achiasmatic,Achiasmatic,Heterogametic,XY,12
Animalia|Insecta|Diptera|Syrphidae|Eristalinus|obscura,obscura,Animalia,Insecta,Diptera,Syrphidae,Eristalinus,obscura,Achiasmatic,Achiasmatic,Heterogametic,XY,12
Animalia|Insecta|Diptera|Syrphidae|Eristalinus|paria,paria,Animalia,Insecta,Diptera,Syrphidae,Eristalinus,paria,Achiasmatic,Achiasmatic,Heterogametic,XY,12
Animalia|Insecta|Diptera|Syrphidae|Eristalinus|pertinax,pertinax,Animalia,Insecta,Diptera,Syrphidae,Eristalinus,pertinax,Achiasmatic,Achiasmatic,Heterogametic,XY,12
Animalia|Insecta|Diptera|Syrphidae|Eristalinus|pexalis,pexalis,Animalia,Insecta,Diptera,Syrphidae,Eristalinus,pexalis,Achiasmatic,Achiasmatic,Heterogametic,XY,12
Animalia|Insecta|Diptera|Syrphidae|Eristalinus|pratorum,pratorum,Animalia,Insecta,Diptera,Syrphidae,Eristalinus,pratorum,Achiasmatic,Achiasmatic,Heterogametic,XY,12
Animalia|Insecta|Diptera|Syrphidae|Eristalinus|punctulatus,punctulatus,Animalia,Insecta,Diptera,Syrphidae,Eristalinus,punctulatus,Achiasmatic,Achiasmatic,Heterogametic,NA,12
Animalia|Insecta|Diptera|Syrphidae|Eristalinus|quinquelineatus,quinquelineatus,Animalia,Insecta,Diptera,Syrphidae,Eristalinus,quinquelineatus,Achiasmatic,Achiasmatic,Heterogametic,XY,12
Animalia|Insecta|Diptera|Syrphidae|Eristalinus|rupium,rupium,Animalia,Insecta,Diptera,Syrphidae,Eristalinus,rupium,Achiasmatic,Achiasmatic,Heterogametic,XY,12
Animalia|Insecta|Diptera|Syrphidae|Eristalinus|saxorum,saxorum,Animalia,Insecta,Diptera,Syrphidae,Eristalinus,saxorum,Achiasmatic,Achiasmatic,Heterogametic,XY,12
Animalia|Insecta|Diptera|Syrphidae|Eristalinus|sepulchralis,sepulchralis,Animalia,Insecta,Diptera,Syrphidae,Eristalinus,sepulchralis,Achiasmatic,Achiasmatic,Heterogametic,XY,12
Animalia|Insecta|Diptera|Syrphidae|Eristalinus|sp.3,sp.3,Animalia,Insecta,Diptera,Syrphidae,Eristalinus,sp.3,Achiasmatic,Achiasmatic,Heterogametic,XY,12
Animalia|Insecta|Diptera|Syrphidae|Eristalinus|sp.4,sp.4,Animalia,Insecta,Diptera,Syrphidae,Eristalinus,sp.4,Achiasmatic,Achiasmatic,Heterogametic,XY,12
Animalia|Insecta|Diptera|Syrphidae|Eristalinus|sp.5,sp.5,Animalia,Insecta,Diptera,Syrphidae,Eristalinus,sp.5,Achiasmatic,Achiasmatic,Heterogametic,XY,12
Animalia|Insecta|Diptera|Syrphidae|Eristalinus|supulcralis,supulcralis,Animalia,Insecta,Diptera,Syrphidae,Eristalinus,supulcralis,Achiasmatic,Achiasmatic,Heterogametic,XY,12
Animalia|Insecta|Diptera|Syrphidae|Eristalinus|taeniops,taeniops,Animalia,Insecta,Diptera,Syrphidae,Eristalinus,taeniops,Achiasmatic,Achiasmatic,Heterogametic,XY,12
Animalia|Insecta|Diptera|Syrphidae|Eristalinus|tarsalis,tarsalis,Animalia,Insecta,Diptera,Syrphidae,Eristalinus,tarsalis,Achiasmatic,Achiasmatic,Heterogametic,XY,12
Animalia|Insecta|Diptera|Syrphidae|Eristalinus|tenax,tenax,Animalia,Insecta,Diptera,Syrphidae,Eristalinus,tenax,Achiasmatic,Achiasmatic,Heterogametic,XY,12
Animalia|Insecta|Diptera|Syrphidae|Eristalinus|transversa,transversa,Animalia,Insecta,Diptera,Syrphidae,Eristalinus,transversa,Achiasmatic,Achiasmatic,Heterogametic,XY,14
Animalia|Insecta|Diptera|Syrphidae|Eumerus|amoenus,amoenus,Animalia,Insecta,Diptera,Syrphidae,Eumerus,amoenus,Achiasmatic,Achiasmatic,Heterogametic,XY,12
Animalia|Insecta|Diptera|Syrphidae|Eumerus|argyropus,argyropus,Animalia,Insecta,Diptera,Syrphidae,Eumerus,argyropus,Achiasmatic,Achiasmatic,Heterogametic,XY,12
Animalia|Insecta|Diptera|Syrphidae|Eumerus|aurifrons,aurifrons,Animalia,Insecta,Diptera,Syrphidae,Eumerus,aurifrons,Achiasmatic,Achiasmatic,Heterogametic,XY,12
Animalia|Insecta|Diptera|Syrphidae|Eumerus|figurans,figurans,Animalia,Insecta,Diptera,Syrphidae,Eumerus,figurans,Achiasmatic,Achiasmatic,Heterogametic,XY,12
Animalia|Insecta|Diptera|Syrphidae|Eumerus|n.sp.,n.sp.,Animalia,Insecta,Diptera,Syrphidae,Eumerus,n.sp.,Achiasmatic,Achiasmatic,Heterogametic,NA,12
Animalia|Insecta|Diptera|Syrphidae|Eumerus|nigrostriatus,nigrostriatus,Animalia,Insecta,Diptera,Syrphidae,Eumerus,nigrostriatus,Achiasmatic,Achiasmatic,Heterogametic,NA,12
Animalia|Insecta|Diptera|Syrphidae|Eumerus|obliquus,obliquus,Animalia,Insecta,Diptera,Syrphidae,Eumerus,obliquus,Achiasmatic,Achiasmatic,Heterogametic,XY,12
Animalia|Insecta|Diptera|Syrphidae|Eumerus|okinawaensis,okinawaensis,Animalia,Insecta,Diptera,Syrphidae,Eumerus,okinawaensis,Achiasmatic,Achiasmatic,Heterogametic,XY,12
Animalia|Insecta|Diptera|Syrphidae|Eumerus|olivaceus,olivaceus,Animalia,Insecta,Diptera,Syrphidae,Eumerus,olivaceus,Achiasmatic,Achiasmatic,Heterogametic,XY,12
Animalia|Insecta|Diptera|Syrphidae|Eumerus|pusillus,pusillus,Animalia,Insecta,Diptera,Syrphidae,Eumerus,pusillus,Achiasmatic,Achiasmatic,Heterogametic,XY,12
Animalia|Insecta|Diptera|Syrphidae|Eumerus|sp.,sp.,Animalia,Insecta,Diptera,Syrphidae,Eumerus,sp.,Achiasmatic,Achiasmatic,Heterogametic,XY,12
Animalia|Insecta|Diptera|Syrphidae|Eumerus|sp.19,sp.19,Animalia,Insecta,Diptera,Syrphidae,Eumerus,sp.19,Achiasmatic,Achiasmatic,Heterogametic,XY,12
Animalia|Insecta|Diptera|Syrphidae|Eumerus|strigatus,strigatus,Animalia,Insecta,Diptera,Syrphidae,Eumerus,strigatus,Achiasmatic,Achiasmatic,Heterogametic,XY,12
Animalia|Insecta|Diptera|Syrphidae|Eumerus|tuberculatus,tuberculatus,Animalia,Insecta,Diptera,Syrphidae,Eumerus,tuberculatus,Achiasmatic,Achiasmatic,Heterogametic,XY,12
Animalia|Insecta|Diptera|Syrphidae|Eumerus|uncipes,uncipes,Animalia,Insecta,Diptera,Syrphidae,Eumerus,uncipes,Achiasmatic,Achiasmatic,Heterogametic,NA,12
Animalia|Insecta|Diptera|Syrphidae|Eupeodes|volucris,volucris,Animalia,Insecta,Diptera,Syrphidae,Eupeodes,volucris,Achiasmatic,Achiasmatic,Heterogametic,XY,8
Animalia|Insecta|Diptera|Syrphidae|Exallandra|cinctifacies,cinctifacies,Animalia,Insecta,Diptera,Syrphidae,Exallandra,cinctifacies,Achiasmatic,Achiasmatic,Heterogametic,XY,8
Animalia|Insecta|Diptera|Syrphidae|Ferdinandea|croesus,croesus,Animalia,Insecta,Diptera,Syrphidae,Ferdinandea,croesus,Achiasmatic,Achiasmatic,Heterogametic,XY,10
Animalia|Insecta|Diptera|Syrphidae|Habromyia|lipoflava,lipoflava,Animalia,Insecta,Diptera,Syrphidae,Habromyia,lipoflava,Achiasmatic,Achiasmatic,Heterogametic,NA,10
Animalia|Insecta|Diptera|Syrphidae|Hadromyia|aldrichi,aldrichi,Animalia,Insecta,Diptera,Syrphidae,Hadromyia,aldrichi,Achiasmatic,Achiasmatic,Heterogametic,XY,10
Animalia|Insecta|Diptera|Syrphidae|Hadromyia|grandis,grandis,Animalia,Insecta,Diptera,Syrphidae,Hadromyia,grandis,Achiasmatic,Achiasmatic,Heterogametic,XY,10
Animalia|Insecta|Diptera|Syrphidae|Hadromyia|pulchra,pulchra,Animalia,Insecta,Diptera,Syrphidae,Hadromyia,pulchra,Achiasmatic,Achiasmatic,Heterogametic,XY,8
Animalia|Insecta|Diptera|Syrphidae|Helophilus|antipodus,antipodus,Animalia,Insecta,Diptera,Syrphidae,Helophilus,antipodus,Achiasmatic,Achiasmatic,Heterogametic,XY,12
Animalia|Insecta|Diptera|Syrphidae|Helophilus|fasciatus,fasciatus,Animalia,Insecta,Diptera,Syrphidae,Helophilus,fasciatus,Achiasmatic,Achiasmatic,Heterogametic,XY,12
Animalia|Insecta|Diptera|Syrphidae|Helophilus|hochstetteri,hochstetteri,Animalia,Insecta,Diptera,Syrphidae,Helophilus,hochstetteri,Achiasmatic,Achiasmatic,Heterogametic,XY,12
Animalia|Insecta|Diptera|Syrphidae|Helophilus|hybridus,hybridus,Animalia,Insecta,Diptera,Syrphidae,Helophilus,hybridus,Achiasmatic,Achiasmatic,Heterogametic,XY,12
Animalia|Insecta|Diptera|Syrphidae|Helophilus|intentus,intentus,Animalia,Insecta,Diptera,Syrphidae,Helophilus,intentus,Achiasmatic,Achiasmatic,Heterogametic,XY,12
Animalia|Insecta|Diptera|Syrphidae|Helophilus|latrifrons,latrifrons,Animalia,Insecta,Diptera,Syrphidae,Helophilus,latrifrons,Achiasmatic,Achiasmatic,Heterogametic,XY,12
Animalia|Insecta|Diptera|Syrphidae|Helophilus|obscurus,obscurus,Animalia,Insecta,Diptera,Syrphidae,Helophilus,obscurus,Achiasmatic,Achiasmatic,Heterogametic,XY,12
Animalia|Insecta|Diptera|Syrphidae|Helophilus|pendulus,pendulus,Animalia,Insecta,Diptera,Syrphidae,Helophilus,pendulus,Achiasmatic,Achiasmatic,Heterogametic,XY,12
Animalia|Insecta|Diptera|Syrphidae|Helophilus|trivittatus,trivittatus,Animalia,Insecta,Diptera,Syrphidae,Helophilus,trivittatus,Achiasmatic,Achiasmatic,Heterogametic,XY,12
Animalia|Insecta|Diptera|Syrphidae|Hiatomyia|plutonia,plutonia,Animalia,Insecta,Diptera,Syrphidae,Hiatomyia,plutonia,Achiasmatic,Achiasmatic,Heterogametic,XY,10
Animalia|Insecta|Diptera|Syrphidae|Hiatomyia|sp.A,sp.A,Animalia,Insecta,Diptera,Syrphidae,Hiatomyia,sp.A,Achiasmatic,Achiasmatic,Heterogametic,XY,12
Animalia|Insecta|Diptera|Syrphidae|Hiatomyia|sp.B,sp.B,Animalia,Insecta,Diptera,Syrphidae,Hiatomyia,sp.B,Achiasmatic,Achiasmatic,Heterogametic,XY,12
Animalia|Insecta|Diptera|Syrphidae|Ischiodon|aegyptius,aegyptius,Animalia,Insecta,Diptera,Syrphidae,Ischiodon,aegyptius,Achiasmatic,Achiasmatic,Heterogametic,XY,10
Animalia|Insecta|Diptera|Syrphidae|Ischiodon|scutellaris,scutellaris,Animalia,Insecta,Diptera,Syrphidae,Ischiodon,scutellaris,Achiasmatic,Achiasmatic,Heterogametic,XY,10
Animalia|Insecta|Diptera|Syrphidae|Ischyrosyrphus|glaucius,glaucius,Animalia,Insecta,Diptera,Syrphidae,Ischyrosyrphus,glaucius,Achiasmatic,Achiasmatic,Heterogametic,XY,10
Animalia|Insecta|Diptera|Syrphidae|Ischyrosyrphus|laternarius,laternarius,Animalia,Insecta,Diptera,Syrphidae,Ischyrosyrphus,laternarius,Achiasmatic,Achiasmatic,Heterogametic,XY,10
Animalia|Insecta|Diptera|Syrphidae|Ischyrosyrphus|velutinus,velutinus,Animalia,Insecta,Diptera,Syrphidae,Ischyrosyrphus,velutinus,Achiasmatic,Achiasmatic,Heterogametic,XY,10
Animalia|Insecta|Diptera|Syrphidae|Lejops|arquatus,arquatus,Animalia,Insecta,Diptera,Syrphidae,Lejops,arquatus,Achiasmatic,Achiasmatic,Heterogametic,XY,12
Animalia|Insecta|Diptera|Syrphidae|Lejops|hamatus,hamatus,Animalia,Insecta,Diptera,Syrphidae,Lejops,hamatus,Achiasmatic,Achiasmatic,Heterogametic,NA,10
Animalia|Insecta|Diptera|Syrphidae|Lejops|lineatus,lineatus,Animalia,Insecta,Diptera,Syrphidae,Lejops,lineatus,Achiasmatic,Achiasmatic,Heterogametic,XY,12
Animalia|Insecta|Diptera|Syrphidae|Lejops|lunulatus,lunulatus,Animalia,Insecta,Diptera,Syrphidae,Lejops,lunulatus,Achiasmatic,Achiasmatic,Heterogametic,XY,10
Animalia|Insecta|Diptera|Syrphidae|Lejops|mexicanus,mexicanus,Animalia,Insecta,Diptera,Syrphidae,Lejops,mexicanus,Achiasmatic,Achiasmatic,Heterogametic,XY,12
Animalia|Insecta|Diptera|Syrphidae|Lejops|obsoletus,obsoletus,Animalia,Insecta,Diptera,Syrphidae,Lejops,obsoletus,Achiasmatic,Achiasmatic,Heterogametic,XY,14
Animalia|Insecta|Diptera|Syrphidae|Lejops|relictus,relictus,Animalia,Insecta,Diptera,Syrphidae,Lejops,relictus,Achiasmatic,Achiasmatic,Heterogametic,XY,10
Animalia|Insecta|Diptera|Syrphidae|Lejops|rex,rex,Animalia,Insecta,Diptera,Syrphidae,Lejops,rex,Achiasmatic,Achiasmatic,Heterogametic,XY,12
Animalia|Insecta|Diptera|Syrphidae|Lejops|sp.1,sp.1,Animalia,Insecta,Diptera,Syrphidae,Lejops,sp.1,Achiasmatic,Achiasmatic,Heterogametic,XY,10
Animalia|Insecta|Diptera|Syrphidae|Lejops|stipatus,stipatus,Animalia,Insecta,Diptera,Syrphidae,Lejops,stipatus,Achiasmatic,Achiasmatic,Heterogametic,XY,12
Animalia|Insecta|Diptera|Syrphidae|Lejops|transfugus,transfugus,Animalia,Insecta,Diptera,Syrphidae,Lejops,transfugus,Achiasmatic,Achiasmatic,Heterogametic,XY,12
Animalia|Insecta|Diptera|Syrphidae|Lejops|versicolor,versicolor,Animalia,Insecta,Diptera,Syrphidae,Lejops,versicolor,Achiasmatic,Achiasmatic,Heterogametic,XY,12
Animalia|Insecta|Diptera|Syrphidae|Lejota|cyanea,cyanea,Animalia,Insecta,Diptera,Syrphidae,Lejota,cyanea,Achiasmatic,Achiasmatic,Heterogametic,XY,12
Animalia|Insecta|Diptera|Syrphidae|Leucozona|lucorum,lucorum,Animalia,Insecta,Diptera,Syrphidae,Leucozona,lucorum,Achiasmatic,Achiasmatic,Heterogametic,XY,10
Animalia|Insecta|Diptera|Syrphidae|Mallota|bautias,bautias,Animalia,Insecta,Diptera,Syrphidae,Mallota,bautias,Achiasmatic,Achiasmatic,Heterogametic,NA,8
Animalia|Insecta|Diptera|Syrphidae|Mallota|cimbiciformis,cimbiciformis,Animalia,Insecta,Diptera,Syrphidae,Mallota,cimbiciformis,Achiasmatic,Achiasmatic,Heterogametic,NA,12
Animalia|Insecta|Diptera|Syrphidae|Mallota|margarita,margarita,Animalia,Insecta,Diptera,Syrphidae,Mallota,margarita,Achiasmatic,Achiasmatic,Heterogametic,XY,10
Animalia|Insecta|Diptera|Syrphidae|Mallota|posticata,posticata,Animalia,Insecta,Diptera,Syrphidae,Mallota,posticata,Achiasmatic,Achiasmatic,Heterogametic,XY,12
Animalia|Insecta|Diptera|Syrphidae|Mallota|sp.,sp.,Animalia,Insecta,Diptera,Syrphidae,Mallota,sp.,Achiasmatic,Achiasmatic,Heterogametic,NA,8
Animalia|Insecta|Diptera|Syrphidae|Mallota|takasagoensis,takasagoensis,Animalia,Insecta,Diptera,Syrphidae,Mallota,takasagoensis,Achiasmatic,Achiasmatic,Heterogametic,XY,12
Animalia|Insecta|Diptera|Syrphidae|Megasyrphus|annulipes,annulipes,Animalia,Insecta,Diptera,Syrphidae,Megasyrphus,annulipes,Achiasmatic,Achiasmatic,Heterogametic,XY,10
Animalia|Insecta|Diptera|Syrphidae|Megasyrphus|laxus,laxus,Animalia,Insecta,Diptera,Syrphidae,Megasyrphus,laxus,Achiasmatic,Achiasmatic,Heterogametic,XY,10
Animalia|Insecta|Diptera|Syrphidae|Melangyna|cincta,cincta,Animalia,Insecta,Diptera,Syrphidae,Melangyna,cincta,Achiasmatic,Achiasmatic,Heterogametic,XY,10
Animalia|Insecta|Diptera|Syrphidae|Melangyna|compositarum,compositarum,Animalia,Insecta,Diptera,Syrphidae,Melangyna,compositarum,Achiasmatic,Achiasmatic,Heterogametic,XY,10
Animalia|Insecta|Diptera|Syrphidae|Melangyna|garretti,garretti,Animalia,Insecta,Diptera,Syrphidae,Melangyna,garretti,Achiasmatic,Achiasmatic,Heterogametic,XY,10
Animalia|Insecta|Diptera|Syrphidae|Melangyna|guttata,guttata,Animalia,Insecta,Diptera,Syrphidae,Melangyna,guttata,Achiasmatic,Achiasmatic,Heterogametic,XY,10
Animalia|Insecta|Diptera|Syrphidae|Melangyna|labiatarum,labiatarum,Animalia,Insecta,Diptera,Syrphidae,Melangyna,labiatarum,Achiasmatic,Achiasmatic,Heterogametic,XY,10
Animalia|Insecta|Diptera|Syrphidae|Melangyna|lasiophthalma,lasiophthalma,Animalia,Insecta,Diptera,Syrphidae,Melangyna,lasiophthalma,Achiasmatic,Achiasmatic,Heterogametic,XY,10
Animalia|Insecta|Diptera|Syrphidae|Melangyna|mentalis,mentalis,Animalia,Insecta,Diptera,Syrphidae,Melangyna,mentalis,Achiasmatic,Achiasmatic,Heterogametic,XY,10
Animalia|Insecta|Diptera|Syrphidae|Melangyna|novaezelandiae,novaezelandiae,Animalia,Insecta,Diptera,Syrphidae,Melangyna,novaezelandiae,Achiasmatic,Achiasmatic,Heterogametic,XY,8
Animalia|Insecta|Diptera|Syrphidae|Melangyna|pullula,pullula,Animalia,Insecta,Diptera,Syrphidae,Melangyna,pullula,Achiasmatic,Achiasmatic,Heterogametic,XY,10
Animalia|Insecta|Diptera|Syrphidae|Melangyna|s.DA,s.DA,Animalia,Insecta,Diptera,Syrphidae,Melangyna,s.DA,Achiasmatic,Achiasmatic,Heterogametic,XY,8
Animalia|Insecta|Diptera|Syrphidae|Melangyna|sp.1,sp.1,Animalia,Insecta,Diptera,Syrphidae,Melangyna,sp.1,Achiasmatic,Achiasmatic,Heterogametic,XY,10
Animalia|Insecta|Diptera|Syrphidae|Melangyna|sp.3,sp.3,Animalia,Insecta,Diptera,Syrphidae,Melangyna,sp.3,Achiasmatic,Achiasmatic,Heterogametic,XY,10
Animalia|Insecta|Diptera|Syrphidae|Melangyna|sp.A,sp.A,Animalia,Insecta,Diptera,Syrphidae,Melangyna,sp.A,Achiasmatic,Achiasmatic,Heterogametic,XY,10
Animalia|Insecta|Diptera|Syrphidae|Melangyna|sp.AA,sp.AA,Animalia,Insecta,Diptera,Syrphidae,Melangyna,sp.AA,Achiasmatic,Achiasmatic,Heterogametic,XY,8
Animalia|Insecta|Diptera|Syrphidae|Melangyna|sp.BA,sp.BA,Animalia,Insecta,Diptera,Syrphidae,Melangyna,sp.BA,Achiasmatic,Achiasmatic,Heterogametic,NA,8
Animalia|Insecta|Diptera|Syrphidae|Melangyna|sp.C,sp.C,Animalia,Insecta,Diptera,Syrphidae,Melangyna,sp.C,Achiasmatic,Achiasmatic,Heterogametic,NA,8
Animalia|Insecta|Diptera|Syrphidae|Melangyna|sp.CA,sp.CA,Animalia,Insecta,Diptera,Syrphidae,Melangyna,sp.CA,Achiasmatic,Achiasmatic,Heterogametic,XY,8
Animalia|Insecta|Diptera|Syrphidae|Melangyna|tenuis,tenuis,Animalia,Insecta,Diptera,Syrphidae,Melangyna,tenuis,Achiasmatic,Achiasmatic,Heterogametic,XY,10
Animalia|Insecta|Diptera|Syrphidae|Melangyna|umbellatarum,umbellatarum,Animalia,Insecta,Diptera,Syrphidae,Melangyna,umbellatarum,Achiasmatic,Achiasmatic,Heterogametic,XY,10
Animalia|Insecta|Diptera|Syrphidae|Melanostoma|angustatum,angustatum,Animalia,Insecta,Diptera,Syrphidae,Melanostoma,angustatum,Achiasmatic,Achiasmatic,Heterogametic,XY,8
Animalia|Insecta|Diptera|Syrphidae|Melanostoma|annulipes,annulipes,Animalia,Insecta,Diptera,Syrphidae,Melanostoma,annulipes,Achiasmatic,Achiasmatic,Heterogametic,XY,8
Animalia|Insecta|Diptera|Syrphidae|Melanostoma|apicale,apicale,Animalia,Insecta,Diptera,Syrphidae,Melanostoma,apicale,Achiasmatic,Achiasmatic,Heterogametic,XY,8
Animalia|Insecta|Diptera|Syrphidae|Melanostoma|bituberculatum,bituberculatum,Animalia,Insecta,Diptera,Syrphidae,Melanostoma,bituberculatum,Achiasmatic,Achiasmatic,Heterogametic,XY,10
Animalia|Insecta|Diptera|Syrphidae|Melanostoma|diffusum,diffusum,Animalia,Insecta,Diptera,Syrphidae,Melanostoma,diffusum,Achiasmatic,Achiasmatic,Heterogametic,XY,8
Animalia|Insecta|Diptera|Syrphidae|Melanostoma|dubium,dubium,Animalia,Insecta,Diptera,Syrphidae,Melanostoma,dubium,Achiasmatic,Achiasmatic,Heterogametic,XY,8
Animalia|Insecta|Diptera|Syrphidae|Melanostoma|fasciatum,fasciatum,Animalia,Insecta,Diptera,Syrphidae,Melanostoma,fasciatum,Achiasmatic,Achiasmatic,Heterogametic,XY,8
Animalia|Insecta|Diptera|Syrphidae|Melanostoma|gymnocera,gymnocera,Animalia,Insecta,Diptera,Syrphidae,Melanostoma,gymnocera,Achiasmatic,Achiasmatic,Heterogametic,XY,8
Animalia|Insecta|Diptera|Syrphidae|Melanostoma|infuscatum,infuscatum,Animalia,Insecta,Diptera,Syrphidae,Melanostoma,infuscatum,Achiasmatic,Achiasmatic,Heterogametic,XY,8
Animalia|Insecta|Diptera|Syrphidae|Melanostoma|melanderi,melanderi,Animalia,Insecta,Diptera,Syrphidae,Melanostoma,melanderi,Achiasmatic,Achiasmatic,Heterogametic,XY,8
Animalia|Insecta|Diptera|Syrphidae|Melanostoma|mellinum,mellinum,Animalia,Insecta,Diptera,Syrphidae,Melanostoma,mellinum,Achiasmatic,Achiasmatic,Heterogametic,XY,8
Animalia|Insecta|Diptera|Syrphidae|Melanostoma|montivagum,montivagum,Animalia,Insecta,Diptera,Syrphidae,Melanostoma,montivagum,Achiasmatic,Achiasmatic,Heterogametic,XY,8
Animalia|Insecta|Diptera|Syrphidae|Melanostoma|pictipes,pictipes,Animalia,Insecta,Diptera,Syrphidae,Melanostoma,pictipes,Achiasmatic,Achiasmatic,Heterogametic,XY,8
Animalia|Insecta|Diptera|Syrphidae|Melanostoma|scalare,scalare,Animalia,Insecta,Diptera,Syrphidae,Melanostoma,scalare,Achiasmatic,Achiasmatic,Heterogametic,XY,8
Animalia|Insecta|Diptera|Syrphidae|Melanostoma|sp.10,sp.10,Animalia,Insecta,Diptera,Syrphidae,Melanostoma,sp.10,Achiasmatic,Achiasmatic,Heterogametic,XY,8
Animalia|Insecta|Diptera|Syrphidae|Melanostoma|sp.3,sp.3,Animalia,Insecta,Diptera,Syrphidae,Melanostoma,sp.3,Achiasmatic,Achiasmatic,Heterogametic,XY,8
Animalia|Insecta|Diptera|Syrphidae|Melanostoma|sp.7,sp.7,Animalia,Insecta,Diptera,Syrphidae,Melanostoma,sp.7,Achiasmatic,Achiasmatic,Heterogametic,XY,8
Animalia|Insecta|Diptera|Syrphidae|Melanostoma|sp.A,sp.A,Animalia,Insecta,Diptera,Syrphidae,Melanostoma,sp.A,Achiasmatic,Achiasmatic,Heterogametic,XY,8
Animalia|Insecta|Diptera|Syrphidae|Melanostoma|univittatum,univittatum,Animalia,Insecta,Diptera,Syrphidae,Melanostoma,univittatum,Achiasmatic,Achiasmatic,Heterogametic,XY,8
Animalia|Insecta|Diptera|Syrphidae|Meliscaeva|auricollis,auricollis,Animalia,Insecta,Diptera,Syrphidae,Meliscaeva,auricollis,Achiasmatic,Achiasmatic,Heterogametic,XY,10
Animalia|Insecta|Diptera|Syrphidae|Meliscaeva|cinctella,cinctella,Animalia,Insecta,Diptera,Syrphidae,Meliscaeva,cinctella,Achiasmatic,Achiasmatic,Heterogametic,XY,10
Animalia|Insecta|Diptera|Syrphidae|Meliscaeva|sp,sp,Animalia,Insecta,Diptera,Syrphidae,Meliscaeva,sp,Achiasmatic,Achiasmatic,Heterogametic,XY,10
Animalia|Insecta|Diptera|Syrphidae|Meliscaeva|sp.A,sp.A,Animalia,Insecta,Diptera,Syrphidae,Meliscaeva,sp.A,Achiasmatic,Achiasmatic,Heterogametic,XY,10
Animalia|Insecta|Diptera|Syrphidae|Merodon|aeneus,aeneus,Animalia,Insecta,Diptera,Syrphidae,Merodon,aeneus,Achiasmatic,Achiasmatic,Heterogametic,XY,12
Animalia|Insecta|Diptera|Syrphidae|Merodon|avidus,avidus,Animalia,Insecta,Diptera,Syrphidae,Merodon,avidus,Achiasmatic,Achiasmatic,Heterogametic,XY,12
Animalia|Insecta|Diptera|Syrphidae|Merodon|clavipes,clavipes,Animalia,Insecta,Diptera,Syrphidae,Merodon,clavipes,Achiasmatic,Achiasmatic,Heterogametic,XY,12
Animalia|Insecta|Diptera|Syrphidae|Merodon|equestris,equestris,Animalia,Insecta,Diptera,Syrphidae,Merodon,equestris,Achiasmatic,Achiasmatic,Heterogametic,XY,12
Animalia|Insecta|Diptera|Syrphidae|Merodon|funestus,funestus,Animalia,Insecta,Diptera,Syrphidae,Merodon,funestus,Achiasmatic,Achiasmatic,Heterogametic,XY,12
Animalia|Insecta|Diptera|Syrphidae|Merodon|pruni,pruni,Animalia,Insecta,Diptera,Syrphidae,Merodon,pruni,Achiasmatic,Achiasmatic,Heterogametic,XY,12
Animalia|Insecta|Diptera|Syrphidae|Mesembrius|bengalensis,bengalensis,Animalia,Insecta,Diptera,Syrphidae,Mesembrius,bengalensis,Achiasmatic,Achiasmatic,Heterogametic,XY,10
Animalia|Insecta|Diptera|Syrphidae|Mesembrius|cteniferus,cteniferus,Animalia,Insecta,Diptera,Syrphidae,Mesembrius,cteniferus,Achiasmatic,Achiasmatic,Heterogametic,XY,10
Animalia|Insecta|Diptera|Syrphidae|Mesembrius|formosanus,formosanus,Animalia,Insecta,Diptera,Syrphidae,Mesembrius,formosanus,Achiasmatic,Achiasmatic,Heterogametic,NA,10
Animalia|Insecta|Diptera|Syrphidae|Mesembrius|madagascariensis,madagascariensis,Animalia,Insecta,Diptera,Syrphidae,Mesembrius,madagascariensis,Achiasmatic,Achiasmatic,Heterogametic,XY,10
Animalia|Insecta|Diptera|Syrphidae|Mesembrius|niveiceps,niveiceps,Animalia,Insecta,Diptera,Syrphidae,Mesembrius,niveiceps,Achiasmatic,Achiasmatic,Heterogametic,NA,10
Animalia|Insecta|Diptera|Syrphidae|Mesembrius|peregrinus,peregrinus,Animalia,Insecta,Diptera,Syrphidae,Mesembrius,peregrinus,Achiasmatic,Achiasmatic,Heterogametic,XY,12
Animalia|Insecta|Diptera|Syrphidae|Mesembrius|platytarsus,platytarsus,Animalia,Insecta,Diptera,Syrphidae,Mesembrius,platytarsus,Achiasmatic,Achiasmatic,Heterogametic,XY,10
Animalia|Insecta|Diptera|Syrphidae|Mesembrius|simplicipes,simplicipes,Animalia,Insecta,Diptera,Syrphidae,Mesembrius,simplicipes,Achiasmatic,Achiasmatic,Heterogametic,XY,10
Animalia|Insecta|Diptera|Syrphidae|Metasyrphus|aberrantis,aberrantis,Animalia,Insecta,Diptera,Syrphidae,Metasyrphus,aberrantis,Achiasmatic,Achiasmatic,Heterogametic,XY,8
Animalia|Insecta|Diptera|Syrphidae|Metasyrphus|americanus,americanus,Animalia,Insecta,Diptera,Syrphidae,Metasyrphus,americanus,Achiasmatic,Achiasmatic,Heterogametic,XY,8
Animalia|Insecta|Diptera|Syrphidae|Metasyrphus|astutus,astutus,Animalia,Insecta,Diptera,Syrphidae,Metasyrphus,astutus,Achiasmatic,Achiasmatic,Heterogametic,XY,8
Animalia|Insecta|Diptera|Syrphidae|Metasyrphus|braueri,braueri,Animalia,Insecta,Diptera,Syrphidae,Metasyrphus,braueri,Achiasmatic,Achiasmatic,Heterogametic,XY,8
Animalia|Insecta|Diptera|Syrphidae|Metasyrphus|canadensis,canadensis,Animalia,Insecta,Diptera,Syrphidae,Metasyrphus,canadensis,Achiasmatic,Achiasmatic,Heterogametic,XY,8
Animalia|Insecta|Diptera|Syrphidae|Metasyrphus|corollae,corollae,Animalia,Insecta,Diptera,Syrphidae,Metasyrphus,corollae,Achiasmatic,Achiasmatic,Heterogametic,XY,8
Animalia|Insecta|Diptera|Syrphidae|Metasyrphus|curtus,curtus,Animalia,Insecta,Diptera,Syrphidae,Metasyrphus,curtus,Achiasmatic,Achiasmatic,Heterogametic,XY,8
Animalia|Insecta|Diptera|Syrphidae|Metasyrphus|depressus,depressus,Animalia,Insecta,Diptera,Syrphidae,Metasyrphus,depressus,Achiasmatic,Achiasmatic,Heterogametic,XY,8
Animalia|Insecta|Diptera|Syrphidae|Metasyrphus|lapponicus,lapponicus,Animalia,Insecta,Diptera,Syrphidae,Metasyrphus,lapponicus,Achiasmatic,Achiasmatic,Heterogametic,XY,10
Animalia|Insecta|Diptera|Syrphidae|Metasyrphus|latifasciatus,latifasciatus,Animalia,Insecta,Diptera,Syrphidae,Metasyrphus,latifasciatus,Achiasmatic,Achiasmatic,Heterogametic,XY,8
Animalia|Insecta|Diptera|Syrphidae|Metasyrphus|lundbecki,lundbecki,Animalia,Insecta,Diptera,Syrphidae,Metasyrphus,lundbecki,Achiasmatic,Achiasmatic,Heterogametic,XY,8
Animalia|Insecta|Diptera|Syrphidae|Metasyrphus|luniger,luniger,Animalia,Insecta,Diptera,Syrphidae,Metasyrphus,luniger,Achiasmatic,Achiasmatic,Heterogametic,XY,8
Animalia|Insecta|Diptera|Syrphidae|Metasyrphus|n.sp.1,n.sp.1,Animalia,Insecta,Diptera,Syrphidae,Metasyrphus,n.sp.1,Achiasmatic,Achiasmatic,Heterogametic,XY,8
Animalia|Insecta|Diptera|Syrphidae|Metasyrphus|n.sp.2,n.sp.2,Animalia,Insecta,Diptera,Syrphidae,Metasyrphus,n.sp.2,Achiasmatic,Achiasmatic,Heterogametic,XY,8
Animalia|Insecta|Diptera|Syrphidae|Metasyrphus|perplexus,perplexus,Animalia,Insecta,Diptera,Syrphidae,Metasyrphus,perplexus,Achiasmatic,Achiasmatic,Heterogametic,XY,8
Animalia|Insecta|Diptera|Syrphidae|Metasyrphus|snowi,snowi,Animalia,Insecta,Diptera,Syrphidae,Metasyrphus,snowi,Achiasmatic,Achiasmatic,Heterogametic,XY,8
Animalia|Insecta|Diptera|Syrphidae|Metasyrphus|sp.A,sp.A,Animalia,Insecta,Diptera,Syrphidae,Metasyrphus,sp.A,Achiasmatic,Achiasmatic,Heterogametic,XY,8
Animalia|Insecta|Diptera|Syrphidae|Metasyrphus|sp.B,sp.B,Animalia,Insecta,Diptera,Syrphidae,Metasyrphus,sp.B,Achiasmatic,Achiasmatic,Heterogametic,XY,8
Animalia|Insecta|Diptera|Syrphidae|Metasyrphus|sp.C,sp.C,Animalia,Insecta,Diptera,Syrphidae,Metasyrphus,sp.C,Achiasmatic,Achiasmatic,Heterogametic,XY,8
Animalia|Insecta|Diptera|Syrphidae|Metasyrphus|wiedemanni,wiedemanni,Animalia,Insecta,Diptera,Syrphidae,Metasyrphus,wiedemanni,Achiasmatic,Achiasmatic,Heterogametic,XY,8
Animalia|Insecta|Diptera|Syrphidae|Microdon|brachycerus,brachycerus,Animalia,Insecta,Diptera,Syrphidae,Microdon,brachycerus,Achiasmatic,Achiasmatic,Heterogametic,NA,14
Animalia|Insecta|Diptera|Syrphidae|Microdon|fulgens,fulgens,Animalia,Insecta,Diptera,Syrphidae,Microdon,fulgens,Achiasmatic,Achiasmatic,Heterogametic,XY,14
Animalia|Insecta|Diptera|Syrphidae|Microdon|piperi,piperi,Animalia,Insecta,Diptera,Syrphidae,Microdon,piperi,Achiasmatic,Achiasmatic,Heterogametic,NA,14
Animalia|Insecta|Diptera|Syrphidae|Microdon|violaceus,violaceus,Animalia,Insecta,Diptera,Syrphidae,Microdon,violaceus,Achiasmatic,Achiasmatic,Heterogametic,XY,14
Animalia|Insecta|Diptera|Syrphidae|Milesia|undulata,undulata,Animalia,Insecta,Diptera,Syrphidae,Milesia,undulata,Achiasmatic,Achiasmatic,Heterogametic,XY,12
Animalia|Insecta|Diptera|Syrphidae|Milesia|virginiensis,virginiensis,Animalia,Insecta,Diptera,Syrphidae,Milesia,virginiensis,Achiasmatic,Achiasmatic,Heterogametic,XY,12
Animalia|Insecta|Diptera|Syrphidae|Myathropa|florea,florea,Animalia,Insecta,Diptera,Syrphidae,Myathropa,florea,Achiasmatic,Achiasmatic,Heterogametic,XY,10
Animalia|Insecta|Diptera|Syrphidae|Myolepta|luctuosa,luctuosa,Animalia,Insecta,Diptera,Syrphidae,Myolepta,luctuosa,Achiasmatic,Achiasmatic,Heterogametic,XY,10
Animalia|Insecta|Diptera|Syrphidae|Myolepta|luteola,luteola,Animalia,Insecta,Diptera,Syrphidae,Myolepta,luteola,Achiasmatic,Achiasmatic,Heterogametic,XY,10
Animalia|Insecta|Diptera|Syrphidae|Myolepta|pretiosa,pretiosa,Animalia,Insecta,Diptera,Syrphidae,Myolepta,pretiosa,Achiasmatic,Achiasmatic,Heterogametic,XY,10
Animalia|Insecta|Diptera|Syrphidae|Myolepta|ruficornis,ruficornis,Animalia,Insecta,Diptera,Syrphidae,Myolepta,ruficornis,Achiasmatic,Achiasmatic,Heterogametic,NA,10
Animalia|Insecta|Diptera|Syrphidae|Myolepta|strigilata,strigilata,Animalia,Insecta,Diptera,Syrphidae,Myolepta,strigilata,Achiasmatic,Achiasmatic,Heterogametic,XY,10
Animalia|Insecta|Diptera|Syrphidae|Nausigaster|punctulata,punctulata,Animalia,Insecta,Diptera,Syrphidae,Nausigaster,punctulata,Achiasmatic,Achiasmatic,Heterogametic,NA,8
Animalia|Insecta|Diptera|Syrphidae|Neoascia|dispar,dispar,Animalia,Insecta,Diptera,Syrphidae,Neoascia,dispar,Achiasmatic,Achiasmatic,Heterogametic,XY,8
Animalia|Insecta|Diptera|Syrphidae|Neoascia|floralis,floralis,Animalia,Insecta,Diptera,Syrphidae,Neoascia,floralis,Achiasmatic,Achiasmatic,Heterogametic,XY,8
Animalia|Insecta|Diptera|Syrphidae|Neoascia|geniculata,geniculata,Animalia,Insecta,Diptera,Syrphidae,Neoascia,geniculata,Achiasmatic,Achiasmatic,Heterogametic,XY,8
Animalia|Insecta|Diptera|Syrphidae|Neoascia|globosa,globosa,Animalia,Insecta,Diptera,Syrphidae,Neoascia,globosa,Achiasmatic,Achiasmatic,Heterogametic,XY,8
Animalia|Insecta|Diptera|Syrphidae|Neoascia|metallica,metallica,Animalia,Insecta,Diptera,Syrphidae,Neoascia,metallica,Achiasmatic,Achiasmatic,Heterogametic,NA,8
Animalia|Insecta|Diptera|Syrphidae|Neoascia|podagrica,podagrica,Animalia,Insecta,Diptera,Syrphidae,Neoascia,podagrica,Achiasmatic,Achiasmatic,Heterogametic,NA,8
Animalia|Insecta|Diptera|Syrphidae|Neoascia|sp.,sp.,Animalia,Insecta,Diptera,Syrphidae,Neoascia,sp.,Achiasmatic,Achiasmatic,Heterogametic,NA,8
Animalia|Insecta|Diptera|Syrphidae|Neoascia|sphaerophoria,sphaerophoria,Animalia,Insecta,Diptera,Syrphidae,Neoascia,sphaerophoria,Achiasmatic,Achiasmatic,Heterogametic,XY,8
Animalia|Insecta|Diptera|Syrphidae|Neocnemodon|calcaratus,calcaratus,Animalia,Insecta,Diptera,Syrphidae,Neocnemodon,calcaratus,Achiasmatic,Achiasmatic,Heterogametic,XY,8
Animalia|Insecta|Diptera|Syrphidae|Neocnemodon|latitarsus,latitarsus,Animalia,Insecta,Diptera,Syrphidae,Neocnemodon,latitarsus,Achiasmatic,Achiasmatic,Heterogametic,XY,8
Animalia|Insecta|Diptera|Syrphidae|Neocnemodon|rita,rita,Animalia,Insecta,Diptera,Syrphidae,Neocnemodon,rita,Achiasmatic,Achiasmatic,Heterogametic,XY,8
Animalia|Insecta|Diptera|Syrphidae|Neocnemodon|sp.1,sp.1,Animalia,Insecta,Diptera,Syrphidae,Neocnemodon,sp.1,Achiasmatic,Achiasmatic,Heterogametic,XY,8
Animalia|Insecta|Diptera|Syrphidae|Neocnemodon|sp.4,sp.4,Animalia,Insecta,Diptera,Syrphidae,Neocnemodon,sp.4,Achiasmatic,Achiasmatic,Heterogametic,XY,8
Animalia|Insecta|Diptera|Syrphidae|Neocnemodon|sp.A,sp.A,Animalia,Insecta,Diptera,Syrphidae,Neocnemodon,sp.A,Achiasmatic,Achiasmatic,Heterogametic,XY,8
Animalia|Insecta|Diptera|Syrphidae|Neocnemodon|sp.B,sp.B,Animalia,Insecta,Diptera,Syrphidae,Neocnemodon,sp.B,Achiasmatic,Achiasmatic,Heterogametic,XY,8
Animalia|Insecta|Diptera|Syrphidae|Neocnemodon|sp.C,sp.C,Animalia,Insecta,Diptera,Syrphidae,Neocnemodon,sp.C,Achiasmatic,Achiasmatic,Heterogametic,XY,8
Animalia|Insecta|Diptera|Syrphidae|Neocnemodon|vitripennis,vitripennis,Animalia,Insecta,Diptera,Syrphidae,Neocnemodon,vitripennis,Achiasmatic,Achiasmatic,Heterogametic,XY,8
Animalia|Insecta|Diptera|Syrphidae|NewGenus1|sinuata,sinuata,Animalia,Insecta,Diptera,Syrphidae,NewGenus1,sinuata,Achiasmatic,Achiasmatic,Heterogametic,XY,12
Animalia|Insecta|Diptera|Syrphidae|NewGenus1|sp.1,sp.1,Animalia,Insecta,Diptera,Syrphidae,NewGenus1,sp.1,Achiasmatic,Achiasmatic,Heterogametic,NA,12
Animalia|Insecta|Diptera|Syrphidae|NewGenus1|sp.5,sp.5,Animalia,Insecta,Diptera,Syrphidae,NewGenus1,sp.5,Achiasmatic,Achiasmatic,Heterogametic,XY,12
Animalia|Insecta|Diptera|Syrphidae|Ornidia|obesa,obesa,Animalia,Insecta,Diptera,Syrphidae,Ornidia,obesa,Achiasmatic,Achiasmatic,Heterogametic,XY,12
Animalia|Insecta|Diptera|Syrphidae|Orphnabaccha|coerulea,coerulea,Animalia,Insecta,Diptera,Syrphidae,Orphnabaccha,coerulea,Achiasmatic,Achiasmatic,Heterogametic,XY,8
Animalia|Insecta|Diptera|Syrphidae|Orphnabaccha|decipiens,decipiens,Animalia,Insecta,Diptera,Syrphidae,Orphnabaccha,decipiens,Achiasmatic,Achiasmatic,Heterogametic,XY,8
Animalia|Insecta|Diptera|Syrphidae|Orphnabaccha|sp.,sp.,Animalia,Insecta,Diptera,Syrphidae,Orphnabaccha,sp.,Achiasmatic,Achiasmatic,Heterogametic,XY,10
Animalia|Insecta|Diptera|Syrphidae|Orphnabaccha|sp.2,sp.2,Animalia,Insecta,Diptera,Syrphidae,Orphnabaccha,sp.2,Achiasmatic,Achiasmatic,Heterogametic,XY,10
Animalia|Insecta|Diptera|Syrphidae|Orphnabaccha|sp.5,sp.5,Animalia,Insecta,Diptera,Syrphidae,Orphnabaccha,sp.5,Achiasmatic,Achiasmatic,Heterogametic,XY,8
Animalia|Insecta|Diptera|Syrphidae|Orthoprosopa|grisea,grisea,Animalia,Insecta,Diptera,Syrphidae,Orthoprosopa,grisea,Achiasmatic,Achiasmatic,Heterogametic,NA,12
Animalia|Insecta|Diptera|Syrphidae|Palpada|agrorum,agrorum,Animalia,Insecta,Diptera,Syrphidae,Palpada,agrorum,Achiasmatic,Achiasmatic,Heterogametic,XY,8
Animalia|Insecta|Diptera|Syrphidae|Palpada|albifrons,albifrons,Animalia,Insecta,Diptera,Syrphidae,Palpada,albifrons,Achiasmatic,Achiasmatic,Heterogametic,XY,12
Animalia|Insecta|Diptera|Syrphidae|Palpada|conica,conica,Animalia,Insecta,Diptera,Syrphidae,Palpada,conica,Achiasmatic,Achiasmatic,Heterogametic,XY,12
Animalia|Insecta|Diptera|Syrphidae|Palpada|distinguenda,distinguenda,Animalia,Insecta,Diptera,Syrphidae,Palpada,distinguenda,Achiasmatic,Achiasmatic,Heterogametic,XY,10
Animalia|Insecta|Diptera|Syrphidae|Palpada|elegans,elegans,Animalia,Insecta,Diptera,Syrphidae,Palpada,elegans,Achiasmatic,Achiasmatic,Heterogametic,XY,8
Animalia|Insecta|Diptera|Syrphidae|Palpada|fasciata,fasciata,Animalia,Insecta,Diptera,Syrphidae,Palpada,fasciata,Achiasmatic,Achiasmatic,Heterogametic,XY,10
Animalia|Insecta|Diptera|Syrphidae|Palpada|furcata,furcata,Animalia,Insecta,Diptera,Syrphidae,Palpada,furcata,Achiasmatic,Achiasmatic,Heterogametic,XY,12
Animalia|Insecta|Diptera|Syrphidae|Palpada|lateralis,lateralis,Animalia,Insecta,Diptera,Syrphidae,Palpada,lateralis,Achiasmatic,Achiasmatic,Heterogametic,XY,12
Animalia|Insecta|Diptera|Syrphidae|Palpada|meigenii,meigenii,Animalia,Insecta,Diptera,Syrphidae,Palpada,meigenii,Achiasmatic,Achiasmatic,Heterogametic,XY,10
Animalia|Insecta|Diptera|Syrphidae|Palpada|melanaspis,melanaspis,Animalia,Insecta,Diptera,Syrphidae,Palpada,melanaspis,Achiasmatic,Achiasmatic,Heterogametic,XY,12
Animalia|Insecta|Diptera|Syrphidae|Palpada|obsoleta,obsoleta,Animalia,Insecta,Diptera,Syrphidae,Palpada,obsoleta,Achiasmatic,Achiasmatic,Heterogametic,XY,12
Animalia|Insecta|Diptera|Syrphidae|Palpada|pusilla,pusilla,Animalia,Insecta,Diptera,Syrphidae,Palpada,pusilla,Achiasmatic,Achiasmatic,Heterogametic,NA,10
Animalia|Insecta|Diptera|Syrphidae|Palpada|rufiventris,rufiventris,Animalia,Insecta,Diptera,Syrphidae,Palpada,rufiventris,Achiasmatic,Achiasmatic,Heterogametic,XY,12
Animalia|Insecta|Diptera|Syrphidae|Palpada|sp.12,sp.12,Animalia,Insecta,Diptera,Syrphidae,Palpada,sp.12,Achiasmatic,Achiasmatic,Heterogametic,XY,8
Animalia|Insecta|Diptera|Syrphidae|Palpada|sp.16,sp.16,Animalia,Insecta,Diptera,Syrphidae,Palpada,sp.16,Achiasmatic,Achiasmatic,Heterogametic,XY,12
Animalia|Insecta|Diptera|Syrphidae|Palpada|sp.17,sp.17,Animalia,Insecta,Diptera,Syrphidae,Palpada,sp.17,Achiasmatic,Achiasmatic,Heterogametic,NA,10
Animalia|Insecta|Diptera|Syrphidae|Palpada|testaceicornis,testaceicornis,Animalia,Insecta,Diptera,Syrphidae,Palpada,testaceicornis,Achiasmatic,Achiasmatic,Heterogametic,XY,12
Animalia|Insecta|Diptera|Syrphidae|Palpada|urotaenia,urotaenia,Animalia,Insecta,Diptera,Syrphidae,Palpada,urotaenia,Achiasmatic,Achiasmatic,Heterogametic,XY,12
Animalia|Insecta|Diptera|Syrphidae|Palpada|vinetorum,vinetorum,Animalia,Insecta,Diptera,Syrphidae,Palpada,vinetorum,Achiasmatic,Achiasmatic,Heterogametic,XY,12
Animalia|Insecta|Diptera|Syrphidae|Paragopsis|strigalus,strigalus,Animalia,Insecta,Diptera,Syrphidae,Paragopsis,strigalus,Achiasmatic,Achiasmatic,Heterogametic,XY,12
Animalia|Insecta|Diptera|Syrphidae|Paragus|albifrons,albifrons,Animalia,Insecta,Diptera,Syrphidae,Paragus,albifrons,Achiasmatic,Achiasmatic,Heterogametic,XY,8
Animalia|Insecta|Diptera|Syrphidae|Paragus|azureus,azureus,Animalia,Insecta,Diptera,Syrphidae,Paragus,azureus,Achiasmatic,Achiasmatic,Heterogametic,NA,8
Animalia|Insecta|Diptera|Syrphidae|Paragus|bicolor,bicolor,Animalia,Insecta,Diptera,Syrphidae,Paragus,bicolor,Achiasmatic,Achiasmatic,Heterogametic,XY,8
Animalia|Insecta|Diptera|Syrphidae|Paragus|borbonicus,borbonicus,Animalia,Insecta,Diptera,Syrphidae,Paragus,borbonicus,Achiasmatic,Achiasmatic,Heterogametic,XY,8
Animalia|Insecta|Diptera|Syrphidae|Paragus|crenulatus,crenulatus,Animalia,Insecta,Diptera,Syrphidae,Paragus,crenulatus,Achiasmatic,Achiasmatic,Heterogametic,XY,8
Animalia|Insecta|Diptera|Syrphidae|Paragus|longiventris,longiventris,Animalia,Insecta,Diptera,Syrphidae,Paragus,longiventris,Achiasmatic,Achiasmatic,Heterogametic,XY,8
Animalia|Insecta|Diptera|Syrphidae|Paragus|minutus,minutus,Animalia,Insecta,Diptera,Syrphidae,Paragus,minutus,Achiasmatic,Achiasmatic,Heterogametic,XY,8
Animalia|Insecta|Diptera|Syrphidae|Paragus|naso,naso,Animalia,Insecta,Diptera,Syrphidae,Paragus,naso,Achiasmatic,Achiasmatic,Heterogametic,XY,8
Animalia|Insecta|Diptera|Syrphidae|Paragus|politus,politus,Animalia,Insecta,Diptera,Syrphidae,Paragus,politus,Achiasmatic,Achiasmatic,Heterogametic,XY,8
Animalia|Insecta|Diptera|Syrphidae|Paragus|quadrifasciatus,quadrifasciatus,Animalia,Insecta,Diptera,Syrphidae,Paragus,quadrifasciatus,Achiasmatic,Achiasmatic,Heterogametic,XY,8
Animalia|Insecta|Diptera|Syrphidae|Paragus|sp.10,sp.10,Animalia,Insecta,Diptera,Syrphidae,Paragus,sp.10,Achiasmatic,Achiasmatic,Heterogametic,XY,8
Animalia|Insecta|Diptera|Syrphidae|Paragus|sp.11,sp.11,Animalia,Insecta,Diptera,Syrphidae,Paragus,sp.11,Achiasmatic,Achiasmatic,Heterogametic,XY,8
Animalia|Insecta|Diptera|Syrphidae|Paragus|sp.2,sp.2,Animalia,Insecta,Diptera,Syrphidae,Paragus,sp.2,Achiasmatic,Achiasmatic,Heterogametic,XY,8
Animalia|Insecta|Diptera|Syrphidae|Paragus|sp.4,sp.4,Animalia,Insecta,Diptera,Syrphidae,Paragus,sp.4,Achiasmatic,Achiasmatic,Heterogametic,XY,8
Animalia|Insecta|Diptera|Syrphidae|Paragus|sp.5,sp.5,Animalia,Insecta,Diptera,Syrphidae,Paragus,sp.5,Achiasmatic,Achiasmatic,Heterogametic,XY,8
Animalia|Insecta|Diptera|Syrphidae|Paragus|sp.6,sp.6,Animalia,Insecta,Diptera,Syrphidae,Paragus,sp.6,Achiasmatic,Achiasmatic,Heterogametic,XY,8
Animalia|Insecta|Diptera|Syrphidae|Paragus|sp.7,sp.7,Animalia,Insecta,Diptera,Syrphidae,Paragus,sp.7,Achiasmatic,Achiasmatic,Heterogametic,XY,8
Animalia|Insecta|Diptera|Syrphidae|Paragus|sp.8,sp.8,Animalia,Insecta,Diptera,Syrphidae,Paragus,sp.8,Achiasmatic,Achiasmatic,Heterogametic,XY,8
Animalia|Insecta|Diptera|Syrphidae|Paragus|sp.9,sp.9,Animalia,Insecta,Diptera,Syrphidae,Paragus,sp.9,Achiasmatic,Achiasmatic,Heterogametic,XY,8
Animalia|Insecta|Diptera|Syrphidae|Paragus|sp.A,sp.A,Animalia,Insecta,Diptera,Syrphidae,Paragus,sp.A,Achiasmatic,Achiasmatic,Heterogametic,XY,8
Animalia|Insecta|Diptera|Syrphidae|Paragus|sp.B,sp.B,Animalia,Insecta,Diptera,Syrphidae,Paragus,sp.B,Achiasmatic,Achiasmatic,Heterogametic,XY,8
Animalia|Insecta|Diptera|Syrphidae|Paragus|tibialis,tibialis,Animalia,Insecta,Diptera,Syrphidae,Paragus,tibialis,Achiasmatic,Achiasmatic,Heterogametic,XY,8
Animalia|Insecta|Diptera|Syrphidae|Parapenium|sp.1,sp.1,Animalia,Insecta,Diptera,Syrphidae,Parapenium,sp.1,Achiasmatic,Achiasmatic,Heterogametic,XY,10
Animalia|Insecta|Diptera|Syrphidae|Parapenium|sp.2,sp.2,Animalia,Insecta,Diptera,Syrphidae,Parapenium,sp.2,Achiasmatic,Achiasmatic,Heterogametic,XY,12
Animalia|Insecta|Diptera|Syrphidae|Parhelophilus|consimilis,consimilis,Animalia,Insecta,Diptera,Syrphidae,Parhelophilus,consimilis,Achiasmatic,Achiasmatic,Heterogametic,XY,12
Animalia|Insecta|Diptera|Syrphidae|Parhelophilus|frutetorum,frutetorum,Animalia,Insecta,Diptera,Syrphidae,Parhelophilus,frutetorum,Achiasmatic,Achiasmatic,Heterogametic,XY,12
Animalia|Insecta|Diptera|Syrphidae|Parhelophilus|integer,integer,Animalia,Insecta,Diptera,Syrphidae,Parhelophilus,integer,Achiasmatic,Achiasmatic,Heterogametic,XY,12
Animalia|Insecta|Diptera|Syrphidae|Parhelophilus|obsoletus,obsoletus,Animalia,Insecta,Diptera,Syrphidae,Parhelophilus,obsoletus,Achiasmatic,Achiasmatic,Heterogametic,XY,12
Animalia|Insecta|Diptera|Syrphidae|Parhelophilus|rex,rex,Animalia,Insecta,Diptera,Syrphidae,Parhelophilus,rex,Achiasmatic,Achiasmatic,Heterogametic,XY,12
Animalia|Insecta|Diptera|Syrphidae|Parhelophilus|versicolor,versicolor,Animalia,Insecta,Diptera,Syrphidae,Parhelophilus,versicolor,Achiasmatic,Achiasmatic,Heterogametic,XY,12
Animalia|Insecta|Diptera|Syrphidae|Phalacrodira|annulata,annulata,Animalia,Insecta,Diptera,Syrphidae,Phalacrodira,annulata,Achiasmatic,Achiasmatic,Heterogametic,XY,8
Animalia|Insecta|Diptera|Syrphidae|Phalacrodira|rectoides,rectoides,Animalia,Insecta,Diptera,Syrphidae,Phalacrodira,rectoides,Achiasmatic,Achiasmatic,Heterogametic,XY,8
Animalia|Insecta|Diptera|Syrphidae|Phalacrodira|sp.1,sp.1,Animalia,Insecta,Diptera,Syrphidae,Phalacrodira,sp.1,Achiasmatic,Achiasmatic,Heterogametic,XY,10
Animalia|Insecta|Diptera|Syrphidae|Phalacrodira|vittiger,vittiger,Animalia,Insecta,Diptera,Syrphidae,Phalacrodira,vittiger,Achiasmatic,Achiasmatic,Heterogametic,XY,8
Animalia|Insecta|Diptera|Syrphidae|Phytomia|errans,errans,Animalia,Insecta,Diptera,Syrphidae,Phytomia,errans,Achiasmatic,Achiasmatic,Heterogametic,XY,12
Animalia|Insecta|Diptera|Syrphidae|Phytomia|erratica,erratica,Animalia,Insecta,Diptera,Syrphidae,Phytomia,erratica,Achiasmatic,Achiasmatic,Heterogametic,XY,12
Animalia|Insecta|Diptera|Syrphidae|Phytomia|fronto,fronto,Animalia,Insecta,Diptera,Syrphidae,Phytomia,fronto,Achiasmatic,Achiasmatic,Heterogametic,NA,12
Animalia|Insecta|Diptera|Syrphidae|Phytomia|incisa,incisa,Animalia,Insecta,Diptera,Syrphidae,Phytomia,incisa,Achiasmatic,Achiasmatic,Heterogametic,XY,12
Animalia|Insecta|Diptera|Syrphidae|Phytomia|zonata,zonata,Animalia,Insecta,Diptera,Syrphidae,Phytomia,zonata,Achiasmatic,Achiasmatic,Heterogametic,XY,12
Animalia|Insecta|Diptera|Syrphidae|Pipiza|femoralis,femoralis,Animalia,Insecta,Diptera,Syrphidae,Pipiza,femoralis,Achiasmatic,Achiasmatic,Heterogametic,XY,8
Animalia|Insecta|Diptera|Syrphidae|Pipiza|festiva,festiva,Animalia,Insecta,Diptera,Syrphidae,Pipiza,festiva,Achiasmatic,Achiasmatic,Heterogametic,XY,8
Animalia|Insecta|Diptera|Syrphidae|Pipiza|lugubris,lugubris,Animalia,Insecta,Diptera,Syrphidae,Pipiza,lugubris,Achiasmatic,Achiasmatic,Heterogametic,XY,8
Animalia|Insecta|Diptera|Syrphidae|Pipiza|macrofemoralis,macrofemoralis,Animalia,Insecta,Diptera,Syrphidae,Pipiza,macrofemoralis,Achiasmatic,Achiasmatic,Heterogametic,XY,8
Animalia|Insecta|Diptera|Syrphidae|Pipiza|nigripilosa,nigripilosa,Animalia,Insecta,Diptera,Syrphidae,Pipiza,nigripilosa,Achiasmatic,Achiasmatic,Heterogametic,XY,8
Animalia|Insecta|Diptera|Syrphidae|Pipiza|noctiluca,noctiluca,Animalia,Insecta,Diptera,Syrphidae,Pipiza,noctiluca,Achiasmatic,Achiasmatic,Heterogametic,XY,8
Animalia|Insecta|Diptera|Syrphidae|Pipiza|quadrimaculata,quadrimaculata,Animalia,Insecta,Diptera,Syrphidae,Pipiza,quadrimaculata,Achiasmatic,Achiasmatic,Heterogametic,XY,8
Animalia|Insecta|Diptera|Syrphidae|Pipiza|sp.,sp.,Animalia,Insecta,Diptera,Syrphidae,Pipiza,sp.,Achiasmatic,Achiasmatic,Heterogametic,XY,8
Animalia|Insecta|Diptera|Syrphidae|Pipiza|sp.1,sp.1,Animalia,Insecta,Diptera,Syrphidae,Pipiza,sp.1,Achiasmatic,Achiasmatic,Heterogametic,XY,8
Animalia|Insecta|Diptera|Syrphidae|Pipiza|sp.A,sp.A,Animalia,Insecta,Diptera,Syrphidae,Pipiza,sp.A,Achiasmatic,Achiasmatic,Heterogametic,XY,8
Animalia|Insecta|Diptera|Syrphidae|Pipiza|sp.X,sp.X,Animalia,Insecta,Diptera,Syrphidae,Pipiza,sp.X,Achiasmatic,Achiasmatic,Heterogametic,XY,8
Animalia|Insecta|Diptera|Syrphidae|Pipizella|sp.,sp.,Animalia,Insecta,Diptera,Syrphidae,Pipizella,sp.,Achiasmatic,Achiasmatic,Heterogametic,XY,8
Animalia|Insecta|Diptera|Syrphidae|Pipizella|varipes,varipes,Animalia,Insecta,Diptera,Syrphidae,Pipizella,varipes,Achiasmatic,Achiasmatic,Heterogametic,XY,8
Animalia|Insecta|Diptera|Syrphidae|Pipizella|virens,virens,Animalia,Insecta,Diptera,Syrphidae,Pipizella,virens,Achiasmatic,Achiasmatic,Heterogametic,XY,8
Animalia|Insecta|Diptera|Syrphidae|Platycheirus|albimanus,albimanus,Animalia,Insecta,Diptera,Syrphidae,Platycheirus,albimanus,Achiasmatic,Achiasmatic,Heterogametic,XY,8
Animalia|Insecta|Diptera|Syrphidae|Platycheirus|angustatus,angustatus,Animalia,Insecta,Diptera,Syrphidae,Platycheirus,angustatus,Achiasmatic,Achiasmatic,Heterogametic,XY,8
Animalia|Insecta|Diptera|Syrphidae|Platycheirus|clypeatus,clypeatus,Animalia,Insecta,Diptera,Syrphidae,Platycheirus,clypeatus,Achiasmatic,Achiasmatic,Heterogametic,XY,8
Animalia|Insecta|Diptera|Syrphidae|Platycheirus|fulviventris,fulviventris,Animalia,Insecta,Diptera,Syrphidae,Platycheirus,fulviventris,Achiasmatic,Achiasmatic,Heterogametic,XY,8
Animalia|Insecta|Diptera|Syrphidae|Platycheirus|manicatus,manicatus,Animalia,Insecta,Diptera,Syrphidae,Platycheirus,manicatus,Achiasmatic,Achiasmatic,Heterogametic,XY,8
Animalia|Insecta|Diptera|Syrphidae|Platycheirus|peltatus,peltatus,Animalia,Insecta,Diptera,Syrphidae,Platycheirus,peltatus,Achiasmatic,Achiasmatic,Heterogametic,XY,8
Animalia|Insecta|Diptera|Syrphidae|Platycheirus|quadratus,quadratus,Animalia,Insecta,Diptera,Syrphidae,Platycheirus,quadratus,Achiasmatic,Achiasmatic,Heterogametic,XY,8
Animalia|Insecta|Diptera|Syrphidae|Platycheirus|scambus,scambus,Animalia,Insecta,Diptera,Syrphidae,Platycheirus,scambus,Achiasmatic,Achiasmatic,Heterogametic,XY,8
Animalia|Insecta|Diptera|Syrphidae|Platycheirus|scutatus,scutatus,Animalia,Insecta,Diptera,Syrphidae,Platycheirus,scutatus,Achiasmatic,Achiasmatic,Heterogametic,XY,8
Animalia|Insecta|Diptera|Syrphidae|Platycheirus|sp.nr.scambus,sp.nr.scambus,Animalia,Insecta,Diptera,Syrphidae,Platycheirus,sp.nr.scambus,Achiasmatic,Achiasmatic,Heterogametic,XY,8
Animalia|Insecta|Diptera|Syrphidae|Polybiomyia|arietis,arietis,Animalia,Insecta,Diptera,Syrphidae,Polybiomyia,arietis,Achiasmatic,Achiasmatic,Heterogametic,XY,12
Animalia|Insecta|Diptera|Syrphidae|Psarus|abdominalis,abdominalis,Animalia,Insecta,Diptera,Syrphidae,Psarus,abdominalis,Achiasmatic,Achiasmatic,Heterogametic,XY,10
Animalia|Insecta|Diptera|Syrphidae|Pseudoscaeva|sericea,sericea,Animalia,Insecta,Diptera,Syrphidae,Pseudoscaeva,sericea,Achiasmatic,Achiasmatic,Heterogametic,XY,10
Animalia|Insecta|Diptera|Syrphidae|Psilota|sp.1,sp.1,Animalia,Insecta,Diptera,Syrphidae,Psilota,sp.1,Achiasmatic,Achiasmatic,Heterogametic,NA,8
Animalia|Insecta|Diptera|Syrphidae|Rhingia|austriaca,austriaca,Animalia,Insecta,Diptera,Syrphidae,Rhingia,austriaca,Achiasmatic,Achiasmatic,Heterogametic,XY,12
Animalia|Insecta|Diptera|Syrphidae|Rhingia|campestris,campestris,Animalia,Insecta,Diptera,Syrphidae,Rhingia,campestris,Achiasmatic,Achiasmatic,Heterogametic,XY,10
Animalia|Insecta|Diptera|Syrphidae|Rhingia|cyanoprora,cyanoprora,Animalia,Insecta,Diptera,Syrphidae,Rhingia,cyanoprora,Achiasmatic,Achiasmatic,Heterogametic,XY,10
Animalia|Insecta|Diptera|Syrphidae|Rhingia|nasica,nasica,Animalia,Insecta,Diptera,Syrphidae,Rhingia,nasica,Achiasmatic,Achiasmatic,Heterogametic,XY,10
Animalia|Insecta|Diptera|Syrphidae|Rhingia|rostrata,rostrata,Animalia,Insecta,Diptera,Syrphidae,Rhingia,rostrata,Achiasmatic,Achiasmatic,Heterogametic,XY,12
Animalia|Insecta|Diptera|Syrphidae|Rhingia|sp.2,sp.2,Animalia,Insecta,Diptera,Syrphidae,Rhingia,sp.2,Achiasmatic,Achiasmatic,Heterogametic,XY,10
Animalia|Insecta|Diptera|Syrphidae|Rhinoprosopa|nasuta,nasuta,Animalia,Insecta,Diptera,Syrphidae,Rhinoprosopa,nasuta,Achiasmatic,Achiasmatic,Heterogametic,XY,10
Animalia|Insecta|Diptera|Syrphidae|Rhysops|currani,currani,Animalia,Insecta,Diptera,Syrphidae,Rhysops,currani,Achiasmatic,Achiasmatic,Heterogametic,XY,10
Animalia|Insecta|Diptera|Syrphidae|Rhysops|neotropica,neotropica,Animalia,Insecta,Diptera,Syrphidae,Rhysops,neotropica,Achiasmatic,Achiasmatic,Heterogametic,XY,14
Animalia|Insecta|Diptera|Syrphidae|Rhysops|nigrans,nigrans,Animalia,Insecta,Diptera,Syrphidae,Rhysops,nigrans,Achiasmatic,Achiasmatic,Heterogametic,XY,8
Animalia|Insecta|Diptera|Syrphidae|Rhysops|sp._13_,sp._13_,Animalia,Insecta,Diptera,Syrphidae,Rhysops,sp._13_,Achiasmatic,Achiasmatic,Heterogametic,XY,8
Animalia|Insecta|Diptera|Syrphidae|Rhysops|sp.13,sp.13,Animalia,Insecta,Diptera,Syrphidae,Rhysops,sp.13,Achiasmatic,Achiasmatic,Heterogametic,XY,8
Animalia|Insecta|Diptera|Syrphidae|Salpingogaster|limbipennis,limbipennis,Animalia,Insecta,Diptera,Syrphidae,Salpingogaster,limbipennis,Achiasmatic,Achiasmatic,Heterogametic,XY,10
Animalia|Insecta|Diptera|Syrphidae|Salpingogaster|nigra,nigra,Animalia,Insecta,Diptera,Syrphidae,Salpingogaster,nigra,Achiasmatic,Achiasmatic,Heterogametic,XY,8
Animalia|Insecta|Diptera|Syrphidae|Salpingogaster|sp.1,sp.1,Animalia,Insecta,Diptera,Syrphidae,Salpingogaster,sp.1,Achiasmatic,Achiasmatic,Heterogametic,XY,8
Animalia|Insecta|Diptera|Syrphidae|Scaeva|albomaculata,albomaculata,Animalia,Insecta,Diptera,Syrphidae,Scaeva,albomaculata,Achiasmatic,Achiasmatic,Heterogametic,XY,8
Animalia|Insecta|Diptera|Syrphidae|Scaeva|melanostoma,melanostoma,Animalia,Insecta,Diptera,Syrphidae,Scaeva,melanostoma,Achiasmatic,Achiasmatic,Heterogametic,XY,10
Animalia|Insecta|Diptera|Syrphidae|Scaeva|occidentalis,occidentalis,Animalia,Insecta,Diptera,Syrphidae,Scaeva,occidentalis,Achiasmatic,Achiasmatic,Heterogametic,XY,10
Animalia|Insecta|Diptera|Syrphidae|Scaeva|pyrastri,pyrastri,Animalia,Insecta,Diptera,Syrphidae,Scaeva,pyrastri,Achiasmatic,Achiasmatic,Heterogametic,XY,8
Animalia|Insecta|Diptera|Syrphidae|Scaeva|selenitica,selenitica,Animalia,Insecta,Diptera,Syrphidae,Scaeva,selenitica,Achiasmatic,Achiasmatic,Heterogametic,XY,8
Animalia|Insecta|Diptera|Syrphidae|Sericomyia|chacopyga,chacopyga,Animalia,Insecta,Diptera,Syrphidae,Sericomyia,chacopyga,Achiasmatic,Achiasmatic,Heterogametic,NA,12
Animalia|Insecta|Diptera|Syrphidae|Sericomyia|chrysotoxoides,chrysotoxoides,Animalia,Insecta,Diptera,Syrphidae,Sericomyia,chrysotoxoides,Achiasmatic,Achiasmatic,Heterogametic,NA,10
Animalia|Insecta|Diptera|Syrphidae|Sericomyia|lata,lata,Animalia,Insecta,Diptera,Syrphidae,Sericomyia,lata,Achiasmatic,Achiasmatic,Heterogametic,NA,12
Animalia|Insecta|Diptera|Syrphidae|Sericomyia|militaris,militaris,Animalia,Insecta,Diptera,Syrphidae,Sericomyia,militaris,Achiasmatic,Achiasmatic,Heterogametic,NA,12
Animalia|Insecta|Diptera|Syrphidae|Sericomyia|sp.1,sp.1,Animalia,Insecta,Diptera,Syrphidae,Sericomyia,sp.1,Achiasmatic,Achiasmatic,Heterogametic,NA,10
Animalia|Insecta|Diptera|Syrphidae|Simoides|expletus,expletus,Animalia,Insecta,Diptera,Syrphidae,Simoides,expletus,Achiasmatic,Achiasmatic,Heterogametic,XY,12
Animalia|Insecta|Diptera|Syrphidae|Simosyrphus|grandicornis,grandicornis,Animalia,Insecta,Diptera,Syrphidae,Simosyrphus,grandicornis,Achiasmatic,Achiasmatic,Heterogametic,XY,10
Animalia|Insecta|Diptera|Syrphidae|Somula|decora,decora,Animalia,Insecta,Diptera,Syrphidae,Somula,decora,Achiasmatic,Achiasmatic,Heterogametic,XY,12
Animalia|Insecta|Diptera|Syrphidae|Sphaerophoia|scripta,scripta,Animalia,Insecta,Diptera,Syrphidae,Sphaerophoia,scripta,Achiasmatic,Achiasmatic,Heterogametic,XY,8
Animalia|Insecta|Diptera|Syrphidae|Sphaerophoria|contigua,contigua,Animalia,Insecta,Diptera,Syrphidae,Sphaerophoria,contigua,Achiasmatic,Achiasmatic,Heterogametic,XY,8
Animalia|Insecta|Diptera|Syrphidae|Sphaerophoria|cylindrica,cylindrica,Animalia,Insecta,Diptera,Syrphidae,Sphaerophoria,cylindrica,Achiasmatic,Achiasmatic,Heterogametic,XY,8
Animalia|Insecta|Diptera|Syrphidae|Sphaerophoria|dubia,dubia,Animalia,Insecta,Diptera,Syrphidae,Sphaerophoria,dubia,Achiasmatic,Achiasmatic,Heterogametic,XY,8
Animalia|Insecta|Diptera|Syrphidae|Sphaerophoria|kerteszi,kerteszi,Animalia,Insecta,Diptera,Syrphidae,Sphaerophoria,kerteszi,Achiasmatic,Achiasmatic,Heterogametic,XY,8
Animalia|Insecta|Diptera|Syrphidae|Sphaerophoria|menthastri,menthastri,Animalia,Insecta,Diptera,Syrphidae,Sphaerophoria,menthastri,Achiasmatic,Achiasmatic,Heterogametic,XY,8
Animalia|Insecta|Diptera|Syrphidae|Sphaerophoria|nigricauda,nigricauda,Animalia,Insecta,Diptera,Syrphidae,Sphaerophoria,nigricauda,Achiasmatic,Achiasmatic,Heterogametic,XY,8
Animalia|Insecta|Diptera|Syrphidae|Sphaerophoria|novaeangliae,novaeangliae,Animalia,Insecta,Diptera,Syrphidae,Sphaerophoria,novaeangliae,Achiasmatic,Achiasmatic,Heterogametic,XY,8
Animalia|Insecta|Diptera|Syrphidae|Sphaerophoria|philanthus,philanthus,Animalia,Insecta,Diptera,Syrphidae,Sphaerophoria,philanthus,Achiasmatic,Achiasmatic,Heterogametic,XY,8
Animalia|Insecta|Diptera|Syrphidae|Sphaerophoria|picta,picta,Animalia,Insecta,Diptera,Syrphidae,Sphaerophoria,picta,Achiasmatic,Achiasmatic,Heterogametic,XY,8
Animalia|Insecta|Diptera|Syrphidae|Sphaerophoria|robusta,robusta,Animalia,Insecta,Diptera,Syrphidae,Sphaerophoria,robusta,Achiasmatic,Achiasmatic,Heterogametic,XY,8
Animalia|Insecta|Diptera|Syrphidae|Sphaerophoria|rueppellii,rueppellii,Animalia,Insecta,Diptera,Syrphidae,Sphaerophoria,rueppellii,Achiasmatic,Achiasmatic,Heterogametic,XY,8
Animalia|Insecta|Diptera|Syrphidae|Sphaerophoria|scripta,scripta,Animalia,Insecta,Diptera,Syrphidae,Sphaerophoria,scripta,Achiasmatic,Achiasmatic,Heterogametic,XY,8
Animalia|Insecta|Diptera|Syrphidae|Sphaerophoria|sp.11,sp.11,Animalia,Insecta,Diptera,Syrphidae,Sphaerophoria,sp.11,Achiasmatic,Achiasmatic,Heterogametic,XY,8
Animalia|Insecta|Diptera|Syrphidae|Sphaerophoria|sp.philanthusgroup,sp.philanthusgroup,Animalia,Insecta,Diptera,Syrphidae,Sphaerophoria,sp.philanthusgroup,Achiasmatic,Achiasmatic,Heterogametic,XY,8
Animalia|Insecta|Diptera|Syrphidae|Sphaerophoria|sp.scriptagroup,sp.scriptagroup,Animalia,Insecta,Diptera,Syrphidae,Sphaerophoria,sp.scriptagroup,Achiasmatic,Achiasmatic,Heterogametic,XY,8
Animalia|Insecta|Diptera|Syrphidae|Sphaerophoria|Species6,Species6,Animalia,Insecta,Diptera,Syrphidae,Sphaerophoria,Species6,Achiasmatic,Achiasmatic,Heterogametic,XY,8
Animalia|Insecta|Diptera|Syrphidae|Sphaerophoria|Species7,Species7,Animalia,Insecta,Diptera,Syrphidae,Sphaerophoria,Species7,Achiasmatic,Achiasmatic,Heterogametic,XY,8
Animalia|Insecta|Diptera|Syrphidae|Sphaerophoria|sulphuripes,sulphuripes,Animalia,Insecta,Diptera,Syrphidae,Sphaerophoria,sulphuripes,Achiasmatic,Achiasmatic,Heterogametic,XY,8
Animalia|Insecta|Diptera|Syrphidae|Sphaerophoria|sylindrica,sylindrica,Animalia,Insecta,Diptera,Syrphidae,Sphaerophoria,sylindrica,Achiasmatic,Achiasmatic,Heterogametic,XY,8
Animalia|Insecta|Diptera|Syrphidae|Sphaerophoria|taeniata,taeniata,Animalia,Insecta,Diptera,Syrphidae,Sphaerophoria,taeniata,Achiasmatic,Achiasmatic,Heterogametic,XY,8
Animalia|Insecta|Diptera|Syrphidae|Sphecomyia|brevicornis,brevicornis,Animalia,Insecta,Diptera,Syrphidae,Sphecomyia,brevicornis,Achiasmatic,Achiasmatic,Heterogametic,XY,14
Animalia|Insecta|Diptera|Syrphidae|Sphecomyia|occidentalis,occidentalis,Animalia,Insecta,Diptera,Syrphidae,Sphecomyia,occidentalis,Achiasmatic,Achiasmatic,Heterogametic,XY,12
Animalia|Insecta|Diptera|Syrphidae|Sphecomyia|pattonii,pattonii,Animalia,Insecta,Diptera,Syrphidae,Sphecomyia,pattonii,Achiasmatic,Achiasmatic,Heterogametic,XY,12
Animalia|Insecta|Diptera|Syrphidae|Sphegina|armatipes,armatipes,Animalia,Insecta,Diptera,Syrphidae,Sphegina,armatipes,Achiasmatic,Achiasmatic,Heterogametic,XY,12
Animalia|Insecta|Diptera|Syrphidae|Sphegina|californica,californica,Animalia,Insecta,Diptera,Syrphidae,Sphegina,californica,Achiasmatic,Achiasmatic,Heterogametic,XY,12
Animalia|Insecta|Diptera|Syrphidae|Sphegina|clunipes,clunipes,Animalia,Insecta,Diptera,Syrphidae,Sphegina,clunipes,Achiasmatic,Achiasmatic,Heterogametic,XY,12
Animalia|Insecta|Diptera|Syrphidae|Sphegina|flavimana,flavimana,Animalia,Insecta,Diptera,Syrphidae,Sphegina,flavimana,Achiasmatic,Achiasmatic,Heterogametic,XY,12
Animalia|Insecta|Diptera|Syrphidae|Sphegina|infuscata,infuscata,Animalia,Insecta,Diptera,Syrphidae,Sphegina,infuscata,Achiasmatic,Achiasmatic,Heterogametic,XY,12
Animalia|Insecta|Diptera|Syrphidae|Sphegina|lobata,lobata,Animalia,Insecta,Diptera,Syrphidae,Sphegina,lobata,Achiasmatic,Achiasmatic,Heterogametic,XY,12
Animalia|Insecta|Diptera|Syrphidae|Sphegina|nitidifrons,nitidifrons,Animalia,Insecta,Diptera,Syrphidae,Sphegina,nitidifrons,Achiasmatic,Achiasmatic,Heterogametic,XY,10
Animalia|Insecta|Diptera|Syrphidae|Sphegina|occidentalis,occidentalis,Animalia,Insecta,Diptera,Syrphidae,Sphegina,occidentalis,Achiasmatic,Achiasmatic,Heterogametic,XY,12
Animalia|Insecta|Diptera|Syrphidae|Sphegina|sibirica,sibirica,Animalia,Insecta,Diptera,Syrphidae,Sphegina,sibirica,Achiasmatic,Achiasmatic,Heterogametic,XY,12
Animalia|Insecta|Diptera|Syrphidae|Sphegina|sp.13,sp.13,Animalia,Insecta,Diptera,Syrphidae,Sphegina,sp.13,Achiasmatic,Achiasmatic,Heterogametic,XY,12
Animalia|Insecta|Diptera|Syrphidae|Sphegina|sp.14,sp.14,Animalia,Insecta,Diptera,Syrphidae,Sphegina,sp.14,Achiasmatic,Achiasmatic,Heterogametic,XY,12
Animalia|Insecta|Diptera|Syrphidae|Sphegina|violovitshi,violovitshi,Animalia,Insecta,Diptera,Syrphidae,Sphegina,violovitshi,Achiasmatic,Achiasmatic,Heterogametic,XY,12
Animalia|Insecta|Diptera|Syrphidae|Spilomyia|digitata,digitata,Animalia,Insecta,Diptera,Syrphidae,Spilomyia,digitata,Achiasmatic,Achiasmatic,Heterogametic,NA,10
Animalia|Insecta|Diptera|Syrphidae|Spilomyia|longicornis,longicornis,Animalia,Insecta,Diptera,Syrphidae,Spilomyia,longicornis,Achiasmatic,Achiasmatic,Heterogametic,XY,10
Animalia|Insecta|Diptera|Syrphidae|Spilomyia|suzukii,suzukii,Animalia,Insecta,Diptera,Syrphidae,Spilomyia,suzukii,Achiasmatic,Achiasmatic,Heterogametic,NA,10
Animalia|Insecta|Diptera|Syrphidae|Syritta|hackeri,hackeri,Animalia,Insecta,Diptera,Syrphidae,Syritta,hackeri,Achiasmatic,Achiasmatic,Heterogametic,XY,10
Animalia|Insecta|Diptera|Syrphidae|Syritta|indica,indica,Animalia,Insecta,Diptera,Syrphidae,Syritta,indica,Achiasmatic,Achiasmatic,Heterogametic,XY,10
Animalia|Insecta|Diptera|Syrphidae|Syritta|oceanica,oceanica,Animalia,Insecta,Diptera,Syrphidae,Syritta,oceanica,Achiasmatic,Achiasmatic,Heterogametic,XY,10
Animalia|Insecta|Diptera|Syrphidae|Syritta|pipiens,pipiens,Animalia,Insecta,Diptera,Syrphidae,Syritta,pipiens,Achiasmatic,Achiasmatic,Heterogametic,XY,10
Animalia|Insecta|Diptera|Syrphidae|Syritta|sp.2,sp.2,Animalia,Insecta,Diptera,Syrphidae,Syritta,sp.2,Achiasmatic,Achiasmatic,Heterogametic,XY,10
Animalia|Insecta|Diptera|Syrphidae|Syritta|sp.4,sp.4,Animalia,Insecta,Diptera,Syrphidae,Syritta,sp.4,Achiasmatic,Achiasmatic,Heterogametic,XY,10
Animalia|Insecta|Diptera|Syrphidae|Syritta|stigmatica,stigmatica,Animalia,Insecta,Diptera,Syrphidae,Syritta,stigmatica,Achiasmatic,Achiasmatic,Heterogametic,XO,10
Animalia|Insecta|Diptera|Syrphidae|Syrphus|balteatus,balteatus,Animalia,Insecta,Diptera,Syrphidae,Syrphus,balteatus,Achiasmatic,Achiasmatic,Heterogametic,XY,10
Animalia|Insecta|Diptera|Syrphidae|Syrphus|corollae,corollae,Animalia,Insecta,Diptera,Syrphidae,Syrphus,corollae,Achiasmatic,Achiasmatic,Heterogametic,XY,8
Animalia|Insecta|Diptera|Syrphidae|Syrphus|knabi,knabi,Animalia,Insecta,Diptera,Syrphidae,Syrphus,knabi,Achiasmatic,Achiasmatic,Heterogametic,XY,8
Animalia|Insecta|Diptera|Syrphidae|Syrphus|lasiophthalmus,lasiophthalmus,Animalia,Insecta,Diptera,Syrphidae,Syrphus,lasiophthalmus,Achiasmatic,Achiasmatic,Heterogametic,XY,10
Animalia|Insecta|Diptera|Syrphidae|Syrphus|luniger,luniger,Animalia,Insecta,Diptera,Syrphidae,Syrphus,luniger,Achiasmatic,Achiasmatic,Heterogametic,XY,8
Animalia|Insecta|Diptera|Syrphidae|Syrphus|melanostomoides,melanostomoides,Animalia,Insecta,Diptera,Syrphidae,Syrphus,melanostomoides,Achiasmatic,Achiasmatic,Heterogametic,XY,10
Animalia|Insecta|Diptera|Syrphidae|Syrphus|octomaculatus,octomaculatus,Animalia,Insecta,Diptera,Syrphidae,Syrphus,octomaculatus,Achiasmatic,Achiasmatic,Heterogametic,XY,8
Animalia|Insecta|Diptera|Syrphidae|Syrphus|opinator,opinator,Animalia,Insecta,Diptera,Syrphidae,Syrphus,opinator,Achiasmatic,Achiasmatic,Heterogametic,XY,8
Animalia|Insecta|Diptera|Syrphidae|Syrphus|phaeostigma,phaeostigma,Animalia,Insecta,Diptera,Syrphidae,Syrphus,phaeostigma,Achiasmatic,Achiasmatic,Heterogametic,XY,8
Animalia|Insecta|Diptera|Syrphidae|Syrphus|rectus,rectus,Animalia,Insecta,Diptera,Syrphidae,Syrphus,rectus,Achiasmatic,Achiasmatic,Heterogametic,XY,8
Animalia|Insecta|Diptera|Syrphidae|Syrphus|reedi,reedi,Animalia,Insecta,Diptera,Syrphidae,Syrphus,reedi,Achiasmatic,Achiasmatic,Heterogametic,XY,8
Animalia|Insecta|Diptera|Syrphidae|Syrphus|ribesii,ribesii,Animalia,Insecta,Diptera,Syrphidae,Syrphus,ribesii,Achiasmatic,Achiasmatic,Heterogametic,XY,10
Animalia|Insecta|Diptera|Syrphidae|Syrphus|shorae,shorae,Animalia,Insecta,Diptera,Syrphidae,Syrphus,shorae,Achiasmatic,Achiasmatic,Heterogametic,XY,8
Animalia|Insecta|Diptera|Syrphidae|Syrphus|sp,sp,Animalia,Insecta,Diptera,Syrphidae,Syrphus,sp,Achiasmatic,Achiasmatic,Heterogametic,XY,8
Animalia|Insecta|Diptera|Syrphidae|Syrphus|torvus,torvus,Animalia,Insecta,Diptera,Syrphidae,Syrphus,torvus,Achiasmatic,Achiasmatic,Heterogametic,XY,8
Animalia|Insecta|Diptera|Syrphidae|Syrphus|vitripennis,vitripennis,Animalia,Insecta,Diptera,Syrphidae,Syrphus,vitripennis,Achiasmatic,Achiasmatic,Heterogametic,XY,8
Animalia|Insecta|Diptera|Syrphidae|Syrphus|vittafrons,vittafrons,Animalia,Insecta,Diptera,Syrphidae,Syrphus,vittafrons,Achiasmatic,Achiasmatic,Heterogametic,XY,8
Animalia|Insecta|Diptera|Syrphidae|Tcmnostoma|alternans,alternans,Animalia,Insecta,Diptera,Syrphidae,Tcmnostoma,alternans,Achiasmatic,Achiasmatic,Heterogametic,XY,8
Animalia|Insecta|Diptera|Syrphidae|Temnostoma|acra,acra,Animalia,Insecta,Diptera,Syrphidae,Temnostoma,acra,Achiasmatic,Achiasmatic,Heterogametic,XY,12
Animalia|Insecta|Diptera|Syrphidae|Temnostoma|alternans,alternans,Animalia,Insecta,Diptera,Syrphidae,Temnostoma,alternans,Achiasmatic,Achiasmatic,Heterogametic,XY,8
Animalia|Insecta|Diptera|Syrphidae|Temnostoma|balyras,balyras,Animalia,Insecta,Diptera,Syrphidae,Temnostoma,balyras,Achiasmatic,Achiasmatic,Heterogametic,NA,8
Animalia|Insecta|Diptera|Syrphidae|Temnostoma|vespiforme,vespiforme,Animalia,Insecta,Diptera,Syrphidae,Temnostoma,vespiforme,Achiasmatic,Achiasmatic,Heterogametic,NA,8
Animalia|Insecta|Diptera|Syrphidae|Toxomerus|anthrax,anthrax,Animalia,Insecta,Diptera,Syrphidae,Toxomerus,anthrax,Achiasmatic,Achiasmatic,Heterogametic,XY,10
Animalia|Insecta|Diptera|Syrphidae|Toxomerus|arciferus,arciferus,Animalia,Insecta,Diptera,Syrphidae,Toxomerus,arciferus,Achiasmatic,Achiasmatic,Heterogametic,XY,10
Animalia|Insecta|Diptera|Syrphidae|Toxomerus|aurulentus,aurulentus,Animalia,Insecta,Diptera,Syrphidae,Toxomerus,aurulentus,Achiasmatic,Achiasmatic,Heterogametic,XY,10
Animalia|Insecta|Diptera|Syrphidae|Toxomerus|basilaris,basilaris,Animalia,Insecta,Diptera,Syrphidae,Toxomerus,basilaris,Achiasmatic,Achiasmatic,Heterogametic,XY,10
Animalia|Insecta|Diptera|Syrphidae|Toxomerus|calceolatus,calceolatus,Animalia,Insecta,Diptera,Syrphidae,Toxomerus,calceolatus,Achiasmatic,Achiasmatic,Heterogametic,XY,10
Animalia|Insecta|Diptera|Syrphidae|Toxomerus|croesus,croesus,Animalia,Insecta,Diptera,Syrphidae,Toxomerus,croesus,Achiasmatic,Achiasmatic,Heterogametic,XY,10
Animalia|Insecta|Diptera|Syrphidae|Toxomerus|floralis,floralis,Animalia,Insecta,Diptera,Syrphidae,Toxomerus,floralis,Achiasmatic,Achiasmatic,Heterogametic,XY,10
Animalia|Insecta|Diptera|Syrphidae|Toxomerus|geminatus,geminatus,Animalia,Insecta,Diptera,Syrphidae,Toxomerus,geminatus,Achiasmatic,Achiasmatic,Heterogametic,XY,10
Animalia|Insecta|Diptera|Syrphidae|Toxomerus|lachrymosus,lachrymosus,Animalia,Insecta,Diptera,Syrphidae,Toxomerus,lachrymosus,Achiasmatic,Achiasmatic,Heterogametic,XY,12
Animalia|Insecta|Diptera|Syrphidae|Toxomerus|laciniosus,laciniosus,Animalia,Insecta,Diptera,Syrphidae,Toxomerus,laciniosus,Achiasmatic,Achiasmatic,Heterogametic,XY,10
Animalia|Insecta|Diptera|Syrphidae|Toxomerus|laenas,laenas,Animalia,Insecta,Diptera,Syrphidae,Toxomerus,laenas,Achiasmatic,Achiasmatic,Heterogametic,XY,10
Animalia|Insecta|Diptera|Syrphidae|Toxomerus|marginatus,marginatus,Animalia,Insecta,Diptera,Syrphidae,Toxomerus,marginatus,Achiasmatic,Achiasmatic,Heterogametic,XY,12
Animalia|Insecta|Diptera|Syrphidae|Toxomerus|mutuus,mutuus,Animalia,Insecta,Diptera,Syrphidae,Toxomerus,mutuus,Achiasmatic,Achiasmatic,Heterogametic,XY,8
Animalia|Insecta|Diptera|Syrphidae|Toxomerus|n.sp.,n.sp.,Animalia,Insecta,Diptera,Syrphidae,Toxomerus,n.sp.,Achiasmatic,Achiasmatic,Heterogametic,XY,10
Animalia|Insecta|Diptera|Syrphidae|Toxomerus|occidentalis,occidentalis,Animalia,Insecta,Diptera,Syrphidae,Toxomerus,occidentalis,Achiasmatic,Achiasmatic,Heterogametic,XY,10
Animalia|Insecta|Diptera|Syrphidae|Toxomerus|philippii,philippii,Animalia,Insecta,Diptera,Syrphidae,Toxomerus,philippii,Achiasmatic,Achiasmatic,Heterogametic,XY,10
Animalia|Insecta|Diptera|Syrphidae|Toxomerus|pictus,pictus,Animalia,Insecta,Diptera,Syrphidae,Toxomerus,pictus,Achiasmatic,Achiasmatic,Heterogametic,XY,12
Animalia|Insecta|Diptera|Syrphidae|Toxomerus|politus,politus,Animalia,Insecta,Diptera,Syrphidae,Toxomerus,politus,Achiasmatic,Achiasmatic,Heterogametic,XY,10
Animalia|Insecta|Diptera|Syrphidae|Toxomerus|portius,portius,Animalia,Insecta,Diptera,Syrphidae,Toxomerus,portius,Achiasmatic,Achiasmatic,Heterogametic,XY,10
Animalia|Insecta|Diptera|Syrphidae|Toxomerus|sp._10_,sp._10_,Animalia,Insecta,Diptera,Syrphidae,Toxomerus,sp._10_,Achiasmatic,Achiasmatic,Heterogametic,XY,10
Animalia|Insecta|Diptera|Syrphidae|Toxomerus|sp._11_,sp._11_,Animalia,Insecta,Diptera,Syrphidae,Toxomerus,sp._11_,Achiasmatic,Achiasmatic,Heterogametic,XY,10
Animalia|Insecta|Diptera|Syrphidae|Toxomerus|sp._12_,sp._12_,Animalia,Insecta,Diptera,Syrphidae,Toxomerus,sp._12_,Achiasmatic,Achiasmatic,Heterogametic,XY,10
Animalia|Insecta|Diptera|Syrphidae|Toxomerus|sp._15_,sp._15_,Animalia,Insecta,Diptera,Syrphidae,Toxomerus,sp._15_,Achiasmatic,Achiasmatic,Heterogametic,XY,10
Animalia|Insecta|Diptera|Syrphidae|Toxomerus|sp._16_,sp._16_,Animalia,Insecta,Diptera,Syrphidae,Toxomerus,sp._16_,Achiasmatic,Achiasmatic,Heterogametic,XY,8
Animalia|Insecta|Diptera|Syrphidae|Toxomerus|sp._19_,sp._19_,Animalia,Insecta,Diptera,Syrphidae,Toxomerus,sp._19_,Achiasmatic,Achiasmatic,Heterogametic,XY,10
Animalia|Insecta|Diptera|Syrphidae|Toxomerus|sp._3_,sp._3_,Animalia,Insecta,Diptera,Syrphidae,Toxomerus,sp._3_,Achiasmatic,Achiasmatic,Heterogametic,XY,10
Animalia|Insecta|Diptera|Syrphidae|Toxomerus|sp._4_,sp._4_,Animalia,Insecta,Diptera,Syrphidae,Toxomerus,sp._4_,Achiasmatic,Achiasmatic,Heterogametic,XY,10
Animalia|Insecta|Diptera|Syrphidae|Toxomerus|sp._6_,sp._6_,Animalia,Insecta,Diptera,Syrphidae,Toxomerus,sp._6_,Achiasmatic,Achiasmatic,Heterogametic,XY,12
Animalia|Insecta|Diptera|Syrphidae|Toxomerus|sp.1,sp.1,Animalia,Insecta,Diptera,Syrphidae,Toxomerus,sp.1,Achiasmatic,Achiasmatic,Heterogametic,XY,10
Animalia|Insecta|Diptera|Syrphidae|Toxomerus|sp.10,sp.10,Animalia,Insecta,Diptera,Syrphidae,Toxomerus,sp.10,Achiasmatic,Achiasmatic,Heterogametic,NA,10
Animalia|Insecta|Diptera|Syrphidae|Toxomerus|sp.10b,sp.10b,Animalia,Insecta,Diptera,Syrphidae,Toxomerus,sp.10b,Achiasmatic,Achiasmatic,Heterogametic,XY,10
Animalia|Insecta|Diptera|Syrphidae|Toxomerus|sp.11,sp.11,Animalia,Insecta,Diptera,Syrphidae,Toxomerus,sp.11,Achiasmatic,Achiasmatic,Heterogametic,XY,10
Animalia|Insecta|Diptera|Syrphidae|Toxomerus|sp.12,sp.12,Animalia,Insecta,Diptera,Syrphidae,Toxomerus,sp.12,Achiasmatic,Achiasmatic,Heterogametic,XY,10
Animalia|Insecta|Diptera|Syrphidae|Toxomerus|sp.15,sp.15,Animalia,Insecta,Diptera,Syrphidae,Toxomerus,sp.15,Achiasmatic,Achiasmatic,Heterogametic,XY,10
Animalia|Insecta|Diptera|Syrphidae|Toxomerus|sp.16,sp.16,Animalia,Insecta,Diptera,Syrphidae,Toxomerus,sp.16,Achiasmatic,Achiasmatic,Heterogametic,XY,8
Animalia|Insecta|Diptera|Syrphidae|Toxomerus|sp.19,sp.19,Animalia,Insecta,Diptera,Syrphidae,Toxomerus,sp.19,Achiasmatic,Achiasmatic,Heterogametic,XY,10
Animalia|Insecta|Diptera|Syrphidae|Toxomerus|sp.2,sp.2,Animalia,Insecta,Diptera,Syrphidae,Toxomerus,sp.2,Achiasmatic,Achiasmatic,Heterogametic,XY,10
Animalia|Insecta|Diptera|Syrphidae|Toxomerus|sp.3,sp.3,Animalia,Insecta,Diptera,Syrphidae,Toxomerus,sp.3,Achiasmatic,Achiasmatic,Heterogametic,XY,10
Animalia|Insecta|Diptera|Syrphidae|Toxomerus|sp.4,sp.4,Animalia,Insecta,Diptera,Syrphidae,Toxomerus,sp.4,Achiasmatic,Achiasmatic,Heterogametic,XY,10
Animalia|Insecta|Diptera|Syrphidae|Toxomerus|sp.6,sp.6,Animalia,Insecta,Diptera,Syrphidae,Toxomerus,sp.6,Achiasmatic,Achiasmatic,Heterogametic,XY,12
Animalia|Insecta|Diptera|Syrphidae|Toxomerus|steatogaster,steatogaster,Animalia,Insecta,Diptera,Syrphidae,Toxomerus,steatogaster,Achiasmatic,Achiasmatic,Heterogametic,XY,10
Animalia|Insecta|Diptera|Syrphidae|Toxomerus|violaceus,violaceus,Animalia,Insecta,Diptera,Syrphidae,Toxomerus,violaceus,Achiasmatic,Achiasmatic,Heterogametic,XY,10
Animalia|Insecta|Diptera|Syrphidae|Toxomerus|vitreus,vitreus,Animalia,Insecta,Diptera,Syrphidae,Toxomerus,vitreus,Achiasmatic,Achiasmatic,Heterogametic,XY,10
Animalia|Insecta|Diptera|Syrphidae|Tropidia|quadrata,quadrata,Animalia,Insecta,Diptera,Syrphidae,Tropidia,quadrata,Achiasmatic,Achiasmatic,Heterogametic,XY,10
Animalia|Insecta|Diptera|Syrphidae|Tropidia|scita,scita,Animalia,Insecta,Diptera,Syrphidae,Tropidia,scita,Achiasmatic,Achiasmatic,Heterogametic,XY,10
Animalia|Insecta|Diptera|Syrphidae|Tubifera|sp.,sp.,Animalia,Insecta,Diptera,Syrphidae,Tubifera,sp.,Achiasmatic,Achiasmatic,Heterogametic,NA,14
Animalia|Insecta|Diptera|Syrphidae|Volucella|bombylans,bombylans,Animalia,Insecta,Diptera,Syrphidae,Volucella,bombylans,Achiasmatic,Achiasmatic,Heterogametic,XY,12
Animalia|Insecta|Diptera|Syrphidae|Volucella|elegans,elegans,Animalia,Insecta,Diptera,Syrphidae,Volucella,elegans,Achiasmatic,Achiasmatic,Heterogametic,XY,10
Animalia|Insecta|Diptera|Syrphidae|Volucella|inanis,inanis,Animalia,Insecta,Diptera,Syrphidae,Volucella,inanis,Achiasmatic,Achiasmatic,Heterogametic,XY,12
Animalia|Insecta|Diptera|Syrphidae|Volucella|inflata,inflata,Animalia,Insecta,Diptera,Syrphidae,Volucella,inflata,Achiasmatic,Achiasmatic,Heterogametic,XY,12
Animalia|Insecta|Diptera|Syrphidae|Volucella|obesa,obesa,Animalia,Insecta,Diptera,Syrphidae,Volucella,obesa,Achiasmatic,Achiasmatic,Heterogametic,XY,12
Animalia|Insecta|Diptera|Syrphidae|Volucella|pellucens,pellucens,Animalia,Insecta,Diptera,Syrphidae,Volucella,pellucens,Achiasmatic,Achiasmatic,Heterogametic,XY,10
Animalia|Insecta|Diptera|Syrphidae|Volucella|zonaria,zonaria,Animalia,Insecta,Diptera,Syrphidae,Volucella,zonaria,Achiasmatic,Achiasmatic,Heterogametic,XY,10
Animalia|Insecta|Diptera|Syrphidae|Xanthandrus|bucephalus,bucephalus,Animalia,Insecta,Diptera,Syrphidae,Xanthandrus,bucephalus,Achiasmatic,Achiasmatic,Heterogametic,NA,10
Animalia|Insecta|Diptera|Syrphidae|Xanthandrus|comtus,comtus,Animalia,Insecta,Diptera,Syrphidae,Xanthandrus,comtus,Achiasmatic,Achiasmatic,Heterogametic,XY,8
Animalia|Insecta|Diptera|Syrphidae|Xanthandrus|cubanus,cubanus,Animalia,Insecta,Diptera,Syrphidae,Xanthandrus,cubanus,Achiasmatic,Achiasmatic,Heterogametic,XY,8
Animalia|Insecta|Diptera|Syrphidae|Xanthogramma|ornatum,ornatum,Animalia,Insecta,Diptera,Syrphidae,Xanthogramma,ornatum,Achiasmatic,Achiasmatic,Heterogametic,XY,10
Animalia|Insecta|Diptera|Syrphidae|Xylota|angustiventris,angustiventris,Animalia,Insecta,Diptera,Syrphidae,Xylota,angustiventris,Achiasmatic,Achiasmatic,Heterogametic,XY,10
Animalia|Insecta|Diptera|Syrphidae|Xylota|annulifera,annulifera,Animalia,Insecta,Diptera,Syrphidae,Xylota,annulifera,Achiasmatic,Achiasmatic,Heterogametic,XY,10
Animalia|Insecta|Diptera|Syrphidae|Xylota|barbata,barbata,Animalia,Insecta,Diptera,Syrphidae,Xylota,barbata,Achiasmatic,Achiasmatic,Heterogametic,XY,10
Animalia|Insecta|Diptera|Syrphidae|Xylota|bigelowi,bigelowi,Animalia,Insecta,Diptera,Syrphidae,Xylota,bigelowi,Achiasmatic,Achiasmatic,Heterogametic,NA,8
Animalia|Insecta|Diptera|Syrphidae|Xylota|chalybea,chalybea,Animalia,Insecta,Diptera,Syrphidae,Xylota,chalybea,Achiasmatic,Achiasmatic,Heterogametic,XY,10
Animalia|Insecta|Diptera|Syrphidae|Xylota|coeruleiventris,coeruleiventris,Animalia,Insecta,Diptera,Syrphidae,Xylota,coeruleiventris,Achiasmatic,Achiasmatic,Heterogametic,XY,10
Animalia|Insecta|Diptera|Syrphidae|Xylota|coquilletti,coquilletti,Animalia,Insecta,Diptera,Syrphidae,Xylota,coquilletti,Achiasmatic,Achiasmatic,Heterogametic,XY,10
Animalia|Insecta|Diptera|Syrphidae|Xylota|curvaria,curvaria,Animalia,Insecta,Diptera,Syrphidae,Xylota,curvaria,Achiasmatic,Achiasmatic,Heterogametic,XY,10
Animalia|Insecta|Diptera|Syrphidae|Xylota|ejuncida,ejuncida,Animalia,Insecta,Diptera,Syrphidae,Xylota,ejuncida,Achiasmatic,Achiasmatic,Heterogametic,XY,10
Animalia|Insecta|Diptera|Syrphidae|Xylota|flavitibia,flavitibia,Animalia,Insecta,Diptera,Syrphidae,Xylota,flavitibia,Achiasmatic,Achiasmatic,Heterogametic,XY,10
Animalia|Insecta|Diptera|Syrphidae|Xylota|flexa,flexa,Animalia,Insecta,Diptera,Syrphidae,Xylota,flexa,Achiasmatic,Achiasmatic,Heterogametic,XY,10
Animalia|Insecta|Diptera|Syrphidae|Xylota|florum,florum,Animalia,Insecta,Diptera,Syrphidae,Xylota,florum,Achiasmatic,Achiasmatic,Heterogametic,XY,10
Animalia|Insecta|Diptera|Syrphidae|Xylota|hinei,hinei,Animalia,Insecta,Diptera,Syrphidae,Xylota,hinei,Achiasmatic,Achiasmatic,Heterogametic,XY,10
Animalia|Insecta|Diptera|Syrphidae|Xylota|ignava,ignava,Animalia,Insecta,Diptera,Syrphidae,Xylota,ignava,Achiasmatic,Achiasmatic,Heterogametic,XY,10
Animalia|Insecta|Diptera|Syrphidae|Xylota|inarmata,inarmata,Animalia,Insecta,Diptera,Syrphidae,Xylota,inarmata,Achiasmatic,Achiasmatic,Heterogametic,XY,10
Animalia|Insecta|Diptera|Syrphidae|Xylota|lenta,lenta,Animalia,Insecta,Diptera,Syrphidae,Xylota,lenta,Achiasmatic,Achiasmatic,Heterogametic,XY,10
Animalia|Insecta|Diptera|Syrphidae|Xylota|libo,libo,Animalia,Insecta,Diptera,Syrphidae,Xylota,libo,Achiasmatic,Achiasmatic,Heterogametic,XY,10
Animalia|Insecta|Diptera|Syrphidae|Xylota|lovetti,lovetti,Animalia,Insecta,Diptera,Syrphidae,Xylota,lovetti,Achiasmatic,Achiasmatic,Heterogametic,XY,10
Animalia|Insecta|Diptera|Syrphidae|Xylota|nemorum,nemorum,Animalia,Insecta,Diptera,Syrphidae,Xylota,nemorum,Achiasmatic,Achiasmatic,Heterogametic,XY,10
Animalia|Insecta|Diptera|Syrphidae|Xylota|pigra,pigra,Animalia,Insecta,Diptera,Syrphidae,Xylota,pigra,Achiasmatic,Achiasmatic,Heterogametic,XY,10
Animalia|Insecta|Diptera|Syrphidae|Xylota|quadrimaculata,quadrimaculata,Animalia,Insecta,Diptera,Syrphidae,Xylota,quadrimaculata,Achiasmatic,Achiasmatic,Heterogametic,XY,10
Animalia|Insecta|Diptera|Syrphidae|Xylota|segnis,segnis,Animalia,Insecta,Diptera,Syrphidae,Xylota,segnis,Achiasmatic,Achiasmatic,Heterogametic,XY,10
Animalia|Insecta|Diptera|Syrphidae|Xylota|sp.5,sp.5,Animalia,Insecta,Diptera,Syrphidae,Xylota,sp.5,Achiasmatic,Achiasmatic,Heterogametic,XY,10
Animalia|Insecta|Diptera|Syrphidae|Xylota|sp2,sp2,Animalia,Insecta,Diptera,Syrphidae,Xylota,sp2,Achiasmatic,Achiasmatic,Heterogametic,XY,10
Animalia|Insecta|Diptera|Syrphidae|Xylota|subfasciata,subfasciata,Animalia,Insecta,Diptera,Syrphidae,Xylota,subfasciata,Achiasmatic,Achiasmatic,Heterogametic,XY,8
Animalia|Insecta|Diptera|Syrphidae|Xylota|sylvarum,sylvarum,Animalia,Insecta,Diptera,Syrphidae,Xylota,sylvarum,Achiasmatic,Achiasmatic,Heterogametic,XY,10
Animalia|Insecta|Diptera|Syrphidae|Xylota|tarda,tarda,Animalia,Insecta,Diptera,Syrphidae,Xylota,tarda,Achiasmatic,Achiasmatic,Heterogametic,XY,10
Animalia|Insecta|Diptera|Syrphidae|Xylota|tuberculata,tuberculata,Animalia,Insecta,Diptera,Syrphidae,Xylota,tuberculata,Achiasmatic,Achiasmatic,Heterogametic,XY,10
Animalia|Insecta|Diptera|Syrphidae|Xylota|vecors,vecors,Animalia,Insecta,Diptera,Syrphidae,Xylota,vecors,Achiasmatic,Achiasmatic,Heterogametic,XY,10
Animalia|Insecta|Diptera|Tabanidae|Atylotus|bicolor,bicolor,Animalia,Insecta,Diptera,Tabanidae,Atylotus,bicolor,Achiasmatic,Achiasmatic,Heterogametic,XY,18
Animalia|Insecta|Diptera|Tabanidae|Atylotus|fulvus,fulvus,Animalia,Insecta,Diptera,Tabanidae,Atylotus,fulvus,Achiasmatic,Achiasmatic,Heterogametic,NA,18
Animalia|Insecta|Diptera|Tabanidae|Atylotus|horvathi,horvathi,Animalia,Insecta,Diptera,Tabanidae,Atylotus,horvathi,Achiasmatic,Achiasmatic,Heterogametic,XY,12
Animalia|Insecta|Diptera|Tabanidae|Atylotus|loewianus,loewianus,Animalia,Insecta,Diptera,Tabanidae,Atylotus,loewianus,Achiasmatic,Achiasmatic,Heterogametic,NA,18
Animalia|Insecta|Diptera|Tabanidae|Atylotus|ohioensis,ohioensis,Animalia,Insecta,Diptera,Tabanidae,Atylotus,ohioensis,Achiasmatic,Achiasmatic,Heterogametic,XY,18
Animalia|Insecta|Diptera|Tabanidae|Atylotus|pulchelluskarybenthinus,pulchelluskarybenthinus,Animalia,Insecta,Diptera,Tabanidae,Atylotus,pulchelluskarybenthinus,Achiasmatic,Achiasmatic,Heterogametic,XY,18
Animalia|Insecta|Diptera|Tabanidae|Chrysops|aberrans,aberrans,Animalia,Insecta,Diptera,Tabanidae,Chrysops,aberrans,Achiasmatic,Achiasmatic,Heterogametic,NA,12
Animalia|Insecta|Diptera|Tabanidae|Chrysops|aestuans,aestuans,Animalia,Insecta,Diptera,Tabanidae,Chrysops,aestuans,Achiasmatic,Achiasmatic,Heterogametic,XY,10
Animalia|Insecta|Diptera|Tabanidae|Chrysops|caecutiens,caecutiens,Animalia,Insecta,Diptera,Tabanidae,Chrysops,caecutiens,Achiasmatic,Achiasmatic,Heterogametic,XY,10
Animalia|Insecta|Diptera|Tabanidae|Chrysops|flavipes,flavipes,Animalia,Insecta,Diptera,Tabanidae,Chrysops,flavipes,Achiasmatic,Achiasmatic,Heterogametic,XY,10
Animalia|Insecta|Diptera|Tabanidae|Chrysops|frigidus,frigidus,Animalia,Insecta,Diptera,Tabanidae,Chrysops,frigidus,Achiasmatic,Achiasmatic,Heterogametic,NA,10
Animalia|Insecta|Diptera|Tabanidae|Chrysops|indus,indus,Animalia,Insecta,Diptera,Tabanidae,Chrysops,indus,Achiasmatic,Achiasmatic,Heterogametic,NA,10
Animalia|Insecta|Diptera|Tabanidae|Chrysops|ludens,ludens,Animalia,Insecta,Diptera,Tabanidae,Chrysops,ludens,Achiasmatic,Achiasmatic,Heterogametic,XY,10
Animalia|Insecta|Diptera|Tabanidae|Chrysops|mlokosiewiczi,mlokosiewiczi,Animalia,Insecta,Diptera,Tabanidae,Chrysops,mlokosiewiczi,Achiasmatic,Achiasmatic,Heterogametic,XY,10
Animalia|Insecta|Diptera|Tabanidae|Chrysops|pictus,pictus,Animalia,Insecta,Diptera,Tabanidae,Chrysops,pictus,Achiasmatic,Achiasmatic,Heterogametic,XY,10
Animalia|Insecta|Diptera|Tabanidae|Chrysops|relictus,relictus,Animalia,Insecta,Diptera,Tabanidae,Chrysops,relictus,Achiasmatic,Achiasmatic,Heterogametic,XY,10
Animalia|Insecta|Diptera|Tabanidae|Chrysops|shermani,shermani,Animalia,Insecta,Diptera,Tabanidae,Chrysops,shermani,Achiasmatic,Achiasmatic,Heterogametic,XY,12
Animalia|Insecta|Diptera|Tabanidae|Chrysops|suavis,suavis,Animalia,Insecta,Diptera,Tabanidae,Chrysops,suavis,Achiasmatic,Achiasmatic,Heterogametic,XY,10
Animalia|Insecta|Diptera|Tabanidae|Chrysops|vanderwulpi,vanderwulpi,Animalia,Insecta,Diptera,Tabanidae,Chrysops,vanderwulpi,Achiasmatic,Achiasmatic,Heterogametic,XY,10
Animalia|Insecta|Diptera|Tabanidae|Chrysops|vittatus,vittatus,Animalia,Insecta,Diptera,Tabanidae,Chrysops,vittatus,Achiasmatic,Achiasmatic,Heterogametic,NA,8
Animalia|Insecta|Diptera|Tabanidae|Dasyrhamphis|umbrinus,umbrinus,Animalia,Insecta,Diptera,Tabanidae,Dasyrhamphis,umbrinus,Achiasmatic,Achiasmatic,Heterogametic,NA,12
Animalia|Insecta|Diptera|Tabanidae|Haematopota|crassicornis,crassicornis,Animalia,Insecta,Diptera,Tabanidae,Haematopota,crassicornis,Achiasmatic,Achiasmatic,Heterogametic,XY,18
Animalia|Insecta|Diptera|Tabanidae|Haematopota|italica,italica,Animalia,Insecta,Diptera,Tabanidae,Haematopota,italica,Achiasmatic,Achiasmatic,Heterogametic,NA,14
Animalia|Insecta|Diptera|Tabanidae|Haematopota|pallens,pallens,Animalia,Insecta,Diptera,Tabanidae,Haematopota,pallens,Achiasmatic,Achiasmatic,Heterogametic,XY,18
Animalia|Insecta|Diptera|Tabanidae|Haematopota|pellucens,pellucens,Animalia,Insecta,Diptera,Tabanidae,Haematopota,pellucens,Achiasmatic,Achiasmatic,Heterogametic,XY,14
Animalia|Insecta|Diptera|Tabanidae|Haematopota|pluvialis,pluvialis,Animalia,Insecta,Diptera,Tabanidae,Haematopota,pluvialis,Achiasmatic,Achiasmatic,Heterogametic,NA,18
Animalia|Insecta|Diptera|Tabanidae|Haematopota|scutellatarossica,scutellatarossica,Animalia,Insecta,Diptera,Tabanidae,Haematopota,scutellatarossica,Achiasmatic,Achiasmatic,Heterogametic,XY,18
Animalia|Insecta|Diptera|Tabanidae|Haematopota|subcylindrica,subcylindrica,Animalia,Insecta,Diptera,Tabanidae,Haematopota,subcylindrica,Achiasmatic,Achiasmatic,Heterogametic,XY,26
Animalia|Insecta|Diptera|Tabanidae|Haematopota|tamerlani,tamerlani,Animalia,Insecta,Diptera,Tabanidae,Haematopota,tamerlani,Achiasmatic,Achiasmatic,Heterogametic,XY,18
Animalia|Insecta|Diptera|Tabanidae|Hybomitra|arpadi,arpadi,Animalia,Insecta,Diptera,Tabanidae,Hybomitra,arpadi,Achiasmatic,Achiasmatic,Heterogametic,XY,12
Animalia|Insecta|Diptera|Tabanidae|Hybomitra|bimaculata,bimaculata,Animalia,Insecta,Diptera,Tabanidae,Hybomitra,bimaculata,Achiasmatic,Achiasmatic,Heterogametic,XY,14
Animalia|Insecta|Diptera|Tabanidae|Hybomitra|brevis,brevis,Animalia,Insecta,Diptera,Tabanidae,Hybomitra,brevis,Achiasmatic,Achiasmatic,Heterogametic,XY,18
Animalia|Insecta|Diptera|Tabanidae|Hybomitra|ciureai,ciureai,Animalia,Insecta,Diptera,Tabanidae,Hybomitra,ciureai,Achiasmatic,Achiasmatic,Heterogametic,XY,12
Animalia|Insecta|Diptera|Tabanidae|Hybomitra|distinguendadistinguenda,distinguendadistinguenda,Animalia,Insecta,Diptera,Tabanidae,Hybomitra,distinguendadistinguenda,Achiasmatic,Achiasmatic,Heterogametic,XY,16
Animalia|Insecta|Diptera|Tabanidae|Hybomitra|erberi,erberi,Animalia,Insecta,Diptera,Tabanidae,Hybomitra,erberi,Achiasmatic,Achiasmatic,Heterogametic,XY,10
Animalia|Insecta|Diptera|Tabanidae|Hybomitra|lasiophthalma,lasiophthalma,Animalia,Insecta,Diptera,Tabanidae,Hybomitra,lasiophthalma,Achiasmatic,Achiasmatic,Heterogametic,XY,14
Animalia|Insecta|Diptera|Tabanidae|Hybomitra|lundbecki,lundbecki,Animalia,Insecta,Diptera,Tabanidae,Hybomitra,lundbecki,Achiasmatic,Achiasmatic,Heterogametic,XY,18
Animalia|Insecta|Diptera|Tabanidae|Hybomitra|m.acrocentrica,m.acrocentrica,Animalia,Insecta,Diptera,Tabanidae,Hybomitra,m.acrocentrica,Achiasmatic,Achiasmatic,Heterogametic,XY,16
Animalia|Insecta|Diptera|Tabanidae|Hybomitra|montanamontana,montanamontana,Animalia,Insecta,Diptera,Tabanidae,Hybomitra,montanamontana,Achiasmatic,Achiasmatic,Heterogametic,XY,16
Animalia|Insecta|Diptera|Tabanidae|Hybomitra|muhlfeldi,muhlfeldi,Animalia,Insecta,Diptera,Tabanidae,Hybomitra,muhlfeldi,Achiasmatic,Achiasmatic,Heterogametic,XY,10
Animalia|Insecta|Diptera|Tabanidae|Hybomitra|nigella,nigella,Animalia,Insecta,Diptera,Tabanidae,Hybomitra,nigella,Achiasmatic,Achiasmatic,Heterogametic,XY,18
Animalia|Insecta|Diptera|Tabanidae|Hybomitra|peculiaris,peculiaris,Animalia,Insecta,Diptera,Tabanidae,Hybomitra,peculiaris,Achiasmatic,Achiasmatic,Heterogametic,XY,14
Animalia|Insecta|Diptera|Tabanidae|Hybomitra|stenopselapha,stenopselapha,Animalia,Insecta,Diptera,Tabanidae,Hybomitra,stenopselapha,Achiasmatic,Achiasmatic,Heterogametic,XY,18
Animalia|Insecta|Diptera|Tabanidae|Hybomitra|tarandina,tarandina,Animalia,Insecta,Diptera,Tabanidae,Hybomitra,tarandina,Achiasmatic,Achiasmatic,Heterogametic,XY,18
Animalia|Insecta|Diptera|Tabanidae|Hybomitra|tarandinoides,tarandinoides,Animalia,Insecta,Diptera,Tabanidae,Hybomitra,tarandinoides,Achiasmatic,Achiasmatic,Heterogametic,XY,10
Animalia|Insecta|Diptera|Tabanidae|Hybomitra|ussuriensis,ussuriensis,Animalia,Insecta,Diptera,Tabanidae,Hybomitra,ussuriensis,Achiasmatic,Achiasmatic,Heterogametic,XY,18
Animalia|Insecta|Diptera|Tabanidae|Tabanus|autumnalis,autumnalis,Animalia,Insecta,Diptera,Tabanidae,Tabanus,autumnalis,Achiasmatic,Achiasmatic,Heterogametic,NA,14
Animalia|Insecta|Diptera|Tabanidae|Tabanus|bifarius,bifarius,Animalia,Insecta,Diptera,Tabanidae,Tabanus,bifarius,Achiasmatic,Achiasmatic,Heterogametic,NA,16
Animalia|Insecta|Diptera|Tabanidae|Tabanus|bovines,bovines,Animalia,Insecta,Diptera,Tabanidae,Tabanus,bovines,Achiasmatic,Achiasmatic,Heterogametic,XY,14
Animalia|Insecta|Diptera|Tabanidae|Tabanus|bromius,bromius,Animalia,Insecta,Diptera,Tabanidae,Tabanus,bromius,Achiasmatic,Achiasmatic,Heterogametic,NA,10
Animalia|Insecta|Diptera|Tabanidae|Tabanus|buddha,buddha,Animalia,Insecta,Diptera,Tabanidae,Tabanus,buddha,Achiasmatic,Achiasmatic,Heterogametic,XY,12
Animalia|Insecta|Diptera|Tabanidae|Tabanus|colchidicus,colchidicus,Animalia,Insecta,Diptera,Tabanidae,Tabanus,colchidicus,Achiasmatic,Achiasmatic,Heterogametic,XY,16
Animalia|Insecta|Diptera|Tabanidae|Tabanus|cordiger,cordiger,Animalia,Insecta,Diptera,Tabanidae,Tabanus,cordiger,Achiasmatic,Achiasmatic,Heterogametic,NA,12
Animalia|Insecta|Diptera|Tabanidae|Tabanus|dolini,dolini,Animalia,Insecta,Diptera,Tabanidae,Tabanus,dolini,Achiasmatic,Achiasmatic,Heterogametic,XY,12
Animalia|Insecta|Diptera|Tabanidae|Tabanus|flavofemoratus,flavofemoratus,Animalia,Insecta,Diptera,Tabanidae,Tabanus,flavofemoratus,Achiasmatic,Achiasmatic,Heterogametic,XY,10
Animalia|Insecta|Diptera|Tabanidae|Tabanus|geminus,geminus,Animalia,Insecta,Diptera,Tabanidae,Tabanus,geminus,Achiasmatic,Achiasmatic,Heterogametic,XY,14
Animalia|Insecta|Diptera|Tabanidae|Tabanus|hauseri,hauseri,Animalia,Insecta,Diptera,Tabanidae,Tabanus,hauseri,Achiasmatic,Achiasmatic,Heterogametic,XY,14
Animalia|Insecta|Diptera|Tabanidae|Tabanus|indrae,indrae,Animalia,Insecta,Diptera,Tabanidae,Tabanus,indrae,Achiasmatic,Achiasmatic,Heterogametic,XY,10
Animalia|Insecta|Diptera|Tabanidae|Tabanus|infestus,infestus,Animalia,Insecta,Diptera,Tabanidae,Tabanus,infestus,Achiasmatic,Achiasmatic,Heterogametic,XY,10
Animalia|Insecta|Diptera|Tabanidae|Tabanus|maculicornis,maculicornis,Animalia,Insecta,Diptera,Tabanidae,Tabanus,maculicornis,Achiasmatic,Achiasmatic,Heterogametic,XY,10
Animalia|Insecta|Diptera|Tabanidae|Tabanus|marginalis,marginalis,Animalia,Insecta,Diptera,Tabanidae,Tabanus,marginalis,Achiasmatic,Achiasmatic,Heterogametic,XY,10
Animalia|Insecta|Diptera|Tabanidae|Tabanus|miki,miki,Animalia,Insecta,Diptera,Tabanidae,Tabanus,miki,Achiasmatic,Achiasmatic,Heterogametic,NA,10
Animalia|Insecta|Diptera|Tabanidae|Tabanus|pleskei,pleskei,Animalia,Insecta,Diptera,Tabanidae,Tabanus,pleskei,Achiasmatic,Achiasmatic,Heterogametic,XY,12
Animalia|Insecta|Diptera|Tabanidae|Tabanus|quatuornotatus,quatuornotatus,Animalia,Insecta,Diptera,Tabanidae,Tabanus,quatuornotatus,Achiasmatic,Achiasmatic,Heterogametic,NA,12
Animalia|Insecta|Diptera|Tabanidae|Tabanus|sabuletorum,sabuletorum,Animalia,Insecta,Diptera,Tabanidae,Tabanus,sabuletorum,Achiasmatic,Achiasmatic,Heterogametic,XY,12
Animalia|Insecta|Diptera|Tabanidae|Tabanus|shelkovnikovi,shelkovnikovi,Animalia,Insecta,Diptera,Tabanidae,Tabanus,shelkovnikovi,Achiasmatic,Achiasmatic,Heterogametic,XY,12
Animalia|Insecta|Diptera|Tabanidae|Tabanus|spectabilis,spectabilis,Animalia,Insecta,Diptera,Tabanidae,Tabanus,spectabilis,Achiasmatic,Achiasmatic,Heterogametic,XY,10
Animalia|Insecta|Diptera|Tabanidae|Tabanus|sudeticus,sudeticus,Animalia,Insecta,Diptera,Tabanidae,Tabanus,sudeticus,Achiasmatic,Achiasmatic,Heterogametic,XY,14
Animalia|Insecta|Diptera|Tabanidae|Tabanus|unifasciatus,unifasciatus,Animalia,Insecta,Diptera,Tabanidae,Tabanus,unifasciatus,Achiasmatic,Achiasmatic,Heterogametic,XY,12
Animalia|Insecta|Diptera|Tabanidae|Tabanus|zimini,zimini,Animalia,Insecta,Diptera,Tabanidae,Tabanus,zimini,Achiasmatic,Achiasmatic,Heterogametic,XY,12
Animalia|Insecta|Diptera|Tachinidae|Aplomya|caesar,caesar,Animalia,Insecta,Diptera,Tachinidae,Aplomya,caesar,Achiasmatic,Achiasmatic,Heterogametic,XY,12
Animalia|Insecta|Diptera|Tachinidae|Aplomya|mitis,mitis,Animalia,Insecta,Diptera,Tachinidae,Aplomya,mitis,Achiasmatic,Achiasmatic,Heterogametic,XY,12
Animalia|Insecta|Diptera|Tachinidae|Archylas|apicifer,apicifer,Animalia,Insecta,Diptera,Tachinidae,Archylas,apicifer,Achiasmatic,Achiasmatic,Heterogametic,XY,12
Animalia|Insecta|Diptera|Tachinidae|Archytas|apicifera,apicifera,Animalia,Insecta,Diptera,Tachinidae,Archytas,apicifera,Achiasmatic,Achiasmatic,Heterogametic,XY,12
Animalia|Insecta|Diptera|Tachinidae|Archytas|prob.Apicifer,prob.Apicifer,Animalia,Insecta,Diptera,Tachinidae,Archytas,prob.Apicifer,Achiasmatic,Achiasmatic,Heterogametic,NA,12
Animalia|Insecta|Diptera|Tachinidae|Bessa|selecta,selecta,Animalia,Insecta,Diptera,Tachinidae,Bessa,selecta,Achiasmatic,Achiasmatic,Heterogametic,XY,12
Animalia|Insecta|Diptera|Tachinidae|Ceracia|dentata,dentata,Animalia,Insecta,Diptera,Tachinidae,Ceracia,dentata,Achiasmatic,Achiasmatic,Heterogametic,XY,12
Animalia|Insecta|Diptera|Tachinidae|Ceromasia|auricaudata,auricaudata,Animalia,Insecta,Diptera,Tachinidae,Ceromasia,auricaudata,Achiasmatic,Achiasmatic,Heterogametic,XY,12
Animalia|Insecta|Diptera|Tachinidae|Drino|bohemica,bohemica,Animalia,Insecta,Diptera,Tachinidae,Drino,bohemica,Achiasmatic,Achiasmatic,Heterogametic,XY,12
Animalia|Insecta|Diptera|Tachinidae|Eumea|westermanni,westermanni,Animalia,Insecta,Diptera,Tachinidae,Eumea,westermanni,Achiasmatic,Achiasmatic,Heterogametic,NA,12
Animalia|Insecta|Diptera|Tachinidae|Exorista|bombycis,bombycis,Animalia,Insecta,Diptera,Tachinidae,Exorista,bombycis,Achiasmatic,Achiasmatic,Heterogametic,XY,12
Animalia|Insecta|Diptera|Tachinidae|Lydella|grisescens,grisescens,Animalia,Insecta,Diptera,Tachinidae,Lydella,grisescens,Achiasmatic,Achiasmatic,Heterogametic,XY,12
Animalia|Insecta|Diptera|Tachinidae|Madremyia|saundersii,saundersii,Animalia,Insecta,Diptera,Tachinidae,Madremyia,saundersii,Achiasmatic,Achiasmatic,Heterogametic,XY,12
Animalia|Insecta|Diptera|Tachinidae|Mercia|ampelus,ampelus,Animalia,Insecta,Diptera,Tachinidae,Mercia,ampelus,Achiasmatic,Achiasmatic,Heterogametic,XY,12
Animalia|Insecta|Diptera|Tachinidae|Nemorella|pyste,pyste,Animalia,Insecta,Diptera,Tachinidae,Nemorella,pyste,Achiasmatic,Achiasmatic,Heterogametic,XY,12
Animalia|Insecta|Diptera|Tachinidae|Neophorocera|hamata,hamata,Animalia,Insecta,Diptera,Tachinidae,Neophorocera,hamata,Achiasmatic,Achiasmatic,Heterogametic,XY,12
Animalia|Insecta|Diptera|Tachinidae|Omoloma|fumiferanae,fumiferanae,Animalia,Insecta,Diptera,Tachinidae,Omoloma,fumiferanae,Achiasmatic,Achiasmatic,Heterogametic,XY,12
Animalia|Insecta|Diptera|Tachinidae|Omotoma|fumiferonae,fumiferonae,Animalia,Insecta,Diptera,Tachinidae,Omotoma,fumiferonae,Achiasmatic,Achiasmatic,Heterogametic,XY,12
Animalia|Insecta|Diptera|Tachinidae|Peletieria|iterans,iterans,Animalia,Insecta,Diptera,Tachinidae,Peletieria,iterans,Achiasmatic,Achiasmatic,Heterogametic,XY,12
Animalia|Insecta|Diptera|Tachinidae|Phorocera|hamata,hamata,Animalia,Insecta,Diptera,Tachinidae,Phorocera,hamata,Achiasmatic,Achiasmatic,Heterogametic,XY,12
Animalia|Insecta|Diptera|Tachinidae|Phryxe|pecosensis,pecosensis,Animalia,Insecta,Diptera,Tachinidae,Phryxe,pecosensis,Achiasmatic,Achiasmatic,Heterogametic,XY,12
Animalia|Insecta|Diptera|Tachinidae|Spathimeigenia|sp.,sp.,Animalia,Insecta,Diptera,Tachinidae,Spathimeigenia,sp.,Achiasmatic,Achiasmatic,Heterogametic,XY,12
Animalia|Insecta|Diptera|Tachinidae|Voria|ruralis,ruralis,Animalia,Insecta,Diptera,Tachinidae,Voria,ruralis,Achiasmatic,Achiasmatic,Heterogametic,NA,12
Animalia|Insecta|Diptera|Tachinidae|Winthemia|datanae,datanae,Animalia,Insecta,Diptera,Tachinidae,Winthemia,datanae,Achiasmatic,Achiasmatic,Heterogametic,XY,12
Animalia|Insecta|Diptera|Tachinidae|Winthemia|occidentis,occidentis,Animalia,Insecta,Diptera,Tachinidae,Winthemia,occidentis,Achiasmatic,Achiasmatic,Heterogametic,XY,12
Animalia|Insecta|Diptera|Tachinidae|Winthemia|rufopicta,rufopicta,Animalia,Insecta,Diptera,Tachinidae,Winthemia,rufopicta,Achiasmatic,Achiasmatic,Heterogametic,XY,12
Animalia|Insecta|Diptera|Tachinidae|NA|mitis,mitis,Animalia,Insecta,Diptera,Tachinidae,NA,mitis,Achiasmatic,Achiasmatic,Heterogametic,XY,12
Animalia|Insecta|Diptera|Tephritidae|Acinia|fucata,fucata,Animalia,Insecta,Diptera,Tephritidae,Acinia,fucata,Achiasmatic,Achiasmatic,Heterogametic,ZW,12
Animalia|Insecta|Diptera|Tephritidae|Acinia|mallochi,mallochi,Animalia,Insecta,Diptera,Tephritidae,Acinia,mallochi,Achiasmatic,Achiasmatic,Heterogametic,ZW,12
Animalia|Insecta|Diptera|Tephritidae|Afrodacus|jarvisi,jarvisi,Animalia,Insecta,Diptera,Tephritidae,Afrodacus,jarvisi,Achiasmatic,Achiasmatic,Heterogametic,XY,14
Animalia|Insecta|Diptera|Tephritidae|Anastepha|ludens,ludens,Animalia,Insecta,Diptera,Tephritidae,Anastepha,ludens,Achiasmatic,Achiasmatic,Heterogametic,NA,10
Animalia|Insecta|Diptera|Tephritidae|Anastrepha|amita,amita,Animalia,Insecta,Diptera,Tephritidae,Anastrepha,amita,Achiasmatic,Achiasmatic,Heterogametic,XY,12
Animalia|Insecta|Diptera|Tephritidae|Anastrepha|aphelocentema,aphelocentema,Animalia,Insecta,Diptera,Tephritidae,Anastrepha,aphelocentema,Achiasmatic,Achiasmatic,Heterogametic,NA,12
Animalia|Insecta|Diptera|Tephritidae|Anastrepha|barnesi,barnesi,Animalia,Insecta,Diptera,Tephritidae,Anastrepha,barnesi,Achiasmatic,Achiasmatic,Heterogametic,XY,12
Animalia|Insecta|Diptera|Tephritidae|Anastrepha|bistrigata,bistrigata,Animalia,Insecta,Diptera,Tephritidae,Anastrepha,bistrigata,Achiasmatic,Achiasmatic,Heterogametic,NA,12
Animalia|Insecta|Diptera|Tephritidae|Anastrepha|distincta,distincta,Animalia,Insecta,Diptera,Tephritidae,Anastrepha,distincta,Achiasmatic,Achiasmatic,Heterogametic,XY,12
Animalia|Insecta|Diptera|Tephritidae|Anastrepha|fraterculus,fraterculus,Animalia,Insecta,Diptera,Tephritidae,Anastrepha,fraterculus,Achiasmatic,Achiasmatic,Heterogametic,XY,12
Animalia|Insecta|Diptera|Tephritidae|Anastrepha|grandis,grandis,Animalia,Insecta,Diptera,Tephritidae,Anastrepha,grandis,Achiasmatic,Achiasmatic,Heterogametic,XY,12
Animalia|Insecta|Diptera|Tephritidae|Anastrepha|leptozona,leptozona,Animalia,Insecta,Diptera,Tephritidae,Anastrepha,leptozona,Achiasmatic,Achiasmatic,Heterogametic,XY,10
Animalia|Insecta|Diptera|Tephritidae|Anastrepha|ludens,ludens,Animalia,Insecta,Diptera,Tephritidae,Anastrepha,ludens,Achiasmatic,Achiasmatic,Heterogametic,XY,12
Animalia|Insecta|Diptera|Tephritidae|Anastrepha|mombinpraeoptans,mombinpraeoptans,Animalia,Insecta,Diptera,Tephritidae,Anastrepha,mombinpraeoptans,Achiasmatic,Achiasmatic,Heterogametic,NA,12
Animalia|Insecta|Diptera|Tephritidae|Anastrepha|montei,montei,Animalia,Insecta,Diptera,Tephritidae,Anastrepha,montei,Achiasmatic,Achiasmatic,Heterogametic,XY,8
Animalia|Insecta|Diptera|Tephritidae|Anastrepha|obliqua,obliqua,Animalia,Insecta,Diptera,Tephritidae,Anastrepha,obliqua,Achiasmatic,Achiasmatic,Heterogametic,XY,12
Animalia|Insecta|Diptera|Tephritidae|Anastrepha|pickeli,pickeli,Animalia,Insecta,Diptera,Tephritidae,Anastrepha,pickeli,Achiasmatic,Achiasmatic,Heterogametic,XY,8
Animalia|Insecta|Diptera|Tephritidae|Anastrepha|pseudoparallela,pseudoparallela,Animalia,Insecta,Diptera,Tephritidae,Anastrepha,pseudoparallela,Achiasmatic,Achiasmatic,Heterogametic,XY,12
Animalia|Insecta|Diptera|Tephritidae|Anastrepha|serpentina,serpentina,Animalia,Insecta,Diptera,Tephritidae,Anastrepha,serpentina,Achiasmatic,Achiasmatic,Heterogametic,NA,12
Animalia|Insecta|Diptera|Tephritidae|Anastrepha|sororcula,sororcula,Animalia,Insecta,Diptera,Tephritidae,Anastrepha,sororcula,Achiasmatic,Achiasmatic,Heterogametic,XY,12
Animalia|Insecta|Diptera|Tephritidae|Anastrepha|spatula,spatula,Animalia,Insecta,Diptera,Tephritidae,Anastrepha,spatula,Achiasmatic,Achiasmatic,Heterogametic,XY,12
Animalia|Insecta|Diptera|Tephritidae|Anastrepha|spatulata,spatulata,Animalia,Insecta,Diptera,Tephritidae,Anastrepha,spatulata,Achiasmatic,Achiasmatic,Heterogametic,XY,12
Animalia|Insecta|Diptera|Tephritidae|Anastrepha|striata,striata,Animalia,Insecta,Diptera,Tephritidae,Anastrepha,striata,Achiasmatic,Achiasmatic,Heterogametic,XY,12
Animalia|Insecta|Diptera|Tephritidae|Anastrepha|suspensa,suspensa,Animalia,Insecta,Diptera,Tephritidae,Anastrepha,suspensa,Achiasmatic,Achiasmatic,Heterogametic,XY,12
Animalia|Insecta|Diptera|Tephritidae|Anastrepha|turpiniae,turpiniae,Animalia,Insecta,Diptera,Tephritidae,Anastrepha,turpiniae,Achiasmatic,Achiasmatic,Heterogametic,XY,12
Animalia|Insecta|Diptera|Tephritidae|Anastrepha|zenildae,zenildae,Animalia,Insecta,Diptera,Tephritidae,Anastrepha,zenildae,Achiasmatic,Achiasmatic,Heterogametic,XY,12
Animalia|Insecta|Diptera|Tephritidae|Anastrepha|zuelaniae,zuelaniae,Animalia,Insecta,Diptera,Tephritidae,Anastrepha,zuelaniae,Achiasmatic,Achiasmatic,Heterogametic,XY,12
Animalia|Insecta|Diptera|Tephritidae|Austrodacus|cucumis,cucumis,Animalia,Insecta,Diptera,Tephritidae,Austrodacus,cucumis,Achiasmatic,Achiasmatic,Heterogametic,XY,12
Animalia|Insecta|Diptera|Tephritidae|Bactrocera|arecae,arecae,Animalia,Insecta,Diptera,Tephritidae,Bactrocera,arecae,Achiasmatic,Achiasmatic,Heterogametic,XY,12
Animalia|Insecta|Diptera|Tephritidae|Bactrocera|carambolae,carambolae,Animalia,Insecta,Diptera,Tephritidae,Bactrocera,carambolae,Achiasmatic,Achiasmatic,Heterogametic,XY,12
Animalia|Insecta|Diptera|Tephritidae|Bactrocera|cucurbitae,cucurbitae,Animalia,Insecta,Diptera,Tephritidae,Bactrocera,cucurbitae,Achiasmatic,Achiasmatic,Heterogametic,XY,12
Animalia|Insecta|Diptera|Tephritidae|Bactrocera|diversa,diversa,Animalia,Insecta,Diptera,Tephritidae,Bactrocera,diversa,Achiasmatic,Achiasmatic,Heterogametic,XY,12
Animalia|Insecta|Diptera|Tephritidae|Bactrocera|diversus,diversus,Animalia,Insecta,Diptera,Tephritidae,Bactrocera,diversus,Achiasmatic,Achiasmatic,Heterogametic,XY,12
Animalia|Insecta|Diptera|Tephritidae|Bactrocera|irvingiae,irvingiae,Animalia,Insecta,Diptera,Tephritidae,Bactrocera,irvingiae,Achiasmatic,Achiasmatic,Heterogametic,XY,12
Animalia|Insecta|Diptera|Tephritidae|Bactrocera|latifrons,latifrons,Animalia,Insecta,Diptera,Tephritidae,Bactrocera,latifrons,Achiasmatic,Achiasmatic,Heterogametic,XY,12
Animalia|Insecta|Diptera|Tephritidae|Bactrocera|melastomatos,melastomatos,Animalia,Insecta,Diptera,Tephritidae,Bactrocera,melastomatos,Achiasmatic,Achiasmatic,Heterogametic,XY,12
Animalia|Insecta|Diptera|Tephritidae|Bactrocera|modican.comb.,modican.comb.,Animalia,Insecta,Diptera,Tephritidae,Bactrocera,modican.comb.,Achiasmatic,Achiasmatic,Heterogametic,XY,12
Animalia|Insecta|Diptera|Tephritidae|Bactrocera|oleae,oleae,Animalia,Insecta,Diptera,Tephritidae,Bactrocera,oleae,Achiasmatic,Achiasmatic,Heterogametic,XY,12
Animalia|Insecta|Diptera|Tephritidae|Bactrocera|propinqua,propinqua,Animalia,Insecta,Diptera,Tephritidae,Bactrocera,propinqua,Achiasmatic,Achiasmatic,Heterogametic,XY,12
Animalia|Insecta|Diptera|Tephritidae|Bactrocera|pyrifoliae,pyrifoliae,Animalia,Insecta,Diptera,Tephritidae,Bactrocera,pyrifoliae,Achiasmatic,Achiasmatic,Heterogametic,XY,12
Animalia|Insecta|Diptera|Tephritidae|Bactrocera|rubellan.comb.,rubellan.comb.,Animalia,Insecta,Diptera,Tephritidae,Bactrocera,rubellan.comb.,Achiasmatic,Achiasmatic,Heterogametic,XY,12
Animalia|Insecta|Diptera|Tephritidae|Bactrocera|scutellaris,scutellaris,Animalia,Insecta,Diptera,Tephritidae,Bactrocera,scutellaris,Achiasmatic,Achiasmatic,Heterogametic,XY,12
Animalia|Insecta|Diptera|Tephritidae|Bactrocera|tau,tau,Animalia,Insecta,Diptera,Tephritidae,Bactrocera,tau,Achiasmatic,Achiasmatic,Heterogametic,XY,12
Animalia|Insecta|Diptera|Tephritidae|Bactrocera|zonatus,zonatus,Animalia,Insecta,Diptera,Tephritidae,Bactrocera,zonatus,Achiasmatic,Achiasmatic,Heterogametic,XY,12
Animalia|Insecta|Diptera|Tephritidae|Cecidocharella|borrichia,borrichia,Animalia,Insecta,Diptera,Tephritidae,Cecidocharella,borrichia,Achiasmatic,Achiasmatic,Heterogametic,ZW,12
Animalia|Insecta|Diptera|Tephritidae|Ceratitis|capitata,capitata,Animalia,Insecta,Diptera,Tephritidae,Ceratitis,capitata,Achiasmatic,Achiasmatic,Heterogametic,XY,12
Animalia|Insecta|Diptera|Tephritidae|Ceratitis|fasciventris,fasciventris,Animalia,Insecta,Diptera,Tephritidae,Ceratitis,fasciventris,Achiasmatic,Achiasmatic,Heterogametic,NA,12
Animalia|Insecta|Diptera|Tephritidae|Ceratitis|rosa,rosa,Animalia,Insecta,Diptera,Tephritidae,Ceratitis,rosa,Achiasmatic,Achiasmatic,Heterogametic,XY,12
Animalia|Insecta|Diptera|Tephritidae|Chrysotrypanea|sp,sp,Animalia,Insecta,Diptera,Tephritidae,Chrysotrypanea,sp,Achiasmatic,Achiasmatic,Heterogametic,ZW,12
Animalia|Insecta|Diptera|Tephritidae|Chrysotrypanea|trifasciata,trifasciata,Animalia,Insecta,Diptera,Tephritidae,Chrysotrypanea,trifasciata,Achiasmatic,Achiasmatic,Heterogametic,ZW,12
Animalia|Insecta|Diptera|Tephritidae|Dacus|ciliatus,ciliatus,Animalia,Insecta,Diptera,Tephritidae,Dacus,ciliatus,Achiasmatic,Achiasmatic,Heterogametic,XY,12
Animalia|Insecta|Diptera|Tephritidae|Dacus|olea,olea,Animalia,Insecta,Diptera,Tephritidae,Dacus,olea,Achiasmatic,Achiasmatic,Heterogametic,XY,12
Animalia|Insecta|Diptera|Tephritidae|Dioxina|chilensis,chilensis,Animalia,Insecta,Diptera,Tephritidae,Dioxina,chilensis,Achiasmatic,Achiasmatic,Heterogametic,NA,12
Animalia|Insecta|Diptera|Tephritidae|Diplodacus|sienatiles,sienatiles,Animalia,Insecta,Diptera,Tephritidae,Diplodacus,sienatiles,Achiasmatic,Achiasmatic,Heterogametic,XY,12
Animalia|Insecta|Diptera|Tephritidae|Dyseuaresta|impluvita,impluvita,Animalia,Insecta,Diptera,Tephritidae,Dyseuaresta,impluvita,Achiasmatic,Achiasmatic,Heterogametic,NA,12
Animalia|Insecta|Diptera|Tephritidae|Dyseuaresta|mexicana,mexicana,Animalia,Insecta,Diptera,Tephritidae,Dyseuaresta,mexicana,Achiasmatic,Achiasmatic,Heterogametic,NA,12
Animalia|Insecta|Diptera|Tephritidae|Epochra|canadensis,canadensis,Animalia,Insecta,Diptera,Tephritidae,Epochra,canadensis,Achiasmatic,Achiasmatic,Heterogametic,XY,10
Animalia|Insecta|Diptera|Tephritidae|Euaresta|melanogaster,melanogaster,Animalia,Insecta,Diptera,Tephritidae,Euaresta,melanogaster,Achiasmatic,Achiasmatic,Heterogametic,NA,12
Animalia|Insecta|Diptera|Tephritidae|Procecidochares|utilis,utilis,Animalia,Insecta,Diptera,Tephritidae,Procecidochares,utilis,Achiasmatic,Achiasmatic,Heterogametic,XY,12
Animalia|Insecta|Diptera|Tephritidae|Rhachiptera|limbata,limbata,Animalia,Insecta,Diptera,Tephritidae,Rhachiptera,limbata,Achiasmatic,Achiasmatic,Heterogametic,ZW,12
Animalia|Insecta|Diptera|Tephritidae|Rhagoletis|basiola,basiola,Animalia,Insecta,Diptera,Tephritidae,Rhagoletis,basiola,Achiasmatic,Achiasmatic,Heterogametic,XY,10
Animalia|Insecta|Diptera|Tephritidae|Rhagoletis|berberedis,berberedis,Animalia,Insecta,Diptera,Tephritidae,Rhagoletis,berberedis,Achiasmatic,Achiasmatic,Heterogametic,XY,12
Animalia|Insecta|Diptera|Tephritidae|Rhagoletis|berberidis,berberidis,Animalia,Insecta,Diptera,Tephritidae,Rhagoletis,berberidis,Achiasmatic,Achiasmatic,Heterogametic,NA,12
Animalia|Insecta|Diptera|Tephritidae|Rhagoletis|berberis,berberis,Animalia,Insecta,Diptera,Tephritidae,Rhagoletis,berberis,Achiasmatic,Achiasmatic,Heterogametic,NA,10
Animalia|Insecta|Diptera|Tephritidae|Rhagoletis|boycei,boycei,Animalia,Insecta,Diptera,Tephritidae,Rhagoletis,boycei,Achiasmatic,Achiasmatic,Heterogametic,NA,12
Animalia|Insecta|Diptera|Tephritidae|Rhagoletis|cerasi,cerasi,Animalia,Insecta,Diptera,Tephritidae,Rhagoletis,cerasi,Achiasmatic,Achiasmatic,Heterogametic,XY,12
Animalia|Insecta|Diptera|Tephritidae|Rhagoletis|cingulata,cingulata,Animalia,Insecta,Diptera,Tephritidae,Rhagoletis,cingulata,Achiasmatic,Achiasmatic,Heterogametic,NA,12
Animalia|Insecta|Diptera|Tephritidae|Rhagoletis|completa,completa,Animalia,Insecta,Diptera,Tephritidae,Rhagoletis,completa,Achiasmatic,Achiasmatic,Heterogametic,NA,12
Animalia|Insecta|Diptera|Tephritidae|Rhagoletis|conivora,conivora,Animalia,Insecta,Diptera,Tephritidae,Rhagoletis,conivora,Achiasmatic,Achiasmatic,Heterogametic,XY,12
Animalia|Insecta|Diptera|Tephritidae|Rhagoletis|conversa,conversa,Animalia,Insecta,Diptera,Tephritidae,Rhagoletis,conversa,Achiasmatic,Achiasmatic,Heterogametic,XY,12
Animalia|Insecta|Diptera|Tephritidae|Rhagoletis|fausta,fausta,Animalia,Insecta,Diptera,Tephritidae,Rhagoletis,fausta,Achiasmatic,Achiasmatic,Heterogametic,NA,12
Animalia|Insecta|Diptera|Tephritidae|Rhagoletis|indifferens,indifferens,Animalia,Insecta,Diptera,Tephritidae,Rhagoletis,indifferens,Achiasmatic,Achiasmatic,Heterogametic,NA,12
Animalia|Insecta|Diptera|Tephritidae|Rhagoletis|jungladis,jungladis,Animalia,Insecta,Diptera,Tephritidae,Rhagoletis,jungladis,Achiasmatic,Achiasmatic,Heterogametic,NA,12
Animalia|Insecta|Diptera|Tephritidae|Rhagoletis|juniperina,juniperina,Animalia,Insecta,Diptera,Tephritidae,Rhagoletis,juniperina,Achiasmatic,Achiasmatic,Heterogametic,NA,12
Animalia|Insecta|Diptera|Tephritidae|Rhagoletis|meigeni,meigeni,Animalia,Insecta,Diptera,Tephritidae,Rhagoletis,meigeni,Achiasmatic,Achiasmatic,Heterogametic,XO,10
Animalia|Insecta|Diptera|Tephritidae|Rhagoletis|mendax,mendax,Animalia,Insecta,Diptera,Tephritidae,Rhagoletis,mendax,Achiasmatic,Achiasmatic,Heterogametic,NA,12
Animalia|Insecta|Diptera|Tephritidae|Rhagoletis|nova,nova,Animalia,Insecta,Diptera,Tephritidae,Rhagoletis,nova,Achiasmatic,Achiasmatic,Heterogametic,XY,12
Animalia|Insecta|Diptera|Tephritidae|Rhagoletis|pomella,pomella,Animalia,Insecta,Diptera,Tephritidae,Rhagoletis,pomella,Achiasmatic,Achiasmatic,Heterogametic,NA,12
Animalia|Insecta|Diptera|Tephritidae|Rhagoletis|ribicola,ribicola,Animalia,Insecta,Diptera,Tephritidae,Rhagoletis,ribicola,Achiasmatic,Achiasmatic,Heterogametic,NA,12
Animalia|Insecta|Diptera|Tephritidae|Rhagoletis|striatelia,striatelia,Animalia,Insecta,Diptera,Tephritidae,Rhagoletis,striatelia,Achiasmatic,Achiasmatic,Heterogametic,NA,12
Animalia|Insecta|Diptera|Tephritidae|Rhagoletis|suavis,suavis,Animalia,Insecta,Diptera,Tephritidae,Rhagoletis,suavis,Achiasmatic,Achiasmatic,Heterogametic,NA,12
Animalia|Insecta|Diptera|Tephritidae|Rhagoletis|tabelaria,tabelaria,Animalia,Insecta,Diptera,Tephritidae,Rhagoletis,tabelaria,Achiasmatic,Achiasmatic,Heterogametic,NA,12
Animalia|Insecta|Diptera|Tephritidae|Rhagoletis|tomatis,tomatis,Animalia,Insecta,Diptera,Tephritidae,Rhagoletis,tomatis,Achiasmatic,Achiasmatic,Heterogametic,XY,12
Animalia|Insecta|Diptera|Tephritidae|Rhagoletis|zephyria,zephyria,Animalia,Insecta,Diptera,Tephritidae,Rhagoletis,zephyria,Achiasmatic,Achiasmatic,Heterogametic,NA,12
Animalia|Insecta|Diptera|Tephritidae|Rhagoletis|zoqui,zoqui,Animalia,Insecta,Diptera,Tephritidae,Rhagoletis,zoqui,Achiasmatic,Achiasmatic,Heterogametic,NA,12
Animalia|Insecta|Diptera|Tephritidae|Strumata|bryoniae,bryoniae,Animalia,Insecta,Diptera,Tephritidae,Strumata,bryoniae,Achiasmatic,Achiasmatic,Heterogametic,XY,12
Animalia|Insecta|Diptera|Tephritidae|Strumata|cacuminata,cacuminata,Animalia,Insecta,Diptera,Tephritidae,Strumata,cacuminata,Achiasmatic,Achiasmatic,Heterogametic,XY,12
Animalia|Insecta|Diptera|Tephritidae|Strumata|humeralis,humeralis,Animalia,Insecta,Diptera,Tephritidae,Strumata,humeralis,Achiasmatic,Achiasmatic,Heterogametic,XY,12
Animalia|Insecta|Diptera|Tephritidae|Strumata|tryoni,tryoni,Animalia,Insecta,Diptera,Tephritidae,Strumata,tryoni,Achiasmatic,Achiasmatic,Heterogametic,XY,12
Animalia|Insecta|Diptera|Tephritidae|Tehpritis|arnicae,arnicae,Animalia,Insecta,Diptera,Tephritidae,Tehpritis,arnicae,Achiasmatic,Achiasmatic,Heterogametic,XY,12
Animalia|Insecta|Diptera|Tephritidae|Tephritis|arnicae,arnicae,Animalia,Insecta,Diptera,Tephritidae,Tephritis,arnicae,Achiasmatic,Achiasmatic,Heterogametic,XO,12
Animalia|Insecta|Diptera|Tephritidae|Tephritis|sp.,sp.,Animalia,Insecta,Diptera,Tephritidae,Tephritis,sp.,Achiasmatic,Achiasmatic,Heterogametic,ZW,12
Animalia|Insecta|Diptera|Tephritidae|Trirhithrum|coffeae,coffeae,Animalia,Insecta,Diptera,Tephritidae,Trirhithrum,coffeae,Achiasmatic,Achiasmatic,Heterogametic,XY,12
Animalia|Insecta|Diptera|Tephritidae|Trupanea|chrysanthemifolii,chrysanthemifolii,Animalia,Insecta,Diptera,Tephritidae,Trupanea,chrysanthemifolii,Achiasmatic,Achiasmatic,Heterogametic,NA,12
Animalia|Insecta|Diptera|Tephritidae|Trupanea|foliosi,foliosi,Animalia,Insecta,Diptera,Tephritidae,Trupanea,foliosi,Achiasmatic,Achiasmatic,Heterogametic,NA,12
Animalia|Insecta|Diptera|Tephritidae|Trupanea|footei,footei,Animalia,Insecta,Diptera,Tephritidae,Trupanea,footei,Achiasmatic,Achiasmatic,Heterogametic,NA,12
Animalia|Insecta|Diptera|Tephritidae|Trupanea|thuriferae,thuriferae,Animalia,Insecta,Diptera,Tephritidae,Trupanea,thuriferae,Achiasmatic,Achiasmatic,Heterogametic,NA,12
Animalia|Insecta|Diptera|Tephritidae|Trypanaresta|marisolae,marisolae,Animalia,Insecta,Diptera,Tephritidae,Trypanaresta,marisolae,Achiasmatic,Achiasmatic,Heterogametic,NA,12
Animalia|Insecta|Diptera|Tephritidae|Zonosemata|electa,electa,Animalia,Insecta,Diptera,Tephritidae,Zonosemata,electa,Achiasmatic,Achiasmatic,Heterogametic,XY,12
Animalia|Insecta|Diptera|Tephritidae|Zonosemata|vittigera,vittigera,Animalia,Insecta,Diptera,Tephritidae,Zonosemata,vittigera,Achiasmatic,Achiasmatic,Heterogametic,XY,12
Animalia|Insecta|Diptera|Thaumaleidae|Thaumalea|testacea,testacea,Animalia,Insecta,Diptera,Thaumaleidae,Thaumalea,testacea,Achiasmatic,Achiasmatic,Heterogametic,XY,6
Animalia|Insecta|Diptera|Tipulidae|Tipula|maxima,maxima,Animalia,Insecta,Diptera,Tipulidae,Tipula,maxima,Achiasmatic,Achiasmatic,Heterogametic,NA,0
Animalia|Insecta|Diptera|Ulidiidae|Camptoneura|picta,picta,Animalia,Insecta,Diptera,Ulidiidae,Camptoneura,picta,Achiasmatic,Achiasmatic,Heterogametic,NA,12
Animalia|Insecta|Diptera|Ulidiidae|Ceroxys|latiusculus,latiusculus,Animalia,Insecta,Diptera,Ulidiidae,Ceroxys,latiusculus,Achiasmatic,Achiasmatic,Heterogametic,XY,12
Animalia|Insecta|Diptera|Ulidiidae|Ceroxys|urticae,urticae,Animalia,Insecta,Diptera,Ulidiidae,Ceroxys,urticae,Achiasmatic,Achiasmatic,Heterogametic,XY,12
Animalia|Insecta|Diptera|Ulidiidae|Chaetopsis|fulvifrons,fulvifrons,Animalia,Insecta,Diptera,Ulidiidae,Chaetopsis,fulvifrons,Achiasmatic,Achiasmatic,Heterogametic,NA,8
Animalia|Insecta|Diptera|Ulidiidae|Chaetopsis|ulvi,ulvi,Animalia,Insecta,Diptera,Ulidiidae,Chaetopsis,ulvi,Achiasmatic,Achiasmatic,Heterogametic,NA,8
Animalia|Insecta|Diptera|Ulidiidae|Delphinia|picta,picta,Animalia,Insecta,Diptera,Ulidiidae,Delphinia,picta,Achiasmatic,Achiasmatic,Heterogametic,XY,12
Animalia|Insecta|Diptera|Ulidiidae|Euxesta|notata,notata,Animalia,Insecta,Diptera,Ulidiidae,Euxesta,notata,Achiasmatic,Achiasmatic,Heterogametic,XY,12
Animalia|Insecta|Diptera|Ulidiidae|Euxesta|notatasp.1,notatasp.1,Animalia,Insecta,Diptera,Ulidiidae,Euxesta,notatasp.1,Achiasmatic,Achiasmatic,Heterogametic,XY,12
Animalia|Insecta|Diptera|Ulidiidae|Euxesta|notatasp.2,notatasp.2,Animalia,Insecta,Diptera,Ulidiidae,Euxesta,notatasp.2,Achiasmatic,Achiasmatic,Heterogametic,XY,12
Animalia|Insecta|Diptera|Ulidiidae|Euxesta|sp1.,sp1.,Animalia,Insecta,Diptera,Ulidiidae,Euxesta,sp1.,Achiasmatic,Achiasmatic,Heterogametic,XY,12
Animalia|Insecta|Diptera|Ulidiidae|Euxesta|sp2.,sp2.,Animalia,Insecta,Diptera,Ulidiidae,Euxesta,sp2.,Achiasmatic,Achiasmatic,Heterogametic,XY,12
Animalia|Insecta|Diptera|Ulidiidae|Melieria|crassipennis,crassipennis,Animalia,Insecta,Diptera,Ulidiidae,Melieria,crassipennis,Achiasmatic,Achiasmatic,Heterogametic,XY,8
Animalia|Insecta|Diptera|Ulidiidae|Melieria|crassipennisI,crassipennisI,Animalia,Insecta,Diptera,Ulidiidae,Melieria,crassipennisI,Achiasmatic,Achiasmatic,Heterogametic,XY,8
Animalia|Insecta|Diptera|Ulidiidae|Melieria|crassipennisII,crassipennisII,Animalia,Insecta,Diptera,Ulidiidae,Melieria,crassipennisII,Achiasmatic,Achiasmatic,Heterogametic,XY,8
Animalia|Insecta|Diptera|Ulidiidae|Myrmecotheca|myrmecoides,myrmecoides,Animalia,Insecta,Diptera,Ulidiidae,Myrmecotheca,myrmecoides,Achiasmatic,Achiasmatic,Heterogametic,XY,12
Animalia|Insecta|Diptera|Ulidiidae|Physiphora|aenea,aenea,Animalia,Insecta,Diptera,Ulidiidae,Physiphora,aenea,Achiasmatic,Achiasmatic,Heterogametic,XY,10
Animalia|Insecta|Diptera|Ulidiidae|Pterocalla|sp.,sp.,Animalia,Insecta,Diptera,Ulidiidae,Pterocalla,sp.,Achiasmatic,Achiasmatic,Heterogametic,XY,10
Animalia|Insecta|Diptera|Ulidiidae|Seioptera|vibrans,vibrans,Animalia,Insecta,Diptera,Ulidiidae,Seioptera,vibrans,Achiasmatic,Achiasmatic,Heterogametic,XY,6
Animalia|Insecta|Diptera|Xylomyidae|Solva|pallipes,pallipes,Animalia,Insecta,Diptera,Xylomyidae,Solva,pallipes,Achiasmatic,Achiasmatic,Heterogametic,XY,10
Animalia|Insecta|Hemiptera|Belostomatidae|Belostoma|candidulum,candidulum,Animalia,Insecta,Hemiptera,Belostomatidae,Belostoma,candidulum,Achiasmatic,Achiasmatic,NA,NA,14
Animalia|Insecta|Hemiptera|Belostomatidae|Belostoma|cummings,cummings,Animalia,Insecta,Hemiptera,Belostomatidae,Belostoma,cummings,Achiasmatic,Achiasmatic,NA,NA,22
Animalia|Insecta|Hemiptera|Belostomatidae|Belostoma|dentatum,dentatum,Animalia,Insecta,Hemiptera,Belostomatidae,Belostoma,dentatum,Achiasmatic,Achiasmatic,NA,NA,26
Animalia|Insecta|Hemiptera|Belostomatidae|Belostoma|dialatatum,dialatatum,Animalia,Insecta,Hemiptera,Belostomatidae,Belostoma,dialatatum,Achiasmatic,Achiasmatic,NA,NA,26
Animalia|Insecta|Hemiptera|Belostomatidae|Belostoma|discretum,discretum,Animalia,Insecta,Hemiptera,Belostomatidae,Belostoma,discretum,Achiasmatic,Achiasmatic,NA,NA,26
Animalia|Insecta|Hemiptera|Belostomatidae|Belostoma|elongatum,elongatum,Animalia,Insecta,Hemiptera,Belostomatidae,Belostoma,elongatum,Achiasmatic,Achiasmatic,NA,NA,26
Animalia|Insecta|Hemiptera|Belostomatidae|Belostoma|gestroi,gestroi,Animalia,Insecta,Hemiptera,Belostomatidae,Belostoma,gestroi,Achiasmatic,Achiasmatic,NA,NA,26
Animalia|Insecta|Hemiptera|Belostomatidae|Belostoma|horvathi,horvathi,Animalia,Insecta,Hemiptera,Belostomatidae,Belostoma,horvathi,Achiasmatic,Achiasmatic,NA,NA,14
Animalia|Insecta|Hemiptera|Belostomatidae|Belostoma|sp.,sp.,Animalia,Insecta,Hemiptera,Belostomatidae,Belostoma,sp.,Achiasmatic,Achiasmatic,Heterogametic,XY,16
Animalia|Insecta|Hemiptera|Belostomatidae|Belostoma|testacopallidum,testacopallidum,Animalia,Insecta,Hemiptera,Belostomatidae,Belostoma,testacopallidum,Achiasmatic,Achiasmatic,NA,NA,26
Animalia|Insecta|Hemiptera|Cimicidae|Acanthocrios|furnarii,furnarii,Animalia,Insecta,Hemiptera,Cimicidae,Acanthocrios,furnarii,Achiasmatic,Achiasmatic,Heterogametic,XY,12
Animalia|Insecta|Hemiptera|Cimicidae|Cimex|sp.,sp.,Animalia,Insecta,Hemiptera,Cimicidae,Cimex,sp.,Achiasmatic,Achiasmatic,Heterogametic,NA,0
Animalia|Insecta|Hemiptera|Cimicidae|Cyanolicimex|patagonicus,patagonicus,Animalia,Insecta,Hemiptera,Cimicidae,Cyanolicimex,patagonicus,Achiasmatic,Achiasmatic,Heterogametic,XY,31
Animalia|Insecta|Hemiptera|Cimicidae|Psitticimex|uritui,uritui,Animalia,Insecta,Hemiptera,Cimicidae,Psitticimex,uritui,Achiasmatic,Achiasmatic,Heterogametic,XY,28
Animalia|Insecta|Hemiptera|Cimicinae|Cimex|sp,sp,Animalia,Insecta,Hemiptera,Cimicinae,Cimex,sp,Achiasmatic,Achiasmatic,Heterogametic,NA,28
Animalia|Insecta|Hemiptera|Coreidae|Camptischium|clavipes,clavipes,Animalia,Insecta,Hemiptera,Coreidae,Camptischium,clavipes,Achiasmatic,Achiasmatic,NA,NA,21
Animalia|Insecta|Hemiptera|Corixidae|Cymatia|coleoptrata,coleoptrata,Animalia,Insecta,Hemiptera,Corixidae,Cymatia,coleoptrata,Achiasmatic,Achiasmatic,Heterogametic,XY,24
Animalia|Insecta|Hemiptera|Corixidae|Cymatia|rogenhoferi,rogenhoferi,Animalia,Insecta,Hemiptera,Corixidae,Cymatia,rogenhoferi,Achiasmatic,Achiasmatic,Heterogametic,XY,33
Animalia|Insecta|Hemiptera|Largidae|Largus|rufipennis,rufipennis,Animalia,Insecta,Hemiptera,Largidae,Largus,rufipennis,Achiasmatic,Achiasmatic,Heterogametic,NA,13
Animalia|Insecta|Hemiptera|Micronectidae|Micronecta|griseola,griseola,Animalia,Insecta,Hemiptera,Micronectidae,Micronecta,griseola,Achiasmatic,Achiasmatic,Heterogametic,XY,22
Animalia|Insecta|Hemiptera|Micronectidae|Micronecta|poweri,poweri,Animalia,Insecta,Hemiptera,Micronectidae,Micronecta,poweri,Achiasmatic,Achiasmatic,Heterogametic,XY,22
Animalia|Insecta|Hemiptera|Micronectidae|Micronecta|scholtzi,scholtzi,Animalia,Insecta,Hemiptera,Micronectidae,Micronecta,scholtzi,Achiasmatic,Achiasmatic,Heterogametic,XY,22
Animalia|Insecta|Hemiptera|Micronectidae|Tenagobia|fuscata,fuscata,Animalia,Insecta,Hemiptera,Micronectidae,Tenagobia,fuscata,Achiasmatic,Achiasmatic,Heterogametic,XY,28
Animalia|Insecta|Hemiptera|Miridae|Calocoris|quadripunctatus,quadripunctatus,Animalia,Insecta,Hemiptera,Miridae,Calocoris,quadripunctatus,Achiasmatic,Achiasmatic,Heterogametic,NA,0
Animalia|Insecta|Hemiptera|Miridae|Capsus|ater,ater,Animalia,Insecta,Hemiptera,Miridae,Capsus,ater,Achiasmatic,Achiasmatic,Heterogametic,NA,32
Animalia|Insecta|Hemiptera|Miridae|Myrmedobia|coleoptrata,coleoptrata,Animalia,Insecta,Hemiptera,Miridae,Myrmedobia,coleoptrata,Achiasmatic,Achiasmatic,Heterogametic,XY,14
Animalia|Insecta|Hemiptera|Miridae|Pilophorus|cinnamopterus,cinnamopterus,Animalia,Insecta,Hemiptera,Miridae,Pilophorus,cinnamopterus,Achiasmatic,Achiasmatic,Heterogametic,NA,0
Animalia|Insecta|Hemiptera|Miridae|Plagiognathus|arbustorum,arbustorum,Animalia,Insecta,Hemiptera,Miridae,Plagiognathus,arbustorum,Achiasmatic,Achiasmatic,Heterogametic,XY,12
Animalia|Insecta|Hemiptera|Nabidae|Himacerus|apterus,apterus,Animalia,Insecta,Hemiptera,Nabidae,Himacerus,apterus,Distance Pairing,NA,Heterogametic,XY,18
Animalia|Insecta|Hemiptera|Nabidae|Himacerus|maracandicus,maracandicus,Animalia,Insecta,Hemiptera,Nabidae,Himacerus,maracandicus,Distance pairing,NA,Heterogametic,XY,34
Animalia|Insecta|Hemiptera|Nabidae|Himacerus|mirmicoides,mirmicoides,Animalia,Insecta,Hemiptera,Nabidae,Himacerus,mirmicoides,Distance pairing,NA,Heterogametic,XY,34
Animalia|Insecta|Hemiptera|Nabidae|Hoplistoscelis|sordidus,sordidus,Animalia,Insecta,Hemiptera,Nabidae,Hoplistoscelis,sordidus,Distance pairing,NA,Heterogametic,XY,18
Animalia|Insecta|Hemiptera|Nabidae|Nabis|rugosus,rugosus,Animalia,Insecta,Hemiptera,Nabidae,Nabis,rugosus,Distance pairing,NA,Heterogametic,XY,18
Animalia|Insecta|Hemiptera|Nabidae|Nabis|brevis,brevis,Animalia,Insecta,Hemiptera,Nabidae,Nabis,brevis,Achiasmatic,Achiasmatic,Heterogametic,XY,18
Animalia|Insecta|Hemiptera|Nabidae|Nabis|ericetorum,ericetorum,Animalia,Insecta,Hemiptera,Nabidae,Nabis,ericetorum,Distance Pairing,NA,NA,NA,0
Animalia|Insecta|Hemiptera|Nabidae|Nabis|ferus,ferus,Animalia,Insecta,Hemiptera,Nabidae,Nabis,ferus,Distance pairing,NA,Heterogametic,XY,18
Animalia|Insecta|Hemiptera|Nabidae|Nabis|flavomarginatus,flavomarginatus,Animalia,Insecta,Hemiptera,Nabidae,Nabis,flavomarginatus,Achiasmatic,Achiasmatic,Heterogametic,XY,18
Animalia|Insecta|Hemiptera|Nabidae|Nabis|indicus,indicus,Animalia,Insecta,Hemiptera,Nabidae,Nabis,indicus,Distance pairing,NA,Heterogametic,XY,34
Animalia|Insecta|Hemiptera|Nabidae|Nabis|limbatrus,limbatrus,Animalia,Insecta,Hemiptera,Nabidae,Nabis,limbatrus,Distance Pairing,NA,NA,NA,0
Animalia|Insecta|Hemiptera|Nabidae|Nabis|limbatus,limbatus,Animalia,Insecta,Hemiptera,Nabidae,Nabis,limbatus,Achiasmatic,Achiasmatic,Heterogametic,XY,18
Animalia|Insecta|Hemiptera|Nabidae|Nabis|meridionalis,meridionalis,Animalia,Insecta,Hemiptera,Nabidae,Nabis,meridionalis,Distance pairing,NA,Heterogametic,XY,18
Animalia|Insecta|Hemiptera|Nabidae|Nabis|pallidus,pallidus,Animalia,Insecta,Hemiptera,Nabidae,Nabis,pallidus,Distance pairing,NA,Heterogametic,XY,34
Animalia|Insecta|Hemiptera|Nabidae|Nabis|pseudoferus,pseudoferus,Animalia,Insecta,Hemiptera,Nabidae,Nabis,pseudoferus,Distance pairing,NA,Heterogametic,XY,18
Animalia|Insecta|Hemiptera|Nabidae|Nabis|pseudoferus pseudoferus,pseudoferus pseudoferus,Animalia,Insecta,Hemiptera,Nabidae,Nabis,pseudoferus pseudoferus,Distance Pairing,NA,NA,NA,0
Animalia|Insecta|Hemiptera|Nabidae|Nabis|punctatus,punctatus,Animalia,Insecta,Hemiptera,Nabidae,Nabis,punctatus,Distance pairing,NA,Heterogametic,XY,18
Animalia|Insecta|Hemiptera|Nabidae|Nabis|reuteri,reuteri,Animalia,Insecta,Hemiptera,Nabidae,Nabis,reuteri,Distance pairing,NA,Heterogametic,XY,18
Animalia|Insecta|Hemiptera|Nabidae|Nabis|sareptanus,sareptanus,Animalia,Insecta,Hemiptera,Nabidae,Nabis,sareptanus,Distance pairing,NA,Heterogametic,XY,34
Animalia|Insecta|Hemiptera|Nabidae|Nabis|sp.,sp.,Animalia,Insecta,Hemiptera,Nabidae,Nabis,sp.,Achiasmatic,Achiasmatic,NA,NA,0
Animalia|Insecta|Hemiptera|Nabidae|Nabis|stenoferus,stenoferus,Animalia,Insecta,Hemiptera,Nabidae,Nabis,stenoferus,Distance pairing,NA,Heterogametic,XY,18
Animalia|Insecta|Hemiptera|Nabidae|Nabis|tesquorum,tesquorum,Animalia,Insecta,Hemiptera,Nabidae,Nabis,tesquorum,Distance pairing,NA,Heterogametic,XY,18
Animalia|Insecta|Hemiptera|Nabidae|Nabis|ussuriensis,ussuriensis,Animalia,Insecta,Hemiptera,Nabidae,Nabis,ussuriensis,Distance pairing,NA,Heterogametic,XY,18
Animalia|Insecta|Hemiptera|Nabidae|Nabis|viridulus,viridulus,Animalia,Insecta,Hemiptera,Nabidae,Nabis,viridulus,Distance pairing,NA,Heterogametic,XY,34
Animalia|Insecta|Hemiptera|Nabidae|Pagasa|fusca,fusca,Animalia,Insecta,Hemiptera,Nabidae,Pagasa,fusca,Distance pairing,NA,Heterogametic,XY,0
Animalia|Insecta|Hemiptera|Pentatomidae|Acledra|bonariensis,bonariensis,Animalia,Insecta,Hemiptera,Pentatomidae,Acledra,bonariensis,Achiasmatic,Achiasmatic,Heterogametic,XY,12
Animalia|Insecta|Hemiptera|Pentatomidae|Acledra|kinbergii,kinbergii,Animalia,Insecta,Hemiptera,Pentatomidae,Acledra,kinbergii,Achiasmatic,Achiasmatic,Heterogametic,XY,14
Animalia|Insecta|Hemiptera|Pentatomidae|Acledra|modesta,modesta,Animalia,Insecta,Hemiptera,Pentatomidae,Acledra,modesta,Achiasmatic,Achiasmatic,Heterogametic,XY,14
Animalia|Insecta|Hemiptera|Pentatomidae|Loxa|flavicolis,flavicolis,Animalia,Insecta,Hemiptera,Pentatomidae,Loxa,flavicolis,Asynaptic,Asynaptic,NA,NA,0
Animalia|Insecta|Hemiptera|Psyllidae|Cacopsylla|myrtilli,myrtilli,Animalia,Insecta,Hemiptera,Psyllidae,Cacopsylla,myrtilli,Asynaptic,Asynaptic,Heterogametic,XY,0
Animalia|Insecta|Hemiptera|Psyllidae|Cacopsylla|peregrina,peregrina,Animalia,Insecta,Hemiptera,Psyllidae,Cacopsylla,peregrina,Achiasmatic,Achiasmatic,Heterogametic,XY,0
Animalia|Insecta|Hemiptera|Psyllidae|Heteropsylla|cubana,cubana,Animalia,Insecta,Hemiptera,Psyllidae,Heteropsylla,cubana,Achiasmatic,Achiasmatic,Heterogametic,XY,24
Animalia|Insecta|Hemiptera|Pyrrhocoridae|Dysdercus|intermedius,intermedius,Animalia,Insecta,Hemiptera,Pyrrhocoridae,Dysdercus,intermedius,Achiasmatic,Achiasmatic,Heterogametic,NA,0
Animalia|Insecta|Hemiptera|Reduviidae|Microtomus|lunifer,lunifer,Animalia,Insecta,Hemiptera,Reduviidae,Microtomus,lunifer,Achiasmatic,Achiasmatic,Heterogametic,XY,31
Animalia|Insecta|Hemiptera|Reduviidae|Rhodnius|pallescens,pallescens,Animalia,Insecta,Hemiptera,Reduviidae,Rhodnius,pallescens,Achiasmatic,Achiasmatic,NA,NA,22
Animalia|Insecta|Hemiptera|Saldidae|Saldula|orthochila,orthochila,Animalia,Insecta,Hemiptera,Saldidae,Saldula,orthochila,Achiasmatic,Achiasmatic,Heterogametic,XY,32
Animalia|Insecta|Hemiptera|Saldidae|Saldula|saltatoria,saltatoria,Animalia,Insecta,Hemiptera,Saldidae,Saldula,saltatoria,Achiasmatic,Achiasmatic,Heterogametic,XY,32
Animalia|Insecta|Hemiptera|Saldidae|Saluda|orthothila,orthothila,Animalia,Insecta,Hemiptera,Saldidae,Saluda,orthothila,Achiasmatic,Achiasmatic,Heterogametic,XY,35
Animalia|Insecta|Hemiptera|Saldidae|Saluda|saltatoria,saltatoria,Animalia,Insecta,Hemiptera,Saldidae,Saluda,saltatoria,Achiasmatic,Achiasmatic,Heterogametic,XO,0
Animalia|Insecta|Hempitera|Reduviidae|Triatoma|melanosoma,melanosoma,Animalia,Insecta,Hempitera,Reduviidae,Triatoma,melanosoma,Achiasmatic,Achiasmatic,Heterogametic,XY,22
Animalia|Insecta|Hymenoptera|Trichogrammatidae|Trichogramma|cacoeciae,cacoeciae,Animalia,Insecta,Hymenoptera,Trichogrammatidae,Trichogramma,cacoeciae,Achiasmatic,Achiasmatic,Heterogametic,NA,10
Animalia|Insecta|Lepidoptera|Acrididae|Aiolopus|thalassiunus,thalassiunus,Animalia,Insecta,Lepidoptera,Acrididae,Aiolopus,thalassiunus,Asynaptic,Asynaptic,Heterogametic,NA,0
Animalia|Insecta|Lepidoptera|Belostomatidae|Belostoma|angustum,angustum,Animalia,Insecta,Lepidoptera,Belostomatidae,Belostoma,angustum,Achiasmatic,Achiasmatic,Heterogametic,ZW,29
Animalia|Insecta|Lepidoptera|Belostomatidae|Belostoma|nessimiani,nessimiani,Animalia,Insecta,Lepidoptera,Belostomatidae,Belostoma,nessimiani,Achiasmatic,Achiasmatic,Heterogametic,ZW,16
Animalia|Insecta|Lepidoptera|Belostomatidae|Belostoma|sanctulum,sanctulum,Animalia,Insecta,Lepidoptera,Belostomatidae,Belostoma,sanctulum,Achiasmatic,Achiasmatic,Heterogametic,ZW,16
Animalia|Insecta|Lepidoptera|Bombycidae|Bombyx|mandarina,mandarina,Animalia,Insecta,Lepidoptera,Bombycidae,Bombyx,mandarina,Achiasmatic,Achiasmatic,Heterogametic,NA,0
Animalia|Insecta|Lepidoptera|Bombycidae|Bombyx|mori,mori,Animalia,Insecta,Lepidoptera,Bombycidae,Bombyx,mori,Achiasmatic,Achiasmatic,Heterogametic,NA,0
Animalia|Insecta|Lepidoptera|Erebidae|Orgyia|antiqua,antiqua,Animalia,Insecta,Lepidoptera,Erebidae,Orgyia,antiqua,Achiasmatic,Achiasmatic,Heterogametic,NA,28
Animalia|Insecta|Lepidoptera|Erebidae|Orgyia|thyellina,thyellina,Animalia,Insecta,Lepidoptera,Erebidae,Orgyia,thyellina,Achiasmatic,Achiasmatic,Heterogametic,NA,22
Animalia|Insecta|Lepidoptera|Eriocraniidae|Eriocrania|semipurpurella,semipurpurella,Animalia,Insecta,Lepidoptera,Eriocraniidae,Eriocrania,semipurpurella,Achiasmatic,Achiasmatic,Heterogametic,NA,0
Animalia|Insecta|Lepidoptera|Geometridae|Cidaria|variata,variata,Animalia,Insecta,Lepidoptera,Geometridae,Cidaria,variata,Achiasmatic,Achiasmatic,Heterogametic,NA,0
Animalia|Insecta|Lepidoptera|Geometridae|Cideria|sp.,sp.,Animalia,Insecta,Lepidoptera,Geometridae,Cideria,sp.,Achiasmatic,Achiasmatic,Heterogametic,NA,0
Animalia|Insecta|Lepidoptera|Gracillariidae|Cameraria|ohridella,ohridella,Animalia,Insecta,Lepidoptera,Gracillariidae,Cameraria,ohridella,Achiasmatic,Achiasmatic,Heterogametic,ZW,60
Animalia|Insecta|Lepidoptera|Hepialidae|Hepialus|hecta,hecta,Animalia,Insecta,Lepidoptera,Hepialidae,Hepialus,hecta,Achiasmatic,Achiasmatic,Heterogametic,NA,0
Animalia|Insecta|Lepidoptera|Incurvariidae|Incurvaria|pectinea,pectinea,Animalia,Insecta,Lepidoptera,Incurvariidae,Incurvaria,pectinea,Achiasmatic,Achiasmatic,Heterogametic,NA,0
Animalia|Insecta|Lepidoptera|Lasiocampidae|Trabala|vishnu,vishnu,Animalia,Insecta,Lepidoptera,Lasiocampidae,Trabala,vishnu,Achiasmatic,Achiasmatic,Heterogametic,ZW,51
Animalia|Insecta|Lepidoptera|Lycaenidae|Polyommatus|admetus malievi,admetus malievi,Animalia,Insecta,Lepidoptera,Lycaenidae,Polyommatus,admetus malievi,Asynaptic,Asynaptic,Heterogametic,NA,0
Animalia|Insecta|Lepidoptera|Lycaenidae|Polyommatus|atlanticus,atlanticus,Animalia,Insecta,Lepidoptera,Lycaenidae,Polyommatus,atlanticus,Asynaptic,Asynaptic,Heterogametic,NA,0
Animalia|Insecta|Lepidoptera|Lycaenidae|Polyommatus|bogra birjandensis,bogra birjandensis,Animalia,Insecta,Lepidoptera,Lycaenidae,Polyommatus,bogra birjandensis,Asynaptic,Asynaptic,Heterogametic,NA,0
Animalia|Insecta|Lepidoptera|Lycaenidae|Polyommatus|ripartii pelopi,ripartii pelopi,Animalia,Insecta,Lepidoptera,Lycaenidae,Polyommatus,ripartii pelopi,Asynaptic,Asynaptic,Heterogametic,NA,180
Animalia|Insecta|Lepidoptera|Lycaenidae|Polyommatus|rjabovianus masul,rjabovianus masul,Animalia,Insecta,Lepidoptera,Lycaenidae,Polyommatus,rjabovianus masul,Asynaptic,Asynaptic,Heterogametic,NA,86
Animalia|Insecta|Lepidoptera|Lycaenidae|Polyommatus|rjabovianus rjabovianus,rjabovianus rjabovianus,Animalia,Insecta,Lepidoptera,Lycaenidae,Polyommatus,rjabovianus rjabovianus,Asynaptic,Asynaptic,Heterogametic,NA,98
Animalia|Insecta|Lepidoptera|Lycaenidae|Polyommatus|shirkuhensis,shirkuhensis,Animalia,Insecta,Lepidoptera,Lycaenidae,Polyommatus,shirkuhensis,Asynaptic,Asynaptic,Heterogametic,NA,42
Animalia|Insecta|Lepidoptera|Lycaenidae|Polyommatus|valiabadi,valiabadi,Animalia,Insecta,Lepidoptera,Lycaenidae,Polyommatus,valiabadi,Asynaptic,Asynaptic,Heterogametic,NA,46
Animalia|Insecta|Lepidoptera|Micropterigidae|Micropteryx|aureatella,aureatella,Animalia,Insecta,Lepidoptera,Micropterigidae,Micropteryx,aureatella,Achiasmatic,Achiasmatic,Heterogametic,NA,0
Animalia|Insecta|Lepidoptera|Noctuidae|Euxoa|annir,annir,Animalia,Insecta,Lepidoptera,Noctuidae,Euxoa,annir,Achiasmatic,Achiasmatic,Heterogametic,NA,62
Animalia|Insecta|Lepidoptera|Noctuidae|Euxoa|biformata,biformata,Animalia,Insecta,Lepidoptera,Noctuidae,Euxoa,biformata,Achiasmatic,Achiasmatic,Heterogametic,NA,62
Animalia|Insecta|Lepidoptera|Noctuidae|Euxoa|declarata,declarata,Animalia,Insecta,Lepidoptera,Noctuidae,Euxoa,declarata,Achiasmatic,Achiasmatic,Heterogametic,NA,62
Animalia|Insecta|Lepidoptera|Noctuidae|Euxoa|messoria,messoria,Animalia,Insecta,Lepidoptera,Noctuidae,Euxoa,messoria,Achiasmatic,Achiasmatic,Heterogametic,NA,62
Animalia|Insecta|Lepidoptera|Noctuidae|Euxoa|rockburnei,rockburnei,Animalia,Insecta,Lepidoptera,Noctuidae,Euxoa,rockburnei,Achiasmatic,Achiasmatic,Heterogametic,NA,62
Animalia|Insecta|Lepidoptera|Noctuidae|Euxoa|shasta,shasta,Animalia,Insecta,Lepidoptera,Noctuidae,Euxoa,shasta,Achiasmatic,Achiasmatic,Heterogametic,NA,62
Animalia|Insecta|Lepidoptera|Noctuidae|Helicoverpa|armigera,armigera,Animalia,Insecta,Lepidoptera,Noctuidae,Helicoverpa,armigera,Achiasmatic,Achiasmatic,Heterogametic,NA,62
Animalia|Insecta|Lepidoptera|Noctuidae|Helicoverpa|punctigera,punctigera,Animalia,Insecta,Lepidoptera,Noctuidae,Helicoverpa,punctigera,Achiasmatic,Achiasmatic,Heterogametic,NA,62
Animalia|Insecta|Lepidoptera|Noctuidae|Heliothis|subflexa,subflexa,Animalia,Insecta,Lepidoptera,Noctuidae,Heliothis,subflexa,Asynaptic,Asynaptic,Heterogametic,NA,0
Animalia|Insecta|Lepidoptera|Noctuidae|Heliothis|virescens,virescens,Animalia,Insecta,Lepidoptera,Noctuidae,Heliothis,virescens,Achiasmatic,Achiasmatic,Heterogametic,NA,0
Animalia|Insecta|Lepidoptera|Noctuidae|Orgyia|ericue,ericue,Animalia,Insecta,Lepidoptera,Noctuidae,Orgyia,ericue,Achiasmatic,Achiasmatic,Heterogametic,NA,60
Animalia|Insecta|Lepidoptera|Noctuidae|Orgyia|recens,recens,Animalia,Insecta,Lepidoptera,Noctuidae,Orgyia,recens,Achiasmatic,Achiasmatic,Heterogametic,NA,60
Animalia|Insecta|Lepidoptera|Noctuidae|Orgyia|thyellina,thyellina,Animalia,Insecta,Lepidoptera,Noctuidae,Orgyia,thyellina,Achiasmatic,Achiasmatic,Heterogametic,NA,22
Animalia|Insecta|Lepidoptera|Nymphalidae|Agraulis|vanillae,vanillae,Animalia,Insecta,Lepidoptera,Nymphalidae,Agraulis,vanillae,Achiasmatic,Achiasmatic,Heterogametic,NA,0
Animalia|Insecta|Lepidoptera|Nymphalidae|Charaxes|jasius,jasius,Animalia,Insecta,Lepidoptera,Nymphalidae,Charaxes,jasius,Achiasmatic,Achiasmatic,Both,ZW,50
Animalia|Insecta|Lepidoptera|Nymphalidae|Charexes|jasius,jasius,Animalia,Insecta,Lepidoptera,Nymphalidae,Charexes,jasius,Achiasmatic,Achiasmatic,Heterogametic,NA,0
Animalia|Insecta|Lepidoptera|Nymphalidae|Danaus|chrysippus,chrysippus,Animalia,Insecta,Lepidoptera,Nymphalidae,Danaus,chrysippus,Achiasmatic,Achiasmatic,Heterogametic,NA,0
Animalia|Insecta|Lepidoptera|Nymphalidae|Danaus|melanogaster,melanogaster,Animalia,Insecta,Lepidoptera,Nymphalidae,Danaus,melanogaster,Achiasmatic,Achiasmatic,Heterogametic,NA,0
Animalia|Insecta|Lepidoptera|Nymphalidae|Danaus|plexippus,plexippus,Animalia,Insecta,Lepidoptera,Nymphalidae,Danaus,plexippus,Achiasmatic,Achiasmatic,Heterogametic,NA,0
Animalia|Insecta|Lepidoptera|Nymphalidae|Dryadula|phaetusa,phaetusa,Animalia,Insecta,Lepidoptera,Nymphalidae,Dryadula,phaetusa,Achiasmatic,Achiasmatic,Heterogametic,NA,0
Animalia|Insecta|Lepidoptera|Nymphalidae|Heliconius|aliphera,aliphera,Animalia,Insecta,Lepidoptera,Nymphalidae,Heliconius,aliphera,Achiasmatic,Achiasmatic,Heterogametic,NA,0
Animalia|Insecta|Lepidoptera|Nymphalidae|Heliconius|doris,doris,Animalia,Insecta,Lepidoptera,Nymphalidae,Heliconius,doris,Achiasmatic,Achiasmatic,Heterogametic,NA,0
Animalia|Insecta|Lepidoptera|Nymphalidae|Heliconius|erato,erato,Animalia,Insecta,Lepidoptera,Nymphalidae,Heliconius,erato,Achiasmatic,Achiasmatic,Heterogametic,NA,0
Animalia|Insecta|Lepidoptera|Nymphalidae|Heliconius|ethilla,ethilla,Animalia,Insecta,Lepidoptera,Nymphalidae,Heliconius,ethilla,Achiasmatic,Achiasmatic,Heterogametic,NA,0
Animalia|Insecta|Lepidoptera|Nymphalidae|Heliconius|isabella,isabella,Animalia,Insecta,Lepidoptera,Nymphalidae,Heliconius,isabella,Achiasmatic,Achiasmatic,Heterogametic,NA,0
Animalia|Insecta|Lepidoptera|Nymphalidae|Heliconius|melpomene,melpomene,Animalia,Insecta,Lepidoptera,Nymphalidae,Heliconius,melpomene,Achiasmatic,Achiasmatic,Heterogametic,NA,0
Animalia|Insecta|Lepidoptera|Nymphalidae|Heliconius|ricini,ricini,Animalia,Insecta,Lepidoptera,Nymphalidae,Heliconius,ricini,Achiasmatic,Achiasmatic,Heterogametic,NA,0
Animalia|Insecta|Lepidoptera|Nymphalidae|Heliconius|sara,sara,Animalia,Insecta,Lepidoptera,Nymphalidae,Heliconius,sara,Achiasmatic,Achiasmatic,Heterogametic,NA,0
Animalia|Insecta|Lepidoptera|Nymphalidae|Melitaea|acentria,acentria,Animalia,Insecta,Lepidoptera,Nymphalidae,Melitaea,acentria,Achiasmatic,Achiasmatic,Heterogametic,ZW,0
Animalia|Insecta|Lepidoptera|Nymphalidae|Melitaea|didyma,didyma,Animalia,Insecta,Lepidoptera,Nymphalidae,Melitaea,didyma,Achiasmatic,Achiasmatic,Heterogametic,ZW,0
Animalia|Insecta|Lepidoptera|Nymphalidae|Melitaea|persea,persea,Animalia,Insecta,Lepidoptera,Nymphalidae,Melitaea,persea,Achiasmatic,Achiasmatic,Heterogametic,ZW,0
Animalia|Insecta|Lepidoptera|Pieridae|Anthocharis|cardamines,cardamines,Animalia,Insecta,Lepidoptera,Pieridae,Anthocharis,cardamines,Asynaptic,Asynaptic,Heterogametic,NA,30
Animalia|Insecta|Lepidoptera|Pieridae|Anthocharis|nemorum,nemorum,Animalia,Insecta,Lepidoptera,Pieridae,Anthocharis,nemorum,Achiasmatic,Achiasmatic,Heterogametic,ZW,28
Animalia|Insecta|Lepidoptera|Pieridae|Pieris|napo L.,napo L.,Animalia,Insecta,Lepidoptera,Pieridae,Pieris,napo L.,Achiasmatic,Achiasmatic,Heterogametic,NA,0
Animalia|Insecta|Lepidoptera|Psychidae|Dahlica|triquetrella,triquetrella,Animalia,Insecta,Lepidoptera,Psychidae,Dahlica,triquetrella,Achiasmatic,Achiasmatic,Heterogametic,NA,0
Animalia|Insecta|Lepidoptera|Psyllidae|Cacopsylla|myrtilli,myrtilli,Animalia,Insecta,Lepidoptera,Psyllidae,Cacopsylla,myrtilli,Asynaptic,Asynaptic,Heterogametic,NA,0
Animalia|Insecta|Lepidoptera|Pyralidae|Ectomylois|ceratoniae,ceratoniae,Animalia,Insecta,Lepidoptera,Pyralidae,Ectomylois,ceratoniae,Achiasmatic,Achiasmatic,Heterogametic,NA,0
Animalia|Insecta|Lepidoptera|Pyralidae|Ephestia|kuehniella,kuehniella,Animalia,Insecta,Lepidoptera,Pyralidae,Ephestia,kuehniella,Achiasmatic,Achiasmatic,Heterogametic,NA,59
Animalia|Insecta|Lepidoptera|Saldidae|Saldula|orthothila,orthothila,Animalia,Insecta,Lepidoptera,Saldidae,Saldula,orthothila,Achiasmatic,Achiasmatic,Heterogametic,ZW,32
Animalia|Insecta|Lepidoptera|Saldidae|Saldula|saltatirua,saltatirua,Animalia,Insecta,Lepidoptera,Saldidae,Saldula,saltatirua,Achiasmatic,Achiasmatic,Heterogametic,ZO,32
Animalia|Insecta|Lepidoptera|Saturniidae|Antheraea|assamensis,assamensis,Animalia,Insecta,Lepidoptera,Saturniidae,Antheraea,assamensis,Achiasmatic,Achiasmatic,Heterogametic,ZO,29
Animalia|Insecta|Lepidoptera|Saturniidae|Antheraea|compata,compata,Animalia,Insecta,Lepidoptera,Saturniidae,Antheraea,compata,Achiasmatic,Achiasmatic,Heterogametic,ZW,30
Animalia|Insecta|Lepidoptera|Saturniidae|Antheraea|compta,compta,Animalia,Insecta,Lepidoptera,Saturniidae,Antheraea,compta,Achiasmatic,Achiasmatic,Heterogametic,ZW,30
Animalia|Insecta|Lepidoptera|Saturniidae|Philosomia|ricini,ricini,Animalia,Insecta,Lepidoptera,Saturniidae,Philosomia,ricini,Achiasmatic,Achiasmatic,Heterogametic,NA,0
Animalia|Insecta|Lepidoptera|Sphingdae|Sphinx|ligustri,ligustri,Animalia,Insecta,Lepidoptera,Sphingdae,Sphinx,ligustri,Achiasmatic,Achiasmatic,Heterogametic,NA,0
Animalia|Insecta|Lepidoptera|Sphingidae|Sphinx|lugustri,lugustri,Animalia,Insecta,Lepidoptera,Sphingidae,Sphinx,lugustri,Achiasmatic,Achiasmatic,Heterogametic,NA,28
Animalia|Insecta|Mantodea|Epaphroditidae|Callimantis|antillarun,antillarun,Animalia,Insecta,Mantodea,Epaphroditidae,Callimantis,antillarun,Achiasmatic,Achiasmatic,NA,NA,0
Animalia|Insecta|Mantodea|Galinthiadidae|Harpagomatis|nana,nana,Animalia,Insecta,Mantodea,Galinthiadidae,Harpagomatis,nana,Achiasmatic,Achiasmatic,Heterogametic,XO,0
Animalia|Insecta|Mantodea|Galinthiadidae|Harpagomatis|tricolor,tricolor,Animalia,Insecta,Mantodea,Galinthiadidae,Harpagomatis,tricolor,Achiasmatic,Achiasmatic,Heterogametic,XO,0
Animalia|Insecta|Mantodea|Nanomantidae|Bolbe|lowi,lowi,Animalia,Insecta,Mantodea,Nanomantidae,Bolbe,lowi,Achiasmatic,Achiasmatic,Heterogametic,XO,0
Animalia|Insecta|Mantodea|Nanomantidae|Bolbe|maia,maia,Animalia,Insecta,Mantodea,Nanomantidae,Bolbe,maia,Achiasmatic,Achiasmatic,Heterogametic,XO,0
Animalia|Insecta|Mantodea|Nanomantidae|Bolbe|nigra,nigra,Animalia,Insecta,Mantodea,Nanomantidae,Bolbe,nigra,Achiasmatic,Achiasmatic,Heterogametic,XO,0
Animalia|Insecta|Mantodea|Nanomantidae|Bolbe|pallida,pallida,Animalia,Insecta,Mantodea,Nanomantidae,Bolbe,pallida,Achiasmatic,Achiasmatic,Heterogametic,XO,0
Animalia|Insecta|Mantodea|Nanomantidae|Bolbe|pygmea,pygmea,Animalia,Insecta,Mantodea,Nanomantidae,Bolbe,pygmea,Achiasmatic,Achiasmatic,Heterogametic,XO,0
Animalia|Insecta|Mantodea|Nanomantidae|Ima|fusca,fusca,Animalia,Insecta,Mantodea,Nanomantidae,Ima,fusca,Achiasmatic,Achiasmatic,Heterogametic,XY,34
Animalia|Insecta|Mecoptera|Panorpidae|Neopanorpa|lui,lui,Animalia,Insecta,Mecoptera,Panorpidae,Neopanorpa,lui,Achiasmatic,Achiasmatic,Heterogametic,XO,20
Animalia|Insecta|Mecoptera|Panorpidae|Panorpa|acuta,acuta,Animalia,Insecta,Mecoptera,Panorpidae,Panorpa,acuta,Achiasmatic,Achiasmatic,Heterogametic,XO,22
Animalia|Insecta|Mecoptera|Panorpidae|Panorpa|anomala,anomala,Animalia,Insecta,Mecoptera,Panorpidae,Panorpa,anomala,Achiasmatic,Achiasmatic,Heterogametic,XO,22
Animalia|Insecta|Mecoptera|Panorpidae|Panorpa|cognata,cognata,Animalia,Insecta,Mecoptera,Panorpidae,Panorpa,cognata,Achiasmatic,Achiasmatic,Heterogametic,XO,21
Animalia|Insecta|Mecoptera|Panorpidae|Panorpa|communis,communis,Animalia,Insecta,Mecoptera,Panorpidae,Panorpa,communis,Achiasmatic,Achiasmatic,Heterogametic,XO,22
Animalia|Insecta|Mecoptera|Panorpidae|Panorpa|dubai,dubai,Animalia,Insecta,Mecoptera,Panorpidae,Panorpa,dubai,Achiasmatic,Achiasmatic,Heterogametic,XO,19
Animalia|Insecta|Mecoptera|Panorpidae|Panorpa|emarginata,emarginata,Animalia,Insecta,Mecoptera,Panorpidae,Panorpa,emarginata,Achiasmatic,Achiasmatic,Heterogametic,XO,19
Animalia|Insecta|Mecoptera|Panorpidae|Panorpa|germanica,germanica,Animalia,Insecta,Mecoptera,Panorpidae,Panorpa,germanica,Achiasmatic,Achiasmatic,Heterogametic,XO,20
Animalia|Insecta|Neuroptera|Ascalaphidae|Ascalohybris|subjacens,subjacens,Animalia,Insecta,Neuroptera,Ascalaphidae,Ascalohybris,subjacens,Distance pairing,NA,Heterogametic,XY,22
Animalia|Insecta|Neuroptera|Ascalaphidae|Bubopsis|hamatus,hamatus,Animalia,Insecta,Neuroptera,Ascalaphidae,Bubopsis,hamatus,Distance pairing,NA,Heterogametic,XY,18
Animalia|Insecta|Neuroptera|Ascalaphidae|G1yptobasis|dentifera,dentifera,Animalia,Insecta,Neuroptera,Ascalaphidae,G1yptobasis,dentifera,Distance pairing,NA,Heterogametic,XY,22
Animalia|Insecta|Neuroptera|Ascalaphidae|Libelloides|coccajus,coccajus,Animalia,Insecta,Neuroptera,Ascalaphidae,Libelloides,coccajus,Distance pairing,NA,Heterogametic,XY,22
Animalia|Insecta|Neuroptera|Ascalaphidae|Libelloides|corsicus,corsicus,Animalia,Insecta,Neuroptera,Ascalaphidae,Libelloides,corsicus,Distance pairing,NA,Heterogametic,XY,20
Animalia|Insecta|Neuroptera|Ascalaphidae|Libelloides|longicornis,longicornis,Animalia,Insecta,Neuroptera,Ascalaphidae,Libelloides,longicornis,Distance pairing,NA,Heterogametic,XY,22
Animalia|Insecta|Neuroptera|Ascalaphidae|Ogcogaster|segmentator,segmentator,Animalia,Insecta,Neuroptera,Ascalaphidae,Ogcogaster,segmentator,Distance pairing,NA,Heterogametic,XY,22
Animalia|Insecta|Neuroptera|Hemerobiidae|Hemerobius|marginatus,marginatus,Animalia,Insecta,Neuroptera,Hemerobiidae,Hemerobius,marginatus,Distance Pairing,NA,Heterogametic,XY,12
Animalia|Insecta|Neuroptera|Mantispidae|Entanoneura|phthisica,phthisica,Animalia,Insecta,Neuroptera,Mantispidae,Entanoneura,phthisica,Distance Pairing,NA,Heterogametic,NA,20
Animalia|Insecta|Neuroptera|Mantispidae|Mantispa|pulchella,pulchella,Animalia,Insecta,Neuroptera,Mantispidae,Mantispa,pulchella,Distance Pairing,NA,Heterogametic,NA,22
Animalia|Insecta|Neuroptera|Mantispidae|Mantispa|viridis,viridis,Animalia,Insecta,Neuroptera,Mantispidae,Mantispa,viridis,Distance Pairing,NA,Heterogametic,NA,20
Animalia|Insecta|Neuroptera|Myrmeleontidae|Baliga|micans,micans,Animalia,Insecta,Neuroptera,Myrmeleontidae,Baliga,micans,Distance pairing,NA,Heterogametic,XY,14
Animalia|Insecta|Neuroptera|Myrmeleontidae|Baliga|sagax,sagax,Animalia,Insecta,Neuroptera,Myrmeleontidae,Baliga,sagax,Distance pairing,NA,Heterogametic,XY,14
Animalia|Insecta|Neuroptera|Myrmeleontidae|Brachynemurus|hubbardi,hubbardi,Animalia,Insecta,Neuroptera,Myrmeleontidae,Brachynemurus,hubbardi,Distance pairing,NA,Heterogametic,XY,14
Animalia|Insecta|Neuroptera|Myrmeleontidae|Brachynemurus|mexicanus,mexicanus,Animalia,Insecta,Neuroptera,Myrmeleontidae,Brachynemurus,mexicanus,Distance pairing,NA,Heterogametic,XY,14
Animalia|Insecta|Neuroptera|Myrmeleontidae|Centroclisis|brachygaster,brachygaster,Animalia,Insecta,Neuroptera,Myrmeleontidae,Centroclisis,brachygaster,Distance pairing,NA,Heterogametic,XY,14
Animalia|Insecta|Neuroptera|Myrmeleontidae|Clathroneuria|coquilletti,coquilletti,Animalia,Insecta,Neuroptera,Myrmeleontidae,Clathroneuria,coquilletti,Distance pairing,NA,Heterogametic,XY,14
Animalia|Insecta|Neuroptera|Myrmeleontidae|Clathroneuria|schwarzi,schwarzi,Animalia,Insecta,Neuroptera,Myrmeleontidae,Clathroneuria,schwarzi,Distance pairing,NA,Heterogametic,XY,14
Animalia|Insecta|Neuroptera|Myrmeleontidae|Creoleon|lugdunensis,lugdunensis,Animalia,Insecta,Neuroptera,Myrmeleontidae,Creoleon,lugdunensis,Distance pairing,NA,Heterogametic,XY,18
Animalia|Insecta|Neuroptera|Myrmeleontidae|Dendroleon|jezoensis,jezoensis,Animalia,Insecta,Neuroptera,Myrmeleontidae,Dendroleon,jezoensis,Distance pairing,NA,Heterogametic,XY,16
Animalia|Insecta|Neuroptera|Myrmeleontidae|Distoleon|tetragrammicus,tetragrammicus,Animalia,Insecta,Neuroptera,Myrmeleontidae,Distoleon,tetragrammicus,Distance pairing,NA,Heterogametic,XY,18
Animalia|Insecta|Neuroptera|Myrmeleontidae|Epacanthaclisis|moiwanus,moiwanus,Animalia,Insecta,Neuroptera,Myrmeleontidae,Epacanthaclisis,moiwanus,Distance pairing,NA,Heterogametic,XY,16
Animalia|Insecta|Neuroptera|Myrmeleontidae|Euroleon|nostras,nostras,Animalia,Insecta,Neuroptera,Myrmeleontidae,Euroleon,nostras,Distance pairing,NA,Heterogametic,XY,14
Animalia|Insecta|Neuroptera|Myrmeleontidae|Indopalpares|pardus,pardus,Animalia,Insecta,Neuroptera,Myrmeleontidae,Indopalpares,pardus,Distance pairing,NA,Heterogametic,XY,24
Animalia|Insecta|Neuroptera|Myrmeleontidae|Macronemurus|appendiculatus,appendiculatus,Animalia,Insecta,Neuroptera,Myrmeleontidae,Macronemurus,appendiculatus,Distance pairing,NA,Heterogametic,XY,16
Animalia|Insecta|Neuroptera|Myrmeleontidae|Macronemurus|bilineatus,bilineatus,Animalia,Insecta,Neuroptera,Myrmeleontidae,Macronemurus,bilineatus,Distance pairing,NA,Heterogametic,XY,16
Animalia|Insecta|Neuroptera|Myrmeleontidae|Macronemurus|sp.,sp.,Animalia,Insecta,Neuroptera,Myrmeleontidae,Macronemurus,sp.,Distance pairing,NA,Heterogametic,XY,16
Animalia|Insecta|Neuroptera|Myrmeleontidae|Myrmecaelurus|sp.,sp.,Animalia,Insecta,Neuroptera,Myrmeleontidae,Myrmecaelurus,sp.,Distance pairing,NA,Heterogametic,XY,14
Animalia|Insecta|Neuroptera|Myrmeleontidae|Myrmecaelurus|trigrammus,trigrammus,Animalia,Insecta,Neuroptera,Myrmeleontidae,Myrmecaelurus,trigrammus,Distance pairing,NA,Heterogametic,XY,16
Animalia|Insecta|Neuroptera|Myrmeleontidae|Myrmeleon|alcestris,alcestris,Animalia,Insecta,Neuroptera,Myrmeleontidae,Myrmeleon,alcestris,Distance pairing,NA,Heterogametic,XY,14
Animalia|Insecta|Neuroptera|Myrmeleontidae|Myrmeleon|californicus,californicus,Animalia,Insecta,Neuroptera,Myrmeleontidae,Myrmeleon,californicus,Distance pairing,NA,Heterogametic,XY,14
Animalia|Insecta|Neuroptera|Myrmeleontidae|Myrmeleon|exitialis,exitialis,Animalia,Insecta,Neuroptera,Myrmeleontidae,Myrmeleon,exitialis,Distance pairing,NA,Heterogametic,XY,14
Animalia|Insecta|Neuroptera|Myrmeleontidae|Myrmeleon|formicarius,formicarius,Animalia,Insecta,Neuroptera,Myrmeleontidae,Myrmeleon,formicarius,Distance pairing,NA,Heterogametic,XY,14
Animalia|Insecta|Neuroptera|Myrmeleontidae|Myrmeleon|hyalinus,hyalinus,Animalia,Insecta,Neuroptera,Myrmeleontidae,Myrmeleon,hyalinus,Distance pairing,NA,Heterogametic,XY,14
Animalia|Insecta|Neuroptera|Myrmeleontidae|Myrmeleon|immaculatus,immaculatus,Animalia,Insecta,Neuroptera,Myrmeleontidae,Myrmeleon,immaculatus,Distance pairing,NA,Heterogametic,XY,14
Animalia|Insecta|Neuroptera|Myrmeleontidae|Myrmeleon|mexicanus,mexicanus,Animalia,Insecta,Neuroptera,Myrmeleontidae,Myrmeleon,mexicanus,Distance pairing,NA,Heterogametic,XY,14
Animalia|Insecta|Neuroptera|Myrmeleontidae|Myrmeleon|obscurus,obscurus,Animalia,Insecta,Neuroptera,Myrmeleontidae,Myrmeleon,obscurus,Distance pairing,NA,Heterogametic,XY,14
Animalia|Insecta|Neuroptera|Myrmeleontidae|Neuroleon|sp.,sp.,Animalia,Insecta,Neuroptera,Myrmeleontidae,Neuroleon,sp.,Distance pairing,NA,Heterogametic,XY,16
Animalia|Insecta|Neuroptera|Myrmeleontidae|Palpares|libelluloides,libelluloides,Animalia,Insecta,Neuroptera,Myrmeleontidae,Palpares,libelluloides,Distance pairing,NA,Heterogametic,XY,26
Animalia|Insecta|Neuroptera|Myrmeleontidae|Palpares|sobrinus,sobrinus,Animalia,Insecta,Neuroptera,Myrmeleontidae,Palpares,sobrinus,Distance pairing,NA,Heterogametic,XY,22
Animalia|Insecta|Neuroptera|Myrmeleontidae|Palparidius|concinnus,concinnus,Animalia,Insecta,Neuroptera,Myrmeleontidae,Palparidius,concinnus,Distance pairing,NA,Heterogametic,XY,18
Animalia|Insecta|Neuroptera|Myrmeleontidae|Scotoleon|dissimilis,dissimilis,Animalia,Insecta,Neuroptera,Myrmeleontidae,Scotoleon,dissimilis,Distance pairing,NA,Heterogametic,XY,16
Animalia|Insecta|Neuroptera|Myrmeleontidae|Scotoleon|niger,niger,Animalia,Insecta,Neuroptera,Myrmeleontidae,Scotoleon,niger,Distance pairing,NA,Heterogametic,XY,16
Animalia|Insecta|Neuroptera|Myrmeleontidae|Scotoleon|nigrilabris,nigrilabris,Animalia,Insecta,Neuroptera,Myrmeleontidae,Scotoleon,nigrilabris,Distance pairing,NA,Heterogametic,XY,16
Animalia|Insecta|Neuroptera|Myrmeleontidae|Synclisis|japonica,japonica,Animalia,Insecta,Neuroptera,Myrmeleontidae,Synclisis,japonica,Distance pairing,NA,Heterogametic,XY,14
Animalia|Insecta|Neuroptera|Myrmeleontidae|Vella|fallax,fallax,Animalia,Insecta,Neuroptera,Myrmeleontidae,Vella,fallax,Distance pairing,NA,Heterogametic,XY,14
Animalia|Insecta|Neuroptera|Myrmelontidae|Bubopsis|hamatus,hamatus,Animalia,Insecta,Neuroptera,Myrmelontidae,Bubopsis,hamatus,Distance Pairing,NA,Heterogametic,XY,18
Animalia|Insecta|Neuroptera|Myrmelontidae|Distoleon|tetragrammicus,tetragrammicus,Animalia,Insecta,Neuroptera,Myrmelontidae,Distoleon,tetragrammicus,Distance Pairing,NA,Heterogametic,XY,18
Animalia|Insecta|Neuroptera|Myrmelontidae|Macronemurus|bilineatus,bilineatus,Animalia,Insecta,Neuroptera,Myrmelontidae,Macronemurus,bilineatus,Distance Pairing,NA,Heterogametic,XY,16
Animalia|Insecta|Neuroptera|Myrmelontidae|Myrmecaelurus|trigammus,trigammus,Animalia,Insecta,Neuroptera,Myrmelontidae,Myrmecaelurus,trigammus,Distance Pairing,NA,Heterogametic,XY,16
Animalia|Insecta|Neuroptera|Osmylidae|Plethosmylus (updated genus: Osmylus)|decoratus,decoratus,Animalia,Insecta,Neuroptera,Osmylidae,Plethosmylus (updated genus: Osmylus),decoratus,Distance Pairing,NA,Heterogametic,NA,16
Animalia|Insecta|Orthoptera|Gryllotalpidae|Neocurtilla|hexadactyla,hexadactyla,Animalia,Insecta,Orthoptera,Gryllotalpidae,Neocurtilla,hexadactyla,Achiasmatic,Achiasmatic,Heterogametic,NA,0
Animalia|Insecta|Phthiraptera|Bovicolidae|Bovicola|caprae,caprae,Animalia,Insecta,Phthiraptera,Bovicolidae,Bovicola,caprae,Achiasmatic,Achiasmatic,Heterogametic,NA,14
Animalia|Insecta|Phthiraptera|Bovicolidae|Bovicola|limbata,limbata,Animalia,Insecta,Phthiraptera,Bovicolidae,Bovicola,limbata,Achiasmatic,Achiasmatic,Heterogametic,NA,14
Animalia|Insecta|Phthiraptera|Pediculidae|Pediculus|humanus captis,humanus captis,Animalia,Insecta,Phthiraptera,Pediculidae,Pediculus,humanus captis,Achiasmatic,Achiasmatic,Heterogametic,NA,12
Animalia|Insecta|Phthiraptera|Pediculidae|Pediculus|humanus humanus,humanus humanus,Animalia,Insecta,Phthiraptera,Pediculidae,Pediculus,humanus humanus,Achiasmatic,Achiasmatic,Heterogametic,NA,12
Animalia|Insecta|Psocodea|Haematopinidae|Haemalopinus|suis,suis,Animalia,Insecta,Psocodea,Haematopinidae,Haemalopinus,suis,Achiasmatic,Achiasmatic,Heterogametic,NA,10
Animalia|Insecta|Psocodea|Menoponidae|Menacanthus|stramineus,stramineus,Animalia,Insecta,Psocodea,Menoponidae,Menacanthus,stramineus,Achiasmatic,Achiasmatic,Heterogametic,NA,10
Animalia|Insecta|Trichoptera|Calcocidae|Caenota|plicata,plicata,Animalia,Insecta,Trichoptera,Calcocidae,Caenota,plicata,Achiasmatic,Achiasmatic,Heterogametic,NA,44
Animalia|Insecta|Trichoptera|Calcocidae|Tamasia|variegata,variegata,Animalia,Insecta,Trichoptera,Calcocidae,Tamasia,variegata,Achiasmatic,Achiasmatic,Heterogametic,NA,44
Animalia|Insecta|Trichoptera|Conoesucidae|Conoesucus|adiastolus,adiastolus,Animalia,Insecta,Trichoptera,Conoesucidae,Conoesucus,adiastolus,Achiasmatic,Achiasmatic,Both,ZO,50
Animalia|Insecta|Trichoptera|Conoesucidae|Conoesucus|brontensis,brontensis,Animalia,Insecta,Trichoptera,Conoesucidae,Conoesucus,brontensis,Achiasmatic,Achiasmatic,Heterogametic,NA,50
Animalia|Insecta|Trichoptera|Conoesucidae|Conoesucus|digitiferus,digitiferus,Animalia,Insecta,Trichoptera,Conoesucidae,Conoesucus,digitiferus,Achiasmatic,Achiasmatic,Both,ZO,50
Animalia|Insecta|Trichoptera|Conoesucidae|Conoesucus|fromus,fromus,Animalia,Insecta,Trichoptera,Conoesucidae,Conoesucus,fromus,Achiasmatic,Achiasmatic,Both,ZO,50
Animalia|Insecta|Trichoptera|Conoesucidae|Conoesucus|nepotulus,nepotulus,Animalia,Insecta,Trichoptera,Conoesucidae,Conoesucus,nepotulus,Achiasmatic,Achiasmatic,Both,ZO,50
Animalia|Insecta|Trichoptera|Conoesucidae|Conoesucus|norelus,norelus,Animalia,Insecta,Trichoptera,Conoesucidae,Conoesucus,norelus,Achiasmatic,Achiasmatic,Heterogametic,NA,50
Animalia|Insecta|Trichoptera|Conoesucidae|Conoesucus|notialis,notialis,Animalia,Insecta,Trichoptera,Conoesucidae,Conoesucus,notialis,Achiasmatic,Achiasmatic,Heterogametic,NA,50
Animalia|Insecta|Trichoptera|Conoesucidae|Costora|delora,delora,Animalia,Insecta,Trichoptera,Conoesucidae,Costora,delora,Achiasmatic,Achiasmatic,Both,ZO,50
Animalia|Insecta|Trichoptera|Conoesucidae|Costora|ebenina,ebenina,Animalia,Insecta,Trichoptera,Conoesucidae,Costora,ebenina,Achiasmatic,Achiasmatic,Both,ZO,50
Animalia|Insecta|Trichoptera|Conoesucidae|Costora|luxata,luxata,Animalia,Insecta,Trichoptera,Conoesucidae,Costora,luxata,Achiasmatic,Achiasmatic,Heterogametic,NA,50
Animalia|Insecta|Trichoptera|Conoesucidae|Costora|ramosa,ramosa,Animalia,Insecta,Trichoptera,Conoesucidae,Costora,ramosa,Achiasmatic,Achiasmatic,Both,ZO,50
Animalia|Insecta|Trichoptera|Conoesucidae|Costora|rotosca,rotosca,Animalia,Insecta,Trichoptera,Conoesucidae,Costora,rotosca,Achiasmatic,Achiasmatic,Both,ZO,50
Animalia|Insecta|Trichoptera|Conoesucidae|Costora|seposita,seposita,Animalia,Insecta,Trichoptera,Conoesucidae,Costora,seposita,Achiasmatic,Achiasmatic,Heterogametic,NA,50
Animalia|Insecta|Trichoptera|Conoesucidae|Lingora|aurata,aurata,Animalia,Insecta,Trichoptera,Conoesucidae,Lingora,aurata,Achiasmatic,Achiasmatic,Heterogametic,NA,50
Animalia|Insecta|Trichoptera|Conoesucidae|Matasia|satana,satana,Animalia,Insecta,Trichoptera,Conoesucidae,Matasia,satana,Achiasmatic,Achiasmatic,Both,ZO,50
Animalia|Insecta|Trichoptera|Helicophidae|Alloecella|grisea,grisea,Animalia,Insecta,Trichoptera,Helicophidae,Alloecella,grisea,Achiasmatic,Achiasmatic,Heterogametic,NA,58
Animalia|Insecta|Trichoptera|Helicophidae|Alloecella|longispina,longispina,Animalia,Insecta,Trichoptera,Helicophidae,Alloecella,longispina,Achiasmatic,Achiasmatic,Heterogametic,NA,0
Animalia|Insecta|Trichoptera|Helicophidae|Alloecella|pilosa,pilosa,Animalia,Insecta,Trichoptera,Helicophidae,Alloecella,pilosa,Achiasmatic,Achiasmatic,Both,ZO,52
Animalia|Insecta|Trichoptera|Hydropsychidae|Smicridea|pampeana,pampeana,Animalia,Insecta,Trichoptera,Hydropsychidae,Smicridea,pampeana,Achiasmatic,Achiasmatic,Heterogametic,ZW,31
Animalia|Insecta|Trichoptera|Leptoceridae|Triplectides|misionesis,misionesis,Animalia,Insecta,Trichoptera,Leptoceridae,Triplectides,misionesis,Achiasmatic,Achiasmatic,Heterogametic,ZW,47
Animalia|Insecta|Trichoptera|Leptoceroidea|Triplectides|misionensis,misionensis,Animalia,Insecta,Trichoptera,Leptoceroidea,Triplectides,misionensis,Achiasmatic,Achiasmatic,Heterogametic,ZO,47
Animalia|Insecta|Trichoptera|Limnephilidae|Allogamus|auricollis,auricollis,Animalia,Insecta,Trichoptera,Limnephilidae,Allogamus,auricollis,Achiasmatic,Achiasmatic,Heterogametic,NA,0
Animalia|Insecta|Trichoptera|Limnephilidae|Anabolia|furcata,furcata,Animalia,Insecta,Trichoptera,Limnephilidae,Anabolia,furcata,Achiasmatic,Achiasmatic,Heterogametic,NA,0
Animalia|Insecta|Trichoptera|Limnephilidae|Glyphotaelius|pellucides,pellucides,Animalia,Insecta,Trichoptera,Limnephilidae,Glyphotaelius,pellucides,Achiasmatic,Achiasmatic,Heterogametic,XO,0
Animalia|Insecta|Trichoptera|Limnephilidae|Glyphotaelius|pellucidus,pellucidus,Animalia,Insecta,Trichoptera,Limnephilidae,Glyphotaelius,pellucidus,Achiasmatic,Achiasmatic,Heterogametic,NA,0
Animalia|Insecta|Trichoptera|Limnephilidae|Limnephilus|affinis,affinis,Animalia,Insecta,Trichoptera,Limnephilidae,Limnephilus,affinis,Achiasmatic,Achiasmatic,Heterogametic,NA,6
Animalia|Insecta|Trichoptera|Limnephilidae|Limnephilus|borealis,borealis,Animalia,Insecta,Trichoptera,Limnephilidae,Limnephilus,borealis,Achiasmatic,Achiasmatic,Heterogametic,NA,0
Animalia|Insecta|Trichoptera|Limnephilidae|Limnephilus|decipens,decipens,Animalia,Insecta,Trichoptera,Limnephilidae,Limnephilus,decipens,Achiasmatic,Achiasmatic,Heterogametic,NA,20
Animalia|Insecta|Trichoptera|Limnephilidae|Limnephilus|decipiens,decipiens,Animalia,Insecta,Trichoptera,Limnephilidae,Limnephilus,decipiens,Achiasmatic,Achiasmatic,Heterogametic,NA,0
Animalia|Insecta|Trichoptera|Limnephilidae|Limnephilus|lunatus,lunatus,Animalia,Insecta,Trichoptera,Limnephilidae,Limnephilus,lunatus,Achiasmatic,Achiasmatic,Heterogametic,ZO,25
Animalia|Insecta|Trichoptera|Odontoceridae|Marilia|flexuosa,flexuosa,Animalia,Insecta,Trichoptera,Odontoceridae,Marilia,flexuosa,Achiasmatic,Achiasmatic,Heterogametic,ZO,57
Animalia|Insecta|Trichoptera|Phryganeidae|Agrypnetes|crassicornis,crassicornis,Animalia,Insecta,Trichoptera,Phryganeidae,Agrypnetes,crassicornis,Achiasmatic,Achiasmatic,Heterogametic,NA,50
Animalia|Insecta|Trichoptera|Sericostomatidae|Grumicha|grumicha,grumicha,Animalia,Insecta,Trichoptera,Sericostomatidae,Grumicha,grumicha,Achiasmatic,Achiasmatic,Heterogametic,ZO,35
Animalia|Malacostraca|Amphipoda|Anisogammaridae|Anisogammarus|annandalei,annandalei,Animalia,Malacostraca,Amphipoda,Anisogammaridae,Anisogammarus,annandalei,NA,NA,Heterogametic,XY,54
Animalia|Malacostraca|Decapoda|Grapsidae|Pachygrapsus|crassipes,crassipes,Animalia,Malacostraca,Decapoda,Grapsidae,Pachygrapsus,crassipes,Distance pairing,NA,Heterogametic,XY,118
Animalia|Malacostraca|Decapoda|Munididae|Cervimunida|princeps,princeps,Animalia,Malacostraca,Decapoda,Munididae,Cervimunida,princeps,Distance pairing,NA,Heterogametic,NA,109
Animalia|Malacostraca|Decapoda|Plagusiidae|Plagusia|dentipes,dentipes,Animalia,Malacostraca,Decapoda,Plagusiidae,Plagusia,dentipes,Distance pairing,NA,Heterogametic,XY,106
Animalia|Malacostraca|Decapoda|Varunidae|Eriocheir|japonicus,japonicus,Animalia,Malacostraca,Decapoda,Varunidae,Eriocheir,japonicus,Distance pairing,NA,Heterogametic,XY,148
Animalia|Malacostraca|Decapoda|Varunidae|Gaetice|depressus,depressus,Animalia,Malacostraca,Decapoda,Varunidae,Gaetice,depressus,Distance pairing,NA,Heterogametic,XY,152
Animalia|Malacostraca|Decapoda|Varunidae|Hemigrapsus|penicillatus,penicillatus,Animalia,Malacostraca,Decapoda,Varunidae,Hemigrapsus,penicillatus,Distance pairing,NA,Heterogametic,XY,138
Animalia|Malacostraca|Decapoda|Varunidae|Hemigrapsus|sanguineus,sanguineus,Animalia,Malacostraca,Decapoda,Varunidae,Hemigrapsus,sanguineus,Distance pairing,NA,Heterogametic,XY,128
Animalia|Mammalia|Dasyuromorphia|Dasyuridae|Antechinomys|laniger,laniger,Animalia,Mammalia,Dasyuromorphia,Dasyuridae,Antechinomys,laniger,Asynaptic,Asynaptic,Heterogametic,XY,14
Animalia|Mammalia|Dasyuromorphia|Dasyuridae|Antechinus|flavipes,flavipes,Animalia,Mammalia,Dasyuromorphia,Dasyuridae,Antechinus,flavipes,Asynaptic,Asynaptic,Heterogametic,XY,14
Animalia|Mammalia|Dasyuromorphia|Dasyuridae|Dasyuroides|byrnei,byrnei,Animalia,Mammalia,Dasyuromorphia,Dasyuridae,Dasyuroides,byrnei,Asynaptic,Asynaptic,Heterogametic,XY,14
Animalia|Mammalia|Dasyuromorphia|Dasyuridae|Dasyurops|maculatus,maculatus,Animalia,Mammalia,Dasyuromorphia,Dasyuridae,Dasyurops,maculatus,Asynaptic,Asynaptic,Heterogametic,XY,14
Animalia|Mammalia|Dasyuromorphia|Dasyuridae|Dasyurus|albopunctatus,albopunctatus,Animalia,Mammalia,Dasyuromorphia,Dasyuridae,Dasyurus,albopunctatus,Asynaptic,Asynaptic,Heterogametic,XY,14
Animalia|Mammalia|Dasyuromorphia|Dasyuridae|Dasyurus|hallucatus,hallucatus,Animalia,Mammalia,Dasyuromorphia,Dasyuridae,Dasyurus,hallucatus,Asynaptic,Asynaptic,Heterogametic,XY,14
Animalia|Mammalia|Dasyuromorphia|Dasyuridae|Dasyurus|maculatus,maculatus,Animalia,Mammalia,Dasyuromorphia,Dasyuridae,Dasyurus,maculatus,Asynaptic,Asynaptic,Heterogametic,XY,14
Animalia|Mammalia|Dasyuromorphia|Dasyuridae|Dasyurus|viverrinus,viverrinus,Animalia,Mammalia,Dasyuromorphia,Dasyuridae,Dasyurus,viverrinus,Asynaptic,Asynaptic,Heterogametic,XY,14
Animalia|Mammalia|Dasyuromorphia|Dasyuridae|Ningaui|sp.,sp.,Animalia,Mammalia,Dasyuromorphia,Dasyuridae,Ningaui,sp.,Asynaptic,Asynaptic,Heterogametic,XY,14
Animalia|Mammalia|Dasyuromorphia|Dasyuridae|Phascogale|tapoatafa,tapoatafa,Animalia,Mammalia,Dasyuromorphia,Dasyuridae,Phascogale,tapoatafa,Asynaptic,Asynaptic,Heterogametic,XY,14
Animalia|Mammalia|Dasyuromorphia|Dasyuridae|Phascolosorex|dorsalis,dorsalis,Animalia,Mammalia,Dasyuromorphia,Dasyuridae,Phascolosorex,dorsalis,Asynaptic,Asynaptic,Heterogametic,XY,14
Animalia|Mammalia|Dasyuromorphia|Dasyuridae|Planigale|maculata,maculata,Animalia,Mammalia,Dasyuromorphia,Dasyuridae,Planigale,maculata,Asynaptic,Asynaptic,Heterogametic,XY,14
Animalia|Mammalia|Dasyuromorphia|Dasyuridae|Sarcophilus|harrisii,harrisii,Animalia,Mammalia,Dasyuromorphia,Dasyuridae,Sarcophilus,harrisii,Asynaptic,Asynaptic,Heterogametic,XY,14
Animalia|Mammalia|Dasyuromorphia|Dasyuridae|Sminthopsis|crassicaudata,crassicaudata,Animalia,Mammalia,Dasyuromorphia,Dasyuridae,Sminthopsis,crassicaudata,Asynaptic,Asynaptic,Heterogametic,XY,14
Animalia|Mammalia|Dasyuromorphia|Myrmecobiidae|Myrmecobius|fasciatus,fasciatus,Animalia,Mammalia,Dasyuromorphia,Myrmecobiidae,Myrmecobius,fasciatus,Asynaptic,Asynaptic,Heterogametic,XY,14
Animalia|Mammalia|Didelphimorphia|Didelphidae|Caluromys|derbianus,derbianus,Animalia,Mammalia,Didelphimorphia,Didelphidae,Caluromys,derbianus,Asynaptic,Asynaptic,Heterogametic,XY,14
Animalia|Mammalia|Didelphimorphia|Didelphidae|Caluromys|lanatus,lanatus,Animalia,Mammalia,Didelphimorphia,Didelphidae,Caluromys,lanatus,Asynaptic,Asynaptic,Heterogametic,XY,14
Animalia|Mammalia|Didelphimorphia|Didelphidae|Chironectes|panamensis,panamensis,Animalia,Mammalia,Didelphimorphia,Didelphidae,Chironectes,panamensis,Asynaptic,Asynaptic,Heterogametic,XY,22
Animalia|Mammalia|Didelphimorphia|Didelphidae|Didelphis|marsupialis,marsupialis,Animalia,Mammalia,Didelphimorphia,Didelphidae,Didelphis,marsupialis,Asynaptic,Asynaptic,Heterogametic,XY,22
Animalia|Mammalia|Didelphimorphia|Didelphidae|Didelphis|virginiana,virginiana,Animalia,Mammalia,Didelphimorphia,Didelphidae,Didelphis,virginiana,Asynaptic,Asynaptic,Heterogametic,XY,22
Animalia|Mammalia|Didelphimorphia|Didelphidae|Didelphys|albiventris,albiventris,Animalia,Mammalia,Didelphimorphia,Didelphidae,Didelphys,albiventris,Asynaptic,Asynaptic,Heterogametic,XY,22
Animalia|Mammalia|Didelphimorphia|Didelphidae|Lutreolina|crassicaudata,crassicaudata,Animalia,Mammalia,Didelphimorphia,Didelphidae,Lutreolina,crassicaudata,Asynaptic,Asynaptic,Heterogametic,XY,22
Animalia|Mammalia|Didelphimorphia|Didelphidae|Marmosa|alstoni,alstoni,Animalia,Mammalia,Didelphimorphia,Didelphidae,Marmosa,alstoni,Asynaptic,Asynaptic,Heterogametic,XY,14
Animalia|Mammalia|Didelphimorphia|Didelphidae|Marmosa|murina,murina,Animalia,Mammalia,Didelphimorphia,Didelphidae,Marmosa,murina,Asynaptic,Asynaptic,Heterogametic,XY,14
Animalia|Mammalia|Didelphimorphia|Didelphidae|Marmosa|pusilla,pusilla,Animalia,Mammalia,Didelphimorphia,Didelphidae,Marmosa,pusilla,Asynaptic,Asynaptic,Heterogametic,XY,14
Animalia|Mammalia|Didelphimorphia|Didelphidae|Marmosa|robinsoni,robinsoni,Animalia,Mammalia,Didelphimorphia,Didelphidae,Marmosa,robinsoni,Asynaptic,Asynaptic,Heterogametic,XY,14
Animalia|Mammalia|Didelphimorphia|Didelphidae|Marmosa|sp.,sp.,Animalia,Mammalia,Didelphimorphia,Didelphidae,Marmosa,sp.,Asynaptic,Asynaptic,Heterogametic,XY,14
Animalia|Mammalia|Didelphimorphia|Didelphidae|Marmosops|incanus,incanus,Animalia,Mammalia,Didelphimorphia,Didelphidae,Marmosops,incanus,Asynaptic,Asynaptic,Heterogametic,XY,14
Animalia|Mammalia|Didelphimorphia|Didelphidae|Metachirus|nudicaudatus,nudicaudatus,Animalia,Mammalia,Didelphimorphia,Didelphidae,Metachirus,nudicaudatus,Asynaptic,Asynaptic,Heterogametic,XY,14
Animalia|Mammalia|Didelphimorphia|Didelphidae|Micoureus|demerarae,demerarae,Animalia,Mammalia,Didelphimorphia,Didelphidae,Micoureus,demerarae,Asynaptic,Asynaptic,Heterogametic,XY,14
Animalia|Mammalia|Didelphimorphia|Didelphidae|Monodelphis|brevicaudata,brevicaudata,Animalia,Mammalia,Didelphimorphia,Didelphidae,Monodelphis,brevicaudata,Asynaptic,Asynaptic,Heterogametic,XY,18
Animalia|Mammalia|Didelphimorphia|Didelphidae|Monodelphis|domestica,domestica,Animalia,Mammalia,Didelphimorphia,Didelphidae,Monodelphis,domestica,Asynaptic,Asynaptic,Heterogametic,XY,18
Animalia|Mammalia|Didelphimorphia|Didelphidae|Philander|opossum,opossum,Animalia,Mammalia,Didelphimorphia,Didelphidae,Philander,opossum,Asynaptic,Asynaptic,Heterogametic,XY,22
Animalia|Mammalia|Didelphimorphia|Didelphidae|Thylamys|elegans,elegans,Animalia,Mammalia,Didelphimorphia,Didelphidae,Thylamys,elegans,Asynaptic,Asynaptic,Heterogametic,XY,14
Animalia|Mammalia|Diprodontia|Acrobatidae|Acrobates|pygmaeus,pygmaeus,Animalia,Mammalia,Diprodontia,Acrobatidae,Acrobates,pygmaeus,Asynaptic,Asynaptic,Heterogametic,XY,14
Animalia|Mammalia|Diprodontia|Burramyidae|Cercartetus|concinnus,concinnus,Animalia,Mammalia,Diprodontia,Burramyidae,Cercartetus,concinnus,Asynaptic,Asynaptic,Heterogametic,XY,14
Animalia|Mammalia|Diprodontia|Macropodidae|Macropus|eugenii,eugenii,Animalia,Mammalia,Diprodontia,Macropodidae,Macropus,eugenii,Asynaptic,Asynaptic,Heterogametic,XY,16
Animalia|Mammalia|Diprotodontia|Acrobatidae|Acrobates|pygmaeus,pygmaeus,Animalia,Mammalia,Diprotodontia,Acrobatidae,Acrobates,pygmaeus,Asynaptic,Asynaptic,Heterogametic,XY,14
Animalia|Mammalia|Diprotodontia|Acrobatidae|Dactylopsila|palpator,palpator,Animalia,Mammalia,Diprotodontia,Acrobatidae,Dactylopsila,palpator,Asynaptic,Asynaptic,Heterogametic,XY,18
Animalia|Mammalia|Diprotodontia|Acrobatidae|Dactylopsila|trivirgata,trivirgata,Animalia,Mammalia,Diprotodontia,Acrobatidae,Dactylopsila,trivirgata,Asynaptic,Asynaptic,Heterogametic,XY,18
Animalia|Mammalia|Diprotodontia|Acrobatidae|Distoechurus|pennatus,pennatus,Animalia,Mammalia,Diprotodontia,Acrobatidae,Distoechurus,pennatus,Asynaptic,Asynaptic,Heterogametic,XY,14
Animalia|Mammalia|Diprotodontia|Burramyidae|Burramys|parvus,parvus,Animalia,Mammalia,Diprotodontia,Burramyidae,Burramys,parvus,Asynaptic,Asynaptic,Heterogametic,XY,14
Animalia|Mammalia|Diprotodontia|Burramyidae|Cercartetus|concinnus,concinnus,Animalia,Mammalia,Diprotodontia,Burramyidae,Cercartetus,concinnus,Asynaptic,Asynaptic,Heterogametic,XY,14
Animalia|Mammalia|Diprotodontia|Burramyidae|Cercartetus|lepidus,lepidus,Animalia,Mammalia,Diprotodontia,Burramyidae,Cercartetus,lepidus,Asynaptic,Asynaptic,Heterogametic,XY,14
Animalia|Mammalia|Diprotodontia|Burramyidae|Cercartetus|nanus,nanus,Animalia,Mammalia,Diprotodontia,Burramyidae,Cercartetus,nanus,Asynaptic,Asynaptic,Heterogametic,XY,14
Animalia|Mammalia|Diprotodontia|Hypsiprymnodontidae|Hypsiprymnodon|moschatus,moschatus,Animalia,Mammalia,Diprotodontia,Hypsiprymnodontidae,Hypsiprymnodon,moschatus,Asynaptic,Asynaptic,Heterogametic,XY,22
Animalia|Mammalia|Diprotodontia|Macropodidae|Dendrolagus|dorianus,dorianus,Animalia,Mammalia,Diprotodontia,Macropodidae,Dendrolagus,dorianus,Asynaptic,Asynaptic,Heterogametic,XY,12
Animalia|Mammalia|Diprotodontia|Macropodidae|Dendrolagus|goodfellowi,goodfellowi,Animalia,Mammalia,Diprotodontia,Macropodidae,Dendrolagus,goodfellowi,Asynaptic,Asynaptic,Heterogametic,XY,14
Animalia|Mammalia|Diprotodontia|Macropodidae|Dorcopsis|muelleri,muelleri,Animalia,Mammalia,Diprotodontia,Macropodidae,Dorcopsis,muelleri,Asynaptic,Asynaptic,Heterogametic,XY,22
Animalia|Mammalia|Diprotodontia|Macropodidae|Dorcopsulus|vanheurni,vanheurni,Animalia,Mammalia,Diprotodontia,Macropodidae,Dorcopsulus,vanheurni,Asynaptic,Asynaptic,Heterogametic,XY,18
Animalia|Mammalia|Diprotodontia|Macropodidae|Lagorchestes|conspicillata,conspicillata,Animalia,Mammalia,Diprotodontia,Macropodidae,Lagorchestes,conspicillata,Asynaptic,Asynaptic,Heterogametic,XY,16
Animalia|Mammalia|Diprotodontia|Macropodidae|Lagorchestes|hirsutus,hirsutus,Animalia,Mammalia,Diprotodontia,Macropodidae,Lagorchestes,hirsutus,Asynaptic,Asynaptic,Heterogametic,XY,20
Animalia|Mammalia|Diprotodontia|Macropodidae|Lagostrphus|fasciatus,fasciatus,Animalia,Mammalia,Diprotodontia,Macropodidae,Lagostrphus,fasciatus,Asynaptic,Asynaptic,Heterogametic,XY,32
Animalia|Mammalia|Diprotodontia|Macropodidae|Macropus|agilis,agilis,Animalia,Mammalia,Diprotodontia,Macropodidae,Macropus,agilis,Asynaptic,Asynaptic,Heterogametic,XY,16
Animalia|Mammalia|Diprotodontia|Macropodidae|Macropus|antilopinus,antilopinus,Animalia,Mammalia,Diprotodontia,Macropodidae,Macropus,antilopinus,Asynaptic,Asynaptic,Heterogametic,XY,16
Animalia|Mammalia|Diprotodontia|Macropodidae|Macropus|bicolor,bicolor,Animalia,Mammalia,Diprotodontia,Macropodidae,Macropus,bicolor,Asynaptic,Asynaptic,Heterogametic,XY,10
Animalia|Mammalia|Diprotodontia|Macropodidae|Macropus|eugenii,eugenii,Animalia,Mammalia,Diprotodontia,Macropodidae,Macropus,eugenii,Asynaptic,Asynaptic,Heterogametic,XY,16
Animalia|Mammalia|Diprotodontia|Macropodidae|Macropus|fuliginosus,fuliginosus,Animalia,Mammalia,Diprotodontia,Macropodidae,Macropus,fuliginosus,Asynaptic,Asynaptic,Heterogametic,XY,16
Animalia|Mammalia|Diprotodontia|Macropodidae|Macropus|giganteus,giganteus,Animalia,Mammalia,Diprotodontia,Macropodidae,Macropus,giganteus,Asynaptic,Asynaptic,Heterogametic,XY,16
Animalia|Mammalia|Diprotodontia|Macropodidae|Macropus|irma,irma,Animalia,Mammalia,Diprotodontia,Macropodidae,Macropus,irma,Asynaptic,Asynaptic,Heterogametic,XY,16
Animalia|Mammalia|Diprotodontia|Macropodidae|Macropus|parma,parma,Animalia,Mammalia,Diprotodontia,Macropodidae,Macropus,parma,Asynaptic,Asynaptic,Heterogametic,XY,16
Animalia|Mammalia|Diprotodontia|Macropodidae|Macropus|parryi,parryi,Animalia,Mammalia,Diprotodontia,Macropodidae,Macropus,parryi,Asynaptic,Asynaptic,Heterogametic,XY,16
Animalia|Mammalia|Diprotodontia|Macropodidae|Macropus|robustus,robustus,Animalia,Mammalia,Diprotodontia,Macropodidae,Macropus,robustus,Asynaptic,Asynaptic,Heterogametic,XY,16
Animalia|Mammalia|Diprotodontia|Macropodidae|Macropus|rufogriseus,rufogriseus,Animalia,Mammalia,Diprotodontia,Macropodidae,Macropus,rufogriseus,Asynaptic,Asynaptic,Heterogametic,XY,16
Animalia|Mammalia|Diprotodontia|Macropodidae|Macropus|rufus,rufus,Animalia,Mammalia,Diprotodontia,Macropodidae,Macropus,rufus,Asynaptic,Asynaptic,Heterogametic,XY,20
Animalia|Mammalia|Diprotodontia|Macropodidae|Onychogalea|fraenata,fraenata,Animalia,Mammalia,Diprotodontia,Macropodidae,Onychogalea,fraenata,Asynaptic,Asynaptic,Heterogametic,XY,18
Animalia|Mammalia|Diprotodontia|Macropodidae|Onychogalea|unguifera,unguifera,Animalia,Mammalia,Diprotodontia,Macropodidae,Onychogalea,unguifera,Asynaptic,Asynaptic,Heterogametic,XY,20
Animalia|Mammalia|Diprotodontia|Macropodidae|Peradorcas|concinna,concinna,Animalia,Mammalia,Diprotodontia,Macropodidae,Peradorcas,concinna,Asynaptic,Asynaptic,Heterogametic,XY,16
Animalia|Mammalia|Diprotodontia|Macropodidae|Petrogale|lateralis,lateralis,Animalia,Mammalia,Diprotodontia,Macropodidae,Petrogale,lateralis,Asynaptic,Asynaptic,Heterogametic,XY,22
Animalia|Mammalia|Diprotodontia|Macropodidae|Petrogale|xanthopus,xanthopus,Animalia,Mammalia,Diprotodontia,Macropodidae,Petrogale,xanthopus,Asynaptic,Asynaptic,Heterogametic,XY,22
Animalia|Mammalia|Diprotodontia|Macropodidae|Setonix|brachyurus,brachyurus,Animalia,Mammalia,Diprotodontia,Macropodidae,Setonix,brachyurus,Asynaptic,Asynaptic,Heterogametic,XY,22
Animalia|Mammalia|Diprotodontia|Macropodidae|Thylogale|brunii,brunii,Animalia,Mammalia,Diprotodontia,Macropodidae,Thylogale,brunii,Asynaptic,Asynaptic,Heterogametic,XY,22
Animalia|Mammalia|Diprotodontia|Macropodidae|Thylogale|stigmatica,stigmatica,Animalia,Mammalia,Diprotodontia,Macropodidae,Thylogale,stigmatica,Asynaptic,Asynaptic,Heterogametic,XY,22
Animalia|Mammalia|Diprotodontia|Macropodidae|Wallabia|eugenii,eugenii,Animalia,Mammalia,Diprotodontia,Macropodidae,Wallabia,eugenii,Asynaptic,Asynaptic,Heterogametic,XY,16
Animalia|Mammalia|Diprotodontia|Petauridae|Gymnobelideus|leadbeateri,leadbeateri,Animalia,Mammalia,Diprotodontia,Petauridae,Gymnobelideus,leadbeateri,Asynaptic,Asynaptic,Heterogametic,XY,22
Animalia|Mammalia|Diprotodontia|Petauridae|Petarurus|breviceps,breviceps,Animalia,Mammalia,Diprotodontia,Petauridae,Petarurus,breviceps,Asynaptic,Asynaptic,Heterogametic,XY,22
Animalia|Mammalia|Diprotodontia|Petauridae|Petarurus|norfolcensis,norfolcensis,Animalia,Mammalia,Diprotodontia,Petauridae,Petarurus,norfolcensis,Asynaptic,Asynaptic,Heterogametic,XY,22
Animalia|Mammalia|Diprotodontia|Phalangeridae|Ailurops|ursinus,ursinus,Animalia,Mammalia,Diprotodontia,Phalangeridae,Ailurops,ursinus,Asynaptic,Asynaptic,Heterogametic,XY,0
Animalia|Mammalia|Diprotodontia|Phalangeridae|Phalanger|gymnotis,gymnotis,Animalia,Mammalia,Diprotodontia,Phalangeridae,Phalanger,gymnotis,Asynaptic,Asynaptic,Heterogametic,XY,14
Animalia|Mammalia|Diprotodontia|Phalangeridae|Phalanger|orientalis,orientalis,Animalia,Mammalia,Diprotodontia,Phalangeridae,Phalanger,orientalis,Asynaptic,Asynaptic,Heterogametic,XY,14
Animalia|Mammalia|Diprotodontia|Phalangeridae|Spilocuscus|maculatus,maculatus,Animalia,Mammalia,Diprotodontia,Phalangeridae,Spilocuscus,maculatus,Asynaptic,Asynaptic,Heterogametic,XY,0
Animalia|Mammalia|Diprotodontia|Phalangeridae|Spilocuscus|rufoniger,rufoniger,Animalia,Mammalia,Diprotodontia,Phalangeridae,Spilocuscus,rufoniger,Asynaptic,Asynaptic,Heterogametic,XY,0
Animalia|Mammalia|Diprotodontia|Phalangeridae|Strigocuscus|celebensis,celebensis,Animalia,Mammalia,Diprotodontia,Phalangeridae,Strigocuscus,celebensis,Asynaptic,Asynaptic,Heterogametic,XY,0
Animalia|Mammalia|Diprotodontia|Phalangeridae|Strigocuscus|pelengensis,pelengensis,Animalia,Mammalia,Diprotodontia,Phalangeridae,Strigocuscus,pelengensis,Asynaptic,Asynaptic,Heterogametic,XY,0
Animalia|Mammalia|Diprotodontia|Phalangeridae|Trichosurus|caninus,caninus,Animalia,Mammalia,Diprotodontia,Phalangeridae,Trichosurus,caninus,Asynaptic,Asynaptic,Heterogametic,XY,20
Animalia|Mammalia|Diprotodontia|Phalangeridae|Trichosurus|johnstonii,johnstonii,Animalia,Mammalia,Diprotodontia,Phalangeridae,Trichosurus,johnstonii,Asynaptic,Asynaptic,Heterogametic,XY,20
Animalia|Mammalia|Diprotodontia|Phalangeridae|Wyulda|squamicaudata,squamicaudata,Animalia,Mammalia,Diprotodontia,Phalangeridae,Wyulda,squamicaudata,Asynaptic,Asynaptic,Heterogametic,XY,0
Animalia|Mammalia|Diprotodontia|Phascolarctidae|Phascolarctos|cinereus,cinereus,Animalia,Mammalia,Diprotodontia,Phascolarctidae,Phascolarctos,cinereus,Asynaptic,Asynaptic,Heterogametic,XY,16
Animalia|Mammalia|Diprotodontia|Potoroidae|Aepyprymnus|rufescens,rufescens,Animalia,Mammalia,Diprotodontia,Potoroidae,Aepyprymnus,rufescens,Asynaptic,Asynaptic,Heterogametic,XY,32
Animalia|Mammalia|Diprotodontia|Potoroidae|Bettongia|gaimardi,gaimardi,Animalia,Mammalia,Diprotodontia,Potoroidae,Bettongia,gaimardi,Asynaptic,Asynaptic,Heterogametic,XY,22
Animalia|Mammalia|Diprotodontia|Potoroidae|Bettongia|penicillata,penicillata,Animalia,Mammalia,Diprotodontia,Potoroidae,Bettongia,penicillata,Asynaptic,Asynaptic,Heterogametic,XY,22
Animalia|Mammalia|Diprotodontia|Potoroidae|Potorous|longipes,longipes,Animalia,Mammalia,Diprotodontia,Potoroidae,Potorous,longipes,Asynaptic,Asynaptic,Heterogametic,XY,32
Animalia|Mammalia|Diprotodontia|Potoroidae|Potorous|tridactylus,tridactylus,Animalia,Mammalia,Diprotodontia,Potoroidae,Potorous,tridactylus,Asynaptic,Asynaptic,Heterogametic,XY,12
Animalia|Mammalia|Diprotodontia|Pseudocheiridae|Hemibelideus|lemuroides,lemuroides,Animalia,Mammalia,Diprotodontia,Pseudocheiridae,Hemibelideus,lemuroides,Asynaptic,Asynaptic,Heterogametic,XY,20
Animalia|Mammalia|Diprotodontia|Pseudocheiridae|Petauroides|volans,volans,Animalia,Mammalia,Diprotodontia,Pseudocheiridae,Petauroides,volans,Asynaptic,Asynaptic,Heterogametic,XY,22
Animalia|Mammalia|Diprotodontia|Pseudocheiridae|Pseudochirops|archeri,archeri,Animalia,Mammalia,Diprotodontia,Pseudocheiridae,Pseudochirops,archeri,Asynaptic,Asynaptic,Heterogametic,XY,16
Animalia|Mammalia|Diprotodontia|Pseudocheiridae|Pseudochirops|corinnae,corinnae,Animalia,Mammalia,Diprotodontia,Pseudocheiridae,Pseudochirops,corinnae,Asynaptic,Asynaptic,Heterogametic,XY,16
Animalia|Mammalia|Diprotodontia|Pseudocheiridae|Pseudochirops|cupreus,cupreus,Animalia,Mammalia,Diprotodontia,Pseudocheiridae,Pseudochirops,cupreus,Asynaptic,Asynaptic,Heterogametic,XY,10
Animalia|Mammalia|Diprotodontia|Pseudocheiridae|Pseudochirops|dahli,dahli,Animalia,Mammalia,Diprotodontia,Pseudocheiridae,Pseudochirops,dahli,Asynaptic,Asynaptic,Heterogametic,XY,16
Animalia|Mammalia|Diprotodontia|Pseudocheiridae|Pseudochirulus|canescens,canescens,Animalia,Mammalia,Diprotodontia,Pseudocheiridae,Pseudochirulus,canescens,Asynaptic,Asynaptic,Heterogametic,XY,18
Animalia|Mammalia|Diprotodontia|Pseudocheiridae|Pseudochirulus|herbertensis,herbertensis,Animalia,Mammalia,Diprotodontia,Pseudocheiridae,Pseudochirulus,herbertensis,Asynaptic,Asynaptic,Heterogametic,XY,12
Animalia|Mammalia|Diprotodontia|Pseudocheiridae|Pseudochirulus|mayeri,mayeri,Animalia,Mammalia,Diprotodontia,Pseudocheiridae,Pseudochirulus,mayeri,Asynaptic,Asynaptic,Heterogametic,XY,0
Animalia|Mammalia|Diprotodontia|Pseudocheiridae|Pseudochirulus|peregrinus,peregrinus,Animalia,Mammalia,Diprotodontia,Pseudocheiridae,Pseudochirulus,peregrinus,Asynaptic,Asynaptic,Heterogametic,XY,20
Animalia|Mammalia|Diprotodontia|Tarsipedidae|Tarsipes|rostratus,rostratus,Animalia,Mammalia,Diprotodontia,Tarsipedidae,Tarsipes,rostratus,Asynaptic,Asynaptic,Heterogametic,XY,32
Animalia|Mammalia|Diprotodontia|Vombatidae|Lasiorhinus|latifrons,latifrons,Animalia,Mammalia,Diprotodontia,Vombatidae,Lasiorhinus,latifrons,Asynaptic,Asynaptic,Heterogametic,XY,14
Animalia|Mammalia|Diprotodontia|Vombatidae|Vombatus|ursinus,ursinus,Animalia,Mammalia,Diprotodontia,Vombatidae,Vombatus,ursinus,Asynaptic,Asynaptic,Heterogametic,XY,14
Animalia|Mammalia|Microbiotheria|Microbiotheriidae|Dromiciops|australis,australis,Animalia,Mammalia,Microbiotheria,Microbiotheriidae,Dromiciops,australis,Asynaptic,Asynaptic,Heterogametic,XO,14
Animalia|Mammalia|Microbiotheria|Microbiotheriidae|Dromiciops|gliroides,gliroides,Animalia,Mammalia,Microbiotheria,Microbiotheriidae,Dromiciops,gliroides,Asynaptic,Asynaptic,Heterogametic,XY,14
Animalia|Mammalia|Notoryctemorphia|Notoryctidae|Notoryctes|typhlops,typhlops,Animalia,Mammalia,Notoryctemorphia,Notoryctidae,Notoryctes,typhlops,Asynaptic,Asynaptic,Heterogametic,XY,20
Animalia|Mammalia|Paucituberculata|Caenolestidae|Caenolestes|fuliginosus,fuliginosus,Animalia,Mammalia,Paucituberculata,Caenolestidae,Caenolestes,fuliginosus,Asynaptic,Asynaptic,Heterogametic,XY,14
Animalia|Mammalia|Paucituberculata|Caenolestidae|Rhyncholestes|raphanurus,raphanurus,Animalia,Mammalia,Paucituberculata,Caenolestidae,Rhyncholestes,raphanurus,Asynaptic,Asynaptic,Heterogametic,XY,14
Animalia|Mammalia|Peramelemorphia|Peramelidae|Echymipera|kalubu,kalubu,Animalia,Mammalia,Peramelemorphia,Peramelidae,Echymipera,kalubu,Asynaptic,Asynaptic,Heterogametic,XY,14
Animalia|Mammalia|Peramelemorphia|Peramelidae|Isoodon|macrourus,macrourus,Animalia,Mammalia,Peramelemorphia,Peramelidae,Isoodon,macrourus,Asynaptic,Asynaptic,Heterogametic,XY,14
Animalia|Mammalia|Peramelemorphia|Peramelidae|Isoodon|obesulus,obesulus,Animalia,Mammalia,Peramelemorphia,Peramelidae,Isoodon,obesulus,Asynaptic,Asynaptic,Heterogametic,XY,14
Animalia|Mammalia|Peramelemorphia|Peramelidae|Microperoryctes|longicauda,longicauda,Animalia,Mammalia,Peramelemorphia,Peramelidae,Microperoryctes,longicauda,Asynaptic,Asynaptic,Heterogametic,XY,14
Animalia|Mammalia|Peramelemorphia|Peramelidae|Perameles|nasuta,nasuta,Animalia,Mammalia,Peramelemorphia,Peramelidae,Perameles,nasuta,Asynaptic,Asynaptic,Heterogametic,XY,14
Animalia|Mammalia|Peramelemorphia|Peramelidae|Peroryctes|raffrayana,raffrayana,Animalia,Mammalia,Peramelemorphia,Peramelidae,Peroryctes,raffrayana,Asynaptic,Asynaptic,Heterogametic,XY,14
Animalia|Mammalia|Peramelemorphia|Thylacomyidae|Macrotis|lagotis,lagotis,Animalia,Mammalia,Peramelemorphia,Thylacomyidae,Macrotis,lagotis,Asynaptic,Asynaptic,Heterogametic,NA,18
Animalia|Mammalia|Rodentia|Chinchillinae|Chinchilla|laniger,laniger,Animalia,Mammalia,Rodentia,Chinchillinae,Chinchilla,laniger,Achiasmatic,Achiasmatic,Heterogametic,XY,64
Animalia|Mammalia|Rodentia|Cimicidae|Clethrionomys|glareolus,glareolus,Animalia,Mammalia,Rodentia,Cimicidae,Clethrionomys,glareolus,Asynaptic,Asynaptic,Heterogametic,XY,56
Animalia|Mammalia|Rodentia|Cimicidae|Microtus|agrestis,agrestis,Animalia,Mammalia,Rodentia,Cimicidae,Microtus,agrestis,Asynaptic,Asynaptic,Heterogametic,XY,50
Animalia|Mammalia|Rodentia|Cimicidae|Microtus|arvalis,arvalis,Animalia,Mammalia,Rodentia,Cimicidae,Microtus,arvalis,Achiasmatic,Achiasmatic,Heterogametic,XY,46
Animalia|Mammalia|Rodentia|Cimicidae|Microtus|cabrerae,cabrerae,Animalia,Mammalia,Rodentia,Cimicidae,Microtus,cabrerae,Achiasmatic,Achiasmatic,Heterogametic,XY,54
Animalia|Mammalia|Rodentia|Cimicidae|Microtus|guentheri,guentheri,Animalia,Mammalia,Rodentia,Cimicidae,Microtus,guentheri,Asynaptic,Asynaptic,Heterogametic,XY,54
Animalia|Mammalia|Rodentia|Cimicidae|Microtus|kikuchii,kikuchii,Animalia,Mammalia,Rodentia,Cimicidae,Microtus,kikuchii,Asynaptic,Asynaptic,Heterogametic,XY,30
Animalia|Mammalia|Rodentia|Cimicidae|Microtus|kirgisorum,kirgisorum,Animalia,Mammalia,Rodentia,Cimicidae,Microtus,kirgisorum,Asynaptic,Asynaptic,Heterogametic,XY,54
Animalia|Mammalia|Rodentia|Cimicidae|Microtus|oeconomus,oeconomus,Animalia,Mammalia,Rodentia,Cimicidae,Microtus,oeconomus,Asynaptic,Asynaptic,Heterogametic,XY,30
Animalia|Mammalia|Rodentia|Cimicidae|Microtus|rossiaemeridionalis,rossiaemeridionalis,Animalia,Mammalia,Rodentia,Cimicidae,Microtus,rossiaemeridionalis,Asynaptic,Asynaptic,Heterogametic,XY,54
Animalia|Mammalia|Rodentia|Cimicidae|Microtus|subterraneus,subterraneus,Animalia,Mammalia,Rodentia,Cimicidae,Microtus,subterraneus,Asynaptic,Asynaptic,Heterogametic,XY,52
Animalia|Mammalia|Rodentia|Cimicidae|Microtus|thomasi,thomasi,Animalia,Mammalia,Rodentia,Cimicidae,Microtus,thomasi,Asynaptic,Asynaptic,Heterogametic,NA,44
Animalia|Mammalia|Rodentia|Cimicidae|Microtus|transcapicus,transcapicus,Animalia,Mammalia,Rodentia,Cimicidae,Microtus,transcapicus,Asynaptic,Asynaptic,Heterogametic,XY,52
Animalia|Mammalia|Rodentia|Cimicidae|Microtus|transcaspicus,transcaspicus,Animalia,Mammalia,Rodentia,Cimicidae,Microtus,transcaspicus,Asynaptic,Asynaptic,Heterogametic,NA,0
Animalia|Mammalia|Rodentia|Cricetidae|Arvicola|terrestris,terrestris,Animalia,Mammalia,Rodentia,Cricetidae,Arvicola,terrestris,Asynaptic,Asynaptic,Heterogametic,NA,0
Animalia|Mammalia|Rodentia|Cricetidae|Ellobius|talpinus,talpinus,Animalia,Mammalia,Rodentia,Cricetidae,Ellobius,talpinus,Asynaptic,Asynaptic,Heterogametic,XY,30
Animalia|Mammalia|Rodentia|Cricetidae|Ellobius|tancrei,tancrei,Animalia,Mammalia,Rodentia,Cricetidae,Ellobius,tancrei,Asynaptic,Asynaptic,Heterogametic,XY,55
Animalia|Mammalia|Rodentia|Cricetidae|Holochilus|chacarius,chacarius,Animalia,Mammalia,Rodentia,Cricetidae,Holochilus,chacarius,Achiasmatic,Achiasmatic,Heterogametic,NA,0
Animalia|Mammalia|Rodentia|Cricetidae|Microtus|agrestis,agrestis,Animalia,Mammalia,Rodentia,Cricetidae,Microtus,agrestis,Achiasmatic,Achiasmatic,Heterogametic,XY,50
Animalia|Mammalia|Rodentia|Cricetidae|Microtus|duodecimcostatus,duodecimcostatus,Animalia,Mammalia,Rodentia,Cricetidae,Microtus,duodecimcostatus,Achiasmatic,Achiasmatic,Heterogametic,NA,62
Animalia|Mammalia|Rodentia|Cricetidae|Myopus|schisticolor,schisticolor,Animalia,Mammalia,Rodentia,Cricetidae,Myopus,schisticolor,Asynaptic,Asynaptic,Heterogametic,XY,0
Animalia|Mammalia|Rodentia|Cricetidae|Phodopus|campbelli,campbelli,Animalia,Mammalia,Rodentia,Cricetidae,Phodopus,campbelli,Asynaptic,Asynaptic,Heterogametic,XY,0
Animalia|Mammalia|Rodentia|Cricetidae|Phodopus|sungorus,sungorus,Animalia,Mammalia,Rodentia,Cricetidae,Phodopus,sungorus,Asynaptic,Asynaptic,Heterogametic,XY,28
Animalia|Mammalia|Rodentia|Cricetidae|Pitymys|duodecimcostatus,duodecimcostatus,Animalia,Mammalia,Rodentia,Cricetidae,Pitymys,duodecimcostatus,Achiasmatic,Achiasmatic,Heterogametic,XY,28
Animalia|Mammalia|Rodentia|Echimyidae|Trichomys|apereoide,apereoide,Animalia,Mammalia,Rodentia,Echimyidae,Trichomys,apereoide,Asynaptic,Asynaptic,Heterogametic,NA,26
Animalia|Mammalia|Rodentia|Muridae|Meriones|unguiculatus,unguiculatus,Animalia,Mammalia,Rodentia,Muridae,Meriones,unguiculatus,Achiasmatic,Achiasmatic,Heterogametic,NA,44
Animalia|Mammalia|Rodentia|Muridae|Mus|dunni,dunni,Animalia,Mammalia,Rodentia,Muridae,Mus,dunni,Achiasmatic,Achiasmatic,Heterogametic,XY,40
Animalia|Mammalia|Rodentia|Muridae|Mus|minutoides,minutoides,Animalia,Mammalia,Rodentia,Muridae,Mus,minutoides,Asynaptic,Asynaptic,Heterogametic,XY,36
Animalia|Mammalia|Rodentia|Muridae|Psammomys|obesus,obesus,Animalia,Mammalia,Rodentia,Muridae,Psammomys,obesus,Achiasmatic,Achiasmatic,Heterogametic,NA,48
Animalia|Mammalia|Rodentia|Murids|Mus|minutoides,minutoides,Animalia,Mammalia,Rodentia,Murids,Mus,minutoides,Asynaptic,Asynaptic,Heterogametic,NA,36
Animalia|Mammalia|Rodentia|Octodontidae|Octodon|degus,degus,Animalia,Mammalia,Rodentia,Octodontidae,Octodon,degus,Asynaptic,Asynaptic,Heterogametic,XY,58
Animalia|Maxillopoda|Cyclopoida|Cyclopidae|Acanthocyclops|vernalis ssp. parcus?,vernalis ssp. parcus?,Animalia,Maxillopoda,Cyclopoida,Cyclopidae,Acanthocyclops,vernalis ssp. parcus?,Achiasmatic,Achiasmatic,Heterogametic,NA,6
Animalia|Maxillopoda|Cyclopoida|Cyclopidae|Cyclops|furcifer,furcifer,Animalia,Maxillopoda,Cyclopoida,Cyclopidae,Cyclops,furcifer,Distance pairing,NA,Heterogametic,NA,22
Animalia|Maxillopoda|Cyclopoida|Cyclopidae|Cyclops|strenuus divulsus,strenuus divulsus,Animalia,Maxillopoda,Cyclopoida,Cyclopidae,Cyclops,strenuus divulsus,Distance pairing,NA,Heterogametic,NA,22
Animalia|Maxillopoda|Cyclopoida|Cyclopidae|Cyclops|strenuus strenuus,strenuus strenuus,Animalia,Maxillopoda,Cyclopoida,Cyclopidae,Cyclops,strenuus strenuus,Distance pairing,NA,Heterogametic,NA,22
Animalia|Maxillopoda|Cyclopoida|Cyclopidae|Diacyclops|biscupidatus thomasi,biscupidatus thomasi,Animalia,Maxillopoda,Cyclopoida,Cyclopidae,Diacyclops,biscupidatus thomasi,Achiasmatic,Achiasmatic,Heterogametic,NA,18
Animalia|Maxillopoda|Cyclopoida|Cyclopidae|Eucyclops|speratus,speratus,Animalia,Maxillopoda,Cyclopoida,Cyclopidae,Eucyclops,speratus,Achiasmatic,Achiasmatic,Heterogametic,NA,13
Animalia|Maxillopoda|Cyclopoida|Cyclopidae|Tropocyclops|prasinus mexicanus,prasinus mexicanus,Animalia,Maxillopoda,Cyclopoida,Cyclopidae,Tropocyclops,prasinus mexicanus,Achiasmatic,Achiasmatic,Heterogametic,NA,11
Animalia|Mollusca|Littorinida|Bithyniidae|Bithynia|leachi,leachi,Animalia,Mollusca,Littorinida,Bithyniidae,Bithynia,leachi,Achiasmatic,Achiasmatic,Heterogametic,XY,0
Animalia|Mollusca|Littorinida|Bithyniidae|Bithynia|tentaculata,tentaculata,Animalia,Mollusca,Littorinida,Bithyniidae,Bithynia,tentaculata,Achiasmatic,Achiasmatic,Heterogametic,XY,0
Animalia|Reptilia|Squamata|Lacertidae|Darevskia|unisexualis,unisexualis,Animalia,Reptilia,Squamata,Lacertidae,Darevskia,unisexualis,Asynaptic,Asynaptic,Heterogametic,ZW,38
Kingdom|Class|Order|Family|Genus|Species,Species,Kingdom,Class,Order,Family,Genus,Species,Meiosis Type,NA,NA,NA,0
Plantae|Equisetopsida|Isoetales|Isoetaceae|Isoetes|coromandelina,coromandelina,Plantae,Equisetopsida,Isoetales,Isoetaceae,Isoetes,coromandelina,Asynaptic,Asynaptic,NA,NA,46
Plantae|Equisetopsida|Solanales|Convolvulaceae|Poranopsis|paniculata,paniculata,Plantae,Equisetopsida,Solanales,Convolvulaceae,Poranopsis,paniculata,Asynaptic,Asynaptic,NA,NA,13
Plantae|Liliopsida|Cyperales|Cyperaceae|Rhynchospora|tenuis,tenuis,Plantae,Liliopsida,Cyperales,Cyperaceae,Rhynchospora,tenuis,Achiasmatic,Achiasmatic,Heterogametic,NA,4
Plantae|Liliopsida|Zingberales|Zingiberaceae|Mantisia|spathulata,spathulata,Plantae,Liliopsida,Zingberales,Zingiberaceae,Mantisia,spathulata,Asynaptic,Asynaptic,Heterogametic,NA,20
Plantae|Liliopsida|Zingberales|Zingiberaceae|Mantisia|wengeri,wengeri,Plantae,Liliopsida,Zingberales,Zingiberaceae,Mantisia,wengeri,Asynaptic,Asynaptic,Heterogametic,NA,20
Plantae|Magnoliopsida|Brassicales|Brassicaceae|Arabidopsis|thaliana,thaliana,Plantae,Magnoliopsida,Brassicales,Brassicaceae,Arabidopsis,thaliana,Achiasmatic,Achiasmatic,Both,NA,0
Plantae|Magnoliopsida|Caryophyllales|Caryophyllaceae|Dianthus|angulatus,angulatus,Plantae,Magnoliopsida,Caryophyllales,Caryophyllaceae,Dianthus,angulatus,Asynaptic,Asynaptic,Hermaphroditic,NA,30
Plantae|Magnoliopsida|Poales|Cyperaceae|Rhynchospora|tenuis,tenuis,Plantae,Magnoliopsida,Poales,Cyperaceae,Rhynchospora,tenuis,Achiasmatic,Achiasmatic,NA,NA,4
Plantae|Magnoliopsida|Rosales|Rosacease|Rubus|canadensis,canadensis,Plantae,Magnoliopsida,Rosales,Rosacease,Rubus,canadensis,Asynaptic,Asynaptic,Heterogametic,NA,0
Plantae|Magnoliopsida|Solanales|Convolvulaceae|Calystegia|hederacea,hederacea,Plantae,Magnoliopsida,Solanales,Convolvulaceae,Calystegia,hederacea,Asynaptic,Asynaptic,NA,NA,11
Plantae|Magnoliopsida|Solanales|Convolvulaceae|Ipomoea|bona-nox,bona-nox,Plantae,Magnoliopsida,Solanales,Convolvulaceae,Ipomoea,bona-nox,Asynaptic,Asynaptic,NA,NA,15
Plantae|Magnoliopsida|Solanales|Solanaceae|Solanum|Solanum nigrum,Solanum nigrum,Plantae,Magnoliopsida,Solanales,Solanaceae,Solanum,Solanum nigrum,Asynaptic,Asynaptic,Hermaphroditic,NA,12
Plantae|Pinopsida|Araucariales|Podocarpaceae|Pales|ferruginea,ferruginea,Plantae,Pinopsida,Araucariales,Podocarpaceae,Pales,ferruginea,Achiasmatic,Achiasmatic,Heterogametic,NA,0
