label,Kingdom,Class,Order,Family,Genus,Species,type_meiosis,sex_no_recomb,sex_chr_sys,diploid_num
Animalia|Actinopterygii|Cyprinodontiformes|Poecilidae|Poecilia|formosa,Animalia,Actinopterygii,Cyprinodontiformes,Poecilidae,Poecilia,formosa,Asynaptic,Female,NA,46
Animalia|Amphibia|Anura|Glandirana|Rana|esculenta,Animalia,Amphibia,Anura,Glandirana,Rana,esculenta,Asynaptic,NA,NA,26
Animalia|Amphibia|Anura|Glandirana|Rana|rugosa,Animalia,Amphibia,Anura,Glandirana,Rana,rugosa,Achiasmatic,Female,ZW,0
Animalia|Amphibia|Caudata|Salamandridae|Triturus|cristatus,Animalia,Amphibia,Caudata,Salamandridae,Triturus,cristatus,Asynaptic,Both,XY,24
Animalia|Amphibia|Caudata|Salamandridae|Triturus|cristatuscarnifex,Animalia,Amphibia,Caudata,Salamandridae,Triturus,cristatus carnifex,Asynaptic,Female,NA,0
Animalia|Amphibia|Caudata|Salamandridae|Triturus|marmoratus,Animalia,Amphibia,Caudata,Salamandridae,Triturus,marmoratus,Asynaptic,Female,NA,24
Animalia|Arachnida|Araneae|Antrodiaetidae|Aliatypus|californicus,Animalia,Arachnida,Araneae,Antrodiaetidae,Aliatypus,californicus,Achiasmatic,Male,XO,27
Animalia|Arachnida|Araneae|Diguetidae|Diguetia|albolineata,Animalia,Arachnida,Araneae,Diguetidae,Diguetia,albolineata,Achiasmatic,Male,XY,20
Animalia|Arachnida|Araneae|Diguetidae|Diguetia|canities,Animalia,Arachnida,Araneae,Diguetidae,Diguetia,canities,Achiasmatic,Male,XY,16
Animalia|Arachnida|Araneae|Drymusidae|Drymusa|capensis,Animalia,Arachnida,Araneae,Drymusidae,Drymusa,capensis,Achiasmatic,Male,NA,37
Animalia|Arachnida|Araneae|Dysderidae|Dysdera|crocota,Animalia,Arachnida,Araneae,Dysderidae,Dysdera,crocota,Achiasmatic,Male,XO,10
Animalia|Arachnida|Araneae|Euagridae|Euagrus|lynceus,Animalia,Arachnida,Araneae,Euagridae,Euagrus,lynceus,Achiasmatic,Male,NA,59
Animalia|Arachnida|Araneae|Filistatidae|Filistata|insidiatrix,Animalia,Arachnida,Araneae,Filistatidae,Filistata,insidiatrix,Achiasmatic,Male,NA,33
Animalia|Arachnida|Araneae|Hypochilidae|Hypochilus|pococki,Animalia,Arachnida,Araneae,Hypochilidae,Hypochilus,pococki,Achiasmatic,Male,NA,29
Animalia|Arachnida|Araneae|Pholcidae|Holocnemus|caudatus,Animalia,Arachnida,Araneae,Pholcidae,Holocnemus,caudatus,Achiasmatic,Male,XO,23
Animalia|Arachnida|Araneae|Pholcidae|Pholcus|phalangioides,Animalia,Arachnida,Araneae,Pholcidae,Pholcus,phalangioides,Achiasmatic,Male,NA,25
Animalia|Arachnida|Araneae|Pholcidae|Spermophora|senoculata,Animalia,Arachnida,Araneae,Pholcidae,Spermophora,senoculata,Achiasmatic,Male,NA,25
Animalia|Arachnida|Araneae|Sicariidae|Loxosceles|intermedia,Animalia,Arachnida,Araneae,Sicariidae,Loxosceles,intermedia,Achiasmatic,Male,XY,23
Animalia|Arachnida|Araneae|Sicariidae|Loxosceles|laeta,Animalia,Arachnida,Araneae,Sicariidae,Loxosceles,laeta,Achiasmatic,Male,XY,23
Animalia|Arachnida|Araneae|Sicariidae|Loxosceles|reclusa,Animalia,Arachnida,Araneae,Sicariidae,Loxosceles,reclusa,Achiasmatic,Male,XY,18
Animalia|Arachnida|Araneae|Sicariidae|Loxosceles|rufescens,Animalia,Arachnida,Araneae,Sicariidae,Loxosceles,rufescens,Achiasmatic,Male,NA,21
Animalia|Arachnida|Araneae|Sicariidae|Loxosceles|rufipes,Animalia,Arachnida,Araneae,Sicariidae,Loxosceles,rufipes,Achiasmatic,Male,XY,20
Animalia|Arachnida|Araneae|Sicariidae|Loxosceles|spinulosa,Animalia,Arachnida,Araneae,Sicariidae,Loxosceles,spinulosa,Achiasmatic,Male,XY,19
Animalia|Arachnida|Pseudoscorpines|Atemnidae|Atemnus|politus,Animalia,Arachnida,Pseudoscorpines,Atemnidae,Atemnus,politus,Achiasmatic,Male,XO,95
Animalia|Arachnida|Pseudoscorpionida|Chthoniidae|Chthonius|alpicola,Animalia,Arachnida,Pseudoscorpionida,Chthoniidae,Chthonius,alpicola,Achiasmatic,Male,XO,21
Animalia|Arachnida|Pseudoscorpionida|Chthoniidae|Chthonius|boldorii,Animalia,Arachnida,Pseudoscorpionida,Chthoniidae,Chthonius,boldorii,Achiasmatic,Male,XO,35
Animalia|Arachnida|Pseudoscorpionida|Chthoniidae|Chthonius|carinthiacus,Animalia,Arachnida,Pseudoscorpionida,Chthoniidae,Chthonius,carinthiacus,Achiasmatic,Male,XO,35
Animalia|Arachnida|Pseudoscorpionida|Chthoniidae|Chthonius|diophthalmus,Animalia,Arachnida,Pseudoscorpionida,Chthoniidae,Chthonius,diophthalmus,Achiasmatic,Male,XO,33
Animalia|Arachnida|Pseudoscorpionida|Chthoniidae|Chthonius|fuscimanus,Animalia,Arachnida,Pseudoscorpionida,Chthoniidae,Chthonius,fuscimanus,Achiasmatic,Male,XO,35
Animalia|Arachnida|Pseudoscorpionida|Chthoniidae|Chthonius|heterodactylus,Animalia,Arachnida,Pseudoscorpionida,Chthoniidae,Chthonius,heterodactylus,Achiasmatic,Male,XO,33
Animalia|Arachnida|Pseudoscorpionida|Chthoniidae|Chthonius|ischnocheles_cytotype I,Animalia,Arachnida,Pseudoscorpionida,Chthoniidae,Chthonius,ischnocheles_ cytotype I,Achiasmatic,Male,XO,31
Animalia|Arachnida|Pseudoscorpionida|Chthoniidae|Chthonius|ischnocheles_cytotype II,Animalia,Arachnida,Pseudoscorpionida,Chthoniidae,Chthonius,ischnocheles_ cytotype II,Achiasmatic,Male,XO,35
Animalia|Arachnida|Pseudoscorpionida|Chthoniidae|Chthonius|litoralis,Animalia,Arachnida,Pseudoscorpionida,Chthoniidae,Chthonius,litoralis,Achiasmatic,Male,XO,35
Animalia|Arachnida|Pseudoscorpionida|Chthoniidae|Chthonius|nanus,Animalia,Arachnida,Pseudoscorpionida,Chthoniidae,Chthonius,nanus,Achiasmatic,Male,XO,25
Animalia|Arachnida|Pseudoscorpionida|Chthoniidae|Chthonius|orthodactylus,Animalia,Arachnida,Pseudoscorpionida,Chthoniidae,Chthonius,orthodactylus,Achiasmatic,Male,XO,33
Animalia|Arachnida|Pseudoscorpionida|Chthoniidae|Chthonius|poeninus,Animalia,Arachnida,Pseudoscorpionida,Chthoniidae,Chthonius,poeninus,Achiasmatic,Male,XO,25
Animalia|Arachnida|Pseudoscorpionida|Chthoniidae|Chthonius|raridentatus_cytotype I,Animalia,Arachnida,Pseudoscorpionida,Chthoniidae,Chthonius,raridentatus_ cytotype I,Achiasmatic,Male,XO,29
Animalia|Arachnida|Pseudoscorpionida|Chthoniidae|Chthonius|raridentatus_cytotype II,Animalia,Arachnida,Pseudoscorpionida,Chthoniidae,Chthonius,raridentatus_ cytotype II,Achiasmatic,Male,XO,29
Animalia|Arachnida|Pseudoscorpionida|Chthoniidae|Chthonius|rhodochelatus_cytotype I,Animalia,Arachnida,Pseudoscorpionida,Chthoniidae,Chthonius,rhodochelatus_ cytotype I,Achiasmatic,Male,XO,35
Animalia|Arachnida|Pseudoscorpionida|Chthoniidae|Chthonius|rhodochelatus_cytotype II,Animalia,Arachnida,Pseudoscorpionida,Chthoniidae,Chthonius,rhodochelatus_ cytotype II,Achiasmatic,Male,XO,35
Animalia|Arachnida|Pseudoscorpionida|Chthoniidae|Chthonius|sp.1,Animalia,Arachnida,Pseudoscorpionida,Chthoniidae,Chthonius,sp. 1,Achiasmatic,Male,XO,29
Animalia|Arachnida|Pseudoscorpionida|Chthoniidae|Chthonius|sp.2,Animalia,Arachnida,Pseudoscorpionida,Chthoniidae,Chthonius,sp. 2,Achiasmatic,Male,XO,21
Animalia|Arachnida|Pseudoscorpionida|Chthoniidae|Chthonius|tenuis,Animalia,Arachnida,Pseudoscorpionida,Chthoniidae,Chthonius,tenuis,Achiasmatic,Male,XO,35
Animalia|Arachnida|Pseudoscorpionida|Chthoniidae|Chthonius|tenuis_cytotype I,Animalia,Arachnida,Pseudoscorpionida,Chthoniidae,Chthonius,tenuis_ cytotype I,Achiasmatic,Male,XO,35
Animalia|Arachnida|Pseudoscorpionida|Chthoniidae|Chthonius|tenuis_cytotype II,Animalia,Arachnida,Pseudoscorpionida,Chthoniidae,Chthonius,tenuis_ cytotype II,Achiasmatic,Male,XO,33
Animalia|Arachnida|Pseudoscorpionida|Chthoniidae|Chthonius|tenuis_cytotype III,Animalia,Arachnida,Pseudoscorpionida,Chthoniidae,Chthonius,tenuis_ cytotype III,Achiasmatic,Male,XO,33
Animalia|Arachnida|Pseudoscorpionida|Chthoniidae|Chthonius|tenuis_cytotype IV,Animalia,Arachnida,Pseudoscorpionida,Chthoniidae,Chthonius,tenuis_ cytotype IV,Achiasmatic,Male,XO,33
Animalia|Arachnida|Pseudoscorpionida|Chthoniidae|Chthonius|tenuis_cytotype V,Animalia,Arachnida,Pseudoscorpionida,Chthoniidae,Chthonius,tenuis_ cytotype V,Achiasmatic,Male,XO,21
Animalia|Arachnida|Pseudoscorpionida|Chthoniidae|Chthonius|tetrachelatus,Animalia,Arachnida,Pseudoscorpionida,Chthoniidae,Chthonius,tetrachelatus,Achiasmatic,Male,XO,35
Animalia|Arachnida|Pseudoscorpionida|Chthoniidae|Chthonius|tetrachelatus_cytotype I,Animalia,Arachnida,Pseudoscorpionida,Chthoniidae,Chthonius,tetrachelatus_ cytotype I,Achiasmatic,Male,XO,35
Animalia|Arachnida|Pseudoscorpionida|Chthoniidae|Chthonius|tetrachelatus_cytotype II,Animalia,Arachnida,Pseudoscorpionida,Chthoniidae,Chthonius,tetrachelatus_ cytotype II,Achiasmatic,Male,XO,35
Animalia|Arachnida|Scorpiones|Bothriuridae|Bothriurus|araguayae,Animalia,Arachnida,Scorpiones,Bothriuridae,Bothriurus,araguayae,Achiasmatic,Male,NA,44
Animalia|Arachnida|Scorpiones|Bothriuridae|Bothriurus|rochensis,Animalia,Arachnida,Scorpiones,Bothriuridae,Bothriurus,rochensis,Achiasmatic,Male,NA,46
Animalia|Arachnida|Scorpiones|Bothriuridae|Bothriurus|Sp.,Animalia,Arachnida,Scorpiones,Bothriuridae,Bothriurus,Sp.,Achiasmatic,Male,NA,36
Animalia|Arachnida|Scorpiones|Bothriuridae|Brachistosternus|alienus,Animalia,Arachnida,Scorpiones,Bothriuridae,Brachistosternus,alienus,Achiasmatic,Male,NA,28
Animalia|Arachnida|Scorpiones|Bothriuridae|Brachistosternus|ferrugineus,Animalia,Arachnida,Scorpiones,Bothriuridae,Brachistosternus,ferrugineus,Achiasmatic,Male,NA,46
Animalia|Arachnida|Scorpiones|Bothriuridae|Brachistosternus|montanus,Animalia,Arachnida,Scorpiones,Bothriuridae,Brachistosternus,montanus,Achiasmatic,Male,NA,46
Animalia|Arachnida|Scorpiones|Bothriuridae|Brachistosternus|pentheri,Animalia,Arachnida,Scorpiones,Bothriuridae,Brachistosternus,pentheri,Achiasmatic,Male,NA,42
Animalia|Arachnida|Scorpiones|Buthidae|Ananteris|balzanii,Animalia,Arachnida,Scorpiones,Buthidae,Ananteris,balzanii,Achiasmatic,Male,NA,14
Animalia|Arachnida|Scorpiones|Buthidae|Androctonus|amoreuxi,Animalia,Arachnida,Scorpiones,Buthidae,Androctonus,amoreuxi,Achiasmatic,Male,NA,24
Animalia|Arachnida|Scorpiones|Buthidae|Androctonus|amoreuxiamoreuxi,Animalia,Arachnida,Scorpiones,Buthidae,Androctonus,amoreuxi amoreuxi,Achiasmatic,Male,NA,24
Animalia|Arachnida|Scorpiones|Buthidae|Androctonus|amoreuxilevyi,Animalia,Arachnida,Scorpiones,Buthidae,Androctonus,amoreuxi levyi,Achiasmatic,Male,NA,24
Animalia|Arachnida|Scorpiones|Buthidae|Androctonus|australis,Animalia,Arachnida,Scorpiones,Buthidae,Androctonus,australis,Achiasmatic,Male,NA,24
Animalia|Arachnida|Scorpiones|Buthidae|Androctonus|bicolor,Animalia,Arachnida,Scorpiones,Buthidae,Androctonus,bicolor,Achiasmatic,Male,NA,24
Animalia|Arachnida|Scorpiones|Buthidae|Androctonus|bicolorbicolor,Animalia,Arachnida,Scorpiones,Buthidae,Androctonus,bicolor bicolor,Achiasmatic,Male,NA,24
Animalia|Arachnida|Scorpiones|Buthidae|Androctonus|bicolorlongecarinatus,Animalia,Arachnida,Scorpiones,Buthidae,Androctonus,bicolor longecarinatus,Achiasmatic,Male,NA,24
Animalia|Arachnida|Scorpiones|Buthidae|Androctonus|bourdoni,Animalia,Arachnida,Scorpiones,Buthidae,Androctonus,bourdoni,Achiasmatic,Male,NA,24
Animalia|Arachnida|Scorpiones|Buthidae|Androctonus|crassicauda,Animalia,Arachnida,Scorpiones,Buthidae,Androctonus,crassicauda,Achiasmatic,Male,NA,24
Animalia|Arachnida|Scorpiones|Buthidae|Androctonus|gonneti,Animalia,Arachnida,Scorpiones,Buthidae,Androctonus,gonneti,Achiasmatic,Male,NA,24
Animalia|Arachnida|Scorpiones|Buthidae|Androctonus|liouvillei,Animalia,Arachnida,Scorpiones,Buthidae,Androctonus,liouvillei,Achiasmatic,Male,NA,24
Animalia|Arachnida|Scorpiones|Buthidae|Androctonus|maelfaiti,Animalia,Arachnida,Scorpiones,Buthidae,Androctonus,maelfaiti,Achiasmatic,Male,NA,24
Animalia|Arachnida|Scorpiones|Buthidae|Androctonus|mauritanicus,Animalia,Arachnida,Scorpiones,Buthidae,Androctonus,mauritanicus,Achiasmatic,Male,NA,24
Animalia|Arachnida|Scorpiones|Buthidae|Androctonus|sergenti,Animalia,Arachnida,Scorpiones,Buthidae,Androctonus,sergenti,Achiasmatic,Male,NA,24
Animalia|Arachnida|Scorpiones|Buthidae|Androctonus|tenuissimus,Animalia,Arachnida,Scorpiones,Buthidae,Androctonus,tenuissimus,Achiasmatic,Male,NA,24
Animalia|Arachnida|Scorpiones|Buthidae|Apistobuthus|pterygocercus,Animalia,Arachnida,Scorpiones,Buthidae,Apistobuthus,pterygocercus,Achiasmatic,Male,NA,22
Animalia|Arachnida|Scorpiones|Buthidae|Barbaracurus|winklerorumsp. n.,Animalia,Arachnida,Scorpiones,Buthidae,Barbaracurus,winklerorum sp. n.,Achiasmatic,Male,NA,0
Animalia|Arachnida|Scorpiones|Buthidae|Barbaracurus|yemenensissp. n.,Animalia,Arachnida,Scorpiones,Buthidae,Barbaracurus,yemenensis sp. n.,Achiasmatic,Male,NA,0
Animalia|Arachnida|Scorpiones|Buthidae|Buthacus|macrocentrus,Animalia,Arachnida,Scorpiones,Buthidae,Buthacus,macrocentrus,Achiasmatic,Male,NA,28
Animalia|Arachnida|Scorpiones|Buthidae|Buthacus|nigroaculeatus,Animalia,Arachnida,Scorpiones,Buthidae,Buthacus,nigroaculeatus,Achiasmatic,Male,NA,26
Animalia|Arachnida|Scorpiones|Buthidae|Buthacus|stockmanni,Animalia,Arachnida,Scorpiones,Buthidae,Buthacus,stockmanni,Achiasmatic,Male,NA,20
Animalia|Arachnida|Scorpiones|Buthidae|Buthacus|stockmannisp. n.,Animalia,Arachnida,Scorpiones,Buthidae,Buthacus,stockmanni sp. n.,Achiasmatic,Male,NA,20
Animalia|Arachnida|Scorpiones|Buthidae|Buthus|atlantis,Animalia,Arachnida,Scorpiones,Buthidae,Buthus,atlantis,Achiasmatic,Male,NA,22
Animalia|Arachnida|Scorpiones|Buthidae|Buthus|awashensis,Animalia,Arachnida,Scorpiones,Buthidae,Buthus,awashensis,Achiasmatic,Male,NA,22
Animalia|Arachnida|Scorpiones|Buthidae|Buthus|maroccancus,Animalia,Arachnida,Scorpiones,Buthidae,Buthus,maroccancus,Achiasmatic,Male,NA,22
Animalia|Arachnida|Scorpiones|Buthidae|Buthus|pocockisp. n,Animalia,Arachnida,Scorpiones,Buthidae,Buthus,pococki sp. n,Achiasmatic,Male,NA,22
Animalia|Arachnida|Scorpiones|Buthidae|Buthus|zeylensis,Animalia,Arachnida,Scorpiones,Buthidae,Buthus,zeylensis,Achiasmatic,Male,NA,22
Animalia|Arachnida|Scorpiones|Buthidae|Centruroides|baracoae,Animalia,Arachnida,Scorpiones,Buthidae,Centruroides,baracoae,Achiasmatic,Male,NA,26
Animalia|Arachnida|Scorpiones|Buthidae|Centruroides|exilicauda,Animalia,Arachnida,Scorpiones,Buthidae,Centruroides,exilicauda,Achiasmatic,Male,NA,26
Animalia|Arachnida|Scorpiones|Buthidae|Centruroides|gracilis,Animalia,Arachnida,Scorpiones,Buthidae,Centruroides,gracilis,Achiasmatic,Male,NA,24
Animalia|Arachnida|Scorpiones|Buthidae|Centruroides|vittatus,Animalia,Arachnida,Scorpiones,Buthidae,Centruroides,vittatus,Achiasmatic,Male,NA,26
Animalia|Arachnida|Scorpiones|Buthidae|Compsobuthus|acutecarinatus,Animalia,Arachnida,Scorpiones,Buthidae,Compsobuthus,acutecarinatus,Achiasmatic,Male,NA,22
Animalia|Arachnida|Scorpiones|Buthidae|Compsobuthus|arabicus,Animalia,Arachnida,Scorpiones,Buthidae,Compsobuthus,arabicus,Achiasmatic,Male,NA,22
Animalia|Arachnida|Scorpiones|Buthidae|Compsobuthus|eritreaensis,Animalia,Arachnida,Scorpiones,Buthidae,Compsobuthus,eritreaensis,Achiasmatic,Male,NA,22
Animalia|Arachnida|Scorpiones|Buthidae|Compsobuthus|eritreaensissp. n.,Animalia,Arachnida,Scorpiones,Buthidae,Compsobuthus,eritreaensis sp. n.,Achiasmatic,Male,NA,22
Animalia|Arachnida|Scorpiones|Buthidae|Compsobuthus|maindroni,Animalia,Arachnida,Scorpiones,Buthidae,Compsobuthus,maindroni,Achiasmatic,Male,NA,22
Animalia|Arachnida|Scorpiones|Buthidae|Compsobuthus|matthiesseni,Animalia,Arachnida,Scorpiones,Buthidae,Compsobuthus,matthiesseni,Achiasmatic,Male,NA,22
Animalia|Arachnida|Scorpiones|Buthidae|Compsobuthus|schmiedeknechti,Animalia,Arachnida,Scorpiones,Buthidae,Compsobuthus,schmiedeknechti,Achiasmatic,Male,NA,22
Animalia|Arachnida|Scorpiones|Buthidae|Compsobuthus|turielisp. n.,Animalia,Arachnida,Scorpiones,Buthidae,Compsobuthus,turieli sp. n.,Achiasmatic,Male,NA,22
Animalia|Arachnida|Scorpiones|Buthidae|Compsobuthus|ullrichisp. n.,Animalia,Arachnida,Scorpiones,Buthidae,Compsobuthus,ullrichi sp. n.,Achiasmatic,Male,NA,22
Animalia|Arachnida|Scorpiones|Buthidae|Euscorpius|bonacinaisp. n.,Animalia,Arachnida,Scorpiones,Buthidae,Euscorpius,bonacinai sp. n.,Achiasmatic,Male,NA,0
Animalia|Arachnida|Scorpiones|Buthidae|Euscorpius|janstaisp. n.,Animalia,Arachnida,Scorpiones,Buthidae,Euscorpius,janstai sp. n.,Achiasmatic,Male,NA,112
Animalia|Arachnida|Scorpiones|Buthidae|Euscorpius|kabatekisp. n.,Animalia,Arachnida,Scorpiones,Buthidae,Euscorpius,kabateki sp. n.,Achiasmatic,Male,NA,0
Animalia|Arachnida|Scorpiones|Buthidae|Euscorpius|sadilekisp. n.,Animalia,Arachnida,Scorpiones,Buthidae,Euscorpius,sadileki sp. n.,Achiasmatic,Male,NA,90
Animalia|Arachnida|Scorpiones|Buthidae|Euscorpius|scherabonisp. n.,Animalia,Arachnida,Scorpiones,Buthidae,Euscorpius,scheraboni sp. n.,Achiasmatic,Male,NA,0
Animalia|Arachnida|Scorpiones|Buthidae|Gint|gaitakosp. n.,Animalia,Arachnida,Scorpiones,Buthidae,Gint,gaitako sp. n.,Achiasmatic,Male,NA,30
Animalia|Arachnida|Scorpiones|Buthidae|Grosphus|sp.,Animalia,Arachnida,Scorpiones,Buthidae,Grosphus,sp.,Achiasmatic,Male,NA,13
Animalia|Arachnida|Scorpiones|Buthidae|Hemilychas|alexandrinus,Animalia,Arachnida,Scorpiones,Buthidae,Hemilychas,alexandrinus,Achiasmatic,Male,NA,14
Animalia|Arachnida|Scorpiones|Buthidae|Heteroctenus|abudi,Animalia,Arachnida,Scorpiones,Buthidae,Heteroctenus,abudi,Achiasmatic,Male,NA,16
Animalia|Arachnida|Scorpiones|Buthidae|Heteroctenus|garridoi,Animalia,Arachnida,Scorpiones,Buthidae,Heteroctenus,garridoi,Achiasmatic,Male,NA,23
Animalia|Arachnida|Scorpiones|Buthidae|Heteroctenus|princeps,Animalia,Arachnida,Scorpiones,Buthidae,Heteroctenus,princeps,Achiasmatic,Male,NA,16
Animalia|Arachnida|Scorpiones|Buthidae|Hottentotta|arenaceus,Animalia,Arachnida,Scorpiones,Buthidae,Hottentotta,arenaceus,Achiasmatic,Male,NA,14
Animalia|Arachnida|Scorpiones|Buthidae|Hottentotta|conspersus,Animalia,Arachnida,Scorpiones,Buthidae,Hottentotta,conspersus,Achiasmatic,Male,NA,16
Animalia|Arachnida|Scorpiones|Buthidae|Hottentotta|flavidulus,Animalia,Arachnida,Scorpiones,Buthidae,Hottentotta,flavidulus,Achiasmatic,Male,NA,24
Animalia|Arachnida|Scorpiones|Buthidae|Hottentotta|hottentotta,Animalia,Arachnida,Scorpiones,Buthidae,Hottentotta,hottentotta,Achiasmatic,Male,NA,16
Animalia|Arachnida|Scorpiones|Buthidae|Hottentotta|minusalta,Animalia,Arachnida,Scorpiones,Buthidae,Hottentotta,minusalta,Achiasmatic,Male,NA,16
Animalia|Arachnida|Scorpiones|Buthidae|Hottentotta|saulcyi,Animalia,Arachnida,Scorpiones,Buthidae,Hottentotta,saulcyi,Achiasmatic,Male,NA,14
Animalia|Arachnida|Scorpiones|Buthidae|Hottentotta|sousai,Animalia,Arachnida,Scorpiones,Buthidae,Hottentotta,sousai,Achiasmatic,Male,NA,14
Animalia|Arachnida|Scorpiones|Buthidae|Hottentotta|sp.,Animalia,Arachnida,Scorpiones,Buthidae,Hottentotta,sp.,Achiasmatic,Male,NA,22
Animalia|Arachnida|Scorpiones|Buthidae|Hottentotta|trilineatus,Animalia,Arachnida,Scorpiones,Buthidae,Hottentotta,trilineatus,Achiasmatic,Male,NA,24
Animalia|Arachnida|Scorpiones|Buthidae|Hottentotta|ugandensis,Animalia,Arachnida,Scorpiones,Buthidae,Hottentotta,ugandensis,Achiasmatic,Male,NA,22
Animalia|Arachnida|Scorpiones|Buthidae|Ischnotelson|guanambiensis,Animalia,Arachnida,Scorpiones,Buthidae,Ischnotelson,guanambiensis,Achiasmatic,Both,NA,25
Animalia|Arachnida|Scorpiones|Buthidae|Ischnotelson|peruassu,Animalia,Arachnida,Scorpiones,Buthidae,Ischnotelson,peruassu,Achiasmatic,Male,NA,26
Animalia|Arachnida|Scorpiones|Buthidae|Ischnotelson|sp.,Animalia,Arachnida,Scorpiones,Buthidae,Ischnotelson,sp.,Achiasmatic,Male,NA,26
Animalia|Arachnida|Scorpiones|Buthidae|Isometroides|vescus,Animalia,Arachnida,Scorpiones,Buthidae,Isometroides,vescus,Achiasmatic,Male,NA,14
Animalia|Arachnida|Scorpiones|Buthidae|Isometrus|maculatus,Animalia,Arachnida,Scorpiones,Buthidae,Isometrus,maculatus,Achiasmatic,Male,NA,0
Animalia|Arachnida|Scorpiones|Buthidae|Isometrus|melanodactylus,Animalia,Arachnida,Scorpiones,Buthidae,Isometrus,melanodactylus,Achiasmatic,Male,NA,14
Animalia|Arachnida|Scorpiones|Buthidae|Isometrus|thwaitesi,Animalia,Arachnida,Scorpiones,Buthidae,Isometrus,thwaitesi,Achiasmatic,Male,NA,8
Animalia|Arachnida|Scorpiones|Buthidae|Jaguajir|agamemnon,Animalia,Arachnida,Scorpiones,Buthidae,Jaguajir,agamemnon,Achiasmatic,Male,NA,28
Animalia|Arachnida|Scorpiones|Buthidae|Jaguajir|pintoi,Animalia,Arachnida,Scorpiones,Buthidae,Jaguajir,pintoi,Achiasmatic,Both,NA,28
Animalia|Arachnida|Scorpiones|Buthidae|Jaguajir|rochae,Animalia,Arachnida,Scorpiones,Buthidae,Jaguajir,rochae,Achiasmatic,Male,NA,28
Animalia|Arachnida|Scorpiones|Buthidae|Lanzatus|somalilandusvSp.n.,Animalia,Arachnida,Scorpiones,Buthidae,Lanzatus,somalilandusv Sp.n.,Achiasmatic,Male,NA,0
Animalia|Arachnida|Scorpiones|Buthidae|Leiurus|abdullahbayrami,Animalia,Arachnida,Scorpiones,Buthidae,Leiurus,abdullahbayrami,Achiasmatic,Male,NA,22
Animalia|Arachnida|Scorpiones|Buthidae|Leiurus|hebraeus,Animalia,Arachnida,Scorpiones,Buthidae,Leiurus,hebraeus,Achiasmatic,Male,NA,22
Animalia|Arachnida|Scorpiones|Buthidae|Leiurus|sp.,Animalia,Arachnida,Scorpiones,Buthidae,Leiurus,sp.,Achiasmatic,Male,NA,22
Animalia|Arachnida|Scorpiones|Buthidae|Lychas|alexandrinus,Animalia,Arachnida,Scorpiones,Buthidae,Lychas,alexandrinus,Achiasmatic,Male,NA,0
Animalia|Arachnida|Scorpiones|Buthidae|Lychas|amucronatus,Animalia,Arachnida,Scorpiones,Buthidae,Lychas,amucronatus,Achiasmatic,Male,NA,10
Animalia|Arachnida|Scorpiones|Buthidae|Lychas|krali,Animalia,Arachnida,Scorpiones,Buthidae,Lychas,krali,Achiasmatic,Male,NA,16
Animalia|Arachnida|Scorpiones|Buthidae|Lychas|marmoreus,Animalia,Arachnida,Scorpiones,Buthidae,Lychas,marmoreus,Achiasmatic,Male,NA,14
Animalia|Arachnida|Scorpiones|Buthidae|Lychas|obsti,Animalia,Arachnida,Scorpiones,Buthidae,Lychas,obsti,Achiasmatic,Male,NA,10
Animalia|Arachnida|Scorpiones|Buthidae|Lychas|scutilus,Animalia,Arachnida,Scorpiones,Buthidae,Lychas,scutilus,Achiasmatic,Male,NA,14
Animalia|Arachnida|Scorpiones|Buthidae|Lychas|variatus,Animalia,Arachnida,Scorpiones,Buthidae,Lychas,variatus,Achiasmatic,Male,NA,14
Animalia|Arachnida|Scorpiones|Buthidae|Lychas|variatuscanopensis,Animalia,Arachnida,Scorpiones,Buthidae,Lychas,variatus canopensis,Achiasmatic,Male,NA,16
Animalia|Arachnida|Scorpiones|Buthidae|Lychas|variatusvariatus,Animalia,Arachnida,Scorpiones,Buthidae,Lychas,variatus variatus,Achiasmatic,Male,NA,16
Animalia|Arachnida|Scorpiones|Buthidae|Mesobuthus|eupeus,Animalia,Arachnida,Scorpiones,Buthidae,Mesobuthus,eupeus,Achiasmatic,Male,NA,22
Animalia|Arachnida|Scorpiones|Buthidae|Mesobuthus|gibbous,Animalia,Arachnida,Scorpiones,Buthidae,Mesobuthus,gibbous,Achiasmatic,Male,NA,28
Animalia|Arachnida|Scorpiones|Buthidae|Mesobuthus|macmahoni,Animalia,Arachnida,Scorpiones,Buthidae,Mesobuthus,macmahoni,Achiasmatic,Male,NA,24
Animalia|Arachnida|Scorpiones|Buthidae|Mesobuthus|tamulus,Animalia,Arachnida,Scorpiones,Buthidae,Mesobuthus,tamulus,Achiasmatic,Male,NA,25
Animalia|Arachnida|Scorpiones|Buthidae|Microbuthus|gardneri,Animalia,Arachnida,Scorpiones,Buthidae,Microbuthus,gardneri,Achiasmatic,Male,NA,0
Animalia|Arachnida|Scorpiones|Buthidae|Microbuthus|kristensenorum,Animalia,Arachnida,Scorpiones,Buthidae,Microbuthus,kristensenorum,Achiasmatic,Male,NA,0
Animalia|Arachnida|Scorpiones|Buthidae|Microbuthus|satyrussp. n.,Animalia,Arachnida,Scorpiones,Buthidae,Microbuthus,satyrus sp. n.,Achiasmatic,Male,NA,0
Animalia|Arachnida|Scorpiones|Buthidae|Odontobuthus|doriae,Animalia,Arachnida,Scorpiones,Buthidae,Odontobuthus,doriae,Achiasmatic,Male,NA,22
Animalia|Arachnida|Scorpiones|Buthidae|Olivierus|martensii,Animalia,Arachnida,Scorpiones,Buthidae,Olivierus,martensii,Achiasmatic,Male,NA,24
Animalia|Arachnida|Scorpiones|Buthidae|Orthochirus|afar,Animalia,Arachnida,Scorpiones,Buthidae,Orthochirus,afar,Achiasmatic,Male,NA,24
Animalia|Arachnida|Scorpiones|Buthidae|Orthochirus|afarSp. n.,Animalia,Arachnida,Scorpiones,Buthidae,Orthochirus,afar Sp. n.,Achiasmatic,Male,NA,0
Animalia|Arachnida|Scorpiones|Buthidae|Orthochirus|glabrifrons,Animalia,Arachnida,Scorpiones,Buthidae,Orthochirus,glabrifrons,Achiasmatic,Male,NA,22
Animalia|Arachnida|Scorpiones|Buthidae|Orthochirus|innesi,Animalia,Arachnida,Scorpiones,Buthidae,Orthochirus,innesi,Achiasmatic,Male,NA,22
Animalia|Arachnida|Scorpiones|Buthidae|Parabuthus|abyssinicus,Animalia,Arachnida,Scorpiones,Buthidae,Parabuthus,abyssinicus,Achiasmatic,Male,NA,16
Animalia|Arachnida|Scorpiones|Buthidae|Parabuthus|capensis,Animalia,Arachnida,Scorpiones,Buthidae,Parabuthus,capensis,Achiasmatic,Male,NA,20
Animalia|Arachnida|Scorpiones|Buthidae|Parabuthus|dorisae,Animalia,Arachnida,Scorpiones,Buthidae,Parabuthus,dorisae,Achiasmatic,Male,NA,16
Animalia|Arachnida|Scorpiones|Buthidae|Parabuthus|dorisaesp. n.,Animalia,Arachnida,Scorpiones,Buthidae,Parabuthus,dorisae sp. n.,Achiasmatic,Male,NA,16
Animalia|Arachnida|Scorpiones|Buthidae|Parabuthus|erigavoensissp. n.,Animalia,Arachnida,Scorpiones,Buthidae,Parabuthus,erigavoensis sp. n.,Achiasmatic,Male,NA,0
Animalia|Arachnida|Scorpiones|Buthidae|Parabuthus|glabrimanus,Animalia,Arachnida,Scorpiones,Buthidae,Parabuthus,glabrimanus,Achiasmatic,Male,NA,20
Animalia|Arachnida|Scorpiones|Buthidae|Parabuthus|heterurus,Animalia,Arachnida,Scorpiones,Buthidae,Parabuthus,heterurus,Achiasmatic,Male,NA,0
Animalia|Arachnida|Scorpiones|Buthidae|Parabuthus|kabatekisp. n.,Animalia,Arachnida,Scorpiones,Buthidae,Parabuthus,kabateki sp. n.,Achiasmatic,Male,NA,16
Animalia|Arachnida|Scorpiones|Buthidae|Parabuthus|kajibu,Animalia,Arachnida,Scorpiones,Buthidae,Parabuthus,kajibu,Achiasmatic,Male,NA,18
Animalia|Arachnida|Scorpiones|Buthidae|Parabuthus|liosoma,Animalia,Arachnida,Scorpiones,Buthidae,Parabuthus,liosoma,Achiasmatic,Male,NA,0
Animalia|Arachnida|Scorpiones|Buthidae|Parabuthus|mossambicensis,Animalia,Arachnida,Scorpiones,Buthidae,Parabuthus,mossambicensis,Achiasmatic,Male,NA,36
Animalia|Arachnida|Scorpiones|Buthidae|Parabuthus|pallidus,Animalia,Arachnida,Scorpiones,Buthidae,Parabuthus,pallidus,Achiasmatic,Male,NA,20
Animalia|Arachnida|Scorpiones|Buthidae|Parabuthus|planicauda,Animalia,Arachnida,Scorpiones,Buthidae,Parabuthus,planicauda,Achiasmatic,Male,NA,18
Animalia|Arachnida|Scorpiones|Buthidae|Parabuthus|quincyae,Animalia,Arachnida,Scorpiones,Buthidae,Parabuthus,quincyae,Achiasmatic,Male,NA,16
Animalia|Arachnida|Scorpiones|Buthidae|Parabuthus|quincyaesp. n.,Animalia,Arachnida,Scorpiones,Buthidae,Parabuthus,quincyae sp. n.,Achiasmatic,Male,NA,16
Animalia|Arachnida|Scorpiones|Buthidae|Parabuthus|raudus,Animalia,Arachnida,Scorpiones,Buthidae,Parabuthus,raudus,Achiasmatic,Male,NA,18
Animalia|Arachnida|Scorpiones|Buthidae|Parabuthus|robustussp. n.,Animalia,Arachnida,Scorpiones,Buthidae,Parabuthus,robustus sp. n.,Achiasmatic,Male,NA,16
Animalia|Arachnida|Scorpiones|Buthidae|Parabuthus|somalilandussp. n.,Animalia,Arachnida,Scorpiones,Buthidae,Parabuthus,somalilandus sp. n.,Achiasmatic,Male,NA,16
Animalia|Arachnida|Scorpiones|Buthidae|Parabuthus|transvaalicus,Animalia,Arachnida,Scorpiones,Buthidae,Parabuthus,transvaalicus,Achiasmatic,Male,NA,20
Animalia|Arachnida|Scorpiones|Buthidae|Physoctonus|debilis,Animalia,Arachnida,Scorpiones,Buthidae,Physoctonus,debilis,Achiasmatic,Male,NA,26
Animalia|Arachnida|Scorpiones|Buthidae|Reddyanus|basilicus,Animalia,Arachnida,Scorpiones,Buthidae,Reddyanus,basilicus,Achiasmatic,Male,NA,16
Animalia|Arachnida|Scorpiones|Buthidae|Reddyanus|ceylonensis,Animalia,Arachnida,Scorpiones,Buthidae,Reddyanus,ceylonensis,Achiasmatic,Male,NA,16
Animalia|Arachnida|Scorpiones|Buthidae|Reddyanus|furaisp. n.,Animalia,Arachnida,Scorpiones,Buthidae,Reddyanus,furai sp. n.,Achiasmatic,Male,NA,14
Animalia|Arachnida|Scorpiones|Buthidae|Reddyanus|hoferekisp. n.,Animalia,Arachnida,Scorpiones,Buthidae,Reddyanus,hofereki sp. n.,Achiasmatic,Male,NA,0
Animalia|Arachnida|Scorpiones|Buthidae|Reddyanus|loebli,Animalia,Arachnida,Scorpiones,Buthidae,Reddyanus,loebli,Achiasmatic,Male,NA,17
Animalia|Arachnida|Scorpiones|Buthidae|Reddyanus|majkusisp. n.,Animalia,Arachnida,Scorpiones,Buthidae,Reddyanus,majkusi sp. n.,Achiasmatic,Male,NA,16
Animalia|Arachnida|Scorpiones|Buthidae|Reddyanus|rolciki,Animalia,Arachnida,Scorpiones,Buthidae,Reddyanus,rolciki,Achiasmatic,Male,NA,14
Animalia|Arachnida|Scorpiones|Buthidae|Reddyanus|rolcikisp. n.,Animalia,Arachnida,Scorpiones,Buthidae,Reddyanus,rolciki sp. n.,Achiasmatic,Male,NA,14
Animalia|Arachnida|Scorpiones|Buthidae|Reddyanus|schwotti,Animalia,Arachnida,Scorpiones,Buthidae,Reddyanus,schwotti,Achiasmatic,Male,NA,11
Animalia|Arachnida|Scorpiones|Buthidae|Reddyanus|schwottisp. n.,Animalia,Arachnida,Scorpiones,Buthidae,Reddyanus,schwotti sp. n.,Achiasmatic,Male,NA,11
Animalia|Arachnida|Scorpiones|Buthidae|Rhopalurus|agamemnon,Animalia,Arachnida,Scorpiones,Buthidae,Rhopalurus,agamemnon,Achiasmatic,Male,NA,28
Animalia|Arachnida|Scorpiones|Buthidae|Rhopalurus|laticauda,Animalia,Arachnida,Scorpiones,Buthidae,Rhopalurus,laticauda,Achiasmatic,Both,NA,22
Animalia|Arachnida|Scorpiones|Buthidae|Rhopalurus|rochai,Animalia,Arachnida,Scorpiones,Buthidae,Rhopalurus,rochai,Achiasmatic,Male,NA,28
Animalia|Arachnida|Scorpiones|Buthidae|Somalicharmus|whitmanae,Animalia,Arachnida,Scorpiones,Buthidae,Somalicharmus,whitmanae,Achiasmatic,Male,NA,20
Animalia|Arachnida|Scorpiones|Buthidae|Thaicharmus|sp.,Animalia,Arachnida,Scorpiones,Buthidae,Thaicharmus,sp.,Achiasmatic,Male,NA,16
Animalia|Arachnida|Scorpiones|Buthidae|Tityopsis|rolandoisp. n.,Animalia,Arachnida,Scorpiones,Buthidae,Tityopsis,rolandoi sp. n.,Achiasmatic,Male,NA,20
Animalia|Arachnida|Scorpiones|Buthidae|Tityus|aba,Animalia,Arachnida,Scorpiones,Buthidae,Tityus,aba,Achiasmatic,Male,NA,0
Animalia|Arachnida|Scorpiones|Buthidae|Tityus|acananensis,Animalia,Arachnida,Scorpiones,Buthidae,Tityus,acananensis,Achiasmatic,Male,NA,0
Animalia|Arachnida|Scorpiones|Buthidae|Tityus|achilles,Animalia,Arachnida,Scorpiones,Buthidae,Tityus,achilles,Achiasmatic,Male,NA,0
Animalia|Arachnida|Scorpiones|Buthidae|Tityus|adisi,Animalia,Arachnida,Scorpiones,Buthidae,Tityus,adisi,Achiasmatic,Male,NA,0
Animalia|Arachnida|Scorpiones|Buthidae|Tityus|adrianoi,Animalia,Arachnida,Scorpiones,Buthidae,Tityus,adrianoi,Achiasmatic,Male,NA,0
Animalia|Arachnida|Scorpiones|Buthidae|Tityus|ahincoi,Animalia,Arachnida,Scorpiones,Buthidae,Tityus,ahincoi,Achiasmatic,Male,NA,0
Animalia|Arachnida|Scorpiones|Buthidae|Tityus|alejandroi,Animalia,Arachnida,Scorpiones,Buthidae,Tityus,alejandroi,Achiasmatic,Male,NA,0
Animalia|Arachnida|Scorpiones|Buthidae|Tityus|altithronus,Animalia,Arachnida,Scorpiones,Buthidae,Tityus,altithronus,Achiasmatic,Male,NA,0
Animalia|Arachnida|Scorpiones|Buthidae|Tityus|androcottoides,Animalia,Arachnida,Scorpiones,Buthidae,Tityus,androcottoides,Achiasmatic,Male,NA,0
Animalia|Arachnida|Scorpiones|Buthidae|Tityus|anduzei,Animalia,Arachnida,Scorpiones,Buthidae,Tityus,anduzei,Achiasmatic,Male,NA,0
Animalia|Arachnida|Scorpiones|Buthidae|Tityus|angelesae,Animalia,Arachnida,Scorpiones,Buthidae,Tityus,angelesae,Achiasmatic,Male,NA,0
Animalia|Arachnida|Scorpiones|Buthidae|Tityus|anneae,Animalia,Arachnida,Scorpiones,Buthidae,Tityus,anneae,Achiasmatic,Male,NA,0
Animalia|Arachnida|Scorpiones|Buthidae|Tityus|anori,Animalia,Arachnida,Scorpiones,Buthidae,Tityus,anori,Achiasmatic,Male,NA,0
Animalia|Arachnida|Scorpiones|Buthidae|Tityus|antioquensis,Animalia,Arachnida,Scorpiones,Buthidae,Tityus,antioquensis,Achiasmatic,Male,NA,0
Animalia|Arachnida|Scorpiones|Buthidae|Tityus|apiacas,Animalia,Arachnida,Scorpiones,Buthidae,Tityus,apiacas,Achiasmatic,Male,NA,0
Animalia|Arachnida|Scorpiones|Buthidae|Tityus|arellanoparrai,Animalia,Arachnida,Scorpiones,Buthidae,Tityus,arellanoparrai,Achiasmatic,Male,NA,0
Animalia|Arachnida|Scorpiones|Buthidae|Tityus|argentinus,Animalia,Arachnida,Scorpiones,Buthidae,Tityus,argentinus,Achiasmatic,Male,NA,0
Animalia|Arachnida|Scorpiones|Buthidae|Tityus|asthenes,Animalia,Arachnida,Scorpiones,Buthidae,Tityus,asthenes,Achiasmatic,Male,NA,0
Animalia|Arachnida|Scorpiones|Buthidae|Tityus|atriventer,Animalia,Arachnida,Scorpiones,Buthidae,Tityus,atriventer,Achiasmatic,Male,NA,0
Animalia|Arachnida|Scorpiones|Buthidae|Tityus|bahiensis,Animalia,Arachnida,Scorpiones,Buthidae,Tityus,bahiensis,Achiasmatic,Male,NA,5
Animalia|Arachnida|Scorpiones|Buthidae|Tityus|barquisimetanus,Animalia,Arachnida,Scorpiones,Buthidae,Tityus,barquisimetanus,Achiasmatic,Male,NA,0
Animalia|Arachnida|Scorpiones|Buthidae|Tityus|bastosi,Animalia,Arachnida,Scorpiones,Buthidae,Tityus,bastosi,Achiasmatic,Male,NA,0
Animalia|Arachnida|Scorpiones|Buthidae|Tityus|bellulus,Animalia,Arachnida,Scorpiones,Buthidae,Tityus,bellulus,Achiasmatic,Male,NA,0
Animalia|Arachnida|Scorpiones|Buthidae|Tityus|birabeni,Animalia,Arachnida,Scorpiones,Buthidae,Tityus,birabeni,Achiasmatic,Male,NA,0
Animalia|Arachnida|Scorpiones|Buthidae|Tityus|blanci,Animalia,Arachnida,Scorpiones,Buthidae,Tityus,blanci,Achiasmatic,Male,NA,0
Animalia|Arachnida|Scorpiones|Buthidae|Tityus|blaseri,Animalia,Arachnida,Scorpiones,Buthidae,Tityus,blaseri,Achiasmatic,Male,NA,0
Animalia|Arachnida|Scorpiones|Buthidae|Tityus|boconoensis,Animalia,Arachnida,Scorpiones,Buthidae,Tityus,boconoensis,Achiasmatic,Male,NA,0
Animalia|Arachnida|Scorpiones|Buthidae|Tityus|bolivianus,Animalia,Arachnida,Scorpiones,Buthidae,Tityus,bolivianus,Achiasmatic,Male,NA,0
Animalia|Arachnida|Scorpiones|Buthidae|Tityus|brazilae,Animalia,Arachnida,Scorpiones,Buthidae,Tityus,brazilae,Achiasmatic,Male,NA,0
Animalia|Arachnida|Scorpiones|Buthidae|Tityus|breweri,Animalia,Arachnida,Scorpiones,Buthidae,Tityus,breweri,Achiasmatic,Male,NA,0
Animalia|Arachnida|Scorpiones|Buthidae|Tityus|cachipalensis,Animalia,Arachnida,Scorpiones,Buthidae,Tityus,cachipalensis,Achiasmatic,Male,NA,0
Animalia|Arachnida|Scorpiones|Buthidae|Tityus|caesarbarrioi,Animalia,Arachnida,Scorpiones,Buthidae,Tityus,caesarbarrioi,Achiasmatic,Male,NA,0
Animalia|Arachnida|Scorpiones|Buthidae|Tityus|canopensis,Animalia,Arachnida,Scorpiones,Buthidae,Tityus,canopensis,Achiasmatic,Male,NA,0
Animalia|Arachnida|Scorpiones|Buthidae|Tityus|carabobensis,Animalia,Arachnida,Scorpiones,Buthidae,Tityus,carabobensis,Achiasmatic,Male,NA,0
Animalia|Arachnida|Scorpiones|Buthidae|Tityus|carinatoides,Animalia,Arachnida,Scorpiones,Buthidae,Tityus,carinatoides,Achiasmatic,Male,NA,0
Animalia|Arachnida|Scorpiones|Buthidae|Tityus|caripitensis,Animalia,Arachnida,Scorpiones,Buthidae,Tityus,caripitensis,Achiasmatic,Male,NA,0
Animalia|Arachnida|Scorpiones|Buthidae|Tityus|carolineae,Animalia,Arachnida,Scorpiones,Buthidae,Tityus,carolineae,Achiasmatic,Male,NA,0
Animalia|Arachnida|Scorpiones|Buthidae|Tityus|carrilloi,Animalia,Arachnida,Scorpiones,Buthidae,Tityus,carrilloi,Achiasmatic,Male,NA,0
Animalia|Arachnida|Scorpiones|Buthidae|Tityus|carvalhoi,Animalia,Arachnida,Scorpiones,Buthidae,Tityus,carvalhoi,Achiasmatic,Male,NA,0
Animalia|Arachnida|Scorpiones|Buthidae|Tityus|cerroazul,Animalia,Arachnida,Scorpiones,Buthidae,Tityus,cerroazul,Achiasmatic,Male,NA,0
Animalia|Arachnida|Scorpiones|Buthidae|Tityus|championi,Animalia,Arachnida,Scorpiones,Buthidae,Tityus,championi,Achiasmatic,Male,NA,0
Animalia|Arachnida|Scorpiones|Buthidae|Tityus|charalaensis,Animalia,Arachnida,Scorpiones,Buthidae,Tityus,charalaensis,Achiasmatic,Male,NA,0
Animalia|Arachnida|Scorpiones|Buthidae|Tityus|charreyroni,Animalia,Arachnida,Scorpiones,Buthidae,Tityus,charreyroni,Achiasmatic,Male,NA,0
Animalia|Arachnida|Scorpiones|Buthidae|Tityus|chilensis,Animalia,Arachnida,Scorpiones,Buthidae,Tityus,chilensis,Achiasmatic,Male,NA,0
Animalia|Arachnida|Scorpiones|Buthidae|Tityus|choco,Animalia,Arachnida,Scorpiones,Buthidae,Tityus,choco,Achiasmatic,Male,NA,0
Animalia|Arachnida|Scorpiones|Buthidae|Tityus|cisandinus,Animalia,Arachnida,Scorpiones,Buthidae,Tityus,cisandinus,Achiasmatic,Male,NA,0
Animalia|Arachnida|Scorpiones|Buthidae|Tityus|clathrathus,Animalia,Arachnida,Scorpiones,Buthidae,Tityus,clathrathus,Achiasmatic,Male,NA,20
Animalia|Arachnida|Scorpiones|Buthidae|Tityus|clathratus,Animalia,Arachnida,Scorpiones,Buthidae,Tityus,clathratus,Achiasmatic,Male,NA,20
Animalia|Arachnida|Scorpiones|Buthidae|Tityus|columbianus,Animalia,Arachnida,Scorpiones,Buthidae,Tityus,columbianus,Achiasmatic,Male,NA,0
Animalia|Arachnida|Scorpiones|Buthidae|Tityus|confluens,Animalia,Arachnida,Scorpiones,Buthidae,Tityus,confluens,Achiasmatic,Male,NA,13
Animalia|Arachnida|Scorpiones|Buthidae|Tityus|costatus,Animalia,Arachnida,Scorpiones,Buthidae,Tityus,costatus,Achiasmatic,Male,NA,16
Animalia|Arachnida|Scorpiones|Buthidae|Tityus|crassicauda,Animalia,Arachnida,Scorpiones,Buthidae,Tityus,crassicauda,Achiasmatic,Male,NA,0
Animalia|Arachnida|Scorpiones|Buthidae|Tityus|crassimanus,Animalia,Arachnida,Scorpiones,Buthidae,Tityus,crassimanus,Achiasmatic,Male,NA,29
Animalia|Arachnida|Scorpiones|Buthidae|Tityus|cuellari,Animalia,Arachnida,Scorpiones,Buthidae,Tityus,cuellari,Achiasmatic,Male,NA,0
Animalia|Arachnida|Scorpiones|Buthidae|Tityus|culebrensis,Animalia,Arachnida,Scorpiones,Buthidae,Tityus,culebrensis,Achiasmatic,Male,NA,0
Animalia|Arachnida|Scorpiones|Buthidae|Tityus|curupi,Animalia,Arachnida,Scorpiones,Buthidae,Tityus,curupi,Achiasmatic,Male,NA,31
Animalia|Arachnida|Scorpiones|Buthidae|Tityus|cylindricus,Animalia,Arachnida,Scorpiones,Buthidae,Tityus,cylindricus,Achiasmatic,Male,NA,0
Animalia|Arachnida|Scorpiones|Buthidae|Tityus|dasyurus,Animalia,Arachnida,Scorpiones,Buthidae,Tityus,dasyurus,Achiasmatic,Male,NA,0
Animalia|Arachnida|Scorpiones|Buthidae|Tityus|dedoslargos,Animalia,Arachnida,Scorpiones,Buthidae,Tityus,dedoslargos,Achiasmatic,Male,NA,0
Animalia|Arachnida|Scorpiones|Buthidae|Tityus|demangei,Animalia,Arachnida,Scorpiones,Buthidae,Tityus,demangei,Achiasmatic,Male,NA,0
Animalia|Arachnida|Scorpiones|Buthidae|Tityus|dillerorum,Animalia,Arachnida,Scorpiones,Buthidae,Tityus,dillerorum,Achiasmatic,Male,NA,0
Animalia|Arachnida|Scorpiones|Buthidae|Tityus|dinizi,Animalia,Arachnida,Scorpiones,Buthidae,Tityus,dinizi,Achiasmatic,Male,NA,0
Animalia|Arachnida|Scorpiones|Buthidae|Tityus|discrepans,Animalia,Arachnida,Scorpiones,Buthidae,Tityus,discrepans,Achiasmatic,Male,NA,0
Animalia|Arachnida|Scorpiones|Buthidae|Tityus|dorae,Animalia,Arachnida,Scorpiones,Buthidae,Tityus,dorae,Achiasmatic,Male,NA,0
Animalia|Arachnida|Scorpiones|Buthidae|Tityus|duacaensis,Animalia,Arachnida,Scorpiones,Buthidae,Tityus,duacaensis,Achiasmatic,Male,NA,0
Animalia|Arachnida|Scorpiones|Buthidae|Tityus|dulceae,Animalia,Arachnida,Scorpiones,Buthidae,Tityus,dulceae,Achiasmatic,Male,NA,0
Animalia|Arachnida|Scorpiones|Buthidae|Tityus|dupouyi,Animalia,Arachnida,Scorpiones,Buthidae,Tityus,dupouyi,Achiasmatic,Male,NA,0
Animalia|Arachnida|Scorpiones|Buthidae|Tityus|ecuadorensis,Animalia,Arachnida,Scorpiones,Buthidae,Tityus,ecuadorensis,Achiasmatic,Male,NA,0
Animalia|Arachnida|Scorpiones|Buthidae|Tityus|ecuadoriensis,Animalia,Arachnida,Scorpiones,Buthidae,Tityus,ecuadoriensis,Achiasmatic,Male,NA,24
Animalia|Arachnida|Scorpiones|Buthidae|Tityus|elii,Animalia,Arachnida,Scorpiones,Buthidae,Tityus,elii,Achiasmatic,Male,NA,22
Animalia|Arachnida|Scorpiones|Buthidae|Tityus|elizabethae,Animalia,Arachnida,Scorpiones,Buthidae,Tityus,elizabethae,Achiasmatic,Male,NA,0
Animalia|Arachnida|Scorpiones|Buthidae|Tityus|elizabethebravoi,Animalia,Arachnida,Scorpiones,Buthidae,Tityus,elizabethebravoi,Achiasmatic,Male,NA,0
Animalia|Arachnida|Scorpiones|Buthidae|Tityus|engelkei,Animalia,Arachnida,Scorpiones,Buthidae,Tityus,engelkei,Achiasmatic,Male,NA,0
Animalia|Arachnida|Scorpiones|Buthidae|Tityus|estherae,Animalia,Arachnida,Scorpiones,Buthidae,Tityus,estherae,Achiasmatic,Male,NA,0
Animalia|Arachnida|Scorpiones|Buthidae|Tityus|evandroi,Animalia,Arachnida,Scorpiones,Buthidae,Tityus,evandroi,Achiasmatic,Male,NA,0
Animalia|Arachnida|Scorpiones|Buthidae|Tityus|exstinctus,Animalia,Arachnida,Scorpiones,Buthidae,Tityus,exstinctus,Achiasmatic,Male,NA,0
Animalia|Arachnida|Scorpiones|Buthidae|Tityus|fasciolatus,Animalia,Arachnida,Scorpiones,Buthidae,Tityus,fasciolatus,Achiasmatic,Male,NA,14
Animalia|Arachnida|Scorpiones|Buthidae|Tityus|festae,Animalia,Arachnida,Scorpiones,Buthidae,Tityus,festae,Achiasmatic,Male,NA,0
Animalia|Arachnida|Scorpiones|Buthidae|Tityus|filodendron,Animalia,Arachnida,Scorpiones,Buthidae,Tityus,filodendron,Achiasmatic,Male,NA,0
Animalia|Arachnida|Scorpiones|Buthidae|Tityus|florezi,Animalia,Arachnida,Scorpiones,Buthidae,Tityus,florezi,Achiasmatic,Male,NA,0
Animalia|Arachnida|Scorpiones|Buthidae|Tityus|footei,Animalia,Arachnida,Scorpiones,Buthidae,Tityus,footei,Achiasmatic,Male,NA,0
Animalia|Arachnida|Scorpiones|Buthidae|Tityus|forcipula,Animalia,Arachnida,Scorpiones,Buthidae,Tityus,forcipula,Achiasmatic,Male,NA,0
Animalia|Arachnida|Scorpiones|Buthidae|Tityus|fuhrmanni,Animalia,Arachnida,Scorpiones,Buthidae,Tityus,fuhrmanni,Achiasmatic,Male,NA,22
Animalia|Arachnida|Scorpiones|Buthidae|Tityus|funestus,Animalia,Arachnida,Scorpiones,Buthidae,Tityus,funestus,Achiasmatic,Male,NA,0
Animalia|Arachnida|Scorpiones|Buthidae|Tityus|gaffini,Animalia,Arachnida,Scorpiones,Buthidae,Tityus,gaffini,Achiasmatic,Male,NA,22
Animalia|Arachnida|Scorpiones|Buthidae|Tityus|gasci,Animalia,Arachnida,Scorpiones,Buthidae,Tityus,gasci,Achiasmatic,Male,NA,0
Animalia|Arachnida|Scorpiones|Buthidae|Tityus|generaltheophiloi,Animalia,Arachnida,Scorpiones,Buthidae,Tityus,generaltheophiloi,Achiasmatic,Male,NA,0
Animalia|Arachnida|Scorpiones|Buthidae|Tityus|gonzalespongai,Animalia,Arachnida,Scorpiones,Buthidae,Tityus,gonzalespongai,Achiasmatic,Male,NA,0
Animalia|Arachnida|Scorpiones|Buthidae|Tityus|grahami,Animalia,Arachnida,Scorpiones,Buthidae,Tityus,grahami,Achiasmatic,Male,NA,0
Animalia|Arachnida|Scorpiones|Buthidae|Tityus|grottoedensis,Animalia,Arachnida,Scorpiones,Buthidae,Tityus,grottoedensis,Achiasmatic,Male,NA,0
Animalia|Arachnida|Scorpiones|Buthidae|Tityus|guane,Animalia,Arachnida,Scorpiones,Buthidae,Tityus,guane,Achiasmatic,Male,NA,0
Animalia|Arachnida|Scorpiones|Buthidae|Tityus|guaricoensis,Animalia,Arachnida,Scorpiones,Buthidae,Tityus,guaricoensis,Achiasmatic,Male,NA,0
Animalia|Arachnida|Scorpiones|Buthidae|Tityus|haetianus,Animalia,Arachnida,Scorpiones,Buthidae,Tityus,haetianus,Achiasmatic,Male,NA,0
Animalia|Arachnida|Scorpiones|Buthidae|Tityus|horacioi,Animalia,Arachnida,Scorpiones,Buthidae,Tityus,horacioi,Achiasmatic,Male,NA,0
Animalia|Arachnida|Scorpiones|Buthidae|Tityus|icarus,Animalia,Arachnida,Scorpiones,Buthidae,Tityus,icarus,Achiasmatic,Male,NA,0
Animalia|Arachnida|Scorpiones|Buthidae|Tityus|imei,Animalia,Arachnida,Scorpiones,Buthidae,Tityus,imei,Achiasmatic,Male,NA,0
Animalia|Arachnida|Scorpiones|Buthidae|Tityus|indecisus,Animalia,Arachnida,Scorpiones,Buthidae,Tityus,indecisus,Achiasmatic,Male,NA,0
Animalia|Arachnida|Scorpiones|Buthidae|Tityus|insignis,Animalia,Arachnida,Scorpiones,Buthidae,Tityus,insignis,Achiasmatic,Male,NA,0
Animalia|Arachnida|Scorpiones|Buthidae|Tityus|intermedius,Animalia,Arachnida,Scorpiones,Buthidae,Tityus,intermedius,Achiasmatic,Male,NA,0
Animalia|Arachnida|Scorpiones|Buthidae|Tityus|isabelceciliae,Animalia,Arachnida,Scorpiones,Buthidae,Tityus,isabelceciliae,Achiasmatic,Male,NA,0
Animalia|Arachnida|Scorpiones|Buthidae|Tityus|ivani,Animalia,Arachnida,Scorpiones,Buthidae,Tityus,ivani,Achiasmatic,Male,NA,0
Animalia|Arachnida|Scorpiones|Buthidae|Tityus|ivicnancor,Animalia,Arachnida,Scorpiones,Buthidae,Tityus,ivicnancor,Achiasmatic,Male,NA,0
Animalia|Arachnida|Scorpiones|Buthidae|Tityus|jaimei,Animalia,Arachnida,Scorpiones,Buthidae,Tityus,jaimei,Achiasmatic,Male,NA,0
Animalia|Arachnida|Scorpiones|Buthidae|Tityus|jeanvellardi,Animalia,Arachnida,Scorpiones,Buthidae,Tityus,jeanvellardi,Achiasmatic,Male,NA,0
Animalia|Arachnida|Scorpiones|Buthidae|Tityus|julianae,Animalia,Arachnida,Scorpiones,Buthidae,Tityus,julianae,Achiasmatic,Male,NA,0
Animalia|Arachnida|Scorpiones|Buthidae|Tityus|juliorum,Animalia,Arachnida,Scorpiones,Buthidae,Tityus,juliorum,Achiasmatic,Male,NA,0
Animalia|Arachnida|Scorpiones|Buthidae|Tityus|jussarae,Animalia,Arachnida,Scorpiones,Buthidae,Tityus,jussarae,Achiasmatic,Male,NA,0
Animalia|Arachnida|Scorpiones|Buthidae|Tityus|kaderkai,Animalia,Arachnida,Scorpiones,Buthidae,Tityus,kaderkai,Achiasmatic,Male,NA,0
Animalia|Arachnida|Scorpiones|Buthidae|Tityus|kalettai,Animalia,Arachnida,Scorpiones,Buthidae,Tityus,kalettai,Achiasmatic,Male,NA,0
Animalia|Arachnida|Scorpiones|Buthidae|Tityus|karaja,Animalia,Arachnida,Scorpiones,Buthidae,Tityus,karaja,Achiasmatic,Male,NA,0
Animalia|Arachnida|Scorpiones|Buthidae|Tityus|kindli,Animalia,Arachnida,Scorpiones,Buthidae,Tityus,kindli,Achiasmatic,Male,NA,0
Animalia|Arachnida|Scorpiones|Buthidae|Tityus|kukututee,Animalia,Arachnida,Scorpiones,Buthidae,Tityus,kukututee,Achiasmatic,Male,NA,0
Animalia|Arachnida|Scorpiones|Buthidae|Tityus|kuryi,Animalia,Arachnida,Scorpiones,Buthidae,Tityus,kuryi,Achiasmatic,Male,NA,0
Animalia|Arachnida|Scorpiones|Buthidae|Tityus|lancinii,Animalia,Arachnida,Scorpiones,Buthidae,Tityus,lancinii,Achiasmatic,Male,NA,0
Animalia|Arachnida|Scorpiones|Buthidae|Tityus|lokiae,Animalia,Arachnida,Scorpiones,Buthidae,Tityus,lokiae,Achiasmatic,Male,NA,0
Animalia|Arachnida|Scorpiones|Buthidae|Tityus|longidigitus,Animalia,Arachnida,Scorpiones,Buthidae,Tityus,longidigitus,Achiasmatic,Male,NA,0
Animalia|Arachnida|Scorpiones|Buthidae|Tityus|lourencoi,Animalia,Arachnida,Scorpiones,Buthidae,Tityus,lourencoi,Achiasmatic,Male,NA,0
Animalia|Arachnida|Scorpiones|Buthidae|Tityus|lutzi,Animalia,Arachnida,Scorpiones,Buthidae,Tityus,lutzi,Achiasmatic,Male,NA,0
Animalia|Arachnida|Scorpiones|Buthidae|Tityus|macrochirus,Animalia,Arachnida,Scorpiones,Buthidae,Tityus,macrochirus,Achiasmatic,Male,NA,0
Animalia|Arachnida|Scorpiones|Buthidae|Tityus|magnimanus,Animalia,Arachnida,Scorpiones,Buthidae,Tityus,magnimanus,Achiasmatic,Male,NA,0
Animalia|Arachnida|Scorpiones|Buthidae|Tityus|maimirensis,Animalia,Arachnida,Scorpiones,Buthidae,Tityus,maimirensis,Achiasmatic,Male,NA,0
Animalia|Arachnida|Scorpiones|Buthidae|Tityus|mana,Animalia,Arachnida,Scorpiones,Buthidae,Tityus,mana,Achiasmatic,Male,NA,20
Animalia|Arachnida|Scorpiones|Buthidae|Tityus|manakai,Animalia,Arachnida,Scorpiones,Buthidae,Tityus,manakai,Achiasmatic,Male,NA,0
Animalia|Arachnida|Scorpiones|Buthidae|Tityus|maniapurensis,Animalia,Arachnida,Scorpiones,Buthidae,Tityus,maniapurensis,Achiasmatic,Male,NA,0
Animalia|Arachnida|Scorpiones|Buthidae|Tityus|marajoensis,Animalia,Arachnida,Scorpiones,Buthidae,Tityus,marajoensis,Achiasmatic,Male,NA,0
Animalia|Arachnida|Scorpiones|Buthidae|Tityus|maranhensis,Animalia,Arachnida,Scorpiones,Buthidae,Tityus,maranhensis,Achiasmatic,Male,NA,20
Animalia|Arachnida|Scorpiones|Buthidae|Tityus|marechali,Animalia,Arachnida,Scorpiones,Buthidae,Tityus,marechali,Achiasmatic,Male,NA,0
Animalia|Arachnida|Scorpiones|Buthidae|Tityus|martinpaechi,Animalia,Arachnida,Scorpiones,Buthidae,Tityus,martinpaechi,Achiasmatic,Male,NA,6
Animalia|Arachnida|Scorpiones|Buthidae|Tityus|matogrossensis,Animalia,Arachnida,Scorpiones,Buthidae,Tityus,matogrossensis,Achiasmatic,Male,NA,19
Animalia|Arachnida|Scorpiones|Buthidae|Tityus|matthieseni,Animalia,Arachnida,Scorpiones,Buthidae,Tityus,matthieseni,Achiasmatic,Male,NA,0
Animalia|Arachnida|Scorpiones|Buthidae|Tityus|mattogrossensis,Animalia,Arachnida,Scorpiones,Buthidae,Tityus,mattogrossensis,Achiasmatic,Male,NA,20
Animalia|Arachnida|Scorpiones|Buthidae|Tityus|maturinensis,Animalia,Arachnida,Scorpiones,Buthidae,Tityus,maturinensis,Achiasmatic,Male,NA,0
Animalia|Arachnida|Scorpiones|Buthidae|Tityus|melanostictus,Animalia,Arachnida,Scorpiones,Buthidae,Tityus,melanostictus,Achiasmatic,Male,NA,0
Animalia|Arachnida|Scorpiones|Buthidae|Tityus|melici,Animalia,Arachnida,Scorpiones,Buthidae,Tityus,melici,Achiasmatic,Male,NA,0
Animalia|Arachnida|Scorpiones|Buthidae|Tityus|metuendus,Animalia,Arachnida,Scorpiones,Buthidae,Tityus,metuendus,Achiasmatic,Male,NA,16
Animalia|Arachnida|Scorpiones|Buthidae|Tityus|michelii,Animalia,Arachnida,Scorpiones,Buthidae,Tityus,michelii,Achiasmatic,Male,NA,0
Animalia|Arachnida|Scorpiones|Buthidae|Tityus|microcystis,Animalia,Arachnida,Scorpiones,Buthidae,Tityus,microcystis,Achiasmatic,Male,NA,0
Animalia|Arachnida|Scorpiones|Buthidae|Tityus|monaguensis,Animalia,Arachnida,Scorpiones,Buthidae,Tityus,monaguensis,Achiasmatic,Male,NA,0
Animalia|Arachnida|Scorpiones|Buthidae|Tityus|mongei,Animalia,Arachnida,Scorpiones,Buthidae,Tityus,mongei,Achiasmatic,Male,NA,0
Animalia|Arachnida|Scorpiones|Buthidae|Tityus|moralensis,Animalia,Arachnida,Scorpiones,Buthidae,Tityus,moralensis,Achiasmatic,Male,NA,0
Animalia|Arachnida|Scorpiones|Buthidae|Tityus|mucusunamensis,Animalia,Arachnida,Scorpiones,Buthidae,Tityus,mucusunamensis,Achiasmatic,Male,NA,0
Animalia|Arachnida|Scorpiones|Buthidae|Tityus|munozi,Animalia,Arachnida,Scorpiones,Buthidae,Tityus,munozi,Achiasmatic,Male,NA,0
Animalia|Arachnida|Scorpiones|Buthidae|Tityus|neblina,Animalia,Arachnida,Scorpiones,Buthidae,Tityus,neblina,Achiasmatic,Male,NA,0
Animalia|Arachnida|Scorpiones|Buthidae|Tityus|neglectus,Animalia,Arachnida,Scorpiones,Buthidae,Tityus,neglectus,Achiasmatic,Male,NA,27
Animalia|Arachnida|Scorpiones|Buthidae|Tityus|neibae,Animalia,Arachnida,Scorpiones,Buthidae,Tityus,neibae,Achiasmatic,Male,NA,32
Animalia|Arachnida|Scorpiones|Buthidae|Tityus|nelsoni,Animalia,Arachnida,Scorpiones,Buthidae,Tityus,nelsoni,Achiasmatic,Male,NA,0
Animalia|Arachnida|Scorpiones|Buthidae|Tityus|nematochirus,Animalia,Arachnida,Scorpiones,Buthidae,Tityus,nematochirus,Achiasmatic,Male,NA,0
Animalia|Arachnida|Scorpiones|Buthidae|Tityus|neoespartanus,Animalia,Arachnida,Scorpiones,Buthidae,Tityus,neoespartanus,Achiasmatic,Male,NA,0
Animalia|Arachnida|Scorpiones|Buthidae|Tityus|nororientalis,Animalia,Arachnida,Scorpiones,Buthidae,Tityus,nororientalis,Achiasmatic,Male,NA,0
Animalia|Arachnida|Scorpiones|Buthidae|Tityus|obispoi,Animalia,Arachnida,Scorpiones,Buthidae,Tityus,obispoi,Achiasmatic,Male,NA,0
Animalia|Arachnida|Scorpiones|Buthidae|Tityus|obscurus,Animalia,Arachnida,Scorpiones,Buthidae,Tityus,obscurus,Achiasmatic,Male,NA,14
Animalia|Arachnida|Scorpiones|Buthidae|Tityus|obtusus,Animalia,Arachnida,Scorpiones,Buthidae,Tityus,obtusus,Achiasmatic,Male,NA,0
Animalia|Arachnida|Scorpiones|Buthidae|Tityus|ocelote,Animalia,Arachnida,Scorpiones,Buthidae,Tityus,ocelote,Achiasmatic,Male,NA,0
Animalia|Arachnida|Scorpiones|Buthidae|Tityus|osmanus,Animalia,Arachnida,Scorpiones,Buthidae,Tityus,osmanus,Achiasmatic,Male,NA,0
Animalia|Arachnida|Scorpiones|Buthidae|Tityus|oteroi,Animalia,Arachnida,Scorpiones,Buthidae,Tityus,oteroi,Achiasmatic,Male,NA,0
Animalia|Arachnida|Scorpiones|Buthidae|Tityus|ottenwalderi,Animalia,Arachnida,Scorpiones,Buthidae,Tityus,ottenwalderi,Achiasmatic,Male,NA,0
Animalia|Arachnida|Scorpiones|Buthidae|Tityus|pachyurus,Animalia,Arachnida,Scorpiones,Buthidae,Tityus,pachyurus,Achiasmatic,Male,NA,0
Animalia|Arachnida|Scorpiones|Buthidae|Tityus|pampanensis,Animalia,Arachnida,Scorpiones,Buthidae,Tityus,pampanensis,Achiasmatic,Male,NA,0
Animalia|Arachnida|Scorpiones|Buthidae|Tityus|panguana,Animalia,Arachnida,Scorpiones,Buthidae,Tityus,panguana,Achiasmatic,Male,NA,0
Animalia|Arachnida|Scorpiones|Buthidae|Tityus|paraguayensis,Animalia,Arachnida,Scorpiones,Buthidae,Tityus,paraguayensis,Achiasmatic,Male,NA,16
Animalia|Arachnida|Scorpiones|Buthidae|Tityus|parvulus,Animalia,Arachnida,Scorpiones,Buthidae,Tityus,parvulus,Achiasmatic,Male,NA,0
Animalia|Arachnida|Scorpiones|Buthidae|Tityus|paulistorum,Animalia,Arachnida,Scorpiones,Buthidae,Tityus,paulistorum,Achiasmatic,Male,NA,0
Animalia|Arachnida|Scorpiones|Buthidae|Tityus|perijanensis,Animalia,Arachnida,Scorpiones,Buthidae,Tityus,perijanensis,Achiasmatic,Male,NA,0
Animalia|Arachnida|Scorpiones|Buthidae|Tityus|pictus,Animalia,Arachnida,Scorpiones,Buthidae,Tityus,pictus,Achiasmatic,Male,NA,0
Animalia|Arachnida|Scorpiones|Buthidae|Tityus|pintodarochai,Animalia,Arachnida,Scorpiones,Buthidae,Tityus,pintodarochai,Achiasmatic,Male,NA,0
Animalia|Arachnida|Scorpiones|Buthidae|Tityus|pittieri,Animalia,Arachnida,Scorpiones,Buthidae,Tityus,pittieri,Achiasmatic,Male,NA,0
Animalia|Arachnida|Scorpiones|Buthidae|Tityus|pococki,Animalia,Arachnida,Scorpiones,Buthidae,Tityus,pococki,Achiasmatic,Male,NA,0
Animalia|Arachnida|Scorpiones|Buthidae|Tityus|portoplatensis,Animalia,Arachnida,Scorpiones,Buthidae,Tityus,portoplatensis,Achiasmatic,Male,NA,0
Animalia|Arachnida|Scorpiones|Buthidae|Tityus|potameis,Animalia,Arachnida,Scorpiones,Buthidae,Tityus,potameis,Achiasmatic,Male,NA,0
Animalia|Arachnida|Scorpiones|Buthidae|Tityus|prancei,Animalia,Arachnida,Scorpiones,Buthidae,Tityus,prancei,Achiasmatic,Male,NA,0
Animalia|Arachnida|Scorpiones|Buthidae|Tityus|proseni,Animalia,Arachnida,Scorpiones,Buthidae,Tityus,proseni,Achiasmatic,Male,NA,0
Animalia|Arachnida|Scorpiones|Buthidae|Tityus|pugilator,Animalia,Arachnida,Scorpiones,Buthidae,Tityus,pugilator,Achiasmatic,Male,NA,0
Animalia|Arachnida|Scorpiones|Buthidae|Tityus|pusillus,Animalia,Arachnida,Scorpiones,Buthidae,Tityus,pusillus,Achiasmatic,Male,NA,20
Animalia|Arachnida|Scorpiones|Buthidae|Tityus|quiriquirensis,Animalia,Arachnida,Scorpiones,Buthidae,Tityus,quiriquirensis,Achiasmatic,Male,NA,0
Animalia|Arachnida|Scorpiones|Buthidae|Tityus|quirogae,Animalia,Arachnida,Scorpiones,Buthidae,Tityus,quirogae,Achiasmatic,Male,NA,0
Animalia|Arachnida|Scorpiones|Buthidae|Tityus|quisqueyanus,Animalia,Arachnida,Scorpiones,Buthidae,Tityus,quisqueyanus,Achiasmatic,Male,NA,0
Animalia|Arachnida|Scorpiones|Buthidae|Tityus|ramirezi,Animalia,Arachnida,Scorpiones,Buthidae,Tityus,ramirezi,Achiasmatic,Male,NA,0
Animalia|Arachnida|Scorpiones|Buthidae|Tityus|raquelae,Animalia,Arachnida,Scorpiones,Buthidae,Tityus,raquelae,Achiasmatic,Male,NA,0
Animalia|Arachnida|Scorpiones|Buthidae|Tityus|rebieri,Animalia,Arachnida,Scorpiones,Buthidae,Tityus,rebieri,Achiasmatic,Male,NA,0
Animalia|Arachnida|Scorpiones|Buthidae|Tityus|riocaurensis,Animalia,Arachnida,Scorpiones,Buthidae,Tityus,riocaurensis,Achiasmatic,Male,NA,0
Animalia|Arachnida|Scorpiones|Buthidae|Tityus|rionegrensis,Animalia,Arachnida,Scorpiones,Buthidae,Tityus,rionegrensis,Achiasmatic,Male,NA,0
Animalia|Arachnida|Scorpiones|Buthidae|Tityus|riverai,Animalia,Arachnida,Scorpiones,Buthidae,Tityus,riverai,Achiasmatic,Male,NA,0
Animalia|Arachnida|Scorpiones|Buthidae|Tityus|roigi,Animalia,Arachnida,Scorpiones,Buthidae,Tityus,roigi,Achiasmatic,Male,NA,0
Animalia|Arachnida|Scorpiones|Buthidae|Tityus|rojasi,Animalia,Arachnida,Scorpiones,Buthidae,Tityus,rojasi,Achiasmatic,Male,NA,0
Animalia|Arachnida|Scorpiones|Buthidae|Tityus|romeroi,Animalia,Arachnida,Scorpiones,Buthidae,Tityus,romeroi,Achiasmatic,Male,NA,0
Animalia|Arachnida|Scorpiones|Buthidae|Tityus|rondonorum,Animalia,Arachnida,Scorpiones,Buthidae,Tityus,rondonorum,Achiasmatic,Male,NA,0
Animalia|Arachnida|Scorpiones|Buthidae|Tityus|rosenbergi,Animalia,Arachnida,Scorpiones,Buthidae,Tityus,rosenbergi,Achiasmatic,Male,NA,0
Animalia|Arachnida|Scorpiones|Buthidae|Tityus|rufofuscus,Animalia,Arachnida,Scorpiones,Buthidae,Tityus,rufofuscus,Achiasmatic,Male,NA,0
Animalia|Arachnida|Scorpiones|Buthidae|Tityus|rugosus,Animalia,Arachnida,Scorpiones,Buthidae,Tityus,rugosus,Achiasmatic,Male,NA,0
Animalia|Arachnida|Scorpiones|Buthidae|Tityus|rupestre,Animalia,Arachnida,Scorpiones,Buthidae,Tityus,rupestre,Achiasmatic,Male,NA,0
Animalia|Arachnida|Scorpiones|Buthidae|Tityus|rusmelyae,Animalia,Arachnida,Scorpiones,Buthidae,Tityus,rusmelyae,Achiasmatic,Male,NA,0
Animalia|Arachnida|Scorpiones|Buthidae|Tityus|sabineae,Animalia,Arachnida,Scorpiones,Buthidae,Tityus,sabineae,Achiasmatic,Male,NA,0
Animalia|Arachnida|Scorpiones|Buthidae|Tityus|sanarensis,Animalia,Arachnida,Scorpiones,Buthidae,Tityus,sanarensis,Achiasmatic,Male,NA,0
Animalia|Arachnida|Scorpiones|Buthidae|Tityus|sanfernandoi,Animalia,Arachnida,Scorpiones,Buthidae,Tityus,sanfernandoi,Achiasmatic,Male,NA,0
Animalia|Arachnida|Scorpiones|Buthidae|Tityus|sarisarinamensis,Animalia,Arachnida,Scorpiones,Buthidae,Tityus,sarisarinamensis,Achiasmatic,Male,NA,0
Animalia|Arachnida|Scorpiones|Buthidae|Tityus|sastrei,Animalia,Arachnida,Scorpiones,Buthidae,Tityus,sastrei,Achiasmatic,Male,NA,0
Animalia|Arachnida|Scorpiones|Buthidae|Tityus|schrammi,Animalia,Arachnida,Scorpiones,Buthidae,Tityus,schrammi,Achiasmatic,Male,NA,0
Animalia|Arachnida|Scorpiones|Buthidae|Tityus|serrulatus,Animalia,Arachnida,Scorpiones,Buthidae,Tityus,serrulatus,Achiasmatic,Male,NA,12
Animalia|Arachnida|Scorpiones|Buthidae|Tityus|shiriana,Animalia,Arachnida,Scorpiones,Buthidae,Tityus,shiriana,Achiasmatic,Male,NA,0
Animalia|Arachnida|Scorpiones|Buthidae|Tityus|silvestris,Animalia,Arachnida,Scorpiones,Buthidae,Tityus,silvestris,Achiasmatic,Male,NA,16
Animalia|Arachnida|Scorpiones|Buthidae|Tityus|simonsi,Animalia,Arachnida,Scorpiones,Buthidae,Tityus,simonsi,Achiasmatic,Male,NA,0
Animalia|Arachnida|Scorpiones|Buthidae|Tityus|smithii,Animalia,Arachnida,Scorpiones,Buthidae,Tityus,smithii,Achiasmatic,Male,NA,6
Animalia|Arachnida|Scorpiones|Buthidae|Tityus|soratensis,Animalia,Arachnida,Scorpiones,Buthidae,Tityus,soratensis,Achiasmatic,Male,NA,0
Animalia|Arachnida|Scorpiones|Buthidae|Tityus|spelaeus,Animalia,Arachnida,Scorpiones,Buthidae,Tityus,spelaeus,Achiasmatic,Male,NA,0
Animalia|Arachnida|Scorpiones|Buthidae|Tityus|stigmurus,Animalia,Arachnida,Scorpiones,Buthidae,Tityus,stigmurus,Achiasmatic,Male,NA,16
Animalia|Arachnida|Scorpiones|Buthidae|Tityus|strandi,Animalia,Arachnida,Scorpiones,Buthidae,Tityus,strandi,Achiasmatic,Male,NA,0
Animalia|Arachnida|Scorpiones|Buthidae|Tityus|surmeridensis,Animalia,Arachnida,Scorpiones,Buthidae,Tityus,surmeridensis,Achiasmatic,Male,NA,0
Animalia|Arachnida|Scorpiones|Buthidae|Tityus|surorientalis,Animalia,Arachnida,Scorpiones,Buthidae,Tityus,surorientalis,Achiasmatic,Male,NA,0
Animalia|Arachnida|Scorpiones|Buthidae|Tityus|sylviae,Animalia,Arachnida,Scorpiones,Buthidae,Tityus,sylviae,Achiasmatic,Male,NA,0
Animalia|Arachnida|Scorpiones|Buthidae|Tityus|tamayoi,Animalia,Arachnida,Scorpiones,Buthidae,Tityus,tamayoi,Achiasmatic,Male,NA,0
Animalia|Arachnida|Scorpiones|Buthidae|Tityus|tayrona,Animalia,Arachnida,Scorpiones,Buthidae,Tityus,tayrona,Achiasmatic,Male,NA,0
Animalia|Arachnida|Scorpiones|Buthidae|Tityus|tenuicauda,Animalia,Arachnida,Scorpiones,Buthidae,Tityus,tenuicauda,Achiasmatic,Male,NA,0
Animalia|Arachnida|Scorpiones|Buthidae|Tityus|timendus,Animalia,Arachnida,Scorpiones,Buthidae,Tityus,timendus,Achiasmatic,Male,NA,0
Animalia|Arachnida|Scorpiones|Buthidae|Tityus|tocantim,Animalia,Arachnida,Scorpiones,Buthidae,Tityus,tocantim,Achiasmatic,Male,NA,0
Animalia|Arachnida|Scorpiones|Buthidae|Tityus|trinitatis,Animalia,Arachnida,Scorpiones,Buthidae,Tityus,trinitatis,Achiasmatic,Male,NA,0
Animalia|Arachnida|Scorpiones|Buthidae|Tityus|trivittatus,Animalia,Arachnida,Scorpiones,Buthidae,Tityus,trivittatus,Achiasmatic,Male,NA,6
Animalia|Arachnida|Scorpiones|Buthidae|Tityus|tucurui,Animalia,Arachnida,Scorpiones,Buthidae,Tityus,tucurui,Achiasmatic,Male,NA,0
Animalia|Arachnida|Scorpiones|Buthidae|Tityus|uniformis,Animalia,Arachnida,Scorpiones,Buthidae,Tityus,uniformis,Achiasmatic,Male,NA,0
Animalia|Arachnida|Scorpiones|Buthidae|Tityus|unus,Animalia,Arachnida,Scorpiones,Buthidae,Tityus,unus,Achiasmatic,Male,NA,0
Animalia|Arachnida|Scorpiones|Buthidae|Tityus|uquirensis,Animalia,Arachnida,Scorpiones,Buthidae,Tityus,uquirensis,Achiasmatic,Male,NA,0
Animalia|Arachnida|Scorpiones|Buthidae|Tityus|urachichensis,Animalia,Arachnida,Scorpiones,Buthidae,Tityus,urachichensis,Achiasmatic,Male,NA,0
Animalia|Arachnida|Scorpiones|Buthidae|Tityus|urbinai,Animalia,Arachnida,Scorpiones,Buthidae,Tityus,urbinai,Achiasmatic,Male,NA,0
Animalia|Arachnida|Scorpiones|Buthidae|Tityus|uruguayensis,Animalia,Arachnida,Scorpiones,Buthidae,Tityus,uruguayensis,Achiasmatic,Male,NA,31
Animalia|Arachnida|Scorpiones|Buthidae|Tityus|vaissadei,Animalia,Arachnida,Scorpiones,Buthidae,Tityus,vaissadei,Achiasmatic,Male,NA,0
Animalia|Arachnida|Scorpiones|Buthidae|Tityus|valerae,Animalia,Arachnida,Scorpiones,Buthidae,Tityus,valerae,Achiasmatic,Male,NA,0
Animalia|Arachnida|Scorpiones|Buthidae|Tityus|venamensis,Animalia,Arachnida,Scorpiones,Buthidae,Tityus,venamensis,Achiasmatic,Male,NA,0
Animalia|Arachnida|Scorpiones|Buthidae|Tityus|ventuarensis,Animalia,Arachnida,Scorpiones,Buthidae,Tityus,ventuarensis,Achiasmatic,Male,NA,0
Animalia|Arachnida|Scorpiones|Buthidae|Tityus|wachteli,Animalia,Arachnida,Scorpiones,Buthidae,Tityus,wachteli,Achiasmatic,Male,NA,0
Animalia|Arachnida|Scorpiones|Buthidae|Tityus|walli,Animalia,Arachnida,Scorpiones,Buthidae,Tityus,walli,Achiasmatic,Male,NA,0
Animalia|Arachnida|Scorpiones|Buthidae|Tityus|yerenai,Animalia,Arachnida,Scorpiones,Buthidae,Tityus,yerenai,Achiasmatic,Male,NA,0
Animalia|Arachnida|Scorpiones|Buthidae|Tityus|ythieri,Animalia,Arachnida,Scorpiones,Buthidae,Tityus,ythieri,Achiasmatic,Male,NA,0
Animalia|Arachnida|Scorpiones|Buthidae|Tityus|zulianus,Animalia,Arachnida,Scorpiones,Buthidae,Tityus,zulianus,Achiasmatic,Male,NA,0
Animalia|Arachnida|Scorpiones|Buthidae|Troglorhopalurus|lacrau,Animalia,Arachnida,Scorpiones,Buthidae,Troglorhopalurus,lacrau,Achiasmatic,Male,NA,22
Animalia|Arachnida|Scorpiones|Buthidae|Troglorhopalurus|translucidus,Animalia,Arachnida,Scorpiones,Buthidae,Troglorhopalurus,translucidus,Achiasmatic,Male,NA,20
Animalia|Arachnida|Scorpiones|Buthidae|Uroplectes|carinatus,Animalia,Arachnida,Scorpiones,Buthidae,Uroplectes,carinatus,Achiasmatic,Male,NA,20
Animalia|Arachnida|Scorpiones|Buthidae|Uroplectes|chubbi,Animalia,Arachnida,Scorpiones,Buthidae,Uroplectes,chubbi,Achiasmatic,Male,NA,20
Animalia|Arachnida|Scorpiones|Buthidae|Uroplectes|ebogosp. n.,Animalia,Arachnida,Scorpiones,Buthidae,Uroplectes,ebogo sp. n.,Achiasmatic,Male,NA,24
Animalia|Arachnida|Scorpiones|Buthidae|Uroplectes|emiliae,Animalia,Arachnida,Scorpiones,Buthidae,Uroplectes,emiliae,Achiasmatic,Male,NA,28
Animalia|Arachnida|Scorpiones|Buthidae|Uroplectes|fischeri,Animalia,Arachnida,Scorpiones,Buthidae,Uroplectes,fischeri,Achiasmatic,Male,NA,28
Animalia|Arachnida|Scorpiones|Buthidae|Uroplectes|flavoviridis,Animalia,Arachnida,Scorpiones,Buthidae,Uroplectes,flavoviridis,Achiasmatic,Male,NA,26
Animalia|Arachnida|Scorpiones|Buthidae|Uroplectes|formosus,Animalia,Arachnida,Scorpiones,Buthidae,Uroplectes,formosus,Achiasmatic,Male,NA,16
Animalia|Arachnida|Scorpiones|Buthidae|Uroplectes|olivaceus,Animalia,Arachnida,Scorpiones,Buthidae,Uroplectes,olivaceus,Achiasmatic,Male,NA,24
Animalia|Arachnida|Scorpiones|Buthidae|Uroplectes|otjimbinguensis,Animalia,Arachnida,Scorpiones,Buthidae,Uroplectes,otjimbinguensis,Achiasmatic,Male,NA,26
Animalia|Arachnida|Scorpiones|Buthidae|Uroplectes|planimanus,Animalia,Arachnida,Scorpiones,Buthidae,Uroplectes,planimanus,Achiasmatic,Male,NA,22
Animalia|Arachnida|Scorpiones|Buthidae|Uroplectes|planimanuskuanyamarus,Animalia,Arachnida,Scorpiones,Buthidae,Uroplectes,planimanus kuanyamarus,Achiasmatic,Male,NA,22
Animalia|Arachnida|Scorpiones|Buthidae|Uroplectes|planimanusplanimanus,Animalia,Arachnida,Scorpiones,Buthidae,Uroplectes,planimanus planimanus,Achiasmatic,Male,NA,22
Animalia|Arachnida|Scorpiones|Buthidae|Uroplectes|vittatus,Animalia,Arachnida,Scorpiones,Buthidae,Uroplectes,vittatus,Achiasmatic,Male,NA,24
Animalia|Arachnida|Scorpiones|Buthidae|Zabius|fucus,Animalia,Arachnida,Scorpiones,Buthidae,Zabius,fucus,Achiasmatic,Male,NA,18
Animalia|Arachnida|Scorpiones|Buthidae|Zabius|fuscus,Animalia,Arachnida,Scorpiones,Buthidae,Zabius,fuscus,Achiasmatic,Male,NA,18
Animalia|Arachnida|Scorpiones|Chactidae|Brotheas|amazonicus,Animalia,Arachnida,Scorpiones,Chactidae,Brotheas,amazonicus,Achiasmatic,Male,NA,50
Animalia|Arachnida|Scorpiones|Chactidae|Brotheas|paraensis,Animalia,Arachnida,Scorpiones,Chactidae,Brotheas,paraensis,Achiasmatic,Male,NA,48
Animalia|Arachnida|Scorpiones|Chactidae|Brotheas|Silvestris,Animalia,Arachnida,Scorpiones,Chactidae,Brotheas,Silvestris,Achiasmatic,Male,NA,40
Animalia|Arachnida|Scorpiones|Chactidae|Neochactas|parvulus,Animalia,Arachnida,Scorpiones,Chactidae,Neochactas,parvulus,Achiasmatic,Male,NA,54
Animalia|Arachnida|Scorpiones|Chaerilidae|Chaerilus|cimrmani,Animalia,Arachnida,Scorpiones,Chaerilidae,Chaerilus,cimrmani,Achiasmatic,Male,NA,104
Animalia|Arachnida|Scorpiones|Chaerilidae|Chaerilus|majkusisp. n.,Animalia,Arachnida,Scorpiones,Chaerilidae,Chaerilus,majkusi sp. n.,Achiasmatic,Male,NA,0
Animalia|Arachnida|Scorpiones|Chaerilidae|Chaerilus|neradorumsp. n.,Animalia,Arachnida,Scorpiones,Chaerilidae,Chaerilus,neradorum sp. n.,Achiasmatic,Male,NA,0
Animalia|Arachnida|Scorpiones|Chaerilidae|Chaerilus|sejnai,Animalia,Arachnida,Scorpiones,Chaerilidae,Chaerilus,sejnai,Achiasmatic,Male,NA,0
Animalia|Arachnida|Scorpiones|Chaerilidae|Chaerilus|stockmannorumsp. n.,Animalia,Arachnida,Scorpiones,Chaerilidae,Chaerilus,stockmannorum sp. n.,Achiasmatic,Male,NA,186
Animalia|Arachnida|Scorpiones|Chaerilidae|Chaerilus|tichyi,Animalia,Arachnida,Scorpiones,Chaerilidae,Chaerilus,tichyi,Achiasmatic,Male,NA,136
Animalia|Arachnida|Scorpiones|Euscorpiidae|Euscorpiops|artemisaesp. nov.,Animalia,Arachnida,Scorpiones,Euscorpiidae,Euscorpiops,artemisae sp. nov.,Achiasmatic,Male,NA,103
Animalia|Arachnida|Scorpiones|Euscorpiidae|Euscorpiops|orionisp. nov.,Animalia,Arachnida,Scorpiones,Euscorpiidae,Euscorpiops,orioni sp. nov.,Achiasmatic,Male,NA,103
Animalia|Arachnida|Scorpiones|Euscorpiidae|Euscorpius|aladaglarensis,Animalia,Arachnida,Scorpiones,Euscorpiidae,Euscorpius,aladaglarensis,Achiasmatic,Male,NA,88
Animalia|Arachnida|Scorpiones|Euscorpiidae|Euscorpius|carpathicus,Animalia,Arachnida,Scorpiones,Euscorpiidae,Euscorpius,carpathicus,Achiasmatic,Male,NA,90
Animalia|Arachnida|Scorpiones|Euscorpiidae|Euscorpius|concinnus,Animalia,Arachnida,Scorpiones,Euscorpiidae,Euscorpius,concinnus,Achiasmatic,Male,NA,88
Animalia|Arachnida|Scorpiones|Euscorpiidae|Euscorpius|hadzii,Animalia,Arachnida,Scorpiones,Euscorpiidae,Euscorpius,hadzii,Achiasmatic,Male,NA,68
Animalia|Arachnida|Scorpiones|Euscorpiidae|Euscorpius|italicus,Animalia,Arachnida,Scorpiones,Euscorpiidae,Euscorpius,italicus,Achiasmatic,Male,NA,36
Animalia|Arachnida|Scorpiones|Euscorpiidae|Euscorpius|naupliensis,Animalia,Arachnida,Scorpiones,Euscorpiidae,Euscorpius,naupliensis,Achiasmatic,Male,NA,60
Animalia|Arachnida|Scorpiones|Euscorpiidae|Euscorpius|sicanus,Animalia,Arachnida,Scorpiones,Euscorpiidae,Euscorpius,sicanus,Achiasmatic,Male,NA,66
Animalia|Arachnida|Scorpiones|Euscorpiidae|Euscorpius|tergestinus,Animalia,Arachnida,Scorpiones,Euscorpiidae,Euscorpius,tergestinus,Achiasmatic,Male,NA,60
Animalia|Arachnida|Scorpiones|Euscorpiidae|Megacormus|granosus,Animalia,Arachnida,Scorpiones,Euscorpiidae,Megacormus,granosus,Achiasmatic,Male,NA,148
Animalia|Arachnida|Scorpiones|Euscorpiidae|Megacormus|seductussp. n.,Animalia,Arachnida,Scorpiones,Euscorpiidae,Megacormus,seductus sp. n.,Achiasmatic,Male,NA,109
Animalia|Arachnida|Scorpiones|Euscorpiidae|Megacormus|segmentatus,Animalia,Arachnida,Scorpiones,Euscorpiidae,Megacormus,segmentatus,Achiasmatic,Male,NA,144
Animalia|Arachnida|Scorpiones|Iuridae|Calchas|nordmanni,Animalia,Arachnida,Scorpiones,Iuridae,Calchas,nordmanni,Achiasmatic,Male,NA,82
Animalia|Arachnida|Scorpiones|Iuridae|Neocalchas|gruberi,Animalia,Arachnida,Scorpiones,Iuridae,Neocalchas,gruberi,Achiasmatic,Male,NA,40
Animalia|Arachnida|Scorpiones|Scorpionidae|Urodacus|manicatus,Animalia,Arachnida,Scorpiones,Scorpionidae,Urodacus,manicatus,Achiasmatic,Male,NA,0
Animalia|Ascidiacea|Aplousobranchia|Didemnidae|Diplosoma|listerianum,Animalia,Ascidiacea,Aplousobranchia,Didemnidae,Diplosoma,listerianum,Achiasmatic,Male,NA,30
Animalia|Ascidiacea|Phlebobranchia|Cionidae|Ciona|intestinalis,Animalia,Ascidiacea,Phlebobranchia,Cionidae,Ciona,intestinalis,Achiasmatic,Male,NA,28
Animalia|Bivalvia|Sphaeriida|Sphaeriida|Sphaerium|corneum,Animalia,Bivalvia,Sphaeriida,Sphaeriida,Sphaerium,corneum,Achiasmatic,Male,NA,30
Animalia|Bivalvia|Sphaeriida|Sphaeriida|Sphaerium|nucleus,Animalia,Bivalvia,Sphaeriida,Sphaeriida,Sphaerium,nucleus,Achiasmatic,Male,NA,0
Animalia|Chilopoda|Lithobiomorpha|Lithobiidae|Lithobius|variegatus,Animalia,Chilopoda,Lithobiomorpha,Lithobiidae,Lithobius,variegatus,Asynaptic,Male,XY,46
Animalia|Copepoda|Cyclopoida|Cyclopidae|Acanthocyclops|vernalis,Animalia,Copepoda,Cyclopoida,Cyclopidae,Acanthocyclops,vernalis,Distance pairing,Female,NA,8
Animalia|Copepoda|Cyclopoida|Cyclopidae|Diacyclops|bicuspidatus,Animalia,Copepoda,Cyclopoida,Cyclopidae,Diacyclops,bicuspidatus,Distance pairing,Female,NA,0
Animalia|Copepoda|Cyclopoida|Cyclopidae|Eucyclops|serrulatus,Animalia,Copepoda,Cyclopoida,Cyclopidae,Eucyclops,serrulatus,Distance pairing,Female,NA,13
Animalia|Copepoda|Cyclopoida|Cyclopidae|Macrocyclops|albidus,Animalia,Copepoda,Cyclopoida,Cyclopidae,Macrocyclops,albidus,Distance pairing,Female,NA,14
Animalia|Copepoda|Cyclopoida|Cyclopidae|Macrocyclops|ater,Animalia,Copepoda,Cyclopoida,Cyclopidae,Macrocyclops,ater,Distance pairing,Female,NA,22
Animalia|Copepoda|Cyclopoida|Cyclopidae|Mesocyclops|edax,Animalia,Copepoda,Cyclopoida,Cyclopidae,Mesocyclops,edax,Distance pairing,Female,NA,14
Animalia|Copepoda|Cyclopoida|Cyclopidae|Mesocyclops|leuckarti,Animalia,Copepoda,Cyclopoida,Cyclopidae,Mesocyclops,leuckarti,Distance pairing,Female,NA,12
Animalia|Copepoda|Cyclopoida|Cyclopidae|Tropocyclops|prasinus,Animalia,Copepoda,Cyclopoida,Cyclopidae,Tropocyclops,prasinus,Distance pairing,Female,NA,0
Animalia|Copepoda|Cyclopoida|Harpacticoida|Tigriopus|brevicornis,Animalia,Copepoda,Cyclopoida,Harpacticoida,Tigriopus,brevicornis,Distance pairing,Female,NA,24
Animalia|Copepoda|Cyclopoida|Harpacticoida|Tigriopus|californicus,Animalia,Copepoda,Cyclopoida,Harpacticoida,Tigriopus,californicus,Achiasmatic,Female,NA,24
Animalia|Copepoda|Cyclopoida|Harpacticoida|Tigriopus|japonicus,Animalia,Copepoda,Cyclopoida,Harpacticoida,Tigriopus,japonicus,Distance pairing,Female,NA,24
Animalia|Copepoda|Cyclopoida|Mytilicolidae|Mytilicola|intestinalis,Animalia,Copepoda,Cyclopoida,Mytilicolidae,Mytilicola,intestinalis,Achiasmatic,Female,XY,22
Animalia|Copepoda|Harpacticoida|Tisbidae|Tisbe|biminiensis,Animalia,Copepoda,Harpacticoida,Tisbidae,Tisbe,biminiensis,Achiasmatic,Female,NA,16
Animalia|Copepoda|Harpacticoida|Tisbidae|Tisbe|holothuriae,Animalia,Copepoda,Harpacticoida,Tisbidae,Tisbe,holothuriae,Achiasmatic,Female,NA,24
Animalia|Copepoda|Harpaticoida|Harpacticidae|Tigriopus|brevicornis,Animalia,Copepoda,Harpaticoida,Harpacticidae,Tigriopus,brevicornis,Achiasmatic,Female,NA,24
Animalia|Copepoda|Harpaticoida|Harpacticidae|Tigriopus|californicus,Animalia,Copepoda,Harpaticoida,Harpacticidae,Tigriopus,californicus,Achiasmatic,Female,NA,24
Animalia|Copepoda|Harpaticoida|Harpacticidae|Tigriopus|japonicus,Animalia,Copepoda,Harpaticoida,Harpacticidae,Tigriopus,japonicus,Achiasmatic,Female,NA,24
Animalia|Copepoda|Siphonostomatoida|Caligidae|Lepeoptheirus|salmonissalmonis,Animalia,Copepoda,Siphonostomatoida,Caligidae,Lepeoptheirus,salmonis salmonis,Achiasmatic,Female,ZW,16
Animalia|Eurotatoria|Bdelloidea|Habrotrochidae|Habrotrocha|tridens,Animalia,Eurotatoria,Bdelloidea,Habrotrochidae,Habrotrocha,tridens,Asynaptic,Female,NA,13
Animalia|Eurotatoria|Bdelloidea|Philodinidae|Philodina|roseola,Animalia,Eurotatoria,Bdelloidea,Philodinidae,Philodina,roseola,Asynaptic,Female,NA,13
Animalia|Eutardigrada|Parachela|Macrobiotidae|Macrobiotus|richtersi,Animalia,Eutardigrada,Parachela,Macrobiotidae,Macrobiotus,richtersi,Achiasmatic,Male,NA,12
Animalia|Eutardigrada|Parachela|Richtersiidae|Richtersius|coronifer,Animalia,Eutardigrada,Parachela,Richtersiidae,Richtersius,coronifer,Achiasmatic,Male,NA,12
Animalia|Insecta|Blattodea|Rhinotermitidae|Reticulitermes|flavipes,Animalia,Insecta,Blattodea,Rhinotermitidae,Reticulitermes,flavipes,Asynaptic,Male,NA,0
Animalia|Insecta|Blattodea|Rhinotermitidae|Reticulitermes|speratus,Animalia,Insecta,Blattodea,Rhinotermitidae,Reticulitermes,speratus,Asynaptic,Male,NA,0
Animalia|Insecta|Coleoptera|Anobiidae|Ernobius|mollis,Animalia,Insecta,Coleoptera,Anobiidae,Ernobius,mollis,Asynaptic,Male,XY,22
Animalia|Insecta|Coleoptera|Anobiidae|Gibbium|psylloides,Animalia,Insecta,Coleoptera,Anobiidae,Gibbium,psylloides,Asynaptic,Male,XY,18
Animalia|Insecta|Coleoptera|Anobiidae|Lasioderma|serricorne,Animalia,Insecta,Coleoptera,Anobiidae,Lasioderma,serricorne,Asynaptic,Male,XY,18
Animalia|Insecta|Coleoptera|Anobiidae|Ptinus|clavipes,Animalia,Insecta,Coleoptera,Anobiidae,Ptinus,clavipes,Asynaptic,Male,XY,18
Animalia|Insecta|Coleoptera|Anobiidae|Ptinus|villiger,Animalia,Insecta,Coleoptera,Anobiidae,Ptinus,villiger,Asynaptic,Male,XY,18
Animalia|Insecta|Coleoptera|Anthicidae|Notoxus|calcaratus,Animalia,Insecta,Coleoptera,Anthicidae,Notoxus,calcaratus,Asynaptic,Male,XY,18
Animalia|Insecta|Coleoptera|Anthicidae|Notoxus|constrictus,Animalia,Insecta,Coleoptera,Anthicidae,Notoxus,constrictus,Asynaptic,Male,XY,18
Animalia|Insecta|Coleoptera|Anthicidae|Notoxus|monodon,Animalia,Insecta,Coleoptera,Anthicidae,Notoxus,monodon,Asynaptic,Male,XY,18
Animalia|Insecta|Coleoptera|Anthribidae|Araecerus|fasciculatus,Animalia,Insecta,Coleoptera,Anthribidae,Araecerus,fasciculatus,Asynaptic,Male,XY,22
Animalia|Insecta|Coleoptera|Anthribidae|Euparius|marmoreus,Animalia,Insecta,Coleoptera,Anthribidae,Euparius,marmoreus,Asynaptic,Male,XY,22
Animalia|Insecta|Coleoptera|Anthribidae|Euparius|oculatus,Animalia,Insecta,Coleoptera,Anthribidae,Euparius,oculatus,Asynaptic,Male,NA,22
Animalia|Insecta|Coleoptera|Anthribidae|Habrissus|longipes,Animalia,Insecta,Coleoptera,Anthribidae,Habrissus,longipes,Asynaptic,Male,XY,22
Animalia|Insecta|Coleoptera|Anthribidae|Platystomos|sellatus,Animalia,Insecta,Coleoptera,Anthribidae,Platystomos,sellatus,Asynaptic,Male,XY,22
Animalia|Insecta|Coleoptera|Anthribidae|Ptychoderes|bivittatus,Animalia,Insecta,Coleoptera,Anthribidae,Ptychoderes,bivittatus,Asynaptic,Male,XY,22
Animalia|Insecta|Coleoptera|Anthribidae|Ptychoderes|tricostifrons,Animalia,Insecta,Coleoptera,Anthribidae,Ptychoderes,tricostifrons,Asynaptic,Male,XY,22
Animalia|Insecta|Coleoptera|Anthribidae|Tropideres|germanus,Animalia,Insecta,Coleoptera,Anthribidae,Tropideres,germanus,Asynaptic,Male,XY,22
Animalia|Insecta|Coleoptera|Anthribidae|Tropideres|japonicus,Animalia,Insecta,Coleoptera,Anthribidae,Tropideres,japonicus,Asynaptic,Male,XY,22
Animalia|Insecta|Coleoptera|Anthribidae|Tropideres|laxus,Animalia,Insecta,Coleoptera,Anthribidae,Tropideres,laxus,Asynaptic,Male,XY,22
Animalia|Insecta|Coleoptera|Attelabidae|Apoderus|balteatus,Animalia,Insecta,Coleoptera,Attelabidae,Apoderus,balteatus,Asynaptic,Male,XY,26
Animalia|Insecta|Coleoptera|Attelabidae|Apoderus|coryli,Animalia,Insecta,Coleoptera,Attelabidae,Apoderus,coryli,Asynaptic,Male,XY,28
Animalia|Insecta|Coleoptera|Attelabidae|Apoderus|erythrogaster,Animalia,Insecta,Coleoptera,Attelabidae,Apoderus,erythrogaster,Asynaptic,Male,XY,26
Animalia|Insecta|Coleoptera|Attelabidae|Auletobius|irkutensis,Animalia,Insecta,Coleoptera,Attelabidae,Auletobius,irkutensis,Asynaptic,Male,XY,32
Animalia|Insecta|Coleoptera|Attelabidae|Auletobius|puberulus,Animalia,Insecta,Coleoptera,Attelabidae,Auletobius,puberulus,Asynaptic,Male,XY,32
Animalia|Insecta|Coleoptera|Attelabidae|Centrocorynus|aemulus,Animalia,Insecta,Coleoptera,Attelabidae,Centrocorynus,aemulus,Asynaptic,Male,XY,28
Animalia|Insecta|Coleoptera|Attelabidae|Deporaus|harmanni,Animalia,Insecta,Coleoptera,Attelabidae,Deporaus,harmanni,Asynaptic,Male,XY,22
Animalia|Insecta|Coleoptera|Attelabidae|Deporaus|margitus,Animalia,Insecta,Coleoptera,Attelabidae,Deporaus,margitus,Asynaptic,Male,XY,22
Animalia|Insecta|Coleoptera|Attelabidae|Deporaus|minimus,Animalia,Insecta,Coleoptera,Attelabidae,Deporaus,minimus,Asynaptic,Male,XY,26
Animalia|Insecta|Coleoptera|Attelabidae|Deporaus|sp.,Animalia,Insecta,Coleoptera,Attelabidae,Deporaus,sp.,Asynaptic,Male,XY,22
Animalia|Insecta|Coleoptera|Attelabidae|Deporaus|unicolor,Animalia,Insecta,Coleoptera,Attelabidae,Deporaus,unicolor,Asynaptic,Male,XY,34
Animalia|Insecta|Coleoptera|Attelabidae|Hypera|viciae,Animalia,Insecta,Coleoptera,Attelabidae,Hypera,viciae,Asynaptic,Male,XY,22
Animalia|Insecta|Coleoptera|Attelabidae|Larinus|sturnus,Animalia,Insecta,Coleoptera,Attelabidae,Larinus,sturnus,Asynaptic,Male,XY,38
Animalia|Insecta|Coleoptera|Attelabidae|Liophloeus|lentus,Animalia,Insecta,Coleoptera,Attelabidae,Liophloeus,lentus,Asynaptic,Male,XY,22
Animalia|Insecta|Coleoptera|Attelabidae|Liparus|glabrirostris,Animalia,Insecta,Coleoptera,Attelabidae,Liparus,glabrirostris,Asynaptic,Male,XY,32
Animalia|Insecta|Coleoptera|Attelabidae|Pissodes|notatus,Animalia,Insecta,Coleoptera,Attelabidae,Pissodes,notatus,Asynaptic,Male,XY,30
Animalia|Insecta|Coleoptera|Attelabidae|Rhynchites|heros,Animalia,Insecta,Coleoptera,Attelabidae,Rhynchites,heros,Asynaptic,Male,XY,38
Animalia|Insecta|Coleoptera|Attelabidae|Rhynchites|pilosus,Animalia,Insecta,Coleoptera,Attelabidae,Rhynchites,pilosus,Asynaptic,Male,XY,32
Animalia|Insecta|Coleoptera|Attelabidae|Rhynchites|placidus,Animalia,Insecta,Coleoptera,Attelabidae,Rhynchites,placidus,Asynaptic,Male,XY,38
Animalia|Insecta|Coleoptera|Attelabidae|Rhynchites|sp.,Animalia,Insecta,Coleoptera,Attelabidae,Rhynchites,sp.,Asynaptic,Male,XY,34
Animalia|Insecta|Coleoptera|Bostrichidae|Apate|mocha,Animalia,Insecta,Coleoptera,Bostrichidae,Apate,mocha,Asynaptic,Male,XY,22
Animalia|Insecta|Coleoptera|Bostrichidae|Bostrychopsis|bengalensis,Animalia,Insecta,Coleoptera,Bostrichidae,Bostrychopsis,bengalensis,Asynaptic,Male,XY,20
Animalia|Insecta|Coleoptera|Bostrichidae|Rhizopertha|dominica,Animalia,Insecta,Coleoptera,Bostrichidae,Rhizopertha,dominica,Asynaptic,Male,XY,18
Animalia|Insecta|Coleoptera|Bostrichidae|Sinoxylon|ale,Animalia,Insecta,Coleoptera,Bostrichidae,Sinoxylon,ale,Asynaptic,Male,XY,20
Animalia|Insecta|Coleoptera|Brentidae|Apion|abruptum,Animalia,Insecta,Coleoptera,Brentidae,Apion,abruptum,Asynaptic,Male,XY,22
Animalia|Insecta|Coleoptera|Brentidae|Apion|collare,Animalia,Insecta,Coleoptera,Brentidae,Apion,collare,Asynaptic,Male,XY,22
Animalia|Insecta|Coleoptera|Brentidae|Apion|sp.,Animalia,Insecta,Coleoptera,Brentidae,Apion,sp.,Asynaptic,Male,XY,22
Animalia|Insecta|Coleoptera|Brentidae|Aplemonus|tuberculata,Animalia,Insecta,Coleoptera,Brentidae,Aplemonus,tuberculata,Asynaptic,Male,XY,26
Animalia|Insecta|Coleoptera|Brentidae|Brentus|anchorago,Animalia,Insecta,Coleoptera,Brentidae,Brentus,anchorago,Asynaptic,Male,XY,12
Animalia|Insecta|Coleoptera|Brentidae|Brentus|mexicanus,Animalia,Insecta,Coleoptera,Brentidae,Brentus,mexicanus,Asynaptic,Male,XY,12
Animalia|Insecta|Coleoptera|Brentidae|Ceratapion|austriacum,Animalia,Insecta,Coleoptera,Brentidae,Ceratapion,austriacum,Asynaptic,Male,XY,22
Animalia|Insecta|Coleoptera|Brentidae|Ceratapion|penetrans,Animalia,Insecta,Coleoptera,Brentidae,Ceratapion,penetrans,Asynaptic,Male,XY,22
Animalia|Insecta|Coleoptera|Brentidae|Cylas|formicarius,Animalia,Insecta,Coleoptera,Brentidae,Cylas,formicarius,Asynaptic,Male,XY,22
Animalia|Insecta|Coleoptera|Brentidae|Eutrichapion|melancholicum,Animalia,Insecta,Coleoptera,Brentidae,Eutrichapion,melancholicum,Asynaptic,Male,XY,22
Animalia|Insecta|Coleoptera|Brentidae|Nanophyes|marmoratus,Animalia,Insecta,Coleoptera,Brentidae,Nanophyes,marmoratus,Asynaptic,Male,XY,22
Animalia|Insecta|Coleoptera|Brentidae|Nemocephalus|femoratus,Animalia,Insecta,Coleoptera,Brentidae,Nemocephalus,femoratus,Asynaptic,Male,XY,12
Animalia|Insecta|Coleoptera|Brentidae|Oxystoma|cerdo,Animalia,Insecta,Coleoptera,Brentidae,Oxystoma,cerdo,Asynaptic,Male,XY,22
Animalia|Insecta|Coleoptera|Brentidae|Proepisphales|elegans,Animalia,Insecta,Coleoptera,Brentidae,Proepisphales,elegans,Asynaptic,Male,XY,12
Animalia|Insecta|Coleoptera|Brentidae|Pseudorychoides|insignis,Animalia,Insecta,Coleoptera,Brentidae,Pseudorychoides,insignis,Asynaptic,Male,XY,12
Animalia|Insecta|Coleoptera|Brentidae|Rhopalapion|longirostre,Animalia,Insecta,Coleoptera,Brentidae,Rhopalapion,longirostre,Asynaptic,Male,XY,22
Animalia|Insecta|Coleoptera|Brentidae|Squamapion|flavimanum,Animalia,Insecta,Coleoptera,Brentidae,Squamapion,flavimanum,Asynaptic,Male,XY,22
Animalia|Insecta|Coleoptera|Brentidae|Trachelizus|sp.,Animalia,Insecta,Coleoptera,Brentidae,Trachelizus,sp.,Asynaptic,Male,XY,12
Animalia|Insecta|Coleoptera|Buprestidae|Acmaeodera|boryi,Animalia,Insecta,Coleoptera,Buprestidae,Acmaeodera,boryi,Asynaptic,Male,XY,18
Animalia|Insecta|Coleoptera|Buprestidae|Acmaeodera|flavofasciata,Animalia,Insecta,Coleoptera,Buprestidae,Acmaeodera,flavofasciata,Asynaptic,Male,XY,18
Animalia|Insecta|Coleoptera|Buprestidae|Acmaeodera|gibbulosa,Animalia,Insecta,Coleoptera,Buprestidae,Acmaeodera,gibbulosa,Asynaptic,Male,XY,18
Animalia|Insecta|Coleoptera|Buprestidae|Acmaeodera|vetusta,Animalia,Insecta,Coleoptera,Buprestidae,Acmaeodera,vetusta,Asynaptic,Male,XY,18
Animalia|Insecta|Coleoptera|Buprestidae|Agrilus|angustulus,Animalia,Insecta,Coleoptera,Buprestidae,Agrilus,angustulus,Asynaptic,Male,XY,22
Animalia|Insecta|Coleoptera|Buprestidae|Agrilus|anxius,Animalia,Insecta,Coleoptera,Buprestidae,Agrilus,anxius,Asynaptic,Male,XY,22
Animalia|Insecta|Coleoptera|Buprestidae|Agrilus|obscuricollis,Animalia,Insecta,Coleoptera,Buprestidae,Agrilus,obscuricollis,Asynaptic,Male,XY,20
Animalia|Insecta|Coleoptera|Buprestidae|Agrilus|sp.,Animalia,Insecta,Coleoptera,Buprestidae,Agrilus,sp.,Asynaptic,Male,XY,0
Animalia|Insecta|Coleoptera|Buprestidae|Anthaxia|amasi,Animalia,Insecta,Coleoptera,Buprestidae,Anthaxia,amasi,Asynaptic,Male,XY,16
Animalia|Insecta|Coleoptera|Buprestidae|Anthaxia|bicolor,Animalia,Insecta,Coleoptera,Buprestidae,Anthaxia,bicolor,Asynaptic,Male,XY,16
Animalia|Insecta|Coleoptera|Buprestidae|Anthaxia|deaurata,Animalia,Insecta,Coleoptera,Buprestidae,Anthaxia,deaurata,Asynaptic,Male,XY,16
Animalia|Insecta|Coleoptera|Buprestidae|Anthaxia|hungarica,Animalia,Insecta,Coleoptera,Buprestidae,Anthaxia,hungarica,Asynaptic,Male,XY,16
Animalia|Insecta|Coleoptera|Buprestidae|Anthaxia|lgockii,Animalia,Insecta,Coleoptera,Buprestidae,Anthaxia,lgockii,Asynaptic,Male,XY,16
Animalia|Insecta|Coleoptera|Buprestidae|Anthaxia|mirabilis,Animalia,Insecta,Coleoptera,Buprestidae,Anthaxia,mirabilis,Asynaptic,Male,XY,16
Animalia|Insecta|Coleoptera|Buprestidae|Anthaxia|olympica,Animalia,Insecta,Coleoptera,Buprestidae,Anthaxia,olympica,Asynaptic,Male,XY,16
Animalia|Insecta|Coleoptera|Buprestidae|Anthaxia|podolica,Animalia,Insecta,Coleoptera,Buprestidae,Anthaxia,podolica,Asynaptic,Male,XY,16
Animalia|Insecta|Coleoptera|Buprestidae|Anthaxia|sponsa,Animalia,Insecta,Coleoptera,Buprestidae,Anthaxia,sponsa,Asynaptic,Male,XY,16
Animalia|Insecta|Coleoptera|Buprestidae|Anthaxia|viridifrons,Animalia,Insecta,Coleoptera,Buprestidae,Anthaxia,viridifrons,Asynaptic,Male,XY,16
Animalia|Insecta|Coleoptera|Buprestidae|Capnodis|miliaris,Animalia,Insecta,Coleoptera,Buprestidae,Capnodis,miliaris,Asynaptic,Male,XY,20
Animalia|Insecta|Coleoptera|Buprestidae|Castiarina|adelaidae,Animalia,Insecta,Coleoptera,Buprestidae,Castiarina,adelaidae,Asynaptic,Male,XY,22
Animalia|Insecta|Coleoptera|Buprestidae|Castiarina|argillacea,Animalia,Insecta,Coleoptera,Buprestidae,Castiarina,argillacea,Asynaptic,Male,XY,22
Animalia|Insecta|Coleoptera|Buprestidae|Castiarina|cupreoflava,Animalia,Insecta,Coleoptera,Buprestidae,Castiarina,cupreoflava,Asynaptic,Male,XY,22
Animalia|Insecta|Coleoptera|Buprestidae|Castiarina|decemmaculata,Animalia,Insecta,Coleoptera,Buprestidae,Castiarina,decemmaculata,Asynaptic,Male,XY,22
Animalia|Insecta|Coleoptera|Buprestidae|Castiarina|flavopicta,Animalia,Insecta,Coleoptera,Buprestidae,Castiarina,flavopicta,Asynaptic,Male,XY,22
Animalia|Insecta|Coleoptera|Buprestidae|Castiarina|grata,Animalia,Insecta,Coleoptera,Buprestidae,Castiarina,grata,Asynaptic,Male,XY,22
Animalia|Insecta|Coleoptera|Buprestidae|Castiarina|rufipennis,Animalia,Insecta,Coleoptera,Buprestidae,Castiarina,rufipennis,Asynaptic,Male,XY,22
Animalia|Insecta|Coleoptera|Buprestidae|Castiarina|sexplagiata,Animalia,Insecta,Coleoptera,Buprestidae,Castiarina,sexplagiata,Asynaptic,Male,XY,22
Animalia|Insecta|Coleoptera|Buprestidae|Castiarina|simulata,Animalia,Insecta,Coleoptera,Buprestidae,Castiarina,simulata,Asynaptic,Male,XY,22
Animalia|Insecta|Coleoptera|Buprestidae|Castiarina|subnotata,Animalia,Insecta,Coleoptera,Buprestidae,Castiarina,subnotata,Asynaptic,Male,XY,22
Animalia|Insecta|Coleoptera|Buprestidae|Castiarina|subtincta,Animalia,Insecta,Coleoptera,Buprestidae,Castiarina,subtincta,Asynaptic,Male,XY,22
Animalia|Insecta|Coleoptera|Buprestidae|Castiarina|triramosa,Animalia,Insecta,Coleoptera,Buprestidae,Castiarina,triramosa,Asynaptic,Male,XY,22
Animalia|Insecta|Coleoptera|Buprestidae|Chrysobothris|affinis,Animalia,Insecta,Coleoptera,Buprestidae,Chrysobothris,affinis,Asynaptic,Male,XY,16
Animalia|Insecta|Coleoptera|Buprestidae|Chrysobothris|dentipes,Animalia,Insecta,Coleoptera,Buprestidae,Chrysobothris,dentipes,Asynaptic,Male,XY,16
Animalia|Insecta|Coleoptera|Buprestidae|Chrysobothris|floricola,Animalia,Insecta,Coleoptera,Buprestidae,Chrysobothris,floricola,Asynaptic,Male,XY,16
Animalia|Insecta|Coleoptera|Buprestidae|Coraebus|rubi,Animalia,Insecta,Coleoptera,Buprestidae,Coraebus,rubi,Asynaptic,Male,XY,22
Animalia|Insecta|Coleoptera|Buprestidae|Dicera|divaricata,Animalia,Insecta,Coleoptera,Buprestidae,Dicera,divaricata,Asynaptic,Male,XY,20
Animalia|Insecta|Coleoptera|Buprestidae|Dicera|prolongata,Animalia,Insecta,Coleoptera,Buprestidae,Dicera,prolongata,Asynaptic,Male,XY,20
Animalia|Insecta|Coleoptera|Buprestidae|Dicera|tenebrosa,Animalia,Insecta,Coleoptera,Buprestidae,Dicera,tenebrosa,Asynaptic,Male,XY,20
Animalia|Insecta|Coleoptera|Buprestidae|Dicerca|aenea,Animalia,Insecta,Coleoptera,Buprestidae,Dicerca,aenea,Asynaptic,Male,XY,20
Animalia|Insecta|Coleoptera|Buprestidae|Julodella|globithorax,Animalia,Insecta,Coleoptera,Buprestidae,Julodella,globithorax,Asynaptic,Male,XY,26
Animalia|Insecta|Coleoptera|Buprestidae|Melanophila|acumita,Animalia,Insecta,Coleoptera,Buprestidae,Melanophila,acumita,Asynaptic,Male,XY,12
Animalia|Insecta|Coleoptera|Buprestidae|Melanophila|drummondi,Animalia,Insecta,Coleoptera,Buprestidae,Melanophila,drummondi,Asynaptic,Male,XY,16
Animalia|Insecta|Coleoptera|Buprestidae|Melanophila|intrusa,Animalia,Insecta,Coleoptera,Buprestidae,Melanophila,intrusa,Asynaptic,Male,XY,16
Animalia|Insecta|Coleoptera|Buprestidae|Meliboeus|caucasicus,Animalia,Insecta,Coleoptera,Buprestidae,Meliboeus,caucasicus,Asynaptic,Male,XY,22
Animalia|Insecta|Coleoptera|Buprestidae|Ovalisia|dezhdae,Animalia,Insecta,Coleoptera,Buprestidae,Ovalisia,dezhdae,Asynaptic,Male,XY,20
Animalia|Insecta|Coleoptera|Buprestidae|Perotis|cuprata,Animalia,Insecta,Coleoptera,Buprestidae,Perotis,cuprata,Asynaptic,Male,XY,20
Animalia|Insecta|Coleoptera|Buprestidae|Perotis|lugubris,Animalia,Insecta,Coleoptera,Buprestidae,Perotis,lugubris,Asynaptic,Male,XY,20
Animalia|Insecta|Coleoptera|Buprestidae|Sphaerobothris|aghababiani,Animalia,Insecta,Coleoptera,Buprestidae,Sphaerobothris,aghababiani,Asynaptic,Male,XY,16
Animalia|Insecta|Coleoptera|Buprestidae|Stigmodera|cancellata,Animalia,Insecta,Coleoptera,Buprestidae,Stigmodera,cancellata,Asynaptic,Male,XY,22
Animalia|Insecta|Coleoptera|Buprestidae|Stigmodera|goryi,Animalia,Insecta,Coleoptera,Buprestidae,Stigmodera,goryi,Asynaptic,Male,XY,22
Animalia|Insecta|Coleoptera|Buprestidae|Stigmodera|gratiosa,Animalia,Insecta,Coleoptera,Buprestidae,Stigmodera,gratiosa,Asynaptic,Male,XY,22
Animalia|Insecta|Coleoptera|Buprestidae|Stigmodera|macularia,Animalia,Insecta,Coleoptera,Buprestidae,Stigmodera,macularia,Asynaptic,Male,XY,22
Animalia|Insecta|Coleoptera|Buprestidae|Stigmodera|porosa,Animalia,Insecta,Coleoptera,Buprestidae,Stigmodera,porosa,Asynaptic,Male,XY,22
Animalia|Insecta|Coleoptera|Buprestidae|Stigmodera|roei,Animalia,Insecta,Coleoptera,Buprestidae,Stigmodera,roei,Asynaptic,Male,XY,22
Animalia|Insecta|Coleoptera|Buprestidae|Themognatha|alternata,Animalia,Insecta,Coleoptera,Buprestidae,Themognatha,alternata,Asynaptic,Male,XY,20
Animalia|Insecta|Coleoptera|Buprestidae|Themognatha|barbiventris,Animalia,Insecta,Coleoptera,Buprestidae,Themognatha,barbiventris,Asynaptic,Male,XY,22
Animalia|Insecta|Coleoptera|Buprestidae|Themognatha|bonvouloiri,Animalia,Insecta,Coleoptera,Buprestidae,Themognatha,bonvouloiri,Asynaptic,Male,XY,22
Animalia|Insecta|Coleoptera|Buprestidae|Themognatha|chalcodera,Animalia,Insecta,Coleoptera,Buprestidae,Themognatha,chalcodera,Asynaptic,Male,XY,22
Animalia|Insecta|Coleoptera|Buprestidae|Themognatha|chevrolati,Animalia,Insecta,Coleoptera,Buprestidae,Themognatha,chevrolati,Asynaptic,Male,XY,22
Animalia|Insecta|Coleoptera|Buprestidae|Themognatha|donovani,Animalia,Insecta,Coleoptera,Buprestidae,Themognatha,donovani,Asynaptic,Male,XY,22
Animalia|Insecta|Coleoptera|Buprestidae|Themognatha|heros,Animalia,Insecta,Coleoptera,Buprestidae,Themognatha,heros,Asynaptic,Male,XY,22
Animalia|Insecta|Coleoptera|Buprestidae|Themognatha|mitchelli,Animalia,Insecta,Coleoptera,Buprestidae,Themognatha,mitchelli,Asynaptic,Male,XY,22
Animalia|Insecta|Coleoptera|Buprestidae|Themognatha|mniszechi,Animalia,Insecta,Coleoptera,Buprestidae,Themognatha,mniszechi,Asynaptic,Male,XY,22
Animalia|Insecta|Coleoptera|Buprestidae|Themognatha|nickerli,Animalia,Insecta,Coleoptera,Buprestidae,Themognatha,nickerli,Asynaptic,Male,XY,20
Animalia|Insecta|Coleoptera|Buprestidae|Themognatha|parvicollis,Animalia,Insecta,Coleoptera,Buprestidae,Themognatha,parvicollis,Asynaptic,Male,XY,22
Animalia|Insecta|Coleoptera|Buprestidae|Themognatha|pubicollis,Animalia,Insecta,Coleoptera,Buprestidae,Themognatha,pubicollis,Asynaptic,Male,XY,22
Animalia|Insecta|Coleoptera|Buprestidae|Themognatha|regia,Animalia,Insecta,Coleoptera,Buprestidae,Themognatha,regia,Asynaptic,Male,XY,22
Animalia|Insecta|Coleoptera|Buprestidae|Themognatha|tricolorata,Animalia,Insecta,Coleoptera,Buprestidae,Themognatha,tricolorata,Asynaptic,Male,XY,22
Animalia|Insecta|Coleoptera|Buprestidae|Themognatha|variabilis,Animalia,Insecta,Coleoptera,Buprestidae,Themognatha,variabilis,Asynaptic,Male,XY,22
Animalia|Insecta|Coleoptera|Buprestidae|Themognatha|viridicincta,Animalia,Insecta,Coleoptera,Buprestidae,Themognatha,viridicincta,Asynaptic,Male,XY,22
Animalia|Insecta|Coleoptera|Byrrhidae|Byrrhus|sp.,Animalia,Insecta,Coleoptera,Byrrhidae,Byrrhus,sp.,Asynaptic,Male,XY,18
Animalia|Insecta|Coleoptera|Byrrhidae|Cytilus|alternatus,Animalia,Insecta,Coleoptera,Byrrhidae,Cytilus,alternatus,Asynaptic,Male,XY,18
Animalia|Insecta|Coleoptera|Cantharidae|Cantharis|fusca,Animalia,Insecta,Coleoptera,Cantharidae,Cantharis,fusca,Asynaptic,Male,XY,20
Animalia|Insecta|Coleoptera|Cantharidae|Cantharis|sp.,Animalia,Insecta,Coleoptera,Cantharidae,Cantharis,sp.,Asynaptic,Male,XY,20
Animalia|Insecta|Coleoptera|Cantharidae|Cantharis|tenuicollis,Animalia,Insecta,Coleoptera,Cantharidae,Cantharis,tenuicollis,Asynaptic,Male,XY,20
Animalia|Insecta|Coleoptera|Carabidae|Calathus|ascendens,Animalia,Insecta,Coleoptera,Carabidae,Calathus,ascendens,Asynaptic,Male,NA,22
Animalia|Insecta|Coleoptera|Carabidae|Carabus|blaptoides,Animalia,Insecta,Coleoptera,Carabidae,Carabus,blaptoides,Asynaptic,Male,XY,28
Animalia|Insecta|Coleoptera|Carabidae|Carabus|fruhstorferi,Animalia,Insecta,Coleoptera,Carabidae,Carabus,fruhstorferi,Asynaptic,Male,XY,28
Animalia|Insecta|Coleoptera|Carabidae|Chlaenius|xanthospilus,Animalia,Insecta,Coleoptera,Carabidae,Chlaenius,xanthospilus,Asynaptic,Male,XY,37
Animalia|Insecta|Coleoptera|Carabidae|Cicindela|pimeria,Animalia,Insecta,Coleoptera,Carabidae,Cicindela,pimeria,Asynaptic,Male,NA,20
Animalia|Insecta|Coleoptera|Carabidae|Cicindela|tranquebarica,Animalia,Insecta,Coleoptera,Carabidae,Cicindela,tranquebarica,Asynaptic,Male,NA,22
Animalia|Insecta|Coleoptera|Carabidae|Loxoncus|microgonus,Animalia,Insecta,Coleoptera,Carabidae,Loxoncus,microgonus,Asynaptic,Male,XY,38
Animalia|Insecta|Coleoptera|Carabidae|Tachyura|parvula,Animalia,Insecta,Coleoptera,Carabidae,Tachyura,parvula,Achiasmatic,Male,XY,24
Animalia|Insecta|Coleoptera|Cerambycidae|Acanthocinus|aedilis,Animalia,Insecta,Coleoptera,Cerambycidae,Acanthocinus,aedilis,Asynaptic,Male,XY,22
Animalia|Insecta|Coleoptera|Cerambycidae|Acanthocinus|circumflexus,Animalia,Insecta,Coleoptera,Cerambycidae,Acanthocinus,circumflexus,Asynaptic,Male,XY,26
Animalia|Insecta|Coleoptera|Cerambycidae|Acmaeops|proteus,Animalia,Insecta,Coleoptera,Cerambycidae,Acmaeops,proteus,Asynaptic,Male,XY,22
Animalia|Insecta|Coleoptera|Cerambycidae|Aeloesthes|holosericea,Animalia,Insecta,Coleoptera,Cerambycidae,Aeloesthes,holosericea,Asynaptic,Male,XY,18
Animalia|Insecta|Coleoptera|Cerambycidae|Agapanthia|dahli,Animalia,Insecta,Coleoptera,Cerambycidae,Agapanthia,dahli,Asynaptic,Male,XY,20
Animalia|Insecta|Coleoptera|Cerambycidae|Agapanthia|villosoviridescens,Animalia,Insecta,Coleoptera,Cerambycidae,Agapanthia,villosoviridescens,Asynaptic,Male,XY,20
Animalia|Insecta|Coleoptera|Cerambycidae|Anaesthetis|testacea,Animalia,Insecta,Coleoptera,Cerambycidae,Anaesthetis,testacea,Asynaptic,Male,XY,22
Animalia|Insecta|Coleoptera|Cerambycidae|Anaflus|protensus,Animalia,Insecta,Coleoptera,Cerambycidae,Anaflus,protensus,Asynaptic,Male,XY,20
Animalia|Insecta|Coleoptera|Cerambycidae|Anisarthron|barbipes,Animalia,Insecta,Coleoptera,Cerambycidae,Anisarthron,barbipes,Asynaptic,Male,XY,20
Animalia|Insecta|Coleoptera|Cerambycidae|Anoplophora|glabripennis,Animalia,Insecta,Coleoptera,Cerambycidae,Anoplophora,glabripennis,Asynaptic,Male,XY,20
Animalia|Insecta|Coleoptera|Cerambycidae|Anoplophora|malasiaca,Animalia,Insecta,Coleoptera,Cerambycidae,Anoplophora,malasiaca,Asynaptic,Male,XY,30
Animalia|Insecta|Coleoptera|Cerambycidae|Apomecyna|neglecta,Animalia,Insecta,Coleoptera,Cerambycidae,Apomecyna,neglecta,Asynaptic,Male,XY,22
Animalia|Insecta|Coleoptera|Cerambycidae|Apriona|germari,Animalia,Insecta,Coleoptera,Cerambycidae,Apriona,germari,Asynaptic,Male,XY,20
Animalia|Insecta|Coleoptera|Cerambycidae|Asemum|striatum,Animalia,Insecta,Coleoptera,Cerambycidae,Asemum,striatum,Asynaptic,Male,XY,20
Animalia|Insecta|Coleoptera|Cerambycidae|Batocera|lineolata,Animalia,Insecta,Coleoptera,Cerambycidae,Batocera,lineolata,Asynaptic,Male,XY,20
Animalia|Insecta|Coleoptera|Cerambycidae|Batocera|rubus,Animalia,Insecta,Coleoptera,Cerambycidae,Batocera,rubus,Asynaptic,Male,XY,20
Animalia|Insecta|Coleoptera|Cerambycidae|Callipogon|armillatus,Animalia,Insecta,Coleoptera,Cerambycidae,Callipogon,armillatus,Asynaptic,Male,XY,26
Animalia|Insecta|Coleoptera|Cerambycidae|Cerambyx|scopolii,Animalia,Insecta,Coleoptera,Cerambycidae,Cerambyx,scopolii,Asynaptic,Male,XY,20
Animalia|Insecta|Coleoptera|Cerambycidae|Chlorophorus|annularis,Animalia,Insecta,Coleoptera,Cerambycidae,Chlorophorus,annularis,Asynaptic,Male,XY,20
Animalia|Insecta|Coleoptera|Cerambycidae|Chlorophorus|figuratus,Animalia,Insecta,Coleoptera,Cerambycidae,Chlorophorus,figuratus,Asynaptic,Male,XY,20
Animalia|Insecta|Coleoptera|Cerambycidae|Clytus|arietis,Animalia,Insecta,Coleoptera,Cerambycidae,Clytus,arietis,Asynaptic,Male,XY,20
Animalia|Insecta|Coleoptera|Cerambycidae|Clytus|lama,Animalia,Insecta,Coleoptera,Cerambycidae,Clytus,lama,Asynaptic,Male,XY,20
Animalia|Insecta|Coleoptera|Cerambycidae|Compsa|textilis,Animalia,Insecta,Coleoptera,Cerambycidae,Compsa,textilis,Asynaptic,Male,XY,20
Animalia|Insecta|Coleoptera|Cerambycidae|Compsocerus|equestris,Animalia,Insecta,Coleoptera,Cerambycidae,Compsocerus,equestris,Asynaptic,Male,XY,32
Animalia|Insecta|Coleoptera|Cerambycidae|Criocephalus|rusticus,Animalia,Insecta,Coleoptera,Cerambycidae,Criocephalus,rusticus,Asynaptic,Male,XY,20
Animalia|Insecta|Coleoptera|Cerambycidae|Derancistrus|thomae,Animalia,Insecta,Coleoptera,Cerambycidae,Derancistrus,thomae,Asynaptic,Male,XY,28
Animalia|Insecta|Coleoptera|Cerambycidae|Dorcadion|atolicum,Animalia,Insecta,Coleoptera,Cerambycidae,Dorcadion,atolicum,Asynaptic,Male,XY,24
Animalia|Insecta|Coleoptera|Cerambycidae|Eburia|8-maculata,Animalia,Insecta,Coleoptera,Cerambycidae,Eburia,8-maculata,Asynaptic,Male,XY,20
Animalia|Insecta|Coleoptera|Cerambycidae|Elaphidion|prob.,Animalia,Insecta,Coleoptera,Cerambycidae,Elaphidion,prob.,Asynaptic,Male,XY,18
Animalia|Insecta|Coleoptera|Cerambycidae|Elaphidion|villosum,Animalia,Insecta,Coleoptera,Cerambycidae,Elaphidion,villosum,Asynaptic,Male,XY,18
Animalia|Insecta|Coleoptera|Cerambycidae|Epiglenea|comes,Animalia,Insecta,Coleoptera,Cerambycidae,Epiglenea,comes,Asynaptic,Male,XY,20
Animalia|Insecta|Coleoptera|Cerambycidae|Eutrapha|16-punctata,Animalia,Insecta,Coleoptera,Cerambycidae,Eutrapha,16-punctata,Asynaptic,Male,XY,20
Animalia|Insecta|Coleoptera|Cerambycidae|Exocentrus|adspersus,Animalia,Insecta,Coleoptera,Cerambycidae,Exocentrus,adspersus,Asynaptic,Male,XY,26
Animalia|Insecta|Coleoptera|Cerambycidae|Exocentrus|lusitanus,Animalia,Insecta,Coleoptera,Cerambycidae,Exocentrus,lusitanus,Asynaptic,Male,XY,22
Animalia|Insecta|Coleoptera|Cerambycidae|Exocentrus|punctipennis,Animalia,Insecta,Coleoptera,Cerambycidae,Exocentrus,punctipennis,Asynaptic,Male,XY,22
Animalia|Insecta|Coleoptera|Cerambycidae|Glenea|spilota,Animalia,Insecta,Coleoptera,Cerambycidae,Glenea,spilota,Asynaptic,Male,XY,20
Animalia|Insecta|Coleoptera|Cerambycidae|Gonocallus|collaris,Animalia,Insecta,Coleoptera,Cerambycidae,Gonocallus,collaris,Asynaptic,Male,XY,14
Animalia|Insecta|Coleoptera|Cerambycidae|Graphisurus|obsoletus,Animalia,Insecta,Coleoptera,Cerambycidae,Graphisurus,obsoletus,Asynaptic,Male,XY,20
Animalia|Insecta|Coleoptera|Cerambycidae|Lagochirus|araeiformis,Animalia,Insecta,Coleoptera,Cerambycidae,Lagochirus,araeiformis,Asynaptic,Male,XY,24
Animalia|Insecta|Coleoptera|Cerambycidae|Leptostylus|sp.,Animalia,Insecta,Coleoptera,Cerambycidae,Leptostylus,sp.,Asynaptic,Male,XY,20
Animalia|Insecta|Coleoptera|Cerambycidae|Liopus|nebulosus,Animalia,Insecta,Coleoptera,Cerambycidae,Liopus,nebulosus,Asynaptic,Male,XY,22
Animalia|Insecta|Coleoptera|Cerambycidae|Mesosa|nebulosa,Animalia,Insecta,Coleoptera,Cerambycidae,Mesosa,nebulosa,Asynaptic,Male,XY,20
Animalia|Insecta|Coleoptera|Cerambycidae|Mesosa|senilis,Animalia,Insecta,Coleoptera,Cerambycidae,Mesosa,senilis,Asynaptic,Male,XY,20
Animalia|Insecta|Coleoptera|Cerambycidae|Molorchus|umbellatarum,Animalia,Insecta,Coleoptera,Cerambycidae,Molorchus,umbellatarum,Asynaptic,Male,XY,20
Animalia|Insecta|Coleoptera|Cerambycidae|Monochamus|alternatus,Animalia,Insecta,Coleoptera,Cerambycidae,Monochamus,alternatus,Asynaptic,Male,XY,20
Animalia|Insecta|Coleoptera|Cerambycidae|Monochamus|galloprovinciallis,Animalia,Insecta,Coleoptera,Cerambycidae,Monochamus,galloprovinciallis,Asynaptic,Male,XY,22
Animalia|Insecta|Coleoptera|Cerambycidae|Monochamus|latus,Animalia,Insecta,Coleoptera,Cerambycidae,Monochamus,latus,Asynaptic,Male,NA,20
Animalia|Insecta|Coleoptera|Cerambycidae|Monochamus|marmorator,Animalia,Insecta,Coleoptera,Cerambycidae,Monochamus,marmorator,Asynaptic,Male,XY,20
Animalia|Insecta|Coleoptera|Cerambycidae|Monochamus|notatus,Animalia,Insecta,Coleoptera,Cerambycidae,Monochamus,notatus,Asynaptic,Male,XY,20
Animalia|Insecta|Coleoptera|Cerambycidae|Monochamus|oregonensis,Animalia,Insecta,Coleoptera,Cerambycidae,Monochamus,oregonensis,Asynaptic,Male,XY,20
Animalia|Insecta|Coleoptera|Cerambycidae|Monochamus|saltuarius,Animalia,Insecta,Coleoptera,Cerambycidae,Monochamus,saltuarius,Asynaptic,Male,XY,20
Animalia|Insecta|Coleoptera|Cerambycidae|Monochamus|sartor,Animalia,Insecta,Coleoptera,Cerambycidae,Monochamus,sartor,Asynaptic,Male,XY,24
Animalia|Insecta|Coleoptera|Cerambycidae|Monochamus|scutellatus,Animalia,Insecta,Coleoptera,Cerambycidae,Monochamus,scutellatus,Asynaptic,Male,XY,20
Animalia|Insecta|Coleoptera|Cerambycidae|Monochamus|sutor,Animalia,Insecta,Coleoptera,Cerambycidae,Monochamus,sutor,Asynaptic,Male,XY,20
Animalia|Insecta|Coleoptera|Cerambycidae|Morimus|orientalis,Animalia,Insecta,Coleoptera,Cerambycidae,Morimus,orientalis,Asynaptic,Male,XY,24
Animalia|Insecta|Coleoptera|Cerambycidae|Nusphera|madurensis,Animalia,Insecta,Coleoptera,Cerambycidae,Nusphera,madurensis,Asynaptic,Male,XY,22
Animalia|Insecta|Coleoptera|Cerambycidae|Oberea|affinis,Animalia,Insecta,Coleoptera,Cerambycidae,Oberea,affinis,Asynaptic,Male,XY,20
Animalia|Insecta|Coleoptera|Cerambycidae|Oberea|mandari,Animalia,Insecta,Coleoptera,Cerambycidae,Oberea,mandari,Asynaptic,Male,XY,20
Animalia|Insecta|Coleoptera|Cerambycidae|Oberea|oculata,Animalia,Insecta,Coleoptera,Cerambycidae,Oberea,oculata,Asynaptic,Male,XY,20
Animalia|Insecta|Coleoptera|Cerambycidae|Oberea|sp.,Animalia,Insecta,Coleoptera,Cerambycidae,Oberea,sp.,Asynaptic,Male,XY,20
Animalia|Insecta|Coleoptera|Cerambycidae|Oberea|tripunctata,Animalia,Insecta,Coleoptera,Cerambycidae,Oberea,tripunctata,Asynaptic,Male,XY,20
Animalia|Insecta|Coleoptera|Cerambycidae|Olenecamptus|cretaceusmargitus,Animalia,Insecta,Coleoptera,Cerambycidae,Olenecamptus,cretaceusmargitus,Asynaptic,Male,XY,20
Animalia|Insecta|Coleoptera|Cerambycidae|Olenecamptus|octopustulatus,Animalia,Insecta,Coleoptera,Cerambycidae,Olenecamptus,octopustulatus,Asynaptic,Male,XY,20
Animalia|Insecta|Coleoptera|Cerambycidae|Olenocamptus|bilobus,Animalia,Insecta,Coleoptera,Cerambycidae,Olenocamptus,bilobus,Asynaptic,Male,XY,18
Animalia|Insecta|Coleoptera|Cerambycidae|Olenocamptus|sp.,Animalia,Insecta,Coleoptera,Cerambycidae,Olenocamptus,sp.,Asynaptic,Male,XY,18
Animalia|Insecta|Coleoptera|Cerambycidae|Phaea|sp.,Animalia,Insecta,Coleoptera,Cerambycidae,Phaea,sp.,Asynaptic,Male,XY,20
Animalia|Insecta|Coleoptera|Cerambycidae|Phymatodes|maaki,Animalia,Insecta,Coleoptera,Cerambycidae,Phymatodes,maaki,Asynaptic,Male,XY,20
Animalia|Insecta|Coleoptera|Cerambycidae|Phytoecia|coerulescens,Animalia,Insecta,Coleoptera,Cerambycidae,Phytoecia,coerulescens,Asynaptic,Male,XY,20
Animalia|Insecta|Coleoptera|Cerambycidae|Phytoecia|nigricornis,Animalia,Insecta,Coleoptera,Cerambycidae,Phytoecia,nigricornis,Asynaptic,Male,XY,20
Animalia|Insecta|Coleoptera|Cerambycidae|Plagionotus|arcuatus,Animalia,Insecta,Coleoptera,Cerambycidae,Plagionotus,arcuatus,Asynaptic,Male,XY,20
Animalia|Insecta|Coleoptera|Cerambycidae|Pogonocherus|hispidulus,Animalia,Insecta,Coleoptera,Cerambycidae,Pogonocherus,hispidulus,Asynaptic,Male,XY,20
Animalia|Insecta|Coleoptera|Cerambycidae|Pogonocherus|hispidus,Animalia,Insecta,Coleoptera,Cerambycidae,Pogonocherus,hispidus,Asynaptic,Male,XY,20
Animalia|Insecta|Coleoptera|Cerambycidae|Pogonocherus|penicellatus,Animalia,Insecta,Coleoptera,Cerambycidae,Pogonocherus,penicellatus,Asynaptic,Male,XY,20
Animalia|Insecta|Coleoptera|Cerambycidae|Psenocerus|supernotatus,Animalia,Insecta,Coleoptera,Cerambycidae,Psenocerus,supernotatus,Asynaptic,Male,XY,20
Animalia|Insecta|Coleoptera|Cerambycidae|Pterolophia|caudata,Animalia,Insecta,Coleoptera,Cerambycidae,Pterolophia,caudata,Asynaptic,Male,XY,20
Animalia|Insecta|Coleoptera|Cerambycidae|Purpuricenus|indus,Animalia,Insecta,Coleoptera,Cerambycidae,Purpuricenus,indus,Asynaptic,Male,XY,28
Animalia|Insecta|Coleoptera|Cerambycidae|Rhagium|bifasciatum,Animalia,Insecta,Coleoptera,Cerambycidae,Rhagium,bifasciatum,Asynaptic,Male,XY,20
Animalia|Insecta|Coleoptera|Cerambycidae|Rhagium|inquiSitonar,Animalia,Insecta,Coleoptera,Cerambycidae,Rhagium,inquiSitonar,Asynaptic,Male,XY,20
Animalia|Insecta|Coleoptera|Cerambycidae|Saperda|calcarata,Animalia,Insecta,Coleoptera,Cerambycidae,Saperda,calcarata,Asynaptic,Male,XY,20
Animalia|Insecta|Coleoptera|Cerambycidae|Saperda|moesta,Animalia,Insecta,Coleoptera,Cerambycidae,Saperda,moesta,Asynaptic,Male,XY,20
Animalia|Insecta|Coleoptera|Cerambycidae|Saperda|perforata,Animalia,Insecta,Coleoptera,Cerambycidae,Saperda,perforata,Asynaptic,Male,XY,20
Animalia|Insecta|Coleoptera|Cerambycidae|Saperda|populnea,Animalia,Insecta,Coleoptera,Cerambycidae,Saperda,populnea,Asynaptic,Male,XY,20
Animalia|Insecta|Coleoptera|Cerambycidae|Saperda|scalaris,Animalia,Insecta,Coleoptera,Cerambycidae,Saperda,scalaris,Asynaptic,Male,XY,20
Animalia|Insecta|Coleoptera|Cerambycidae|Saphanus|piceus,Animalia,Insecta,Coleoptera,Cerambycidae,Saphanus,piceus,Asynaptic,Male,XY,20
Animalia|Insecta|Coleoptera|Cerambycidae|Solenoptera|caliculata,Animalia,Insecta,Coleoptera,Cerambycidae,Solenoptera,caliculata,Asynaptic,Male,XY,26
Animalia|Insecta|Coleoptera|Cerambycidae|Solenoptera|maxillosum,Animalia,Insecta,Coleoptera,Cerambycidae,Solenoptera,maxillosum,Asynaptic,Male,XY,26
Animalia|Insecta|Coleoptera|Cerambycidae|Solenoptera|quadrilineata,Animalia,Insecta,Coleoptera,Cerambycidae,Solenoptera,quadrilineata,Asynaptic,Male,XY,26
Animalia|Insecta|Coleoptera|Cerambycidae|Solenoptera|touroulti,Animalia,Insecta,Coleoptera,Cerambycidae,Solenoptera,touroulti,Asynaptic,Male,XY,26
Animalia|Insecta|Coleoptera|Cerambycidae|Spondylis|buprestoides,Animalia,Insecta,Coleoptera,Cerambycidae,Spondylis,buprestoides,Asynaptic,Male,XY,30
Animalia|Insecta|Coleoptera|Cerambycidae|Steirastoma|brevis,Animalia,Insecta,Coleoptera,Cerambycidae,Steirastoma,brevis,Asynaptic,Male,XY,28
Animalia|Insecta|Coleoptera|Cerambycidae|Stenodontes|spinibaris,Animalia,Insecta,Coleoptera,Cerambycidae,Stenodontes,spinibaris,Asynaptic,Male,XY,26
Animalia|Insecta|Coleoptera|Cerambycidae|Stenostola|ferrea,Animalia,Insecta,Coleoptera,Cerambycidae,Stenostola,ferrea,Asynaptic,Male,XY,20
Animalia|Insecta|Coleoptera|Cerambycidae|Stenygra|histrio,Animalia,Insecta,Coleoptera,Cerambycidae,Stenygra,histrio,Asynaptic,Male,XY,20
Animalia|Insecta|Coleoptera|Cerambycidae|Tetraopes|tetropthamus,Animalia,Insecta,Coleoptera,Cerambycidae,Tetraopes,tetropthamus,Asynaptic,Male,XY,20
Animalia|Insecta|Coleoptera|Cerambycidae|Tetropium|castaneum,Animalia,Insecta,Coleoptera,Cerambycidae,Tetropium,castaneum,Asynaptic,Male,XY,24
Animalia|Insecta|Coleoptera|Cerambycidae|Tetropium|fuscum,Animalia,Insecta,Coleoptera,Cerambycidae,Tetropium,fuscum,Asynaptic,Male,XY,22
Animalia|Insecta|Coleoptera|Cerambycidae|Tetropium|gabrieli,Animalia,Insecta,Coleoptera,Cerambycidae,Tetropium,gabrieli,Asynaptic,Male,XY,24
Animalia|Insecta|Coleoptera|Cerambycidae|Tetrops|praeusta,Animalia,Insecta,Coleoptera,Cerambycidae,Tetrops,praeusta,Asynaptic,Male,XY,20
Animalia|Insecta|Coleoptera|Cerambycidae|Trachyderes|striatus,Animalia,Insecta,Coleoptera,Cerambycidae,Trachyderes,striatus,Asynaptic,Male,XY,22
Animalia|Insecta|Coleoptera|Cerambycidae|Trachyderes|thoracicus,Animalia,Insecta,Coleoptera,Cerambycidae,Trachyderes,thoracicus,Asynaptic,Male,XY,32
Animalia|Insecta|Coleoptera|Cerambycidae|Trichophorus|interrogationes,Animalia,Insecta,Coleoptera,Cerambycidae,Trichophorus,interrogationes,Asynaptic,Male,XY,20
Animalia|Insecta|Coleoptera|Cerambycidae|Vesperus|xatari,Animalia,Insecta,Coleoptera,Cerambycidae,Vesperus,xatari,Asynaptic,Male,NA,52
Animalia|Insecta|Coleoptera|Cerambycidae|Xylotrechus|smei,Animalia,Insecta,Coleoptera,Cerambycidae,Xylotrechus,smei,Asynaptic,Male,XY,20
Animalia|Insecta|Coleoptera|Chrysomelidae|Agathomerus|sellatus,Animalia,Insecta,Coleoptera,Chrysomelidae,Agathomerus,sellatus,Asynaptic,Male,XY,20
Animalia|Insecta|Coleoptera|Chrysomelidae|Agathomerus|subfasciatus,Animalia,Insecta,Coleoptera,Chrysomelidae,Agathomerus,subfasciatus,Asynaptic,Male,XY,20
Animalia|Insecta|Coleoptera|Chrysomelidae|Agathomerus|testaceus,Animalia,Insecta,Coleoptera,Chrysomelidae,Agathomerus,testaceus,Asynaptic,Male,XY,20
Animalia|Insecta|Coleoptera|Chrysomelidae|Agelastica|coerulea,Animalia,Insecta,Coleoptera,Chrysomelidae,Agelastica,coerulea,Asynaptic,Male,XY,24
Animalia|Insecta|Coleoptera|Chrysomelidae|Agroiconota|inedita,Animalia,Insecta,Coleoptera,Chrysomelidae,Agroiconota,inedita,Asynaptic,Male,XY,40
Animalia|Insecta|Coleoptera|Chrysomelidae|Agroiconota|propinqua,Animalia,Insecta,Coleoptera,Chrysomelidae,Agroiconota,propinqua,Asynaptic,Male,XY,38
Animalia|Insecta|Coleoptera|Chrysomelidae|Alagoasa|acutangula,Animalia,Insecta,Coleoptera,Chrysomelidae,Alagoasa,acutangula,Asynaptic,Male,XY,22
Animalia|Insecta|Coleoptera|Chrysomelidae|Alagoasa|apicata,Animalia,Insecta,Coleoptera,Chrysomelidae,Alagoasa,apicata,Asynaptic,Male,XY,22
Animalia|Insecta|Coleoptera|Chrysomelidae|Alagoasa|arcifera,Animalia,Insecta,Coleoptera,Chrysomelidae,Alagoasa,arcifera,Asynaptic,Male,XY,16
Animalia|Insecta|Coleoptera|Chrysomelidae|Alagoasa|bicolor,Animalia,Insecta,Coleoptera,Chrysomelidae,Alagoasa,bicolor,Asynaptic,Male,XY,22
Animalia|Insecta|Coleoptera|Chrysomelidae|Alagoasa|bipunctata,Animalia,Insecta,Coleoptera,Chrysomelidae,Alagoasa,bipunctata,Asynaptic,Male,XY,22
Animalia|Insecta|Coleoptera|Chrysomelidae|Alagoasa|burmeisteri,Animalia,Insecta,Coleoptera,Chrysomelidae,Alagoasa,burmeisteri,Asynaptic,Male,XY,22
Animalia|Insecta|Coleoptera|Chrysomelidae|Alagoasa|ceracollis,Animalia,Insecta,Coleoptera,Chrysomelidae,Alagoasa,ceracollis,Asynaptic,Male,XY,22
Animalia|Insecta|Coleoptera|Chrysomelidae|Alagoasa|decemguttata,Animalia,Insecta,Coleoptera,Chrysomelidae,Alagoasa,decemguttata,Asynaptic,Male,XY,22
Animalia|Insecta|Coleoptera|Chrysomelidae|Alagoasa|dipus,Animalia,Insecta,Coleoptera,Chrysomelidae,Alagoasa,dipus,Asynaptic,Male,XY,22
Animalia|Insecta|Coleoptera|Chrysomelidae|Alagoasa|dissepta,Animalia,Insecta,Coleoptera,Chrysomelidae,Alagoasa,dissepta,Asynaptic,Male,XY,22
Animalia|Insecta|Coleoptera|Chrysomelidae|Alagoasa|equestris,Animalia,Insecta,Coleoptera,Chrysomelidae,Alagoasa,equestris,Asynaptic,Male,XY,12
Animalia|Insecta|Coleoptera|Chrysomelidae|Alagoasa|extrema,Animalia,Insecta,Coleoptera,Chrysomelidae,Alagoasa,extrema,Asynaptic,Male,XY,22
Animalia|Insecta|Coleoptera|Chrysomelidae|Alagoasa|fasciaticollis,Animalia,Insecta,Coleoptera,Chrysomelidae,Alagoasa,fasciaticollis,Asynaptic,Male,XY,22
Animalia|Insecta|Coleoptera|Chrysomelidae|Alagoasa|illustris,Animalia,Insecta,Coleoptera,Chrysomelidae,Alagoasa,illustris,Asynaptic,Male,XY,22
Animalia|Insecta|Coleoptera|Chrysomelidae|Alagoasa|januaria,Animalia,Insecta,Coleoptera,Chrysomelidae,Alagoasa,januaria,Asynaptic,Male,XY,22
Animalia|Insecta|Coleoptera|Chrysomelidae|Alagoasa|jufi,Animalia,Insecta,Coleoptera,Chrysomelidae,Alagoasa,jufi,Asynaptic,Male,XY,22
Animalia|Insecta|Coleoptera|Chrysomelidae|Alagoasa|libenti,Animalia,Insecta,Coleoptera,Chrysomelidae,Alagoasa,libenti,Asynaptic,Male,XY,22
Animalia|Insecta|Coleoptera|Chrysomelidae|Alagoasa|mella,Animalia,Insecta,Coleoptera,Chrysomelidae,Alagoasa,mella,Asynaptic,Male,XY,22
Animalia|Insecta|Coleoptera|Chrysomelidae|Alagoasa|posticalis,Animalia,Insecta,Coleoptera,Chrysomelidae,Alagoasa,posticalis,Asynaptic,Male,XY,22
Animalia|Insecta|Coleoptera|Chrysomelidae|Alagoasa|rotundicollis,Animalia,Insecta,Coleoptera,Chrysomelidae,Alagoasa,rotundicollis,Asynaptic,Male,XY,22
Animalia|Insecta|Coleoptera|Chrysomelidae|Alagoasa|sp.,Animalia,Insecta,Coleoptera,Chrysomelidae,Alagoasa,sp.,Asynaptic,Male,XY,22
Animalia|Insecta|Coleoptera|Chrysomelidae|Alagoasa|trifasciata,Animalia,Insecta,Coleoptera,Chrysomelidae,Alagoasa,trifasciata,Asynaptic,Male,XY,22
Animalia|Insecta|Coleoptera|Chrysomelidae|Alagosa|trifasciatavulgatissima,Animalia,Insecta,Coleoptera,Chrysomelidae,Alagosa,trifasciata vulgatissima,Achiasmatic,Male,NA,0
Animalia|Insecta|Coleoptera|Chrysomelidae|Altica|aenea,Animalia,Insecta,Coleoptera,Chrysomelidae,Altica,aenea,Asynaptic,Male,XY,24
Animalia|Insecta|Coleoptera|Chrysomelidae|Altica|ambiens,Animalia,Insecta,Coleoptera,Chrysomelidae,Altica,ambiens,Asynaptic,Male,XY,24
Animalia|Insecta|Coleoptera|Chrysomelidae|Altica|amethysti,Animalia,Insecta,Coleoptera,Chrysomelidae,Altica,amethysti,Asynaptic,Male,XY,24
Animalia|Insecta|Coleoptera|Chrysomelidae|Altica|ampelophaga,Animalia,Insecta,Coleoptera,Chrysomelidae,Altica,ampelophaga,Asynaptic,Male,XY,24
Animalia|Insecta|Coleoptera|Chrysomelidae|Altica|brevicollis,Animalia,Insecta,Coleoptera,Chrysomelidae,Altica,brevicollis,Asynaptic,Male,XY,24
Animalia|Insecta|Coleoptera|Chrysomelidae|Altica|carduorum,Animalia,Insecta,Coleoptera,Chrysomelidae,Altica,carduorum,Asynaptic,Male,XY,24
Animalia|Insecta|Coleoptera|Chrysomelidae|Altica|carita,Animalia,Insecta,Coleoptera,Chrysomelidae,Altica,carita,Asynaptic,Male,XY,24
Animalia|Insecta|Coleoptera|Chrysomelidae|Altica|chalybea,Animalia,Insecta,Coleoptera,Chrysomelidae,Altica,chalybea,Asynaptic,Male,XY,22
Animalia|Insecta|Coleoptera|Chrysomelidae|Altica|coerulea,Animalia,Insecta,Coleoptera,Chrysomelidae,Altica,coerulea,Asynaptic,Male,XY,22
Animalia|Insecta|Coleoptera|Chrysomelidae|Altica|coerulescens,Animalia,Insecta,Coleoptera,Chrysomelidae,Altica,coerulescens,Asynaptic,Male,XY,24
Animalia|Insecta|Coleoptera|Chrysomelidae|Altica|corni,Animalia,Insecta,Coleoptera,Chrysomelidae,Altica,corni,Asynaptic,Male,XY,24
Animalia|Insecta|Coleoptera|Chrysomelidae|Altica|lythri,Animalia,Insecta,Coleoptera,Chrysomelidae,Altica,lythri,Asynaptic,Male,XY,24
Animalia|Insecta|Coleoptera|Chrysomelidae|Altica|oleeracea,Animalia,Insecta,Coleoptera,Chrysomelidae,Altica,oleeracea,Asynaptic,Male,XY,24
Animalia|Insecta|Coleoptera|Chrysomelidae|Altica|populi,Animalia,Insecta,Coleoptera,Chrysomelidae,Altica,populi,Asynaptic,Male,XY,24
Animalia|Insecta|Coleoptera|Chrysomelidae|Altica|rosae,Animalia,Insecta,Coleoptera,Chrysomelidae,Altica,rosae,Asynaptic,Male,XY,24
Animalia|Insecta|Coleoptera|Chrysomelidae|Altica|sp.,Animalia,Insecta,Coleoptera,Chrysomelidae,Altica,sp.,Asynaptic,Male,NA,26
Animalia|Insecta|Coleoptera|Chrysomelidae|Altica|subplicata,Animalia,Insecta,Coleoptera,Chrysomelidae,Altica,subplicata,Asynaptic,Male,XY,24
Animalia|Insecta|Coleoptera|Chrysomelidae|Altica|tamaricis,Animalia,Insecta,Coleoptera,Chrysomelidae,Altica,tamaricis,Asynaptic,Male,XY,24
Animalia|Insecta|Coleoptera|Chrysomelidae|Altica|tincta?,Animalia,Insecta,Coleoptera,Chrysomelidae,Altica,tincta?,Asynaptic,Male,XY,24
Animalia|Insecta|Coleoptera|Chrysomelidae|Altica|ulmi,Animalia,Insecta,Coleoptera,Chrysomelidae,Altica,ulmi,Asynaptic,Male,XY,24
Animalia|Insecta|Coleoptera|Chrysomelidae|Ambrostoma|superbum,Animalia,Insecta,Coleoptera,Chrysomelidae,Ambrostoma,superbum,Asynaptic,Male,XY,40
Animalia|Insecta|Coleoptera|Chrysomelidae|Aphthona|lamprocyanea,Animalia,Insecta,Coleoptera,Chrysomelidae,Aphthona,lamprocyanea,Asynaptic,Male,XY,24
Animalia|Insecta|Coleoptera|Chrysomelidae|Apophylia|sericea,Animalia,Insecta,Coleoptera,Chrysomelidae,Apophylia,sericea,Asynaptic,Male,XY,30
Animalia|Insecta|Coleoptera|Chrysomelidae|Araucanomela|wellingtonensis,Animalia,Insecta,Coleoptera,Chrysomelidae,Araucanomela,wellingtonensis,Asynaptic,Male,XY,28
Animalia|Insecta|Coleoptera|Chrysomelidae|Asphaera|abdomilis,Animalia,Insecta,Coleoptera,Chrysomelidae,Asphaera,abdomilis,Asynaptic,Male,XY,22
Animalia|Insecta|Coleoptera|Chrysomelidae|Asphaera|meticulosa,Animalia,Insecta,Coleoptera,Chrysomelidae,Asphaera,meticulosa,Asynaptic,Male,XY,22
Animalia|Insecta|Coleoptera|Chrysomelidae|Asphaera|octopunctata,Animalia,Insecta,Coleoptera,Chrysomelidae,Asphaera,octopunctata,Asynaptic,Male,XY,18
Animalia|Insecta|Coleoptera|Chrysomelidae|Asphaera|pauperata,Animalia,Insecta,Coleoptera,Chrysomelidae,Asphaera,pauperata,Asynaptic,Male,XY,18
Animalia|Insecta|Coleoptera|Chrysomelidae|Asphaera|unicolor,Animalia,Insecta,Coleoptera,Chrysomelidae,Asphaera,unicolor,Asynaptic,Male,XY,22
Animalia|Insecta|Coleoptera|Chrysomelidae|Aspidimorpha|difformis,Animalia,Insecta,Coleoptera,Chrysomelidae,Aspidimorpha,difformis,Asynaptic,Male,XY,18
Animalia|Insecta|Coleoptera|Chrysomelidae|Aspidimorpha|dorsata,Animalia,Insecta,Coleoptera,Chrysomelidae,Aspidimorpha,dorsata,Asynaptic,Male,XY,16
Animalia|Insecta|Coleoptera|Chrysomelidae|Aspidimorpha|furcata,Animalia,Insecta,Coleoptera,Chrysomelidae,Aspidimorpha,furcata,Asynaptic,Male,XY,18
Animalia|Insecta|Coleoptera|Chrysomelidae|Aspidimorpha|indica,Animalia,Insecta,Coleoptera,Chrysomelidae,Aspidimorpha,indica,Asynaptic,Male,XY,18
Animalia|Insecta|Coleoptera|Chrysomelidae|Aspidimorpha|miliaris,Animalia,Insecta,Coleoptera,Chrysomelidae,Aspidimorpha,miliaris,Asynaptic,Male,XY,18
Animalia|Insecta|Coleoptera|Chrysomelidae|Aulacophora|fovecollis,Animalia,Insecta,Coleoptera,Chrysomelidae,Aulacophora,fovecollis,Asynaptic,Male,XY,30
Animalia|Insecta|Coleoptera|Chrysomelidae|Baliosus|californicus,Animalia,Insecta,Coleoptera,Chrysomelidae,Baliosus,californicus,Asynaptic,Male,XY,18
Animalia|Insecta|Coleoptera|Chrysomelidae|Basilepta|balyi,Animalia,Insecta,Coleoptera,Chrysomelidae,Basilepta,balyi,Asynaptic,Male,XY,28
Animalia|Insecta|Coleoptera|Chrysomelidae|Basilepta|fuvipes,Animalia,Insecta,Coleoptera,Chrysomelidae,Basilepta,fuvipes,Asynaptic,Male,XY,28
Animalia|Insecta|Coleoptera|Chrysomelidae|Basilepta|obliteratum,Animalia,Insecta,Coleoptera,Chrysomelidae,Basilepta,obliteratum,Asynaptic,Male,XY,24
Animalia|Insecta|Coleoptera|Chrysomelidae|Basiprionota|decemmaculata,Animalia,Insecta,Coleoptera,Chrysomelidae,Basiprionota,decemmaculata,Asynaptic,Male,XY,18
Animalia|Insecta|Coleoptera|Chrysomelidae|Blaptea|elguetai,Animalia,Insecta,Coleoptera,Chrysomelidae,Blaptea,elguetai,Asynaptic,Male,XY,28
Animalia|Insecta|Coleoptera|Chrysomelidae|Blepharida|rhois,Animalia,Insecta,Coleoptera,Chrysomelidae,Blepharida,rhois,Asynaptic,Male,XY,32
Animalia|Insecta|Coleoptera|Chrysomelidae|Botanochara|boriensis,Animalia,Insecta,Coleoptera,Chrysomelidae,Botanochara,boriensis,Asynaptic,Male,NA,26
Animalia|Insecta|Coleoptera|Chrysomelidae|Botanochara|tesselata,Animalia,Insecta,Coleoptera,Chrysomelidae,Botanochara,tesselata,Asynaptic,Male,XY,36
Animalia|Insecta|Coleoptera|Chrysomelidae|Bromius|obscurus,Animalia,Insecta,Coleoptera,Chrysomelidae,Bromius,obscurus,Asynaptic,Male,XY,16
Animalia|Insecta|Coleoptera|Chrysomelidae|Bruchidius|albizziae,Animalia,Insecta,Coleoptera,Chrysomelidae,Bruchidius,albizziae,Asynaptic,Male,XY,22
Animalia|Insecta|Coleoptera|Chrysomelidae|Bruchidius|aureus,Animalia,Insecta,Coleoptera,Chrysomelidae,Bruchidius,aureus,Asynaptic,Male,XY,20
Animalia|Insecta|Coleoptera|Chrysomelidae|Bruchidius|dimorphous,Animalia,Insecta,Coleoptera,Chrysomelidae,Bruchidius,dimorphous,Asynaptic,Male,XY,20
Animalia|Insecta|Coleoptera|Chrysomelidae|Bruchidius|mimosae,Animalia,Insecta,Coleoptera,Chrysomelidae,Bruchidius,mimosae,Asynaptic,Male,XY,22
Animalia|Insecta|Coleoptera|Chrysomelidae|Bruchidius|multilineolatus,Animalia,Insecta,Coleoptera,Chrysomelidae,Bruchidius,multilineolatus,Asynaptic,Male,XY,20
Animalia|Insecta|Coleoptera|Chrysomelidae|Bruchidius|saundersi,Animalia,Insecta,Coleoptera,Chrysomelidae,Bruchidius,saundersi,Asynaptic,Male,XY,20
Animalia|Insecta|Coleoptera|Chrysomelidae|Bruchidius|sp.,Animalia,Insecta,Coleoptera,Chrysomelidae,Bruchidius,sp.,Asynaptic,Male,XY,22
Animalia|Insecta|Coleoptera|Chrysomelidae|Bruchidius|urbanus,Animalia,Insecta,Coleoptera,Chrysomelidae,Bruchidius,urbanus,Asynaptic,Male,XY,20
Animalia|Insecta|Coleoptera|Chrysomelidae|Bruchus|pisorum,Animalia,Insecta,Coleoptera,Chrysomelidae,Bruchus,pisorum,Asynaptic,Male,XY,20
Animalia|Insecta|Coleoptera|Chrysomelidae|Calligrapha|multipunctata,Animalia,Insecta,Coleoptera,Chrysomelidae,Calligrapha,multipunctata,Asynaptic,Male,XY,24
Animalia|Insecta|Coleoptera|Chrysomelidae|Calligrapha|polyspila,Animalia,Insecta,Coleoptera,Chrysomelidae,Calligrapha,polyspila,Asynaptic,Male,XY,24
Animalia|Insecta|Coleoptera|Chrysomelidae|Callosobruchus|alis,Animalia,Insecta,Coleoptera,Chrysomelidae,Callosobruchus,alis,Asynaptic,Male,XY,20
Animalia|Insecta|Coleoptera|Chrysomelidae|Callosobruchus|chinensis,Animalia,Insecta,Coleoptera,Chrysomelidae,Callosobruchus,chinensis,Asynaptic,Male,XY,20
Animalia|Insecta|Coleoptera|Chrysomelidae|Callosobruchus|maculatus,Animalia,Insecta,Coleoptera,Chrysomelidae,Callosobruchus,maculatus,Asynaptic,Male,XY,20
Animalia|Insecta|Coleoptera|Chrysomelidae|Capraita|egleri,Animalia,Insecta,Coleoptera,Chrysomelidae,Capraita,egleri,Asynaptic,Male,XY,22
Animalia|Insecta|Coleoptera|Chrysomelidae|Capraita|sp.,Animalia,Insecta,Coleoptera,Chrysomelidae,Capraita,sp.,Asynaptic,Male,XY,22
Animalia|Insecta|Coleoptera|Chrysomelidae|Capraita|strichocephala,Animalia,Insecta,Coleoptera,Chrysomelidae,Capraita,strichocephala,Asynaptic,Male,XY,22
Animalia|Insecta|Coleoptera|Chrysomelidae|Capraita|trinidadensis,Animalia,Insecta,Coleoptera,Chrysomelidae,Capraita,trinidadensis,Asynaptic,Male,XY,22
Animalia|Insecta|Coleoptera|Chrysomelidae|Caryedon|acaciae,Animalia,Insecta,Coleoptera,Chrysomelidae,Caryedon,acaciae,Asynaptic,Male,XY,18
Animalia|Insecta|Coleoptera|Chrysomelidae|Caryedon|gogra,Animalia,Insecta,Coleoptera,Chrysomelidae,Caryedon,gogra,Asynaptic,Male,XY,18
Animalia|Insecta|Coleoptera|Chrysomelidae|Caryedon|lineatonota,Animalia,Insecta,Coleoptera,Chrysomelidae,Caryedon,lineatonota,Asynaptic,Male,XY,20
Animalia|Insecta|Coleoptera|Chrysomelidae|Caryedon|longus,Animalia,Insecta,Coleoptera,Chrysomelidae,Caryedon,longus,Asynaptic,Male,XY,18
Animalia|Insecta|Coleoptera|Chrysomelidae|Caryedon|opacus,Animalia,Insecta,Coleoptera,Chrysomelidae,Caryedon,opacus,Asynaptic,Male,XY,18
Animalia|Insecta|Coleoptera|Chrysomelidae|Caryedon|prosopius,Animalia,Insecta,Coleoptera,Chrysomelidae,Caryedon,prosopius,Asynaptic,Male,XY,18
Animalia|Insecta|Coleoptera|Chrysomelidae|Caryedon|serratus,Animalia,Insecta,Coleoptera,Chrysomelidae,Caryedon,serratus,Asynaptic,Male,XY,18
Animalia|Insecta|Coleoptera|Chrysomelidae|Caryedon|sp.,Animalia,Insecta,Coleoptera,Chrysomelidae,Caryedon,sp.,Asynaptic,Male,XY,20
Animalia|Insecta|Coleoptera|Chrysomelidae|Cassida|azurea,Animalia,Insecta,Coleoptera,Chrysomelidae,Cassida,azurea,Asynaptic,Male,XY,18
Animalia|Insecta|Coleoptera|Chrysomelidae|Cassida|bergeali,Animalia,Insecta,Coleoptera,Chrysomelidae,Cassida,bergeali,Asynaptic,Male,XY,18
Animalia|Insecta|Coleoptera|Chrysomelidae|Cassida|circumdata,Animalia,Insecta,Coleoptera,Chrysomelidae,Cassida,circumdata,Asynaptic,Male,XY,18
Animalia|Insecta|Coleoptera|Chrysomelidae|Cassida|deflorata,Animalia,Insecta,Coleoptera,Chrysomelidae,Cassida,deflorata,Asynaptic,Male,XY,18
Animalia|Insecta|Coleoptera|Chrysomelidae|Cassida|enervis,Animalia,Insecta,Coleoptera,Chrysomelidae,Cassida,enervis,Asynaptic,Male,XY,18
Animalia|Insecta|Coleoptera|Chrysomelidae|Cassida|flaveola,Animalia,Insecta,Coleoptera,Chrysomelidae,Cassida,flaveola,Asynaptic,Male,XY,18
Animalia|Insecta|Coleoptera|Chrysomelidae|Cassida|fuscorufa,Animalia,Insecta,Coleoptera,Chrysomelidae,Cassida,fuscorufa,Asynaptic,Male,XY,18
Animalia|Insecta|Coleoptera|Chrysomelidae|Cassida|hemisphaerica,Animalia,Insecta,Coleoptera,Chrysomelidae,Cassida,hemisphaerica,Asynaptic,Male,XY,20
Animalia|Insecta|Coleoptera|Chrysomelidae|Cassida|hexastigma,Animalia,Insecta,Coleoptera,Chrysomelidae,Cassida,hexastigma,Asynaptic,Male,XY,18
Animalia|Insecta|Coleoptera|Chrysomelidae|Cassida|inquita,Animalia,Insecta,Coleoptera,Chrysomelidae,Cassida,inquita,Asynaptic,Male,XY,18
Animalia|Insecta|Coleoptera|Chrysomelidae|Cassida|leucanthemi,Animalia,Insecta,Coleoptera,Chrysomelidae,Cassida,leucanthemi,Asynaptic,Male,XY,18
Animalia|Insecta|Coleoptera|Chrysomelidae|Cassida|margaritacea,Animalia,Insecta,Coleoptera,Chrysomelidae,Cassida,margaritacea,Asynaptic,Male,XY,30
Animalia|Insecta|Coleoptera|Chrysomelidae|Cassida|nebulosa,Animalia,Insecta,Coleoptera,Chrysomelidae,Cassida,nebulosa,Asynaptic,Male,XY,18
Animalia|Insecta|Coleoptera|Chrysomelidae|Cassida|pannonica,Animalia,Insecta,Coleoptera,Chrysomelidae,Cassida,pannonica,Asynaptic,Male,XY,20
Animalia|Insecta|Coleoptera|Chrysomelidae|Cassida|panzeri,Animalia,Insecta,Coleoptera,Chrysomelidae,Cassida,panzeri,Asynaptic,Male,XY,18
Animalia|Insecta|Coleoptera|Chrysomelidae|Cassida|prasi,Animalia,Insecta,Coleoptera,Chrysomelidae,Cassida,prasi,Asynaptic,Male,XY,18
Animalia|Insecta|Coleoptera|Chrysomelidae|Cassida|pusilla,Animalia,Insecta,Coleoptera,Chrysomelidae,Cassida,pusilla,Asynaptic,Male,XY,18
Animalia|Insecta|Coleoptera|Chrysomelidae|Cassida|rubiginosa,Animalia,Insecta,Coleoptera,Chrysomelidae,Cassida,rubiginosa,Asynaptic,Male,XY,18
Animalia|Insecta|Coleoptera|Chrysomelidae|Cassida|rufovirens,Animalia,Insecta,Coleoptera,Chrysomelidae,Cassida,rufovirens,Asynaptic,Male,XY,18
Animalia|Insecta|Coleoptera|Chrysomelidae|Cassida|sanguinolenta,Animalia,Insecta,Coleoptera,Chrysomelidae,Cassida,sanguinolenta,Asynaptic,Male,XY,18
Animalia|Insecta|Coleoptera|Chrysomelidae|Cassida|sanguinosa,Animalia,Insecta,Coleoptera,Chrysomelidae,Cassida,sanguinosa,Asynaptic,Male,XY,18
Animalia|Insecta|Coleoptera|Chrysomelidae|Cassida|sp.,Animalia,Insecta,Coleoptera,Chrysomelidae,Cassida,sp.,Asynaptic,Male,XY,20
Animalia|Insecta|Coleoptera|Chrysomelidae|Cassida|subreticulata,Animalia,Insecta,Coleoptera,Chrysomelidae,Cassida,subreticulata,Asynaptic,Male,XY,30
Animalia|Insecta|Coleoptera|Chrysomelidae|Cassida|varians,Animalia,Insecta,Coleoptera,Chrysomelidae,Cassida,varians,Asynaptic,Male,XY,18
Animalia|Insecta|Coleoptera|Chrysomelidae|Cassida|vibex,Animalia,Insecta,Coleoptera,Chrysomelidae,Cassida,vibex,Asynaptic,Male,XY,20
Animalia|Insecta|Coleoptera|Chrysomelidae|Cassida|virdis,Animalia,Insecta,Coleoptera,Chrysomelidae,Cassida,virdis,Asynaptic,Male,XY,30
Animalia|Insecta|Coleoptera|Chrysomelidae|Cassida|vittata,Animalia,Insecta,Coleoptera,Chrysomelidae,Cassida,vittata,Asynaptic,Male,XY,20
Animalia|Insecta|Coleoptera|Chrysomelidae|Chaetocnema|chloropha,Animalia,Insecta,Coleoptera,Chrysomelidae,Chaetocnema,chloropha,Asynaptic,Male,XY,20
Animalia|Insecta|Coleoptera|Chrysomelidae|Chaetocnema|conducta,Animalia,Insecta,Coleoptera,Chrysomelidae,Chaetocnema,conducta,Asynaptic,Male,XY,22
Animalia|Insecta|Coleoptera|Chrysomelidae|Chaetocnema|depressa,Animalia,Insecta,Coleoptera,Chrysomelidae,Chaetocnema,depressa,Asynaptic,Male,XY,26
Animalia|Insecta|Coleoptera|Chrysomelidae|Chaetocnema|major,Animalia,Insecta,Coleoptera,Chrysomelidae,Chaetocnema,major,Asynaptic,Male,XY,22
Animalia|Insecta|Coleoptera|Chrysomelidae|Chaetocnema|tibialis,Animalia,Insecta,Coleoptera,Chrysomelidae,Chaetocnema,tibialis,Asynaptic,Male,XY,22
Animalia|Insecta|Coleoptera|Chrysomelidae|Chalcophana|cincta,Animalia,Insecta,Coleoptera,Chrysomelidae,Chalcophana,cincta,Asynaptic,Male,XY,26
Animalia|Insecta|Coleoptera|Chrysomelidae|Chalcophana|verecunda,Animalia,Insecta,Coleoptera,Chrysomelidae,Chalcophana,verecunda,Asynaptic,Male,XY,26
Animalia|Insecta|Coleoptera|Chrysomelidae|Chalepus|dorsalis,Animalia,Insecta,Coleoptera,Chrysomelidae,Chalepus,dorsalis,Asynaptic,Male,XY,16
Animalia|Insecta|Coleoptera|Chrysomelidae|Chalepus|inequalis,Animalia,Insecta,Coleoptera,Chrysomelidae,Chalepus,inequalis,Asynaptic,Male,XY,18
Animalia|Insecta|Coleoptera|Chrysomelidae|Chalepus|sanguinicollis,Animalia,Insecta,Coleoptera,Chrysomelidae,Chalepus,sanguinicollis,Asynaptic,Male,XY,18
Animalia|Insecta|Coleoptera|Chrysomelidae|Chalepus|sp.,Animalia,Insecta,Coleoptera,Chrysomelidae,Chalepus,sp.,Asynaptic,Male,XY,18
Animalia|Insecta|Coleoptera|Chrysomelidae|Charidotella|immaculata,Animalia,Insecta,Coleoptera,Chrysomelidae,Charidotella,immaculata,Asynaptic,Male,XY,22
Animalia|Insecta|Coleoptera|Chrysomelidae|Charidotella|quadrisigta,Animalia,Insecta,Coleoptera,Chrysomelidae,Charidotella,quadrisigta,Asynaptic,Male,XY,24
Animalia|Insecta|Coleoptera|Chrysomelidae|Charidotella|sexpunctata,Animalia,Insecta,Coleoptera,Chrysomelidae,Charidotella,sexpunctata,Asynaptic,Male,XY,22
Animalia|Insecta|Coleoptera|Chrysomelidae|Chelymorpha|cassidea,Animalia,Insecta,Coleoptera,Chrysomelidae,Chelymorpha,cassidea,Asynaptic,Male,XY,22
Animalia|Insecta|Coleoptera|Chrysomelidae|Chelymorpha|cribaria,Animalia,Insecta,Coleoptera,Chrysomelidae,Chelymorpha,cribaria,Asynaptic,Male,XY,22
Animalia|Insecta|Coleoptera|Chrysomelidae|Chelymorpha|cribraria,Animalia,Insecta,Coleoptera,Chrysomelidae,Chelymorpha,cribraria,Asynaptic,Male,XY,22
Animalia|Insecta|Coleoptera|Chrysomelidae|Chelymorpha|indigesta,Animalia,Insecta,Coleoptera,Chrysomelidae,Chelymorpha,indigesta,Asynaptic,Male,XY,22
Animalia|Insecta|Coleoptera|Chrysomelidae|Chelymorpha|nigricollis,Animalia,Insecta,Coleoptera,Chrysomelidae,Chelymorpha,nigricollis,Asynaptic,Male,XY,22
Animalia|Insecta|Coleoptera|Chrysomelidae|Chelymorpha|varians,Animalia,Insecta,Coleoptera,Chrysomelidae,Chelymorpha,varians,Asynaptic,Male,XY,22
Animalia|Insecta|Coleoptera|Chrysomelidae|Chirida|sp.,Animalia,Insecta,Coleoptera,Chrysomelidae,Chirida,sp.,Asynaptic,Male,XY,36
Animalia|Insecta|Coleoptera|Chrysomelidae|Chiridopsis|bupunctata,Animalia,Insecta,Coleoptera,Chrysomelidae,Chiridopsis,bupunctata,Asynaptic,Male,XY,18
Animalia|Insecta|Coleoptera|Chrysomelidae|Chlamydocassis|cribripennis,Animalia,Insecta,Coleoptera,Chrysomelidae,Chlamydocassis,cribripennis,Asynaptic,Male,XY,32
Animalia|Insecta|Coleoptera|Chrysomelidae|Chlamydocassis|metallica,Animalia,Insecta,Coleoptera,Chrysomelidae,Chlamydocassis,metallica,Asynaptic,Male,XY,32
Animalia|Insecta|Coleoptera|Chrysomelidae|Chrysochus|asclepiadeus,Animalia,Insecta,Coleoptera,Chrysomelidae,Chrysochus,asclepiadeus,Asynaptic,Male,XY,24
Animalia|Insecta|Coleoptera|Chrysomelidae|Chrysochus|auratus,Animalia,Insecta,Coleoptera,Chrysomelidae,Chrysochus,auratus,Asynaptic,Male,NA,26
Animalia|Insecta|Coleoptera|Chrysomelidae|Chrysodina|sp.,Animalia,Insecta,Coleoptera,Chrysomelidae,Chrysodina,sp.,Asynaptic,Male,XY,12
Animalia|Insecta|Coleoptera|Chrysomelidae|Chrysolina|affinis,Animalia,Insecta,Coleoptera,Chrysomelidae,Chrysolina,affinis,Asynaptic,Male,XY,24
Animalia|Insecta|Coleoptera|Chrysomelidae|Chrysolina|alis,Animalia,Insecta,Coleoptera,Chrysomelidae,Chrysolina,alis,Asynaptic,Male,XY,40
Animalia|Insecta|Coleoptera|Chrysomelidae|Chrysolina|americana,Animalia,Insecta,Coleoptera,Chrysomelidae,Chrysolina,americana,Asynaptic,Male,XY,24
Animalia|Insecta|Coleoptera|Chrysomelidae|Chrysolina|aurichalcea,Animalia,Insecta,Coleoptera,Chrysomelidae,Chrysolina,aurichalcea,Asynaptic,Male,XY,40
Animalia|Insecta|Coleoptera|Chrysomelidae|Chrysolina|bicolor,Animalia,Insecta,Coleoptera,Chrysomelidae,Chrysolina,bicolor,Asynaptic,Male,XY,24
Animalia|Insecta|Coleoptera|Chrysomelidae|Chrysolina|bigorrensis,Animalia,Insecta,Coleoptera,Chrysomelidae,Chrysolina,bigorrensis,Asynaptic,Male,XY,26
Animalia|Insecta|Coleoptera|Chrysomelidae|Chrysolina|carnifex,Animalia,Insecta,Coleoptera,Chrysomelidae,Chrysolina,carnifex,Asynaptic,Male,XY,40
Animalia|Insecta|Coleoptera|Chrysomelidae|Chrysolina|cerealis,Animalia,Insecta,Coleoptera,Chrysomelidae,Chrysolina,cerealis,Asynaptic,Male,XY,24
Animalia|Insecta|Coleoptera|Chrysomelidae|Chrysolina|cf.,Animalia,Insecta,Coleoptera,Chrysomelidae,Chrysolina,cf.,Asynaptic,Male,XY,26
Animalia|Insecta|Coleoptera|Chrysomelidae|Chrysolina|coerulans,Animalia,Insecta,Coleoptera,Chrysomelidae,Chrysolina,coerulans,Asynaptic,Male,XY,24
Animalia|Insecta|Coleoptera|Chrysomelidae|Chrysolina|colasi,Animalia,Insecta,Coleoptera,Chrysomelidae,Chrysolina,colasi,Asynaptic,Male,XY,24
Animalia|Insecta|Coleoptera|Chrysomelidae|Chrysolina|curvilinea,Animalia,Insecta,Coleoptera,Chrysomelidae,Chrysolina,curvilinea,Asynaptic,Male,XY,40
Animalia|Insecta|Coleoptera|Chrysomelidae|Chrysolina|diluta,Animalia,Insecta,Coleoptera,Chrysomelidae,Chrysolina,diluta,Asynaptic,Male,XY,36
Animalia|Insecta|Coleoptera|Chrysomelidae|Chrysolina|fastuosa,Animalia,Insecta,Coleoptera,Chrysomelidae,Chrysolina,fastuosa,Asynaptic,Male,XY,24
Animalia|Insecta|Coleoptera|Chrysomelidae|Chrysolina|femoralis,Animalia,Insecta,Coleoptera,Chrysomelidae,Chrysolina,femoralis,Asynaptic,Male,XY,24
Animalia|Insecta|Coleoptera|Chrysomelidae|Chrysolina|fragariae,Animalia,Insecta,Coleoptera,Chrysomelidae,Chrysolina,fragariae,Asynaptic,Male,XY,24
Animalia|Insecta|Coleoptera|Chrysomelidae|Chrysolina|gebleri,Animalia,Insecta,Coleoptera,Chrysomelidae,Chrysolina,gebleri,Asynaptic,Male,XY,26
Animalia|Insecta|Coleoptera|Chrysomelidae|Chrysolina|gemi,Animalia,Insecta,Coleoptera,Chrysomelidae,Chrysolina,gemi,Asynaptic,Male,XY,24
Animalia|Insecta|Coleoptera|Chrysomelidae|Chrysolina|globosa,Animalia,Insecta,Coleoptera,Chrysomelidae,Chrysolina,globosa,Asynaptic,Male,XY,26
Animalia|Insecta|Coleoptera|Chrysomelidae|Chrysolina|graminis,Animalia,Insecta,Coleoptera,Chrysomelidae,Chrysolina,graminis,Asynaptic,Male,XY,24
Animalia|Insecta|Coleoptera|Chrysomelidae|Chrysolina|grossa,Animalia,Insecta,Coleoptera,Chrysomelidae,Chrysolina,grossa,Asynaptic,Male,XY,24
Animalia|Insecta|Coleoptera|Chrysomelidae|Chrysolina|gypsophilae,Animalia,Insecta,Coleoptera,Chrysomelidae,Chrysolina,gypsophilae,Asynaptic,Male,XY,30
Animalia|Insecta|Coleoptera|Chrysomelidae|Chrysolina|haemoptera,Animalia,Insecta,Coleoptera,Chrysomelidae,Chrysolina,haemoptera,Asynaptic,Male,XY,40
Animalia|Insecta|Coleoptera|Chrysomelidae|Chrysolina|herbacea,Animalia,Insecta,Coleoptera,Chrysomelidae,Chrysolina,herbacea,Asynaptic,Male,XY,24
Animalia|Insecta|Coleoptera|Chrysomelidae|Chrysolina|interstincta,Animalia,Insecta,Coleoptera,Chrysomelidae,Chrysolina,interstincta,Asynaptic,Male,XY,40
Animalia|Insecta|Coleoptera|Chrysomelidae|Chrysolina|janbechynei,Animalia,Insecta,Coleoptera,Chrysomelidae,Chrysolina,janbechynei,Asynaptic,Male,XY,40
Animalia|Insecta|Coleoptera|Chrysomelidae|Chrysolina|kuesteri,Animalia,Insecta,Coleoptera,Chrysomelidae,Chrysolina,kuesteri,Asynaptic,Male,XY,22
Animalia|Insecta|Coleoptera|Chrysomelidae|Chrysolina|lucida,Animalia,Insecta,Coleoptera,Chrysomelidae,Chrysolina,lucida,Asynaptic,Male,XY,24
Animalia|Insecta|Coleoptera|Chrysomelidae|Chrysolina|marcasitica,Animalia,Insecta,Coleoptera,Chrysomelidae,Chrysolina,marcasitica,Asynaptic,Male,XY,42
Animalia|Insecta|Coleoptera|Chrysomelidae|Chrysolina|marginata,Animalia,Insecta,Coleoptera,Chrysomelidae,Chrysolina,marginata,Asynaptic,Male,XY,40
Animalia|Insecta|Coleoptera|Chrysomelidae|Chrysolina|oricalcia,Animalia,Insecta,Coleoptera,Chrysomelidae,Chrysolina,oricalcia,Asynaptic,Male,XY,40
Animalia|Insecta|Coleoptera|Chrysomelidae|Chrysolina|peregrina,Animalia,Insecta,Coleoptera,Chrysomelidae,Chrysolina,peregrina,Asynaptic,Male,XY,46
Animalia|Insecta|Coleoptera|Chrysomelidae|Chrysolina|polita,Animalia,Insecta,Coleoptera,Chrysomelidae,Chrysolina,polita,Asynaptic,Male,XY,24
Animalia|Insecta|Coleoptera|Chrysomelidae|Chrysolina|purpurascens,Animalia,Insecta,Coleoptera,Chrysomelidae,Chrysolina,purpurascens,Asynaptic,Male,XY,24
Animalia|Insecta|Coleoptera|Chrysomelidae|Chrysolina|pyrenaica,Animalia,Insecta,Coleoptera,Chrysomelidae,Chrysolina,pyrenaica,Asynaptic,Male,XY,40
Animalia|Insecta|Coleoptera|Chrysomelidae|Chrysolina|staphylea,Animalia,Insecta,Coleoptera,Chrysomelidae,Chrysolina,staphylea,Asynaptic,Male,XY,22
Animalia|Insecta|Coleoptera|Chrysomelidae|Chrysolina|umbratilis,Animalia,Insecta,Coleoptera,Chrysomelidae,Chrysolina,umbratilis,Asynaptic,Male,XY,30
Animalia|Insecta|Coleoptera|Chrysomelidae|Chrysolina|varians,Animalia,Insecta,Coleoptera,Chrysomelidae,Chrysolina,varians,Asynaptic,Male,XY,32
Animalia|Insecta|Coleoptera|Chrysomelidae|Chrysolina|veridana,Animalia,Insecta,Coleoptera,Chrysomelidae,Chrysolina,veridana,Asynaptic,Male,XY,24
Animalia|Insecta|Coleoptera|Chrysomelidae|Chrysomela|interrupta,Animalia,Insecta,Coleoptera,Chrysomelidae,Chrysomela,interrupta,Asynaptic,Male,XY,34
Animalia|Insecta|Coleoptera|Chrysomelidae|Chrysomela|lapponica,Animalia,Insecta,Coleoptera,Chrysomelidae,Chrysomela,lapponica,Asynaptic,Male,XY,34
Animalia|Insecta|Coleoptera|Chrysomelidae|Chrysomela|mainensis,Animalia,Insecta,Coleoptera,Chrysomelidae,Chrysomela,mainensis,Asynaptic,Male,XY,34
Animalia|Insecta|Coleoptera|Chrysomelidae|Chrysomela|populi,Animalia,Insecta,Coleoptera,Chrysomelidae,Chrysomela,populi,Asynaptic,Male,XY,34
Animalia|Insecta|Coleoptera|Chrysomelidae|Chrysomela|schaefferi,Animalia,Insecta,Coleoptera,Chrysomelidae,Chrysomela,schaefferi,Asynaptic,Male,XY,34
Animalia|Insecta|Coleoptera|Chrysomelidae|Chrysomela|sp.,Animalia,Insecta,Coleoptera,Chrysomelidae,Chrysomela,sp.,Asynaptic,Male,XY,34
Animalia|Insecta|Coleoptera|Chrysomelidae|Chrysomela|tremulae,Animalia,Insecta,Coleoptera,Chrysomelidae,Chrysomela,tremulae,Asynaptic,Male,XY,34
Animalia|Insecta|Coleoptera|Chrysomelidae|Chrysophtharta|aurea,Animalia,Insecta,Coleoptera,Chrysomelidae,Chrysophtharta,aurea,Asynaptic,Male,XY,24
Animalia|Insecta|Coleoptera|Chrysomelidae|Chrysophtharta|decolorata,Animalia,Insecta,Coleoptera,Chrysomelidae,Chrysophtharta,decolorata,Asynaptic,Male,XY,24
Animalia|Insecta|Coleoptera|Chrysomelidae|Chrysophtharta|nobilitata,Animalia,Insecta,Coleoptera,Chrysomelidae,Chrysophtharta,nobilitata,Asynaptic,Male,XY,24
Animalia|Insecta|Coleoptera|Chrysomelidae|Chrysophtharta|variicollis,Animalia,Insecta,Coleoptera,Chrysomelidae,Chrysophtharta,variicollis,Asynaptic,Male,XY,24
Animalia|Insecta|Coleoptera|Chrysomelidae|Clytra|laeviuscula,Animalia,Insecta,Coleoptera,Chrysomelidae,Clytra,laeviuscula,Asynaptic,Male,XY,24
Animalia|Insecta|Coleoptera|Chrysomelidae|Colaspidema|barbarum,Animalia,Insecta,Coleoptera,Chrysomelidae,Colaspidema,barbarum,Asynaptic,Male,XY,28
Animalia|Insecta|Coleoptera|Chrysomelidae|Colaspis|greyi,Animalia,Insecta,Coleoptera,Chrysomelidae,Colaspis,greyi,Asynaptic,Male,XY,22
Animalia|Insecta|Coleoptera|Chrysomelidae|Colasposoma|auripenne,Animalia,Insecta,Coleoptera,Chrysomelidae,Colasposoma,auripenne,Asynaptic,Male,XY,16
Animalia|Insecta|Coleoptera|Chrysomelidae|Colasposoma|lividipes,Animalia,Insecta,Coleoptera,Chrysomelidae,Colasposoma,lividipes,Asynaptic,Male,XY,16
Animalia|Insecta|Coleoptera|Chrysomelidae|Colasposoma|metallicum,Animalia,Insecta,Coleoptera,Chrysomelidae,Colasposoma,metallicum,Asynaptic,Male,XY,16
Animalia|Insecta|Coleoptera|Chrysomelidae|Colasposoma|ortum,Animalia,Insecta,Coleoptera,Chrysomelidae,Colasposoma,ortum,Asynaptic,Male,XY,16
Animalia|Insecta|Coleoptera|Chrysomelidae|Colasposoma|rufipes,Animalia,Insecta,Coleoptera,Chrysomelidae,Colasposoma,rufipes,Asynaptic,Male,XY,16
Animalia|Insecta|Coleoptera|Chrysomelidae|Colasposoma|semicostatum,Animalia,Insecta,Coleoptera,Chrysomelidae,Colasposoma,semicostatum,Asynaptic,Male,XY,16
Animalia|Insecta|Coleoptera|Chrysomelidae|Colasposoma|sp.,Animalia,Insecta,Coleoptera,Chrysomelidae,Colasposoma,sp.,Asynaptic,Male,XY,16
Animalia|Insecta|Coleoptera|Chrysomelidae|Conchyloctenia|nigrovittata,Animalia,Insecta,Coleoptera,Chrysomelidae,Conchyloctenia,nigrovittata,Asynaptic,Male,XY,18
Animalia|Insecta|Coleoptera|Chrysomelidae|Conicobruchus|indicus,Animalia,Insecta,Coleoptera,Chrysomelidae,Conicobruchus,indicus,Asynaptic,Male,XY,20
Animalia|Insecta|Coleoptera|Chrysomelidae|Coptocephala|unifasciata,Animalia,Insecta,Coleoptera,Chrysomelidae,Coptocephala,unifasciata,Asynaptic,Male,XY,24
Animalia|Insecta|Coleoptera|Chrysomelidae|Coptocycla|adamantina,Animalia,Insecta,Coleoptera,Chrysomelidae,Coptocycla,adamantina,Asynaptic,Male,XY,18
Animalia|Insecta|Coleoptera|Chrysomelidae|Coraia|clarki,Animalia,Insecta,Coleoptera,Chrysomelidae,Coraia,clarki,Asynaptic,Male,XY,36
Animalia|Insecta|Coleoptera|Chrysomelidae|Coraia|maculicollis,Animalia,Insecta,Coleoptera,Chrysomelidae,Coraia,maculicollis,Asynaptic,Male,XY,36
Animalia|Insecta|Coleoptera|Chrysomelidae|Cosmogramma|decora,Animalia,Insecta,Coleoptera,Chrysomelidae,Cosmogramma,decora,Asynaptic,Male,XY,20
Animalia|Insecta|Coleoptera|Chrysomelidae|Craspedonta|leaya,Animalia,Insecta,Coleoptera,Chrysomelidae,Craspedonta,leaya,Asynaptic,Male,XY,18
Animalia|Insecta|Coleoptera|Chrysomelidae|Crepidedera|aurea,Animalia,Insecta,Coleoptera,Chrysomelidae,Crepidedera,aurea,Asynaptic,Male,XY,18
Animalia|Insecta|Coleoptera|Chrysomelidae|Crepidedera|plutus,Animalia,Insecta,Coleoptera,Chrysomelidae,Crepidedera,plutus,Asynaptic,Male,XY,26
Animalia|Insecta|Coleoptera|Chrysomelidae|Crioceris|asparagi,Animalia,Insecta,Coleoptera,Chrysomelidae,Crioceris,asparagi,Asynaptic,Male,XY,16
Animalia|Insecta|Coleoptera|Chrysomelidae|Crioceris|duodecimpunctata,Animalia,Insecta,Coleoptera,Chrysomelidae,Crioceris,duodecimpunctata,Asynaptic,Male,XY,16
Animalia|Insecta|Coleoptera|Chrysomelidae|Crioceris|macilenta,Animalia,Insecta,Coleoptera,Chrysomelidae,Crioceris,macilenta,Asynaptic,Male,XY,16
Animalia|Insecta|Coleoptera|Chrysomelidae|Crioceris|paracenthesis,Animalia,Insecta,Coleoptera,Chrysomelidae,Crioceris,paracenthesis,Asynaptic,Male,XY,16
Animalia|Insecta|Coleoptera|Chrysomelidae|Crosita|altaica,Animalia,Insecta,Coleoptera,Chrysomelidae,Crosita,altaica,Asynaptic,Male,XY,30
Animalia|Insecta|Coleoptera|Chrysomelidae|Crosita|rugulosa,Animalia,Insecta,Coleoptera,Chrysomelidae,Crosita,rugulosa,Asynaptic,Male,XY,30
Animalia|Insecta|Coleoptera|Chrysomelidae|Crosita|salviae,Animalia,Insecta,Coleoptera,Chrysomelidae,Crosita,salviae,Asynaptic,Male,XY,24
Animalia|Insecta|Coleoptera|Chrysomelidae|Cryptocephalus|alis,Animalia,Insecta,Coleoptera,Chrysomelidae,Cryptocephalus,alis,Asynaptic,Male,XY,30
Animalia|Insecta|Coleoptera|Chrysomelidae|Cryptocephalus|aureolus,Animalia,Insecta,Coleoptera,Chrysomelidae,Cryptocephalus,aureolus,Asynaptic,Male,XY,30
Animalia|Insecta|Coleoptera|Chrysomelidae|Cryptocephalus|bipunctatus,Animalia,Insecta,Coleoptera,Chrysomelidae,Cryptocephalus,bipunctatus,Asynaptic,Male,XY,30
Animalia|Insecta|Coleoptera|Chrysomelidae|Cryptocephalus|capucinus,Animalia,Insecta,Coleoptera,Chrysomelidae,Cryptocephalus,capucinus,Asynaptic,Male,XY,30
Animalia|Insecta|Coleoptera|Chrysomelidae|Cryptocephalus|crassus,Animalia,Insecta,Coleoptera,Chrysomelidae,Cryptocephalus,crassus,Asynaptic,Male,XY,32
Animalia|Insecta|Coleoptera|Chrysomelidae|Cryptocephalus|espanoli,Animalia,Insecta,Coleoptera,Chrysomelidae,Cryptocephalus,espanoli,Asynaptic,Male,XY,30
Animalia|Insecta|Coleoptera|Chrysomelidae|Cryptocephalus|globicollis,Animalia,Insecta,Coleoptera,Chrysomelidae,Cryptocephalus,globicollis,Asynaptic,Male,XY,30
Animalia|Insecta|Coleoptera|Chrysomelidae|Cryptocephalus|hypochoeridis,Animalia,Insecta,Coleoptera,Chrysomelidae,Cryptocephalus,hypochoeridis,Asynaptic,Male,XY,30
Animalia|Insecta|Coleoptera|Chrysomelidae|Cryptocephalus|moraei,Animalia,Insecta,Coleoptera,Chrysomelidae,Cryptocephalus,moraei,Asynaptic,Male,XY,30
Animalia|Insecta|Coleoptera|Chrysomelidae|Cryptocephalus|ocellatus,Animalia,Insecta,Coleoptera,Chrysomelidae,Cryptocephalus,ocellatus,Asynaptic,Male,XY,30
Animalia|Insecta|Coleoptera|Chrysomelidae|Cryptocephalus|ochroleucus,Animalia,Insecta,Coleoptera,Chrysomelidae,Cryptocephalus,ochroleucus,Asynaptic,Male,XY,30
Animalia|Insecta|Coleoptera|Chrysomelidae|Cryptocephalus|octopilosus,Animalia,Insecta,Coleoptera,Chrysomelidae,Cryptocephalus,octopilosus,Asynaptic,Male,XY,32
Animalia|Insecta|Coleoptera|Chrysomelidae|Cryptocephalus|oppositus,Animalia,Insecta,Coleoptera,Chrysomelidae,Cryptocephalus,oppositus,Asynaptic,Male,XY,30
Animalia|Insecta|Coleoptera|Chrysomelidae|Cryptocephalus|primarius,Animalia,Insecta,Coleoptera,Chrysomelidae,Cryptocephalus,primarius,Asynaptic,Male,XY,40
Animalia|Insecta|Coleoptera|Chrysomelidae|Cryptocephalus|quadruplex,Animalia,Insecta,Coleoptera,Chrysomelidae,Cryptocephalus,quadruplex,Asynaptic,Male,XY,24
Animalia|Insecta|Coleoptera|Chrysomelidae|Cryptocephalus|rugicollis,Animalia,Insecta,Coleoptera,Chrysomelidae,Cryptocephalus,rugicollis,Asynaptic,Male,XY,30
Animalia|Insecta|Coleoptera|Chrysomelidae|Cryptocephalus|sexmaculatus,Animalia,Insecta,Coleoptera,Chrysomelidae,Cryptocephalus,sexmaculatus,Asynaptic,Male,XY,28
Animalia|Insecta|Coleoptera|Chrysomelidae|Cryptocephalus|sexpunctatus,Animalia,Insecta,Coleoptera,Chrysomelidae,Cryptocephalus,sexpunctatus,Asynaptic,Male,XY,16
Animalia|Insecta|Coleoptera|Chrysomelidae|Cryptocephalus|sexpustulatus,Animalia,Insecta,Coleoptera,Chrysomelidae,Cryptocephalus,sexpustulatus,Asynaptic,Male,XY,30
Animalia|Insecta|Coleoptera|Chrysomelidae|Cryptocephalus|sp.,Animalia,Insecta,Coleoptera,Chrysomelidae,Cryptocephalus,sp.,Asynaptic,Male,XY,30
Animalia|Insecta|Coleoptera|Chrysomelidae|Cryptocephalus|sulphureus,Animalia,Insecta,Coleoptera,Chrysomelidae,Cryptocephalus,sulphureus,Asynaptic,Male,XY,32
Animalia|Insecta|Coleoptera|Chrysomelidae|Cryptocephalus|triangularis,Animalia,Insecta,Coleoptera,Chrysomelidae,Cryptocephalus,triangularis,Asynaptic,Male,XY,32
Animalia|Insecta|Coleoptera|Chrysomelidae|Cryptocephalus|violaceus,Animalia,Insecta,Coleoptera,Chrysomelidae,Cryptocephalus,violaceus,Asynaptic,Male,XY,30
Animalia|Insecta|Coleoptera|Chrysomelidae|Cryptocephalus|vittula,Animalia,Insecta,Coleoptera,Chrysomelidae,Cryptocephalus,vittula,Asynaptic,Male,XY,28
Animalia|Insecta|Coleoptera|Chrysomelidae|Cteisella|confusa,Animalia,Insecta,Coleoptera,Chrysomelidae,Cteisella,confusa,Asynaptic,Male,XY,18
Animalia|Insecta|Coleoptera|Chrysomelidae|Cyrtonus|arcasi,Animalia,Insecta,Coleoptera,Chrysomelidae,Cyrtonus,arcasi,Asynaptic,Male,XY,40
Animalia|Insecta|Coleoptera|Chrysomelidae|Cyrtonus|contractus,Animalia,Insecta,Coleoptera,Chrysomelidae,Cyrtonus,contractus,Asynaptic,Male,XY,28
Animalia|Insecta|Coleoptera|Chrysomelidae|Cyrtonus|cupreovirens,Animalia,Insecta,Coleoptera,Chrysomelidae,Cyrtonus,cupreovirens,Asynaptic,Male,XY,28
Animalia|Insecta|Coleoptera|Chrysomelidae|Cyrtonus|cylindricus,Animalia,Insecta,Coleoptera,Chrysomelidae,Cyrtonus,cylindricus,Asynaptic,Male,XY,28
Animalia|Insecta|Coleoptera|Chrysomelidae|Cyrtonus|dufouri,Animalia,Insecta,Coleoptera,Chrysomelidae,Cyrtonus,dufouri,Asynaptic,Male,XY,28
Animalia|Insecta|Coleoptera|Chrysomelidae|Cyrtonus|elegans,Animalia,Insecta,Coleoptera,Chrysomelidae,Cyrtonus,elegans,Asynaptic,Male,XY,28
Animalia|Insecta|Coleoptera|Chrysomelidae|Cyrtonus|fairmarei,Animalia,Insecta,Coleoptera,Chrysomelidae,Cyrtonus,fairmarei,Asynaptic,Male,XY,40
Animalia|Insecta|Coleoptera|Chrysomelidae|Cyrtonus|majoricensis,Animalia,Insecta,Coleoptera,Chrysomelidae,Cyrtonus,majoricensis,Asynaptic,Male,XY,28
Animalia|Insecta|Coleoptera|Chrysomelidae|Cyrtonus|pardoi,Animalia,Insecta,Coleoptera,Chrysomelidae,Cyrtonus,pardoi,Asynaptic,Male,XY,46
Animalia|Insecta|Coleoptera|Chrysomelidae|Cyrtonus|plumbeus,Animalia,Insecta,Coleoptera,Chrysomelidae,Cyrtonus,plumbeus,Asynaptic,Male,XY,28
Animalia|Insecta|Coleoptera|Chrysomelidae|Cyrtonus|puncticeps,Animalia,Insecta,Coleoptera,Chrysomelidae,Cyrtonus,puncticeps,Asynaptic,Male,XY,40
Animalia|Insecta|Coleoptera|Chrysomelidae|Cyrtonus|punctipennis,Animalia,Insecta,Coleoptera,Chrysomelidae,Cyrtonus,punctipennis,Asynaptic,Male,XY,28
Animalia|Insecta|Coleoptera|Chrysomelidae|Cyrtonus|rotundatus,Animalia,Insecta,Coleoptera,Chrysomelidae,Cyrtonus,rotundatus,Asynaptic,Male,XY,28
Animalia|Insecta|Coleoptera|Chrysomelidae|Cyrtonus|ruficornis,Animalia,Insecta,Coleoptera,Chrysomelidae,Cyrtonus,ruficornis,Asynaptic,Male,XY,28
Animalia|Insecta|Coleoptera|Chrysomelidae|Cyrtonus|sp.,Animalia,Insecta,Coleoptera,Chrysomelidae,Cyrtonus,sp.,Asynaptic,Male,XY,28
Animalia|Insecta|Coleoptera|Chrysomelidae|Dactylispa|atkinsoni,Animalia,Insecta,Coleoptera,Chrysomelidae,Dactylispa,atkinsoni,Asynaptic,Male,XY,16
Animalia|Insecta|Coleoptera|Chrysomelidae|Dactylispa|brevispinosa,Animalia,Insecta,Coleoptera,Chrysomelidae,Dactylispa,brevispinosa,Asynaptic,Male,XY,16
Animalia|Insecta|Coleoptera|Chrysomelidae|Dactylispa|humeralis,Animalia,Insecta,Coleoptera,Chrysomelidae,Dactylispa,humeralis,Asynaptic,Male,XY,16
Animalia|Insecta|Coleoptera|Chrysomelidae|Deloyala|cruciata,Animalia,Insecta,Coleoptera,Chrysomelidae,Deloyala,cruciata,Asynaptic,Male,XY,18
Animalia|Insecta|Coleoptera|Chrysomelidae|Deloyala|guttata,Animalia,Insecta,Coleoptera,Chrysomelidae,Deloyala,guttata,Asynaptic,Male,XY,20
Animalia|Insecta|Coleoptera|Chrysomelidae|Desmogramma|nigripes,Animalia,Insecta,Coleoptera,Chrysomelidae,Desmogramma,nigripes,Asynaptic,Male,XY,24
Animalia|Insecta|Coleoptera|Chrysomelidae|Diapromorpha|quadripunctata,Animalia,Insecta,Coleoptera,Chrysomelidae,Diapromorpha,quadripunctata,Asynaptic,Male,XY,22
Animalia|Insecta|Coleoptera|Chrysomelidae|Diapromorpha|turcica,Animalia,Insecta,Coleoptera,Chrysomelidae,Diapromorpha,turcica,Asynaptic,Male,XY,22
Animalia|Insecta|Coleoptera|Chrysomelidae|Dibolia|timida,Animalia,Insecta,Coleoptera,Chrysomelidae,Dibolia,timida,Asynaptic,Male,XY,40
Animalia|Insecta|Coleoptera|Chrysomelidae|Dicladispa|occator,Animalia,Insecta,Coleoptera,Chrysomelidae,Dicladispa,occator,Asynaptic,Male,XY,16
Animalia|Insecta|Coleoptera|Chrysomelidae|Dicladispa|testacea,Animalia,Insecta,Coleoptera,Chrysomelidae,Dicladispa,testacea,Asynaptic,Male,XY,16
Animalia|Insecta|Coleoptera|Chrysomelidae|Diphaulaca|arguta,Animalia,Insecta,Coleoptera,Chrysomelidae,Diphaulaca,arguta,Asynaptic,Male,XY,30
Animalia|Insecta|Coleoptera|Chrysomelidae|Diphaulaca|sp.,Animalia,Insecta,Coleoptera,Chrysomelidae,Diphaulaca,sp.,Asynaptic,Male,XY,30
Animalia|Insecta|Coleoptera|Chrysomelidae|Disonycha|laevigata,Animalia,Insecta,Coleoptera,Chrysomelidae,Disonycha,laevigata,Asynaptic,Male,XY,46
Animalia|Insecta|Coleoptera|Chrysomelidae|Donacia|andalusica,Animalia,Insecta,Coleoptera,Chrysomelidae,Donacia,andalusica,Asynaptic,Male,XY,30
Animalia|Insecta|Coleoptera|Chrysomelidae|Donacia|bicolor,Animalia,Insecta,Coleoptera,Chrysomelidae,Donacia,bicolor,Asynaptic,Male,XY,30
Animalia|Insecta|Coleoptera|Chrysomelidae|Donacia|biimpressa,Animalia,Insecta,Coleoptera,Chrysomelidae,Donacia,biimpressa,Asynaptic,Male,XY,30
Animalia|Insecta|Coleoptera|Chrysomelidae|Donacia|clavipes,Animalia,Insecta,Coleoptera,Chrysomelidae,Donacia,clavipes,Asynaptic,Male,XY,30
Animalia|Insecta|Coleoptera|Chrysomelidae|Donacia|hirticollis,Animalia,Insecta,Coleoptera,Chrysomelidae,Donacia,hirticollis,Asynaptic,Male,XY,28
Animalia|Insecta|Coleoptera|Chrysomelidae|Donacia|subtilis,Animalia,Insecta,Coleoptera,Chrysomelidae,Donacia,subtilis,Asynaptic,Male,XY,28
Animalia|Insecta|Coleoptera|Chrysomelidae|Donacia|vulgaris,Animalia,Insecta,Coleoptera,Chrysomelidae,Donacia,vulgaris,Asynaptic,Male,XY,30
Animalia|Insecta|Coleoptera|Chrysomelidae|Entomoscelis|adonidis,Animalia,Insecta,Coleoptera,Chrysomelidae,Entomoscelis,adonidis,Asynaptic,Male,XY,26
Animalia|Insecta|Coleoptera|Chrysomelidae|Entomoscelis|sacra,Animalia,Insecta,Coleoptera,Chrysomelidae,Entomoscelis,sacra,Asynaptic,Male,XY,26
Animalia|Insecta|Coleoptera|Chrysomelidae|Epitrix|cucumeris,Animalia,Insecta,Coleoptera,Chrysomelidae,Epitrix,cucumeris,Asynaptic,Male,XY,26
Animalia|Insecta|Coleoptera|Chrysomelidae|Epitrix|fasciata,Animalia,Insecta,Coleoptera,Chrysomelidae,Epitrix,fasciata,Asynaptic,Male,XY,26
Animalia|Insecta|Coleoptera|Chrysomelidae|Erganoides|sp.,Animalia,Insecta,Coleoptera,Chrysomelidae,Erganoides,sp.,Asynaptic,Male,XY,26
Animalia|Insecta|Coleoptera|Chrysomelidae|Estignema|chinensis,Animalia,Insecta,Coleoptera,Chrysomelidae,Estignema,chinensis,Asynaptic,Male,XY,18
Animalia|Insecta|Coleoptera|Chrysomelidae|Eumolpus|sp.,Animalia,Insecta,Coleoptera,Chrysomelidae,Eumolpus,sp.,Asynaptic,Male,XY,22
Animalia|Insecta|Coleoptera|Chrysomelidae|Eumolpus|surinamensis,Animalia,Insecta,Coleoptera,Chrysomelidae,Eumolpus,surinamensis,Asynaptic,Male,XY,22
Animalia|Insecta|Coleoptera|Chrysomelidae|Eurypedus|thoni,Animalia,Insecta,Coleoptera,Chrysomelidae,Eurypedus,thoni,Asynaptic,Male,XY,20
Animalia|Insecta|Coleoptera|Chrysomelidae|Eurypepla|jamaicensis,Animalia,Insecta,Coleoptera,Chrysomelidae,Eurypepla,jamaicensis,Asynaptic,Male,XY,18
Animalia|Insecta|Coleoptera|Chrysomelidae|Forsterita|sp.,Animalia,Insecta,Coleoptera,Chrysomelidae,Forsterita,sp.,Asynaptic,Male,XY,24
Animalia|Insecta|Coleoptera|Chrysomelidae|Galeruca|angusta,Animalia,Insecta,Coleoptera,Chrysomelidae,Galeruca,angusta,Asynaptic,Male,XY,44
Animalia|Insecta|Coleoptera|Chrysomelidae|Galeruca|artemisiae,Animalia,Insecta,Coleoptera,Chrysomelidae,Galeruca,artemisiae,Asynaptic,Male,XY,44
Animalia|Insecta|Coleoptera|Chrysomelidae|Galeruca|indica,Animalia,Insecta,Coleoptera,Chrysomelidae,Galeruca,indica,Asynaptic,Male,XY,46
Animalia|Insecta|Coleoptera|Chrysomelidae|Galeruca|miegi,Animalia,Insecta,Coleoptera,Chrysomelidae,Galeruca,miegi,Asynaptic,Male,XY,38
Animalia|Insecta|Coleoptera|Chrysomelidae|Galeruca|monticola,Animalia,Insecta,Coleoptera,Chrysomelidae,Galeruca,monticola,Asynaptic,Male,XY,38
Animalia|Insecta|Coleoptera|Chrysomelidae|Galeruca|taceti,Animalia,Insecta,Coleoptera,Chrysomelidae,Galeruca,taceti,Asynaptic,Male,XY,40
Animalia|Insecta|Coleoptera|Chrysomelidae|Galerucella|bicolor,Animalia,Insecta,Coleoptera,Chrysomelidae,Galerucella,bicolor,Asynaptic,Male,XY,44
Animalia|Insecta|Coleoptera|Chrysomelidae|Galerucella|bimarnica,Animalia,Insecta,Coleoptera,Chrysomelidae,Galerucella,bimarnica,Asynaptic,Male,XY,34
Animalia|Insecta|Coleoptera|Chrysomelidae|Galerucella|calmariensis,Animalia,Insecta,Coleoptera,Chrysomelidae,Galerucella,calmariensis,Asynaptic,Male,XY,34
Animalia|Insecta|Coleoptera|Chrysomelidae|Galerucella|cavicollis,Animalia,Insecta,Coleoptera,Chrysomelidae,Galerucella,cavicollis,Asynaptic,Male,XY,34
Animalia|Insecta|Coleoptera|Chrysomelidae|Galerucella|lineola,Animalia,Insecta,Coleoptera,Chrysomelidae,Galerucella,lineola,Asynaptic,Male,XY,34
Animalia|Insecta|Coleoptera|Chrysomelidae|Galerucella|nymphae,Animalia,Insecta,Coleoptera,Chrysomelidae,Galerucella,nymphae,Asynaptic,Male,XY,34
Animalia|Insecta|Coleoptera|Chrysomelidae|Galerucella|placida,Animalia,Insecta,Coleoptera,Chrysomelidae,Galerucella,placida,Asynaptic,Male,XY,38
Animalia|Insecta|Coleoptera|Chrysomelidae|Galerucella|sp.,Animalia,Insecta,Coleoptera,Chrysomelidae,Galerucella,sp.,Asynaptic,Male,XY,34
Animalia|Insecta|Coleoptera|Chrysomelidae|Galerucella|tenella,Animalia,Insecta,Coleoptera,Chrysomelidae,Galerucella,tenella,Asynaptic,Male,XY,26
Animalia|Insecta|Coleoptera|Chrysomelidae|Galerucella|vaccinii,Animalia,Insecta,Coleoptera,Chrysomelidae,Galerucella,vaccinii,Asynaptic,Male,XY,34
Animalia|Insecta|Coleoptera|Chrysomelidae|Gastrophysa|cyanea,Animalia,Insecta,Coleoptera,Chrysomelidae,Gastrophysa,cyanea,Asynaptic,Male,XY,30
Animalia|Insecta|Coleoptera|Chrysomelidae|Gastrophysa|poligoni,Animalia,Insecta,Coleoptera,Chrysomelidae,Gastrophysa,poligoni,Asynaptic,Male,XY,24
Animalia|Insecta|Coleoptera|Chrysomelidae|Gastrophysa|viridula,Animalia,Insecta,Coleoptera,Chrysomelidae,Gastrophysa,viridula,Asynaptic,Male,XY,28
Animalia|Insecta|Coleoptera|Chrysomelidae|Genus|nr.,Animalia,Insecta,Coleoptera,Chrysomelidae,Genus,nr.,Asynaptic,Male,XY,32
Animalia|Insecta|Coleoptera|Chrysomelidae|Glyphocassis|trilineata,Animalia,Insecta,Coleoptera,Chrysomelidae,Glyphocassis,trilineata,Asynaptic,Male,XY,16
Animalia|Insecta|Coleoptera|Chrysomelidae|Glyptoscelis|chontalensis,Animalia,Insecta,Coleoptera,Chrysomelidae,Glyptoscelis,chontalensis,Asynaptic,Male,XY,20
Animalia|Insecta|Coleoptera|Chrysomelidae|Glyptoscelis|sp.,Animalia,Insecta,Coleoptera,Chrysomelidae,Glyptoscelis,sp.,Asynaptic,Male,XY,16
Animalia|Insecta|Coleoptera|Chrysomelidae|Gonioctena|americana,Animalia,Insecta,Coleoptera,Chrysomelidae,Gonioctena,americana,Asynaptic,Male,XY,24
Animalia|Insecta|Coleoptera|Chrysomelidae|Gonioctena|linnaeana,Animalia,Insecta,Coleoptera,Chrysomelidae,Gonioctena,linnaeana,Asynaptic,Male,XY,24
Animalia|Insecta|Coleoptera|Chrysomelidae|Gonioctena|nivosa,Animalia,Insecta,Coleoptera,Chrysomelidae,Gonioctena,nivosa,Asynaptic,Male,XY,24
Animalia|Insecta|Coleoptera|Chrysomelidae|Gonioctena|quinquepunctata,Animalia,Insecta,Coleoptera,Chrysomelidae,Gonioctena,quinquepunctata,Asynaptic,Male,XY,24
Animalia|Insecta|Coleoptera|Chrysomelidae|Gonioctena|sibirica,Animalia,Insecta,Coleoptera,Chrysomelidae,Gonioctena,sibirica,Asynaptic,Male,XY,24
Animalia|Insecta|Coleoptera|Chrysomelidae|Gonioctena|springlovae,Animalia,Insecta,Coleoptera,Chrysomelidae,Gonioctena,springlovae,Asynaptic,Male,XY,40
Animalia|Insecta|Coleoptera|Chrysomelidae|Gonioctena|variabilis,Animalia,Insecta,Coleoptera,Chrysomelidae,Gonioctena,variabilis,Asynaptic,Male,XY,24
Animalia|Insecta|Coleoptera|Chrysomelidae|Gonioctena|vimilis,Animalia,Insecta,Coleoptera,Chrysomelidae,Gonioctena,vimilis,Asynaptic,Male,XY,24
Animalia|Insecta|Coleoptera|Chrysomelidae|Gratiana|lutescens,Animalia,Insecta,Coleoptera,Chrysomelidae,Gratiana,lutescens,Asynaptic,Male,XY,18
Animalia|Insecta|Coleoptera|Chrysomelidae|Gratiana|pallidula,Animalia,Insecta,Coleoptera,Chrysomelidae,Gratiana,pallidula,Asynaptic,Male,XY,18
Animalia|Insecta|Coleoptera|Chrysomelidae|Gratiana|spadicea,Animalia,Insecta,Coleoptera,Chrysomelidae,Gratiana,spadicea,Asynaptic,Male,XY,20
Animalia|Insecta|Coleoptera|Chrysomelidae|Helocassis|clavata,Animalia,Insecta,Coleoptera,Chrysomelidae,Helocassis,clavata,Asynaptic,Male,XY,18
Animalia|Insecta|Coleoptera|Chrysomelidae|Henicotherus|porteri,Animalia,Insecta,Coleoptera,Chrysomelidae,Henicotherus,porteri,Asynaptic,Male,XY,28
Animalia|Insecta|Coleoptera|Chrysomelidae|Hilarocassis|exclamationis,Animalia,Insecta,Coleoptera,Chrysomelidae,Hilarocassis,exclamationis,Asynaptic,Male,NA,34
Animalia|Insecta|Coleoptera|Chrysomelidae|Hispa|atra,Animalia,Insecta,Coleoptera,Chrysomelidae,Hispa,atra,Asynaptic,Male,XY,16
Animalia|Insecta|Coleoptera|Chrysomelidae|Hydrothassa|glabra,Animalia,Insecta,Coleoptera,Chrysomelidae,Hydrothassa,glabra,Asynaptic,Male,XY,34
Animalia|Insecta|Coleoptera|Chrysomelidae|Hypolampsis|sp.,Animalia,Insecta,Coleoptera,Chrysomelidae,Hypolampsis,sp.,Asynaptic,Male,XY,22
Animalia|Insecta|Coleoptera|Chrysomelidae|Jolivetia|obscura,Animalia,Insecta,Coleoptera,Chrysomelidae,Jolivetia,obscura,Asynaptic,Male,XY,28
Animalia|Insecta|Coleoptera|Chrysomelidae|Kanarella|sp.,Animalia,Insecta,Coleoptera,Chrysomelidae,Kanarella,sp.,Asynaptic,Male,XY,26
Animalia|Insecta|Coleoptera|Chrysomelidae|Laccoptera|quadrimaculata,Animalia,Insecta,Coleoptera,Chrysomelidae,Laccoptera,quadrimaculata,Asynaptic,Male,XY,18
Animalia|Insecta|Coleoptera|Chrysomelidae|Lachnaia|pubescens,Animalia,Insecta,Coleoptera,Chrysomelidae,Lachnaia,pubescens,Asynaptic,Male,XY,24
Animalia|Insecta|Coleoptera|Chrysomelidae|Lema|cerea,Animalia,Insecta,Coleoptera,Chrysomelidae,Lema,cerea,Asynaptic,Male,XY,14
Animalia|Insecta|Coleoptera|Chrysomelidae|Lema|coromandeliana,Animalia,Insecta,Coleoptera,Chrysomelidae,Lema,coromandeliana,Asynaptic,Male,XY,16
Animalia|Insecta|Coleoptera|Chrysomelidae|Lema|cyanea,Animalia,Insecta,Coleoptera,Chrysomelidae,Lema,cyanea,Asynaptic,Male,XY,24
Animalia|Insecta|Coleoptera|Chrysomelidae|Lema|cyanella,Animalia,Insecta,Coleoptera,Chrysomelidae,Lema,cyanella,Asynaptic,Male,XY,16
Animalia|Insecta|Coleoptera|Chrysomelidae|Lema|dorsalis,Animalia,Insecta,Coleoptera,Chrysomelidae,Lema,dorsalis,Asynaptic,Male,XY,18
Animalia|Insecta|Coleoptera|Chrysomelidae|Lema|n.sp.,Animalia,Insecta,Coleoptera,Chrysomelidae,Lema,n.sp.,Asynaptic,Male,XY,16
Animalia|Insecta|Coleoptera|Chrysomelidae|Lema|nigripes,Animalia,Insecta,Coleoptera,Chrysomelidae,Lema,nigripes,Asynaptic,Male,XY,18
Animalia|Insecta|Coleoptera|Chrysomelidae|Lema|nigrrofrontalis,Animalia,Insecta,Coleoptera,Chrysomelidae,Lema,nigrrofrontalis,Asynaptic,Male,XY,16
Animalia|Insecta|Coleoptera|Chrysomelidae|Lema|praeusta,Animalia,Insecta,Coleoptera,Chrysomelidae,Lema,praeusta,Asynaptic,Male,XY,16
Animalia|Insecta|Coleoptera|Chrysomelidae|Lema|rufotestacea,Animalia,Insecta,Coleoptera,Chrysomelidae,Lema,rufotestacea,Asynaptic,Male,XY,14
Animalia|Insecta|Coleoptera|Chrysomelidae|Lema|semifulva,Animalia,Insecta,Coleoptera,Chrysomelidae,Lema,semifulva,Asynaptic,Male,XY,16
Animalia|Insecta|Coleoptera|Chrysomelidae|Lema|termita,Animalia,Insecta,Coleoptera,Chrysomelidae,Lema,termita,Asynaptic,Male,XY,16
Animalia|Insecta|Coleoptera|Chrysomelidae|Lema|trilineata,Animalia,Insecta,Coleoptera,Chrysomelidae,Lema,trilineata,Asynaptic,Male,XY,32
Animalia|Insecta|Coleoptera|Chrysomelidae|Leptinotarsa|decimlineata,Animalia,Insecta,Coleoptera,Chrysomelidae,Leptinotarsa,decimlineata,Asynaptic,Male,XY,36
Animalia|Insecta|Coleoptera|Chrysomelidae|Leucocera|laevicollis,Animalia,Insecta,Coleoptera,Chrysomelidae,Leucocera,laevicollis,Asynaptic,Male,XY,24
Animalia|Insecta|Coleoptera|Chrysomelidae|Lilioceris|impressa,Animalia,Insecta,Coleoptera,Chrysomelidae,Lilioceris,impressa,Asynaptic,Male,XY,20
Animalia|Insecta|Coleoptera|Chrysomelidae|Lilioceris|lilii,Animalia,Insecta,Coleoptera,Chrysomelidae,Lilioceris,lilii,Asynaptic,Male,XY,22
Animalia|Insecta|Coleoptera|Chrysomelidae|Linaeidea|aenea,Animalia,Insecta,Coleoptera,Chrysomelidae,Linaeidea,aenea,Asynaptic,Male,XY,34
Animalia|Insecta|Coleoptera|Chrysomelidae|Lysathia|ludoviciana,Animalia,Insecta,Coleoptera,Chrysomelidae,Lysathia,ludoviciana,Asynaptic,Male,XY,24
Animalia|Insecta|Coleoptera|Chrysomelidae|Lysathia|occidentalis,Animalia,Insecta,Coleoptera,Chrysomelidae,Lysathia,occidentalis,Asynaptic,Male,XY,24
Animalia|Insecta|Coleoptera|Chrysomelidae|Lysathia|sp.,Animalia,Insecta,Coleoptera,Chrysomelidae,Lysathia,sp.,Asynaptic,Male,XY,24
Animalia|Insecta|Coleoptera|Chrysomelidae|Macrocoma|rufotibialis,Animalia,Insecta,Coleoptera,Chrysomelidae,Macrocoma,rufotibialis,Asynaptic,Male,XY,16
Animalia|Insecta|Coleoptera|Chrysomelidae|Macrohaltica|jamaicensis,Animalia,Insecta,Coleoptera,Chrysomelidae,Macrohaltica,jamaicensis,Asynaptic,Male,XY,24
Animalia|Insecta|Coleoptera|Chrysomelidae|Macrohaltica|mexica,Animalia,Insecta,Coleoptera,Chrysomelidae,Macrohaltica,mexica,Asynaptic,Male,XY,26
Animalia|Insecta|Coleoptera|Chrysomelidae|Macrohaltica|transversa,Animalia,Insecta,Coleoptera,Chrysomelidae,Macrohaltica,transversa,Asynaptic,Male,XY,24
Animalia|Insecta|Coleoptera|Chrysomelidae|Merilia|sublunata,Animalia,Insecta,Coleoptera,Chrysomelidae,Merilia,sublunata,Asynaptic,Male,XY,22
Animalia|Insecta|Coleoptera|Chrysomelidae|Mesoplatys|cincta,Animalia,Insecta,Coleoptera,Chrysomelidae,Mesoplatys,cincta,Asynaptic,Male,XY,24
Animalia|Insecta|Coleoptera|Chrysomelidae|Metriona|elatior,Animalia,Insecta,Coleoptera,Chrysomelidae,Metriona,elatior,Asynaptic,Male,XY,18
Animalia|Insecta|Coleoptera|Chrysomelidae|Microrhopala|vittata,Animalia,Insecta,Coleoptera,Chrysomelidae,Microrhopala,vittata,Asynaptic,Male,XY,32
Animalia|Insecta|Coleoptera|Chrysomelidae|Microtenochira|aciculata,Animalia,Insecta,Coleoptera,Chrysomelidae,Microtenochira,aciculata,Asynaptic,Male,XY,18
Animalia|Insecta|Coleoptera|Chrysomelidae|Microtenochira|optata,Animalia,Insecta,Coleoptera,Chrysomelidae,Microtenochira,optata,Asynaptic,Male,XY,18
Animalia|Insecta|Coleoptera|Chrysomelidae|Microtenochira|quadrata,Animalia,Insecta,Coleoptera,Chrysomelidae,Microtenochira,quadrata,Asynaptic,Male,XY,18
Animalia|Insecta|Coleoptera|Chrysomelidae|Microtheca|ochroloma,Animalia,Insecta,Coleoptera,Chrysomelidae,Microtheca,ochroloma,Asynaptic,Male,XY,28
Animalia|Insecta|Coleoptera|Chrysomelidae|Monolepta|erythrocephala,Animalia,Insecta,Coleoptera,Chrysomelidae,Monolepta,erythrocephala,Asynaptic,Male,XY,26
Animalia|Insecta|Coleoptera|Chrysomelidae|Monolepta|sexsigta,Animalia,Insecta,Coleoptera,Chrysomelidae,Monolepta,sexsigta,Asynaptic,Male,XY,18
Animalia|Insecta|Coleoptera|Chrysomelidae|Monolepta|sigta,Animalia,Insecta,Coleoptera,Chrysomelidae,Monolepta,sigta,Asynaptic,Male,XY,18
Animalia|Insecta|Coleoptera|Chrysomelidae|Monoxia|apicalis,Animalia,Insecta,Coleoptera,Chrysomelidae,Monoxia,apicalis,Asynaptic,Male,XY,32
Animalia|Insecta|Coleoptera|Chrysomelidae|Monoxia|guttulata,Animalia,Insecta,Coleoptera,Chrysomelidae,Monoxia,guttulata,Asynaptic,Male,XY,18
Animalia|Insecta|Coleoptera|Chrysomelidae|Monoxia|obesula,Animalia,Insecta,Coleoptera,Chrysomelidae,Monoxia,obesula,Asynaptic,Male,XY,38
Animalia|Insecta|Coleoptera|Chrysomelidae|Monoxia|sp,Animalia,Insecta,Coleoptera,Chrysomelidae,Monoxia,sp,Asynaptic,Male,XY,18
Animalia|Insecta|Coleoptera|Chrysomelidae|Monoxia|sp.,Animalia,Insecta,Coleoptera,Chrysomelidae,Monoxia,sp.,Asynaptic,Male,XY,20
Animalia|Insecta|Coleoptera|Chrysomelidae|Neocrepidodera|transversa,Animalia,Insecta,Coleoptera,Chrysomelidae,Neocrepidodera,transversa,Asynaptic,Male,XY,38
Animalia|Insecta|Coleoptera|Chrysomelidae|Nodonota|aridicola,Animalia,Insecta,Coleoptera,Chrysomelidae,Nodonota,aridicola,Asynaptic,Male,XY,12
Animalia|Insecta|Coleoptera|Chrysomelidae|Nodonota|lateralis,Animalia,Insecta,Coleoptera,Chrysomelidae,Nodonota,lateralis,Asynaptic,Male,XY,12
Animalia|Insecta|Coleoptera|Chrysomelidae|Nodonota|puncticollis,Animalia,Insecta,Coleoptera,Chrysomelidae,Nodonota,puncticollis,Asynaptic,Male,XY,12
Animalia|Insecta|Coleoptera|Chrysomelidae|Nodonota|virdis,Animalia,Insecta,Coleoptera,Chrysomelidae,Nodonota,virdis,Asynaptic,Male,XY,16
Animalia|Insecta|Coleoptera|Chrysomelidae|Notosacantha|maculipennis,Animalia,Insecta,Coleoptera,Chrysomelidae,Notosacantha,maculipennis,Asynaptic,Male,XY,16
Animalia|Insecta|Coleoptera|Chrysomelidae|Octotoma|scabripennis,Animalia,Insecta,Coleoptera,Chrysomelidae,Octotoma,scabripennis,Asynaptic,Male,XY,20
Animalia|Insecta|Coleoptera|Chrysomelidae|Odontota|dorsalis,Animalia,Insecta,Coleoptera,Chrysomelidae,Odontota,dorsalis,Asynaptic,Male,XY,16
Animalia|Insecta|Coleoptera|Chrysomelidae|Oedionychus|cinctus,Animalia,Insecta,Coleoptera,Chrysomelidae,Oedionychus,cinctus,Asynaptic,Male,XY,16
Animalia|Insecta|Coleoptera|Chrysomelidae|Oedionychus|limbatus,Animalia,Insecta,Coleoptera,Chrysomelidae,Oedionychus,limbatus,Asynaptic,Male,XY,16
Animalia|Insecta|Coleoptera|Chrysomelidae|Oedionychus|sp.,Animalia,Insecta,Coleoptera,Chrysomelidae,Oedionychus,sp.,Asynaptic,Male,XY,22
Animalia|Insecta|Coleoptera|Chrysomelidae|Oedionychus|umbratica,Animalia,Insecta,Coleoptera,Chrysomelidae,Oedionychus,umbratica,Asynaptic,Male,XY,22
Animalia|Insecta|Coleoptera|Chrysomelidae|Omophoita|aequatorialis,Animalia,Insecta,Coleoptera,Chrysomelidae,Omophoita,aequatorialis,Asynaptic,Male,XY,22
Animalia|Insecta|Coleoptera|Chrysomelidae|Omophoita|aequinoctialis,Animalia,Insecta,Coleoptera,Chrysomelidae,Omophoita,aequinoctialis,Asynaptic,Male,XY,22
Animalia|Insecta|Coleoptera|Chrysomelidae|Omophoita|albicollis,Animalia,Insecta,Coleoptera,Chrysomelidae,Omophoita,albicollis,Asynaptic,Male,XY,22
Animalia|Insecta|Coleoptera|Chrysomelidae|Omophoita|angustolineata,Animalia,Insecta,Coleoptera,Chrysomelidae,Omophoita,angustolineata,Asynaptic,Male,XY,22
Animalia|Insecta|Coleoptera|Chrysomelidae|Omophoita|annularis,Animalia,Insecta,Coleoptera,Chrysomelidae,Omophoita,annularis,Asynaptic,Male,XY,22
Animalia|Insecta|Coleoptera|Chrysomelidae|Omophoita|clerica,Animalia,Insecta,Coleoptera,Chrysomelidae,Omophoita,clerica,Asynaptic,Male,NA,22
Animalia|Insecta|Coleoptera|Chrysomelidae|Omophoita|cyanipennis,Animalia,Insecta,Coleoptera,Chrysomelidae,Omophoita,cyanipennis,Asynaptic,Male,XY,22
Animalia|Insecta|Coleoptera|Chrysomelidae|Omophoita|latitarsis,Animalia,Insecta,Coleoptera,Chrysomelidae,Omophoita,latitarsis,Asynaptic,Male,XY,22
Animalia|Insecta|Coleoptera|Chrysomelidae|Omophoita|luta,Animalia,Insecta,Coleoptera,Chrysomelidae,Omophoita,luta,Asynaptic,Male,XY,24
Animalia|Insecta|Coleoptera|Chrysomelidae|Omophoita|magniguttis,Animalia,Insecta,Coleoptera,Chrysomelidae,Omophoita,magniguttis,Asynaptic,Male,XY,22
Animalia|Insecta|Coleoptera|Chrysomelidae|Omophoita|octoguttata,Animalia,Insecta,Coleoptera,Chrysomelidae,Omophoita,octoguttata,Asynaptic,Male,XY,22
Animalia|Insecta|Coleoptera|Chrysomelidae|Omophoita|persota,Animalia,Insecta,Coleoptera,Chrysomelidae,Omophoita,persota,Asynaptic,Male,XY,22
Animalia|Insecta|Coleoptera|Chrysomelidae|Omophoita|quadrinotata,Animalia,Insecta,Coleoptera,Chrysomelidae,Omophoita,quadrinotata,Asynaptic,Male,XY,22
Animalia|Insecta|Coleoptera|Chrysomelidae|Omophoita|sexnotata,Animalia,Insecta,Coleoptera,Chrysomelidae,Omophoita,sexnotata,Asynaptic,Male,XY,22
Animalia|Insecta|Coleoptera|Chrysomelidae|Omophoita|superba,Animalia,Insecta,Coleoptera,Chrysomelidae,Omophoita,superba,Asynaptic,Male,XY,22
Animalia|Insecta|Coleoptera|Chrysomelidae|Oocassida|pudibunda,Animalia,Insecta,Coleoptera,Chrysomelidae,Oocassida,pudibunda,Asynaptic,Male,XY,39
Animalia|Insecta|Coleoptera|Chrysomelidae|Ophrida|marmorea,Animalia,Insecta,Coleoptera,Chrysomelidae,Ophrida,marmorea,Asynaptic,Male,XY,32
Animalia|Insecta|Coleoptera|Chrysomelidae|Oreina|elongata,Animalia,Insecta,Coleoptera,Chrysomelidae,Oreina,elongata,Asynaptic,Male,XY,24
Animalia|Insecta|Coleoptera|Chrysomelidae|Oreina|fairmairiana,Animalia,Insecta,Coleoptera,Chrysomelidae,Oreina,fairmairiana,Asynaptic,Male,XY,24
Animalia|Insecta|Coleoptera|Chrysomelidae|Oreina|ganglbaueri,Animalia,Insecta,Coleoptera,Chrysomelidae,Oreina,ganglbaueri,Asynaptic,Male,XY,24
Animalia|Insecta|Coleoptera|Chrysomelidae|Oreina|intricata,Animalia,Insecta,Coleoptera,Chrysomelidae,Oreina,intricata,Asynaptic,Male,XY,24
Animalia|Insecta|Coleoptera|Chrysomelidae|Oreina|variabilis,Animalia,Insecta,Coleoptera,Chrysomelidae,Oreina,variabilis,Asynaptic,Male,XY,24
Animalia|Insecta|Coleoptera|Chrysomelidae|Oreina|virgulata,Animalia,Insecta,Coleoptera,Chrysomelidae,Oreina,virgulata,Asynaptic,Male,XY,24
Animalia|Insecta|Coleoptera|Chrysomelidae|Oreinana|alpestris,Animalia,Insecta,Coleoptera,Chrysomelidae,Oreinana,alpestris,Asynaptic,Male,XY,24
Animalia|Insecta|Coleoptera|Chrysomelidae|Oreinana|cacaliae,Animalia,Insecta,Coleoptera,Chrysomelidae,Oreinana,cacaliae,Asynaptic,Male,XY,24
Animalia|Insecta|Coleoptera|Chrysomelidae|Oulema|downesi,Animalia,Insecta,Coleoptera,Chrysomelidae,Oulema,downesi,Asynaptic,Male,XY,22
Animalia|Insecta|Coleoptera|Chrysomelidae|Oulema|gallaecia,Animalia,Insecta,Coleoptera,Chrysomelidae,Oulema,gallaecia,Asynaptic,Male,XY,16
Animalia|Insecta|Coleoptera|Chrysomelidae|Oulema|hoffmannseggi,Animalia,Insecta,Coleoptera,Chrysomelidae,Oulema,hoffmannseggi,Asynaptic,Male,XY,16
Animalia|Insecta|Coleoptera|Chrysomelidae|Oulema|melanopus,Animalia,Insecta,Coleoptera,Chrysomelidae,Oulema,melanopus,Asynaptic,Male,XY,16
Animalia|Insecta|Coleoptera|Chrysomelidae|Oulema|tristis,Animalia,Insecta,Coleoptera,Chrysomelidae,Oulema,tristis,Asynaptic,Male,XY,16
Animalia|Insecta|Coleoptera|Chrysomelidae|Oxylepus|deflexicollis,Animalia,Insecta,Coleoptera,Chrysomelidae,Oxylepus,deflexicollis,Asynaptic,Male,XY,18
Animalia|Insecta|Coleoptera|Chrysomelidae|Pachybrachus|azuereus,Animalia,Insecta,Coleoptera,Chrysomelidae,Pachybrachus,azuereus,Asynaptic,Male,XY,16
Animalia|Insecta|Coleoptera|Chrysomelidae|Pachybrachus|bivittatus,Animalia,Insecta,Coleoptera,Chrysomelidae,Pachybrachus,bivittatus,Asynaptic,Male,XY,16
Animalia|Insecta|Coleoptera|Chrysomelidae|Pachybrachus|catalonicus,Animalia,Insecta,Coleoptera,Chrysomelidae,Pachybrachus,catalonicus,Asynaptic,Male,XY,16
Animalia|Insecta|Coleoptera|Chrysomelidae|Pachybrachus|melanostrictus,Animalia,Insecta,Coleoptera,Chrysomelidae,Pachybrachus,melanostrictus,Asynaptic,Male,XY,16
Animalia|Insecta|Coleoptera|Chrysomelidae|Pachybrachus|peccans,Animalia,Insecta,Coleoptera,Chrysomelidae,Pachybrachus,peccans,Asynaptic,Male,XY,16
Animalia|Insecta|Coleoptera|Chrysomelidae|Pachybrachus|petitpierrei,Animalia,Insecta,Coleoptera,Chrysomelidae,Pachybrachus,petitpierrei,Asynaptic,Male,XY,16
Animalia|Insecta|Coleoptera|Chrysomelidae|Pachymerus|chinensis,Animalia,Insecta,Coleoptera,Chrysomelidae,Pachymerus,chinensis,Asynaptic,Male,XY,20
Animalia|Insecta|Coleoptera|Chrysomelidae|Paranaita|bilimbata,Animalia,Insecta,Coleoptera,Chrysomelidae,Paranaita,bilimbata,Asynaptic,Male,XY,22
Animalia|Insecta|Coleoptera|Chrysomelidae|Paranaita|opima,Animalia,Insecta,Coleoptera,Chrysomelidae,Paranaita,opima,Asynaptic,Male,XY,22
Animalia|Insecta|Coleoptera|Chrysomelidae|Paranaita|sanguinipes,Animalia,Insecta,Coleoptera,Chrysomelidae,Paranaita,sanguinipes,Asynaptic,Male,XY,22
Animalia|Insecta|Coleoptera|Chrysomelidae|Paraselenis|flava,Animalia,Insecta,Coleoptera,Chrysomelidae,Paraselenis,flava,Asynaptic,Male,XY,42
Animalia|Insecta|Coleoptera|Chrysomelidae|Parasyphraea|sp.,Animalia,Insecta,Coleoptera,Chrysomelidae,Parasyphraea,sp.,Asynaptic,Male,XY,20
Animalia|Insecta|Coleoptera|Chrysomelidae|Paria|sp.,Animalia,Insecta,Coleoptera,Chrysomelidae,Paria,sp.,Asynaptic,Male,XY,16
Animalia|Insecta|Coleoptera|Chrysomelidae|Paropsis|aegrota,Animalia,Insecta,Coleoptera,Chrysomelidae,Paropsis,aegrota,Asynaptic,Male,XY,24
Animalia|Insecta|Coleoptera|Chrysomelidae|Paropsis|atomaria,Animalia,Insecta,Coleoptera,Chrysomelidae,Paropsis,atomaria,Asynaptic,Male,XY,24
Animalia|Insecta|Coleoptera|Chrysomelidae|Paropsis|porosa,Animalia,Insecta,Coleoptera,Chrysomelidae,Paropsis,porosa,Asynaptic,Male,XY,24
Animalia|Insecta|Coleoptera|Chrysomelidae|Paropsis|rubidipes,Animalia,Insecta,Coleoptera,Chrysomelidae,Paropsis,rubidipes,Asynaptic,Male,XY,24
Animalia|Insecta|Coleoptera|Chrysomelidae|Paropsisterna|beata,Animalia,Insecta,Coleoptera,Chrysomelidae,Paropsisterna,beata,Asynaptic,Male,XY,24
Animalia|Insecta|Coleoptera|Chrysomelidae|Paropsisterna|nucea,Animalia,Insecta,Coleoptera,Chrysomelidae,Paropsisterna,nucea,Asynaptic,Male,XY,24
Animalia|Insecta|Coleoptera|Chrysomelidae|Paropsisterna|octosignata,Animalia,Insecta,Coleoptera,Chrysomelidae,Paropsisterna,octosignata,Asynaptic,Male,XY,24
Animalia|Insecta|Coleoptera|Chrysomelidae|Phaedon|affine,Animalia,Insecta,Coleoptera,Chrysomelidae,Phaedon,affine,Asynaptic,Male,XY,34
Animalia|Insecta|Coleoptera|Chrysomelidae|Phaedon|cochleariae,Animalia,Insecta,Coleoptera,Chrysomelidae,Phaedon,cochleariae,Asynaptic,Male,XY,34
Animalia|Insecta|Coleoptera|Chrysomelidae|Phaedon|consimile,Animalia,Insecta,Coleoptera,Chrysomelidae,Phaedon,consimile,Asynaptic,Male,XY,34
Animalia|Insecta|Coleoptera|Chrysomelidae|Phaedon|cyanopterum,Animalia,Insecta,Coleoptera,Chrysomelidae,Phaedon,cyanopterum,Asynaptic,Male,XY,34
Animalia|Insecta|Coleoptera|Chrysomelidae|Phaedon|tumidulus,Animalia,Insecta,Coleoptera,Chrysomelidae,Phaedon,tumidulus,Asynaptic,Male,XY,34
Animalia|Insecta|Coleoptera|Chrysomelidae|Phanaeta|aida,Animalia,Insecta,Coleoptera,Chrysomelidae,Phanaeta,aida,Asynaptic,Male,XY,20
Animalia|Insecta|Coleoptera|Chrysomelidae|Phenrica|aequinoctialiformis,Animalia,Insecta,Coleoptera,Chrysomelidae,Phenrica,aequinoctialiformis,Asynaptic,Male,NA,40
Animalia|Insecta|Coleoptera|Chrysomelidae|Phenrica|austriaca,Animalia,Insecta,Coleoptera,Chrysomelidae,Phenrica,austriaca,Asynaptic,Male,NA,46
Animalia|Insecta|Coleoptera|Chrysomelidae|Philhydronopa|sp.,Animalia,Insecta,Coleoptera,Chrysomelidae,Philhydronopa,sp.,Asynaptic,Male,XY,24
Animalia|Insecta|Coleoptera|Chrysomelidae|Phratora|laticollis,Animalia,Insecta,Coleoptera,Chrysomelidae,Phratora,laticollis,Asynaptic,Male,XY,34
Animalia|Insecta|Coleoptera|Chrysomelidae|Phratora|polaris,Animalia,Insecta,Coleoptera,Chrysomelidae,Phratora,polaris,Asynaptic,Male,XY,34
Animalia|Insecta|Coleoptera|Chrysomelidae|Phratora|tibialis,Animalia,Insecta,Coleoptera,Chrysomelidae,Phratora,tibialis,Asynaptic,Male,XY,34
Animalia|Insecta|Coleoptera|Chrysomelidae|Phratora|vitellinae,Animalia,Insecta,Coleoptera,Chrysomelidae,Phratora,vitellinae,Asynaptic,Male,XY,34
Animalia|Insecta|Coleoptera|Chrysomelidae|Phratora|vulgatissima,Animalia,Insecta,Coleoptera,Chrysomelidae,Phratora,vulgatissima,Asynaptic,Male,XY,34
Animalia|Insecta|Coleoptera|Chrysomelidae|Phyllotreta|diademata,Animalia,Insecta,Coleoptera,Chrysomelidae,Phyllotreta,diademata,Asynaptic,Male,XY,30
Animalia|Insecta|Coleoptera|Chrysomelidae|Phyllotreta|fallax,Animalia,Insecta,Coleoptera,Chrysomelidae,Phyllotreta,fallax,Asynaptic,Male,XY,32
Animalia|Insecta|Coleoptera|Chrysomelidae|Phyllotreta|nemorum,Animalia,Insecta,Coleoptera,Chrysomelidae,Phyllotreta,nemorum,Asynaptic,Male,XY,32
Animalia|Insecta|Coleoptera|Chrysomelidae|Plagiodera|atritarsis,Animalia,Insecta,Coleoptera,Chrysomelidae,Plagiodera,atritarsis,Asynaptic,Male,XY,30
Animalia|Insecta|Coleoptera|Chrysomelidae|Plagiodera|erythroptera,Animalia,Insecta,Coleoptera,Chrysomelidae,Plagiodera,erythroptera,Asynaptic,Male,XY,30
Animalia|Insecta|Coleoptera|Chrysomelidae|Plagiodera|rufescens,Animalia,Insecta,Coleoptera,Chrysomelidae,Plagiodera,rufescens,Asynaptic,Male,XY,30
Animalia|Insecta|Coleoptera|Chrysomelidae|Plagiodera|versicolora,Animalia,Insecta,Coleoptera,Chrysomelidae,Plagiodera,versicolora,Asynaptic,Male,XY,28
Animalia|Insecta|Coleoptera|Chrysomelidae|Platycorinus|modestus,Animalia,Insecta,Coleoptera,Chrysomelidae,Platycorinus,modestus,Asynaptic,Male,XY,30
Animalia|Insecta|Coleoptera|Chrysomelidae|Platycorinus|peregrinus,Animalia,Insecta,Coleoptera,Chrysomelidae,Platycorinus,peregrinus,Asynaptic,Male,XY,30
Animalia|Insecta|Coleoptera|Chrysomelidae|Platycorinus|sp.,Animalia,Insecta,Coleoptera,Chrysomelidae,Platycorinus,sp.,Asynaptic,Male,XY,26
Animalia|Insecta|Coleoptera|Chrysomelidae|Platyphora|aulica,Animalia,Insecta,Coleoptera,Chrysomelidae,Platyphora,aulica,Asynaptic,Male,XY,24
Animalia|Insecta|Coleoptera|Chrysomelidae|Platyphora|spectablis,Animalia,Insecta,Coleoptera,Chrysomelidae,Platyphora,spectablis,Asynaptic,Male,XY,24
Animalia|Insecta|Coleoptera|Chrysomelidae|Platypria|hystrix,Animalia,Insecta,Coleoptera,Chrysomelidae,Platypria,hystrix,Asynaptic,Male,XY,16
Animalia|Insecta|Coleoptera|Chrysomelidae|Platyprosopus|rubidus,Animalia,Insecta,Coleoptera,Chrysomelidae,Platyprosopus,rubidus,Asynaptic,Male,XY,22
Animalia|Insecta|Coleoptera|Chrysomelidae|Podagrica|fuscicornis,Animalia,Insecta,Coleoptera,Chrysomelidae,Podagrica,fuscicornis,Asynaptic,Male,XY,40
Animalia|Insecta|Coleoptera|Chrysomelidae|Podagrica|fuscipes,Animalia,Insecta,Coleoptera,Chrysomelidae,Podagrica,fuscipes,Asynaptic,Male,XY,40
Animalia|Insecta|Coleoptera|Chrysomelidae|Podagrica|malvae,Animalia,Insecta,Coleoptera,Chrysomelidae,Podagrica,malvae,Asynaptic,Male,XY,40
Animalia|Insecta|Coleoptera|Chrysomelidae|Podagrica|menestriesi,Animalia,Insecta,Coleoptera,Chrysomelidae,Podagrica,menestriesi,Asynaptic,Male,XY,40
Animalia|Insecta|Coleoptera|Chrysomelidae|Polyconia|caroli,Animalia,Insecta,Coleoptera,Chrysomelidae,Polyconia,caroli,Asynaptic,Male,XY,16
Animalia|Insecta|Coleoptera|Chrysomelidae|Psylliodes|algirica,Animalia,Insecta,Coleoptera,Chrysomelidae,Psylliodes,algirica,Asynaptic,Male,XY,30
Animalia|Insecta|Coleoptera|Chrysomelidae|Psylliodes|chrysocephalus,Animalia,Insecta,Coleoptera,Chrysomelidae,Psylliodes,chrysocephalus,Asynaptic,Male,XY,36
Animalia|Insecta|Coleoptera|Chrysomelidae|Psylliodes|circumdata,Animalia,Insecta,Coleoptera,Chrysomelidae,Psylliodes,circumdata,Asynaptic,Male,XY,32
Animalia|Insecta|Coleoptera|Chrysomelidae|Psylliodes|cupreus,Animalia,Insecta,Coleoptera,Chrysomelidae,Psylliodes,cupreus,Asynaptic,Male,XY,34
Animalia|Insecta|Coleoptera|Chrysomelidae|Psylliodes|marcidus,Animalia,Insecta,Coleoptera,Chrysomelidae,Psylliodes,marcidus,Asynaptic,Male,XY,34
Animalia|Insecta|Coleoptera|Chrysomelidae|Psylliodes|napi,Animalia,Insecta,Coleoptera,Chrysomelidae,Psylliodes,napi,Asynaptic,Male,XY,34
Animalia|Insecta|Coleoptera|Chrysomelidae|Psylliodes|obscuroaeneus,Animalia,Insecta,Coleoptera,Chrysomelidae,Psylliodes,obscuroaeneus,Asynaptic,Male,XY,32
Animalia|Insecta|Coleoptera|Chrysomelidae|Psylliodes|thlaspis,Animalia,Insecta,Coleoptera,Chrysomelidae,Psylliodes,thlaspis,Asynaptic,Male,XY,34
Animalia|Insecta|Coleoptera|Chrysomelidae|Pyrrhalta|viburni,Animalia,Insecta,Coleoptera,Chrysomelidae,Pyrrhalta,viburni,Asynaptic,Male,XY,36
Animalia|Insecta|Coleoptera|Chrysomelidae|Rhytidocassis|indicola,Animalia,Insecta,Coleoptera,Chrysomelidae,Rhytidocassis,indicola,Asynaptic,Male,XY,18
Animalia|Insecta|Coleoptera|Chrysomelidae|Sceloenopla|mantecada,Animalia,Insecta,Coleoptera,Chrysomelidae,Sceloenopla,mantecada,Asynaptic,Male,XY,18
Animalia|Insecta|Coleoptera|Chrysomelidae|Sermylassa|halensis,Animalia,Insecta,Coleoptera,Chrysomelidae,Sermylassa,halensis,Asynaptic,Male,XY,44
Animalia|Insecta|Coleoptera|Chrysomelidae|Smaragdina|longicornis,Animalia,Insecta,Coleoptera,Chrysomelidae,Smaragdina,longicornis,Asynaptic,Male,XY,24
Animalia|Insecta|Coleoptera|Chrysomelidae|Specularius|maindroni,Animalia,Insecta,Coleoptera,Chrysomelidae,Specularius,maindroni,Asynaptic,Male,XY,22
Animalia|Insecta|Coleoptera|Chrysomelidae|Spermophagus|latescenta,Animalia,Insecta,Coleoptera,Chrysomelidae,Spermophagus,latescenta,Asynaptic,Male,XY,32
Animalia|Insecta|Coleoptera|Chrysomelidae|Spintherophyta|sp.,Animalia,Insecta,Coleoptera,Chrysomelidae,Spintherophyta,sp.,Asynaptic,Male,XY,12
Animalia|Insecta|Coleoptera|Chrysomelidae|Sterromela|interlita,Animalia,Insecta,Coleoptera,Chrysomelidae,Sterromela,interlita,Asynaptic,Male,XY,24
Animalia|Insecta|Coleoptera|Chrysomelidae|Sterromela|lineata,Animalia,Insecta,Coleoptera,Chrysomelidae,Sterromela,lineata,Asynaptic,Male,XY,24
Animalia|Insecta|Coleoptera|Chrysomelidae|Stolas|chalybeus,Animalia,Insecta,Coleoptera,Chrysomelidae,Stolas,chalybeus,Asynaptic,Male,XY,24
Animalia|Insecta|Coleoptera|Chrysomelidae|Stolas|festiva,Animalia,Insecta,Coleoptera,Chrysomelidae,Stolas,festiva,Asynaptic,Male,XY,22
Animalia|Insecta|Coleoptera|Chrysomelidae|Stolas|lacordairei,Animalia,Insecta,Coleoptera,Chrysomelidae,Stolas,lacordairei,Asynaptic,Male,XY,30
Animalia|Insecta|Coleoptera|Chrysomelidae|Stolas|sp.,Animalia,Insecta,Coleoptera,Chrysomelidae,Stolas,sp.,Asynaptic,Male,NA,30
Animalia|Insecta|Coleoptera|Chrysomelidae|Strichosa|eburata,Animalia,Insecta,Coleoptera,Chrysomelidae,Strichosa,eburata,Asynaptic,Male,XY,24
Animalia|Insecta|Coleoptera|Chrysomelidae|Syphraea|cubana,Animalia,Insecta,Coleoptera,Chrysomelidae,Syphraea,cubana,Asynaptic,Male,XY,24
Animalia|Insecta|Coleoptera|Chrysomelidae|Syphraea|cylindrica,Animalia,Insecta,Coleoptera,Chrysomelidae,Syphraea,cylindrica,Asynaptic,Male,XY,24
Animalia|Insecta|Coleoptera|Chrysomelidae|Timarcha|affinis,Animalia,Insecta,Coleoptera,Chrysomelidae,Timarcha,affinis,Asynaptic,Male,XY,20
Animalia|Insecta|Coleoptera|Chrysomelidae|Timarcha|balearica,Animalia,Insecta,Coleoptera,Chrysomelidae,Timarcha,balearica,Asynaptic,Male,XY,22
Animalia|Insecta|Coleoptera|Chrysomelidae|Timarcha|calceata,Animalia,Insecta,Coleoptera,Chrysomelidae,Timarcha,calceata,Asynaptic,Male,XY,30
Animalia|Insecta|Coleoptera|Chrysomelidae|Timarcha|carmelee,Animalia,Insecta,Coleoptera,Chrysomelidae,Timarcha,carmelee,Asynaptic,Male,XY,20
Animalia|Insecta|Coleoptera|Chrysomelidae|Timarcha|catalaunensis,Animalia,Insecta,Coleoptera,Chrysomelidae,Timarcha,catalaunensis,Asynaptic,Male,XY,20
Animalia|Insecta|Coleoptera|Chrysomelidae|Timarcha|cyanescens,Animalia,Insecta,Coleoptera,Chrysomelidae,Timarcha,cyanescens,Asynaptic,Male,XY,20
Animalia|Insecta|Coleoptera|Chrysomelidae|Timarcha|erosa,Animalia,Insecta,Coleoptera,Chrysomelidae,Timarcha,erosa,Asynaptic,Male,XY,20
Animalia|Insecta|Coleoptera|Chrysomelidae|Timarcha|espanoli,Animalia,Insecta,Coleoptera,Chrysomelidae,Timarcha,espanoli,Asynaptic,Male,XY,26
Animalia|Insecta|Coleoptera|Chrysomelidae|Timarcha|fallax,Animalia,Insecta,Coleoptera,Chrysomelidae,Timarcha,fallax,Asynaptic,Male,XY,20
Animalia|Insecta|Coleoptera|Chrysomelidae|Timarcha|geniculata,Animalia,Insecta,Coleoptera,Chrysomelidae,Timarcha,geniculata,Asynaptic,Male,XY,20
Animalia|Insecta|Coleoptera|Chrysomelidae|Timarcha|goettingensis,Animalia,Insecta,Coleoptera,Chrysomelidae,Timarcha,goettingensis,Asynaptic,Male,XY,20
Animalia|Insecta|Coleoptera|Chrysomelidae|Timarcha|insparsa,Animalia,Insecta,Coleoptera,Chrysomelidae,Timarcha,insparsa,Asynaptic,Male,XY,20
Animalia|Insecta|Coleoptera|Chrysomelidae|Timarcha|intermedia,Animalia,Insecta,Coleoptera,Chrysomelidae,Timarcha,intermedia,Asynaptic,Male,XY,20
Animalia|Insecta|Coleoptera|Chrysomelidae|Timarcha|interstitialis,Animalia,Insecta,Coleoptera,Chrysomelidae,Timarcha,interstitialis,Asynaptic,Male,XY,20
Animalia|Insecta|Coleoptera|Chrysomelidae|Timarcha|intricata,Animalia,Insecta,Coleoptera,Chrysomelidae,Timarcha,intricata,Asynaptic,Male,XY,44
Animalia|Insecta|Coleoptera|Chrysomelidae|Timarcha|laevigata,Animalia,Insecta,Coleoptera,Chrysomelidae,Timarcha,laevigata,Asynaptic,Male,XY,28
Animalia|Insecta|Coleoptera|Chrysomelidae|Timarcha|lugens,Animalia,Insecta,Coleoptera,Chrysomelidae,Timarcha,lugens,Asynaptic,Male,XY,20
Animalia|Insecta|Coleoptera|Chrysomelidae|Timarcha|marginicollis,Animalia,Insecta,Coleoptera,Chrysomelidae,Timarcha,marginicollis,Asynaptic,Male,XY,20
Animalia|Insecta|Coleoptera|Chrysomelidae|Timarcha|maritima,Animalia,Insecta,Coleoptera,Chrysomelidae,Timarcha,maritima,Asynaptic,Male,XY,20
Animalia|Insecta|Coleoptera|Chrysomelidae|Timarcha|metallica,Animalia,Insecta,Coleoptera,Chrysomelidae,Timarcha,metallica,Asynaptic,Male,XY,20
Animalia|Insecta|Coleoptera|Chrysomelidae|Timarcha|monserratensis,Animalia,Insecta,Coleoptera,Chrysomelidae,Timarcha,monserratensis,Asynaptic,Male,XY,20
Animalia|Insecta|Coleoptera|Chrysomelidae|Timarcha|parvicollis,Animalia,Insecta,Coleoptera,Chrysomelidae,Timarcha,parvicollis,Asynaptic,Male,XY,24
Animalia|Insecta|Coleoptera|Chrysomelidae|Timarcha|perezi,Animalia,Insecta,Coleoptera,Chrysomelidae,Timarcha,perezi,Asynaptic,Male,XY,20
Animalia|Insecta|Coleoptera|Chrysomelidae|Timarcha|pimelioides,Animalia,Insecta,Coleoptera,Chrysomelidae,Timarcha,pimelioides,Asynaptic,Male,XY,28
Animalia|Insecta|Coleoptera|Chrysomelidae|Timarcha|pratensis,Animalia,Insecta,Coleoptera,Chrysomelidae,Timarcha,pratensis,Asynaptic,Male,XY,26
Animalia|Insecta|Coleoptera|Chrysomelidae|Timarcha|recticollis,Animalia,Insecta,Coleoptera,Chrysomelidae,Timarcha,recticollis,Asynaptic,Male,XY,20
Animalia|Insecta|Coleoptera|Chrysomelidae|Timarcha|rugosa,Animalia,Insecta,Coleoptera,Chrysomelidae,Timarcha,rugosa,Asynaptic,Male,XY,26
Animalia|Insecta|Coleoptera|Chrysomelidae|Timarcha|scabripennis,Animalia,Insecta,Coleoptera,Chrysomelidae,Timarcha,scabripennis,Asynaptic,Male,XY,24
Animalia|Insecta|Coleoptera|Chrysomelidae|Timarcha|sicelidis,Animalia,Insecta,Coleoptera,Chrysomelidae,Timarcha,sicelidis,Asynaptic,Male,XY,20
Animalia|Insecta|Coleoptera|Chrysomelidae|Timarcha|sinuatocollis,Animalia,Insecta,Coleoptera,Chrysomelidae,Timarcha,sinuatocollis,Asynaptic,Male,XY,20
Animalia|Insecta|Coleoptera|Chrysomelidae|Timarcha|strangulata,Animalia,Insecta,Coleoptera,Chrysomelidae,Timarcha,strangulata,Asynaptic,Male,XY,28
Animalia|Insecta|Coleoptera|Chrysomelidae|Timarcha|tangeria,Animalia,Insecta,Coleoptera,Chrysomelidae,Timarcha,tangeria,Asynaptic,Male,XY,26
Animalia|Insecta|Coleoptera|Chrysomelidae|Timarcha|tenebricosa,Animalia,Insecta,Coleoptera,Chrysomelidae,Timarcha,tenebricosa,Asynaptic,Male,XY,22
Animalia|Insecta|Coleoptera|Chrysomelidae|Timarcha|ventricosa,Animalia,Insecta,Coleoptera,Chrysomelidae,Timarcha,ventricosa,Asynaptic,Male,XY,26
Animalia|Insecta|Coleoptera|Chrysomelidae|Trirhabda|cadensis,Animalia,Insecta,Coleoptera,Chrysomelidae,Trirhabda,cadensis,Asynaptic,Male,XY,30
Animalia|Insecta|Coleoptera|Chrysomelidae|Typophorus|nigritus,Animalia,Insecta,Coleoptera,Chrysomelidae,Typophorus,nigritus,Asynaptic,Male,XY,20
Animalia|Insecta|Coleoptera|Chrysomelidae|Uroplata|girardi,Animalia,Insecta,Coleoptera,Chrysomelidae,Uroplata,girardi,Asynaptic,Male,XY,20
Animalia|Insecta|Coleoptera|Chrysomelidae|Uroplata|nigritarsis,Animalia,Insecta,Coleoptera,Chrysomelidae,Uroplata,nigritarsis,Asynaptic,Male,XY,20
Animalia|Insecta|Coleoptera|Chrysomelidae|Walterianella|eugenia,Animalia,Insecta,Coleoptera,Chrysomelidae,Walterianella,eugenia,Asynaptic,Male,XY,22
Animalia|Insecta|Coleoptera|Chrysomelidae|Walterianella|humilis,Animalia,Insecta,Coleoptera,Chrysomelidae,Walterianella,humilis,Asynaptic,Male,XY,22
Animalia|Insecta|Coleoptera|Chrysomelidae|Walterianella|nr.,Animalia,Insecta,Coleoptera,Chrysomelidae,Walterianella,nr.,Asynaptic,Male,XY,22
Animalia|Insecta|Coleoptera|Chrysomelidae|Walterianella|opthalmica,Animalia,Insecta,Coleoptera,Chrysomelidae,Walterianella,opthalmica,Asynaptic,Male,XY,22
Animalia|Insecta|Coleoptera|Chrysomelidae|Walterianella|sp.,Animalia,Insecta,Coleoptera,Chrysomelidae,Walterianella,sp.,Asynaptic,Male,XY,22
Animalia|Insecta|Coleoptera|Chrysomelidae|Walterianella|venusta,Animalia,Insecta,Coleoptera,Chrysomelidae,Walterianella,venusta,Asynaptic,Male,XY,46
Animalia|Insecta|Coleoptera|Chrysomelidae|Xanthogaleruca|luteola,Animalia,Insecta,Coleoptera,Chrysomelidae,Xanthogaleruca,luteola,Asynaptic,Male,XY,72
Animalia|Insecta|Coleoptera|Chrysomelidae|Yingaresca|variicornis,Animalia,Insecta,Coleoptera,Chrysomelidae,Yingaresca,variicornis,Asynaptic,Male,XY,26
Animalia|Insecta|Coleoptera|Chrysomelidae|Zabrotes|subfasciatus,Animalia,Insecta,Coleoptera,Chrysomelidae,Zabrotes,subfasciatus,Asynaptic,Male,XY,26
Animalia|Insecta|Coleoptera|Chrysomelidae|Zygogramma|bicolorata,Animalia,Insecta,Coleoptera,Chrysomelidae,Zygogramma,bicolorata,Asynaptic,Male,XY,24
Animalia|Insecta|Coleoptera|Ciidae|Octotemnus|aevis,Animalia,Insecta,Coleoptera,Ciidae,Octotemnus,aevis,Asynaptic,Male,XY,22
Animalia|Insecta|Coleoptera|Ciidae|Sulcasis|lengi,Animalia,Insecta,Coleoptera,Ciidae,Sulcasis,lengi,Asynaptic,Male,XY,22
Animalia|Insecta|Coleoptera|Cleridae|Enoclerus|moestus,Animalia,Insecta,Coleoptera,Cleridae,Enoclerus,moestus,Asynaptic,Male,XY,18
Animalia|Insecta|Coleoptera|Cleridae|Enoclerus|nigripes,Animalia,Insecta,Coleoptera,Cleridae,Enoclerus,nigripes,Asynaptic,Male,XY,18
Animalia|Insecta|Coleoptera|Cleridae|Enoclerus|sp.,Animalia,Insecta,Coleoptera,Cleridae,Enoclerus,sp.,Asynaptic,Male,XY,18
Animalia|Insecta|Coleoptera|Cleridae|Necrobia|ruficollis,Animalia,Insecta,Coleoptera,Cleridae,Necrobia,ruficollis,Asynaptic,Male,XY,18
Animalia|Insecta|Coleoptera|Cleridae|Necrobia|rujipes,Animalia,Insecta,Coleoptera,Cleridae,Necrobia,rujipes,Asynaptic,Male,XY,18
Animalia|Insecta|Coleoptera|Cleridae|Priocera|spinosa,Animalia,Insecta,Coleoptera,Cleridae,Priocera,spinosa,Asynaptic,Male,XY,18
Animalia|Insecta|Coleoptera|Cleridae|Thanasimus|dubius,Animalia,Insecta,Coleoptera,Cleridae,Thanasimus,dubius,Asynaptic,Male,XY,18
Animalia|Insecta|Coleoptera|Cleridae|Thanasimus|formicarius,Animalia,Insecta,Coleoptera,Cleridae,Thanasimus,formicarius,Asynaptic,Male,XY,18
Animalia|Insecta|Coleoptera|Cleridae|Thanasimus|undatulus,Animalia,Insecta,Coleoptera,Cleridae,Thanasimus,undatulus,Asynaptic,Male,XY,18
Animalia|Insecta|Coleoptera|Cleridae|Tilloidea|transversalis,Animalia,Insecta,Coleoptera,Cleridae,Tilloidea,transversalis,Asynaptic,Male,XY,18
Animalia|Insecta|Coleoptera|Cleridae|Trichodes|apiarius,Animalia,Insecta,Coleoptera,Cleridae,Trichodes,apiarius,Asynaptic,Male,XY,18
Animalia|Insecta|Coleoptera|Cleridae|Trichodes|favarius,Animalia,Insecta,Coleoptera,Cleridae,Trichodes,favarius,Asynaptic,Male,XY,18
Animalia|Insecta|Coleoptera|Cleridae|Trichodes|nutalli,Animalia,Insecta,Coleoptera,Cleridae,Trichodes,nutalli,Asynaptic,Male,XY,18
Animalia|Insecta|Coleoptera|Cleridae|Trichodes|ornatus,Animalia,Insecta,Coleoptera,Cleridae,Trichodes,ornatus,Asynaptic,Male,XY,18
Animalia|Insecta|Coleoptera|Cleridae|Trichodes|quadriguttatus,Animalia,Insecta,Coleoptera,Cleridae,Trichodes,quadriguttatus,Asynaptic,Male,XY,18
Animalia|Insecta|Coleoptera|Cleridae|Trichodes|reichei,Animalia,Insecta,Coleoptera,Cleridae,Trichodes,reichei,Asynaptic,Male,XY,18
Animalia|Insecta|Coleoptera|Coccinellidae|Adalia|bipunctata,Animalia,Insecta,Coleoptera,Coccinellidae,Adalia,bipunctata,Asynaptic,Male,XY,20
Animalia|Insecta|Coleoptera|Coccinellidae|Adalia|frigida,Animalia,Insecta,Coleoptera,Coccinellidae,Adalia,frigida,Asynaptic,Male,XY,20
Animalia|Insecta|Coleoptera|Coccinellidae|Afissa|parvula,Animalia,Insecta,Coleoptera,Coccinellidae,Afissa,parvula,Asynaptic,Male,XY,18
Animalia|Insecta|Coleoptera|Coccinellidae|Anisocalvia|duodecimmaculata,Animalia,Insecta,Coleoptera,Coccinellidae,Anisocalvia,duodecimmaculata,Asynaptic,Male,XY,20
Animalia|Insecta|Coleoptera|Coccinellidae|Anisocalvia|quatuordecimguttata,Animalia,Insecta,Coleoptera,Coccinellidae,Anisocalvia,quatuordecimguttata,Asynaptic,Male,XY,20
Animalia|Insecta|Coleoptera|Coccinellidae|Aphidecta|axyridis,Animalia,Insecta,Coleoptera,Coccinellidae,Aphidecta,axyridis,Asynaptic,Male,XY,16
Animalia|Insecta|Coleoptera|Coccinellidae|Aphidecta|bruchii,Animalia,Insecta,Coleoptera,Coccinellidae,Aphidecta,bruchii,Asynaptic,Male,XY,18
Animalia|Insecta|Coleoptera|Coccinellidae|Aphidecta|californica,Animalia,Insecta,Coleoptera,Coccinellidae,Aphidecta,californica,Asynaptic,Male,XY,20
Animalia|Insecta|Coleoptera|Coccinellidae|Aphidecta|crotchi,Animalia,Insecta,Coleoptera,Coccinellidae,Aphidecta,crotchi,Asynaptic,Male,XY,20
Animalia|Insecta|Coleoptera|Coccinellidae|Aphidecta|novemnotata,Animalia,Insecta,Coleoptera,Coccinellidae,Aphidecta,novemnotata,Asynaptic,Male,XY,20
Animalia|Insecta|Coleoptera|Coccinellidae|Aphidecta|repanda,Animalia,Insecta,Coleoptera,Coccinellidae,Aphidecta,repanda,Asynaptic,Male,XY,20
Animalia|Insecta|Coleoptera|Coccinellidae|Aphidecta|septempunctata,Animalia,Insecta,Coleoptera,Coccinellidae,Aphidecta,septempunctata,Asynaptic,Male,XY,20
Animalia|Insecta|Coleoptera|Coccinellidae|Aphidecta|transversalis,Animalia,Insecta,Coleoptera,Coccinellidae,Aphidecta,transversalis,Asynaptic,Male,XY,20
Animalia|Insecta|Coleoptera|Coccinellidae|Aphidecta|transversoguttata,Animalia,Insecta,Coleoptera,Coccinellidae,Aphidecta,transversoguttata,Asynaptic,Male,XY,20
Animalia|Insecta|Coleoptera|Coccinellidae|Aphidecta|trifasciata,Animalia,Insecta,Coleoptera,Coccinellidae,Aphidecta,trifasciata,Asynaptic,Male,XY,20
Animalia|Insecta|Coleoptera|Coccinellidae|Chnoodes|sp.,Animalia,Insecta,Coleoptera,Coccinellidae,Chnoodes,sp.,Asynaptic,Male,XY,18
Animalia|Insecta|Coleoptera|Coccinellidae|Coccidula|rufa,Animalia,Insecta,Coleoptera,Coccinellidae,Coccidula,rufa,Asynaptic,Male,XY,20
Animalia|Insecta|Coleoptera|Coccinellidae|Coccidula|scutelata,Animalia,Insecta,Coleoptera,Coccinellidae,Coccidula,scutelata,Asynaptic,Male,XY,20
Animalia|Insecta|Coleoptera|Coccinellidae|Coccinella|transversalis,Animalia,Insecta,Coleoptera,Coccinellidae,Coccinella,transversalis,Asynaptic,Male,XY,20
Animalia|Insecta|Coleoptera|Coccinellidae|Coelophora|inaequalis,Animalia,Insecta,Coleoptera,Coccinellidae,Coelophora,inaequalis,Asynaptic,Male,XY,20
Animalia|Insecta|Coleoptera|Coccinellidae|Coleomegilla|innotata,Animalia,Insecta,Coleoptera,Coccinellidae,Coleomegilla,innotata,Asynaptic,Male,XY,20
Animalia|Insecta|Coleoptera|Coccinellidae|Coleomegilla|maculata,Animalia,Insecta,Coleoptera,Coccinellidae,Coleomegilla,maculata,Asynaptic,Male,XY,20
Animalia|Insecta|Coleoptera|Coccinellidae|Cryptolaemus|montrouzieri,Animalia,Insecta,Coleoptera,Coccinellidae,Cryptolaemus,montrouzieri,Asynaptic,Male,XY,22
Animalia|Insecta|Coleoptera|Coccinellidae|Cycloneda|polita,Animalia,Insecta,Coleoptera,Coccinellidae,Cycloneda,polita,Asynaptic,Male,XY,20
Animalia|Insecta|Coleoptera|Coccinellidae|Cycloneda|sanguinea,Animalia,Insecta,Coleoptera,Coccinellidae,Cycloneda,sanguinea,Asynaptic,Male,XY,20
Animalia|Insecta|Coleoptera|Coccinellidae|Epilachna|admirabilis,Animalia,Insecta,Coleoptera,Coccinellidae,Epilachna,admirabilis,Asynaptic,Male,XY,18
Animalia|Insecta|Coleoptera|Coccinellidae|Epilachna|cacica,Animalia,Insecta,Coleoptera,Coccinellidae,Epilachna,cacica,Asynaptic,Male,XY,10
Animalia|Insecta|Coleoptera|Coccinellidae|Epilachna|dumerili,Animalia,Insecta,Coleoptera,Coccinellidae,Epilachna,dumerili,Asynaptic,Male,XY,16
Animalia|Insecta|Coleoptera|Coccinellidae|Epilachna|obscurella,Animalia,Insecta,Coleoptera,Coccinellidae,Epilachna,obscurella,Asynaptic,Male,XY,18
Animalia|Insecta|Coleoptera|Coccinellidae|Epilachna|paenulata,Animalia,Insecta,Coleoptera,Coccinellidae,Epilachna,paenulata,Asynaptic,Male,XY,18
Animalia|Insecta|Coleoptera|Coccinellidae|Epilachna|sp.,Animalia,Insecta,Coleoptera,Coccinellidae,Epilachna,sp.,Asynaptic,Male,XY,18
Animalia|Insecta|Coleoptera|Coccinellidae|Epilachna|varivestis,Animalia,Insecta,Coleoptera,Coccinellidae,Epilachna,varivestis,Asynaptic,Male,XY,20
Animalia|Insecta|Coleoptera|Coccinellidae|Eriopis|connexa,Animalia,Insecta,Coleoptera,Coccinellidae,Eriopis,connexa,Asynaptic,Male,XY,20
Animalia|Insecta|Coleoptera|Coccinellidae|Harmonia|arcuata,Animalia,Insecta,Coleoptera,Coccinellidae,Harmonia,arcuata,Asynaptic,Male,XY,16
Animalia|Insecta|Coleoptera|Coccinellidae|Henosepilachna|argus,Animalia,Insecta,Coleoptera,Coccinellidae,Henosepilachna,argus,Asynaptic,Male,XY,18
Animalia|Insecta|Coleoptera|Coccinellidae|Henosepilachna|dodecastigma,Animalia,Insecta,Coleoptera,Coccinellidae,Henosepilachna,dodecastigma,Asynaptic,Male,XY,14
Animalia|Insecta|Coleoptera|Coccinellidae|Henosepilachna|nipponica,Animalia,Insecta,Coleoptera,Coccinellidae,Henosepilachna,nipponica,Asynaptic,Male,XY,20
Animalia|Insecta|Coleoptera|Coccinellidae|Henosepilachna|pustulosa,Animalia,Insecta,Coleoptera,Coccinellidae,Henosepilachna,pustulosa,Asynaptic,Male,XY,20
Animalia|Insecta|Coleoptera|Coccinellidae|Henosepilachna|septima,Animalia,Insecta,Coleoptera,Coccinellidae,Henosepilachna,septima,Asynaptic,Male,XY,20
Animalia|Insecta|Coleoptera|Coccinellidae|Henosepilachna|vigintioctomaculata,Animalia,Insecta,Coleoptera,Coccinellidae,Henosepilachna,vigintioctomaculata,Asynaptic,Male,XY,20
Animalia|Insecta|Coleoptera|Coccinellidae|Henosepilachna|vigintioctopunctata,Animalia,Insecta,Coleoptera,Coccinellidae,Henosepilachna,vigintioctopunctata,Asynaptic,Male,XY,18
Animalia|Insecta|Coleoptera|Coccinellidae|Henosepilachna|yasutomii,Animalia,Insecta,Coleoptera,Coccinellidae,Henosepilachna,yasutomii,Asynaptic,Male,XY,20
Animalia|Insecta|Coleoptera|Coccinellidae|Hippodamia|convergens,Animalia,Insecta,Coleoptera,Coccinellidae,Hippodamia,convergens,Asynaptic,Male,XY,20
Animalia|Insecta|Coleoptera|Coccinellidae|Hippodamia|parenthesis,Animalia,Insecta,Coleoptera,Coccinellidae,Hippodamia,parenthesis,Asynaptic,Male,XY,20
Animalia|Insecta|Coleoptera|Coccinellidae|Hippodamia|quinquesigta,Animalia,Insecta,Coleoptera,Coccinellidae,Hippodamia,quinquesigta,Asynaptic,Male,XY,20
Animalia|Insecta|Coleoptera|Coccinellidae|Hippodamia|sinuata,Animalia,Insecta,Coleoptera,Coccinellidae,Hippodamia,sinuata,Asynaptic,Male,XY,20
Animalia|Insecta|Coleoptera|Coccinellidae|Hippodamia|sp.,Animalia,Insecta,Coleoptera,Coccinellidae,Hippodamia,sp.,Asynaptic,Male,XY,20
Animalia|Insecta|Coleoptera|Coccinellidae|Hippodamia|tibialis,Animalia,Insecta,Coleoptera,Coccinellidae,Hippodamia,tibialis,Asynaptic,Male,XY,20
Animalia|Insecta|Coleoptera|Coccinellidae|Hippodamia|tridecimpunctata,Animalia,Insecta,Coleoptera,Coccinellidae,Hippodamia,tridecimpunctata,Asynaptic,Male,XY,20
Animalia|Insecta|Coleoptera|Coccinellidae|Hyperaspis|4-oculata,Animalia,Insecta,Coleoptera,Coccinellidae,Hyperaspis,4-oculata,Asynaptic,Male,XY,14
Animalia|Insecta|Coleoptera|Coccinellidae|Hyperaspis|bigemita,Animalia,Insecta,Coleoptera,Coccinellidae,Hyperaspis,bigemita,Asynaptic,Male,XY,14
Animalia|Insecta|Coleoptera|Coccinellidae|Hyperaspis|billoti,Animalia,Insecta,Coleoptera,Coccinellidae,Hyperaspis,billoti,Asynaptic,Male,XY,16
Animalia|Insecta|Coleoptera|Coccinellidae|Hyperaspis|binotata,Animalia,Insecta,Coleoptera,Coccinellidae,Hyperaspis,binotata,Asynaptic,Male,XY,14
Animalia|Insecta|Coleoptera|Coccinellidae|Hyperaspis|cincta,Animalia,Insecta,Coleoptera,Coccinellidae,Hyperaspis,cincta,Asynaptic,Male,XY,14
Animalia|Insecta|Coleoptera|Coccinellidae|Hyperaspis|congressis,Animalia,Insecta,Coleoptera,Coccinellidae,Hyperaspis,congressis,Asynaptic,Male,XY,14
Animalia|Insecta|Coleoptera|Coccinellidae|Hyperaspis|dissoluta,Animalia,Insecta,Coleoptera,Coccinellidae,Hyperaspis,dissoluta,Asynaptic,Male,XY,14
Animalia|Insecta|Coleoptera|Coccinellidae|Hyperaspis|donzeli,Animalia,Insecta,Coleoptera,Coccinellidae,Hyperaspis,donzeli,Asynaptic,Male,XY,14
Animalia|Insecta|Coleoptera|Coccinellidae|Hyperaspis|jucunda,Animalia,Insecta,Coleoptera,Coccinellidae,Hyperaspis,jucunda,Asynaptic,Male,XY,16
Animalia|Insecta|Coleoptera|Coccinellidae|Hyperaspis|lateralis,Animalia,Insecta,Coleoptera,Coccinellidae,Hyperaspis,lateralis,Asynaptic,Male,XY,14
Animalia|Insecta|Coleoptera|Coccinellidae|Hyperaspis|notatula,Animalia,Insecta,Coleoptera,Coccinellidae,Hyperaspis,notatula,Asynaptic,Male,XY,14
Animalia|Insecta|Coleoptera|Coccinellidae|Hyperaspis|paspalis,Animalia,Insecta,Coleoptera,Coccinellidae,Hyperaspis,paspalis,Asynaptic,Male,XY,14
Animalia|Insecta|Coleoptera|Coccinellidae|Hyperaspis|sp.,Animalia,Insecta,Coleoptera,Coccinellidae,Hyperaspis,sp.,Asynaptic,Male,XY,14
Animalia|Insecta|Coleoptera|Coccinellidae|Hyperaspis|trilineata,Animalia,Insecta,Coleoptera,Coccinellidae,Hyperaspis,trilineata,Asynaptic,Male,XY,14
Animalia|Insecta|Coleoptera|Coccinellidae|Illeis|cincta,Animalia,Insecta,Coleoptera,Coccinellidae,Illeis,cincta,Asynaptic,Male,XY,20
Animalia|Insecta|Coleoptera|Coccinellidae|Illeis|indica,Animalia,Insecta,Coleoptera,Coccinellidae,Illeis,indica,Asynaptic,Male,XY,20
Animalia|Insecta|Coleoptera|Coccinellidae|Menochilus|6-maculatus,Animalia,Insecta,Coleoptera,Coccinellidae,Menochilus,6-maculatus,Asynaptic,Male,XY,20
Animalia|Insecta|Coleoptera|Coccinellidae|Micraspis|cardoni,Animalia,Insecta,Coleoptera,Coccinellidae,Micraspis,cardoni,Asynaptic,Male,XY,20
Animalia|Insecta|Coleoptera|Coccinellidae|Mulsantina|picta,Animalia,Insecta,Coleoptera,Coccinellidae,Mulsantina,picta,Asynaptic,Male,XY,20
Animalia|Insecta|Coleoptera|Coccinellidae|Neda|aequatoriana,Animalia,Insecta,Coleoptera,Coccinellidae,Neda,aequatoriana,Asynaptic,Male,XY,20
Animalia|Insecta|Coleoptera|Coccinellidae|Neomysia|caseyi,Animalia,Insecta,Coleoptera,Coccinellidae,Neomysia,caseyi,Asynaptic,Male,XY,20
Animalia|Insecta|Coleoptera|Coccinellidae|Neomysia|orego,Animalia,Insecta,Coleoptera,Coccinellidae,Neomysia,orego,Asynaptic,Male,XY,20
Animalia|Insecta|Coleoptera|Coccinellidae|Neomysia|pullata,Animalia,Insecta,Coleoptera,Coccinellidae,Neomysia,pullata,Asynaptic,Male,XY,20
Animalia|Insecta|Coleoptera|Coccinellidae|Olla|abdomilis,Animalia,Insecta,Coleoptera,Coccinellidae,Olla,abdomilis,Asynaptic,Male,XY,20
Animalia|Insecta|Coleoptera|Coccinellidae|Pharoscymnus|sp.,Animalia,Insecta,Coleoptera,Coccinellidae,Pharoscymnus,sp.,Asynaptic,Male,XY,20
Animalia|Insecta|Coleoptera|Coccinellidae|Rhyzobius|chrysomeloides,Animalia,Insecta,Coleoptera,Coccinellidae,Rhyzobius,chrysomeloides,Asynaptic,Male,XY,18
Animalia|Insecta|Coleoptera|Coccinellidae|Scymnus|sp.,Animalia,Insecta,Coleoptera,Coccinellidae,Scymnus,sp.,Asynaptic,Male,XY,18
Animalia|Insecta|Coleoptera|Coccinellidae|Solanophila|paenulata,Animalia,Insecta,Coleoptera,Coccinellidae,Solanophila,paenulata,Asynaptic,Male,XY,18
Animalia|Insecta|Coleoptera|Coccinellidae|Sumnius|cardoni,Animalia,Insecta,Coleoptera,Coccinellidae,Sumnius,cardoni,Asynaptic,Male,XY,18
Animalia|Insecta|Coleoptera|Coccinellidae|Synonycha|grandis,Animalia,Insecta,Coleoptera,Coccinellidae,Synonycha,grandis,Asynaptic,Male,XY,20
Animalia|Insecta|Coleoptera|Coccinellidae|Thea|bisoctonotata,Animalia,Insecta,Coleoptera,Coccinellidae,Thea,bisoctonotata,Asynaptic,Male,XY,20
Animalia|Insecta|Coleoptera|Coccinellidae|Verania|allardi,Animalia,Insecta,Coleoptera,Coccinellidae,Verania,allardi,Asynaptic,Male,XY,20
Animalia|Insecta|Coleoptera|Coccinellidae|Verania|discolor,Animalia,Insecta,Coleoptera,Coccinellidae,Verania,discolor,Asynaptic,Male,XY,20
Animalia|Insecta|Coleoptera|Curculionidae|Acalles|camelus,Animalia,Insecta,Coleoptera,Curculionidae,Acalles,camelus,Asynaptic,Male,XY,30
Animalia|Insecta|Coleoptera|Curculionidae|Acalles|commutatus,Animalia,Insecta,Coleoptera,Curculionidae,Acalles,commutatus,Asynaptic,Male,XY,28
Animalia|Insecta|Coleoptera|Curculionidae|Acalles|echitus,Animalia,Insecta,Coleoptera,Curculionidae,Acalles,echitus,Asynaptic,Male,XY,30
Animalia|Insecta|Coleoptera|Curculionidae|Acalles|fallax,Animalia,Insecta,Coleoptera,Curculionidae,Acalles,fallax,Asynaptic,Male,XY,30
Animalia|Insecta|Coleoptera|Curculionidae|Acalles|petryszaki,Animalia,Insecta,Coleoptera,Curculionidae,Acalles,petryszaki,Asynaptic,Male,XY,30
Animalia|Insecta|Coleoptera|Curculionidae|Acallopistus|sp.,Animalia,Insecta,Coleoptera,Curculionidae,Acallopistus,sp.,Asynaptic,Male,XY,24
Animalia|Insecta|Coleoptera|Curculionidae|Acicnemis|alni,Animalia,Insecta,Coleoptera,Curculionidae,Acicnemis,alni,Asynaptic,Male,XY,24
Animalia|Insecta|Coleoptera|Curculionidae|Acicnemis|nigra,Animalia,Insecta,Coleoptera,Curculionidae,Acicnemis,nigra,Asynaptic,Male,XY,22
Animalia|Insecta|Coleoptera|Curculionidae|Adexius|scrobipennis,Animalia,Insecta,Coleoptera,Curculionidae,Adexius,scrobipennis,Asynaptic,Male,XY,36
Animalia|Insecta|Coleoptera|Curculionidae|Adosomus|melanogrammus,Animalia,Insecta,Coleoptera,Curculionidae,Adosomus,melanogrammus,Asynaptic,Male,XY,46
Animalia|Insecta|Coleoptera|Curculionidae|Alcides|sp.,Animalia,Insecta,Coleoptera,Curculionidae,Alcides,sp.,Asynaptic,Male,XY,34
Animalia|Insecta|Coleoptera|Curculionidae|Alcidodes|affaber,Animalia,Insecta,Coleoptera,Curculionidae,Alcidodes,affaber,Asynaptic,Male,XY,32
Animalia|Insecta|Coleoptera|Curculionidae|Alcidodes|sp.,Animalia,Insecta,Coleoptera,Curculionidae,Alcidodes,sp.,Asynaptic,Male,XY,32
Animalia|Insecta|Coleoptera|Curculionidae|Amblyrrhinus|poricollis,Animalia,Insecta,Coleoptera,Curculionidae,Amblyrrhinus,poricollis,Asynaptic,Male,XY,22
Animalia|Insecta|Coleoptera|Curculionidae|Amblyrrhinus|sp.,Animalia,Insecta,Coleoptera,Curculionidae,Amblyrrhinus,sp.,Asynaptic,Male,XY,22
Animalia|Insecta|Coleoptera|Curculionidae|Amblyrrhinus|subrecticollis,Animalia,Insecta,Coleoptera,Curculionidae,Amblyrrhinus,subrecticollis,Asynaptic,Male,XY,22
Animalia|Insecta|Coleoptera|Curculionidae|Amystax|fasciatus,Animalia,Insecta,Coleoptera,Curculionidae,Amystax,fasciatus,Asynaptic,Male,XY,22
Animalia|Insecta|Coleoptera|Curculionidae|Anobleptus|sp.,Animalia,Insecta,Coleoptera,Curculionidae,Anobleptus,sp.,Asynaptic,Male,XY,22
Animalia|Insecta|Coleoptera|Curculionidae|Anthonomus|bisignifer,Animalia,Insecta,Coleoptera,Curculionidae,Anthonomus,bisignifer,Asynaptic,Male,XY,36
Animalia|Insecta|Coleoptera|Curculionidae|Anthonomus|corvulus,Animalia,Insecta,Coleoptera,Curculionidae,Anthonomus,corvulus,Asynaptic,Male,XY,26
Animalia|Insecta|Coleoptera|Curculionidae|Anthonomus|grandis,Animalia,Insecta,Coleoptera,Curculionidae,Anthonomus,grandis,Asynaptic,Male,XY,42
Animalia|Insecta|Coleoptera|Curculionidae|Anthonomus|scutellatus,Animalia,Insecta,Coleoptera,Curculionidae,Anthonomus,scutellatus,Asynaptic,Male,XY,28
Animalia|Insecta|Coleoptera|Curculionidae|Anthonomus|sigtus,Animalia,Insecta,Coleoptera,Curculionidae,Anthonomus,sigtus,Asynaptic,Male,XY,34
Animalia|Insecta|Coleoptera|Curculionidae|Anthonomus|sp.,Animalia,Insecta,Coleoptera,Curculionidae,Anthonomus,sp.,Asynaptic,Male,XY,26
Animalia|Insecta|Coleoptera|Curculionidae|Apiophorus|pictus,Animalia,Insecta,Coleoptera,Curculionidae,Apiophorus,pictus,Asynaptic,Male,XY,30
Animalia|Insecta|Coleoptera|Curculionidae|Aplotes|roelofsi,Animalia,Insecta,Coleoptera,Curculionidae,Aplotes,roelofsi,Asynaptic,Male,XY,22
Animalia|Insecta|Coleoptera|Curculionidae|Apotomorhinus|cribatus,Animalia,Insecta,Coleoptera,Curculionidae,Apotomorhinus,cribatus,Asynaptic,Male,XY,26
Animalia|Insecta|Coleoptera|Curculionidae|Arrhines|languides,Animalia,Insecta,Coleoptera,Curculionidae,Arrhines,languides,Asynaptic,Male,XY,22
Animalia|Insecta|Coleoptera|Curculionidae|Astycus|lateralis,Animalia,Insecta,Coleoptera,Curculionidae,Astycus,lateralis,Asynaptic,Male,XY,22
Animalia|Insecta|Coleoptera|Curculionidae|Astycus|sp.,Animalia,Insecta,Coleoptera,Curculionidae,Astycus,sp.,Asynaptic,Male,XY,22
Animalia|Insecta|Coleoptera|Curculionidae|Atactogaster|sp.,Animalia,Insecta,Coleoptera,Curculionidae,Atactogaster,sp.,Asynaptic,Male,XY,48
Animalia|Insecta|Coleoptera|Curculionidae|Barioscaphus|cordiae,Animalia,Insecta,Coleoptera,Curculionidae,Barioscaphus,cordiae,Asynaptic,Male,XY,22
Animalia|Insecta|Coleoptera|Curculionidae|Baris|arthemisiae,Animalia,Insecta,Coleoptera,Curculionidae,Baris,arthemisiae,Asynaptic,Male,XY,38
Animalia|Insecta|Coleoptera|Curculionidae|Baris|ezoa,Animalia,Insecta,Coleoptera,Curculionidae,Baris,ezoa,Asynaptic,Male,XY,32
Animalia|Insecta|Coleoptera|Curculionidae|Baris|sp.,Animalia,Insecta,Coleoptera,Curculionidae,Baris,sp.,Asynaptic,Male,XY,32
Animalia|Insecta|Coleoptera|Curculionidae|Barypeithes|albie,Animalia,Insecta,Coleoptera,Curculionidae,Barypeithes,albie,Asynaptic,Male,XY,22
Animalia|Insecta|Coleoptera|Curculionidae|Barypeithes|chevrolati,Animalia,Insecta,Coleoptera,Curculionidae,Barypeithes,chevrolati,Asynaptic,Male,XY,22
Animalia|Insecta|Coleoptera|Curculionidae|Barypeithes|formaneki,Animalia,Insecta,Coleoptera,Curculionidae,Barypeithes,formaneki,Asynaptic,Male,XY,22
Animalia|Insecta|Coleoptera|Curculionidae|Barypeithes|interpositus,Animalia,Insecta,Coleoptera,Curculionidae,Barypeithes,interpositus,Asynaptic,Male,XY,22
Animalia|Insecta|Coleoptera|Curculionidae|Barypeithes|liptoviensis,Animalia,Insecta,Coleoptera,Curculionidae,Barypeithes,liptoviensis,Asynaptic,Male,XY,28
Animalia|Insecta|Coleoptera|Curculionidae|Barypeithes|mollicomis,Animalia,Insecta,Coleoptera,Curculionidae,Barypeithes,mollicomis,Asynaptic,Male,XY,22
Animalia|Insecta|Coleoptera|Curculionidae|Barypeithes|pellucidus,Animalia,Insecta,Coleoptera,Curculionidae,Barypeithes,pellucidus,Asynaptic,Male,XY,22
Animalia|Insecta|Coleoptera|Curculionidae|Barypeithes|purkynei,Animalia,Insecta,Coleoptera,Curculionidae,Barypeithes,purkynei,Asynaptic,Male,XY,22
Animalia|Insecta|Coleoptera|Curculionidae|Blosyrus|asellus,Animalia,Insecta,Coleoptera,Curculionidae,Blosyrus,asellus,Asynaptic,Male,XY,24
Animalia|Insecta|Coleoptera|Curculionidae|Blosyrus|falcatus,Animalia,Insecta,Coleoptera,Curculionidae,Blosyrus,falcatus,Asynaptic,Male,XY,22
Animalia|Insecta|Coleoptera|Curculionidae|Bothrometopus|fasciatus,Animalia,Insecta,Coleoptera,Curculionidae,Bothrometopus,fasciatus,Asynaptic,Male,XY,22
Animalia|Insecta|Coleoptera|Curculionidae|Brachyderes|incanus,Animalia,Insecta,Coleoptera,Curculionidae,Brachyderes,incanus,Asynaptic,Male,XY,22
Animalia|Insecta|Coleoptera|Curculionidae|Brachysomus|dispar,Animalia,Insecta,Coleoptera,Curculionidae,Brachysomus,dispar,Asynaptic,Male,XY,22
Animalia|Insecta|Coleoptera|Curculionidae|Brachysomus|setiger,Animalia,Insecta,Coleoptera,Curculionidae,Brachysomus,setiger,Asynaptic,Male,XY,22
Animalia|Insecta|Coleoptera|Curculionidae|Byctiscus|congener,Animalia,Insecta,Coleoptera,Curculionidae,Byctiscus,congener,Asynaptic,Male,XY,22
Animalia|Insecta|Coleoptera|Curculionidae|Byctiscus|venustus,Animalia,Insecta,Coleoptera,Curculionidae,Byctiscus,venustus,Asynaptic,Male,XY,18
Animalia|Insecta|Coleoptera|Curculionidae|Byrsopages|kiso,Animalia,Insecta,Coleoptera,Curculionidae,Byrsopages,kiso,Asynaptic,Male,XY,22
Animalia|Insecta|Coleoptera|Curculionidae|Byrsopages|sp_Mt.,Animalia,Insecta,Coleoptera,Curculionidae,Byrsopages,sp_Mt.,Asynaptic,Male,XY,22
Animalia|Insecta|Coleoptera|Curculionidae|Caenocryptorrhynchus|frontalis,Animalia,Insecta,Coleoptera,Curculionidae,Caenocryptorrhynchus,frontalis,Asynaptic,Male,XY,34
Animalia|Insecta|Coleoptera|Curculionidae|Calendra|australis,Animalia,Insecta,Coleoptera,Curculionidae,Calendra,australis,Asynaptic,Male,XY,26
Animalia|Insecta|Coleoptera|Curculionidae|Calendra|bruchi,Animalia,Insecta,Coleoptera,Curculionidae,Calendra,bruchi,Asynaptic,Male,XY,26
Animalia|Insecta|Coleoptera|Curculionidae|Calendra|costipennis,Animalia,Insecta,Coleoptera,Curculionidae,Calendra,costipennis,Asynaptic,Male,XY,30
Animalia|Insecta|Coleoptera|Curculionidae|Calendra|linearis,Animalia,Insecta,Coleoptera,Curculionidae,Calendra,linearis,Asynaptic,Male,XY,24
Animalia|Insecta|Coleoptera|Curculionidae|Calendra|parvula,Animalia,Insecta,Coleoptera,Curculionidae,Calendra,parvula,Asynaptic,Male,XY,26
Animalia|Insecta|Coleoptera|Curculionidae|Calendra|zeae,Animalia,Insecta,Coleoptera,Curculionidae,Calendra,zeae,Asynaptic,Male,XY,26
Animalia|Insecta|Coleoptera|Curculionidae|Canonopsis|sericea,Animalia,Insecta,Coleoptera,Curculionidae,Canonopsis,sericea,Asynaptic,Male,XY,22
Animalia|Insecta|Coleoptera|Curculionidae|Carcilia|strigicollis,Animalia,Insecta,Coleoptera,Curculionidae,Carcilia,strigicollis,Asynaptic,Male,XY,22
Animalia|Insecta|Coleoptera|Curculionidae|Catagmatus|japonicus,Animalia,Insecta,Coleoptera,Curculionidae,Catagmatus,japonicus,Asynaptic,Male,XY,32
Animalia|Insecta|Coleoptera|Curculionidae|Catapionus|modestus,Animalia,Insecta,Coleoptera,Curculionidae,Catapionus,modestus,Asynaptic,Male,XY,22
Animalia|Insecta|Coleoptera|Curculionidae|Catapionus|obscurus,Animalia,Insecta,Coleoptera,Curculionidae,Catapionus,obscurus,Asynaptic,Male,XY,22
Animalia|Insecta|Coleoptera|Curculionidae|Centricnemus|leucogrammus,Animalia,Insecta,Coleoptera,Curculionidae,Centricnemus,leucogrammus,Asynaptic,Male,XY,22
Animalia|Insecta|Coleoptera|Curculionidae|Ceutorrhynchus|ancola,Animalia,Insecta,Coleoptera,Curculionidae,Ceutorrhynchus,ancola,Asynaptic,Male,XY,34
Animalia|Insecta|Coleoptera|Curculionidae|Ceutorrhynchus|costatus,Animalia,Insecta,Coleoptera,Curculionidae,Ceutorrhynchus,costatus,Asynaptic,Male,XY,20
Animalia|Insecta|Coleoptera|Curculionidae|Ceutorrhynchus|lewisi,Animalia,Insecta,Coleoptera,Curculionidae,Ceutorrhynchus,lewisi,Asynaptic,Male,NA,28
Animalia|Insecta|Coleoptera|Curculionidae|Ceutorrhynchus|sp.,Animalia,Insecta,Coleoptera,Curculionidae,Ceutorrhynchus,sp.,Asynaptic,Male,XY,24
Animalia|Insecta|Coleoptera|Curculionidae|Chlorophanus|grandis,Animalia,Insecta,Coleoptera,Curculionidae,Chlorophanus,grandis,Asynaptic,Male,XY,24
Animalia|Insecta|Coleoptera|Curculionidae|Chlorophanus|viridis,Animalia,Insecta,Coleoptera,Curculionidae,Chlorophanus,viridis,Asynaptic,Male,XY,22
Animalia|Insecta|Coleoptera|Curculionidae|Chokkirius|truncatus,Animalia,Insecta,Coleoptera,Curculionidae,Chokkirius,truncatus,Asynaptic,Male,XY,22
Animalia|Insecta|Coleoptera|Curculionidae|Christensenia|antarctica,Animalia,Insecta,Coleoptera,Curculionidae,Christensenia,antarctica,Asynaptic,Male,XY,22
Animalia|Insecta|Coleoptera|Curculionidae|Cidnorrhinus|4-maculatus,Animalia,Insecta,Coleoptera,Curculionidae,Cidnorrhinus,4-maculatus,Asynaptic,Male,XY,28
Animalia|Insecta|Coleoptera|Curculionidae|Cionus|championi,Animalia,Insecta,Coleoptera,Curculionidae,Cionus,championi,Asynaptic,Male,XY,40
Animalia|Insecta|Coleoptera|Curculionidae|Cionus|ganglbaueri,Animalia,Insecta,Coleoptera,Curculionidae,Cionus,ganglbaueri,Asynaptic,Male,XY,38
Animalia|Insecta|Coleoptera|Curculionidae|Cionus|hortulans,Animalia,Insecta,Coleoptera,Curculionidae,Cionus,hortulans,Asynaptic,Male,XY,38
Animalia|Insecta|Coleoptera|Curculionidae|Cionus|longicollis-montanus,Animalia,Insecta,Coleoptera,Curculionidae,Cionus,longicollis-montanus,Asynaptic,Male,XY,40
Animalia|Insecta|Coleoptera|Curculionidae|Cionus|nigritarsis,Animalia,Insecta,Coleoptera,Curculionidae,Cionus,nigritarsis,Asynaptic,Male,XY,38
Animalia|Insecta|Coleoptera|Curculionidae|Cionus|olivieri,Animalia,Insecta,Coleoptera,Curculionidae,Cionus,olivieri,Asynaptic,Male,XY,42
Animalia|Insecta|Coleoptera|Curculionidae|Cionus|tamazo,Animalia,Insecta,Coleoptera,Curculionidae,Cionus,tamazo,Asynaptic,Male,XY,40
Animalia|Insecta|Coleoptera|Curculionidae|Cionus|tuberculosus,Animalia,Insecta,Coleoptera,Curculionidae,Cionus,tuberculosus,Asynaptic,Male,XY,44
Animalia|Insecta|Coleoptera|Curculionidae|Cirrorhynchus|kelecsenyi,Animalia,Insecta,Coleoptera,Curculionidae,Cirrorhynchus,kelecsenyi,Asynaptic,Male,XY,30
Animalia|Insecta|Coleoptera|Curculionidae|Colobodes|konoi,Animalia,Insecta,Coleoptera,Curculionidae,Colobodes,konoi,Asynaptic,Male,XY,48
Animalia|Insecta|Coleoptera|Curculionidae|Colobodes|matsumurai,Animalia,Insecta,Coleoptera,Curculionidae,Colobodes,matsumurai,Asynaptic,Male,XY,0
Animalia|Insecta|Coleoptera|Curculionidae|Colobodes|sp.,Animalia,Insecta,Coleoptera,Curculionidae,Colobodes,sp.,Asynaptic,Male,XY,48
Animalia|Insecta|Coleoptera|Curculionidae|Corigetus|chandigarhensis,Animalia,Insecta,Coleoptera,Curculionidae,Corigetus,chandigarhensis,Asynaptic,Male,XY,22
Animalia|Insecta|Coleoptera|Curculionidae|Corigetus|sp.,Animalia,Insecta,Coleoptera,Curculionidae,Corigetus,sp.,Asynaptic,Male,XY,22
Animalia|Insecta|Coleoptera|Curculionidae|Cosmopolites|sordidus,Animalia,Insecta,Coleoptera,Curculionidae,Cosmopolites,sordidus,Asynaptic,Male,XY,30
Animalia|Insecta|Coleoptera|Curculionidae|Cryptorrhynchus|erectus,Animalia,Insecta,Coleoptera,Curculionidae,Cryptorrhynchus,erectus,Asynaptic,Male,XY,32
Animalia|Insecta|Coleoptera|Curculionidae|Cryptorrhynchus|lapathi,Animalia,Insecta,Coleoptera,Curculionidae,Cryptorrhynchus,lapathi,Asynaptic,Male,XY,34
Animalia|Insecta|Coleoptera|Curculionidae|Cryptorrhynchus|sp.,Animalia,Insecta,Coleoptera,Curculionidae,Cryptorrhynchus,sp.,Asynaptic,Male,XY,38
Animalia|Insecta|Coleoptera|Curculionidae|Curculio|aino,Animalia,Insecta,Coleoptera,Curculionidae,Curculio,aino,Asynaptic,Male,XY,28
Animalia|Insecta|Coleoptera|Curculionidae|Curculio|arakawai,Animalia,Insecta,Coleoptera,Curculionidae,Curculio,arakawai,Asynaptic,Male,XY,26
Animalia|Insecta|Coleoptera|Curculionidae|Curculio|convexus,Animalia,Insecta,Coleoptera,Curculionidae,Curculio,convexus,Asynaptic,Male,XY,26
Animalia|Insecta|Coleoptera|Curculionidae|Curculio|dentipes,Animalia,Insecta,Coleoptera,Curculionidae,Curculio,dentipes,Asynaptic,Male,XY,26
Animalia|Insecta|Coleoptera|Curculionidae|Curculio|distinguendus,Animalia,Insecta,Coleoptera,Curculionidae,Curculio,distinguendus,Asynaptic,Male,XY,26
Animalia|Insecta|Coleoptera|Curculionidae|Curculio|elaeagni,Animalia,Insecta,Coleoptera,Curculionidae,Curculio,elaeagni,Asynaptic,Male,XY,26
Animalia|Insecta|Coleoptera|Curculionidae|Curculio|flavescens,Animalia,Insecta,Coleoptera,Curculionidae,Curculio,flavescens,Asynaptic,Male,XY,26
Animalia|Insecta|Coleoptera|Curculionidae|Curculio|funebris,Animalia,Insecta,Coleoptera,Curculionidae,Curculio,funebris,Asynaptic,Male,XY,26
Animalia|Insecta|Coleoptera|Curculionidae|Curculio|koreanus,Animalia,Insecta,Coleoptera,Curculionidae,Curculio,koreanus,Asynaptic,Male,XY,32
Animalia|Insecta|Coleoptera|Curculionidae|Curculio|longirostris,Animalia,Insecta,Coleoptera,Curculionidae,Curculio,longirostris,Asynaptic,Male,XY,26
Animalia|Insecta|Coleoptera|Curculionidae|Curculio|minutissimus,Animalia,Insecta,Coleoptera,Curculionidae,Curculio,minutissimus,Asynaptic,Male,XY,34
Animalia|Insecta|Coleoptera|Curculionidae|Curculio|murakamii,Animalia,Insecta,Coleoptera,Curculionidae,Curculio,murakamii,Asynaptic,Male,XY,26
Animalia|Insecta|Coleoptera|Curculionidae|Curculio|nucum,Animalia,Insecta,Coleoptera,Curculionidae,Curculio,nucum,Asynaptic,Male,XY,26
Animalia|Insecta|Coleoptera|Curculionidae|Curculio|obtusus,Animalia,Insecta,Coleoptera,Curculionidae,Curculio,obtusus,Asynaptic,Male,XY,26
Animalia|Insecta|Coleoptera|Curculionidae|Curculio|pictus,Animalia,Insecta,Coleoptera,Curculionidae,Curculio,pictus,Asynaptic,Male,XY,22
Animalia|Insecta|Coleoptera|Curculionidae|Curculio|roelofsi,Animalia,Insecta,Coleoptera,Curculionidae,Curculio,roelofsi,Asynaptic,Male,XY,26
Animalia|Insecta|Coleoptera|Curculionidae|Curculio|sp.,Animalia,Insecta,Coleoptera,Curculionidae,Curculio,sp.,Asynaptic,Male,XY,28
Animalia|Insecta|Coleoptera|Curculionidae|Cylindrocopturus|sp.,Animalia,Insecta,Coleoptera,Curculionidae,Cylindrocopturus,sp.,Asynaptic,Male,XY,32
Animalia|Insecta|Coleoptera|Curculionidae|Cyphicerinus|tectoe,Animalia,Insecta,Coleoptera,Curculionidae,Cyphicerinus,tectoe,Asynaptic,Male,XY,22
Animalia|Insecta|Coleoptera|Curculionidae|Cyphicerus|aceri,Animalia,Insecta,Coleoptera,Curculionidae,Cyphicerus,aceri,Asynaptic,Male,XY,22
Animalia|Insecta|Coleoptera|Curculionidae|Cyrtepistomus|bardus,Animalia,Insecta,Coleoptera,Curculionidae,Cyrtepistomus,bardus,Asynaptic,Male,XY,22
Animalia|Insecta|Coleoptera|Curculionidae|Cyrtepistomus|gucindus,Animalia,Insecta,Coleoptera,Curculionidae,Cyrtepistomus,gucindus,Asynaptic,Male,XY,22
Animalia|Insecta|Coleoptera|Curculionidae|Cyrtepistomus|jucundus,Animalia,Insecta,Coleoptera,Curculionidae,Cyrtepistomus,jucundus,Asynaptic,Male,XY,22
Animalia|Insecta|Coleoptera|Curculionidae|Cyrtepistomus|sp.,Animalia,Insecta,Coleoptera,Curculionidae,Cyrtepistomus,sp.,Asynaptic,Male,XY,22
Animalia|Insecta|Coleoptera|Curculionidae|Deiradolcus|pubescens,Animalia,Insecta,Coleoptera,Curculionidae,Deiradolcus,pubescens,Asynaptic,Male,XY,22
Animalia|Insecta|Coleoptera|Curculionidae|Deiradolcus|sp.,Animalia,Insecta,Coleoptera,Curculionidae,Deiradolcus,sp.,Asynaptic,Male,XY,22
Animalia|Insecta|Coleoptera|Curculionidae|Demimaea|mori,Animalia,Insecta,Coleoptera,Curculionidae,Demimaea,mori,Asynaptic,Male,XY,24
Animalia|Insecta|Coleoptera|Curculionidae|Dendroctonus|frontalis,Animalia,Insecta,Coleoptera,Curculionidae,Dendroctonus,frontalis,Asynaptic,Male,XY,16
Animalia|Insecta|Coleoptera|Curculionidae|Dendroctonus|mesoamericanus,Animalia,Insecta,Coleoptera,Curculionidae,Dendroctonus,mesoamericanus,Asynaptic,Male,XY,12
Animalia|Insecta|Coleoptera|Curculionidae|Dendroctonus|micans,Animalia,Insecta,Coleoptera,Curculionidae,Dendroctonus,micans,Asynaptic,Male,XY,22
Animalia|Insecta|Coleoptera|Curculionidae|Dermatoxenus|caesicollis,Animalia,Insecta,Coleoptera,Curculionidae,Dermatoxenus,caesicollis,Asynaptic,Male,XY,20
Animalia|Insecta|Coleoptera|Curculionidae|Dermatoxenus|clathratus,Animalia,Insecta,Coleoptera,Curculionidae,Dermatoxenus,clathratus,Asynaptic,Male,XY,22
Animalia|Insecta|Coleoptera|Curculionidae|Dermatoxenus|sp.,Animalia,Insecta,Coleoptera,Curculionidae,Dermatoxenus,sp.,Asynaptic,Male,XY,22
Animalia|Insecta|Coleoptera|Curculionidae|Desmidophorus|sp.,Animalia,Insecta,Coleoptera,Curculionidae,Desmidophorus,sp.,Asynaptic,Male,XY,22
Animalia|Insecta|Coleoptera|Curculionidae|Diaprepes|abbreviatus,Animalia,Insecta,Coleoptera,Curculionidae,Diaprepes,abbreviatus,Asynaptic,Male,XY,22
Animalia|Insecta|Coleoptera|Curculionidae|Diaprepes|marginicollis,Animalia,Insecta,Coleoptera,Curculionidae,Diaprepes,marginicollis,Asynaptic,Male,XY,22
Animalia|Insecta|Coleoptera|Curculionidae|Diaprepres|abbreviata,Animalia,Insecta,Coleoptera,Curculionidae,Diaprepres,abbreviata,Asynaptic,Male,XY,22
Animalia|Insecta|Coleoptera|Curculionidae|Diatropus|marshalli,Animalia,Insecta,Coleoptera,Curculionidae,Diatropus,marshalli,Asynaptic,Male,XY,22
Animalia|Insecta|Coleoptera|Curculionidae|Didothis|melancholica,Animalia,Insecta,Coleoptera,Curculionidae,Didothis,melancholica,Asynaptic,Male,XY,28
Animalia|Insecta|Coleoptera|Curculionidae|Didothis|sp.,Animalia,Insecta,Coleoptera,Curculionidae,Didothis,sp.,Asynaptic,Male,XY,34
Animalia|Insecta|Coleoptera|Curculionidae|Diocalandra|sp.,Animalia,Insecta,Coleoptera,Curculionidae,Diocalandra,sp.,Asynaptic,Male,XY,26
Animalia|Insecta|Coleoptera|Curculionidae|Diplogrammus|quadrivittatus,Animalia,Insecta,Coleoptera,Curculionidae,Diplogrammus,quadrivittatus,Asynaptic,Male,XY,30
Animalia|Insecta|Coleoptera|Curculionidae|Disker|tenuicornis,Animalia,Insecta,Coleoptera,Curculionidae,Disker,tenuicornis,Asynaptic,Male,XY,22
Animalia|Insecta|Coleoptera|Curculionidae|Dodecastichus|atripes,Animalia,Insecta,Coleoptera,Curculionidae,Dodecastichus,atripes,Asynaptic,Male,XY,22
Animalia|Insecta|Coleoptera|Curculionidae|Dodecastichus|aurosigtus,Animalia,Insecta,Coleoptera,Curculionidae,Dodecastichus,aurosigtus,Asynaptic,Male,XY,22
Animalia|Insecta|Coleoptera|Curculionidae|Dodecastichus|dolomitae,Animalia,Insecta,Coleoptera,Curculionidae,Dodecastichus,dolomitae,Asynaptic,Male,XY,22
Animalia|Insecta|Coleoptera|Curculionidae|Dodecastichus|geniculatus,Animalia,Insecta,Coleoptera,Curculionidae,Dodecastichus,geniculatus,Asynaptic,Male,XY,22
Animalia|Insecta|Coleoptera|Curculionidae|Dodecastichus|inflatus,Animalia,Insecta,Coleoptera,Curculionidae,Dodecastichus,inflatus,Asynaptic,Male,XY,22
Animalia|Insecta|Coleoptera|Curculionidae|Dodecastichus|obsoletus,Animalia,Insecta,Coleoptera,Curculionidae,Dodecastichus,obsoletus,Asynaptic,Male,XY,22
Animalia|Insecta|Coleoptera|Curculionidae|Donus|comatus,Animalia,Insecta,Coleoptera,Curculionidae,Donus,comatus,Asynaptic,Male,XY,22
Animalia|Insecta|Coleoptera|Curculionidae|Donus|oxalidis,Animalia,Insecta,Coleoptera,Curculionidae,Donus,oxalidis,Asynaptic,Male,XY,22
Animalia|Insecta|Coleoptera|Curculionidae|Dorytomus|mongolicus,Animalia,Insecta,Coleoptera,Curculionidae,Dorytomus,mongolicus,Asynaptic,Male,XY,28
Animalia|Insecta|Coleoptera|Curculionidae|Dusmoecetes|marioni,Animalia,Insecta,Coleoptera,Curculionidae,Dusmoecetes,marioni,Asynaptic,Male,XY,22
Animalia|Insecta|Coleoptera|Curculionidae|Dusmoecetes|richtersi,Animalia,Insecta,Coleoptera,Curculionidae,Dusmoecetes,richtersi,Asynaptic,Male,XY,22
Animalia|Insecta|Coleoptera|Curculionidae|Dyslobus|verrucifer,Animalia,Insecta,Coleoptera,Curculionidae,Dyslobus,verrucifer,Asynaptic,Male,XY,22
Animalia|Insecta|Coleoptera|Curculionidae|Dystropicus|dorsalis,Animalia,Insecta,Coleoptera,Curculionidae,Dystropicus,dorsalis,Asynaptic,Male,XY,56
Animalia|Insecta|Coleoptera|Curculionidae|Echinocnemus|marmoreus,Animalia,Insecta,Coleoptera,Curculionidae,Echinocnemus,marmoreus,Asynaptic,Male,XY,18
Animalia|Insecta|Coleoptera|Curculionidae|Echinocnemus|sp.,Animalia,Insecta,Coleoptera,Curculionidae,Echinocnemus,sp.,Asynaptic,Male,XY,16
Animalia|Insecta|Coleoptera|Curculionidae|Echinocnemus|squameus,Animalia,Insecta,Coleoptera,Curculionidae,Echinocnemus,squameus,Asynaptic,Male,XY,22
Animalia|Insecta|Coleoptera|Curculionidae|Ectatorhinus|adamsi,Animalia,Insecta,Coleoptera,Curculionidae,Ectatorhinus,adamsi,Asynaptic,Male,XY,38
Animalia|Insecta|Coleoptera|Curculionidae|Ectemnorrhinus|angusticollis,Animalia,Insecta,Coleoptera,Curculionidae,Ectemnorrhinus,angusticollis,Asynaptic,Male,XY,22
Animalia|Insecta|Coleoptera|Curculionidae|Ectemnorrhinus|drygalski,Animalia,Insecta,Coleoptera,Curculionidae,Ectemnorrhinus,drygalski,Asynaptic,Male,XY,22
Animalia|Insecta|Coleoptera|Curculionidae|Ectemnorrhinus|viridis,Animalia,Insecta,Coleoptera,Curculionidae,Ectemnorrhinus,viridis,Asynaptic,Male,XY,22
Animalia|Insecta|Coleoptera|Curculionidae|Episomus|turritus,Animalia,Insecta,Coleoptera,Curculionidae,Episomus,turritus,Asynaptic,Male,XY,32
Animalia|Insecta|Coleoptera|Curculionidae|Esamus|albomarginatus,Animalia,Insecta,Coleoptera,Curculionidae,Esamus,albomarginatus,Asynaptic,Male,XY,22
Animalia|Insecta|Coleoptera|Curculionidae|Esamus|circumdatus,Animalia,Insecta,Coleoptera,Curculionidae,Esamus,circumdatus,Asynaptic,Male,XY,22
Animalia|Insecta|Coleoptera|Curculionidae|Esamus|plurisetosus,Animalia,Insecta,Coleoptera,Curculionidae,Esamus,plurisetosus,Asynaptic,Male,XY,22
Animalia|Insecta|Coleoptera|Curculionidae|Esamus|sciurus,Animalia,Insecta,Coleoptera,Curculionidae,Esamus,sciurus,Asynaptic,Male,XY,22
Animalia|Insecta|Coleoptera|Curculionidae|Eudiagogus|episcopalis,Animalia,Insecta,Coleoptera,Curculionidae,Eudiagogus,episcopalis,Asynaptic,Male,XY,34
Animalia|Insecta|Coleoptera|Curculionidae|Eugnathus|distincyus,Animalia,Insecta,Coleoptera,Curculionidae,Eugnathus,distincyus,Asynaptic,Male,XY,22
Animalia|Insecta|Coleoptera|Curculionidae|Euops|punctatostriata,Animalia,Insecta,Coleoptera,Curculionidae,Euops,punctatostriata,Asynaptic,Male,XY,26
Animalia|Insecta|Coleoptera|Curculionidae|Eupagoderes|sp.,Animalia,Insecta,Coleoptera,Curculionidae,Eupagoderes,sp.,Asynaptic,Male,XY,22
Animalia|Insecta|Coleoptera|Curculionidae|Exophthalmus|famelicus,Animalia,Insecta,Coleoptera,Curculionidae,Exophthalmus,famelicus,Asynaptic,Male,XY,22
Animalia|Insecta|Coleoptera|Curculionidae|Exopthalmus|quadritaenia,Animalia,Insecta,Coleoptera,Curculionidae,Exopthalmus,quadritaenia,Asynaptic,Male,XY,22
Animalia|Insecta|Coleoptera|Curculionidae|Foucartia|liturata,Animalia,Insecta,Coleoptera,Curculionidae,Foucartia,liturata,Asynaptic,Male,XY,22
Animalia|Insecta|Coleoptera|Curculionidae|Gasteroclisus|aethiops,Animalia,Insecta,Coleoptera,Curculionidae,Gasteroclisus,aethiops,Asynaptic,Male,XY,36
Animalia|Insecta|Coleoptera|Curculionidae|Gasteroclisus|binodulus,Animalia,Insecta,Coleoptera,Curculionidae,Gasteroclisus,binodulus,Asynaptic,Male,XY,36
Animalia|Insecta|Coleoptera|Curculionidae|Gymnetron|antirrhini,Animalia,Insecta,Coleoptera,Curculionidae,Gymnetron,antirrhini,Asynaptic,Male,XY,32
Animalia|Insecta|Coleoptera|Curculionidae|Gymnetron|smreczynski,Animalia,Insecta,Coleoptera,Curculionidae,Gymnetron,smreczynski,Asynaptic,Male,XY,32
Animalia|Insecta|Coleoptera|Curculionidae|Gymnetron|tetrum,Animalia,Insecta,Coleoptera,Curculionidae,Gymnetron,tetrum,Asynaptic,Male,XY,32
Animalia|Insecta|Coleoptera|Curculionidae|Heilipodus|erythropus,Animalia,Insecta,Coleoptera,Curculionidae,Heilipodus,erythropus,Asynaptic,Male,XY,30
Animalia|Insecta|Coleoptera|Curculionidae|Heilipodus|scaber,Animalia,Insecta,Coleoptera,Curculionidae,Heilipodus,scaber,Asynaptic,Male,NA,30
Animalia|Insecta|Coleoptera|Curculionidae|Heilipodus|sp.,Animalia,Insecta,Coleoptera,Curculionidae,Heilipodus,sp.,Asynaptic,Male,XY,28
Animalia|Insecta|Coleoptera|Curculionidae|Heilipus|tremolerasi,Animalia,Insecta,Coleoptera,Curculionidae,Heilipus,tremolerasi,Asynaptic,Male,XY,30
Animalia|Insecta|Coleoptera|Curculionidae|Heilipus|wiedemanni,Animalia,Insecta,Coleoptera,Curculionidae,Heilipus,wiedemanni,Asynaptic,Male,XY,22
Animalia|Insecta|Coleoptera|Curculionidae|Hemerus|sp.,Animalia,Insecta,Coleoptera,Curculionidae,Hemerus,sp.,Asynaptic,Male,XY,22
Animalia|Insecta|Coleoptera|Curculionidae|Hilaus|sp.,Animalia,Insecta,Coleoptera,Curculionidae,Hilaus,sp.,Asynaptic,Male,XY,18
Animalia|Insecta|Coleoptera|Curculionidae|Hylobius|abietis,Animalia,Insecta,Coleoptera,Curculionidae,Hylobius,abietis,Asynaptic,Male,XY,22
Animalia|Insecta|Coleoptera|Curculionidae|Hylobius|albosparsus,Animalia,Insecta,Coleoptera,Curculionidae,Hylobius,albosparsus,Asynaptic,Male,XY,40
Animalia|Insecta|Coleoptera|Curculionidae|Hylobius|aliradicis,Animalia,Insecta,Coleoptera,Curculionidae,Hylobius,aliradicis,Asynaptic,Male,XY,22
Animalia|Insecta|Coleoptera|Curculionidae|Hylobius|congener,Animalia,Insecta,Coleoptera,Curculionidae,Hylobius,congener,Asynaptic,Male,XY,22
Animalia|Insecta|Coleoptera|Curculionidae|Hylobius|cribripennis,Animalia,Insecta,Coleoptera,Curculionidae,Hylobius,cribripennis,Asynaptic,Male,XY,36
Animalia|Insecta|Coleoptera|Curculionidae|Hylobius|desbrochersi,Animalia,Insecta,Coleoptera,Curculionidae,Hylobius,desbrochersi,Asynaptic,Male,XY,36
Animalia|Insecta|Coleoptera|Curculionidae|Hylobius|elongatus,Animalia,Insecta,Coleoptera,Curculionidae,Hylobius,elongatus,Asynaptic,Male,XY,48
Animalia|Insecta|Coleoptera|Curculionidae|Hylobius|exculptus,Animalia,Insecta,Coleoptera,Curculionidae,Hylobius,exculptus,Asynaptic,Male,XY,28
Animalia|Insecta|Coleoptera|Curculionidae|Hylobius|freyi,Animalia,Insecta,Coleoptera,Curculionidae,Hylobius,freyi,Asynaptic,Male,XY,28
Animalia|Insecta|Coleoptera|Curculionidae|Hylobius|galloisi,Animalia,Insecta,Coleoptera,Curculionidae,Hylobius,galloisi,Asynaptic,Male,XY,36
Animalia|Insecta|Coleoptera|Curculionidae|Hylobius|gebleri,Animalia,Insecta,Coleoptera,Curculionidae,Hylobius,gebleri,Asynaptic,Male,XY,22
Animalia|Insecta|Coleoptera|Curculionidae|Hylobius|gigas,Animalia,Insecta,Coleoptera,Curculionidae,Hylobius,gigas,Asynaptic,Male,XY,36
Animalia|Insecta|Coleoptera|Curculionidae|Hylobius|insularis,Animalia,Insecta,Coleoptera,Curculionidae,Hylobius,insularis,Asynaptic,Male,XY,50
Animalia|Insecta|Coleoptera|Curculionidae|Hylobius|pales,Animalia,Insecta,Coleoptera,Curculionidae,Hylobius,pales,Asynaptic,Male,XY,22
Animalia|Insecta|Coleoptera|Curculionidae|Hylobius|perforatus,Animalia,Insecta,Coleoptera,Curculionidae,Hylobius,perforatus,Asynaptic,Male,XY,36
Animalia|Insecta|Coleoptera|Curculionidae|Hylobius|piceus,Animalia,Insecta,Coleoptera,Curculionidae,Hylobius,piceus,Asynaptic,Male,XY,40
Animalia|Insecta|Coleoptera|Curculionidae|Hylobius|pinicola,Animalia,Insecta,Coleoptera,Curculionidae,Hylobius,pinicola,Asynaptic,Male,XY,40
Animalia|Insecta|Coleoptera|Curculionidae|Hylobius|pistri,Animalia,Insecta,Coleoptera,Curculionidae,Hylobius,pistri,Asynaptic,Male,XY,22
Animalia|Insecta|Coleoptera|Curculionidae|Hylobius|radicis,Animalia,Insecta,Coleoptera,Curculionidae,Hylobius,radicis,Asynaptic,Male,XY,22
Animalia|Insecta|Coleoptera|Curculionidae|Hylobius|warreni,Animalia,Insecta,Coleoptera,Curculionidae,Hylobius,warreni,Asynaptic,Male,XY,32
Animalia|Insecta|Coleoptera|Curculionidae|Hypera|elongata,Animalia,Insecta,Coleoptera,Curculionidae,Hypera,elongata,Asynaptic,Male,XY,22
Animalia|Insecta|Coleoptera|Curculionidae|Hypera|medicaginis,Animalia,Insecta,Coleoptera,Curculionidae,Hypera,medicaginis,Asynaptic,Male,XY,22
Animalia|Insecta|Coleoptera|Curculionidae|Hypera|nigrirostris,Animalia,Insecta,Coleoptera,Curculionidae,Hypera,nigrirostris,Asynaptic,Male,XY,22
Animalia|Insecta|Coleoptera|Curculionidae|Hypera|postica,Animalia,Insecta,Coleoptera,Curculionidae,Hypera,postica,Asynaptic,Male,XY,22
Animalia|Insecta|Coleoptera|Curculionidae|Hypera|rumicus,Animalia,Insecta,Coleoptera,Curculionidae,Hypera,rumicus,Asynaptic,Male,XY,22
Animalia|Insecta|Coleoptera|Curculionidae|Hypera|viciae,Animalia,Insecta,Coleoptera,Curculionidae,Hypera,viciae,Asynaptic,Male,XY,22
Animalia|Insecta|Coleoptera|Curculionidae|Hypermias|sp.,Animalia,Insecta,Coleoptera,Curculionidae,Hypermias,sp.,Asynaptic,Male,XY,22
Animalia|Insecta|Coleoptera|Curculionidae|Hypolixus|truncatulus,Animalia,Insecta,Coleoptera,Curculionidae,Hypolixus,truncatulus,Asynaptic,Male,XY,44
Animalia|Insecta|Coleoptera|Curculionidae|Hypomeces|squamosus,Animalia,Insecta,Coleoptera,Curculionidae,Hypomeces,squamosus,Asynaptic,Male,XY,22
Animalia|Insecta|Coleoptera|Curculionidae|Indocurculio|minutus,Animalia,Insecta,Coleoptera,Curculionidae,Indocurculio,minutus,Asynaptic,Male,XY,24
Animalia|Insecta|Coleoptera|Curculionidae|Indomecus|lectus,Animalia,Insecta,Coleoptera,Curculionidae,Indomecus,lectus,Asynaptic,Male,XY,22
Animalia|Insecta|Coleoptera|Curculionidae|Indomias|acutipennis,Animalia,Insecta,Coleoptera,Curculionidae,Indomias,acutipennis,Asynaptic,Male,XY,22
Animalia|Insecta|Coleoptera|Curculionidae|Ixalma|dentipes,Animalia,Insecta,Coleoptera,Curculionidae,Ixalma,dentipes,Asynaptic,Male,XY,22
Animalia|Insecta|Coleoptera|Curculionidae|Larinodontes|obtusus,Animalia,Insecta,Coleoptera,Curculionidae,Larinodontes,obtusus,Asynaptic,Male,XY,40
Animalia|Insecta|Coleoptera|Curculionidae|Larinus|griseopilosus,Animalia,Insecta,Coleoptera,Curculionidae,Larinus,griseopilosus,Asynaptic,Male,XY,40
Animalia|Insecta|Coleoptera|Curculionidae|Larinus|latissimus,Animalia,Insecta,Coleoptera,Curculionidae,Larinus,latissimus,Asynaptic,Male,XY,40
Animalia|Insecta|Coleoptera|Curculionidae|Larinus|meleagris,Animalia,Insecta,Coleoptera,Curculionidae,Larinus,meleagris,Asynaptic,Male,XY,40
Animalia|Insecta|Coleoptera|Curculionidae|Larinus|saussureae,Animalia,Insecta,Coleoptera,Curculionidae,Larinus,saussureae,Asynaptic,Male,XY,36
Animalia|Insecta|Coleoptera|Curculionidae|Lepidospyris|demissus,Animalia,Insecta,Coleoptera,Curculionidae,Lepidospyris,demissus,Asynaptic,Male,XY,22
Animalia|Insecta|Coleoptera|Curculionidae|Lepropus|chrysochlorus,Animalia,Insecta,Coleoptera,Curculionidae,Lepropus,chrysochlorus,Asynaptic,Male,XY,22
Animalia|Insecta|Coleoptera|Curculionidae|Lepropus|flavovittatus,Animalia,Insecta,Coleoptera,Curculionidae,Lepropus,flavovittatus,Asynaptic,Male,XY,22
Animalia|Insecta|Coleoptera|Curculionidae|Lepropus|lateralis,Animalia,Insecta,Coleoptera,Curculionidae,Lepropus,lateralis,Asynaptic,Male,XY,22
Animalia|Insecta|Coleoptera|Curculionidae|Leptomias|angustatus,Animalia,Insecta,Coleoptera,Curculionidae,Leptomias,angustatus,Asynaptic,Male,XY,22
Animalia|Insecta|Coleoptera|Curculionidae|Leptomias|waltersi,Animalia,Insecta,Coleoptera,Curculionidae,Leptomias,waltersi,Asynaptic,Male,XY,22
Animalia|Insecta|Coleoptera|Curculionidae|Lepyrus|alternans,Animalia,Insecta,Coleoptera,Curculionidae,Lepyrus,alternans,Asynaptic,Male,XY,30
Animalia|Insecta|Coleoptera|Curculionidae|Lepyrus|konoi,Animalia,Insecta,Coleoptera,Curculionidae,Lepyrus,konoi,Asynaptic,Male,XY,30
Animalia|Insecta|Coleoptera|Curculionidae|Lepyrus|palustris,Animalia,Insecta,Coleoptera,Curculionidae,Lepyrus,palustris,Asynaptic,Male,XY,30
Animalia|Insecta|Coleoptera|Curculionidae|Limnobaris|jucunda,Animalia,Insecta,Coleoptera,Curculionidae,Limnobaris,jucunda,Asynaptic,Male,XY,30
Animalia|Insecta|Coleoptera|Curculionidae|Liophloeus|gibbus,Animalia,Insecta,Coleoptera,Curculionidae,Liophloeus,gibbus,Asynaptic,Male,XY,22
Animalia|Insecta|Coleoptera|Curculionidae|Liophloeus|lentus,Animalia,Insecta,Coleoptera,Curculionidae,Liophloeus,lentus,Asynaptic,Male,XY,22
Animalia|Insecta|Coleoptera|Curculionidae|Liophloeus|tessulatus,Animalia,Insecta,Coleoptera,Curculionidae,Liophloeus,tessulatus,Asynaptic,Male,XY,22
Animalia|Insecta|Coleoptera|Curculionidae|Lixus|acutipennis,Animalia,Insecta,Coleoptera,Curculionidae,Lixus,acutipennis,Asynaptic,Male,XY,46
Animalia|Insecta|Coleoptera|Curculionidae|Lixus|cardui,Animalia,Insecta,Coleoptera,Curculionidae,Lixus,cardui,Asynaptic,Male,XY,44
Animalia|Insecta|Coleoptera|Curculionidae|Lixus|divaricatus,Animalia,Insecta,Coleoptera,Curculionidae,Lixus,divaricatus,Asynaptic,Male,XY,46
Animalia|Insecta|Coleoptera|Curculionidae|Lixus|impressiventris,Animalia,Insecta,Coleoptera,Curculionidae,Lixus,impressiventris,Asynaptic,Male,XY,40
Animalia|Insecta|Coleoptera|Curculionidae|Lixus|maculatus,Animalia,Insecta,Coleoptera,Curculionidae,Lixus,maculatus,Asynaptic,Male,XY,46
Animalia|Insecta|Coleoptera|Curculionidae|Lixus|subtilis,Animalia,Insecta,Coleoptera,Curculionidae,Lixus,subtilis,Asynaptic,Male,XY,40
Animalia|Insecta|Coleoptera|Curculionidae|Lobotrachelus|sp.,Animalia,Insecta,Coleoptera,Curculionidae,Lobotrachelus,sp.,Asynaptic,Male,XY,28
Animalia|Insecta|Coleoptera|Curculionidae|Magdalis|alutacea,Animalia,Insecta,Coleoptera,Curculionidae,Magdalis,alutacea,Asynaptic,Male,XY,32
Animalia|Insecta|Coleoptera|Curculionidae|Magdalis|gentilis,Animalia,Insecta,Coleoptera,Curculionidae,Magdalis,gentilis,Asynaptic,Male,XY,30
Animalia|Insecta|Coleoptera|Curculionidae|Magdalis|leconti,Animalia,Insecta,Coleoptera,Curculionidae,Magdalis,leconti,Asynaptic,Male,XY,30
Animalia|Insecta|Coleoptera|Curculionidae|Magdalis|perforata,Animalia,Insecta,Coleoptera,Curculionidae,Magdalis,perforata,Asynaptic,Male,XY,32
Animalia|Insecta|Coleoptera|Curculionidae|Magdalis|sp.,Animalia,Insecta,Coleoptera,Curculionidae,Magdalis,sp.,Asynaptic,Male,XY,34
Animalia|Insecta|Coleoptera|Curculionidae|Mechistocerus|fumosus,Animalia,Insecta,Coleoptera,Curculionidae,Mechistocerus,fumosus,Asynaptic,Male,XY,36
Animalia|Insecta|Coleoptera|Curculionidae|Mechistocerus|nipponicus,Animalia,Insecta,Coleoptera,Curculionidae,Mechistocerus,nipponicus,Asynaptic,Male,XY,28
Animalia|Insecta|Coleoptera|Curculionidae|Mechistocerus|sp.,Animalia,Insecta,Coleoptera,Curculionidae,Mechistocerus,sp.,Asynaptic,Male,XY,32
Animalia|Insecta|Coleoptera|Curculionidae|Mecopomorphus|griseus,Animalia,Insecta,Coleoptera,Curculionidae,Mecopomorphus,griseus,Asynaptic,Male,XY,24
Animalia|Insecta|Coleoptera|Curculionidae|Mecyslobus|flavosigtus,Animalia,Insecta,Coleoptera,Curculionidae,Mecyslobus,flavosigtus,Asynaptic,Male,XY,34
Animalia|Insecta|Coleoptera|Curculionidae|Mecyslobus|westermanni,Animalia,Insecta,Coleoptera,Curculionidae,Mecyslobus,westermanni,Asynaptic,Male,XY,32
Animalia|Insecta|Coleoptera|Curculionidae|Mecysolobus|erro,Animalia,Insecta,Coleoptera,Curculionidae,Mecysolobus,erro,Asynaptic,Male,XY,34
Animalia|Insecta|Coleoptera|Curculionidae|Mecysolobus|flavosigtus,Animalia,Insecta,Coleoptera,Curculionidae,Mecysolobus,flavosigtus,Asynaptic,Male,XY,34
Animalia|Insecta|Coleoptera|Curculionidae|Mecysolobus|trifidus,Animalia,Insecta,Coleoptera,Curculionidae,Mecysolobus,trifidus,Asynaptic,Male,XY,30
Animalia|Insecta|Coleoptera|Curculionidae|Meotiorrhynchus|querendus,Animalia,Insecta,Coleoptera,Curculionidae,Meotiorrhynchus,querendus,Asynaptic,Male,XY,22
Animalia|Insecta|Coleoptera|Curculionidae|Metamasius|hemipterus,Animalia,Insecta,Coleoptera,Curculionidae,Metamasius,hemipterus,Asynaptic,Male,XY,26
Animalia|Insecta|Coleoptera|Curculionidae|Metapocyrtus|yogunianus,Animalia,Insecta,Coleoptera,Curculionidae,Metapocyrtus,yogunianus,Asynaptic,Male,XY,22
Animalia|Insecta|Coleoptera|Curculionidae|Metialma|scenica,Animalia,Insecta,Coleoptera,Curculionidae,Metialma,scenica,Asynaptic,Male,XY,32
Animalia|Insecta|Coleoptera|Curculionidae|Metialma|sp,Animalia,Insecta,Coleoptera,Curculionidae,Metialma,sp,Asynaptic,Male,XY,34
Animalia|Insecta|Coleoptera|Curculionidae|Miccotrogus|picirostris,Animalia,Insecta,Coleoptera,Curculionidae,Miccotrogus,picirostris,Asynaptic,Male,XY,34
Animalia|Insecta|Coleoptera|Curculionidae|Myllocerus|11-pustulatus,Animalia,Insecta,Coleoptera,Curculionidae,Myllocerus,11-pustulatus,Asynaptic,Male,XY,22
Animalia|Insecta|Coleoptera|Curculionidae|Myllocerus|angulatipes,Animalia,Insecta,Coleoptera,Curculionidae,Myllocerus,angulatipes,Asynaptic,Male,XY,22
Animalia|Insecta|Coleoptera|Curculionidae|Myllocerus|blandus,Animalia,Insecta,Coleoptera,Curculionidae,Myllocerus,blandus,Asynaptic,Male,XY,22
Animalia|Insecta|Coleoptera|Curculionidae|Myllocerus|conspersus,Animalia,Insecta,Coleoptera,Curculionidae,Myllocerus,conspersus,Asynaptic,Male,XY,22
Animalia|Insecta|Coleoptera|Curculionidae|Myllocerus|dentifer,Animalia,Insecta,Coleoptera,Curculionidae,Myllocerus,dentifer,Asynaptic,Male,XY,22
Animalia|Insecta|Coleoptera|Curculionidae|Myllocerus|discolor,Animalia,Insecta,Coleoptera,Curculionidae,Myllocerus,discolor,Asynaptic,Male,XY,22
Animalia|Insecta|Coleoptera|Curculionidae|Myllocerus|dorsatus,Animalia,Insecta,Coleoptera,Curculionidae,Myllocerus,dorsatus,Asynaptic,Male,XY,22
Animalia|Insecta|Coleoptera|Curculionidae|Myllocerus|griseus,Animalia,Insecta,Coleoptera,Curculionidae,Myllocerus,griseus,Asynaptic,Male,XY,22
Animalia|Insecta|Coleoptera|Curculionidae|Myllocerus|kashmiriensis,Animalia,Insecta,Coleoptera,Curculionidae,Myllocerus,kashmiriensis,Asynaptic,Male,XY,22
Animalia|Insecta|Coleoptera|Curculionidae|Myllocerus|leativirens,Animalia,Insecta,Coleoptera,Curculionidae,Myllocerus,leativirens,Asynaptic,Male,XY,22
Animalia|Insecta|Coleoptera|Curculionidae|Myllocerus|lefroi,Animalia,Insecta,Coleoptera,Curculionidae,Myllocerus,lefroi,Asynaptic,Male,XY,22
Animalia|Insecta|Coleoptera|Curculionidae|Myllocerus|paetus,Animalia,Insecta,Coleoptera,Curculionidae,Myllocerus,paetus,Asynaptic,Male,XY,22
Animalia|Insecta|Coleoptera|Curculionidae|Myllocerus|pauper,Animalia,Insecta,Coleoptera,Curculionidae,Myllocerus,pauper,Asynaptic,Male,XY,22
Animalia|Insecta|Coleoptera|Curculionidae|Myllocerus|sabulosus,Animalia,Insecta,Coleoptera,Curculionidae,Myllocerus,sabulosus,Asynaptic,Male,XY,22
Animalia|Insecta|Coleoptera|Curculionidae|Myllocerus|sp.,Animalia,Insecta,Coleoptera,Curculionidae,Myllocerus,sp.,Asynaptic,Male,XY,22
Animalia|Insecta|Coleoptera|Curculionidae|Myllocerus|subfasciatus,Animalia,Insecta,Coleoptera,Curculionidae,Myllocerus,subfasciatus,Asynaptic,Male,XY,22
Animalia|Insecta|Coleoptera|Curculionidae|Myllocerus|transmarinus,Animalia,Insecta,Coleoptera,Curculionidae,Myllocerus,transmarinus,Asynaptic,Male,XY,22
Animalia|Insecta|Coleoptera|Curculionidae|Myllocerus|tusicollis,Animalia,Insecta,Coleoptera,Curculionidae,Myllocerus,tusicollis,Asynaptic,Male,XY,22
Animalia|Insecta|Coleoptera|Curculionidae|Myllocerus|viridanus,Animalia,Insecta,Coleoptera,Curculionidae,Myllocerus,viridanus,Asynaptic,Male,XY,22
Animalia|Insecta|Coleoptera|Curculionidae|Myllocerus|viridens,Animalia,Insecta,Coleoptera,Curculionidae,Myllocerus,viridens,Asynaptic,Male,XY,22
Animalia|Insecta|Coleoptera|Curculionidae|Naupactus|bruchi,Animalia,Insecta,Coleoptera,Curculionidae,Naupactus,bruchi,Asynaptic,Male,XY,22
Animalia|Insecta|Coleoptera|Curculionidae|Naupactus|xantographus,Animalia,Insecta,Coleoptera,Curculionidae,Naupactus,xantographus,Asynaptic,Male,XY,22
Animalia|Insecta|Coleoptera|Curculionidae|Nedyus|quadrimaculatus,Animalia,Insecta,Coleoptera,Curculionidae,Nedyus,quadrimaculatus,Asynaptic,Male,XY,28
Animalia|Insecta|Coleoptera|Curculionidae|Neocanonopsis|dreuxi,Animalia,Insecta,Coleoptera,Curculionidae,Neocanonopsis,dreuxi,Asynaptic,Male,XY,22
Animalia|Insecta|Coleoptera|Curculionidae|Neomecopus|sp.,Animalia,Insecta,Coleoptera,Curculionidae,Neomecopus,sp.,Asynaptic,Male,XY,30
Animalia|Insecta|Coleoptera|Curculionidae|Niphades|sp.,Animalia,Insecta,Coleoptera,Curculionidae,Niphades,sp.,Asynaptic,Male,XY,32
Animalia|Insecta|Coleoptera|Curculionidae|Niphades|variegatus,Animalia,Insecta,Coleoptera,Curculionidae,Niphades,variegatus,Asynaptic,Male,XY,34
Animalia|Insecta|Coleoptera|Curculionidae|Notaris|acridulus,Animalia,Insecta,Coleoptera,Curculionidae,Notaris,acridulus,Asynaptic,Male,XY,30
Animalia|Insecta|Coleoptera|Curculionidae|Oedophyrus|hilleri,Animalia,Insecta,Coleoptera,Curculionidae,Oedophyrus,hilleri,Asynaptic,Male,XY,26
Animalia|Insecta|Coleoptera|Curculionidae|Okikuruminus|oblongus,Animalia,Insecta,Coleoptera,Curculionidae,Okikuruminus,oblongus,Asynaptic,Male,XY,36
Animalia|Insecta|Coleoptera|Curculionidae|Okikuruminus|roelofsi,Animalia,Insecta,Coleoptera,Curculionidae,Okikuruminus,roelofsi,Asynaptic,Male,XY,36
Animalia|Insecta|Coleoptera|Curculionidae|Orobitis|apicalis,Animalia,Insecta,Coleoptera,Curculionidae,Orobitis,apicalis,Asynaptic,Male,XY,26
Animalia|Insecta|Coleoptera|Curculionidae|Orochlesis|takaosanus,Animalia,Insecta,Coleoptera,Curculionidae,Orochlesis,takaosanus,Asynaptic,Male,XY,40
Animalia|Insecta|Coleoptera|Curculionidae|Otiorhynchus|alpicola,Animalia,Insecta,Coleoptera,Curculionidae,Otiorhynchus,alpicola,Asynaptic,Male,XY,22
Animalia|Insecta|Coleoptera|Curculionidae|Otiorhynchus|apenninus,Animalia,Insecta,Coleoptera,Curculionidae,Otiorhynchus,apenninus,Asynaptic,Male,XY,22
Animalia|Insecta|Coleoptera|Curculionidae|Otiorhynchus|arcticus,Animalia,Insecta,Coleoptera,Curculionidae,Otiorhynchus,arcticus,Asynaptic,Male,XY,22
Animalia|Insecta|Coleoptera|Curculionidae|Otiorhynchus|armadillo,Animalia,Insecta,Coleoptera,Curculionidae,Otiorhynchus,armadillo,Asynaptic,Male,XY,22
Animalia|Insecta|Coleoptera|Curculionidae|Otiorhynchus|atripes,Animalia,Insecta,Coleoptera,Curculionidae,Otiorhynchus,atripes,Asynaptic,Male,XY,22
Animalia|Insecta|Coleoptera|Curculionidae|Otiorhynchus|atroapterus,Animalia,Insecta,Coleoptera,Curculionidae,Otiorhynchus,atroapterus,Asynaptic,Male,XY,22
Animalia|Insecta|Coleoptera|Curculionidae|Otiorhynchus|aurosigtus,Animalia,Insecta,Coleoptera,Curculionidae,Otiorhynchus,aurosigtus,Asynaptic,Male,XY,22
Animalia|Insecta|Coleoptera|Curculionidae|Otiorhynchus|austriacus,Animalia,Insecta,Coleoptera,Curculionidae,Otiorhynchus,austriacus,Asynaptic,Male,XY,22
Animalia|Insecta|Coleoptera|Curculionidae|Otiorhynchus|bisulcatus,Animalia,Insecta,Coleoptera,Curculionidae,Otiorhynchus,bisulcatus,Asynaptic,Male,XY,22
Animalia|Insecta|Coleoptera|Curculionidae|Otiorhynchus|coecus,Animalia,Insecta,Coleoptera,Curculionidae,Otiorhynchus,coecus,Asynaptic,Male,XY,22
Animalia|Insecta|Coleoptera|Curculionidae|Otiorhynchus|cornicinus,Animalia,Insecta,Coleoptera,Curculionidae,Otiorhynchus,cornicinus,Asynaptic,Male,XY,22
Animalia|Insecta|Coleoptera|Curculionidae|Otiorhynchus|corvus,Animalia,Insecta,Coleoptera,Curculionidae,Otiorhynchus,corvus,Asynaptic,Male,XY,22
Animalia|Insecta|Coleoptera|Curculionidae|Otiorhynchus|croaticus,Animalia,Insecta,Coleoptera,Curculionidae,Otiorhynchus,croaticus,Asynaptic,Male,XY,22
Animalia|Insecta|Coleoptera|Curculionidae|Otiorhynchus|dryadis,Animalia,Insecta,Coleoptera,Curculionidae,Otiorhynchus,dryadis,Asynaptic,Male,XY,22
Animalia|Insecta|Coleoptera|Curculionidae|Otiorhynchus|equestris,Animalia,Insecta,Coleoptera,Curculionidae,Otiorhynchus,equestris,Asynaptic,Male,XY,22
Animalia|Insecta|Coleoptera|Curculionidae|Otiorhynchus|gemmatus,Animalia,Insecta,Coleoptera,Curculionidae,Otiorhynchus,gemmatus,Asynaptic,Male,XY,22
Animalia|Insecta|Coleoptera|Curculionidae|Otiorhynchus|geniculatus,Animalia,Insecta,Coleoptera,Curculionidae,Otiorhynchus,geniculatus,Asynaptic,Male,XY,22
Animalia|Insecta|Coleoptera|Curculionidae|Otiorhynchus|inflatus,Animalia,Insecta,Coleoptera,Curculionidae,Otiorhynchus,inflatus,Asynaptic,Male,XY,22
Animalia|Insecta|Coleoptera|Curculionidae|Otiorhynchus|koritnicensis,Animalia,Insecta,Coleoptera,Curculionidae,Otiorhynchus,koritnicensis,Asynaptic,Male,XY,22
Animalia|Insecta|Coleoptera|Curculionidae|Otiorhynchus|meridiolis,Animalia,Insecta,Coleoptera,Curculionidae,Otiorhynchus,meridiolis,Asynaptic,Male,XY,22
Animalia|Insecta|Coleoptera|Curculionidae|Otiorhynchus|minutesquamosus,Animalia,Insecta,Coleoptera,Curculionidae,Otiorhynchus,minutesquamosus,Asynaptic,Male,XY,22
Animalia|Insecta|Coleoptera|Curculionidae|Otiorhynchus|morio,Animalia,Insecta,Coleoptera,Curculionidae,Otiorhynchus,morio,Asynaptic,Male,XY,22
Animalia|Insecta|Coleoptera|Curculionidae|Otiorhynchus|multipunctatus,Animalia,Insecta,Coleoptera,Curculionidae,Otiorhynchus,multipunctatus,Asynaptic,Male,XY,22
Animalia|Insecta|Coleoptera|Curculionidae|Otiorhynchus|niger,Animalia,Insecta,Coleoptera,Curculionidae,Otiorhynchus,niger,Asynaptic,Male,XY,22
Animalia|Insecta|Coleoptera|Curculionidae|Otiorhynchus|opulentus,Animalia,Insecta,Coleoptera,Curculionidae,Otiorhynchus,opulentus,Asynaptic,Male,XY,22
Animalia|Insecta|Coleoptera|Curculionidae|Otiorhynchus|praecellens,Animalia,Insecta,Coleoptera,Curculionidae,Otiorhynchus,praecellens,Asynaptic,Male,XY,22
Animalia|Insecta|Coleoptera|Curculionidae|Otiorhynchus|retifer,Animalia,Insecta,Coleoptera,Curculionidae,Otiorhynchus,retifer,Asynaptic,Male,XY,22
Animalia|Insecta|Coleoptera|Curculionidae|Otiorhynchus|rotifer,Animalia,Insecta,Coleoptera,Curculionidae,Otiorhynchus,rotifer,Asynaptic,Male,XY,22
Animalia|Insecta|Coleoptera|Curculionidae|Otiorhynchus|rugifrons,Animalia,Insecta,Coleoptera,Curculionidae,Otiorhynchus,rugifrons,Asynaptic,Male,XY,22
Animalia|Insecta|Coleoptera|Curculionidae|Otiorhynchus|salicis,Animalia,Insecta,Coleoptera,Curculionidae,Otiorhynchus,salicis,Asynaptic,Male,XY,22
Animalia|Insecta|Coleoptera|Curculionidae|Otiorhynchus|sensitivus,Animalia,Insecta,Coleoptera,Curculionidae,Otiorhynchus,sensitivus,Asynaptic,Male,XY,22
Animalia|Insecta|Coleoptera|Curculionidae|Otiorhynchus|speiseri,Animalia,Insecta,Coleoptera,Curculionidae,Otiorhynchus,speiseri,Asynaptic,Male,XY,22
Animalia|Insecta|Coleoptera|Curculionidae|Otiorhynchus|strumosus,Animalia,Insecta,Coleoptera,Curculionidae,Otiorhynchus,strumosus,Asynaptic,Male,XY,22
Animalia|Insecta|Coleoptera|Curculionidae|Oxydema|sp.,Animalia,Insecta,Coleoptera,Curculionidae,Oxydema,sp.,Asynaptic,Male,XY,30
Animalia|Insecta|Coleoptera|Curculionidae|Pachyrhynchus|inferlis,Animalia,Insecta,Coleoptera,Curculionidae,Pachyrhynchus,inferlis,Asynaptic,Male,XY,22
Animalia|Insecta|Coleoptera|Curculionidae|Pachytychius|sp.,Animalia,Insecta,Coleoptera,Curculionidae,Pachytychius,sp.,Asynaptic,Male,XY,32
Animalia|Insecta|Coleoptera|Curculionidae|Pagiophloeus|sp.,Animalia,Insecta,Coleoptera,Curculionidae,Pagiophloeus,sp.,Asynaptic,Male,XY,28
Animalia|Insecta|Coleoptera|Curculionidae|Paophilus|afflatus,Animalia,Insecta,Coleoptera,Curculionidae,Paophilus,afflatus,Asynaptic,Male,XY,22
Animalia|Insecta|Coleoptera|Curculionidae|Paramecopus|farinosus,Animalia,Insecta,Coleoptera,Curculionidae,Paramecopus,farinosus,Asynaptic,Male,XY,32
Animalia|Insecta|Coleoptera|Curculionidae|Parascaphus|sp.,Animalia,Insecta,Coleoptera,Curculionidae,Parascaphus,sp.,Asynaptic,Male,XY,20
Animalia|Insecta|Coleoptera|Curculionidae|Paratrachelophorus|longicornis,Animalia,Insecta,Coleoptera,Curculionidae,Paratrachelophorus,longicornis,Asynaptic,Male,XY,30
Animalia|Insecta|Coleoptera|Curculionidae|Phloeophagosoma|takenouchii,Animalia,Insecta,Coleoptera,Curculionidae,Phloeophagosoma,takenouchii,Asynaptic,Male,XY,32
Animalia|Insecta|Coleoptera|Curculionidae|Phyllobius|arborator,Animalia,Insecta,Coleoptera,Curculionidae,Phyllobius,arborator,Asynaptic,Male,XY,22
Animalia|Insecta|Coleoptera|Curculionidae|Phyllobius|argentatus,Animalia,Insecta,Coleoptera,Curculionidae,Phyllobius,argentatus,Asynaptic,Male,XY,22
Animalia|Insecta|Coleoptera|Curculionidae|Phyllobius|armatus,Animalia,Insecta,Coleoptera,Curculionidae,Phyllobius,armatus,Asynaptic,Male,XY,22
Animalia|Insecta|Coleoptera|Curculionidae|Phyllobius|brevis,Animalia,Insecta,Coleoptera,Curculionidae,Phyllobius,brevis,Asynaptic,Male,XY,22
Animalia|Insecta|Coleoptera|Curculionidae|Phyllobius|brevitarsis,Animalia,Insecta,Coleoptera,Curculionidae,Phyllobius,brevitarsis,Asynaptic,Male,XY,22
Animalia|Insecta|Coleoptera|Curculionidae|Phyllobius|caucasicus,Animalia,Insecta,Coleoptera,Curculionidae,Phyllobius,caucasicus,Asynaptic,Male,XY,22
Animalia|Insecta|Coleoptera|Curculionidae|Phyllobius|galloisi,Animalia,Insecta,Coleoptera,Curculionidae,Phyllobius,galloisi,Asynaptic,Male,XY,22
Animalia|Insecta|Coleoptera|Curculionidae|Phyllobius|incomptus,Animalia,Insecta,Coleoptera,Curculionidae,Phyllobius,incomptus,Asynaptic,Male,XY,22
Animalia|Insecta|Coleoptera|Curculionidae|Phyllobius|intrusus,Animalia,Insecta,Coleoptera,Curculionidae,Phyllobius,intrusus,Asynaptic,Male,XY,22
Animalia|Insecta|Coleoptera|Curculionidae|Phyllobius|longicornis,Animalia,Insecta,Coleoptera,Curculionidae,Phyllobius,longicornis,Asynaptic,Male,XY,22
Animalia|Insecta|Coleoptera|Curculionidae|Phyllobius|maculicornis,Animalia,Insecta,Coleoptera,Curculionidae,Phyllobius,maculicornis,Asynaptic,Male,XY,22
Animalia|Insecta|Coleoptera|Curculionidae|Phyllobius|mundus,Animalia,Insecta,Coleoptera,Curculionidae,Phyllobius,mundus,Asynaptic,Male,XY,22
Animalia|Insecta|Coleoptera|Curculionidae|Phyllobius|nigritus,Animalia,Insecta,Coleoptera,Curculionidae,Phyllobius,nigritus,Asynaptic,Male,XY,22
Animalia|Insecta|Coleoptera|Curculionidae|Phyllobius|oblongus,Animalia,Insecta,Coleoptera,Curculionidae,Phyllobius,oblongus,Asynaptic,Male,XY,22
Animalia|Insecta|Coleoptera|Curculionidae|Phyllobius|prolongatus,Animalia,Insecta,Coleoptera,Curculionidae,Phyllobius,prolongatus,Asynaptic,Male,XY,22
Animalia|Insecta|Coleoptera|Curculionidae|Phyllobius|pyri,Animalia,Insecta,Coleoptera,Curculionidae,Phyllobius,pyri,Asynaptic,Male,XY,22
Animalia|Insecta|Coleoptera|Curculionidae|Phyllobius|rotundicollis,Animalia,Insecta,Coleoptera,Curculionidae,Phyllobius,rotundicollis,Asynaptic,Male,XY,22
Animalia|Insecta|Coleoptera|Curculionidae|Phyllobius|sp.,Animalia,Insecta,Coleoptera,Curculionidae,Phyllobius,sp.,Asynaptic,Male,XY,22
Animalia|Insecta|Coleoptera|Curculionidae|Phyllobius|urticae,Animalia,Insecta,Coleoptera,Curculionidae,Phyllobius,urticae,Asynaptic,Male,XY,22
Animalia|Insecta|Coleoptera|Curculionidae|Phyllobius|viridicollis,Animalia,Insecta,Coleoptera,Curculionidae,Phyllobius,viridicollis,Asynaptic,Male,XY,22
Animalia|Insecta|Coleoptera|Curculionidae|Phymatapoderus|latipennis,Animalia,Insecta,Coleoptera,Curculionidae,Phymatapoderus,latipennis,Asynaptic,Male,XY,32
Animalia|Insecta|Coleoptera|Curculionidae|Phymatapoderus|pavens,Animalia,Insecta,Coleoptera,Curculionidae,Phymatapoderus,pavens,Asynaptic,Male,XY,24
Animalia|Insecta|Coleoptera|Curculionidae|Phytobius|sp.,Animalia,Insecta,Coleoptera,Curculionidae,Phytobius,sp.,Asynaptic,Male,XY,24
Animalia|Insecta|Coleoptera|Curculionidae|Phytoscaphus|inductus,Animalia,Insecta,Coleoptera,Curculionidae,Phytoscaphus,inductus,Asynaptic,Male,XY,22
Animalia|Insecta|Coleoptera|Curculionidae|Phytoscaphus|sp.,Animalia,Insecta,Coleoptera,Curculionidae,Phytoscaphus,sp.,Asynaptic,Male,XY,20
Animalia|Insecta|Coleoptera|Curculionidae|Pissodes|affinis,Animalia,Insecta,Coleoptera,Curculionidae,Pissodes,affinis,Asynaptic,Male,XY,30
Animalia|Insecta|Coleoptera|Curculionidae|Pissodes|dubius,Animalia,Insecta,Coleoptera,Curculionidae,Pissodes,dubius,Asynaptic,Male,XY,30
Animalia|Insecta|Coleoptera|Curculionidae|Pissodes|fasciatus,Animalia,Insecta,Coleoptera,Curculionidae,Pissodes,fasciatus,Asynaptic,Male,XY,30
Animalia|Insecta|Coleoptera|Curculionidae|Pissodes|fiskei,Animalia,Insecta,Coleoptera,Curculionidae,Pissodes,fiskei,Asynaptic,Male,XY,25
Animalia|Insecta|Coleoptera|Curculionidae|Pissodes|gyllenhali,Animalia,Insecta,Coleoptera,Curculionidae,Pissodes,gyllenhali,Asynaptic,Male,XY,32
Animalia|Insecta|Coleoptera|Curculionidae|Pissodes|memorensis,Animalia,Insecta,Coleoptera,Curculionidae,Pissodes,memorensis,Asynaptic,Male,XY,30
Animalia|Insecta|Coleoptera|Curculionidae|Pissodes|nitidus,Animalia,Insecta,Coleoptera,Curculionidae,Pissodes,nitidus,Asynaptic,Male,XY,30
Animalia|Insecta|Coleoptera|Curculionidae|Pissodes|notatus,Animalia,Insecta,Coleoptera,Curculionidae,Pissodes,notatus,Asynaptic,Male,XY,30
Animalia|Insecta|Coleoptera|Curculionidae|Pissodes|obscurus,Animalia,Insecta,Coleoptera,Curculionidae,Pissodes,obscurus,Asynaptic,Male,XY,28
Animalia|Insecta|Coleoptera|Curculionidae|Pissodes|P27,Animalia,Insecta,Coleoptera,Curculionidae,Pissodes,P27,Asynaptic,Male,XY,30
Animalia|Insecta|Coleoptera|Curculionidae|Pissodes|radiatae,Animalia,Insecta,Coleoptera,Curculionidae,Pissodes,radiatae,Asynaptic,Male,XY,30
Animalia|Insecta|Coleoptera|Curculionidae|Pissodes|rotundatus,Animalia,Insecta,Coleoptera,Curculionidae,Pissodes,rotundatus,Asynaptic,Male,XY,30
Animalia|Insecta|Coleoptera|Curculionidae|Pissodes|schwarzi,Animalia,Insecta,Coleoptera,Curculionidae,Pissodes,schwarzi,Asynaptic,Male,XY,28
Animalia|Insecta|Coleoptera|Curculionidae|Pissodes|similis,Animalia,Insecta,Coleoptera,Curculionidae,Pissodes,similis,Asynaptic,Male,XY,30
Animalia|Insecta|Coleoptera|Curculionidae|Pissodes|strobi,Animalia,Insecta,Coleoptera,Curculionidae,Pissodes,strobi,Asynaptic,Male,XY,34
Animalia|Insecta|Coleoptera|Curculionidae|Pissodes|termilis,Animalia,Insecta,Coleoptera,Curculionidae,Pissodes,termilis,Asynaptic,Male,XY,29
Animalia|Insecta|Coleoptera|Curculionidae|Pissodes|validirostris,Animalia,Insecta,Coleoptera,Curculionidae,Pissodes,validirostris,Asynaptic,Male,XY,30
Animalia|Insecta|Coleoptera|Curculionidae|Pissodes|webbi,Animalia,Insecta,Coleoptera,Curculionidae,Pissodes,webbi,Asynaptic,Male,XY,34
Animalia|Insecta|Coleoptera|Curculionidae|Pissodes|YT3,Animalia,Insecta,Coleoptera,Curculionidae,Pissodes,YT3,Asynaptic,Male,XY,34
Animalia|Insecta|Coleoptera|Curculionidae|Platymycterus|himalayanus,Animalia,Insecta,Coleoptera,Curculionidae,Platymycterus,himalayanus,Asynaptic,Male,XY,22
Animalia|Insecta|Coleoptera|Curculionidae|Platymycterus|moestus,Animalia,Insecta,Coleoptera,Curculionidae,Platymycterus,moestus,Asynaptic,Male,XY,22
Animalia|Insecta|Coleoptera|Curculionidae|Platymycterus|sjostedti,Animalia,Insecta,Coleoptera,Curculionidae,Platymycterus,sjostedti,Asynaptic,Male,XY,22
Animalia|Insecta|Coleoptera|Curculionidae|Platymycterus|sp.,Animalia,Insecta,Coleoptera,Curculionidae,Platymycterus,sp.,Asynaptic,Male,XY,22
Animalia|Insecta|Coleoptera|Curculionidae|Plintini|sp.,Animalia,Insecta,Coleoptera,Curculionidae,Plintini,sp.,Asynaptic,Male,XY,22
Animalia|Insecta|Coleoptera|Curculionidae|Podapion|gallicola,Animalia,Insecta,Coleoptera,Curculionidae,Podapion,gallicola,Asynaptic,Male,XY,22
Animalia|Insecta|Coleoptera|Curculionidae|Podeschrus|abietis,Animalia,Insecta,Coleoptera,Curculionidae,Podeschrus,abietis,Asynaptic,Male,XY,22
Animalia|Insecta|Coleoptera|Curculionidae|Polydrusus|atomarius,Animalia,Insecta,Coleoptera,Curculionidae,Polydrusus,atomarius,Asynaptic,Male,XY,22
Animalia|Insecta|Coleoptera|Curculionidae|Polydrusus|calabricus,Animalia,Insecta,Coleoptera,Curculionidae,Polydrusus,calabricus,Asynaptic,Male,XY,20
Animalia|Insecta|Coleoptera|Curculionidae|Polydrusus|margitus,Animalia,Insecta,Coleoptera,Curculionidae,Polydrusus,margitus,Asynaptic,Male,XY,22
Animalia|Insecta|Coleoptera|Curculionidae|Polydrusus|ruficornis,Animalia,Insecta,Coleoptera,Curculionidae,Polydrusus,ruficornis,Asynaptic,Male,XY,22
Animalia|Insecta|Coleoptera|Curculionidae|Polydrusus|sericeus,Animalia,Insecta,Coleoptera,Curculionidae,Polydrusus,sericeus,Asynaptic,Male,XY,22
Animalia|Insecta|Coleoptera|Curculionidae|Polydrusus|sicanus,Animalia,Insecta,Coleoptera,Curculionidae,Polydrusus,sicanus,Asynaptic,Male,XY,22
Animalia|Insecta|Coleoptera|Curculionidae|Polydrusus|viridicintus,Animalia,Insecta,Coleoptera,Curculionidae,Polydrusus,viridicintus,Asynaptic,Male,XY,22
Animalia|Insecta|Coleoptera|Curculionidae|Procas|biguttatus,Animalia,Insecta,Coleoptera,Curculionidae,Procas,biguttatus,Asynaptic,Male,XY,22
Animalia|Insecta|Coleoptera|Curculionidae|Protacallinus|sp.,Animalia,Insecta,Coleoptera,Curculionidae,Protacallinus,sp.,Asynaptic,Male,XY,30
Animalia|Insecta|Coleoptera|Curculionidae|Pseudoanthonomus|hamamelidis,Animalia,Insecta,Coleoptera,Curculionidae,Pseudoanthonomus,hamamelidis,Asynaptic,Male,XY,38
Animalia|Insecta|Coleoptera|Curculionidae|Pseudphytoscaphus|sp.,Animalia,Insecta,Coleoptera,Curculionidae,Pseudphytoscaphus,sp.,Asynaptic,Male,XY,22
Animalia|Insecta|Coleoptera|Curculionidae|Ptochus|oyulum,Animalia,Insecta,Coleoptera,Curculionidae,Ptochus,oyulum,Asynaptic,Male,XY,22
Animalia|Insecta|Coleoptera|Curculionidae|Rhadinomerus|annulipes,Animalia,Insecta,Coleoptera,Curculionidae,Rhadinomerus,annulipes,Asynaptic,Male,XY,36
Animalia|Insecta|Coleoptera|Curculionidae|Rhadinomerus|maebarai,Animalia,Insecta,Coleoptera,Curculionidae,Rhadinomerus,maebarai,Asynaptic,Male,XY,44
Animalia|Insecta|Coleoptera|Curculionidae|Rhinocerus|sp.,Animalia,Insecta,Coleoptera,Curculionidae,Rhinocerus,sp.,Asynaptic,Male,XY,20
Animalia|Insecta|Coleoptera|Curculionidae|Rhinomias|forticornis,Animalia,Insecta,Coleoptera,Curculionidae,Rhinomias,forticornis,Asynaptic,Male,XY,22
Animalia|Insecta|Coleoptera|Curculionidae|Rhinoncus|pagnus,Animalia,Insecta,Coleoptera,Curculionidae,Rhinoncus,pagnus,Asynaptic,Male,XY,20
Animalia|Insecta|Coleoptera|Curculionidae|Rhinoncus|sibiricus,Animalia,Insecta,Coleoptera,Curculionidae,Rhinoncus,sibiricus,Asynaptic,Male,XY,28
Animalia|Insecta|Coleoptera|Curculionidae|Rhynchaenus|populi,Animalia,Insecta,Coleoptera,Curculionidae,Rhynchaenus,populi,Asynaptic,Male,XY,26
Animalia|Insecta|Coleoptera|Curculionidae|Rhynchaenus|stigma,Animalia,Insecta,Coleoptera,Curculionidae,Rhynchaenus,stigma,Asynaptic,Male,XY,28
Animalia|Insecta|Coleoptera|Curculionidae|Rhynchophorus|ferrugineus,Animalia,Insecta,Coleoptera,Curculionidae,Rhynchophorus,ferrugineus,Asynaptic,Male,XY,22
Animalia|Insecta|Coleoptera|Curculionidae|Rhyssomatus|margitus,Animalia,Insecta,Coleoptera,Curculionidae,Rhyssomatus,margitus,Asynaptic,Male,XY,22
Animalia|Insecta|Coleoptera|Curculionidae|Ruteria|hypocrita,Animalia,Insecta,Coleoptera,Curculionidae,Ruteria,hypocrita,Asynaptic,Male,XY,30
Animalia|Insecta|Coleoptera|Curculionidae|Rynchophorus|palmarum,Animalia,Insecta,Coleoptera,Curculionidae,Rynchophorus,palmarum,Asynaptic,Male,XY,22
Animalia|Insecta|Coleoptera|Curculionidae|Ryssematus|lineaticollis,Animalia,Insecta,Coleoptera,Curculionidae,Ryssematus,lineaticollis,Asynaptic,Male,XY,24
Animalia|Insecta|Coleoptera|Curculionidae|Scepticus|griseus,Animalia,Insecta,Coleoptera,Curculionidae,Scepticus,griseus,Asynaptic,Male,XY,22
Animalia|Insecta|Coleoptera|Curculionidae|Scepticus|insularis,Animalia,Insecta,Coleoptera,Curculionidae,Scepticus,insularis,Asynaptic,Male,XY,22
Animalia|Insecta|Coleoptera|Curculionidae|Scepticus|tigrinus,Animalia,Insecta,Coleoptera,Curculionidae,Scepticus,tigrinus,Asynaptic,Male,XY,22
Animalia|Insecta|Coleoptera|Curculionidae|Scythropus|japonicus,Animalia,Insecta,Coleoptera,Curculionidae,Scythropus,japonicus,Asynaptic,Male,XY,22
Animalia|Insecta|Coleoptera|Curculionidae|Scythropus|ortus,Animalia,Insecta,Coleoptera,Curculionidae,Scythropus,ortus,Asynaptic,Male,XY,22
Animalia|Insecta|Coleoptera|Curculionidae|Scythropus|sp.,Animalia,Insecta,Coleoptera,Curculionidae,Scythropus,sp.,Asynaptic,Male,XY,20
Animalia|Insecta|Coleoptera|Curculionidae|Shirahoshizo|insidiosus,Animalia,Insecta,Coleoptera,Curculionidae,Shirahoshizo,insidiosus,Asynaptic,Male,XY,38
Animalia|Insecta|Coleoptera|Curculionidae|Simulatacalles|simulator,Animalia,Insecta,Coleoptera,Curculionidae,Simulatacalles,simulator,Asynaptic,Male,XY,24
Animalia|Insecta|Coleoptera|Curculionidae|Sipalus|hypocrita,Animalia,Insecta,Coleoptera,Curculionidae,Sipalus,hypocrita,Asynaptic,Male,XY,22
Animalia|Insecta|Coleoptera|Curculionidae|Sitona|crinitus,Animalia,Insecta,Coleoptera,Curculionidae,Sitona,crinitus,Asynaptic,Male,XY,22
Animalia|Insecta|Coleoptera|Curculionidae|Sitona|cylindricollis,Animalia,Insecta,Coleoptera,Curculionidae,Sitona,cylindricollis,Asynaptic,Male,XY,22
Animalia|Insecta|Coleoptera|Curculionidae|Sitona|flavescens,Animalia,Insecta,Coleoptera,Curculionidae,Sitona,flavescens,Asynaptic,Male,XY,22
Animalia|Insecta|Coleoptera|Curculionidae|Sitona|hispidulus,Animalia,Insecta,Coleoptera,Curculionidae,Sitona,hispidulus,Asynaptic,Male,XY,22
Animalia|Insecta|Coleoptera|Curculionidae|Sitona|humeralis,Animalia,Insecta,Coleoptera,Curculionidae,Sitona,humeralis,Asynaptic,Male,XY,22
Animalia|Insecta|Coleoptera|Curculionidae|Sitona|lepidus,Animalia,Insecta,Coleoptera,Curculionidae,Sitona,lepidus,Asynaptic,Male,XY,22
Animalia|Insecta|Coleoptera|Curculionidae|Sitona|lineata,Animalia,Insecta,Coleoptera,Curculionidae,Sitona,lineata,Asynaptic,Male,XY,22
Animalia|Insecta|Coleoptera|Curculionidae|Sitona|lineatus,Animalia,Insecta,Coleoptera,Curculionidae,Sitona,lineatus,Asynaptic,Male,XY,22
Animalia|Insecta|Coleoptera|Curculionidae|Sitona|macularis,Animalia,Insecta,Coleoptera,Curculionidae,Sitona,macularis,Asynaptic,Male,XY,22
Animalia|Insecta|Coleoptera|Curculionidae|Sitona|scissifrons,Animalia,Insecta,Coleoptera,Curculionidae,Sitona,scissifrons,Asynaptic,Male,XY,22
Animalia|Insecta|Coleoptera|Curculionidae|Sitona|sp.,Animalia,Insecta,Coleoptera,Curculionidae,Sitona,sp.,Asynaptic,Male,XY,22
Animalia|Insecta|Coleoptera|Curculionidae|Sitona|suturalis,Animalia,Insecta,Coleoptera,Curculionidae,Sitona,suturalis,Asynaptic,Male,XY,22
Animalia|Insecta|Coleoptera|Curculionidae|Sitonaphilus|granarius,Animalia,Insecta,Coleoptera,Curculionidae,Sitonaphilus,granarius,Asynaptic,Male,XY,24
Animalia|Insecta|Coleoptera|Curculionidae|Sitonaphilus|zeamais,Animalia,Insecta,Coleoptera,Curculionidae,Sitonaphilus,zeamais,Asynaptic,Male,XY,22
Animalia|Insecta|Coleoptera|Curculionidae|Sphenophorus|parvula,Animalia,Insecta,Coleoptera,Curculionidae,Sphenophorus,parvula,Asynaptic,Male,XY,30
Animalia|Insecta|Coleoptera|Curculionidae|Strophosoma|faber,Animalia,Insecta,Coleoptera,Curculionidae,Strophosoma,faber,Asynaptic,Male,XY,22
Animalia|Insecta|Coleoptera|Curculionidae|Sympiezomias|cribicollis,Animalia,Insecta,Coleoptera,Curculionidae,Sympiezomias,cribicollis,Asynaptic,Male,XY,22
Animalia|Insecta|Coleoptera|Curculionidae|Sympiezomias|cribricollis,Animalia,Insecta,Coleoptera,Curculionidae,Sympiezomias,cribricollis,Asynaptic,Male,XY,22
Animalia|Insecta|Coleoptera|Curculionidae|Sympiezomias|lewisii,Animalia,Insecta,Coleoptera,Curculionidae,Sympiezomias,lewisii,Asynaptic,Male,XY,22
Animalia|Insecta|Coleoptera|Curculionidae|Syrotelus|umbrosus,Animalia,Insecta,Coleoptera,Curculionidae,Syrotelus,umbrosus,Asynaptic,Male,XY,16
Animalia|Insecta|Coleoptera|Curculionidae|Tachypterellus|4-gibbus,Animalia,Insecta,Coleoptera,Curculionidae,Tachypterellus,4-gibbus,Asynaptic,Male,XY,34
Animalia|Insecta|Coleoptera|Curculionidae|Tanymecus|cephalotes,Animalia,Insecta,Coleoptera,Curculionidae,Tanymecus,cephalotes,Asynaptic,Male,XY,22
Animalia|Insecta|Coleoptera|Curculionidae|Tanymecus|hispidus,Animalia,Insecta,Coleoptera,Curculionidae,Tanymecus,hispidus,Asynaptic,Male,XY,22
Animalia|Insecta|Coleoptera|Curculionidae|Tanymecus|indicus,Animalia,Insecta,Coleoptera,Curculionidae,Tanymecus,indicus,Asynaptic,Male,XY,22
Animalia|Insecta|Coleoptera|Curculionidae|Tanymecus|longulus,Animalia,Insecta,Coleoptera,Curculionidae,Tanymecus,longulus,Asynaptic,Male,XY,22
Animalia|Insecta|Coleoptera|Curculionidae|Tanymecus|palliatus,Animalia,Insecta,Coleoptera,Curculionidae,Tanymecus,palliatus,Asynaptic,Male,XY,22
Animalia|Insecta|Coleoptera|Curculionidae|Tanymecus|sciurus,Animalia,Insecta,Coleoptera,Curculionidae,Tanymecus,sciurus,Asynaptic,Male,XY,22
Animalia|Insecta|Coleoptera|Curculionidae|Tanymecus|sp.,Animalia,Insecta,Coleoptera,Curculionidae,Tanymecus,sp.,Asynaptic,Male,XY,22
Animalia|Insecta|Coleoptera|Curculionidae|Tanysphyrus|leme,Animalia,Insecta,Coleoptera,Curculionidae,Tanysphyrus,leme,Asynaptic,Male,XY,16
Animalia|Insecta|Coleoptera|Curculionidae|Tanysphyrus|major,Animalia,Insecta,Coleoptera,Curculionidae,Tanysphyrus,major,Asynaptic,Male,XY,16
Animalia|Insecta|Coleoptera|Curculionidae|Telephae|konoi,Animalia,Insecta,Coleoptera,Curculionidae,Telephae,konoi,Asynaptic,Male,XY,22
Animalia|Insecta|Coleoptera|Curculionidae|Thlipsomerus|glebosus,Animalia,Insecta,Coleoptera,Curculionidae,Thlipsomerus,glebosus,Asynaptic,Male,XY,22
Animalia|Insecta|Coleoptera|Curculionidae|Transptochus|sp.,Animalia,Insecta,Coleoptera,Curculionidae,Transptochus,sp.,Asynaptic,Male,XY,22
Animalia|Insecta|Coleoptera|Curculionidae|Tychius|aureolus,Animalia,Insecta,Coleoptera,Curculionidae,Tychius,aureolus,Asynaptic,Male,XY,40
Animalia|Insecta|Coleoptera|Curculionidae|Tychius|ginsuji,Animalia,Insecta,Coleoptera,Curculionidae,Tychius,ginsuji,Asynaptic,Male,XY,34
Animalia|Insecta|Coleoptera|Curculionidae|Tychius|sp.,Animalia,Insecta,Coleoptera,Curculionidae,Tychius,sp.,Asynaptic,Male,XY,34
Animalia|Insecta|Coleoptera|Curculionidae|Tychius|stephensi,Animalia,Insecta,Coleoptera,Curculionidae,Tychius,stephensi,Asynaptic,Male,XY,40
Animalia|Insecta|Coleoptera|Curculionidae|Xanium|vanhoeffenianum,Animalia,Insecta,Coleoptera,Curculionidae,Xanium,vanhoeffenianum,Asynaptic,Male,XY,22
Animalia|Insecta|Coleoptera|Curculionidae|Xanthochelus|sp.,Animalia,Insecta,Coleoptera,Curculionidae,Xanthochelus,sp.,Asynaptic,Male,XY,22
Animalia|Insecta|Coleoptera|Curculionidae|Zacladus|geranii,Animalia,Insecta,Coleoptera,Curculionidae,Zacladus,geranii,Asynaptic,Male,XY,28
Animalia|Insecta|Coleoptera|Dermestidae|Anthrenus|fasciatus,Animalia,Insecta,Coleoptera,Dermestidae,Anthrenus,fasciatus,Asynaptic,Male,XY,18
Animalia|Insecta|Coleoptera|Dermestidae|Anthrenus|flavipes,Animalia,Insecta,Coleoptera,Dermestidae,Anthrenus,flavipes,Asynaptic,Male,XY,18
Animalia|Insecta|Coleoptera|Dermestidae|Anthrenus|sp.,Animalia,Insecta,Coleoptera,Dermestidae,Anthrenus,sp.,Asynaptic,Male,XY,18
Animalia|Insecta|Coleoptera|Dermestidae|Anthrenus|verbasci,Animalia,Insecta,Coleoptera,Dermestidae,Anthrenus,verbasci,Asynaptic,Male,XY,18
Animalia|Insecta|Coleoptera|Dermestidae|Attagenus|elongatulus,Animalia,Insecta,Coleoptera,Dermestidae,Attagenus,elongatulus,Asynaptic,Male,XY,18
Animalia|Insecta|Coleoptera|Dermestidae|Attagenus|megatoma,Animalia,Insecta,Coleoptera,Dermestidae,Attagenus,megatoma,Asynaptic,Male,XY,18
Animalia|Insecta|Coleoptera|Dermestidae|Dermestes|ater,Animalia,Insecta,Coleoptera,Dermestidae,Dermestes,ater,Asynaptic,Male,XY,18
Animalia|Insecta|Coleoptera|Dermestidae|Dermestes|caninus,Animalia,Insecta,Coleoptera,Dermestidae,Dermestes,caninus,Asynaptic,Male,XY,18
Animalia|Insecta|Coleoptera|Dermestidae|Dermestes|frischii,Animalia,Insecta,Coleoptera,Dermestidae,Dermestes,frischii,Asynaptic,Male,XY,18
Animalia|Insecta|Coleoptera|Dermestidae|Dermestes|haemorrhoidalis,Animalia,Insecta,Coleoptera,Dermestidae,Dermestes,haemorrhoidalis,Asynaptic,Male,XY,18
Animalia|Insecta|Coleoptera|Dermestidae|Dermestes|lardarius,Animalia,Insecta,Coleoptera,Dermestidae,Dermestes,lardarius,Asynaptic,Male,XY,18
Animalia|Insecta|Coleoptera|Dermestidae|Dermestes|maculatus,Animalia,Insecta,Coleoptera,Dermestidae,Dermestes,maculatus,Asynaptic,Male,XY,18
Animalia|Insecta|Coleoptera|Dermestidae|Dermestes|peruvianus,Animalia,Insecta,Coleoptera,Dermestidae,Dermestes,peruvianus,Asynaptic,Male,XY,18
Animalia|Insecta|Coleoptera|Dermestidae|Dermestes|talpinus,Animalia,Insecta,Coleoptera,Dermestidae,Dermestes,talpinus,Asynaptic,Male,XY,18
Animalia|Insecta|Coleoptera|Dermestidae|Dermestes|vulpinus,Animalia,Insecta,Coleoptera,Dermestidae,Dermestes,vulpinus,Asynaptic,Male,XY,18
Animalia|Insecta|Coleoptera|Dermestidae|Dermests|sigtus,Animalia,Insecta,Coleoptera,Dermestidae,Dermests,sigtus,Asynaptic,Male,XY,18
Animalia|Insecta|Coleoptera|Dermestidae|Orphilus|subnitidus,Animalia,Insecta,Coleoptera,Dermestidae,Orphilus,subnitidus,Asynaptic,Male,XY,20
Animalia|Insecta|Coleoptera|Dermestidae|Trogoderma|glabrum,Animalia,Insecta,Coleoptera,Dermestidae,Trogoderma,glabrum,Asynaptic,Male,XY,20
Animalia|Insecta|Coleoptera|Dermestidae|Trogoderma|inclusum,Animalia,Insecta,Coleoptera,Dermestidae,Trogoderma,inclusum,Asynaptic,Male,XY,18
Animalia|Insecta|Coleoptera|Dermestidae|Trogoderma|parabile,Animalia,Insecta,Coleoptera,Dermestidae,Trogoderma,parabile,Asynaptic,Male,XY,18
Animalia|Insecta|Coleoptera|Dermestidae|Trogoderma|variabile,Animalia,Insecta,Coleoptera,Dermestidae,Trogoderma,variabile,Asynaptic,Male,XY,18
Animalia|Insecta|Coleoptera|Dytiscidae|Agabus|bipustulatus,Animalia,Insecta,Coleoptera,Dytiscidae,Agabus,bipustulatus,Asynaptic,Male,XY,42
Animalia|Insecta|Coleoptera|Dytiscidae|Agabus|sturmi,Animalia,Insecta,Coleoptera,Dytiscidae,Agabus,sturmi,Asynaptic,Male,XY,42
Animalia|Insecta|Coleoptera|Dytiscidae|Colymbetes|paykulli,Animalia,Insecta,Coleoptera,Dytiscidae,Colymbetes,paykulli,Asynaptic,Male,XY,36
Animalia|Insecta|Coleoptera|Dytiscidae|Rhantus|exsoletus,Animalia,Insecta,Coleoptera,Dytiscidae,Rhantus,exsoletus,Asynaptic,Male,XY,42
Animalia|Insecta|Coleoptera|Dytiscidae|Rhantus|notatus,Animalia,Insecta,Coleoptera,Dytiscidae,Rhantus,notatus,Asynaptic,Male,XY,44
Animalia|Insecta|Coleoptera|Elateridae|Adelocera|muri,Animalia,Insecta,Coleoptera,Elateridae,Adelocera,muri,Asynaptic,Male,XY,22
Animalia|Insecta|Coleoptera|Elateridae|Agriotes|sputator,Animalia,Insecta,Coleoptera,Elateridae,Agriotes,sputator,Asynaptic,Male,XY,20
Animalia|Insecta|Coleoptera|Elateridae|Cardiophorus|cardisce,Animalia,Insecta,Coleoptera,Elateridae,Cardiophorus,cardisce,Asynaptic,Male,XY,22
Animalia|Insecta|Coleoptera|Elateridae|Cardiophorus|convexulus,Animalia,Insecta,Coleoptera,Elateridae,Cardiophorus,convexulus,Asynaptic,Male,XY,22
Animalia|Insecta|Coleoptera|Elateridae|Cardiophorus|convexus,Animalia,Insecta,Coleoptera,Elateridae,Cardiophorus,convexus,Asynaptic,Male,XY,20
Animalia|Insecta|Coleoptera|Elateridae|Cardiophorus|fenestratus,Animalia,Insecta,Coleoptera,Elateridae,Cardiophorus,fenestratus,Asynaptic,Male,XY,22
Animalia|Insecta|Coleoptera|Elateridae|Cardiophorus|gagates,Animalia,Insecta,Coleoptera,Elateridae,Cardiophorus,gagates,Asynaptic,Male,XY,22
Animalia|Insecta|Coleoptera|Elateridae|Cardiophorus|togatus,Animalia,Insecta,Coleoptera,Elateridae,Cardiophorus,togatus,Asynaptic,Male,XY,22
Animalia|Insecta|Coleoptera|Elateridae|Ctenicera|appressa,Animalia,Insecta,Coleoptera,Elateridae,Ctenicera,appressa,Asynaptic,Male,XY,22
Animalia|Insecta|Coleoptera|Elateridae|Ctenicera|bombyci,Animalia,Insecta,Coleoptera,Elateridae,Ctenicera,bombyci,Asynaptic,Male,XY,22
Animalia|Insecta|Coleoptera|Elateridae|Ctenicera|inflata,Animalia,Insecta,Coleoptera,Elateridae,Ctenicera,inflata,Asynaptic,Male,XY,20
Animalia|Insecta|Coleoptera|Elateridae|Ctenicera|media,Animalia,Insecta,Coleoptera,Elateridae,Ctenicera,media,Asynaptic,Male,XY,22
Animalia|Insecta|Coleoptera|Elateridae|Ctenicera|ochreipennis,Animalia,Insecta,Coleoptera,Elateridae,Ctenicera,ochreipennis,Asynaptic,Male,XY,22
Animalia|Insecta|Coleoptera|Elateridae|Ctenicera|tarsalis,Animalia,Insecta,Coleoptera,Elateridae,Ctenicera,tarsalis,Asynaptic,Male,XY,20
Animalia|Insecta|Coleoptera|Elateridae|Ctenicera|tessellata,Animalia,Insecta,Coleoptera,Elateridae,Ctenicera,tessellata,Asynaptic,Male,XY,22
Animalia|Insecta|Coleoptera|Elateridae|Eanus|estriatus,Animalia,Insecta,Coleoptera,Elateridae,Eanus,estriatus,Asynaptic,Male,XY,20
Animalia|Insecta|Coleoptera|Elateridae|Eanus|maculipennis,Animalia,Insecta,Coleoptera,Elateridae,Eanus,maculipennis,Asynaptic,Male,XY,20
Animalia|Insecta|Coleoptera|Elateridae|Limonius|aeger,Animalia,Insecta,Coleoptera,Elateridae,Limonius,aeger,Asynaptic,Male,XY,20
Animalia|Insecta|Coleoptera|Elateridae|Pomachilius|sp.2,Animalia,Insecta,Coleoptera,Elateridae,Pomachilius,sp.2,Asynaptic,Male,XY,20
Animalia|Insecta|Coleoptera|Glaphyridae|Lichnanthe|rathvoni,Animalia,Insecta,Coleoptera,Glaphyridae,Lichnanthe,rathvoni,Asynaptic,Male,XY,20
Animalia|Insecta|Coleoptera|Glaresidae|Glaresis|sp.,Animalia,Insecta,Coleoptera,Glaresidae,Glaresis,sp.,Asynaptic,Male,XY,20
Animalia|Insecta|Coleoptera|Helophoridae|Helophorus|lamicola,Animalia,Insecta,Coleoptera,Helophoridae,Helophorus,lamicola,Asynaptic,Male,XY,22
Animalia|Insecta|Coleoptera|Helophoridae|Helophorus|ser,Animalia,Insecta,Coleoptera,Helophoridae,Helophorus,ser,Asynaptic,Male,XY,22
Animalia|Insecta|Coleoptera|Helophoridae|Helophorus|yangae,Animalia,Insecta,Coleoptera,Helophoridae,Helophorus,yangae,Asynaptic,Male,XY,22
Animalia|Insecta|Coleoptera|Histeridae|Hister|sp.,Animalia,Insecta,Coleoptera,Histeridae,Hister,sp.,Asynaptic,Male,XY,26
Animalia|Insecta|Coleoptera|Histeridae|Saprinus|sp.,Animalia,Insecta,Coleoptera,Histeridae,Saprinus,sp.,Asynaptic,Male,XY,26
Animalia|Insecta|Coleoptera|Hybosoridae|Hybosorus|orientalis,Animalia,Insecta,Coleoptera,Hybosoridae,Hybosorus,orientalis,Asynaptic,Male,XY,20
Animalia|Insecta|Coleoptera|Hydrophilidae|Anacaena|bipustulata,Animalia,Insecta,Coleoptera,Hydrophilidae,Anacaena,bipustulata,Asynaptic,Male,XY,18
Animalia|Insecta|Coleoptera|Hydrophilidae|Anacaena|globulus,Animalia,Insecta,Coleoptera,Hydrophilidae,Anacaena,globulus,Asynaptic,Male,XY,16
Animalia|Insecta|Coleoptera|Hydrophilidae|Anacaena|limbata,Animalia,Insecta,Coleoptera,Hydrophilidae,Anacaena,limbata,Asynaptic,Male,XY,18
Animalia|Insecta|Coleoptera|Hydrophilidae|Anacaena|lutescens,Animalia,Insecta,Coleoptera,Hydrophilidae,Anacaena,lutescens,Asynaptic,Male,XY,18
Animalia|Insecta|Coleoptera|Hydrophilidae|Berosus|affinis,Animalia,Insecta,Coleoptera,Hydrophilidae,Berosus,affinis,Asynaptic,Male,XY,18
Animalia|Insecta|Coleoptera|Hydrophilidae|Berosus|bispina,Animalia,Insecta,Coleoptera,Hydrophilidae,Berosus,bispina,Asynaptic,Male,XY,18
Animalia|Insecta|Coleoptera|Hydrophilidae|Berosus|fulvus,Animalia,Insecta,Coleoptera,Hydrophilidae,Berosus,fulvus,Asynaptic,Male,XY,18
Animalia|Insecta|Coleoptera|Hydrophilidae|Berosus|hispanicus,Animalia,Insecta,Coleoptera,Hydrophilidae,Berosus,hispanicus,Asynaptic,Male,XY,18
Animalia|Insecta|Coleoptera|Hydrophilidae|Berosus|luridus,Animalia,Insecta,Coleoptera,Hydrophilidae,Berosus,luridus,Asynaptic,Male,XY,18
Animalia|Insecta|Coleoptera|Hydrophilidae|Berosus|signaticollis,Animalia,Insecta,Coleoptera,Hydrophilidae,Berosus,signaticollis,Asynaptic,Male,XY,20
Animalia|Insecta|Coleoptera|Hydrophilidae|Cercyon|convexiusculus,Animalia,Insecta,Coleoptera,Hydrophilidae,Cercyon,convexiusculus,Asynaptic,Male,XY,30
Animalia|Insecta|Coleoptera|Hydrophilidae|Cercyon|haemorrhoidalis,Animalia,Insecta,Coleoptera,Hydrophilidae,Cercyon,haemorrhoidalis,Asynaptic,Male,XY,24
Animalia|Insecta|Coleoptera|Hydrophilidae|Cercyon|marinus,Animalia,Insecta,Coleoptera,Hydrophilidae,Cercyon,marinus,Asynaptic,Male,XY,24
Animalia|Insecta|Coleoptera|Hydrophilidae|Cercyon|melanocephalus,Animalia,Insecta,Coleoptera,Hydrophilidae,Cercyon,melanocephalus,Asynaptic,Male,XY,24
Animalia|Insecta|Coleoptera|Hydrophilidae|Chaetarthria|simillima,Animalia,Insecta,Coleoptera,Hydrophilidae,Chaetarthria,simillima,Asynaptic,Male,XY,18
Animalia|Insecta|Coleoptera|Hydrophilidae|Cymbiodyta|bifida,Animalia,Insecta,Coleoptera,Hydrophilidae,Cymbiodyta,bifida,Asynaptic,Male,XY,18
Animalia|Insecta|Coleoptera|Hydrophilidae|Enochrus|fuscipennis,Animalia,Insecta,Coleoptera,Hydrophilidae,Enochrus,fuscipennis,Asynaptic,Male,XY,18
Animalia|Insecta|Coleoptera|Hydrophilidae|Enochrus|halophilus,Animalia,Insecta,Coleoptera,Hydrophilidae,Enochrus,halophilus,Asynaptic,Male,XY,18
Animalia|Insecta|Coleoptera|Hydrophilidae|Enochrus|quadripunctatus,Animalia,Insecta,Coleoptera,Hydrophilidae,Enochrus,quadripunctatus,Asynaptic,Male,XY,18
Animalia|Insecta|Coleoptera|Hydrophilidae|Helochares|lividus,Animalia,Insecta,Coleoptera,Hydrophilidae,Helochares,lividus,Asynaptic,Male,XY,18
Animalia|Insecta|Coleoptera|Hydrophilidae|Helochares|punctatus,Animalia,Insecta,Coleoptera,Hydrophilidae,Helochares,punctatus,Asynaptic,Male,XY,18
Animalia|Insecta|Coleoptera|Hydrophilidae|Helocombus|bifidus,Animalia,Insecta,Coleoptera,Hydrophilidae,Helocombus,bifidus,Asynaptic,Male,XY,18
Animalia|Insecta|Coleoptera|Hydrophilidae|Hydrobius|fuscipes,Animalia,Insecta,Coleoptera,Hydrophilidae,Hydrobius,fuscipes,Asynaptic,Male,XY,18
Animalia|Insecta|Coleoptera|Hydrophilidae|Hydrochara|flavipes,Animalia,Insecta,Coleoptera,Hydrophilidae,Hydrochara,flavipes,Asynaptic,Male,XY,30
Animalia|Insecta|Coleoptera|Hydrophilidae|Hydrophilus|indicus,Animalia,Insecta,Coleoptera,Hydrophilidae,Hydrophilus,indicus,Asynaptic,Male,XY,30
Animalia|Insecta|Coleoptera|Hydrophilidae|Hydrophilus|piceus,Animalia,Insecta,Coleoptera,Hydrophilidae,Hydrophilus,piceus,Asynaptic,Male,XY,30
Animalia|Insecta|Coleoptera|Hydrophilidae|Hydrophilus|triangularis,Animalia,Insecta,Coleoptera,Hydrophilidae,Hydrophilus,triangularis,Asynaptic,Male,XY,30
Animalia|Insecta|Coleoptera|Hydrophilidae|Laccobius|bipunctatus,Animalia,Insecta,Coleoptera,Hydrophilidae,Laccobius,bipunctatus,Asynaptic,Male,XY,18
Animalia|Insecta|Coleoptera|Hydrophilidae|Laccobius|colon,Animalia,Insecta,Coleoptera,Hydrophilidae,Laccobius,colon,Asynaptic,Male,XY,18
Animalia|Insecta|Coleoptera|Hydrophilidae|Laccobius|ytenensis,Animalia,Insecta,Coleoptera,Hydrophilidae,Laccobius,ytenensis,Asynaptic,Male,XY,18
Animalia|Insecta|Coleoptera|Hydrophilidae|Limnoxenus|niger,Animalia,Insecta,Coleoptera,Hydrophilidae,Limnoxenus,niger,Asynaptic,Male,XY,18
Animalia|Insecta|Coleoptera|Hydrophilidae|Paracymus|aeneus,Animalia,Insecta,Coleoptera,Hydrophilidae,Paracymus,aeneus,Asynaptic,Male,XY,18
Animalia|Insecta|Coleoptera|Hydrophilidae|Paracymus|scutellaris,Animalia,Insecta,Coleoptera,Hydrophilidae,Paracymus,scutellaris,Asynaptic,Male,XY,18
Animalia|Insecta|Coleoptera|Hydrophilidae|Sphaeridium|bipustulatum,Animalia,Insecta,Coleoptera,Hydrophilidae,Sphaeridium,bipustulatum,Asynaptic,Male,XY,24
Animalia|Insecta|Coleoptera|Hydrophilidae|Sphaeridium|lunatum,Animalia,Insecta,Coleoptera,Hydrophilidae,Sphaeridium,lunatum,Asynaptic,Male,XY,24
Animalia|Insecta|Coleoptera|Hydrophilidae|Sphaeridium|marginatum,Animalia,Insecta,Coleoptera,Hydrophilidae,Sphaeridium,marginatum,Asynaptic,Male,XY,24
Animalia|Insecta|Coleoptera|Hydrophilidae|Sphaeridium|scarabaeoides,Animalia,Insecta,Coleoptera,Hydrophilidae,Sphaeridium,scarabaeoides,Asynaptic,Male,XY,24
Animalia|Insecta|Coleoptera|Hydrophilidae|Tropisternus|lateralis,Animalia,Insecta,Coleoptera,Hydrophilidae,Tropisternus,lateralis,Asynaptic,Male,XY,18
Animalia|Insecta|Coleoptera|Hydrophilidae|Tropisternus|mutatus,Animalia,Insecta,Coleoptera,Hydrophilidae,Tropisternus,mutatus,Asynaptic,Male,XY,18
Animalia|Insecta|Coleoptera|Laemophloeidae|Cryptolestes|ferrugineus,Animalia,Insecta,Coleoptera,Laemophloeidae,Cryptolestes,ferrugineus,Asynaptic,Male,XY,18
Animalia|Insecta|Coleoptera|Laemophloeidae|Cryptolestes|pusilloides,Animalia,Insecta,Coleoptera,Laemophloeidae,Cryptolestes,pusilloides,Asynaptic,Male,XY,18
Animalia|Insecta|Coleoptera|Laemophloeidae|Cryptolestes|pusillus,Animalia,Insecta,Coleoptera,Laemophloeidae,Cryptolestes,pusillus,Asynaptic,Male,XY,18
Animalia|Insecta|Coleoptera|Laemophloeidae|Cryptolestes|spartii,Animalia,Insecta,Coleoptera,Laemophloeidae,Cryptolestes,spartii,Asynaptic,Male,XY,18
Animalia|Insecta|Coleoptera|Laemophloeidae|Cryptolestes|turcicus,Animalia,Insecta,Coleoptera,Laemophloeidae,Cryptolestes,turcicus,Asynaptic,Male,XY,18
Animalia|Insecta|Coleoptera|Leiodidae|Cantabrogeus|luquei,Animalia,Insecta,Coleoptera,Leiodidae,Cantabrogeus,luquei,Asynaptic,Male,XY,22
Animalia|Insecta|Coleoptera|Leiodidae|Catops|coracinus,Animalia,Insecta,Coleoptera,Leiodidae,Catops,coracinus,Asynaptic,Male,XY,22
Animalia|Insecta|Coleoptera|Leiodidae|Drimeotus|kovacsi,Animalia,Insecta,Coleoptera,Leiodidae,Drimeotus,kovacsi,Asynaptic,Male,XY,24
Animalia|Insecta|Coleoptera|Leiodidae|Espanoliella|luquei,Animalia,Insecta,Coleoptera,Leiodidae,Espanoliella,luquei,Asynaptic,Male,XY,22
Animalia|Insecta|Coleoptera|Leiodidae|Fresnedaella|lucius,Animalia,Insecta,Coleoptera,Leiodidae,Fresnedaella,lucius,Asynaptic,Male,XY,22
Animalia|Insecta|Coleoptera|Leiodidae|Leiodes|calcarata,Animalia,Insecta,Coleoptera,Leiodidae,Leiodes,calcarata,Asynaptic,Male,XY,22
Animalia|Insecta|Coleoptera|Leiodidae|Notidocharis|whagoni,Animalia,Insecta,Coleoptera,Leiodidae,Notidocharis,whagoni,Asynaptic,Male,XY,22
Animalia|Insecta|Coleoptera|Leiodidae|Pholeuon|knirschi,Animalia,Insecta,Coleoptera,Leiodidae,Pholeuon,knirschi,Asynaptic,Male,XY,24
Animalia|Insecta|Coleoptera|Leiodidae|Quaestus|pasensis,Animalia,Insecta,Coleoptera,Leiodidae,Quaestus,pasensis,Asynaptic,Male,XY,22
Animalia|Insecta|Coleoptera|Leiodidae|Speonomus|delarouzeei,Animalia,Insecta,Coleoptera,Leiodidae,Speonomus,delarouzeei,Asynaptic,Male,XY,24
Animalia|Insecta|Coleoptera|Leiodidae|Speonomus|hydrophilus,Animalia,Insecta,Coleoptera,Leiodidae,Speonomus,hydrophilus,Asynaptic,Male,XY,24
Animalia|Insecta|Coleoptera|Leiodidae|Speonomus|pyreeus,Animalia,Insecta,Coleoptera,Leiodidae,Speonomus,pyreeus,Asynaptic,Male,XY,24
Animalia|Insecta|Coleoptera|Leiodidae|Troglocharinus|ferreri,Animalia,Insecta,Coleoptera,Leiodidae,Troglocharinus,ferreri,Asynaptic,Male,XY,24
Animalia|Insecta|Coleoptera|Leiodidae|Troglocharinus|jacasi,Animalia,Insecta,Coleoptera,Leiodidae,Troglocharinus,jacasi,Asynaptic,Male,XY,24
Animalia|Insecta|Coleoptera|Leiodidae|Troglocharinus|kiesenwetteri,Animalia,Insecta,Coleoptera,Leiodidae,Troglocharinus,kiesenwetteri,Asynaptic,Male,XY,24
Animalia|Insecta|Coleoptera|Leiodidae|Troglocharinus|schibii,Animalia,Insecta,Coleoptera,Leiodidae,Troglocharinus,schibii,Asynaptic,Male,XY,24
Animalia|Insecta|Coleoptera|Leiodidae|Troglocharinus|variabilis,Animalia,Insecta,Coleoptera,Leiodidae,Troglocharinus,variabilis,Asynaptic,Male,XY,24
Animalia|Insecta|Coleoptera|Lucanidae|Cerchus|ligrius,Animalia,Insecta,Coleoptera,Lucanidae,Cerchus,ligrius,Asynaptic,Male,XY,20
Animalia|Insecta|Coleoptera|Lucanidae|Figulus|punctatus,Animalia,Insecta,Coleoptera,Lucanidae,Figulus,punctatus,Asynaptic,Male,XY,26
Animalia|Insecta|Coleoptera|Lucanidae|Lucanus|maculifermoratus,Animalia,Insecta,Coleoptera,Lucanidae,Lucanus,maculifermoratus,Asynaptic,Male,XY,26
Animalia|Insecta|Coleoptera|Lucanidae|Macrodorcas|binervis,Animalia,Insecta,Coleoptera,Lucanidae,Macrodorcas,binervis,Asynaptic,Male,XY,14
Animalia|Insecta|Coleoptera|Lucanidae|Macrodorcas|rectus,Animalia,Insecta,Coleoptera,Lucanidae,Macrodorcas,rectus,Asynaptic,Male,XY,18
Animalia|Insecta|Coleoptera|Lucanidae|Nipponodorcus|rubrofemoratus,Animalia,Insecta,Coleoptera,Lucanidae,Nipponodorcus,rubrofemoratus,Asynaptic,Male,XY,10
Animalia|Insecta|Coleoptera|Lucanidae|Prosopocoilus|inclitus,Animalia,Insecta,Coleoptera,Lucanidae,Prosopocoilus,inclitus,Asynaptic,Male,XY,20
Animalia|Insecta|Coleoptera|Lucanidae|Sinodendron|rugosum,Animalia,Insecta,Coleoptera,Lucanidae,Sinodendron,rugosum,Asynaptic,Male,XY,18
Animalia|Insecta|Coleoptera|Melandryidae|Dircaea|4-maculata,Animalia,Insecta,Coleoptera,Melandryidae,Dircaea,4-maculata,Asynaptic,Male,XY,20
Animalia|Insecta|Coleoptera|Melandryidae|Serropalpus|barbatus,Animalia,Insecta,Coleoptera,Melandryidae,Serropalpus,barbatus,Asynaptic,Male,XY,18
Animalia|Insecta|Coleoptera|Melandryidae|Serropalpus|substriatus,Animalia,Insecta,Coleoptera,Melandryidae,Serropalpus,substriatus,Asynaptic,Male,XY,20
Animalia|Insecta|Coleoptera|Meloidae|Cyaneolytta|n.,Animalia,Insecta,Coleoptera,Meloidae,Cyaneolytta,n.,Asynaptic,Male,XY,20
Animalia|Insecta|Coleoptera|Meloidae|Epicauta|atomaria,Animalia,Insecta,Coleoptera,Meloidae,Epicauta,atomaria,Asynaptic,Male,XY,20
Animalia|Insecta|Coleoptera|Meloidae|Epicauta|grammica,Animalia,Insecta,Coleoptera,Meloidae,Epicauta,grammica,Asynaptic,Male,XY,24
Animalia|Insecta|Coleoptera|Meloidae|Epicauta|isthmica,Animalia,Insecta,Coleoptera,Meloidae,Epicauta,isthmica,Asynaptic,Male,XY,20
Animalia|Insecta|Coleoptera|Meloidae|Epicauta|murina,Animalia,Insecta,Coleoptera,Meloidae,Epicauta,murina,Asynaptic,Male,XY,20
Animalia|Insecta|Coleoptera|Meloidae|Epicauta|n.,Animalia,Insecta,Coleoptera,Meloidae,Epicauta,n.,Asynaptic,Male,XY,20
Animalia|Insecta|Coleoptera|Meloidae|Epicauta|pluvialis,Animalia,Insecta,Coleoptera,Meloidae,Epicauta,pluvialis,Asynaptic,Male,XY,20
Animalia|Insecta|Coleoptera|Meloidae|Epicauta|rosilloi,Animalia,Insecta,Coleoptera,Meloidae,Epicauta,rosilloi,Asynaptic,Male,XY,20
Animalia|Insecta|Coleoptera|Meloidae|Epicauta|rufipedes,Animalia,Insecta,Coleoptera,Meloidae,Epicauta,rufipedes,Asynaptic,Male,XY,20
Animalia|Insecta|Coleoptera|Meloidae|Lytta|picta,Animalia,Insecta,Coleoptera,Meloidae,Lytta,picta,Asynaptic,Male,XY,20
Animalia|Insecta|Coleoptera|Meloidae|Meloe|sp.,Animalia,Insecta,Coleoptera,Meloidae,Meloe,sp.,Asynaptic,Male,XY,20
Animalia|Insecta|Coleoptera|Meloidae|Mylabris|balteata,Animalia,Insecta,Coleoptera,Meloidae,Mylabris,balteata,Asynaptic,Male,XY,20
Animalia|Insecta|Coleoptera|Meloidae|Mylabris|macilenta,Animalia,Insecta,Coleoptera,Meloidae,Mylabris,macilenta,Asynaptic,Male,XY,22
Animalia|Insecta|Coleoptera|Meloidae|Mylabris|phalerata,Animalia,Insecta,Coleoptera,Meloidae,Mylabris,phalerata,Asynaptic,Male,XY,22
Animalia|Insecta|Coleoptera|Meloidae|Mylabris|pustulata,Animalia,Insecta,Coleoptera,Meloidae,Mylabris,pustulata,Asynaptic,Male,XY,22
Animalia|Insecta|Coleoptera|Meloidae|Mylabris|thunbergi,Animalia,Insecta,Coleoptera,Meloidae,Mylabris,thunbergi,Asynaptic,Male,XY,22
Animalia|Insecta|Coleoptera|Meloidae|Paniculolytta|sanguineoguttata,Animalia,Insecta,Coleoptera,Meloidae,Paniculolytta,sanguineoguttata,Asynaptic,Male,XY,20
Animalia|Insecta|Coleoptera|Meloidae|Pryrota|decorata,Animalia,Insecta,Coleoptera,Meloidae,Pryrota,decorata,Asynaptic,Male,XY,20
Animalia|Insecta|Coleoptera|Meloidae|Psalydolytta|sp.,Animalia,Insecta,Coleoptera,Meloidae,Psalydolytta,sp.,Asynaptic,Male,XY,20
Animalia|Insecta|Coleoptera|Meloidae|Sybaris|paraeustus,Animalia,Insecta,Coleoptera,Meloidae,Sybaris,paraeustus,Asynaptic,Male,XY,20
Animalia|Insecta|Coleoptera|Meloidae|Sybaris|tastaceus,Animalia,Insecta,Coleoptera,Meloidae,Sybaris,tastaceus,Asynaptic,Male,XY,20
Animalia|Insecta|Coleoptera|Meloidae|Tetraonyx|frontalis,Animalia,Insecta,Coleoptera,Meloidae,Tetraonyx,frontalis,Asynaptic,Male,XY,20
Animalia|Insecta|Coleoptera|Meloidae|Tetraonyx|quadrimaculata,Animalia,Insecta,Coleoptera,Meloidae,Tetraonyx,quadrimaculata,Asynaptic,Male,XY,20
Animalia|Insecta|Coleoptera|Meloidae|Zonitis|tarasca,Animalia,Insecta,Coleoptera,Meloidae,Zonitis,tarasca,Asynaptic,Male,XY,20
Animalia|Insecta|Coleoptera|Melyridae|Astylus|antis,Animalia,Insecta,Coleoptera,Melyridae,Astylus,antis,Asynaptic,Male,XY,18
Animalia|Insecta|Coleoptera|Melyridae|Hoppingiana|hudsonica,Animalia,Insecta,Coleoptera,Melyridae,Hoppingiana,hudsonica,Asynaptic,Male,XY,14
Animalia|Insecta|Coleoptera|Nitidulidae|Nitidula|bipunctata,Animalia,Insecta,Coleoptera,Nitidulidae,Nitidula,bipunctata,Asynaptic,Male,XY,20
Animalia|Insecta|Coleoptera|Nitidulidae|Nitidula|rufipes,Animalia,Insecta,Coleoptera,Nitidulidae,Nitidula,rufipes,Asynaptic,Male,XY,20
Animalia|Insecta|Coleoptera|Oedemeridae|Oedemera|podagrariae,Animalia,Insecta,Coleoptera,Oedemeridae,Oedemera,podagrariae,Asynaptic,Male,XY,22
Animalia|Insecta|Coleoptera|Oedemeridae|Oedemera|virescens,Animalia,Insecta,Coleoptera,Oedemeridae,Oedemera,virescens,Asynaptic,Male,XY,22
Animalia|Insecta|Coleoptera|Pleocomidae|Pleocoma|crinita,Animalia,Insecta,Coleoptera,Pleocomidae,Pleocoma,crinita,Asynaptic,Male,XY,20
Animalia|Insecta|Coleoptera|Pleocomidae|Pleocoma|dubitalis,Animalia,Insecta,Coleoptera,Pleocomidae,Pleocoma,dubitalis,Asynaptic,Male,XY,20
Animalia|Insecta|Coleoptera|Pleocomidae|Pleocoma|minor,Animalia,Insecta,Coleoptera,Pleocomidae,Pleocoma,minor,Asynaptic,Male,XY,20
Animalia|Insecta|Coleoptera|Pleocomidae|Pleocoma|simi,Animalia,Insecta,Coleoptera,Pleocomidae,Pleocoma,simi,Asynaptic,Male,XY,20
Animalia|Insecta|Coleoptera|Scarabaeidae|Adoretus|bombitor,Animalia,Insecta,Coleoptera,Scarabaeidae,Adoretus,bombitor,Asynaptic,Male,XY,22
Animalia|Insecta|Coleoptera|Scarabaeidae|Adoretus|decanus,Animalia,Insecta,Coleoptera,Scarabaeidae,Adoretus,decanus,Asynaptic,Male,XY,22
Animalia|Insecta|Coleoptera|Scarabaeidae|Adoretus|duvauceli,Animalia,Insecta,Coleoptera,Scarabaeidae,Adoretus,duvauceli,Asynaptic,Male,XY,22
Animalia|Insecta|Coleoptera|Scarabaeidae|Adoretus|epipleuralis,Animalia,Insecta,Coleoptera,Scarabaeidae,Adoretus,epipleuralis,Asynaptic,Male,XY,22
Animalia|Insecta|Coleoptera|Scarabaeidae|Adoretus|incurvatus,Animalia,Insecta,Coleoptera,Scarabaeidae,Adoretus,incurvatus,Asynaptic,Male,XY,22
Animalia|Insecta|Coleoptera|Scarabaeidae|Adoretus|lasiopygus,Animalia,Insecta,Coleoptera,Scarabaeidae,Adoretus,lasiopygus,Asynaptic,Male,XY,22
Animalia|Insecta|Coleoptera|Scarabaeidae|Adoretus|limbatus,Animalia,Insecta,Coleoptera,Scarabaeidae,Adoretus,limbatus,Asynaptic,Male,XY,22
Animalia|Insecta|Coleoptera|Scarabaeidae|Adoretus|sp.,Animalia,Insecta,Coleoptera,Scarabaeidae,Adoretus,sp.,Asynaptic,Male,XY,22
Animalia|Insecta|Coleoptera|Scarabaeidae|Adoretus|versutus,Animalia,Insecta,Coleoptera,Scarabaeidae,Adoretus,versutus,Asynaptic,Male,XY,24
Animalia|Insecta|Coleoptera|Scarabaeidae|Adorrhinyptia|dorsalis,Animalia,Insecta,Coleoptera,Scarabaeidae,Adorrhinyptia,dorsalis,Asynaptic,Male,XY,22
Animalia|Insecta|Coleoptera|Scarabaeidae|Adorrhinyptia|sp.,Animalia,Insecta,Coleoptera,Scarabaeidae,Adorrhinyptia,sp.,Asynaptic,Male,XY,16
Animalia|Insecta|Coleoptera|Scarabaeidae|Aegiala|blanchardi,Animalia,Insecta,Coleoptera,Scarabaeidae,Aegiala,blanchardi,Asynaptic,Male,XY,20
Animalia|Insecta|Coleoptera|Scarabaeidae|Allomyrina|dichotoma,Animalia,Insecta,Coleoptera,Scarabaeidae,Allomyrina,dichotoma,Asynaptic,Male,XY,20
Animalia|Insecta|Coleoptera|Scarabaeidae|Amaurodes|passerini,Animalia,Insecta,Coleoptera,Scarabaeidae,Amaurodes,passerini,Asynaptic,Male,XY,20
Animalia|Insecta|Coleoptera|Scarabaeidae|Anisoplia|flavipennis,Animalia,Insecta,Coleoptera,Scarabaeidae,Anisoplia,flavipennis,Asynaptic,Male,XY,20
Animalia|Insecta|Coleoptera|Scarabaeidae|Anomala|dorsalis,Animalia,Insecta,Coleoptera,Scarabaeidae,Anomala,dorsalis,Asynaptic,Male,XY,20
Animalia|Insecta|Coleoptera|Scarabaeidae|Anomala|lucens,Animalia,Insecta,Coleoptera,Scarabaeidae,Anomala,lucens,Asynaptic,Male,XY,20
Animalia|Insecta|Coleoptera|Scarabaeidae|Anomala|polita,Animalia,Insecta,Coleoptera,Scarabaeidae,Anomala,polita,Asynaptic,Male,XY,20
Animalia|Insecta|Coleoptera|Scarabaeidae|Anomala|ruficapilla,Animalia,Insecta,Coleoptera,Scarabaeidae,Anomala,ruficapilla,Asynaptic,Male,XY,20
Animalia|Insecta|Coleoptera|Scarabaeidae|Anomala|sp.,Animalia,Insecta,Coleoptera,Scarabaeidae,Anomala,sp.,Asynaptic,Male,XY,20
Animalia|Insecta|Coleoptera|Scarabaeidae|Anomala|superflua,Animalia,Insecta,Coleoptera,Scarabaeidae,Anomala,superflua,Asynaptic,Male,XY,20
Animalia|Insecta|Coleoptera|Scarabaeidae|Anomala|varicolor,Animalia,Insecta,Coleoptera,Scarabaeidae,Anomala,varicolor,Asynaptic,Male,XY,20
Animalia|Insecta|Coleoptera|Scarabaeidae|Anomala|vestigator,Animalia,Insecta,Coleoptera,Scarabaeidae,Anomala,vestigator,Asynaptic,Male,XY,20
Animalia|Insecta|Coleoptera|Scarabaeidae|Anoplotrupes|stercorosus,Animalia,Insecta,Coleoptera,Scarabaeidae,Anoplotrupes,stercorosus,Asynaptic,Male,XY,20
Animalia|Insecta|Coleoptera|Scarabaeidae|Aphodius|borealis,Animalia,Insecta,Coleoptera,Scarabaeidae,Aphodius,borealis,Asynaptic,Male,XY,20
Animalia|Insecta|Coleoptera|Scarabaeidae|Aphodius|rufus,Animalia,Insecta,Coleoptera,Scarabaeidae,Aphodius,rufus,Asynaptic,Male,XY,20
Animalia|Insecta|Coleoptera|Scarabaeidae|Apogonia|carita,Animalia,Insecta,Coleoptera,Scarabaeidae,Apogonia,carita,Asynaptic,Male,XY,20
Animalia|Insecta|Coleoptera|Scarabaeidae|Apogonia|nigricans,Animalia,Insecta,Coleoptera,Scarabaeidae,Apogonia,nigricans,Asynaptic,Male,XY,20
Animalia|Insecta|Coleoptera|Scarabaeidae|Apogonia|proxima,Animalia,Insecta,Coleoptera,Scarabaeidae,Apogonia,proxima,Asynaptic,Male,XY,20
Animalia|Insecta|Coleoptera|Scarabaeidae|Apogonia|sp.,Animalia,Insecta,Coleoptera,Scarabaeidae,Apogonia,sp.,Asynaptic,Male,XY,20
Animalia|Insecta|Coleoptera|Scarabaeidae|Aserica|pilula,Animalia,Insecta,Coleoptera,Scarabaeidae,Aserica,pilula,Asynaptic,Male,XY,20
Animalia|Insecta|Coleoptera|Scarabaeidae|Athyreus|excavatus,Animalia,Insecta,Coleoptera,Scarabaeidae,Athyreus,excavatus,Asynaptic,Male,XY,20
Animalia|Insecta|Coleoptera|Scarabaeidae|Autoserica|sp.,Animalia,Insecta,Coleoptera,Scarabaeidae,Autoserica,sp.,Asynaptic,Male,XY,20
Animalia|Insecta|Coleoptera|Scarabaeidae|Bolbelasmus|arcuatus,Animalia,Insecta,Coleoptera,Scarabaeidae,Bolbelasmus,arcuatus,Asynaptic,Male,XY,20
Animalia|Insecta|Coleoptera|Scarabaeidae|Bolbites|onitoides,Animalia,Insecta,Coleoptera,Scarabaeidae,Bolbites,onitoides,Asynaptic,Male,XY,20
Animalia|Insecta|Coleoptera|Scarabaeidae|Bolboceras|quadridens,Animalia,Insecta,Coleoptera,Scarabaeidae,Bolboceras,quadridens,Asynaptic,Male,XY,20
Animalia|Insecta|Coleoptera|Scarabaeidae|Bolboceras|sp.,Animalia,Insecta,Coleoptera,Scarabaeidae,Bolboceras,sp.,Asynaptic,Male,XY,20
Animalia|Insecta|Coleoptera|Scarabaeidae|Bolbocerus|indicum,Animalia,Insecta,Coleoptera,Scarabaeidae,Bolbocerus,indicum,Asynaptic,Male,XY,20
Animalia|Insecta|Coleoptera|Scarabaeidae|Bothynus|striatellus,Animalia,Insecta,Coleoptera,Scarabaeidae,Bothynus,striatellus,Asynaptic,Male,XY,20
Animalia|Insecta|Coleoptera|Scarabaeidae|Caccobius|schreberi,Animalia,Insecta,Coleoptera,Scarabaeidae,Caccobius,schreberi,Asynaptic,Male,XY,20
Animalia|Insecta|Coleoptera|Scarabaeidae|Canthidium|breve,Animalia,Insecta,Coleoptera,Scarabaeidae,Canthidium,breve,Asynaptic,Male,XY,18
Animalia|Insecta|Coleoptera|Scarabaeidae|Canthochilum|andyi,Animalia,Insecta,Coleoptera,Scarabaeidae,Canthochilum,andyi,Asynaptic,Male,XY,18
Animalia|Insecta|Coleoptera|Scarabaeidae|Canthochilum|hispidum,Animalia,Insecta,Coleoptera,Scarabaeidae,Canthochilum,hispidum,Asynaptic,Male,XY,18
Animalia|Insecta|Coleoptera|Scarabaeidae|Canthochilum|histeroides,Animalia,Insecta,Coleoptera,Scarabaeidae,Canthochilum,histeroides,Asynaptic,Male,XY,18
Animalia|Insecta|Coleoptera|Scarabaeidae|Canthochilum|oakleyi,Animalia,Insecta,Coleoptera,Scarabaeidae,Canthochilum,oakleyi,Asynaptic,Male,XY,18
Animalia|Insecta|Coleoptera|Scarabaeidae|Canthon|aff,Animalia,Insecta,Coleoptera,Scarabaeidae,Canthon,aff,Asynaptic,Male,XY,20
Animalia|Insecta|Coleoptera|Scarabaeidae|Canthon|chalybaeus,Animalia,Insecta,Coleoptera,Scarabaeidae,Canthon,chalybaeus,Asynaptic,Male,XY,20
Animalia|Insecta|Coleoptera|Scarabaeidae|Canthon|indigaceus,Animalia,Insecta,Coleoptera,Scarabaeidae,Canthon,indigaceus,Asynaptic,Male,XY,18
Animalia|Insecta|Coleoptera|Scarabaeidae|Canthon|muticus,Animalia,Insecta,Coleoptera,Scarabaeidae,Canthon,muticus,Asynaptic,Male,XY,20
Animalia|Insecta|Coleoptera|Scarabaeidae|Canthon|septemmaculatus,Animalia,Insecta,Coleoptera,Scarabaeidae,Canthon,septemmaculatus,Asynaptic,Male,XY,20
Animalia|Insecta|Coleoptera|Scarabaeidae|Canthon|staigi,Animalia,Insecta,Coleoptera,Scarabaeidae,Canthon,staigi,Asynaptic,Male,XY,18
Animalia|Insecta|Coleoptera|Scarabaeidae|Catharsius|aff.,Animalia,Insecta,Coleoptera,Scarabaeidae,Catharsius,aff.,Asynaptic,Male,XY,20
Animalia|Insecta|Coleoptera|Scarabaeidae|Catharsius|molossus,Animalia,Insecta,Coleoptera,Scarabaeidae,Catharsius,molossus,Asynaptic,Male,XY,20
Animalia|Insecta|Coleoptera|Scarabaeidae|Catharsius|pithecius,Animalia,Insecta,Coleoptera,Scarabaeidae,Catharsius,pithecius,Asynaptic,Male,XY,20
Animalia|Insecta|Coleoptera|Scarabaeidae|Catharsius|sagax,Animalia,Insecta,Coleoptera,Scarabaeidae,Catharsius,sagax,Asynaptic,Male,XY,20
Animalia|Insecta|Coleoptera|Scarabaeidae|Catharsius|sp1,Animalia,Insecta,Coleoptera,Scarabaeidae,Catharsius,sp1,Asynaptic,Male,XY,18
Animalia|Insecta|Coleoptera|Scarabaeidae|Catharsius|sp2,Animalia,Insecta,Coleoptera,Scarabaeidae,Catharsius,sp2,Asynaptic,Male,XY,20
Animalia|Insecta|Coleoptera|Scarabaeidae|Catharsius|sp3,Animalia,Insecta,Coleoptera,Scarabaeidae,Catharsius,sp3,Asynaptic,Male,XY,20
Animalia|Insecta|Coleoptera|Scarabaeidae|Chiron|digitatus,Animalia,Insecta,Coleoptera,Scarabaeidae,Chiron,digitatus,Asynaptic,Male,XY,20
Animalia|Insecta|Coleoptera|Scarabaeidae|Chlorocala|africa,Animalia,Insecta,Coleoptera,Scarabaeidae,Chlorocala,africa,Asynaptic,Male,XY,14
Animalia|Insecta|Coleoptera|Scarabaeidae|Coenochilus|trabecula,Animalia,Insecta,Coleoptera,Scarabaeidae,Coenochilus,trabecula,Asynaptic,Male,XY,20
Animalia|Insecta|Coleoptera|Scarabaeidae|Copris|incertus,Animalia,Insecta,Coleoptera,Scarabaeidae,Copris,incertus,Asynaptic,Male,XY,14
Animalia|Insecta|Coleoptera|Scarabaeidae|Copris|lugubris,Animalia,Insecta,Coleoptera,Scarabaeidae,Copris,lugubris,Asynaptic,Male,XY,14
Animalia|Insecta|Coleoptera|Scarabaeidae|Copris|sinicus,Animalia,Insecta,Coleoptera,Scarabaeidae,Copris,sinicus,Asynaptic,Male,XY,14
Animalia|Insecta|Coleoptera|Scarabaeidae|Copris|sp.,Animalia,Insecta,Coleoptera,Scarabaeidae,Copris,sp.,Asynaptic,Male,XY,14
Animalia|Insecta|Coleoptera|Scarabaeidae|Coprophanaeus|cyanescens,Animalia,Insecta,Coleoptera,Scarabaeidae,Coprophanaeus,cyanescens,Asynaptic,Male,XY,20
Animalia|Insecta|Coleoptera|Scarabaeidae|Cotalpa|lanigera,Animalia,Insecta,Coleoptera,Scarabaeidae,Cotalpa,lanigera,Asynaptic,Male,XY,20
Animalia|Insecta|Coleoptera|Scarabaeidae|Cremastocheilus|armatus,Animalia,Insecta,Coleoptera,Scarabaeidae,Cremastocheilus,armatus,Asynaptic,Male,XY,20
Animalia|Insecta|Coleoptera|Scarabaeidae|Cyclocephala|insulicola,Animalia,Insecta,Coleoptera,Scarabaeidae,Cyclocephala,insulicola,Asynaptic,Male,XY,20
Animalia|Insecta|Coleoptera|Scarabaeidae|Cyclocephala|lutea,Animalia,Insecta,Coleoptera,Scarabaeidae,Cyclocephala,lutea,Asynaptic,Male,XY,20
Animalia|Insecta|Coleoptera|Scarabaeidae|Cyclocephala|maffafa,Animalia,Insecta,Coleoptera,Scarabaeidae,Cyclocephala,maffafa,Asynaptic,Male,XY,20
Animalia|Insecta|Coleoptera|Scarabaeidae|Cyclocephala|melanocephala,Animalia,Insecta,Coleoptera,Scarabaeidae,Cyclocephala,melanocephala,Asynaptic,Male,XY,20
Animalia|Insecta|Coleoptera|Scarabaeidae|Cyclocephala|putrida,Animalia,Insecta,Coleoptera,Scarabaeidae,Cyclocephala,putrida,Asynaptic,Male,XY,20
Animalia|Insecta|Coleoptera|Scarabaeidae|Cyclocephala|tridentata,Animalia,Insecta,Coleoptera,Scarabaeidae,Cyclocephala,tridentata,Asynaptic,Male,XY,20
Animalia|Insecta|Coleoptera|Scarabaeidae|Cyprolais|hornimani,Animalia,Insecta,Coleoptera,Scarabaeidae,Cyprolais,hornimani,Asynaptic,Male,XY,20
Animalia|Insecta|Coleoptera|Scarabaeidae|Deltochilum|elevatum,Animalia,Insecta,Coleoptera,Scarabaeidae,Deltochilum,elevatum,Asynaptic,Male,XY,20
Animalia|Insecta|Coleoptera|Scarabaeidae|Deltochilum|verruciferum,Animalia,Insecta,Coleoptera,Scarabaeidae,Deltochilum,verruciferum,Asynaptic,Male,XY,20
Animalia|Insecta|Coleoptera|Scarabaeidae|Diabroctis|mimas,Animalia,Insecta,Coleoptera,Scarabaeidae,Diabroctis,mimas,Asynaptic,Male,XY,20
Animalia|Insecta|Coleoptera|Scarabaeidae|Dichotomius|aff,Animalia,Insecta,Coleoptera,Scarabaeidae,Dichotomius,aff,Asynaptic,Male,XY,18
Animalia|Insecta|Coleoptera|Scarabaeidae|Dichotomius|bos,Animalia,Insecta,Coleoptera,Scarabaeidae,Dichotomius,bos,Asynaptic,Male,XY,18
Animalia|Insecta|Coleoptera|Scarabaeidae|Dichotomius|carolinus,Animalia,Insecta,Coleoptera,Scarabaeidae,Dichotomius,carolinus,Asynaptic,Male,XY,20
Animalia|Insecta|Coleoptera|Scarabaeidae|Dichotomius|crinicollis,Animalia,Insecta,Coleoptera,Scarabaeidae,Dichotomius,crinicollis,Asynaptic,Male,XY,18
Animalia|Insecta|Coleoptera|Scarabaeidae|Dichotomius|depresicollis,Animalia,Insecta,Coleoptera,Scarabaeidae,Dichotomius,depresicollis,Asynaptic,Male,XY,18
Animalia|Insecta|Coleoptera|Scarabaeidae|Dichotomius|geminatus,Animalia,Insecta,Coleoptera,Scarabaeidae,Dichotomius,geminatus,Asynaptic,Male,XY,18
Animalia|Insecta|Coleoptera|Scarabaeidae|Dichotomius|laevicollis,Animalia,Insecta,Coleoptera,Scarabaeidae,Dichotomius,laevicollis,Asynaptic,Male,XY,18
Animalia|Insecta|Coleoptera|Scarabaeidae|Dichotomius|mormon,Animalia,Insecta,Coleoptera,Scarabaeidae,Dichotomius,mormon,Asynaptic,Male,XY,18
Animalia|Insecta|Coleoptera|Scarabaeidae|Dichotomius|nisus,Animalia,Insecta,Coleoptera,Scarabaeidae,Dichotomius,nisus,Asynaptic,Male,XY,18
Animalia|Insecta|Coleoptera|Scarabaeidae|Dichotomius|semianeus,Animalia,Insecta,Coleoptera,Scarabaeidae,Dichotomius,semianeus,Asynaptic,Male,XY,18
Animalia|Insecta|Coleoptera|Scarabaeidae|Dichotomius|semisquamosus,Animalia,Insecta,Coleoptera,Scarabaeidae,Dichotomius,semisquamosus,Asynaptic,Male,XY,18
Animalia|Insecta|Coleoptera|Scarabaeidae|Dichotomius|sericeus,Animalia,Insecta,Coleoptera,Scarabaeidae,Dichotomius,sericeus,Asynaptic,Male,XY,18
Animalia|Insecta|Coleoptera|Scarabaeidae|Dichotomius|sp,Animalia,Insecta,Coleoptera,Scarabaeidae,Dichotomius,sp,Asynaptic,Male,XY,18
Animalia|Insecta|Coleoptera|Scarabaeidae|Dicronorhina|derbya,Animalia,Insecta,Coleoptera,Scarabaeidae,Dicronorhina,derbya,Asynaptic,Male,XY,20
Animalia|Insecta|Coleoptera|Scarabaeidae|Dicronorhina|micans,Animalia,Insecta,Coleoptera,Scarabaeidae,Dicronorhina,micans,Asynaptic,Male,XY,20
Animalia|Insecta|Coleoptera|Scarabaeidae|Digitonthophagus|bosus,Animalia,Insecta,Coleoptera,Scarabaeidae,Digitonthophagus,bosus,Asynaptic,Male,XY,20
Animalia|Insecta|Coleoptera|Scarabaeidae|Digitonthophagus|gazella,Animalia,Insecta,Coleoptera,Scarabaeidae,Digitonthophagus,gazella,Asynaptic,Male,NA,20
Animalia|Insecta|Coleoptera|Scarabaeidae|Diloboderus|abderus,Animalia,Insecta,Coleoptera,Scarabaeidae,Diloboderus,abderus,Asynaptic,Male,XY,20
Animalia|Insecta|Coleoptera|Scarabaeidae|Diplotaxis|obscura,Animalia,Insecta,Coleoptera,Scarabaeidae,Diplotaxis,obscura,Asynaptic,Male,XY,20
Animalia|Insecta|Coleoptera|Scarabaeidae|Diplotaxis|sierrae,Animalia,Insecta,Coleoptera,Scarabaeidae,Diplotaxis,sierrae,Asynaptic,Male,XY,20
Animalia|Insecta|Coleoptera|Scarabaeidae|Diplotaxis|sp.,Animalia,Insecta,Coleoptera,Scarabaeidae,Diplotaxis,sp.,Asynaptic,Male,XY,20
Animalia|Insecta|Coleoptera|Scarabaeidae|Dynamopus|athleta,Animalia,Insecta,Coleoptera,Scarabaeidae,Dynamopus,athleta,Asynaptic,Male,XY,22
Animalia|Insecta|Coleoptera|Scarabaeidae|Dyscinetus|bidentatus,Animalia,Insecta,Coleoptera,Scarabaeidae,Dyscinetus,bidentatus,Asynaptic,Male,XY,20
Animalia|Insecta|Coleoptera|Scarabaeidae|Dyscinetus|gagates,Animalia,Insecta,Coleoptera,Scarabaeidae,Dyscinetus,gagates,Asynaptic,Male,XY,20
Animalia|Insecta|Coleoptera|Scarabaeidae|Dyscinetus|picipes,Animalia,Insecta,Coleoptera,Scarabaeidae,Dyscinetus,picipes,Asynaptic,Male,XY,20
Animalia|Insecta|Coleoptera|Scarabaeidae|Dyscinetus|rugifrons,Animalia,Insecta,Coleoptera,Scarabaeidae,Dyscinetus,rugifrons,Asynaptic,Male,XY,20
Animalia|Insecta|Coleoptera|Scarabaeidae|Ectinohoplia|rufipes,Animalia,Insecta,Coleoptera,Scarabaeidae,Ectinohoplia,rufipes,Asynaptic,Male,XY,20
Animalia|Insecta|Coleoptera|Scarabaeidae|Enema|pan,Animalia,Insecta,Coleoptera,Scarabaeidae,Enema,pan,Asynaptic,Male,XY,18
Animalia|Insecta|Coleoptera|Scarabaeidae|Eophileurus|platypterus,Animalia,Insecta,Coleoptera,Scarabaeidae,Eophileurus,platypterus,Asynaptic,Male,XY,20
Animalia|Insecta|Coleoptera|Scarabaeidae|Epicometis|hirta,Animalia,Insecta,Coleoptera,Scarabaeidae,Epicometis,hirta,Asynaptic,Male,XY,20
Animalia|Insecta|Coleoptera|Scarabaeidae|Epicometis|squalida,Animalia,Insecta,Coleoptera,Scarabaeidae,Epicometis,squalida,Asynaptic,Male,XY,20
Animalia|Insecta|Coleoptera|Scarabaeidae|Eucranium|arachnoides,Animalia,Insecta,Coleoptera,Scarabaeidae,Eucranium,arachnoides,Asynaptic,Male,XY,18
Animalia|Insecta|Coleoptera|Scarabaeidae|Eudicella|aethiopica,Animalia,Insecta,Coleoptera,Scarabaeidae,Eudicella,aethiopica,Asynaptic,Male,XY,20
Animalia|Insecta|Coleoptera|Scarabaeidae|Eudicella|gralli,Animalia,Insecta,Coleoptera,Scarabaeidae,Eudicella,gralli,Asynaptic,Male,XY,20
Animalia|Insecta|Coleoptera|Scarabaeidae|Eudicella|smithi,Animalia,Insecta,Coleoptera,Scarabaeidae,Eudicella,smithi,Asynaptic,Male,XY,20
Animalia|Insecta|Coleoptera|Scarabaeidae|Euetheola|humilis,Animalia,Insecta,Coleoptera,Scarabaeidae,Euetheola,humilis,Asynaptic,Male,XY,20
Animalia|Insecta|Coleoptera|Scarabaeidae|Euphoria|inda,Animalia,Insecta,Coleoptera,Scarabaeidae,Euphoria,inda,Asynaptic,Male,XY,20
Animalia|Insecta|Coleoptera|Scarabaeidae|Euphoria|lurida,Animalia,Insecta,Coleoptera,Scarabaeidae,Euphoria,lurida,Asynaptic,Male,XY,20
Animalia|Insecta|Coleoptera|Scarabaeidae|Geniates|borelli,Animalia,Insecta,Coleoptera,Scarabaeidae,Geniates,borelli,Asynaptic,Male,XY,20
Animalia|Insecta|Coleoptera|Scarabaeidae|Geotrupes|spiniger,Animalia,Insecta,Coleoptera,Scarabaeidae,Geotrupes,spiniger,Asynaptic,Male,XY,20
Animalia|Insecta|Coleoptera|Scarabaeidae|Glyphoderus|sterquilinus,Animalia,Insecta,Coleoptera,Scarabaeidae,Glyphoderus,sterquilinus,Asynaptic,Male,XY,18
Animalia|Insecta|Coleoptera|Scarabaeidae|Goliathus|goliatus,Animalia,Insecta,Coleoptera,Scarabaeidae,Goliathus,goliatus,Asynaptic,Male,XY,20
Animalia|Insecta|Coleoptera|Scarabaeidae|Gromphas|lacordairei,Animalia,Insecta,Coleoptera,Scarabaeidae,Gromphas,lacordairei,Asynaptic,Male,XY,20
Animalia|Insecta|Coleoptera|Scarabaeidae|Gymnopleurus|cyaneus,Animalia,Insecta,Coleoptera,Scarabaeidae,Gymnopleurus,cyaneus,Asynaptic,Male,XY,20
Animalia|Insecta|Coleoptera|Scarabaeidae|Gymnopleurus|geoffroyi,Animalia,Insecta,Coleoptera,Scarabaeidae,Gymnopleurus,geoffroyi,Asynaptic,Male,XY,20
Animalia|Insecta|Coleoptera|Scarabaeidae|Gymnopleurus|koenigi,Animalia,Insecta,Coleoptera,Scarabaeidae,Gymnopleurus,koenigi,Asynaptic,Male,XY,20
Animalia|Insecta|Coleoptera|Scarabaeidae|Gymnopleurus|miliaris,Animalia,Insecta,Coleoptera,Scarabaeidae,Gymnopleurus,miliaris,Asynaptic,Male,XY,36
Animalia|Insecta|Coleoptera|Scarabaeidae|Gymnopleurus|mundus,Animalia,Insecta,Coleoptera,Scarabaeidae,Gymnopleurus,mundus,Asynaptic,Male,XY,14
Animalia|Insecta|Coleoptera|Scarabaeidae|Gymnopleurus|parvus,Animalia,Insecta,Coleoptera,Scarabaeidae,Gymnopleurus,parvus,Asynaptic,Male,XY,18
Animalia|Insecta|Coleoptera|Scarabaeidae|Gymnopleurus|situs,Animalia,Insecta,Coleoptera,Scarabaeidae,Gymnopleurus,situs,Asynaptic,Male,XY,18
Animalia|Insecta|Coleoptera|Scarabaeidae|Heliocopris|gigas,Animalia,Insecta,Coleoptera,Scarabaeidae,Heliocopris,gigas,Asynaptic,Male,XY,20
Animalia|Insecta|Coleoptera|Scarabaeidae|Holotrichia|longipennis,Animalia,Insecta,Coleoptera,Scarabaeidae,Holotrichia,longipennis,Asynaptic,Male,XY,18
Animalia|Insecta|Coleoptera|Scarabaeidae|Holotrichia|problematica,Animalia,Insecta,Coleoptera,Scarabaeidae,Holotrichia,problematica,Asynaptic,Male,XY,20
Animalia|Insecta|Coleoptera|Scarabaeidae|Holotrichia|serrata,Animalia,Insecta,Coleoptera,Scarabaeidae,Holotrichia,serrata,Asynaptic,Male,XY,20
Animalia|Insecta|Coleoptera|Scarabaeidae|Homaloplia|ruricola,Animalia,Insecta,Coleoptera,Scarabaeidae,Homaloplia,ruricola,Asynaptic,Male,XY,19
Animalia|Insecta|Coleoptera|Scarabaeidae|Isocopris|inhiatus,Animalia,Insecta,Coleoptera,Scarabaeidae,Isocopris,inhiatus,Asynaptic,Male,XY,18
Animalia|Insecta|Coleoptera|Scarabaeidae|Lachnosterna|longipennis,Animalia,Insecta,Coleoptera,Scarabaeidae,Lachnosterna,longipennis,Asynaptic,Male,XY,20
Animalia|Insecta|Coleoptera|Scarabaeidae|Ligyrodes|relictus,Animalia,Insecta,Coleoptera,Scarabaeidae,Ligyrodes,relictus,Asynaptic,Male,XY,20
Animalia|Insecta|Coleoptera|Scarabaeidae|Ligyrus|cuniculus,Animalia,Insecta,Coleoptera,Scarabaeidae,Ligyrus,cuniculus,Asynaptic,Male,XY,20
Animalia|Insecta|Coleoptera|Scarabaeidae|Ligyrus|gibbosus,Animalia,Insecta,Coleoptera,Scarabaeidae,Ligyrus,gibbosus,Asynaptic,Male,XY,20
Animalia|Insecta|Coleoptera|Scarabaeidae|Lygirus|ebenus,Animalia,Insecta,Coleoptera,Scarabaeidae,Lygirus,ebenus,Asynaptic,Male,XY,20
Animalia|Insecta|Coleoptera|Scarabaeidae|Macraspis|dichroa,Animalia,Insecta,Coleoptera,Scarabaeidae,Macraspis,dichroa,Asynaptic,Male,XY,18
Animalia|Insecta|Coleoptera|Scarabaeidae|Macraspis|festiva,Animalia,Insecta,Coleoptera,Scarabaeidae,Macraspis,festiva,Asynaptic,Male,XY,18
Animalia|Insecta|Coleoptera|Scarabaeidae|Macraspis|tristis,Animalia,Insecta,Coleoptera,Scarabaeidae,Macraspis,tristis,Asynaptic,Male,XY,18
Animalia|Insecta|Coleoptera|Scarabaeidae|Maladera|alcocki,Animalia,Insecta,Coleoptera,Scarabaeidae,Maladera,alcocki,Asynaptic,Male,XY,20
Animalia|Insecta|Coleoptera|Scarabaeidae|Malagoniella|aff,Animalia,Insecta,Coleoptera,Scarabaeidae,Malagoniella,aff,Asynaptic,Male,XY,20
Animalia|Insecta|Coleoptera|Scarabaeidae|Mecynorrhina|polyphemus,Animalia,Insecta,Coleoptera,Scarabaeidae,Mecynorrhina,polyphemus,Asynaptic,Male,XY,20
Animalia|Insecta|Coleoptera|Scarabaeidae|Mecynorrhina|torquata,Animalia,Insecta,Coleoptera,Scarabaeidae,Mecynorrhina,torquata,Asynaptic,Male,XY,20
Animalia|Insecta|Coleoptera|Scarabaeidae|Megalorrhina|harrisi,Animalia,Insecta,Coleoptera,Scarabaeidae,Megalorrhina,harrisi,Asynaptic,Male,XY,20
Animalia|Insecta|Coleoptera|Scarabaeidae|Megasoma|actaeon,Animalia,Insecta,Coleoptera,Scarabaeidae,Megasoma,actaeon,Asynaptic,Male,XY,20
Animalia|Insecta|Coleoptera|Scarabaeidae|Melolontha|fuscotestacea,Animalia,Insecta,Coleoptera,Scarabaeidae,Melolontha,fuscotestacea,Asynaptic,Male,XY,20
Animalia|Insecta|Coleoptera|Scarabaeidae|Microcopris|doriae,Animalia,Insecta,Coleoptera,Scarabaeidae,Microcopris,doriae,Asynaptic,Male,XY,20
Animalia|Insecta|Coleoptera|Scarabaeidae|Microcopris|hidakai,Animalia,Insecta,Coleoptera,Scarabaeidae,Microcopris,hidakai,Asynaptic,Male,XY,20
Animalia|Insecta|Coleoptera|Scarabaeidae|Mimela|glabra,Animalia,Insecta,Coleoptera,Scarabaeidae,Mimela,glabra,Asynaptic,Male,XY,20
Animalia|Insecta|Coleoptera|Scarabaeidae|Mimela|sp.,Animalia,Insecta,Coleoptera,Scarabaeidae,Mimela,sp.,Asynaptic,Male,XY,20
Animalia|Insecta|Coleoptera|Scarabaeidae|Oniticellus|pallipes,Animalia,Insecta,Coleoptera,Scarabaeidae,Oniticellus,pallipes,Asynaptic,Male,XY,20
Animalia|Insecta|Coleoptera|Scarabaeidae|Onitis|crassus,Animalia,Insecta,Coleoptera,Scarabaeidae,Onitis,crassus,Asynaptic,Male,XY,20
Animalia|Insecta|Coleoptera|Scarabaeidae|Onitis|philemon,Animalia,Insecta,Coleoptera,Scarabaeidae,Onitis,philemon,Asynaptic,Male,XY,20
Animalia|Insecta|Coleoptera|Scarabaeidae|Ontherus|appendiculatus,Animalia,Insecta,Coleoptera,Scarabaeidae,Ontherus,appendiculatus,Asynaptic,Male,XY,20
Animalia|Insecta|Coleoptera|Scarabaeidae|Ontherus|sulcator,Animalia,Insecta,Coleoptera,Scarabaeidae,Ontherus,sulcator,Asynaptic,Male,XY,20
Animalia|Insecta|Coleoptera|Scarabaeidae|Onthophagus|bifasciatus,Animalia,Insecta,Coleoptera,Scarabaeidae,Onthophagus,bifasciatus,Asynaptic,Male,XY,20
Animalia|Insecta|Coleoptera|Scarabaeidae|Onthophagus|bosus,Animalia,Insecta,Coleoptera,Scarabaeidae,Onthophagus,bosus,Asynaptic,Male,XY,20
Animalia|Insecta|Coleoptera|Scarabaeidae|Onthophagus|catta,Animalia,Insecta,Coleoptera,Scarabaeidae,Onthophagus,catta,Asynaptic,Male,XY,20
Animalia|Insecta|Coleoptera|Scarabaeidae|Onthophagus|crassus,Animalia,Insecta,Coleoptera,Scarabaeidae,Onthophagus,crassus,Asynaptic,Male,XY,20
Animalia|Insecta|Coleoptera|Scarabaeidae|Onthophagus|dama,Animalia,Insecta,Coleoptera,Scarabaeidae,Onthophagus,dama,Asynaptic,Male,XY,20
Animalia|Insecta|Coleoptera|Scarabaeidae|Onthophagus|fasciatus,Animalia,Insecta,Coleoptera,Scarabaeidae,Onthophagus,fasciatus,Asynaptic,Male,XY,20
Animalia|Insecta|Coleoptera|Scarabaeidae|Onthophagus|gazelle,Animalia,Insecta,Coleoptera,Scarabaeidae,Onthophagus,gazelle,Asynaptic,Male,XY,20
Animalia|Insecta|Coleoptera|Scarabaeidae|Onthophagus|hecate,Animalia,Insecta,Coleoptera,Scarabaeidae,Onthophagus,hecate,Asynaptic,Male,XY,20
Animalia|Insecta|Coleoptera|Scarabaeidae|Onthophagus|hirculus,Animalia,Insecta,Coleoptera,Scarabaeidae,Onthophagus,hirculus,Asynaptic,Male,XY,20
Animalia|Insecta|Coleoptera|Scarabaeidae|Onthophagus|marginicollis,Animalia,Insecta,Coleoptera,Scarabaeidae,Onthophagus,marginicollis,Asynaptic,Male,XY,20
Animalia|Insecta|Coleoptera|Scarabaeidae|Onthophagus|mopsus,Animalia,Insecta,Coleoptera,Scarabaeidae,Onthophagus,mopsus,Asynaptic,Male,XY,20
Animalia|Insecta|Coleoptera|Scarabaeidae|Onthophagus|pacificus,Animalia,Insecta,Coleoptera,Scarabaeidae,Onthophagus,pacificus,Asynaptic,Male,XY,20
Animalia|Insecta|Coleoptera|Scarabaeidae|Onthophagus|pennsylvanicus,Animalia,Insecta,Coleoptera,Scarabaeidae,Onthophagus,pennsylvanicus,Asynaptic,Male,XY,20
Animalia|Insecta|Coleoptera|Scarabaeidae|Onthophagus|quadridens,Animalia,Insecta,Coleoptera,Scarabaeidae,Onthophagus,quadridens,Asynaptic,Male,XY,20
Animalia|Insecta|Coleoptera|Scarabaeidae|Onthophagus|quaestus,Animalia,Insecta,Coleoptera,Scarabaeidae,Onthophagus,quaestus,Asynaptic,Male,XY,20
Animalia|Insecta|Coleoptera|Scarabaeidae|Onthophagus|ramosellus,Animalia,Insecta,Coleoptera,Scarabaeidae,Onthophagus,ramosellus,Asynaptic,Male,XY,20
Animalia|Insecta|Coleoptera|Scarabaeidae|Onthophagus|rufescens,Animalia,Insecta,Coleoptera,Scarabaeidae,Onthophagus,rufescens,Asynaptic,Male,XY,20
Animalia|Insecta|Coleoptera|Scarabaeidae|Onthophagus|sp.,Animalia,Insecta,Coleoptera,Scarabaeidae,Onthophagus,sp.,Asynaptic,Male,XY,18
Animalia|Insecta|Coleoptera|Scarabaeidae|Onthophagus|stratocirrus,Animalia,Insecta,Coleoptera,Scarabaeidae,Onthophagus,stratocirrus,Asynaptic,Male,XY,20
Animalia|Insecta|Coleoptera|Scarabaeidae|Onthophagus|taurus,Animalia,Insecta,Coleoptera,Scarabaeidae,Onthophagus,taurus,Asynaptic,Male,XY,20
Animalia|Insecta|Coleoptera|Scarabaeidae|Onthophagus|unifasciatus,Animalia,Insecta,Coleoptera,Scarabaeidae,Onthophagus,unifasciatus,Asynaptic,Male,XY,20
Animalia|Insecta|Coleoptera|Scarabaeidae|Orizabus|cultripes,Animalia,Insecta,Coleoptera,Scarabaeidae,Orizabus,cultripes,Asynaptic,Male,XY,18
Animalia|Insecta|Coleoptera|Scarabaeidae|Orphnus|impressus,Animalia,Insecta,Coleoptera,Scarabaeidae,Orphnus,impressus,Asynaptic,Male,XY,20
Animalia|Insecta|Coleoptera|Scarabaeidae|Orphnus|mysoriensis,Animalia,Insecta,Coleoptera,Scarabaeidae,Orphnus,mysoriensis,Asynaptic,Male,XY,20
Animalia|Insecta|Coleoptera|Scarabaeidae|Oryctes|rhinoceros,Animalia,Insecta,Coleoptera,Scarabaeidae,Oryctes,rhinoceros,Asynaptic,Male,XY,20
Animalia|Insecta|Coleoptera|Scarabaeidae|Oryctes|sicornis,Animalia,Insecta,Coleoptera,Scarabaeidae,Oryctes,sicornis,Asynaptic,Male,XY,18
Animalia|Insecta|Coleoptera|Scarabaeidae|Paracopris|ramosiceps,Animalia,Insecta,Coleoptera,Scarabaeidae,Paracopris,ramosiceps,Asynaptic,Male,XY,18
Animalia|Insecta|Coleoptera|Scarabaeidae|Paragymnopleurus|sinuatus,Animalia,Insecta,Coleoptera,Scarabaeidae,Paragymnopleurus,sinuatus,Asynaptic,Male,XY,18
Animalia|Insecta|Coleoptera|Scarabaeidae|Pelidnota|pallidipennis,Animalia,Insecta,Coleoptera,Scarabaeidae,Pelidnota,pallidipennis,Asynaptic,Male,XY,20
Animalia|Insecta|Coleoptera|Scarabaeidae|Pelidnota|sumptuosa,Animalia,Insecta,Coleoptera,Scarabaeidae,Pelidnota,sumptuosa,Asynaptic,Male,XY,20
Animalia|Insecta|Coleoptera|Scarabaeidae|Pentodon|bispinifrons,Animalia,Insecta,Coleoptera,Scarabaeidae,Pentodon,bispinifrons,Asynaptic,Male,XY,20
Animalia|Insecta|Coleoptera|Scarabaeidae|Phalops|divisus,Animalia,Insecta,Coleoptera,Scarabaeidae,Phalops,divisus,Asynaptic,Male,XY,20
Animalia|Insecta|Coleoptera|Scarabaeidae|Phalops|olivaceous,Animalia,Insecta,Coleoptera,Scarabaeidae,Phalops,olivaceous,Asynaptic,Male,XY,20
Animalia|Insecta|Coleoptera|Scarabaeidae|Phanaeus|aff,Animalia,Insecta,Coleoptera,Scarabaeidae,Phanaeus,aff,Asynaptic,Male,XY,14
Animalia|Insecta|Coleoptera|Scarabaeidae|Phanaeus|splendidulus,Animalia,Insecta,Coleoptera,Scarabaeidae,Phanaeus,splendidulus,Asynaptic,Male,XY,20
Animalia|Insecta|Coleoptera|Scarabaeidae|Phileurus|valgus,Animalia,Insecta,Coleoptera,Scarabaeidae,Phileurus,valgus,Asynaptic,Male,XY,20
Animalia|Insecta|Coleoptera|Scarabaeidae|Phyllognathus|dionysius,Animalia,Insecta,Coleoptera,Scarabaeidae,Phyllognathus,dionysius,Asynaptic,Male,XY,20
Animalia|Insecta|Coleoptera|Scarabaeidae|Plaesiorrhinella|watkinsia,Animalia,Insecta,Coleoptera,Scarabaeidae,Plaesiorrhinella,watkinsia,Asynaptic,Male,XY,20
Animalia|Insecta|Coleoptera|Scarabaeidae|Psammodius|oregonesis,Animalia,Insecta,Coleoptera,Scarabaeidae,Psammodius,oregonesis,Asynaptic,Male,XY,20
Animalia|Insecta|Coleoptera|Scarabaeidae|Rhamphorrhina|bertolonii,Animalia,Insecta,Coleoptera,Scarabaeidae,Rhamphorrhina,bertolonii,Asynaptic,Male,XY,20
Animalia|Insecta|Coleoptera|Scarabaeidae|Rhinyptia|indica,Animalia,Insecta,Coleoptera,Scarabaeidae,Rhinyptia,indica,Asynaptic,Male,XY,20
Animalia|Insecta|Coleoptera|Scarabaeidae|Scarabaeidae|nr.,Animalia,Insecta,Coleoptera,Scarabaeidae,Scarabaeidae,nr.,Asynaptic,Male,XY,20
Animalia|Insecta|Coleoptera|Scarabaeidae|Scarabaeus|cristatus,Animalia,Insecta,Coleoptera,Scarabaeidae,Scarabaeus,cristatus,Asynaptic,Male,XY,20
Animalia|Insecta|Coleoptera|Scarabaeidae|Scarabaeus|laticollis,Animalia,Insecta,Coleoptera,Scarabaeidae,Scarabaeus,laticollis,Asynaptic,Male,XY,20
Animalia|Insecta|Coleoptera|Scarabaeidae|Scarabaeus|sacer,Animalia,Insecta,Coleoptera,Scarabaeidae,Scarabaeus,sacer,Asynaptic,Male,XY,20
Animalia|Insecta|Coleoptera|Scarabaeidae|Scarabaeus|semipunctatus,Animalia,Insecta,Coleoptera,Scarabaeidae,Scarabaeus,semipunctatus,Asynaptic,Male,XY,20
Animalia|Insecta|Coleoptera|Scarabaeidae|Schizonycha|fuscescens,Animalia,Insecta,Coleoptera,Scarabaeidae,Schizonycha,fuscescens,Asynaptic,Male,XY,20
Animalia|Insecta|Coleoptera|Scarabaeidae|Schizonycha|ruficollis,Animalia,Insecta,Coleoptera,Scarabaeidae,Schizonycha,ruficollis,Asynaptic,Male,XY,20
Animalia|Insecta|Coleoptera|Scarabaeidae|Serica|assamensis,Animalia,Insecta,Coleoptera,Scarabaeidae,Serica,assamensis,Asynaptic,Male,XY,20
Animalia|Insecta|Coleoptera|Scarabaeidae|Serica|falli,Animalia,Insecta,Coleoptera,Scarabaeidae,Serica,falli,Asynaptic,Male,XY,20
Animalia|Insecta|Coleoptera|Scarabaeidae|Serica|sericea,Animalia,Insecta,Coleoptera,Scarabaeidae,Serica,sericea,Asynaptic,Male,XY,20
Animalia|Insecta|Coleoptera|Scarabaeidae|Serica|tristis,Animalia,Insecta,Coleoptera,Scarabaeidae,Serica,tristis,Asynaptic,Male,XY,20
Animalia|Insecta|Coleoptera|Scarabaeidae|Serica|umbrinella,Animalia,Insecta,Coleoptera,Scarabaeidae,Serica,umbrinella,Asynaptic,Male,XY,20
Animalia|Insecta|Coleoptera|Scarabaeidae|Stephanocrates|preussi,Animalia,Insecta,Coleoptera,Scarabaeidae,Stephanocrates,preussi,Asynaptic,Male,XY,20
Animalia|Insecta|Coleoptera|Scarabaeidae|Stephanorrhina|guttata,Animalia,Insecta,Coleoptera,Scarabaeidae,Stephanorrhina,guttata,Asynaptic,Male,XY,20
Animalia|Insecta|Coleoptera|Scarabaeidae|Stephanorrhina|princeps,Animalia,Insecta,Coleoptera,Scarabaeidae,Stephanorrhina,princeps,Asynaptic,Male,XY,20
Animalia|Insecta|Coleoptera|Scarabaeidae|Strategus|surinamensis,Animalia,Insecta,Coleoptera,Scarabaeidae,Strategus,surinamensis,Asynaptic,Male,XY,20
Animalia|Insecta|Coleoptera|Scarabaeidae|Strategus|syphax,Animalia,Insecta,Coleoptera,Scarabaeidae,Strategus,syphax,Asynaptic,Male,XY,20
Animalia|Insecta|Coleoptera|Scarabaeidae|Tiniocellus|spinipes,Animalia,Insecta,Coleoptera,Scarabaeidae,Tiniocellus,spinipes,Asynaptic,Male,XY,24
Animalia|Insecta|Coleoptera|Scarabaeidae|Trichiotinus|assimilis,Animalia,Insecta,Coleoptera,Scarabaeidae,Trichiotinus,assimilis,Asynaptic,Male,XY,20
Animalia|Insecta|Coleoptera|Scarabaeidae|Trypocopris|pyreeus,Animalia,Insecta,Coleoptera,Scarabaeidae,Trypocopris,pyreeus,Asynaptic,Male,XY,20
Animalia|Insecta|Coleoptera|Scarabaeidae|Typhaeus|typhoeus,Animalia,Insecta,Coleoptera,Scarabaeidae,Typhaeus,typhoeus,Asynaptic,Male,XY,20
Animalia|Insecta|Coleoptera|Scolytidae|Blastophagus|minor,Animalia,Insecta,Coleoptera,Scolytidae,Blastophagus,minor,Asynaptic,Male,XY,30
Animalia|Insecta|Coleoptera|Scolytidae|Blastophagus|pinierda,Animalia,Insecta,Coleoptera,Scolytidae,Blastophagus,pinierda,Asynaptic,Male,XY,26
Animalia|Insecta|Coleoptera|Scolytidae|Cryphalus|abietis,Animalia,Insecta,Coleoptera,Scolytidae,Cryphalus,abietis,Asynaptic,Male,XY,26
Animalia|Insecta|Coleoptera|Scolytidae|Cryphalus|piceae,Animalia,Insecta,Coleoptera,Scolytidae,Cryphalus,piceae,Asynaptic,Male,XY,26
Animalia|Insecta|Coleoptera|Scolytidae|Crypturgus|pusillus,Animalia,Insecta,Coleoptera,Scolytidae,Crypturgus,pusillus,Asynaptic,Male,XY,26
Animalia|Insecta|Coleoptera|Scolytidae|Dendroctonus|frontalis,Animalia,Insecta,Coleoptera,Scolytidae,Dendroctonus,frontalis,Asynaptic,Male,XY,16
Animalia|Insecta|Coleoptera|Scolytidae|Dendroctonus|mexicanus,Animalia,Insecta,Coleoptera,Scolytidae,Dendroctonus,mexicanus,Asynaptic,Male,XY,12
Animalia|Insecta|Coleoptera|Scolytidae|Dendroctonus|murrayae,Animalia,Insecta,Coleoptera,Scolytidae,Dendroctonus,murrayae,Asynaptic,Male,XY,30
Animalia|Insecta|Coleoptera|Scolytidae|Dendroctonus|parallelocollis,Animalia,Insecta,Coleoptera,Scolytidae,Dendroctonus,parallelocollis,Asynaptic,Male,XY,28
Animalia|Insecta|Coleoptera|Scolytidae|Dendroctonus|pseudotsugae,Animalia,Insecta,Coleoptera,Scolytidae,Dendroctonus,pseudotsugae,Asynaptic,Male,XY,30
Animalia|Insecta|Coleoptera|Scolytidae|Dendroctonus|punctatus,Animalia,Insecta,Coleoptera,Scolytidae,Dendroctonus,punctatus,Asynaptic,Male,XY,32
Animalia|Insecta|Coleoptera|Scolytidae|Dendroctonus|rhizophagus,Animalia,Insecta,Coleoptera,Scolytidae,Dendroctonus,rhizophagus,Asynaptic,Male,XY,28
Animalia|Insecta|Coleoptera|Scolytidae|Dendroctonus|rufipennis,Animalia,Insecta,Coleoptera,Scolytidae,Dendroctonus,rufipennis,Asynaptic,Male,XY,30
Animalia|Insecta|Coleoptera|Scolytidae|Dendroctonus|simplex,Animalia,Insecta,Coleoptera,Scolytidae,Dendroctonus,simplex,Asynaptic,Male,XY,30
Animalia|Insecta|Coleoptera|Scolytidae|Dendroctonus|terebrans,Animalia,Insecta,Coleoptera,Scolytidae,Dendroctonus,terebrans,Asynaptic,Male,XY,26
Animalia|Insecta|Coleoptera|Scolytidae|Dendroctonus|valens,Animalia,Insecta,Coleoptera,Scolytidae,Dendroctonus,valens,Asynaptic,Male,XY,28
Animalia|Insecta|Coleoptera|Scolytidae|Dryocoetes|affaber,Animalia,Insecta,Coleoptera,Scolytidae,Dryocoetes,affaber,Asynaptic,Male,XY,28
Animalia|Insecta|Coleoptera|Scolytidae|Dryocoetes|autographus,Animalia,Insecta,Coleoptera,Scolytidae,Dryocoetes,autographus,Asynaptic,Male,XY,26
Animalia|Insecta|Coleoptera|Scolytidae|Hylastes|angustatus,Animalia,Insecta,Coleoptera,Scolytidae,Hylastes,angustatus,Asynaptic,Male,XY,26
Animalia|Insecta|Coleoptera|Scolytidae|Hylastes|ater,Animalia,Insecta,Coleoptera,Scolytidae,Hylastes,ater,Asynaptic,Male,XY,26
Animalia|Insecta|Coleoptera|Scolytidae|Hylastes|cunicularius,Animalia,Insecta,Coleoptera,Scolytidae,Hylastes,cunicularius,Asynaptic,Male,XY,26
Animalia|Insecta|Coleoptera|Scolytidae|Hylastes|varius,Animalia,Insecta,Coleoptera,Scolytidae,Hylastes,varius,Asynaptic,Male,XY,26
Animalia|Insecta|Coleoptera|Scolytidae|Hylurgops|glabratus,Animalia,Insecta,Coleoptera,Scolytidae,Hylurgops,glabratus,Asynaptic,Male,XY,26
Animalia|Insecta|Coleoptera|Scolytidae|Hylurgops|palliatus,Animalia,Insecta,Coleoptera,Scolytidae,Hylurgops,palliatus,Asynaptic,Male,XY,26
Animalia|Insecta|Coleoptera|Scolytidae|Hylurgops|pinifex,Animalia,Insecta,Coleoptera,Scolytidae,Hylurgops,pinifex,Asynaptic,Male,XY,30
Animalia|Insecta|Coleoptera|Scolytidae|Ips|acumitus,Animalia,Insecta,Coleoptera,Scolytidae,Ips,acumitus,Asynaptic,Male,XY,16
Animalia|Insecta|Coleoptera|Scolytidae|Ips|avulsus,Animalia,Insecta,Coleoptera,Scolytidae,Ips,avulsus,Asynaptic,Male,XY,32
Animalia|Insecta|Coleoptera|Scolytidae|Ips|bonseai,Animalia,Insecta,Coleoptera,Scolytidae,Ips,bonseai,Asynaptic,Male,XY,32
Animalia|Insecta|Coleoptera|Scolytidae|Ips|borealis,Animalia,Insecta,Coleoptera,Scolytidae,Ips,borealis,Asynaptic,Male,XY,32
Animalia|Insecta|Coleoptera|Scolytidae|Ips|calligraphus,Animalia,Insecta,Coleoptera,Scolytidae,Ips,calligraphus,Asynaptic,Male,XY,32
Animalia|Insecta|Coleoptera|Scolytidae|Ips|chagnoni,Animalia,Insecta,Coleoptera,Scolytidae,Ips,chagnoni,Asynaptic,Male,XY,32
Animalia|Insecta|Coleoptera|Scolytidae|Ips|concinnus,Animalia,Insecta,Coleoptera,Scolytidae,Ips,concinnus,Asynaptic,Male,XY,16
Animalia|Insecta|Coleoptera|Scolytidae|Ips|confusus,Animalia,Insecta,Coleoptera,Scolytidae,Ips,confusus,Asynaptic,Male,XY,32
Animalia|Insecta|Coleoptera|Scolytidae|Ips|cribricollis,Animalia,Insecta,Coleoptera,Scolytidae,Ips,cribricollis,Asynaptic,Male,XY,32
Animalia|Insecta|Coleoptera|Scolytidae|Ips|emargitus,Animalia,Insecta,Coleoptera,Scolytidae,Ips,emargitus,Asynaptic,Male,XY,32
Animalia|Insecta|Coleoptera|Scolytidae|Ips|hoppingi,Animalia,Insecta,Coleoptera,Scolytidae,Ips,hoppingi,Asynaptic,Male,XY,32
Animalia|Insecta|Coleoptera|Scolytidae|Ips|hunteri,Animalia,Insecta,Coleoptera,Scolytidae,Ips,hunteri,Asynaptic,Male,XY,32
Animalia|Insecta|Coleoptera|Scolytidae|Ips|integer,Animalia,Insecta,Coleoptera,Scolytidae,Ips,integer,Asynaptic,Male,XY,32
Animalia|Insecta|Coleoptera|Scolytidae|Ips|interstitialis,Animalia,Insecta,Coleoptera,Scolytidae,Ips,interstitialis,Asynaptic,Male,XY,32
Animalia|Insecta|Coleoptera|Scolytidae|Ips|kusi,Animalia,Insecta,Coleoptera,Scolytidae,Ips,kusi,Asynaptic,Male,XY,32
Animalia|Insecta|Coleoptera|Scolytidae|Ips|latidens,Animalia,Insecta,Coleoptera,Scolytidae,Ips,latidens,Asynaptic,Male,XY,20
Animalia|Insecta|Coleoptera|Scolytidae|Ips|lecontei,Animalia,Insecta,Coleoptera,Scolytidae,Ips,lecontei,Asynaptic,Male,XY,32
Animalia|Insecta|Coleoptera|Scolytidae|Ips|mexicanus,Animalia,Insecta,Coleoptera,Scolytidae,Ips,mexicanus,Asynaptic,Male,XY,16
Animalia|Insecta|Coleoptera|Scolytidae|Ips|montanus,Animalia,Insecta,Coleoptera,Scolytidae,Ips,montanus,Asynaptic,Male,XY,32
Animalia|Insecta|Coleoptera|Scolytidae|Ips|paraconfusus,Animalia,Insecta,Coleoptera,Scolytidae,Ips,paraconfusus,Asynaptic,Male,XY,32
Animalia|Insecta|Coleoptera|Scolytidae|Ips|perroti,Animalia,Insecta,Coleoptera,Scolytidae,Ips,perroti,Asynaptic,Male,XY,32
Animalia|Insecta|Coleoptera|Scolytidae|Ips|pertubatus,Animalia,Insecta,Coleoptera,Scolytidae,Ips,pertubatus,Asynaptic,Male,XY,32
Animalia|Insecta|Coleoptera|Scolytidae|Ips|pilifrons,Animalia,Insecta,Coleoptera,Scolytidae,Ips,pilifrons,Asynaptic,Male,XY,32
Animalia|Insecta|Coleoptera|Scolytidae|Ips|pini,Animalia,Insecta,Coleoptera,Scolytidae,Ips,pini,Asynaptic,Male,XY,30
Animalia|Insecta|Coleoptera|Scolytidae|Ips|plastographus,Animalia,Insecta,Coleoptera,Scolytidae,Ips,plastographus,Asynaptic,Male,XY,32
Animalia|Insecta|Coleoptera|Scolytidae|Ips|sexdentatus,Animalia,Insecta,Coleoptera,Scolytidae,Ips,sexdentatus,Asynaptic,Male,XY,26
Animalia|Insecta|Coleoptera|Scolytidae|Ips|spinifer,Animalia,Insecta,Coleoptera,Scolytidae,Ips,spinifer,Asynaptic,Male,XY,20
Animalia|Insecta|Coleoptera|Scolytidae|Ips|tridens,Animalia,Insecta,Coleoptera,Scolytidae,Ips,tridens,Asynaptic,Male,XY,32
Animalia|Insecta|Coleoptera|Scolytidae|Ips|typographus,Animalia,Insecta,Coleoptera,Scolytidae,Ips,typographus,Asynaptic,Male,XY,30
Animalia|Insecta|Coleoptera|Scolytidae|Ips|woodi,Animalia,Insecta,Coleoptera,Scolytidae,Ips,woodi,Asynaptic,Male,XY,32
Animalia|Insecta|Coleoptera|Scolytidae|Leperisinus|pruinosis,Animalia,Insecta,Coleoptera,Scolytidae,Leperisinus,pruinosis,Asynaptic,Male,XY,26
Animalia|Insecta|Coleoptera|Scolytidae|Orthotomicus|caelatus,Animalia,Insecta,Coleoptera,Scolytidae,Orthotomicus,caelatus,Asynaptic,Male,XY,22
Animalia|Insecta|Coleoptera|Scolytidae|Orthotomicus|erosus,Animalia,Insecta,Coleoptera,Scolytidae,Orthotomicus,erosus,Asynaptic,Male,XY,16
Animalia|Insecta|Coleoptera|Scolytidae|Orthotomicus|laricis,Animalia,Insecta,Coleoptera,Scolytidae,Orthotomicus,laricis,Asynaptic,Male,XY,16
Animalia|Insecta|Coleoptera|Scolytidae|Orthotomicus|proximus,Animalia,Insecta,Coleoptera,Scolytidae,Orthotomicus,proximus,Asynaptic,Male,XY,14
Animalia|Insecta|Coleoptera|Scolytidae|Orthotomicus|sabiniae,Animalia,Insecta,Coleoptera,Scolytidae,Orthotomicus,sabiniae,Asynaptic,Male,XY,0
Animalia|Insecta|Coleoptera|Scolytidae|Orthotomicus|suturalis,Animalia,Insecta,Coleoptera,Scolytidae,Orthotomicus,suturalis,Asynaptic,Male,XY,16
Animalia|Insecta|Coleoptera|Scolytidae|Pityogenes|bidentatus,Animalia,Insecta,Coleoptera,Scolytidae,Pityogenes,bidentatus,Asynaptic,Male,XY,16
Animalia|Insecta|Coleoptera|Scolytidae|Pityogenes|chalcographus,Animalia,Insecta,Coleoptera,Scolytidae,Pityogenes,chalcographus,Asynaptic,Male,XY,16
Animalia|Insecta|Coleoptera|Scolytidae|Pityogenes|crannulatus,Animalia,Insecta,Coleoptera,Scolytidae,Pityogenes,crannulatus,Asynaptic,Male,XY,18
Animalia|Insecta|Coleoptera|Scolytidae|Pityogenes|fossifrons,Animalia,Insecta,Coleoptera,Scolytidae,Pityogenes,fossifrons,Asynaptic,Male,NA,20
Animalia|Insecta|Coleoptera|Scolytidae|Pityogenes|hopkinsi,Animalia,Insecta,Coleoptera,Scolytidae,Pityogenes,hopkinsi,Asynaptic,Male,XY,20
Animalia|Insecta|Coleoptera|Scolytidae|Pityogenes|knechteli,Animalia,Insecta,Coleoptera,Scolytidae,Pityogenes,knechteli,Asynaptic,Male,XY,20
Animalia|Insecta|Coleoptera|Scolytidae|Pityogenes|quadridens,Animalia,Insecta,Coleoptera,Scolytidae,Pityogenes,quadridens,Asynaptic,Male,XY,16
Animalia|Insecta|Coleoptera|Scolytidae|Pityokteines|ortus,Animalia,Insecta,Coleoptera,Scolytidae,Pityokteines,ortus,Asynaptic,Male,XY,18
Animalia|Insecta|Coleoptera|Scolytidae|Pityphthorus|lichtensteini,Animalia,Insecta,Coleoptera,Scolytidae,Pityphthorus,lichtensteini,Asynaptic,Male,XY,26
Animalia|Insecta|Coleoptera|Scolytidae|Polygraphus|grandiclava,Animalia,Insecta,Coleoptera,Scolytidae,Polygraphus,grandiclava,Asynaptic,Male,XY,16
Animalia|Insecta|Coleoptera|Scolytidae|Polygraphus|poligraphus,Animalia,Insecta,Coleoptera,Scolytidae,Polygraphus,poligraphus,Asynaptic,Male,XY,16
Animalia|Insecta|Coleoptera|Scolytidae|Polygraphus|rugipennis,Animalia,Insecta,Coleoptera,Scolytidae,Polygraphus,rugipennis,Asynaptic,Male,XY,12
Animalia|Insecta|Coleoptera|Scolytidae|Polygraphus|subopacus,Animalia,Insecta,Coleoptera,Scolytidae,Polygraphus,subopacus,Asynaptic,Male,XY,16
Animalia|Insecta|Coleoptera|Scolytidae|Scolytus|dahuricus,Animalia,Insecta,Coleoptera,Scolytidae,Scolytus,dahuricus,Asynaptic,Male,XY,22
Animalia|Insecta|Coleoptera|Scolytidae|Scolytus|mali,Animalia,Insecta,Coleoptera,Scolytidae,Scolytus,mali,Asynaptic,Male,XY,16
Animalia|Insecta|Coleoptera|Scolytidae|Scolytus|multistriatus,Animalia,Insecta,Coleoptera,Scolytidae,Scolytus,multistriatus,Asynaptic,Male,XY,12
Animalia|Insecta|Coleoptera|Scolytidae|Scolytus|ratzeburgi,Animalia,Insecta,Coleoptera,Scolytidae,Scolytus,ratzeburgi,Asynaptic,Male,XY,16
Animalia|Insecta|Coleoptera|Scolytidae|Scolytus|rugulosus,Animalia,Insecta,Coleoptera,Scolytidae,Scolytus,rugulosus,Asynaptic,Male,XY,16
Animalia|Insecta|Coleoptera|Scolytidae|Trypodendron|lineatum,Animalia,Insecta,Coleoptera,Scolytidae,Trypodendron,lineatum,Asynaptic,Male,XY,26
Animalia|Insecta|Coleoptera|Silphidae|Phosphuga|atrata,Animalia,Insecta,Coleoptera,Silphidae,Phosphuga,atrata,Asynaptic,Male,XY,34
Animalia|Insecta|Coleoptera|Silphidae|Silpha|noveboracensis,Animalia,Insecta,Coleoptera,Silphidae,Silpha,noveboracensis,Asynaptic,Male,XY,26
Animalia|Insecta|Coleoptera|Silphidae|Silpha|surinamensis,Animalia,Insecta,Coleoptera,Silphidae,Silpha,surinamensis,Asynaptic,Male,XY,26
Animalia|Insecta|Coleoptera|Silphidae|Thanatophilus|sinuatus,Animalia,Insecta,Coleoptera,Silphidae,Thanatophilus,sinuatus,Asynaptic,Male,XY,26
Animalia|Insecta|Coleoptera|Silvanidae|Ahasverus|adve,Animalia,Insecta,Coleoptera,Silvanidae,Ahasverus,adve,Asynaptic,Male,XY,18
Animalia|Insecta|Coleoptera|Silvanidae|Oryzaephilus|mercator,Animalia,Insecta,Coleoptera,Silvanidae,Oryzaephilus,mercator,Asynaptic,Male,XY,18
Animalia|Insecta|Coleoptera|Silvanidae|Oryzaephilus|surinamensis,Animalia,Insecta,Coleoptera,Silvanidae,Oryzaephilus,surinamensis,Asynaptic,Male,XY,18
Animalia|Insecta|Coleoptera|Staphylinidae|Batrisodes|globosus,Animalia,Insecta,Coleoptera,Staphylinidae,Batrisodes,globosus,Asynaptic,Male,XY,28
Animalia|Insecta|Coleoptera|Staphylinidae|Creophilus|maxillosus,Animalia,Insecta,Coleoptera,Staphylinidae,Creophilus,maxillosus,Asynaptic,Male,XY,40
Animalia|Insecta|Coleoptera|Staphylinidae|Cryptobium|bernhaueri,Animalia,Insecta,Coleoptera,Staphylinidae,Cryptobium,bernhaueri,Asynaptic,Male,XY,30
Animalia|Insecta|Coleoptera|Staphylinidae|Indoscitalinus|achoreta,Animalia,Insecta,Coleoptera,Staphylinidae,Indoscitalinus,achoreta,Asynaptic,Male,XY,28
Animalia|Insecta|Coleoptera|Staphylinidae|Nudobius|cephalus,Animalia,Insecta,Coleoptera,Staphylinidae,Nudobius,cephalus,Asynaptic,Male,XY,28
Animalia|Insecta|Coleoptera|Staphylinidae|Ontholestes|cingulatus,Animalia,Insecta,Coleoptera,Staphylinidae,Ontholestes,cingulatus,Asynaptic,Male,XY,26
Animalia|Insecta|Coleoptera|Staphylinidae|Osorius|punctipennis,Animalia,Insecta,Coleoptera,Staphylinidae,Osorius,punctipennis,Asynaptic,Male,XY,32
Animalia|Insecta|Coleoptera|Staphylinidae|Philonthus|fuscipennis,Animalia,Insecta,Coleoptera,Staphylinidae,Philonthus,fuscipennis,Asynaptic,Male,XY,24
Animalia|Insecta|Coleoptera|Staphylinidae|Philonthus|idiocerus,Animalia,Insecta,Coleoptera,Staphylinidae,Philonthus,idiocerus,Asynaptic,Male,XY,36
Animalia|Insecta|Coleoptera|Staphylinidae|Philonthus|intermedius,Animalia,Insecta,Coleoptera,Staphylinidae,Philonthus,intermedius,Asynaptic,Male,XY,56
Animalia|Insecta|Coleoptera|Staphylinidae|Philonthus|politus,Animalia,Insecta,Coleoptera,Staphylinidae,Philonthus,politus,Asynaptic,Male,XY,40
Animalia|Insecta|Coleoptera|Staphylinidae|Pselaphus|fustifer,Animalia,Insecta,Coleoptera,Staphylinidae,Pselaphus,fustifer,Asynaptic,Male,XY,30
Animalia|Insecta|Coleoptera|Staphylinidae|Staphylinus|sp.,Animalia,Insecta,Coleoptera,Staphylinidae,Staphylinus,sp.,Asynaptic,Male,XY,40
Animalia|Insecta|Coleoptera|Stenotrachelidae|Cephaloon|lepturides,Animalia,Insecta,Coleoptera,Stenotrachelidae,Cephaloon,lepturides,Asynaptic,Male,XY,18
Animalia|Insecta|Coleoptera|Tenebrionidae|Adesmia|biskrensis,Animalia,Insecta,Coleoptera,Tenebrionidae,Adesmia,biskrensis,Asynaptic,Male,XY,18
Animalia|Insecta|Coleoptera|Tenebrionidae|Adesmia|cancellata,Animalia,Insecta,Coleoptera,Tenebrionidae,Adesmia,cancellata,Asynaptic,Male,XY,20
Animalia|Insecta|Coleoptera|Tenebrionidae|Adesmia|metallica,Animalia,Insecta,Coleoptera,Tenebrionidae,Adesmia,metallica,Asynaptic,Male,XY,18
Animalia|Insecta|Coleoptera|Tenebrionidae|Aemymone|cariosa,Animalia,Insecta,Coleoptera,Tenebrionidae,Aemymone,cariosa,Asynaptic,Male,XY,18
Animalia|Insecta|Coleoptera|Tenebrionidae|Agapanthia|korostelevi,Animalia,Insecta,Coleoptera,Tenebrionidae,Agapanthia,korostelevi,Asynaptic,Male,XY,20
Animalia|Insecta|Coleoptera|Tenebrionidae|Agapanthia|walteri,Animalia,Insecta,Coleoptera,Tenebrionidae,Agapanthia,walteri,Asynaptic,Male,XY,20
Animalia|Insecta|Coleoptera|Tenebrionidae|Alobates|pennsylvanica,Animalia,Insecta,Coleoptera,Tenebrionidae,Alobates,pennsylvanica,Asynaptic,Male,XY,20
Animalia|Insecta|Coleoptera|Tenebrionidae|Alphasida|depressa,Animalia,Insecta,Coleoptera,Tenebrionidae,Alphasida,depressa,Asynaptic,Male,XY,20
Animalia|Insecta|Coleoptera|Tenebrionidae|Alphasida|sp.,Animalia,Insecta,Coleoptera,Tenebrionidae,Alphasida,sp.,Asynaptic,Male,XY,18
Animalia|Insecta|Coleoptera|Tenebrionidae|Alphitobius|pliceus,Animalia,Insecta,Coleoptera,Tenebrionidae,Alphitobius,pliceus,Asynaptic,Male,XY,20
Animalia|Insecta|Coleoptera|Tenebrionidae|Alphitobius|sp.,Animalia,Insecta,Coleoptera,Tenebrionidae,Alphitobius,sp.,Asynaptic,Male,XY,20
Animalia|Insecta|Coleoptera|Tenebrionidae|Ammobius|rufus,Animalia,Insecta,Coleoptera,Tenebrionidae,Ammobius,rufus,Asynaptic,Male,XY,20
Animalia|Insecta|Coleoptera|Tenebrionidae|Arthrodeis|curtus,Animalia,Insecta,Coleoptera,Tenebrionidae,Arthrodeis,curtus,Asynaptic,Male,XY,20
Animalia|Insecta|Coleoptera|Tenebrionidae|Arthrodeis|inflatus,Animalia,Insecta,Coleoptera,Tenebrionidae,Arthrodeis,inflatus,Asynaptic,Male,XY,20
Animalia|Insecta|Coleoptera|Tenebrionidae|Arthrodeis|punctulatus,Animalia,Insecta,Coleoptera,Tenebrionidae,Arthrodeis,punctulatus,Asynaptic,Male,XY,20
Animalia|Insecta|Coleoptera|Tenebrionidae|Asida|cardoe,Animalia,Insecta,Coleoptera,Tenebrionidae,Asida,cardoe,Asynaptic,Male,XY,20
Animalia|Insecta|Coleoptera|Tenebrionidae|Asida|glacialis,Animalia,Insecta,Coleoptera,Tenebrionidae,Asida,glacialis,Asynaptic,Male,XY,20
Animalia|Insecta|Coleoptera|Tenebrionidae|Asida|jurinei,Animalia,Insecta,Coleoptera,Tenebrionidae,Asida,jurinei,Asynaptic,Male,XY,20
Animalia|Insecta|Coleoptera|Tenebrionidae|Asida|maraguesi,Animalia,Insecta,Coleoptera,Tenebrionidae,Asida,maraguesi,Asynaptic,Male,XY,20
Animalia|Insecta|Coleoptera|Tenebrionidae|Asida|planipennis,Animalia,Insecta,Coleoptera,Tenebrionidae,Asida,planipennis,Asynaptic,Male,XY,20
Animalia|Insecta|Coleoptera|Tenebrionidae|Blaps|cribosa,Animalia,Insecta,Coleoptera,Tenebrionidae,Blaps,cribosa,Achiasmatic,Male,NA,27
Animalia|Insecta|Coleoptera|Tenebrionidae|Blaps|mucoronata,Animalia,Insecta,Coleoptera,Tenebrionidae,Blaps,mucoronata,Achiasmatic,Male,NA,0
Animalia|Insecta|Coleoptera|Tenebrionidae|Blapstinus|sp.,Animalia,Insecta,Coleoptera,Tenebrionidae,Blapstinus,sp.,Asynaptic,Male,XY,20
Animalia|Insecta|Coleoptera|Tenebrionidae|Clitobius|ovatus,Animalia,Insecta,Coleoptera,Tenebrionidae,Clitobius,ovatus,Asynaptic,Male,XY,20
Animalia|Insecta|Coleoptera|Tenebrionidae|Cossyphus|depressus,Animalia,Insecta,Coleoptera,Tenebrionidae,Cossyphus,depressus,Asynaptic,Male,XY,18
Animalia|Insecta|Coleoptera|Tenebrionidae|Cryptycus|gibbulus,Animalia,Insecta,Coleoptera,Tenebrionidae,Cryptycus,gibbulus,Asynaptic,Male,XY,20
Animalia|Insecta|Coleoptera|Tenebrionidae|Cynaeus|angustus,Animalia,Insecta,Coleoptera,Tenebrionidae,Cynaeus,angustus,Asynaptic,Male,XY,20
Animalia|Insecta|Coleoptera|Tenebrionidae|Dailognatha|pumila,Animalia,Insecta,Coleoptera,Tenebrionidae,Dailognatha,pumila,Asynaptic,Male,XY,20
Animalia|Insecta|Coleoptera|Tenebrionidae|Derosphaerus|cribum,Animalia,Insecta,Coleoptera,Tenebrionidae,Derosphaerus,cribum,Asynaptic,Male,XY,20
Animalia|Insecta|Coleoptera|Tenebrionidae|Diastolinus|fortipes,Animalia,Insecta,Coleoptera,Tenebrionidae,Diastolinus,fortipes,Asynaptic,Male,XY,26
Animalia|Insecta|Coleoptera|Tenebrionidae|Elenophorus|collaris,Animalia,Insecta,Coleoptera,Tenebrionidae,Elenophorus,collaris,Asynaptic,Male,XY,26
Animalia|Insecta|Coleoptera|Tenebrionidae|Erodius|emondi,Animalia,Insecta,Coleoptera,Tenebrionidae,Erodius,emondi,Asynaptic,Male,XY,20
Animalia|Insecta|Coleoptera|Tenebrionidae|Erodius|exilipes,Animalia,Insecta,Coleoptera,Tenebrionidae,Erodius,exilipes,Asynaptic,Male,XY,20
Animalia|Insecta|Coleoptera|Tenebrionidae|Erodius|lefranci,Animalia,Insecta,Coleoptera,Tenebrionidae,Erodius,lefranci,Asynaptic,Male,XY,20
Animalia|Insecta|Coleoptera|Tenebrionidae|Erodius|nitidicollis,Animalia,Insecta,Coleoptera,Tenebrionidae,Erodius,nitidicollis,Asynaptic,Male,XY,20
Animalia|Insecta|Coleoptera|Tenebrionidae|Erodius|orientalis,Animalia,Insecta,Coleoptera,Tenebrionidae,Erodius,orientalis,Asynaptic,Male,XY,20
Animalia|Insecta|Coleoptera|Tenebrionidae|Eulabris|sp.,Animalia,Insecta,Coleoptera,Tenebrionidae,Eulabris,sp.,Asynaptic,Male,XY,20
Animalia|Insecta|Coleoptera|Tenebrionidae|Glabrasida|goudoti,Animalia,Insecta,Coleoptera,Tenebrionidae,Glabrasida,goudoti,Asynaptic,Male,XY,20
Animalia|Insecta|Coleoptera|Tenebrionidae|Glabrasida|melillense,Animalia,Insecta,Coleoptera,Tenebrionidae,Glabrasida,melillense,Asynaptic,Male,XY,18
Animalia|Insecta|Coleoptera|Tenebrionidae|Glabrasida|zapateri,Animalia,Insecta,Coleoptera,Tenebrionidae,Glabrasida,zapateri,Asynaptic,Male,XY,20
Animalia|Insecta|Coleoptera|Tenebrionidae|Gnathocerus|cornutus,Animalia,Insecta,Coleoptera,Tenebrionidae,Gnathocerus,cornutus,Asynaptic,Male,XY,20
Animalia|Insecta|Coleoptera|Tenebrionidae|Gnathocerus|maxillosus,Animalia,Insecta,Coleoptera,Tenebrionidae,Gnathocerus,maxillosus,Asynaptic,Male,XY,20
Animalia|Insecta|Coleoptera|Tenebrionidae|Gonocephalum|bilineatum,Animalia,Insecta,Coleoptera,Tenebrionidae,Gonocephalum,bilineatum,Asynaptic,Male,XY,20
Animalia|Insecta|Coleoptera|Tenebrionidae|Gonocephalum|depressum,Animalia,Insecta,Coleoptera,Tenebrionidae,Gonocephalum,depressum,Asynaptic,Male,XY,20
Animalia|Insecta|Coleoptera|Tenebrionidae|Gonocephalum|dorsogranosum,Animalia,Insecta,Coleoptera,Tenebrionidae,Gonocephalum,dorsogranosum,Asynaptic,Male,XY,20
Animalia|Insecta|Coleoptera|Tenebrionidae|Gonocephalum|elongatum,Animalia,Insecta,Coleoptera,Tenebrionidae,Gonocephalum,elongatum,Asynaptic,Male,XY,20
Animalia|Insecta|Coleoptera|Tenebrionidae|Gonocephalum|hoffmannseggi,Animalia,Insecta,Coleoptera,Tenebrionidae,Gonocephalum,hoffmannseggi,Asynaptic,Male,XY,20
Animalia|Insecta|Coleoptera|Tenebrionidae|Gonocephalum|oblongum,Animalia,Insecta,Coleoptera,Tenebrionidae,Gonocephalum,oblongum,Asynaptic,Male,XY,20
Animalia|Insecta|Coleoptera|Tenebrionidae|Gonocephalum|patruele,Animalia,Insecta,Coleoptera,Tenebrionidae,Gonocephalum,patruele,Asynaptic,Male,XY,20
Animalia|Insecta|Coleoptera|Tenebrionidae|Gonocephalum|rusticum,Animalia,Insecta,Coleoptera,Tenebrionidae,Gonocephalum,rusticum,Asynaptic,Male,XY,20
Animalia|Insecta|Coleoptera|Tenebrionidae|Gonocephalum|sp.,Animalia,Insecta,Coleoptera,Tenebrionidae,Gonocephalum,sp.,Asynaptic,Male,XY,20
Animalia|Insecta|Coleoptera|Tenebrionidae|Gonocephalum|vagum,Animalia,Insecta,Coleoptera,Tenebrionidae,Gonocephalum,vagum,Asynaptic,Male,XY,20
Animalia|Insecta|Coleoptera|Tenebrionidae|Hegeter|amaroides,Animalia,Insecta,Coleoptera,Tenebrionidae,Hegeter,amaroides,Asynaptic,Male,XY,20
Animalia|Insecta|Coleoptera|Tenebrionidae|Hegeter|brevicollis,Animalia,Insecta,Coleoptera,Tenebrionidae,Hegeter,brevicollis,Asynaptic,Male,XY,20
Animalia|Insecta|Coleoptera|Tenebrionidae|Hegeter|costipennis,Animalia,Insecta,Coleoptera,Tenebrionidae,Hegeter,costipennis,Asynaptic,Male,XY,20
Animalia|Insecta|Coleoptera|Tenebrionidae|Hegeter|fernandezi,Animalia,Insecta,Coleoptera,Tenebrionidae,Hegeter,fernandezi,Asynaptic,Male,XY,20
Animalia|Insecta|Coleoptera|Tenebrionidae|Hegeter|grancanariensis,Animalia,Insecta,Coleoptera,Tenebrionidae,Hegeter,grancanariensis,Asynaptic,Male,XY,20
Animalia|Insecta|Coleoptera|Tenebrionidae|Hegeter|lateralis,Animalia,Insecta,Coleoptera,Tenebrionidae,Hegeter,lateralis,Asynaptic,Male,XY,20
Animalia|Insecta|Coleoptera|Tenebrionidae|Hegeter|politus,Animalia,Insecta,Coleoptera,Tenebrionidae,Hegeter,politus,Asynaptic,Male,XY,20
Animalia|Insecta|Coleoptera|Tenebrionidae|Hegeter|tenuipunctatus,Animalia,Insecta,Coleoptera,Tenebrionidae,Hegeter,tenuipunctatus,Asynaptic,Male,XY,20
Animalia|Insecta|Coleoptera|Tenebrionidae|Hegeter|transversus,Animalia,Insecta,Coleoptera,Tenebrionidae,Hegeter,transversus,Asynaptic,Male,XY,20
Animalia|Insecta|Coleoptera|Tenebrionidae|Hegeter|tristis,Animalia,Insecta,Coleoptera,Tenebrionidae,Hegeter,tristis,Asynaptic,Male,XY,20
Animalia|Insecta|Coleoptera|Tenebrionidae|Himatismus|fasciculatus,Animalia,Insecta,Coleoptera,Tenebrionidae,Himatismus,fasciculatus,Asynaptic,Male,XY,20
Animalia|Insecta|Coleoptera|Tenebrionidae|Hoplobrachium|asperipenne,Animalia,Insecta,Coleoptera,Tenebrionidae,Hoplobrachium,asperipenne,Asynaptic,Male,XY,22
Animalia|Insecta|Coleoptera|Tenebrionidae|Hoplobrachium|dentipes,Animalia,Insecta,Coleoptera,Tenebrionidae,Hoplobrachium,dentipes,Asynaptic,Male,XY,22
Animalia|Insecta|Coleoptera|Tenebrionidae|Hylocrinua|sp.,Animalia,Insecta,Coleoptera,Tenebrionidae,Hylocrinua,sp.,Asynaptic,Male,XY,20
Animalia|Insecta|Coleoptera|Tenebrionidae|Isocerus|balearicus,Animalia,Insecta,Coleoptera,Tenebrionidae,Isocerus,balearicus,Asynaptic,Male,XY,20
Animalia|Insecta|Coleoptera|Tenebrionidae|Isomira|quadrastriata,Animalia,Insecta,Coleoptera,Tenebrionidae,Isomira,quadrastriata,Asynaptic,Male,XY,20
Animalia|Insecta|Coleoptera|Tenebrionidae|Isomira|sp.,Animalia,Insecta,Coleoptera,Tenebrionidae,Isomira,sp.,Asynaptic,Male,XY,20
Animalia|Insecta|Coleoptera|Tenebrionidae|Isomira|variabilis,Animalia,Insecta,Coleoptera,Tenebrionidae,Isomira,variabilis,Asynaptic,Male,XY,14
Animalia|Insecta|Coleoptera|Tenebrionidae|Laena|reitteri,Animalia,Insecta,Coleoptera,Tenebrionidae,Laena,reitteri,Asynaptic,Male,XY,18
Animalia|Insecta|Coleoptera|Tenebrionidae|Latheticus|oryzae,Animalia,Insecta,Coleoptera,Tenebrionidae,Latheticus,oryzae,Asynaptic,Male,XY,20
Animalia|Insecta|Coleoptera|Tenebrionidae|Leptonychus|curvicornis,Animalia,Insecta,Coleoptera,Tenebrionidae,Leptonychus,curvicornis,Asynaptic,Male,XY,20
Animalia|Insecta|Coleoptera|Tenebrionidae|Melanochrus|blairi,Animalia,Insecta,Coleoptera,Tenebrionidae,Melanochrus,blairi,Asynaptic,Male,XY,20
Animalia|Insecta|Coleoptera|Tenebrionidae|Melanochrus|lacordairei,Animalia,Insecta,Coleoptera,Tenebrionidae,Melanochrus,lacordairei,Asynaptic,Male,XY,20
Animalia|Insecta|Coleoptera|Tenebrionidae|Mesostema|angustata,Animalia,Insecta,Coleoptera,Tenebrionidae,Mesostema,angustata,Asynaptic,Male,XY,20
Animalia|Insecta|Coleoptera|Tenebrionidae|Mesostema|lineatopunctata,Animalia,Insecta,Coleoptera,Tenebrionidae,Mesostema,lineatopunctata,Asynaptic,Male,XY,20
Animalia|Insecta|Coleoptera|Tenebrionidae|Misolampus|goudoti,Animalia,Insecta,Coleoptera,Tenebrionidae,Misolampus,goudoti,Asynaptic,Male,XY,20
Animalia|Insecta|Coleoptera|Tenebrionidae|Misolampus|subglaber,Animalia,Insecta,Coleoptera,Tenebrionidae,Misolampus,subglaber,Asynaptic,Male,XY,20
Animalia|Insecta|Coleoptera|Tenebrionidae|Nalassus|bozdagus,Animalia,Insecta,Coleoptera,Tenebrionidae,Nalassus,bozdagus,Asynaptic,Male,XY,20
Animalia|Insecta|Coleoptera|Tenebrionidae|Nalassus|plebejus,Animalia,Insecta,Coleoptera,Tenebrionidae,Nalassus,plebejus,Asynaptic,Male,XY,20
Animalia|Insecta|Coleoptera|Tenebrionidae|Nesotes|conformis,Animalia,Insecta,Coleoptera,Tenebrionidae,Nesotes,conformis,Asynaptic,Male,XY,20
Animalia|Insecta|Coleoptera|Tenebrionidae|Nesotes|gomerensis,Animalia,Insecta,Coleoptera,Tenebrionidae,Nesotes,gomerensis,Asynaptic,Male,XY,20
Animalia|Insecta|Coleoptera|Tenebrionidae|Nesotes|picescens,Animalia,Insecta,Coleoptera,Tenebrionidae,Nesotes,picescens,Asynaptic,Male,XY,20
Animalia|Insecta|Coleoptera|Tenebrionidae|Nesotes|porrectus,Animalia,Insecta,Coleoptera,Tenebrionidae,Nesotes,porrectus,Asynaptic,Male,XY,20
Animalia|Insecta|Coleoptera|Tenebrionidae|Nesotes|viridicollis,Animalia,Insecta,Coleoptera,Tenebrionidae,Nesotes,viridicollis,Asynaptic,Male,XY,20
Animalia|Insecta|Coleoptera|Tenebrionidae|Nyctelia|rugosa,Animalia,Insecta,Coleoptera,Tenebrionidae,Nyctelia,rugosa,Asynaptic,Male,XY,18
Animalia|Insecta|Coleoptera|Tenebrionidae|Nyctelia|sp.,Animalia,Insecta,Coleoptera,Tenebrionidae,Nyctelia,sp.,Asynaptic,Male,XY,18
Animalia|Insecta|Coleoptera|Tenebrionidae|Opatrinus|aciculatus,Animalia,Insecta,Coleoptera,Tenebrionidae,Opatrinus,aciculatus,Asynaptic,Male,XY,20
Animalia|Insecta|Coleoptera|Tenebrionidae|Opatrinus|validus,Animalia,Insecta,Coleoptera,Tenebrionidae,Opatrinus,validus,Asynaptic,Male,XY,20
Animalia|Insecta|Coleoptera|Tenebrionidae|Opatroides|vicinus,Animalia,Insecta,Coleoptera,Tenebrionidae,Opatroides,vicinus,Asynaptic,Male,XY,20
Animalia|Insecta|Coleoptera|Tenebrionidae|Oxycara|mellyi,Animalia,Insecta,Coleoptera,Tenebrionidae,Oxycara,mellyi,Asynaptic,Male,XY,20
Animalia|Insecta|Coleoptera|Tenebrionidae|Oxycarops|fuscipes,Animalia,Insecta,Coleoptera,Tenebrionidae,Oxycarops,fuscipes,Asynaptic,Male,XY,22
Animalia|Insecta|Coleoptera|Tenebrionidae|Pachycera|buprestroides,Animalia,Insecta,Coleoptera,Tenebrionidae,Pachycera,buprestroides,Asynaptic,Male,XY,20
Animalia|Insecta|Coleoptera|Tenebrionidae|Pachychila|dejeani,Animalia,Insecta,Coleoptera,Tenebrionidae,Pachychila,dejeani,Asynaptic,Male,XY,20
Animalia|Insecta|Coleoptera|Tenebrionidae|Pachychila|frioli,Animalia,Insecta,Coleoptera,Tenebrionidae,Pachychila,frioli,Asynaptic,Male,XY,20
Animalia|Insecta|Coleoptera|Tenebrionidae|Pachychila|germari,Animalia,Insecta,Coleoptera,Tenebrionidae,Pachychila,germari,Asynaptic,Male,XY,20
Animalia|Insecta|Coleoptera|Tenebrionidae|Pachychila|subluta,Animalia,Insecta,Coleoptera,Tenebrionidae,Pachychila,subluta,Asynaptic,Male,XY,20
Animalia|Insecta|Coleoptera|Tenebrionidae|Pachyscelis|musiva,Animalia,Insecta,Coleoptera,Tenebrionidae,Pachyscelis,musiva,Asynaptic,Male,XY,18
Animalia|Insecta|Coleoptera|Tenebrionidae|Paivaea|hispida,Animalia,Insecta,Coleoptera,Tenebrionidae,Paivaea,hispida,Asynaptic,Male,XY,20
Animalia|Insecta|Coleoptera|Tenebrionidae|Palembus|dermestoides,Animalia,Insecta,Coleoptera,Tenebrionidae,Palembus,dermestoides,Asynaptic,Male,XY,20
Animalia|Insecta|Coleoptera|Tenebrionidae|Palorus|subdepressus,Animalia,Insecta,Coleoptera,Tenebrionidae,Palorus,subdepressus,Asynaptic,Male,XY,20
Animalia|Insecta|Coleoptera|Tenebrionidae|Phaleria|acumita,Animalia,Insecta,Coleoptera,Tenebrionidae,Phaleria,acumita,Asynaptic,Male,XY,20
Animalia|Insecta|Coleoptera|Tenebrionidae|Phaleria|variabilis,Animalia,Insecta,Coleoptera,Tenebrionidae,Phaleria,variabilis,Asynaptic,Male,XY,20
Animalia|Insecta|Coleoptera|Tenebrionidae|Phylan|abbreviatus,Animalia,Insecta,Coleoptera,Tenebrionidae,Phylan,abbreviatus,Asynaptic,Male,XY,20
Animalia|Insecta|Coleoptera|Tenebrionidae|Phylan|gibbulus,Animalia,Insecta,Coleoptera,Tenebrionidae,Phylan,gibbulus,Asynaptic,Male,XY,20
Animalia|Insecta|Coleoptera|Tenebrionidae|Phylan|mediterraneus,Animalia,Insecta,Coleoptera,Tenebrionidae,Phylan,mediterraneus,Asynaptic,Male,XY,20
Animalia|Insecta|Coleoptera|Tenebrionidae|Phylan|nitidicollis,Animalia,Insecta,Coleoptera,Tenebrionidae,Phylan,nitidicollis,Asynaptic,Male,XY,26
Animalia|Insecta|Coleoptera|Tenebrionidae|Phylan|obesus,Animalia,Insecta,Coleoptera,Tenebrionidae,Phylan,obesus,Asynaptic,Male,XY,20
Animalia|Insecta|Coleoptera|Tenebrionidae|Phylan|semicostatus,Animalia,Insecta,Coleoptera,Tenebrionidae,Phylan,semicostatus,Asynaptic,Male,XY,26
Animalia|Insecta|Coleoptera|Tenebrionidae|Pimelia|angulata,Animalia,Insecta,Coleoptera,Tenebrionidae,Pimelia,angulata,Asynaptic,Male,XY,18
Animalia|Insecta|Coleoptera|Tenebrionidae|Pimelia|aracea,Animalia,Insecta,Coleoptera,Tenebrionidae,Pimelia,aracea,Asynaptic,Male,XY,18
Animalia|Insecta|Coleoptera|Tenebrionidae|Pimelia|ascendens,Animalia,Insecta,Coleoptera,Tenebrionidae,Pimelia,ascendens,Asynaptic,Male,XY,18
Animalia|Insecta|Coleoptera|Tenebrionidae|Pimelia|atlantis,Animalia,Insecta,Coleoptera,Tenebrionidae,Pimelia,atlantis,Asynaptic,Male,XY,18
Animalia|Insecta|Coleoptera|Tenebrionidae|Pimelia|baetica,Animalia,Insecta,Coleoptera,Tenebrionidae,Pimelia,baetica,Asynaptic,Male,XY,18
Animalia|Insecta|Coleoptera|Tenebrionidae|Pimelia|bipunctata,Animalia,Insecta,Coleoptera,Tenebrionidae,Pimelia,bipunctata,Asynaptic,Male,XY,18
Animalia|Insecta|Coleoptera|Tenebrionidae|Pimelia|boyeri,Animalia,Insecta,Coleoptera,Tenebrionidae,Pimelia,boyeri,Asynaptic,Male,XY,18
Animalia|Insecta|Coleoptera|Tenebrionidae|Pimelia|capito,Animalia,Insecta,Coleoptera,Tenebrionidae,Pimelia,capito,Asynaptic,Male,XY,18
Animalia|Insecta|Coleoptera|Tenebrionidae|Pimelia|cariensis,Animalia,Insecta,Coleoptera,Tenebrionidae,Pimelia,cariensis,Asynaptic,Male,XY,18
Animalia|Insecta|Coleoptera|Tenebrionidae|Pimelia|cephalenica,Animalia,Insecta,Coleoptera,Tenebrionidae,Pimelia,cephalenica,Asynaptic,Male,XY,18
Animalia|Insecta|Coleoptera|Tenebrionidae|Pimelia|costata,Animalia,Insecta,Coleoptera,Tenebrionidae,Pimelia,costata,Asynaptic,Male,XY,18
Animalia|Insecta|Coleoptera|Tenebrionidae|Pimelia|cribra,Animalia,Insecta,Coleoptera,Tenebrionidae,Pimelia,cribra,Asynaptic,Male,XY,20
Animalia|Insecta|Coleoptera|Tenebrionidae|Pimelia|echid,Animalia,Insecta,Coleoptera,Tenebrionidae,Pimelia,echid,Asynaptic,Male,XY,18
Animalia|Insecta|Coleoptera|Tenebrionidae|Pimelia|elevata,Animalia,Insecta,Coleoptera,Tenebrionidae,Pimelia,elevata,Asynaptic,Male,XY,20
Animalia|Insecta|Coleoptera|Tenebrionidae|Pimelia|estevezi,Animalia,Insecta,Coleoptera,Tenebrionidae,Pimelia,estevezi,Asynaptic,Male,XY,18
Animalia|Insecta|Coleoptera|Tenebrionidae|Pimelia|ferndez-lopezi,Animalia,Insecta,Coleoptera,Tenebrionidae,Pimelia,ferndez-lopezi,Asynaptic,Male,XY,18
Animalia|Insecta|Coleoptera|Tenebrionidae|Pimelia|fornicata,Animalia,Insecta,Coleoptera,Tenebrionidae,Pimelia,fornicata,Asynaptic,Male,XY,18
Animalia|Insecta|Coleoptera|Tenebrionidae|Pimelia|grandis,Animalia,Insecta,Coleoptera,Tenebrionidae,Pimelia,grandis,Asynaptic,Male,XY,20
Animalia|Insecta|Coleoptera|Tenebrionidae|Pimelia|granulicollis,Animalia,Insecta,Coleoptera,Tenebrionidae,Pimelia,granulicollis,Asynaptic,Male,XY,18
Animalia|Insecta|Coleoptera|Tenebrionidae|Pimelia|grossa,Animalia,Insecta,Coleoptera,Tenebrionidae,Pimelia,grossa,Asynaptic,Male,XY,18
Animalia|Insecta|Coleoptera|Tenebrionidae|Pimelia|inexpectata,Animalia,Insecta,Coleoptera,Tenebrionidae,Pimelia,inexpectata,Asynaptic,Male,XY,18
Animalia|Insecta|Coleoptera|Tenebrionidae|Pimelia|integra,Animalia,Insecta,Coleoptera,Tenebrionidae,Pimelia,integra,Asynaptic,Male,XY,18
Animalia|Insecta|Coleoptera|Tenebrionidae|Pimelia|interjecta,Animalia,Insecta,Coleoptera,Tenebrionidae,Pimelia,interjecta,Asynaptic,Male,XY,20
Animalia|Insecta|Coleoptera|Tenebrionidae|Pimelia|interstitialis,Animalia,Insecta,Coleoptera,Tenebrionidae,Pimelia,interstitialis,Asynaptic,Male,XY,18
Animalia|Insecta|Coleoptera|Tenebrionidae|Pimelia|laevigata,Animalia,Insecta,Coleoptera,Tenebrionidae,Pimelia,laevigata,Asynaptic,Male,XY,18
Animalia|Insecta|Coleoptera|Tenebrionidae|Pimelia|lutaria,Animalia,Insecta,Coleoptera,Tenebrionidae,Pimelia,lutaria,Asynaptic,Male,XY,18
Animalia|Insecta|Coleoptera|Tenebrionidae|Pimelia|maura,Animalia,Insecta,Coleoptera,Tenebrionidae,Pimelia,maura,Asynaptic,Male,XY,18
Animalia|Insecta|Coleoptera|Tenebrionidae|Pimelia|mauritanica,Animalia,Insecta,Coleoptera,Tenebrionidae,Pimelia,mauritanica,Asynaptic,Male,XY,18
Animalia|Insecta|Coleoptera|Tenebrionidae|Pimelia|modesta,Animalia,Insecta,Coleoptera,Tenebrionidae,Pimelia,modesta,Asynaptic,Male,XY,18
Animalia|Insecta|Coleoptera|Tenebrionidae|Pimelia|monticola,Animalia,Insecta,Coleoptera,Tenebrionidae,Pimelia,monticola,Asynaptic,Male,XY,18
Animalia|Insecta|Coleoptera|Tenebrionidae|Pimelia|radula,Animalia,Insecta,Coleoptera,Tenebrionidae,Pimelia,radula,Asynaptic,Male,XY,18
Animalia|Insecta|Coleoptera|Tenebrionidae|Pimelia|rugosa,Animalia,Insecta,Coleoptera,Tenebrionidae,Pimelia,rugosa,Asynaptic,Male,XY,18
Animalia|Insecta|Coleoptera|Tenebrionidae|Pimelia|scabricollis,Animalia,Insecta,Coleoptera,Tenebrionidae,Pimelia,scabricollis,Asynaptic,Male,XY,18
Animalia|Insecta|Coleoptera|Tenebrionidae|Pimelia|scabrosa,Animalia,Insecta,Coleoptera,Tenebrionidae,Pimelia,scabrosa,Asynaptic,Male,XY,18
Animalia|Insecta|Coleoptera|Tenebrionidae|Pimelia|sericella,Animalia,Insecta,Coleoptera,Tenebrionidae,Pimelia,sericella,Asynaptic,Male,XY,18
Animalia|Insecta|Coleoptera|Tenebrionidae|Pimelia|servilei,Animalia,Insecta,Coleoptera,Tenebrionidae,Pimelia,servilei,Asynaptic,Male,XY,18
Animalia|Insecta|Coleoptera|Tenebrionidae|Pimelia|sparsa,Animalia,Insecta,Coleoptera,Tenebrionidae,Pimelia,sparsa,Asynaptic,Male,XY,18
Animalia|Insecta|Coleoptera|Tenebrionidae|Pimelia|subquadrata,Animalia,Insecta,Coleoptera,Tenebrionidae,Pimelia,subquadrata,Asynaptic,Male,XY,18
Animalia|Insecta|Coleoptera|Tenebrionidae|Pimelia|variolosa,Animalia,Insecta,Coleoptera,Tenebrionidae,Pimelia,variolosa,Asynaptic,Male,XY,18
Animalia|Insecta|Coleoptera|Tenebrionidae|Platydema|impressifrons,Animalia,Insecta,Coleoptera,Tenebrionidae,Platydema,impressifrons,Asynaptic,Male,XY,20
Animalia|Insecta|Coleoptera|Tenebrionidae|Platynotus|excavatus,Animalia,Insecta,Coleoptera,Tenebrionidae,Platynotus,excavatus,Asynaptic,Male,XY,20
Animalia|Insecta|Coleoptera|Tenebrionidae|Platynotus|punctatipennis,Animalia,Insecta,Coleoptera,Tenebrionidae,Platynotus,punctatipennis,Asynaptic,Male,XY,20
Animalia|Insecta|Coleoptera|Tenebrionidae|Praocis|compacta,Animalia,Insecta,Coleoptera,Tenebrionidae,Praocis,compacta,Asynaptic,Male,XY,20
Animalia|Insecta|Coleoptera|Tenebrionidae|Probaticus|ebeninus,Animalia,Insecta,Coleoptera,Tenebrionidae,Probaticus,ebeninus,Asynaptic,Male,XY,20
Animalia|Insecta|Coleoptera|Tenebrionidae|Pseudoblaps|meteeyi,Animalia,Insecta,Coleoptera,Tenebrionidae,Pseudoblaps,meteeyi,Asynaptic,Male,XY,20
Animalia|Insecta|Coleoptera|Tenebrionidae|Pseudolamus|seriatoporus,Animalia,Insecta,Coleoptera,Tenebrionidae,Pseudolamus,seriatoporus,Asynaptic,Male,XY,20
Animalia|Insecta|Coleoptera|Tenebrionidae|Rhytinota|sp.,Animalia,Insecta,Coleoptera,Tenebrionidae,Rhytinota,sp.,Asynaptic,Male,XY,20
Animalia|Insecta|Coleoptera|Tenebrionidae|Scleron|ganutipenne,Animalia,Insecta,Coleoptera,Tenebrionidae,Scleron,ganutipenne,Asynaptic,Male,XY,22
Animalia|Insecta|Coleoptera|Tenebrionidae|Scleron|reitteri,Animalia,Insecta,Coleoptera,Tenebrionidae,Scleron,reitteri,Asynaptic,Male,XY,22
Animalia|Insecta|Coleoptera|Tenebrionidae|Scleron|sp.,Animalia,Insecta,Coleoptera,Tenebrionidae,Scleron,sp.,Asynaptic,Male,XY,22
Animalia|Insecta|Coleoptera|Tenebrionidae|Scotobius|miliaris,Animalia,Insecta,Coleoptera,Tenebrionidae,Scotobius,miliaris,Asynaptic,Male,XY,14
Animalia|Insecta|Coleoptera|Tenebrionidae|Scotobius|muricatus,Animalia,Insecta,Coleoptera,Tenebrionidae,Scotobius,muricatus,Asynaptic,Male,XY,18
Animalia|Insecta|Coleoptera|Tenebrionidae|Sitonaphagus|holoeptoides,Animalia,Insecta,Coleoptera,Tenebrionidae,Sitonaphagus,holoeptoides,Asynaptic,Male,XY,20
Animalia|Insecta|Coleoptera|Tenebrionidae|Sphaenariopsis|impolita,Animalia,Insecta,Coleoptera,Tenebrionidae,Sphaenariopsis,impolita,Asynaptic,Male,XY,20
Animalia|Insecta|Coleoptera|Tenebrionidae|Sphaenariopsis|tristis,Animalia,Insecta,Coleoptera,Tenebrionidae,Sphaenariopsis,tristis,Asynaptic,Male,XY,20
Animalia|Insecta|Coleoptera|Tenebrionidae|Spyrathus|sp.,Animalia,Insecta,Coleoptera,Tenebrionidae,Spyrathus,sp.,Asynaptic,Male,XY,20
Animalia|Insecta|Coleoptera|Tenebrionidae|Stenosis|intricata,Animalia,Insecta,Coleoptera,Tenebrionidae,Stenosis,intricata,Asynaptic,Male,XY,20
Animalia|Insecta|Coleoptera|Tenebrionidae|Tenebrio|molitor,Animalia,Insecta,Coleoptera,Tenebrionidae,Tenebrio,molitor,Asynaptic,Male,XY,20
Animalia|Insecta|Coleoptera|Tenebrionidae|Tenebrio|obscurus,Animalia,Insecta,Coleoptera,Tenebrionidae,Tenebrio,obscurus,Asynaptic,Male,XY,20
Animalia|Insecta|Coleoptera|Tenebrionidae|Tenebrio|picipes,Animalia,Insecta,Coleoptera,Tenebrionidae,Tenebrio,picipes,Asynaptic,Male,XY,20
Animalia|Insecta|Coleoptera|Tenebrionidae|Tentyria|grossa,Animalia,Insecta,Coleoptera,Tenebrionidae,Tentyria,grossa,Asynaptic,Male,XY,20
Animalia|Insecta|Coleoptera|Tenebrionidae|Tentyria|laevis,Animalia,Insecta,Coleoptera,Tenebrionidae,Tentyria,laevis,Asynaptic,Male,XY,20
Animalia|Insecta|Coleoptera|Tenebrionidae|Tentyria|latreillei,Animalia,Insecta,Coleoptera,Tenebrionidae,Tentyria,latreillei,Asynaptic,Male,XY,20
Animalia|Insecta|Coleoptera|Tenebrionidae|Tentyria|mucrota,Animalia,Insecta,Coleoptera,Tenebrionidae,Tentyria,mucrota,Asynaptic,Male,XY,20
Animalia|Insecta|Coleoptera|Tenebrionidae|Tentyria|ophiusae,Animalia,Insecta,Coleoptera,Tenebrionidae,Tentyria,ophiusae,Asynaptic,Male,XY,20
Animalia|Insecta|Coleoptera|Tenebrionidae|Tentyria|rotunda,Animalia,Insecta,Coleoptera,Tenebrionidae,Tentyria,rotunda,Asynaptic,Male,XY,20
Animalia|Insecta|Coleoptera|Tenebrionidae|Tentyria|schaumi,Animalia,Insecta,Coleoptera,Tenebrionidae,Tentyria,schaumi,Asynaptic,Male,XY,20
Animalia|Insecta|Coleoptera|Tenebrionidae|Tentyria|subcosta,Animalia,Insecta,Coleoptera,Tenebrionidae,Tentyria,subcosta,Asynaptic,Male,XY,20
Animalia|Insecta|Coleoptera|Tenebrionidae|Trachycelis|aphodiodes,Animalia,Insecta,Coleoptera,Tenebrionidae,Trachycelis,aphodiodes,Asynaptic,Male,XY,22
Animalia|Insecta|Coleoptera|Tenebrionidae|Tribolium|audax,Animalia,Insecta,Coleoptera,Tenebrionidae,Tribolium,audax,Asynaptic,Male,XY,20
Animalia|Insecta|Coleoptera|Tenebrionidae|Tribolium|castaneum,Animalia,Insecta,Coleoptera,Tenebrionidae,Tribolium,castaneum,Asynaptic,Male,XY,20
Animalia|Insecta|Coleoptera|Tenebrionidae|Tribolium|freemani,Animalia,Insecta,Coleoptera,Tenebrionidae,Tribolium,freemani,Asynaptic,Male,XY,20
Animalia|Insecta|Coleoptera|Tenebrionidae|Uloma|impressicollis,Animalia,Insecta,Coleoptera,Tenebrionidae,Uloma,impressicollis,Asynaptic,Male,XY,20
Animalia|Insecta|Coleoptera|Tenebrionidae|Upis|ceramboides,Animalia,Insecta,Coleoptera,Tenebrionidae,Upis,ceramboides,Asynaptic,Male,XY,20
Animalia|Insecta|Coleoptera|Tenebrionidae|Uyttenboogaartia|punctipennis,Animalia,Insecta,Coleoptera,Tenebrionidae,Uyttenboogaartia,punctipennis,Asynaptic,Male,XY,20
Animalia|Insecta|Coleoptera|Tenebrionidae|Zophobas|aff.,Animalia,Insecta,Coleoptera,Tenebrionidae,Zophobas,aff.,Asynaptic,Male,XY,20
Animalia|Insecta|Coleoptera|Tenebrionidae|Zophosis|bicarinata,Animalia,Insecta,Coleoptera,Tenebrionidae,Zophosis,bicarinata,Asynaptic,Male,XY,20
Animalia|Insecta|Coleoptera|Torridincolidae|Ytu|zeus,Animalia,Insecta,Coleoptera,Torridincolidae,Ytu,zeus,Asynaptic,Male,XY,20
Animalia|Insecta|Coleoptera|Trogidae|Trox|borrei,Animalia,Insecta,Coleoptera,Trogidae,Trox,borrei,Asynaptic,Male,XY,20
Animalia|Insecta|Coleoptera|Trogidae|Trox|costatus,Animalia,Insecta,Coleoptera,Trogidae,Trox,costatus,Asynaptic,Male,XY,20
Animalia|Insecta|Coleoptera|Trogidae|Trox|foveicollis,Animalia,Insecta,Coleoptera,Trogidae,Trox,foveicollis,Asynaptic,Male,XY,20
Animalia|Insecta|Coleoptera|Trogidae|Trox|granulatus,Animalia,Insecta,Coleoptera,Trogidae,Trox,granulatus,Asynaptic,Male,XY,20
Animalia|Insecta|Coleoptera|Trogidae|Trox|mochus,Animalia,Insecta,Coleoptera,Trogidae,Trox,mochus,Asynaptic,Male,XY,20
Animalia|Insecta|Coleoptera|Trogidae|Trox|omacanthus,Animalia,Insecta,Coleoptera,Trogidae,Trox,omacanthus,Asynaptic,Male,XY,20
Animalia|Insecta|Coleoptera|Trogidae|Trox|oricensis,Animalia,Insecta,Coleoptera,Trogidae,Trox,oricensis,Asynaptic,Male,XY,20
Animalia|Insecta|Coleoptera|Trogidae|Trox|punctatus,Animalia,Insecta,Coleoptera,Trogidae,Trox,punctatus,Asynaptic,Male,XY,20
Animalia|Insecta|Coleoptera|Trogidae|Trox|scaber,Animalia,Insecta,Coleoptera,Trogidae,Trox,scaber,Asynaptic,Male,XY,20
Animalia|Insecta|Coleoptera|Trogidae|Trox|scutellaris,Animalia,Insecta,Coleoptera,Trogidae,Trox,scutellaris,Asynaptic,Male,XY,20
Animalia|Insecta|Coleoptera|Trogidae|Trox|spinulosus,Animalia,Insecta,Coleoptera,Trogidae,Trox,spinulosus,Asynaptic,Male,XY,20
Animalia|Insecta|Coleoptera|Trogossitidae|Lophoceters|pusillus,Animalia,Insecta,Coleoptera,Trogossitidae,Lophoceters,pusillus,Asynaptic,Male,XY,18
Animalia|Insecta|Coleoptera|Trogossitidae|Tenebroides|mauritanicus,Animalia,Insecta,Coleoptera,Trogossitidae,Tenebroides,mauritanicus,Asynaptic,Male,XY,24
Animalia|Insecta|Diptera|Agromyzidae|Amauromyza|flavifrons,Animalia,Insecta,Diptera,Agromyzidae,Amauromyza,flavifrons,Achiasmatic,Male,XY,6
Animalia|Insecta|Diptera|Agromyzidae|Amauromyza|verbasci,Animalia,Insecta,Diptera,Agromyzidae,Amauromyza,verbasci,Achiasmatic,Male,XY,6
Animalia|Insecta|Diptera|Agromyzidae|Cerodontha|angulata,Animalia,Insecta,Diptera,Agromyzidae,Cerodontha,angulata,Achiasmatic,Male,XY,6
Animalia|Insecta|Diptera|Agromyzidae|Cerodontha|eucaricis,Animalia,Insecta,Diptera,Agromyzidae,Cerodontha,eucaricis,Achiasmatic,Male,XY,12
Animalia|Insecta|Diptera|Agromyzidae|Cerodontha|ireos,Animalia,Insecta,Diptera,Agromyzidae,Cerodontha,ireos,Achiasmatic,Male,XY,12
Animalia|Insecta|Diptera|Agromyzidae|Cerodontha|pseuderrans,Animalia,Insecta,Diptera,Agromyzidae,Cerodontha,pseuderrans,Achiasmatic,Male,XY,12
Animalia|Insecta|Diptera|Agromyzidae|Cerodontha|scirpi,Animalia,Insecta,Diptera,Agromyzidae,Cerodontha,scirpi,Achiasmatic,Male,XY,12
Animalia|Insecta|Diptera|Agromyzidae|Cerodontha|spinata,Animalia,Insecta,Diptera,Agromyzidae,Cerodontha,spinata,Achiasmatic,Male,XY,12
Animalia|Insecta|Diptera|Agromyzidae|Cerodontha|vignae,Animalia,Insecta,Diptera,Agromyzidae,Cerodontha,vignae,Achiasmatic,Male,XY,12
Animalia|Insecta|Diptera|Agromyzidae|Melanagromyza|obtusa,Animalia,Insecta,Diptera,Agromyzidae,Melanagromyza,obtusa,Achiasmatic,Male,XY,12
Animalia|Insecta|Diptera|Agromyzidae|Phytomyza|abdominalis,Animalia,Insecta,Diptera,Agromyzidae,Phytomyza,abdominalis,Achiasmatic,Male,NA,10
Animalia|Insecta|Diptera|Agromyzidae|Phytomyza|crassiseta,Animalia,Insecta,Diptera,Agromyzidae,Phytomyza,crassiseta,Achiasmatic,Male,XY,18
Animalia|Insecta|Diptera|Agromyzidae|Phytomyza|ilicis,Animalia,Insecta,Diptera,Agromyzidae,Phytomyza,ilicis,Achiasmatic,Male,XY,12
Animalia|Insecta|Diptera|Agromyzidae|Phytomyza|primulae,Animalia,Insecta,Diptera,Agromyzidae,Phytomyza,primulae,Achiasmatic,Male,XY,12
Animalia|Insecta|Diptera|Anisopodidae|Mycetobia|pallipes,Animalia,Insecta,Diptera,Anisopodidae,Mycetobia,pallipes,Achiasmatic,Male,XY,6
Animalia|Insecta|Diptera|Anisopodidae|Phryne|fenestralis,Animalia,Insecta,Diptera,Anisopodidae,Phryne,fenestralis,Achiasmatic,Male,XY,8
Animalia|Insecta|Diptera|Anthomyiidae|Achaetella|varipes,Animalia,Insecta,Diptera,Anthomyiidae,Achaetella,varipes,Achiasmatic,Male,XY,12
Animalia|Insecta|Diptera|Anthomyiidae|Cordilura|ciliata,Animalia,Insecta,Diptera,Anthomyiidae,Cordilura,ciliata,Achiasmatic,Male,XY,12
Animalia|Insecta|Diptera|Anthomyiidae|Cordilura|ontario,Animalia,Insecta,Diptera,Anthomyiidae,Cordilura,ontario,Achiasmatic,Male,XY,12
Animalia|Insecta|Diptera|Anthomyiidae|Fucellia|marina,Animalia,Insecta,Diptera,Anthomyiidae,Fucellia,marina,Achiasmatic,Male,XY,12
Animalia|Insecta|Diptera|Anthomyiidae|Homalomya|sp,Animalia,Insecta,Diptera,Anthomyiidae,Homalomya,sp,Achiasmatic,Male,XY,12
Animalia|Insecta|Diptera|Anthomyiidae|Hydrophoria|conica,Animalia,Insecta,Diptera,Anthomyiidae,Hydrophoria,conica,Achiasmatic,Male,XY,12
Animalia|Insecta|Diptera|Anthomyiidae|Hylemya|antiqua,Animalia,Insecta,Diptera,Anthomyiidae,Hylemya,antiqua,Achiasmatic,Male,XY,12
Animalia|Insecta|Diptera|Anthomyiidae|Hylemya|brassicae,Animalia,Insecta,Diptera,Anthomyiidae,Hylemya,brassicae,Achiasmatic,Male,XY,12
Animalia|Insecta|Diptera|Anthomyiidae|Hylemya|cana,Animalia,Insecta,Diptera,Anthomyiidae,Hylemya,cana,Achiasmatic,Male,XY,12
Animalia|Insecta|Diptera|Anthomyiidae|Hylemya|cilicrura,Animalia,Insecta,Diptera,Anthomyiidae,Hylemya,cilicrura,Achiasmatic,Male,XY,12
Animalia|Insecta|Diptera|Anthomyiidae|Hylemya|crucifera,Animalia,Insecta,Diptera,Anthomyiidae,Hylemya,crucifera,Achiasmatic,Male,XY,12
Animalia|Insecta|Diptera|Anthomyiidae|Hylemya|echinata,Animalia,Insecta,Diptera,Anthomyiidae,Hylemya,echinata,Achiasmatic,Male,XY,12
Animalia|Insecta|Diptera|Anthomyiidae|Hylemya|floralis,Animalia,Insecta,Diptera,Anthomyiidae,Hylemya,floralis,Achiasmatic,Male,XY,12
Animalia|Insecta|Diptera|Anthomyiidae|Hylemya|florilegea,Animalia,Insecta,Diptera,Anthomyiidae,Hylemya,florilegea,Achiasmatic,Male,XY,12
Animalia|Insecta|Diptera|Anthomyiidae|Hylemya|fugax,Animalia,Insecta,Diptera,Anthomyiidae,Hylemya,fugax,Achiasmatic,Male,NA,14
Animalia|Insecta|Diptera|Anthomyiidae|Hylemya|planipalpus,Animalia,Insecta,Diptera,Anthomyiidae,Hylemya,planipalpus,Achiasmatic,Male,XY,12
Animalia|Insecta|Diptera|Anthomyiidae|Hylemya|trichodactula,Animalia,Insecta,Diptera,Anthomyiidae,Hylemya,trichodactula,Achiasmatic,Male,XY,12
Animalia|Insecta|Diptera|Anthomyiidae|Ophyra|leucostoma,Animalia,Insecta,Diptera,Anthomyiidae,Ophyra,leucostoma,Achiasmatic,Male,XY,12
Animalia|Insecta|Diptera|Anthomyiidae|Orthochaeta|hirtipes,Animalia,Insecta,Diptera,Anthomyiidae,Orthochaeta,hirtipes,Achiasmatic,Male,XY,12
Animalia|Insecta|Diptera|Anthomyiidae|Pegomya|betae,Animalia,Insecta,Diptera,Anthomyiidae,Pegomya,betae,Achiasmatic,Male,XY,12
Animalia|Insecta|Diptera|Anthomyiidae|Pegomya|bicolor,Animalia,Insecta,Diptera,Anthomyiidae,Pegomya,bicolor,Achiasmatic,Male,XY,12
Animalia|Insecta|Diptera|Anthomyiidae|Pegomyia|geniculata,Animalia,Insecta,Diptera,Anthomyiidae,Pegomyia,geniculata,Achiasmatic,Male,XY,12
Animalia|Insecta|Diptera|Anthomyiidae|Phorbia|brassica,Animalia,Insecta,Diptera,Anthomyiidae,Phorbia,brassica,Achiasmatic,Male,XY,12
Animalia|Insecta|Diptera|Anthomyiidae|Scatophaga|pallida,Animalia,Insecta,Diptera,Anthomyiidae,Scatophaga,pallida,Achiasmatic,Male,XY,12
Animalia|Insecta|Diptera|Anthomyiidae|Scatophaga|stercoraria,Animalia,Insecta,Diptera,Anthomyiidae,Scatophaga,stercoraria,Achiasmatic,Male,XY,12
Animalia|Insecta|Diptera|Asilidae|Asilus|lecythus,Animalia,Insecta,Diptera,Asilidae,Asilus,lecythus,Achiasmatic,Male,XY,14
Animalia|Insecta|Diptera|Asilidae|Asilus|notatus,Animalia,Insecta,Diptera,Asilidae,Asilus,notatus,Achiasmatic,Male,XY,14
Animalia|Insecta|Diptera|Asilidae|Asilus|sericeus,Animalia,Insecta,Diptera,Asilidae,Asilus,sericeus,Achiasmatic,Male,XY,10
Animalia|Insecta|Diptera|Asilidae|Dasyllis|grossa,Animalia,Insecta,Diptera,Asilidae,Dasyllis,grossa,Achiasmatic,Male,XO,10
Animalia|Insecta|Diptera|Asilidae|Dasyllis|thoracica,Animalia,Insecta,Diptera,Asilidae,Dasyllis,thoracica,Achiasmatic,Male,XY,10
Animalia|Insecta|Diptera|Asilidae|Deromyia|winthemi,Animalia,Insecta,Diptera,Asilidae,Deromyia,winthemi,Achiasmatic,Male,XY,12
Animalia|Insecta|Diptera|Asilidae|Erax|rufibarbis,Animalia,Insecta,Diptera,Asilidae,Erax,rufibarbis,Achiasmatic,Male,XY,10
Animalia|Insecta|Diptera|Asilidae|Leptogaster|badius,Animalia,Insecta,Diptera,Asilidae,Leptogaster,badius,Achiasmatic,Male,XY,10
Animalia|Insecta|Diptera|Bibionidae|Bibio|hortulanus,Animalia,Insecta,Diptera,Bibionidae,Bibio,hortulanus,Achiasmatic,Male,NA,10
Animalia|Insecta|Diptera|Bibionidae|Penthetria|holosericea,Animalia,Insecta,Diptera,Bibionidae,Penthetria,holosericea,Achiasmatic,Male,XY,10
Animalia|Insecta|Diptera|Bombyliidae|Acrophthalmyda|paulseni,Animalia,Insecta,Diptera,Bombyliidae,Acrophthalmyda,paulseni,Achiasmatic,Male,NA,12
Animalia|Insecta|Diptera|Bombyliidae|Anthrax|anthrax,Animalia,Insecta,Diptera,Bombyliidae,Anthrax,anthrax,Achiasmatic,Male,NA,16
Animalia|Insecta|Diptera|Bombyliidae|Anthrax|cordillerensis,Animalia,Insecta,Diptera,Bombyliidae,Anthrax,cordillerensis,Achiasmatic,Male,XY,12
Animalia|Insecta|Diptera|Bombyliidae|Anthrax|lateralis,Animalia,Insecta,Diptera,Bombyliidae,Anthrax,lateralis,Achiasmatic,Male,NA,12
Animalia|Insecta|Diptera|Bombyliidae|Anthrax|mystaceus,Animalia,Insecta,Diptera,Bombyliidae,Anthrax,mystaceus,Achiasmatic,Male,NA,14
Animalia|Insecta|Diptera|Bombyliidae|Anthrax|oedipus,Animalia,Insecta,Diptera,Bombyliidae,Anthrax,oedipus,Achiasmatic,Male,XY,18
Animalia|Insecta|Diptera|Bombyliidae|Anthrax|sinuosa,Animalia,Insecta,Diptera,Bombyliidae,Anthrax,sinuosa,Achiasmatic,Male,XY,18
Animalia|Insecta|Diptera|Bombyliidae|Anthrax|tigrinus,Animalia,Insecta,Diptera,Bombyliidae,Anthrax,tigrinus,Achiasmatic,Male,NA,12
Animalia|Insecta|Diptera|Bombyliidae|Anthrax|yamashiroensis,Animalia,Insecta,Diptera,Bombyliidae,Anthrax,yamashiroensis,Achiasmatic,Male,XY,10
Animalia|Insecta|Diptera|Bombyliidae|Bombylius|fulvescens,Animalia,Insecta,Diptera,Bombyliidae,Bombylius,fulvescens,Achiasmatic,Male,NA,12
Animalia|Insecta|Diptera|Bombyliidae|Bombylius|pygmaeus,Animalia,Insecta,Diptera,Bombyliidae,Bombylius,pygmaeus,Achiasmatic,Male,XY,12
Animalia|Insecta|Diptera|Bombyliidae|Exoprosopa|atrinasis,Animalia,Insecta,Diptera,Bombyliidae,Exoprosopa,atrinasis,Achiasmatic,Male,XY,18
Animalia|Insecta|Diptera|Bombyliidae|Exoprosopa|sp.,Animalia,Insecta,Diptera,Bombyliidae,Exoprosopa,sp.,Achiasmatic,Male,XY,14
Animalia|Insecta|Diptera|Bombyliidae|Exoprosopa|sp.Punctulatagroup,Animalia,Insecta,Diptera,Bombyliidae,Exoprosopa,sp.Punctulatagroup,Achiasmatic,Male,NA,14
Animalia|Insecta|Diptera|Bombyliidae|Ligyra|cerberus,Animalia,Insecta,Diptera,Bombyliidae,Ligyra,cerberus,Achiasmatic,Male,XY,18
Animalia|Insecta|Diptera|Bombyliidae|Ligyra|proserpina,Animalia,Insecta,Diptera,Bombyliidae,Ligyra,proserpina,Achiasmatic,Male,XY,18
Animalia|Insecta|Diptera|Bombyliidae|Neodiplocampta|roederi,Animalia,Insecta,Diptera,Bombyliidae,Neodiplocampta,roederi,Achiasmatic,Male,XY,18
Animalia|Insecta|Diptera|Bombyliidae|Spogostylum|simson,Animalia,Insecta,Diptera,Bombyliidae,Spogostylum,simson,Achiasmatic,Male,NA,12
Animalia|Insecta|Diptera|Bombyliidae|Systoechus|vulgaris,Animalia,Insecta,Diptera,Bombyliidae,Systoechus,vulgaris,Achiasmatic,Male,XY,14
Animalia|Insecta|Diptera|Bombyliidae|Thyridanthrax|abrupta,Animalia,Insecta,Diptera,Bombyliidae,Thyridanthrax,abrupta,Achiasmatic,Male,NA,16
Animalia|Insecta|Diptera|Bombyliidae|Thyridanthrax|niveifrons,Animalia,Insecta,Diptera,Bombyliidae,Thyridanthrax,niveifrons,Achiasmatic,Male,XY,18
Animalia|Insecta|Diptera|Bombyliidae|Thyridanthrax|sp,Animalia,Insecta,Diptera,Bombyliidae,Thyridanthrax,sp,Achiasmatic,Male,XY,18
Animalia|Insecta|Diptera|Bombyliidae|Toxophora|javana,Animalia,Insecta,Diptera,Bombyliidae,Toxophora,javana,Achiasmatic,Male,XY,8
Animalia|Insecta|Diptera|Bombyliidae|Usia|florea,Animalia,Insecta,Diptera,Bombyliidae,Usia,florea,Achiasmatic,Male,XY,10
Animalia|Insecta|Diptera|Bombyliidae|Villa|cingulum,Animalia,Insecta,Diptera,Bombyliidae,Villa,cingulum,Achiasmatic,Male,NA,16
Animalia|Insecta|Diptera|Bombyliidae|Villa|gayi,Animalia,Insecta,Diptera,Bombyliidae,Villa,gayi,Achiasmatic,Male,XY,18
Animalia|Insecta|Diptera|Bombyliidae|Villa|gorgon,Animalia,Insecta,Diptera,Bombyliidae,Villa,gorgon,Achiasmatic,Male,XY,14
Animalia|Insecta|Diptera|Bombyliidae|Villa|lateralis,Animalia,Insecta,Diptera,Bombyliidae,Villa,lateralis,Achiasmatic,Male,XY,12
Animalia|Insecta|Diptera|Bombyliidae|Villa|morio,Animalia,Insecta,Diptera,Bombyliidae,Villa,morio,Achiasmatic,Male,XY,18
Animalia|Insecta|Diptera|Bombyliidae|Villa|scylla,Animalia,Insecta,Diptera,Bombyliidae,Villa,scylla,Achiasmatic,Male,XY,10
Animalia|Insecta|Diptera|Bombyliidae|Villa|sinuosa,Animalia,Insecta,Diptera,Bombyliidae,Villa,sinuosa,Achiasmatic,Male,XY,18
Animalia|Insecta|Diptera|Bombyliidae|Villa|sp,Animalia,Insecta,Diptera,Bombyliidae,Villa,sp,Achiasmatic,Male,XY,18
Animalia|Insecta|Diptera|Bombyliidae|Villa|sp.1,Animalia,Insecta,Diptera,Bombyliidae,Villa,sp.1,Achiasmatic,Male,XY,14
Animalia|Insecta|Diptera|Bombyliidae|Villa|sp.2,Animalia,Insecta,Diptera,Bombyliidae,Villa,sp.2,Achiasmatic,Male,NA,14
Animalia|Insecta|Diptera|Bombyliidae|Villa|sp.3,Animalia,Insecta,Diptera,Bombyliidae,Villa,sp.3,Achiasmatic,Male,NA,18
Animalia|Insecta|Diptera|Bombyliidae|Villa|sp.Lateralisgroup,Animalia,Insecta,Diptera,Bombyliidae,Villa,sp.Lateralisgroup,Achiasmatic,Male,XY,14
Animalia|Insecta|Diptera|Bombyliidae|Villa|sp.nr.Blanchardiana,Animalia,Insecta,Diptera,Bombyliidae,Villa,sp.nr.Blanchardiana,Achiasmatic,Male,XY,12
Animalia|Insecta|Diptera|Bombyliidae|Villa|sp.nr.gorgon,Animalia,Insecta,Diptera,Bombyliidae,Villa,sp.nr.gorgon,Achiasmatic,Male,XY,18
Animalia|Insecta|Diptera|Bombyliidae|Villa|spB,Animalia,Insecta,Diptera,Bombyliidae,Villa,spB,Achiasmatic,Male,XY,12
Animalia|Insecta|Diptera|Bombyliidae|Villa|spC,Animalia,Insecta,Diptera,Bombyliidae,Villa,spC,Achiasmatic,Male,XY,14
Animalia|Insecta|Diptera|Bombyliidae|Villa|velutina,Animalia,Insecta,Diptera,Bombyliidae,Villa,velutina,Achiasmatic,Male,XY,18
Animalia|Insecta|Diptera|Bombyliidae|Villa|velutinaI,Animalia,Insecta,Diptera,Bombyliidae,Villa,velutinaI,Achiasmatic,Male,XY,18
Animalia|Insecta|Diptera|Bombyliidae|Villa|velutinaII,Animalia,Insecta,Diptera,Bombyliidae,Villa,velutinaII,Achiasmatic,Male,XY,18
Animalia|Insecta|Diptera|Calliphoridae|Albuquerquea|latifrons,Animalia,Insecta,Diptera,Calliphoridae,Albuquerquea,latifrons,Achiasmatic,Male,XY,12
Animalia|Insecta|Diptera|Calliphoridae|Amenia|chrysame,Animalia,Insecta,Diptera,Calliphoridae,Amenia,chrysame,Achiasmatic,Male,XY,12
Animalia|Insecta|Diptera|Calliphoridae|Anthracomyza|atratula,Animalia,Insecta,Diptera,Calliphoridae,Anthracomyza,atratula,Achiasmatic,Male,XY,12
Animalia|Insecta|Diptera|Calliphoridae|Bengalia|inermis,Animalia,Insecta,Diptera,Calliphoridae,Bengalia,inermis,Achiasmatic,Male,XY,12
Animalia|Insecta|Diptera|Calliphoridae|Bengalia|lyneborgi,Animalia,Insecta,Diptera,Calliphoridae,Bengalia,lyneborgi,Achiasmatic,Male,XY,12
Animalia|Insecta|Diptera|Calliphoridae|Blepharicnema|splendens,Animalia,Insecta,Diptera,Calliphoridae,Blepharicnema,splendens,Achiasmatic,Male,XY,12
Animalia|Insecta|Diptera|Calliphoridae|Boreellus|atriceps,Animalia,Insecta,Diptera,Calliphoridae,Boreellus,atriceps,Achiasmatic,Male,XY,12
Animalia|Insecta|Diptera|Calliphoridae|Bufolucilia|silvarum,Animalia,Insecta,Diptera,Calliphoridae,Bufolucilia,silvarum,Achiasmatic,Male,XY,12
Animalia|Insecta|Diptera|Calliphoridae|Calliphora|accepta,Animalia,Insecta,Diptera,Calliphoridae,Calliphora,accepta,Achiasmatic,Male,XY,12
Animalia|Insecta|Diptera|Calliphoridae|Calliphora|bomitoria,Animalia,Insecta,Diptera,Calliphoridae,Calliphora,bomitoria,Achiasmatic,Male,XY,12
Animalia|Insecta|Diptera|Calliphoridae|Calliphora|croceipalpisI,Animalia,Insecta,Diptera,Calliphoridae,Calliphora,croceipalpisI,Achiasmatic,Male,XY,12
Animalia|Insecta|Diptera|Calliphoridae|Calliphora|croceipalpisII,Animalia,Insecta,Diptera,Calliphoridae,Calliphora,croceipalpisII,Achiasmatic,Male,XY,12
Animalia|Insecta|Diptera|Calliphoridae|Calliphora|erythrocephala,Animalia,Insecta,Diptera,Calliphoridae,Calliphora,erythrocephala,Achiasmatic,Male,XY,12
Animalia|Insecta|Diptera|Calliphoridae|Calliphora|fallax,Animalia,Insecta,Diptera,Calliphoridae,Calliphora,fallax,Achiasmatic,Male,XY,12
Animalia|Insecta|Diptera|Calliphoridae|Calliphora|fulviceps,Animalia,Insecta,Diptera,Calliphoridae,Calliphora,fulviceps,Achiasmatic,Male,XY,12
Animalia|Insecta|Diptera|Calliphoridae|Calliphora|fulvicoxa,Animalia,Insecta,Diptera,Calliphoridae,Calliphora,fulvicoxa,Achiasmatic,Male,XY,12
Animalia|Insecta|Diptera|Calliphoridae|Calliphora|hilli,Animalia,Insecta,Diptera,Calliphoridae,Calliphora,hilli,Achiasmatic,Male,XY,12
Animalia|Insecta|Diptera|Calliphoridae|Calliphora|lilaea,Animalia,Insecta,Diptera,Calliphoridae,Calliphora,lilaea,Achiasmatic,Male,XY,12
Animalia|Insecta|Diptera|Calliphoridae|Calliphora|peruviana,Animalia,Insecta,Diptera,Calliphoridae,Calliphora,peruviana,Achiasmatic,Male,XY,12
Animalia|Insecta|Diptera|Calliphoridae|Calliphora|plebeia,Animalia,Insecta,Diptera,Calliphoridae,Calliphora,plebeia,Achiasmatic,Male,XY,12
Animalia|Insecta|Diptera|Calliphoridae|Calliphora|sternalis,Animalia,Insecta,Diptera,Calliphoridae,Calliphora,sternalis,Achiasmatic,Male,XY,12
Animalia|Insecta|Diptera|Calliphoridae|Calliphora|stygia,Animalia,Insecta,Diptera,Calliphoridae,Calliphora,stygia,Achiasmatic,Male,XY,12
Animalia|Insecta|Diptera|Calliphoridae|Calliphora|tibialis,Animalia,Insecta,Diptera,Calliphoridae,Calliphora,tibialis,Achiasmatic,Male,XY,12
Animalia|Insecta|Diptera|Calliphoridae|Calliphora|varifrons,Animalia,Insecta,Diptera,Calliphoridae,Calliphora,varifrons,Achiasmatic,Male,XY,12
Animalia|Insecta|Diptera|Calliphoridae|Calliphora|vicina,Animalia,Insecta,Diptera,Calliphoridae,Calliphora,vicina,Achiasmatic,Male,XY,12
Animalia|Insecta|Diptera|Calliphoridae|Calliphora|vicinaI,Animalia,Insecta,Diptera,Calliphoridae,Calliphora,vicinaI,Achiasmatic,Male,XY,12
Animalia|Insecta|Diptera|Calliphoridae|Calliphora|vicinaII,Animalia,Insecta,Diptera,Calliphoridae,Calliphora,vicinaII,Achiasmatic,Male,XY,12
Animalia|Insecta|Diptera|Calliphoridae|Calliphora|viridenscens,Animalia,Insecta,Diptera,Calliphoridae,Calliphora,viridenscens,Achiasmatic,Male,XY,12
Animalia|Insecta|Diptera|Calliphoridae|Calliphora|viridescens,Animalia,Insecta,Diptera,Calliphoridae,Calliphora,viridescens,Achiasmatic,Male,XY,12
Animalia|Insecta|Diptera|Calliphoridae|Calliphora|vomitoria,Animalia,Insecta,Diptera,Calliphoridae,Calliphora,vomitoria,Achiasmatic,Male,XY,12
Animalia|Insecta|Diptera|Calliphoridae|Calliphora|vomitoriaI,Animalia,Insecta,Diptera,Calliphoridae,Calliphora,vomitoriaI,Achiasmatic,Male,XY,12
Animalia|Insecta|Diptera|Calliphoridae|Calliphora|vomitoriaII,Animalia,Insecta,Diptera,Calliphoridae,Calliphora,vomitoriaII,Achiasmatic,Male,XY,12
Animalia|Insecta|Diptera|Calliphoridae|Calliphora|vomitoriaIII,Animalia,Insecta,Diptera,Calliphoridae,Calliphora,vomitoriaIII,Achiasmatic,Male,XY,12
Animalia|Insecta|Diptera|Calliphoridae|Callitroga|hominivorax,Animalia,Insecta,Diptera,Calliphoridae,Callitroga,hominivorax,Achiasmatic,Male,XY,12
Animalia|Insecta|Diptera|Calliphoridae|Callitroga|macellaria,Animalia,Insecta,Diptera,Calliphoridae,Callitroga,macellaria,Achiasmatic,Male,XY,12
Animalia|Insecta|Diptera|Calliphoridae|Chrysomia|albiceps,Animalia,Insecta,Diptera,Calliphoridae,Chrysomia,albiceps,Achiasmatic,Male,XY,12
Animalia|Insecta|Diptera|Calliphoridae|Chrysomia|cholorpyga,Animalia,Insecta,Diptera,Calliphoridae,Chrysomia,cholorpyga,Achiasmatic,Male,XY,12
Animalia|Insecta|Diptera|Calliphoridae|Chrysomia|putoria,Animalia,Insecta,Diptera,Calliphoridae,Chrysomia,putoria,Achiasmatic,Male,XY,12
Animalia|Insecta|Diptera|Calliphoridae|Chrysomya|albiceps,Animalia,Insecta,Diptera,Calliphoridae,Chrysomya,albiceps,Achiasmatic,Male,NA,12
Animalia|Insecta|Diptera|Calliphoridae|Chrysomya|bezziana,Animalia,Insecta,Diptera,Calliphoridae,Chrysomya,bezziana,Achiasmatic,Male,XY,12
Animalia|Insecta|Diptera|Calliphoridae|Chrysomya|marginalis,Animalia,Insecta,Diptera,Calliphoridae,Chrysomya,marginalis,Achiasmatic,Male,XY,12
Animalia|Insecta|Diptera|Calliphoridae|Chrysomya|megacephala,Animalia,Insecta,Diptera,Calliphoridae,Chrysomya,megacephala,Achiasmatic,Male,XY,12
Animalia|Insecta|Diptera|Calliphoridae|Chrysomya|phaonis,Animalia,Insecta,Diptera,Calliphoridae,Chrysomya,phaonis,Achiasmatic,Male,XY,12
Animalia|Insecta|Diptera|Calliphoridae|Chrysomya|pinguis,Animalia,Insecta,Diptera,Calliphoridae,Chrysomya,pinguis,Achiasmatic,Male,XY,12
Animalia|Insecta|Diptera|Calliphoridae|Chrysomya|putoria,Animalia,Insecta,Diptera,Calliphoridae,Chrysomya,putoria,Achiasmatic,Male,XY,12
Animalia|Insecta|Diptera|Calliphoridae|Chrysomya|rufifacies,Animalia,Insecta,Diptera,Calliphoridae,Chrysomya,rufifacies,Achiasmatic,Male,NA,12
Animalia|Insecta|Diptera|Calliphoridae|Chrysomya|saffranea,Animalia,Insecta,Diptera,Calliphoridae,Chrysomya,saffranea,Achiasmatic,Male,XY,12
Animalia|Insecta|Diptera|Calliphoridae|Chrysomya|varipes,Animalia,Insecta,Diptera,Calliphoridae,Chrysomya,varipes,Achiasmatic,Male,XY,12
Animalia|Insecta|Diptera|Calliphoridae|Chrysomyia|albiceps,Animalia,Insecta,Diptera,Calliphoridae,Chrysomyia,albiceps,Achiasmatic,Male,XY,12
Animalia|Insecta|Diptera|Calliphoridae|Chrysomyia|chloropygaI,Animalia,Insecta,Diptera,Calliphoridae,Chrysomyia,chloropygaI,Achiasmatic,Male,XY,12
Animalia|Insecta|Diptera|Calliphoridae|Chrysomyia|chloropygaII,Animalia,Insecta,Diptera,Calliphoridae,Chrysomyia,chloropygaII,Achiasmatic,Male,XY,12
Animalia|Insecta|Diptera|Calliphoridae|Chrysomyia|megacephala,Animalia,Insecta,Diptera,Calliphoridae,Chrysomyia,megacephala,Achiasmatic,Male,XY,12
Animalia|Insecta|Diptera|Calliphoridae|Chrysomyia|pachymera,Animalia,Insecta,Diptera,Calliphoridae,Chrysomyia,pachymera,Achiasmatic,Male,XY,12
Animalia|Insecta|Diptera|Calliphoridae|Chrysomyia|putoriaI,Animalia,Insecta,Diptera,Calliphoridae,Chrysomyia,putoriaI,Achiasmatic,Male,XY,12
Animalia|Insecta|Diptera|Calliphoridae|Chrysomyia|putoriaII,Animalia,Insecta,Diptera,Calliphoridae,Chrysomyia,putoriaII,Achiasmatic,Male,XY,12
Animalia|Insecta|Diptera|Calliphoridae|Chrysomyia|rufifacies,Animalia,Insecta,Diptera,Calliphoridae,Chrysomyia,rufifacies,Achiasmatic,Male,XY,12
Animalia|Insecta|Diptera|Calliphoridae|Cochliomyia|hominivorax,Animalia,Insecta,Diptera,Calliphoridae,Cochliomyia,hominivorax,Achiasmatic,Male,XY,12
Animalia|Insecta|Diptera|Calliphoridae|Cochliomyia|macellaria,Animalia,Insecta,Diptera,Calliphoridae,Cochliomyia,macellaria,Achiasmatic,Male,XY,12
Animalia|Insecta|Diptera|Calliphoridae|Cochliomyia|macellariaI,Animalia,Insecta,Diptera,Calliphoridae,Cochliomyia,macellariaI,Achiasmatic,Male,XY,12
Animalia|Insecta|Diptera|Calliphoridae|Cochliomyia|macellariaII,Animalia,Insecta,Diptera,Calliphoridae,Cochliomyia,macellariaII,Achiasmatic,Male,XY,12
Animalia|Insecta|Diptera|Calliphoridae|Cosmina|testaceipes,Animalia,Insecta,Diptera,Calliphoridae,Cosmina,testaceipes,Achiasmatic,Male,XY,12
Animalia|Insecta|Diptera|Calliphoridae|Cynomya|cadaverina,Animalia,Insecta,Diptera,Calliphoridae,Cynomya,cadaverina,Achiasmatic,Male,XY,12
Animalia|Insecta|Diptera|Calliphoridae|Cynomya|mortuorumI,Animalia,Insecta,Diptera,Calliphoridae,Cynomya,mortuorumI,Achiasmatic,Male,XY,12
Animalia|Insecta|Diptera|Calliphoridae|Cynomya|mortuorumII,Animalia,Insecta,Diptera,Calliphoridae,Cynomya,mortuorumII,Achiasmatic,Male,XY,12
Animalia|Insecta|Diptera|Calliphoridae|Cynomya|mortuorumIII,Animalia,Insecta,Diptera,Calliphoridae,Cynomya,mortuorumIII,Achiasmatic,Male,XY,12
Animalia|Insecta|Diptera|Calliphoridae|Cynomyia|mortuorum,Animalia,Insecta,Diptera,Calliphoridae,Cynomyia,mortuorum,Achiasmatic,Male,XY,12
Animalia|Insecta|Diptera|Calliphoridae|Cynomyopsis|cadaverina,Animalia,Insecta,Diptera,Calliphoridae,Cynomyopsis,cadaverina,Achiasmatic,Male,XY,12
Animalia|Insecta|Diptera|Calliphoridae|Discritomyia|fasciata,Animalia,Insecta,Diptera,Calliphoridae,Discritomyia,fasciata,Achiasmatic,Male,XY,12
Animalia|Insecta|Diptera|Calliphoridae|Discritomyia|fulgens,Animalia,Insecta,Diptera,Calliphoridae,Discritomyia,fulgens,Achiasmatic,Male,XY,12
Animalia|Insecta|Diptera|Calliphoridae|Discritomyia|newspecies,Animalia,Insecta,Diptera,Calliphoridae,Discritomyia,newspecies,Achiasmatic,Male,XY,12
Animalia|Insecta|Diptera|Calliphoridae|Discritomyia|terryi,Animalia,Insecta,Diptera,Calliphoridae,Discritomyia,terryi,Achiasmatic,Male,XY,12
Animalia|Insecta|Diptera|Calliphoridae|Eucalliphora|lilaea,Animalia,Insecta,Diptera,Calliphoridae,Eucalliphora,lilaea,Achiasmatic,Male,XY,12
Animalia|Insecta|Diptera|Calliphoridae|Euphumosia|setigera,Animalia,Insecta,Diptera,Calliphoridae,Euphumosia,setigera,Achiasmatic,Male,XY,12
Animalia|Insecta|Diptera|Calliphoridae|Eurhyncomyia|anterotes,Animalia,Insecta,Diptera,Calliphoridae,Eurhyncomyia,anterotes,Achiasmatic,Male,XY,12
Animalia|Insecta|Diptera|Calliphoridae|Hemilucilia|sp,Animalia,Insecta,Diptera,Calliphoridae,Hemilucilia,sp,Achiasmatic,Male,XY,12
Animalia|Insecta|Diptera|Calliphoridae|Hemipyrellia|brunneipes,Animalia,Insecta,Diptera,Calliphoridae,Hemipyrellia,brunneipes,Achiasmatic,Male,XY,12
Animalia|Insecta|Diptera|Calliphoridae|Hemipyrellia|fernandica,Animalia,Insecta,Diptera,Calliphoridae,Hemipyrellia,fernandica,Achiasmatic,Male,NA,12
Animalia|Insecta|Diptera|Calliphoridae|Hemipyrellia|ligurriens,Animalia,Insecta,Diptera,Calliphoridae,Hemipyrellia,ligurriens,Achiasmatic,Male,XY,12
Animalia|Insecta|Diptera|Calliphoridae|Hemipyrellia|taeniops,Animalia,Insecta,Diptera,Calliphoridae,Hemipyrellia,taeniops,Achiasmatic,Male,XY,12
Animalia|Insecta|Diptera|Calliphoridae|Hemipyrellia|tagaliana,Animalia,Insecta,Diptera,Calliphoridae,Hemipyrellia,tagaliana,Achiasmatic,Male,XY,12
Animalia|Insecta|Diptera|Calliphoridae|Huascaromusca|nigrifrons,Animalia,Insecta,Diptera,Calliphoridae,Huascaromusca,nigrifrons,Achiasmatic,Male,XY,12
Animalia|Insecta|Diptera|Calliphoridae|Isomyia|connivens,Animalia,Insecta,Diptera,Calliphoridae,Isomyia,connivens,Achiasmatic,Male,XY,12
Animalia|Insecta|Diptera|Calliphoridae|Isomyia|prasina,Animalia,Insecta,Diptera,Calliphoridae,Isomyia,prasina,Achiasmatic,Male,XY,12
Animalia|Insecta|Diptera|Calliphoridae|Lucilia|ampullacea,Animalia,Insecta,Diptera,Calliphoridae,Lucilia,ampullacea,Achiasmatic,Male,XY,12
Animalia|Insecta|Diptera|Calliphoridae|Lucilia|caesar,Animalia,Insecta,Diptera,Calliphoridae,Lucilia,caesar,Achiasmatic,Male,XY,12
Animalia|Insecta|Diptera|Calliphoridae|Lucilia|coreuleiviridis,Animalia,Insecta,Diptera,Calliphoridae,Lucilia,coreuleiviridis,Achiasmatic,Male,XY,12
Animalia|Insecta|Diptera|Calliphoridae|Lucilia|cuprina,Animalia,Insecta,Diptera,Calliphoridae,Lucilia,cuprina,Achiasmatic,Male,XY,12
Animalia|Insecta|Diptera|Calliphoridae|Lucilia|eximia,Animalia,Insecta,Diptera,Calliphoridae,Lucilia,eximia,Achiasmatic,Male,XY,12
Animalia|Insecta|Diptera|Calliphoridae|Lucilia|illustria,Animalia,Insecta,Diptera,Calliphoridae,Lucilia,illustria,Achiasmatic,Male,XY,12
Animalia|Insecta|Diptera|Calliphoridae|Lucilia|illustris,Animalia,Insecta,Diptera,Calliphoridae,Lucilia,illustris,Achiasmatic,Male,XY,12
Animalia|Insecta|Diptera|Calliphoridae|Lucilia|porphyrina,Animalia,Insecta,Diptera,Calliphoridae,Lucilia,porphyrina,Achiasmatic,Male,XY,12
Animalia|Insecta|Diptera|Calliphoridae|Lucilia|sericata,Animalia,Insecta,Diptera,Calliphoridae,Lucilia,sericata,Achiasmatic,Male,XY,12
Animalia|Insecta|Diptera|Calliphoridae|Melinda|biseta,Animalia,Insecta,Diptera,Calliphoridae,Melinda,biseta,Achiasmatic,Male,XY,12
Animalia|Insecta|Diptera|Calliphoridae|Melinda|sp,Animalia,Insecta,Diptera,Calliphoridae,Melinda,sp,Achiasmatic,Male,XY,12
Animalia|Insecta|Diptera|Calliphoridae|Mesembrinella|peregrinaI,Animalia,Insecta,Diptera,Calliphoridae,Mesembrinella,peregrinaI,Achiasmatic,Male,XY,12
Animalia|Insecta|Diptera|Calliphoridae|Mesembrinella|peregrinaII,Animalia,Insecta,Diptera,Calliphoridae,Mesembrinella,peregrinaII,Achiasmatic,Male,XY,12
Animalia|Insecta|Diptera|Calliphoridae|Metallea|cuprea,Animalia,Insecta,Diptera,Calliphoridae,Metallea,cuprea,Achiasmatic,Male,XY,12
Animalia|Insecta|Diptera|Calliphoridae|Metallea|puncticeps,Animalia,Insecta,Diptera,Calliphoridae,Metallea,puncticeps,Achiasmatic,Male,XY,12
Animalia|Insecta|Diptera|Calliphoridae|Microcalliphora|varipes,Animalia,Insecta,Diptera,Calliphoridae,Microcalliphora,varipes,Achiasmatic,Male,XY,12
Animalia|Insecta|Diptera|Calliphoridae|Paralucilia|fulvicrura,Animalia,Insecta,Diptera,Calliphoridae,Paralucilia,fulvicrura,Achiasmatic,Male,XY,12
Animalia|Insecta|Diptera|Calliphoridae|Paralucilia|wheeleri,Animalia,Insecta,Diptera,Calliphoridae,Paralucilia,wheeleri,Achiasmatic,Male,XY,12
Animalia|Insecta|Diptera|Calliphoridae|Paratricyclea|surcoufi,Animalia,Insecta,Diptera,Calliphoridae,Paratricyclea,surcoufi,Achiasmatic,Male,XY,12
Animalia|Insecta|Diptera|Calliphoridae|Phaenicia|caeruleiviridis,Animalia,Insecta,Diptera,Calliphoridae,Phaenicia,caeruleiviridis,Achiasmatic,Male,XY,12
Animalia|Insecta|Diptera|Calliphoridae|Phaenicia|coernleiviridis,Animalia,Insecta,Diptera,Calliphoridae,Phaenicia,coernleiviridis,Achiasmatic,Male,XY,12
Animalia|Insecta|Diptera|Calliphoridae|Phaenicia|cuprina,Animalia,Insecta,Diptera,Calliphoridae,Phaenicia,cuprina,Achiasmatic,Male,XY,12
Animalia|Insecta|Diptera|Calliphoridae|Phaenicia|eximia,Animalia,Insecta,Diptera,Calliphoridae,Phaenicia,eximia,Achiasmatic,Male,XY,12
Animalia|Insecta|Diptera|Calliphoridae|Phaenicia|sericata,Animalia,Insecta,Diptera,Calliphoridae,Phaenicia,sericata,Achiasmatic,Male,XY,12
Animalia|Insecta|Diptera|Calliphoridae|Phormia|regina,Animalia,Insecta,Diptera,Calliphoridae,Phormia,regina,Achiasmatic,Male,XY,12
Animalia|Insecta|Diptera|Calliphoridae|Phormia|terraenovae,Animalia,Insecta,Diptera,Calliphoridae,Phormia,terraenovae,Achiasmatic,Male,XY,12
Animalia|Insecta|Diptera|Calliphoridae|Phumosia|promittens,Animalia,Insecta,Diptera,Calliphoridae,Phumosia,promittens,Achiasmatic,Male,XY,12
Animalia|Insecta|Diptera|Calliphoridae|Pollenia|nigripes,Animalia,Insecta,Diptera,Calliphoridae,Pollenia,nigripes,Achiasmatic,Male,XY,12
Animalia|Insecta|Diptera|Calliphoridae|Pollenia|rudis,Animalia,Insecta,Diptera,Calliphoridae,Pollenia,rudis,Achiasmatic,Male,XY,12
Animalia|Insecta|Diptera|Calliphoridae|Pollenia|rudisI,Animalia,Insecta,Diptera,Calliphoridae,Pollenia,rudisI,Achiasmatic,Male,XY,12
Animalia|Insecta|Diptera|Calliphoridae|Pollenia|rudisII,Animalia,Insecta,Diptera,Calliphoridae,Pollenia,rudisII,Achiasmatic,Male,XY,12
Animalia|Insecta|Diptera|Calliphoridae|Pollenia|rudisIII,Animalia,Insecta,Diptera,Calliphoridae,Pollenia,rudisIII,Achiasmatic,Male,XY,12
Animalia|Insecta|Diptera|Calliphoridae|Polleniopsis|hokurikuensis,Animalia,Insecta,Diptera,Calliphoridae,Polleniopsis,hokurikuensis,Achiasmatic,Male,XY,12
Animalia|Insecta|Diptera|Calliphoridae|Protocalliphora|aenea,Animalia,Insecta,Diptera,Calliphoridae,Protocalliphora,aenea,Achiasmatic,Male,XY,12
Animalia|Insecta|Diptera|Calliphoridae|Protocalliphora|avium,Animalia,Insecta,Diptera,Calliphoridae,Protocalliphora,avium,Achiasmatic,Male,XY,12
Animalia|Insecta|Diptera|Calliphoridae|Protocalliphora|falcozi,Animalia,Insecta,Diptera,Calliphoridae,Protocalliphora,falcozi,Achiasmatic,Male,XY,12
Animalia|Insecta|Diptera|Calliphoridae|Protocalliphora|hirundo,Animalia,Insecta,Diptera,Calliphoridae,Protocalliphora,hirundo,Achiasmatic,Male,XY,12
Animalia|Insecta|Diptera|Calliphoridae|Protocalliphora|metallica,Animalia,Insecta,Diptera,Calliphoridae,Protocalliphora,metallica,Achiasmatic,Male,XY,12
Animalia|Insecta|Diptera|Calliphoridae|Protocalliphora|sialia,Animalia,Insecta,Diptera,Calliphoridae,Protocalliphora,sialia,Achiasmatic,Male,XY,12
Animalia|Insecta|Diptera|Calliphoridae|Protocalliphora|sp,Animalia,Insecta,Diptera,Calliphoridae,Protocalliphora,sp,Achiasmatic,Male,XY,12
Animalia|Insecta|Diptera|Calliphoridae|Protophormia|terraenovae,Animalia,Insecta,Diptera,Calliphoridae,Protophormia,terraenovae,Achiasmatic,Male,XY,12
Animalia|Insecta|Diptera|Calliphoridae|Protophormia|terraenovaeI,Animalia,Insecta,Diptera,Calliphoridae,Protophormia,terraenovaeI,Achiasmatic,Male,XY,12
Animalia|Insecta|Diptera|Calliphoridae|Protophormia|terraenovaeII,Animalia,Insecta,Diptera,Calliphoridae,Protophormia,terraenovaeII,Achiasmatic,Male,XY,12
Animalia|Insecta|Diptera|Calliphoridae|Rhinia|apicalis,Animalia,Insecta,Diptera,Calliphoridae,Rhinia,apicalis,Achiasmatic,Male,XY,12
Animalia|Insecta|Diptera|Calliphoridae|Rhinia|discolor,Animalia,Insecta,Diptera,Calliphoridae,Rhinia,discolor,Achiasmatic,Male,XY,12
Animalia|Insecta|Diptera|Calliphoridae|Rhinia|subapicalis,Animalia,Insecta,Diptera,Calliphoridae,Rhinia,subapicalis,Achiasmatic,Male,XY,12
Animalia|Insecta|Diptera|Calliphoridae|Rhyncomyia|italica,Animalia,Insecta,Diptera,Calliphoridae,Rhyncomyia,italica,Achiasmatic,Male,XY,12
Animalia|Insecta|Diptera|Calliphoridae|Rhyncomyia|stannocuprea,Animalia,Insecta,Diptera,Calliphoridae,Rhyncomyia,stannocuprea,Achiasmatic,Male,XY,12
Animalia|Insecta|Diptera|Calliphoridae|Sarconesiopsis|chilensis,Animalia,Insecta,Diptera,Calliphoridae,Sarconesiopsis,chilensis,Achiasmatic,Male,XY,12
Animalia|Insecta|Diptera|Calliphoridae|Sphenometrops|tergata,Animalia,Insecta,Diptera,Calliphoridae,Sphenometrops,tergata,Achiasmatic,Male,XY,12
Animalia|Insecta|Diptera|Calliphoridae|Stomorhina|armatipes,Animalia,Insecta,Diptera,Calliphoridae,Stomorhina,armatipes,Achiasmatic,Male,XY,12
Animalia|Insecta|Diptera|Calliphoridae|Stomorhina|lunata,Animalia,Insecta,Diptera,Calliphoridae,Stomorhina,lunata,Achiasmatic,Male,XY,12
Animalia|Insecta|Diptera|Calliphoridae|Stomorhina|obsoleta,Animalia,Insecta,Diptera,Calliphoridae,Stomorhina,obsoleta,Achiasmatic,Male,XY,12
Animalia|Insecta|Diptera|Calliphoridae|Triceratopyga|calliphoroides,Animalia,Insecta,Diptera,Calliphoridae,Triceratopyga,calliphoroides,Achiasmatic,Male,XY,12
Animalia|Insecta|Diptera|Calliphoridae|Xenocalliphora|hortona,Animalia,Insecta,Diptera,Calliphoridae,Xenocalliphora,hortona,Achiasmatic,Male,XY,12
Animalia|Insecta|Diptera|Cecidomyiidae|Asphondylia|monacha,Animalia,Insecta,Diptera,Cecidomyiidae,Asphondylia,monacha,Achiasmatic,Male,XO,8
Animalia|Insecta|Diptera|Cecidomyiidae|Asteromyia|rubra,Animalia,Insecta,Diptera,Cecidomyiidae,Asteromyia,rubra,Achiasmatic,Male,XO,8
Animalia|Insecta|Diptera|Cecidomyiidae|Caryomyia|sp,Animalia,Insecta,Diptera,Cecidomyiidae,Caryomyia,sp,Achiasmatic,Male,XO,8
Animalia|Insecta|Diptera|Cecidomyiidae|Cecidomyia|serotinae,Animalia,Insecta,Diptera,Cecidomyiidae,Cecidomyia,serotinae,Achiasmatic,Male,XO,8
Animalia|Insecta|Diptera|Cecidomyiidae|Cecidomyia|sp.,Animalia,Insecta,Diptera,Cecidomyiidae,Cecidomyia,sp.,Achiasmatic,Male,XO,8
Animalia|Insecta|Diptera|Cecidomyiidae|Cecidomyia|vicola,Animalia,Insecta,Diptera,Cecidomyiidae,Cecidomyia,vicola,Achiasmatic,Male,XO,8
Animalia|Insecta|Diptera|Cecidomyiidae|Dasyneura|affinis,Animalia,Insecta,Diptera,Cecidomyiidae,Dasyneura,affinis,Achiasmatic,Male,XO,8
Animalia|Insecta|Diptera|Cecidomyiidae|Lasioptera|asterspinosae,Animalia,Insecta,Diptera,Cecidomyiidae,Lasioptera,asterspinosae,Achiasmatic,Male,XO,8
Animalia|Insecta|Diptera|Cecidomyiidae|Lestodiplosis|sp,Animalia,Insecta,Diptera,Cecidomyiidae,Lestodiplosis,sp,Achiasmatic,Male,XO,8
Animalia|Insecta|Diptera|Cecidomyiidae|Mayetiola|destructor,Animalia,Insecta,Diptera,Cecidomyiidae,Mayetiola,destructor,Achiasmatic,Male,NA,8
Animalia|Insecta|Diptera|Cecidomyiidae|Mayetiola|hordei,Animalia,Insecta,Diptera,Cecidomyiidae,Mayetiola,hordei,Achiasmatic,Male,NA,8
Animalia|Insecta|Diptera|Cecidomyiidae|Miastor|americana,Animalia,Insecta,Diptera,Cecidomyiidae,Miastor,americana,Achiasmatic,Male,XO,12
Animalia|Insecta|Diptera|Cecidomyiidae|Monarthropalpus|buxi,Animalia,Insecta,Diptera,Cecidomyiidae,Monarthropalpus,buxi,Achiasmatic,Male,XO,8
Animalia|Insecta|Diptera|Cecidomyiidae|Oligotrphus|pattersoni,Animalia,Insecta,Diptera,Cecidomyiidae,Oligotrphus,pattersoni,Achiasmatic,Male,XO,8
Animalia|Insecta|Diptera|Cecidomyiidae|Ontarinia|canadensis,Animalia,Insecta,Diptera,Cecidomyiidae,Ontarinia,canadensis,Achiasmatic,Male,XO,8
Animalia|Insecta|Diptera|Cecidomyiidae|Phytophaga|celtiphyllia,Animalia,Insecta,Diptera,Cecidomyiidae,Phytophaga,celtiphyllia,Achiasmatic,Male,XO,12
Animalia|Insecta|Diptera|Cecidomyiidae|Phytophaga|destructor,Animalia,Insecta,Diptera,Cecidomyiidae,Phytophaga,destructor,Achiasmatic,Male,NA,8
Animalia|Insecta|Diptera|Cecidomyiidae|Rhopalomyia|sabinae,Animalia,Insecta,Diptera,Cecidomyiidae,Rhopalomyia,sabinae,Achiasmatic,Male,XO,8
Animalia|Insecta|Diptera|Cecidomyiidae|Taxomyia|taxi,Animalia,Insecta,Diptera,Cecidomyiidae,Taxomyia,taxi,Achiasmatic,Male,XO,8
Animalia|Insecta|Diptera|Cecidomyiidae|Trishormomyia|helianthi,Animalia,Insecta,Diptera,Cecidomyiidae,Trishormomyia,helianthi,Achiasmatic,Male,XO,8
Animalia|Insecta|Diptera|Cecidomyiidae|Walshomyia|texana,Animalia,Insecta,Diptera,Cecidomyiidae,Walshomyia,texana,Achiasmatic,Male,XO,8
Animalia|Insecta|Diptera|Chamaemyiidae|Cremifania|nigrocellulata,Animalia,Insecta,Diptera,Chamaemyiidae,Cremifania,nigrocellulata,Achiasmatic,Male,XY,6
Animalia|Insecta|Diptera|Chamaemyiidae|Leucopis|obscura,Animalia,Insecta,Diptera,Chamaemyiidae,Leucopis,obscura,Achiasmatic,Male,NA,10
Animalia|Insecta|Diptera|Chloropidae|Chlorops|oryzae,Animalia,Insecta,Diptera,Chloropidae,Chlorops,oryzae,Achiasmatic,Male,NA,8
Animalia|Insecta|Diptera|Diopsidae|Sphyracephala|brevicornis,Animalia,Insecta,Diptera,Diopsidae,Sphyracephala,brevicornis,Achiasmatic,Male,XY,10
Animalia|Insecta|Diptera|Drosophilidae|Adetoxenus|Formosus,Animalia,Insecta,Diptera,Drosophilidae,Adetoxenus,Formosus,Achiasmatic,Male,NA,12
Animalia|Insecta|Diptera|Drosophilidae|Antopocerus|aduncus,Animalia,Insecta,Diptera,Drosophilidae,Antopocerus,aduncus,Achiasmatic,Male,NA,12
Animalia|Insecta|Diptera|Drosophilidae|Antopocerus|arcuatus,Animalia,Insecta,Diptera,Drosophilidae,Antopocerus,arcuatus,Achiasmatic,Male,NA,12
Animalia|Insecta|Diptera|Drosophilidae|Antopocerus|cognatus,Animalia,Insecta,Diptera,Drosophilidae,Antopocerus,cognatus,Achiasmatic,Male,NA,12
Animalia|Insecta|Diptera|Drosophilidae|Antopocerus|diamphidiopodus,Animalia,Insecta,Diptera,Drosophilidae,Antopocerus,diamphidiopodus,Achiasmatic,Male,NA,12
Animalia|Insecta|Diptera|Drosophilidae|Antopocerus|tanythrix,Animalia,Insecta,Diptera,Drosophilidae,Antopocerus,tanythrix,Achiasmatic,Male,NA,12
Animalia|Insecta|Diptera|Drosophilidae|Antopocerus|villosus,Animalia,Insecta,Diptera,Drosophilidae,Antopocerus,villosus,Achiasmatic,Male,NA,12
Animalia|Insecta|Diptera|Drosophilidae|Bunostoma|anomala,Animalia,Insecta,Diptera,Drosophilidae,Bunostoma,anomala,Achiasmatic,Male,NA,10
Animalia|Insecta|Diptera|Drosophilidae|Bunostoma|n.,Animalia,Insecta,Diptera,Drosophilidae,Bunostoma,n.,Achiasmatic,Male,NA,8
Animalia|Insecta|Diptera|Drosophilidae|Bunostoma|palmae,Animalia,Insecta,Diptera,Drosophilidae,Bunostoma,palmae,Achiasmatic,Male,NA,10
Animalia|Insecta|Diptera|Drosophilidae|Bunostoma|varifrons,Animalia,Insecta,Diptera,Drosophilidae,Bunostoma,varifrons,Achiasmatic,Male,NA,10
Animalia|Insecta|Diptera|Drosophilidae|Bunostoma|xanthopleura,Animalia,Insecta,Diptera,Drosophilidae,Bunostoma,xanthopleura,Achiasmatic,Male,NA,10
Animalia|Insecta|Diptera|Drosophilidae|Cacoxenus|indigator,Animalia,Insecta,Diptera,Drosophilidae,Cacoxenus,indigator,Achiasmatic,Male,NA,8
Animalia|Insecta|Diptera|Drosophilidae|Chymomyza|aldrichii,Animalia,Insecta,Diptera,Drosophilidae,Chymomyza,aldrichii,Achiasmatic,Male,XY,8
Animalia|Insecta|Diptera|Drosophilidae|Chymomyza|amoena,Animalia,Insecta,Diptera,Drosophilidae,Chymomyza,amoena,Achiasmatic,Male,XY,8
Animalia|Insecta|Diptera|Drosophilidae|Chymomyza|costata,Animalia,Insecta,Diptera,Drosophilidae,Chymomyza,costata,Achiasmatic,Male,NA,8
Animalia|Insecta|Diptera|Drosophilidae|Chymomyza|coxata,Animalia,Insecta,Diptera,Drosophilidae,Chymomyza,coxata,Achiasmatic,Male,NA,8
Animalia|Insecta|Diptera|Drosophilidae|Chymomyza|procnemis,Animalia,Insecta,Diptera,Drosophilidae,Chymomyza,procnemis,Achiasmatic,Male,NA,8
Animalia|Insecta|Diptera|Drosophilidae|Chymomyza|wirthii,Animalia,Insecta,Diptera,Drosophilidae,Chymomyza,wirthii,Achiasmatic,Male,XY,8
Animalia|Insecta|Diptera|Drosophilidae|Cladochaeta|nebulosa,Animalia,Insecta,Diptera,Drosophilidae,Cladochaeta,nebulosa,Achiasmatic,Male,NA,8
Animalia|Insecta|Diptera|Drosophilidae|Dettopsomyia|nigrovittata,Animalia,Insecta,Diptera,Drosophilidae,Dettopsomyia,nigrovittata,Achiasmatic,Male,NA,10
"Animalia|Insecta|Diptera|Drosophilidae|Drosophila|""melanissima""",Animalia,Insecta,Diptera,Drosophilidae,Drosophila,"""melanissima""",Achiasmatic,Male,XY,10
Animalia|Insecta|Diptera|Drosophilidae|Drosophila|acanthoptera,Animalia,Insecta,Diptera,Drosophilidae,Drosophila,acanthoptera,Achiasmatic,Male,XY,10
Animalia|Insecta|Diptera|Drosophilidae|Drosophila|acutilabella,Animalia,Insecta,Diptera,Drosophilidae,Drosophila,acutilabella,Achiasmatic,Male,NA,8
Animalia|Insecta|Diptera|Drosophilidae|Drosophila|adiastola,Animalia,Insecta,Diptera,Drosophilidae,Drosophila,adiastola,Achiasmatic,Male,NA,12
Animalia|Insecta|Diptera|Drosophilidae|Drosophila|adunca,Animalia,Insecta,Diptera,Drosophilidae,Drosophila,adunca,Achiasmatic,Male,NA,12
Animalia|Insecta|Diptera|Drosophilidae|Drosophila|afer,Animalia,Insecta,Diptera,Drosophilidae,Drosophila,afer,Achiasmatic,Male,XY,10
Animalia|Insecta|Diptera|Drosophilidae|Drosophila|affinidisjuncta,Animalia,Insecta,Diptera,Drosophilidae,Drosophila,affinidisjuncta,Achiasmatic,Male,NA,12
Animalia|Insecta|Diptera|Drosophilidae|Drosophila|affinis,Animalia,Insecta,Diptera,Drosophilidae,Drosophila,affinis,Achiasmatic,Male,XY,10
Animalia|Insecta|Diptera|Drosophilidae|Drosophila|aglaia,Animalia,Insecta,Diptera,Drosophilidae,Drosophila,aglaia,Achiasmatic,Male,NA,12
Animalia|Insecta|Diptera|Drosophilidae|Drosophila|agumbensis,Animalia,Insecta,Diptera,Drosophilidae,Drosophila,agumbensis,Achiasmatic,Male,XY,8
Animalia|Insecta|Diptera|Drosophilidae|Drosophila|airzonensis,Animalia,Insecta,Diptera,Drosophilidae,Drosophila,airzonensis,Achiasmatic,Male,XY,12
Animalia|Insecta|Diptera|Drosophilidae|Drosophila|albirostris,Animalia,Insecta,Diptera,Drosophilidae,Drosophila,albirostris,Achiasmatic,Male,XY,12
Animalia|Insecta|Diptera|Drosophilidae|Drosophila|albomicans,Animalia,Insecta,Diptera,Drosophilidae,Drosophila,albomicans,Achiasmatic,Male,NA,6
Animalia|Insecta|Diptera|Drosophilidae|Drosophila|alboralis,Animalia,Insecta,Diptera,Drosophilidae,Drosophila,alboralis,Achiasmatic,Male,NA,12
Animalia|Insecta|Diptera|Drosophilidae|Drosophila|aldrichi,Animalia,Insecta,Diptera,Drosophilidae,Drosophila,aldrichi,Achiasmatic,Male,XY,12
Animalia|Insecta|Diptera|Drosophilidae|Drosophila|alexandrei,Animalia,Insecta,Diptera,Drosophilidae,Drosophila,alexandrei,Achiasmatic,Male,NA,8
Animalia|Insecta|Diptera|Drosophilidae|Drosophila|algonquin,Animalia,Insecta,Diptera,Drosophilidae,Drosophila,algonquin,Achiasmatic,Male,XY,10
Animalia|Insecta|Diptera|Drosophilidae|Drosophila|alpina,Animalia,Insecta,Diptera,Drosophilidae,Drosophila,alpina,Achiasmatic,Male,NA,6
Animalia|Insecta|Diptera|Drosophilidae|Drosophila|alsophila,Animalia,Insecta,Diptera,Drosophilidae,Drosophila,alsophila,Achiasmatic,Male,NA,12
Animalia|Insecta|Diptera|Drosophilidae|Drosophila|altiplanica,Animalia,Insecta,Diptera,Drosophilidae,Drosophila,altiplanica,Achiasmatic,Male,NA,10
Animalia|Insecta|Diptera|Drosophilidae|Drosophila|ambigua,Animalia,Insecta,Diptera,Drosophilidae,Drosophila,ambigua,Achiasmatic,Male,XY,10
Animalia|Insecta|Diptera|Drosophilidae|Drosophila|americana,Animalia,Insecta,Diptera,Drosophilidae,Drosophila,americana,Achiasmatic,Male,NA,8
Animalia|Insecta|Diptera|Drosophilidae|Drosophila|amplilobus,Animalia,Insecta,Diptera,Drosophilidae,Drosophila,amplilobus,Achiasmatic,Male,NA,10
Animalia|Insecta|Diptera|Drosophilidae|Drosophila|ananassae,Animalia,Insecta,Diptera,Drosophilidae,Drosophila,ananassae,Achiasmatic,Male,NA,8
Animalia|Insecta|Diptera|Drosophilidae|Drosophila|anceps,Animalia,Insecta,Diptera,Drosophilidae,Drosophila,anceps,Achiasmatic,Male,XY,12
Animalia|Insecta|Diptera|Drosophilidae|Drosophila|andamensis,Animalia,Insecta,Diptera,Drosophilidae,Drosophila,andamensis,Achiasmatic,Male,XY,8
Animalia|Insecta|Diptera|Drosophilidae|Drosophila|andina,Animalia,Insecta,Diptera,Drosophilidae,Drosophila,andina,Achiasmatic,Male,XY,10
Animalia|Insecta|Diptera|Drosophilidae|Drosophila|angularis,Animalia,Insecta,Diptera,Drosophilidae,Drosophila,angularis,Achiasmatic,Male,NA,12
Animalia|Insecta|Diptera|Drosophilidae|Drosophila|angustibucca,Animalia,Insecta,Diptera,Drosophilidae,Drosophila,angustibucca,Achiasmatic,Male,NA,12
Animalia|Insecta|Diptera|Drosophilidae|Drosophila|annulimana,Animalia,Insecta,Diptera,Drosophilidae,Drosophila,annulimana,Achiasmatic,Male,XO,10
Animalia|Insecta|Diptera|Drosophilidae|Drosophila|annulipes,Animalia,Insecta,Diptera,Drosophilidae,Drosophila,annulipes,Achiasmatic,Male,XY,6
Animalia|Insecta|Diptera|Drosophilidae|Drosophila|anomalipes,Animalia,Insecta,Diptera,Drosophilidae,Drosophila,anomalipes,Achiasmatic,Male,NA,12
Animalia|Insecta|Diptera|Drosophilidae|Drosophila|anomelani,Animalia,Insecta,Diptera,Drosophilidae,Drosophila,anomelani,Achiasmatic,Male,XY,8
Animalia|Insecta|Diptera|Drosophilidae|Drosophila|anoplastoma,Animalia,Insecta,Diptera,Drosophilidae,Drosophila,anoplastoma,Achiasmatic,Male,NA,12
Animalia|Insecta|Diptera|Drosophilidae|Drosophila|antilla,Animalia,Insecta,Diptera,Drosophilidae,Drosophila,antilla,Achiasmatic,Male,NA,8
Animalia|Insecta|Diptera|Drosophilidae|Drosophila|aracea,Animalia,Insecta,Diptera,Drosophilidae,Drosophila,aracea,Achiasmatic,Male,NA,6
Animalia|Insecta|Diptera|Drosophilidae|Drosophila|araicas,Animalia,Insecta,Diptera,Drosophilidae,Drosophila,araicas,Achiasmatic,Male,NA,10
Animalia|Insecta|Diptera|Drosophilidae|Drosophila|arapuan,Animalia,Insecta,Diptera,Drosophilidae,Drosophila,arapuan,Achiasmatic,Male,XY,8
Animalia|Insecta|Diptera|Drosophilidae|Drosophila|ararama,Animalia,Insecta,Diptera,Drosophilidae,Drosophila,ararama,Achiasmatic,Male,NA,10
Animalia|Insecta|Diptera|Drosophilidae|Drosophila|arassari,Animalia,Insecta,Diptera,Drosophilidae,Drosophila,arassari,Achiasmatic,Male,XY,12
Animalia|Insecta|Diptera|Drosophilidae|Drosophila|arauana,Animalia,Insecta,Diptera,Drosophilidae,Drosophila,arauana,Achiasmatic,Male,NA,12
Animalia|Insecta|Diptera|Drosophilidae|Drosophila|araucana,Animalia,Insecta,Diptera,Drosophilidae,Drosophila,araucana,Achiasmatic,Male,XY,12
Animalia|Insecta|Diptera|Drosophilidae|Drosophila|arauna,Animalia,Insecta,Diptera,Drosophilidae,Drosophila,arauna,Achiasmatic,Male,NA,12
Animalia|Insecta|Diptera|Drosophilidae|Drosophila|arawakana,Animalia,Insecta,Diptera,Drosophilidae,Drosophila,arawakana,Achiasmatic,Male,XY,8
Animalia|Insecta|Diptera|Drosophilidae|Drosophila|arcuata,Animalia,Insecta,Diptera,Drosophilidae,Drosophila,arcuata,Achiasmatic,Male,NA,12
Animalia|Insecta|Diptera|Drosophilidae|Drosophila|argentostriata,Animalia,Insecta,Diptera,Drosophilidae,Drosophila,argentostriata,Achiasmatic,Male,NA,12
Animalia|Insecta|Diptera|Drosophilidae|Drosophila|arizonensis,Animalia,Insecta,Diptera,Drosophilidae,Drosophila,arizonensis,Achiasmatic,Male,XY,12
Animalia|Insecta|Diptera|Drosophilidae|Drosophila|asketostoma,Animalia,Insecta,Diptera,Drosophilidae,Drosophila,asketostoma,Achiasmatic,Male,NA,12
Animalia|Insecta|Diptera|Drosophilidae|Drosophila|asper,Animalia,Insecta,Diptera,Drosophilidae,Drosophila,asper,Achiasmatic,Male,NA,12
Animalia|Insecta|Diptera|Drosophilidae|Drosophila|assita,Animalia,Insecta,Diptera,Drosophilidae,Drosophila,assita,Achiasmatic,Male,NA,12
Animalia|Insecta|Diptera|Drosophilidae|Drosophila|atalaia,Animalia,Insecta,Diptera,Drosophilidae,Drosophila,atalaia,Achiasmatic,Male,XY,6
Animalia|Insecta|Diptera|Drosophilidae|Drosophila|athabasca,Animalia,Insecta,Diptera,Drosophilidae,Drosophila,athabasca,Achiasmatic,Male,XY,10
Animalia|Insecta|Diptera|Drosophilidae|Drosophila|atrata,Animalia,Insecta,Diptera,Drosophilidae,Drosophila,atrata,Achiasmatic,Male,NA,12
Animalia|Insecta|Diptera|Drosophilidae|Drosophila|atrimentum,Animalia,Insecta,Diptera,Drosophilidae,Drosophila,atrimentum,Achiasmatic,Male,NA,12
Animalia|Insecta|Diptera|Drosophilidae|Drosophila|atripex,Animalia,Insecta,Diptera,Drosophilidae,Drosophila,atripex,Achiasmatic,Male,XY,8
Animalia|Insecta|Diptera|Drosophilidae|Drosophila|atroscutellata,Animalia,Insecta,Diptera,Drosophilidae,Drosophila,atroscutellata,Achiasmatic,Male,NA,12
Animalia|Insecta|Diptera|Drosophilidae|Drosophila|attigua,Animalia,Insecta,Diptera,Drosophilidae,Drosophila,attigua,Achiasmatic,Male,NA,12
Animalia|Insecta|Diptera|Drosophilidae|Drosophila|auraria,Animalia,Insecta,Diptera,Drosophilidae,Drosophila,auraria,Achiasmatic,Male,XY,8
Animalia|Insecta|Diptera|Drosophilidae|Drosophila|aureata,Animalia,Insecta,Diptera,Drosophilidae,Drosophila,aureata,Achiasmatic,Male,XY,12
Animalia|Insecta|Diptera|Drosophilidae|Drosophila|austrosaltans,Animalia,Insecta,Diptera,Drosophilidae,Drosophila,austrosaltans,Achiasmatic,Male,NA,6
Animalia|Insecta|Diptera|Drosophilidae|Drosophila|azteca,Animalia,Insecta,Diptera,Drosophilidae,Drosophila,azteca,Achiasmatic,Male,XY,10
Animalia|Insecta|Diptera|Drosophilidae|Drosophila|baelladunni,Animalia,Insecta,Diptera,Drosophilidae,Drosophila,baelladunni,Achiasmatic,Male,NA,8
Animalia|Insecta|Diptera|Drosophilidae|Drosophila|baimaii,Animalia,Insecta,Diptera,Drosophilidae,Drosophila,baimaii,Achiasmatic,Male,XY,6
Animalia|Insecta|Diptera|Drosophilidae|Drosophila|bakoue,Animalia,Insecta,Diptera,Drosophilidae,Drosophila,bakoue,Achiasmatic,Male,NA,8
Animalia|Insecta|Diptera|Drosophilidae|Drosophila|balioptera,Animalia,Insecta,Diptera,Drosophilidae,Drosophila,balioptera,Achiasmatic,Male,NA,12
Animalia|Insecta|Diptera|Drosophilidae|Drosophila|bandeirantorum,Animalia,Insecta,Diptera,Drosophilidae,Drosophila,bandeirantorum,Achiasmatic,Male,XY,12
Animalia|Insecta|Diptera|Drosophilidae|Drosophila|barbarae,Animalia,Insecta,Diptera,Drosophilidae,Drosophila,barbarae,Achiasmatic,Male,XY,6
Animalia|Insecta|Diptera|Drosophilidae|Drosophila|basimacula,Animalia,Insecta,Diptera,Drosophilidae,Drosophila,basimacula,Achiasmatic,Male,NA,12
Animalia|Insecta|Diptera|Drosophilidae|Drosophila|basisetae,Animalia,Insecta,Diptera,Drosophilidae,Drosophila,basisetae,Achiasmatic,Male,NA,12
Animalia|Insecta|Diptera|Drosophilidae|Drosophila|bedicheki,Animalia,Insecta,Diptera,Drosophilidae,Drosophila,bedicheki,Achiasmatic,Male,NA,8
Animalia|Insecta|Diptera|Drosophilidae|Drosophila|belladunni,Animalia,Insecta,Diptera,Drosophilidae,Drosophila,belladunni,Achiasmatic,Male,XY,8
Animalia|Insecta|Diptera|Drosophilidae|Drosophila|betari,Animalia,Insecta,Diptera,Drosophilidae,Drosophila,betari,Achiasmatic,Male,XY,10
Animalia|Insecta|Diptera|Drosophilidae|Drosophila|biarmipes,Animalia,Insecta,Diptera,Drosophilidae,Drosophila,biarmipes,Achiasmatic,Male,XY,8
Animalia|Insecta|Diptera|Drosophilidae|Drosophila|biauraria,Animalia,Insecta,Diptera,Drosophilidae,Drosophila,biauraria,Achiasmatic,Male,XY,6
Animalia|Insecta|Diptera|Drosophilidae|Drosophila|bicornuta,Animalia,Insecta,Diptera,Drosophilidae,Drosophila,bicornuta,Achiasmatic,Male,XY,8
Animalia|Insecta|Diptera|Drosophilidae|Drosophila|bifasciata,Animalia,Insecta,Diptera,Drosophilidae,Drosophila,bifasciata,Achiasmatic,Male,NA,10
Animalia|Insecta|Diptera|Drosophilidae|Drosophila|bifasicata,Animalia,Insecta,Diptera,Drosophilidae,Drosophila,bifasicata,Achiasmatic,Male,XY,10
Animalia|Insecta|Diptera|Drosophilidae|Drosophila|bifurca,Animalia,Insecta,Diptera,Drosophilidae,Drosophila,bifurca,Achiasmatic,Male,XY,12
Animalia|Insecta|Diptera|Drosophilidae|Drosophila|biopaca,Animalia,Insecta,Diptera,Drosophilidae,Drosophila,biopaca,Achiasmatic,Male,NA,6
Animalia|Insecta|Diptera|Drosophilidae|Drosophila|bipectinata,Animalia,Insecta,Diptera,Drosophilidae,Drosophila,bipectinata,Achiasmatic,Male,XY,8
Animalia|Insecta|Diptera|Drosophilidae|Drosophila|bipunctata,Animalia,Insecta,Diptera,Drosophilidae,Drosophila,bipunctata,Achiasmatic,Male,XY,12
Animalia|Insecta|Diptera|Drosophilidae|Drosophila|birchii,Animalia,Insecta,Diptera,Drosophilidae,Drosophila,birchii,Achiasmatic,Male,XY,8
Animalia|Insecta|Diptera|Drosophilidae|Drosophila|biseriata,Animalia,Insecta,Diptera,Drosophilidae,Drosophila,biseriata,Achiasmatic,Male,NA,10
Animalia|Insecta|Diptera|Drosophilidae|Drosophila|biseriata-like,Animalia,Insecta,Diptera,Drosophilidae,Drosophila,biseriata-like,Achiasmatic,Male,NA,12
Animalia|Insecta|Diptera|Drosophilidae|Drosophila|bizonata,Animalia,Insecta,Diptera,Drosophilidae,Drosophila,bizonata,Achiasmatic,Male,XY,8
Animalia|Insecta|Diptera|Drosophilidae|Drosophila|blumelae,Animalia,Insecta,Diptera,Drosophilidae,Drosophila,blumelae,Achiasmatic,Male,XY,12
Animalia|Insecta|Diptera|Drosophilidae|Drosophila|bocainensis,Animalia,Insecta,Diptera,Drosophilidae,Drosophila,bocainensis,Achiasmatic,Male,XY,6
Animalia|Insecta|Diptera|Drosophilidae|Drosophila|bocainoides,Animalia,Insecta,Diptera,Drosophilidae,Drosophila,bocainoides,Achiasmatic,Male,NA,6
Animalia|Insecta|Diptera|Drosophilidae|Drosophila|bocki,Animalia,Insecta,Diptera,Drosophilidae,Drosophila,bocki,Achiasmatic,Male,XY,8
Animalia|Insecta|Diptera|Drosophilidae|Drosophila|bocqueti,Animalia,Insecta,Diptera,Drosophilidae,Drosophila,bocqueti,Achiasmatic,Male,NA,8
Animalia|Insecta|Diptera|Drosophilidae|Drosophila|borborema,Animalia,Insecta,Diptera,Drosophilidae,Drosophila,borborema,Achiasmatic,Male,NA,12
Animalia|Insecta|Diptera|Drosophilidae|Drosophila|borealis,Animalia,Insecta,Diptera,Drosophilidae,Drosophila,borealis,Achiasmatic,Male,NA,12
Animalia|Insecta|Diptera|Drosophilidae|Drosophila|bostrycha,Animalia,Insecta,Diptera,Drosophilidae,Drosophila,bostrycha,Achiasmatic,Male,NA,12
Animalia|Insecta|Diptera|Drosophilidae|Drosophila|brachynephros,Animalia,Insecta,Diptera,Drosophilidae,Drosophila,brachynephros,Achiasmatic,Male,NA,12
Animalia|Insecta|Diptera|Drosophilidae|Drosophila|brevicarinata,Animalia,Insecta,Diptera,Drosophilidae,Drosophila,brevicarinata,Achiasmatic,Male,XY,12
Animalia|Insecta|Diptera|Drosophilidae|Drosophila|briegeri,Animalia,Insecta,Diptera,Drosophilidae,Drosophila,briegeri,Achiasmatic,Male,NA,8
Animalia|Insecta|Diptera|Drosophilidae|Drosophila|bristle,Animalia,Insecta,Diptera,Drosophilidae,Drosophila,bristle,Achiasmatic,Male,NA,10
Animalia|Insecta|Diptera|Drosophilidae|Drosophila|brncici,Animalia,Insecta,Diptera,Drosophilidae,Drosophila,brncici,Achiasmatic,Male,NA,10
Animalia|Insecta|Diptera|Drosophilidae|Drosophila|bromeliae,Animalia,Insecta,Diptera,Drosophilidae,Drosophila,bromeliae,Achiasmatic,Male,XY,8
Animalia|Insecta|Diptera|Drosophilidae|Drosophila|bromelioides,Animalia,Insecta,Diptera,Drosophilidae,Drosophila,bromelioides,Achiasmatic,Male,XY,8
Animalia|Insecta|Diptera|Drosophilidae|Drosophila|brooksae,Animalia,Insecta,Diptera,Drosophilidae,Drosophila,brooksae,Achiasmatic,Male,XY,8
Animalia|Insecta|Diptera|Drosophilidae|Drosophila|brunneipalpa,Animalia,Insecta,Diptera,Drosophilidae,Drosophila,brunneipalpa,Achiasmatic,Male,XY,12
Animalia|Insecta|Diptera|Drosophilidae|Drosophila|brunneipennis,Animalia,Insecta,Diptera,Drosophilidae,Drosophila,brunneipennis,Achiasmatic,Male,NA,12
Animalia|Insecta|Diptera|Drosophilidae|Drosophila|bryani,Animalia,Insecta,Diptera,Drosophilidae,Drosophila,bryani,Achiasmatic,Male,NA,6
Animalia|Insecta|Diptera|Drosophilidae|Drosophila|busckii,Animalia,Insecta,Diptera,Drosophilidae,Drosophila,busckii,Achiasmatic,Male,NA,6
Animalia|Insecta|Diptera|Drosophilidae|Drosophila|buzzatii,Animalia,Insecta,Diptera,Drosophilidae,Drosophila,buzzatii,Achiasmatic,Male,XY,12
Animalia|Insecta|Diptera|Drosophilidae|Drosophila|californica,Animalia,Insecta,Diptera,Drosophilidae,Drosophila,californica,Achiasmatic,Male,NA,8
Animalia|Insecta|Diptera|Drosophilidae|Drosophila|calloptera,Animalia,Insecta,Diptera,Drosophilidae,Drosophila,calloptera,Achiasmatic,Male,XY,10
Animalia|Insecta|Diptera|Drosophilidae|Drosophila|camargoi,Animalia,Insecta,Diptera,Drosophilidae,Drosophila,camargoi,Achiasmatic,Male,NA,8
Animalia|Insecta|Diptera|Drosophilidae|Drosophila|camaronensis,Animalia,Insecta,Diptera,Drosophilidae,Drosophila,camaronensis,Achiasmatic,Male,NA,10
Animalia|Insecta|Diptera|Drosophilidae|Drosophila|canalinea,Animalia,Insecta,Diptera,Drosophilidae,Drosophila,canalinea,Achiasmatic,Male,XY,8
Animalia|Insecta|Diptera|Drosophilidae|Drosophila|canalinioides,Animalia,Insecta,Diptera,Drosophilidae,Drosophila,canalinioides,Achiasmatic,Male,XY,12
Animalia|Insecta|Diptera|Drosophilidae|Drosophila|canapalpa,Animalia,Insecta,Diptera,Drosophilidae,Drosophila,canapalpa,Achiasmatic,Male,XY,12
Animalia|Insecta|Diptera|Drosophilidae|Drosophila|cancellata,Animalia,Insecta,Diptera,Drosophilidae,Drosophila,cancellata,Achiasmatic,Male,NA,10
Animalia|Insecta|Diptera|Drosophilidae|Drosophila|caponei,Animalia,Insecta,Diptera,Drosophilidae,Drosophila,caponei,Achiasmatic,Male,NA,8
Animalia|Insecta|Diptera|Drosophilidae|Drosophila|capricorni,Animalia,Insecta,Diptera,Drosophilidae,Drosophila,capricorni,Achiasmatic,Male,XY,6
Animalia|Insecta|Diptera|Drosophilidae|Drosophila|carbonaria,Animalia,Insecta,Diptera,Drosophilidae,Drosophila,carbonaria,Achiasmatic,Male,NA,12
Animalia|Insecta|Diptera|Drosophilidae|Drosophila|carcinophila,Animalia,Insecta,Diptera,Drosophilidae,Drosophila,carcinophila,Achiasmatic,Male,NA,10
Animalia|Insecta|Diptera|Drosophilidae|Drosophila|cardini,Animalia,Insecta,Diptera,Drosophilidae,Drosophila,cardini,Achiasmatic,Male,XY,12
Animalia|Insecta|Diptera|Drosophilidae|Drosophila|cardinoides,Animalia,Insecta,Diptera,Drosophilidae,Drosophila,cardinoides,Achiasmatic,Male,XY,8
Animalia|Insecta|Diptera|Drosophilidae|Drosophila|caribaiana,Animalia,Insecta,Diptera,Drosophilidae,Drosophila,caribaiana,Achiasmatic,Male,NA,8
Animalia|Insecta|Diptera|Drosophilidae|Drosophila|carsoni,Animalia,Insecta,Diptera,Drosophilidae,Drosophila,carsoni,Achiasmatic,Male,NA,12
Animalia|Insecta|Diptera|Drosophilidae|Drosophila|castanea,Animalia,Insecta,Diptera,Drosophilidae,Drosophila,castanea,Achiasmatic,Male,XY,8
Animalia|Insecta|Diptera|Drosophilidae|Drosophila|centralis,Animalia,Insecta,Diptera,Drosophilidae,Drosophila,centralis,Achiasmatic,Male,XY,12
Animalia|Insecta|Diptera|Drosophilidae|Drosophila|chaetopeza,Animalia,Insecta,Diptera,Drosophilidae,Drosophila,chaetopeza,Achiasmatic,Male,NA,12
Animalia|Insecta|Diptera|Drosophilidae|Drosophila|chamundiensis,Animalia,Insecta,Diptera,Drosophilidae,Drosophila,chamundiensis,Achiasmatic,Male,XY,8
Animalia|Insecta|Diptera|Drosophilidae|Drosophila|cheda,Animalia,Insecta,Diptera,Drosophilidae,Drosophila,cheda,Achiasmatic,Male,XY,8
Animalia|Insecta|Diptera|Drosophilidae|Drosophila|ciliaticrus,Animalia,Insecta,Diptera,Drosophilidae,Drosophila,ciliaticrus,Achiasmatic,Male,NA,12
Animalia|Insecta|Diptera|Drosophilidae|Drosophila|cilifemorata,Animalia,Insecta,Diptera,Drosophilidae,Drosophila,cilifemorata,Achiasmatic,Male,NA,12
Animalia|Insecta|Diptera|Drosophilidae|Drosophila|cilifera,Animalia,Insecta,Diptera,Drosophilidae,Drosophila,cilifera,Achiasmatic,Male,NA,12
Animalia|Insecta|Diptera|Drosophilidae|Drosophila|circumdata,Animalia,Insecta,Diptera,Drosophilidae,Drosophila,circumdata,Achiasmatic,Male,XY,12
Animalia|Insecta|Diptera|Drosophilidae|Drosophila|clavisetae,Animalia,Insecta,Diptera,Drosophilidae,Drosophila,clavisetae,Achiasmatic,Male,NA,12
Animalia|Insecta|Diptera|Drosophilidae|Drosophila|claytonae,Animalia,Insecta,Diptera,Drosophilidae,Drosophila,claytonae,Achiasmatic,Male,NA,12
Animalia|Insecta|Diptera|Drosophilidae|Drosophila|cognata,Animalia,Insecta,Diptera,Drosophilidae,Drosophila,cognata,Achiasmatic,Male,NA,12
Animalia|Insecta|Diptera|Drosophilidae|Drosophila|colorata,Animalia,Insecta,Diptera,Drosophilidae,Drosophila,colorata,Achiasmatic,Male,XY,12
Animalia|Insecta|Diptera|Drosophilidae|Drosophila|comatifemora,Animalia,Insecta,Diptera,Drosophilidae,Drosophila,comatifemora,Achiasmatic,Male,NA,12
Animalia|Insecta|Diptera|Drosophilidae|Drosophila|confusa,Animalia,Insecta,Diptera,Drosophilidae,Drosophila,confusa,Achiasmatic,Male,NA,10
Animalia|Insecta|Diptera|Drosophilidae|Drosophila|conjectura,Animalia,Insecta,Diptera,Drosophilidae,Drosophila,conjectura,Achiasmatic,Male,NA,12
Animalia|Insecta|Diptera|Drosophilidae|Drosophila|conspicua,Animalia,Insecta,Diptera,Drosophilidae,Drosophila,conspicua,Achiasmatic,Male,NA,12
Animalia|Insecta|Diptera|Drosophilidae|Drosophila|converga,Animalia,Insecta,Diptera,Drosophilidae,Drosophila,converga,Achiasmatic,Male,NA,12
Animalia|Insecta|Diptera|Drosophilidae|Drosophila|coracina,Animalia,Insecta,Diptera,Drosophilidae,Drosophila,coracina,Achiasmatic,Male,XY,8
Animalia|Insecta|Diptera|Drosophilidae|Drosophila|cordata,Animalia,Insecta,Diptera,Drosophilidae,Drosophila,cordata,Achiasmatic,Male,NA,6
Animalia|Insecta|Diptera|Drosophilidae|Drosophila|coroica,Animalia,Insecta,Diptera,Drosophilidae,Drosophila,coroica,Achiasmatic,Male,NA,12
Animalia|Insecta|Diptera|Drosophilidae|Drosophila|crassifemur,Animalia,Insecta,Diptera,Drosophilidae,Drosophila,crassifemur,Achiasmatic,Male,NA,10
Animalia|Insecta|Diptera|Drosophilidae|Drosophila|crocina,Animalia,Insecta,Diptera,Drosophilidae,Drosophila,crocina,Achiasmatic,Male,XY,12
Animalia|Insecta|Diptera|Drosophilidae|Drosophila|crucigera,Animalia,Insecta,Diptera,Drosophilidae,Drosophila,crucigera,Achiasmatic,Male,NA,12
Animalia|Insecta|Diptera|Drosophilidae|Drosophila|cuauhtemoci,Animalia,Insecta,Diptera,Drosophilidae,Drosophila,cuauhtemoci,Achiasmatic,Male,NA,10
Animalia|Insecta|Diptera|Drosophilidae|Drosophila|curviceps,Animalia,Insecta,Diptera,Drosophilidae,Drosophila,curviceps,Achiasmatic,Male,NA,8
Animalia|Insecta|Diptera|Drosophilidae|Drosophila|cyrtoloma,Animalia,Insecta,Diptera,Drosophilidae,Drosophila,cyrtoloma,Achiasmatic,Male,NA,12
Animalia|Insecta|Diptera|Drosophilidae|Drosophila|davidi,Animalia,Insecta,Diptera,Drosophilidae,Drosophila,davidi,Achiasmatic,Male,XY,8
Animalia|Insecta|Diptera|Drosophilidae|Drosophila|deltaneuron,Animalia,Insecta,Diptera,Drosophilidae,Drosophila,deltaneuron,Achiasmatic,Male,NA,8
Animalia|Insecta|Diptera|Drosophilidae|Drosophila|denticulata,Animalia,Insecta,Diptera,Drosophilidae,Drosophila,denticulata,Achiasmatic,Male,XY,8
Animalia|Insecta|Diptera|Drosophilidae|Drosophila|desertorum,Animalia,Insecta,Diptera,Drosophilidae,Drosophila,desertorum,Achiasmatic,Male,NA,12
Animalia|Insecta|Diptera|Drosophilidae|Drosophila|diamphidiopoda,Animalia,Insecta,Diptera,Drosophilidae,Drosophila,diamphidiopoda,Achiasmatic,Male,NA,12
Animalia|Insecta|Diptera|Drosophilidae|Drosophila|differens,Animalia,Insecta,Diptera,Drosophilidae,Drosophila,differens,Achiasmatic,Male,NA,12
Animalia|Insecta|Diptera|Drosophilidae|Drosophila|digressa,Animalia,Insecta,Diptera,Drosophilidae,Drosophila,digressa,Achiasmatic,Male,NA,12
Animalia|Insecta|Diptera|Drosophilidae|Drosophila|diminuens,Animalia,Insecta,Diptera,Drosophilidae,Drosophila,diminuens,Achiasmatic,Male,NA,12
Animalia|Insecta|Diptera|Drosophilidae|Drosophila|discreta,Animalia,Insecta,Diptera,Drosophilidae,Drosophila,discreta,Achiasmatic,Male,NA,12
Animalia|Insecta|Diptera|Drosophilidae|Drosophila|disjuncta,Animalia,Insecta,Diptera,Drosophilidae,Drosophila,disjuncta,Achiasmatic,Male,NA,12
Animalia|Insecta|Diptera|Drosophilidae|Drosophila|dissita,Animalia,Insecta,Diptera,Drosophilidae,Drosophila,dissita,Achiasmatic,Male,NA,12
Animalia|Insecta|Diptera|Drosophilidae|Drosophila|disticha,Animalia,Insecta,Diptera,Drosophilidae,Drosophila,disticha,Achiasmatic,Male,NA,12
Animalia|Insecta|Diptera|Drosophilidae|Drosophila|distinguenda,Animalia,Insecta,Diptera,Drosophilidae,Drosophila,distinguenda,Achiasmatic,Male,NA,12
Animalia|Insecta|Diptera|Drosophilidae|Drosophila|divaricata,Animalia,Insecta,Diptera,Drosophilidae,Drosophila,divaricata,Achiasmatic,Male,NA,12
Animalia|Insecta|Diptera|Drosophilidae|Drosophila|dominicana,Animalia,Insecta,Diptera,Drosophilidae,Drosophila,dominicana,Achiasmatic,Male,XY,8
Animalia|Insecta|Diptera|Drosophilidae|Drosophila|dreyfusi,Animalia,Insecta,Diptera,Drosophilidae,Drosophila,dreyfusi,Achiasmatic,Male,XY,6
Animalia|Insecta|Diptera|Drosophilidae|Drosophila|duncani,Animalia,Insecta,Diptera,Drosophilidae,Drosophila,duncani,Achiasmatic,Male,XY,10
Animalia|Insecta|Diptera|Drosophilidae|Drosophila|dunni,Animalia,Insecta,Diptera,Drosophilidae,Drosophila,dunni,Achiasmatic,Male,NA,8
Animalia|Insecta|Diptera|Drosophilidae|Drosophila|earlei,Animalia,Insecta,Diptera,Drosophilidae,Drosophila,earlei,Achiasmatic,Male,NA,6
Animalia|Insecta|Diptera|Drosophilidae|Drosophila|eilifera,Animalia,Insecta,Diptera,Drosophilidae,Drosophila,eilifera,Achiasmatic,Male,NA,12
Animalia|Insecta|Diptera|Drosophilidae|Drosophila|elegans,Animalia,Insecta,Diptera,Drosophilidae,Drosophila,elegans,Achiasmatic,Male,XY,10
Animalia|Insecta|Diptera|Drosophilidae|Drosophila|elliptica,Animalia,Insecta,Diptera,Drosophilidae,Drosophila,elliptica,Achiasmatic,Male,NA,6
Animalia|Insecta|Diptera|Drosophilidae|Drosophila|emarginata,Animalia,Insecta,Diptera,Drosophilidae,Drosophila,emarginata,Achiasmatic,Male,NA,6
Animalia|Insecta|Diptera|Drosophilidae|Drosophila|endobranchia,Animalia,Insecta,Diptera,Drosophilidae,Drosophila,endobranchia,Achiasmatic,Male,NA,8
Animalia|Insecta|Diptera|Drosophilidae|Drosophila|engyochracea,Animalia,Insecta,Diptera,Drosophilidae,Drosophila,engyochracea,Achiasmatic,Male,NA,12
Animalia|Insecta|Diptera|Drosophilidae|Drosophila|enigma,Animalia,Insecta,Diptera,Drosophilidae,Drosophila,enigma,Achiasmatic,Male,XY,12
Animalia|Insecta|Diptera|Drosophilidae|Drosophila|entrichocnema,Animalia,Insecta,Diptera,Drosophilidae,Drosophila,entrichocnema,Achiasmatic,Male,NA,12
Animalia|Insecta|Diptera|Drosophilidae|Drosophila|eohydei,Animalia,Insecta,Diptera,Drosophilidae,Drosophila,eohydei,Achiasmatic,Male,XY,12
Animalia|Insecta|Diptera|Drosophilidae|Drosophila|equinioxialis,Animalia,Insecta,Diptera,Drosophilidae,Drosophila,equinioxialis,Achiasmatic,Male,XY,6
Animalia|Insecta|Diptera|Drosophilidae|Drosophila|ercepeae,Animalia,Insecta,Diptera,Drosophilidae,Drosophila,ercepeae,Achiasmatic,Male,XY,8
Animalia|Insecta|Diptera|Drosophilidae|Drosophila|erecta,Animalia,Insecta,Diptera,Drosophilidae,Drosophila,erecta,Achiasmatic,Male,XY,8
Animalia|Insecta|Diptera|Drosophilidae|Drosophila|eremophila,Animalia,Insecta,Diptera,Drosophilidae,Drosophila,eremophila,Achiasmatic,Male,XY,12
Animalia|Insecta|Diptera|Drosophilidae|Drosophila|eskoi,Animalia,Insecta,Diptera,Drosophilidae,Drosophila,eskoi,Achiasmatic,Male,XY,10
Animalia|Insecta|Diptera|Drosophilidae|Drosophila|eugracilis,Animalia,Insecta,Diptera,Drosophilidae,Drosophila,eugracilis,Achiasmatic,Male,XY,6
Animalia|Insecta|Diptera|Drosophilidae|Drosophila|euronotus,Animalia,Insecta,Diptera,Drosophilidae,Drosophila,euronotus,Achiasmatic,Male,NA,10
Animalia|Insecta|Diptera|Drosophilidae|Drosophila|eurypeza,Animalia,Insecta,Diptera,Drosophilidae,Drosophila,eurypeza,Achiasmatic,Male,NA,12
Animalia|Insecta|Diptera|Drosophilidae|Drosophila|ezoana,Animalia,Insecta,Diptera,Drosophilidae,Drosophila,ezoana,Achiasmatic,Male,NA,12
Animalia|Insecta|Diptera|Drosophilidae|Drosophila|facialba,Animalia,Insecta,Diptera,Drosophilidae,Drosophila,facialba,Achiasmatic,Male,NA,12
Animalia|Insecta|Diptera|Drosophilidae|Drosophila|fairchildi,Animalia,Insecta,Diptera,Drosophilidae,Drosophila,fairchildi,Achiasmatic,Male,NA,10
Animalia|Insecta|Diptera|Drosophilidae|Drosophila|falleni,Animalia,Insecta,Diptera,Drosophilidae,Drosophila,falleni,Achiasmatic,Male,NA,12
Animalia|Insecta|Diptera|Drosophilidae|Drosophila|fasciculisetae,Animalia,Insecta,Diptera,Drosophilidae,Drosophila,fasciculisetae,Achiasmatic,Male,NA,12
Animalia|Insecta|Diptera|Drosophilidae|Drosophila|fasciola,Animalia,Insecta,Diptera,Drosophilidae,Drosophila,fasciola,Achiasmatic,Male,XY,12
Animalia|Insecta|Diptera|Drosophilidae|Drosophila|fascioloides,Animalia,Insecta,Diptera,Drosophilidae,Drosophila,fascioloides,Achiasmatic,Male,NA,8
Animalia|Insecta|Diptera|Drosophilidae|Drosophila|ficusphila,Animalia,Insecta,Diptera,Drosophilidae,Drosophila,ficusphila,Achiasmatic,Male,XY,8
Animalia|Insecta|Diptera|Drosophilidae|Drosophila|flavibasis,Animalia,Insecta,Diptera,Drosophilidae,Drosophila,flavibasis,Achiasmatic,Male,NA,12
Animalia|Insecta|Diptera|Drosophilidae|Drosophila|flavomontana,Animalia,Insecta,Diptera,Drosophilidae,Drosophila,flavomontana,Achiasmatic,Male,NA,12
Animalia|Insecta|Diptera|Drosophilidae|Drosophila|flavopilosa,Animalia,Insecta,Diptera,Drosophilidae,Drosophila,flavopilosa,Achiasmatic,Male,NA,12
Animalia|Insecta|Diptera|Drosophilidae|Drosophila|flavopinicola,Animalia,Insecta,Diptera,Drosophilidae,Drosophila,flavopinicola,Achiasmatic,Male,XY,12
Animalia|Insecta|Diptera|Drosophilidae|Drosophila|flavorepleta,Animalia,Insecta,Diptera,Drosophilidae,Drosophila,flavorepleta,Achiasmatic,Male,XY,12
Animalia|Insecta|Diptera|Drosophilidae|Drosophila|flexipes,Animalia,Insecta,Diptera,Drosophilidae,Drosophila,flexipes,Achiasmatic,Male,NA,12
Animalia|Insecta|Diptera|Drosophilidae|Drosophila|florae,Animalia,Insecta,Diptera,Drosophilidae,Drosophila,florae,Achiasmatic,Male,XY,8
Animalia|Insecta|Diptera|Drosophilidae|Drosophila|formella,Animalia,Insecta,Diptera,Drosophilidae,Drosophila,formella,Achiasmatic,Male,XY,12
Animalia|Insecta|Diptera|Drosophilidae|Drosophila|fragilis,Animalia,Insecta,Diptera,Drosophilidae,Drosophila,fragilis,Achiasmatic,Male,NA,10
Animalia|Insecta|Diptera|Drosophilidae|Drosophila|freycinetiae,Animalia,Insecta,Diptera,Drosophilidae,Drosophila,freycinetiae,Achiasmatic,Male,NA,12
Animalia|Insecta|Diptera|Drosophilidae|Drosophila|fuliginea,Animalia,Insecta,Diptera,Drosophilidae,Drosophila,fuliginea,Achiasmatic,Male,XY,8
Animalia|Insecta|Diptera|Drosophilidae|Drosophila|fulvalineata,Animalia,Insecta,Diptera,Drosophilidae,Drosophila,fulvalineata,Achiasmatic,Male,XY,12
Animalia|Insecta|Diptera|Drosophilidae|Drosophila|fulvimacula,Animalia,Insecta,Diptera,Drosophilidae,Drosophila,fulvimacula,Achiasmatic,Male,NA,12
Animalia|Insecta|Diptera|Drosophilidae|Drosophila|fulvimaculoides,Animalia,Insecta,Diptera,Drosophilidae,Drosophila,fulvimaculoides,Achiasmatic,Male,XY,12
Animalia|Insecta|Diptera|Drosophilidae|Drosophila|fumida,Animalia,Insecta,Diptera,Drosophilidae,Drosophila,fumida,Achiasmatic,Male,XY,8
Animalia|Insecta|Diptera|Drosophilidae|Drosophila|fumipennis,Animalia,Insecta,Diptera,Drosophilidae,Drosophila,fumipennis,Achiasmatic,Male,XY,6
Animalia|Insecta|Diptera|Drosophilidae|Drosophila|fumosa,Animalia,Insecta,Diptera,Drosophilidae,Drosophila,fumosa,Achiasmatic,Male,XY,8
Animalia|Insecta|Diptera|Drosophilidae|Drosophila|funebris,Animalia,Insecta,Diptera,Drosophilidae,Drosophila,funebris,Achiasmatic,Male,NA,12
Animalia|Insecta|Diptera|Drosophilidae|Drosophila|fuscoamoeba,Animalia,Insecta,Diptera,Drosophilidae,Drosophila,fuscoamoeba,Achiasmatic,Male,NA,12
Animalia|Insecta|Diptera|Drosophilidae|Drosophila|gasici,Animalia,Insecta,Diptera,Drosophilidae,Drosophila,gasici,Achiasmatic,Male,NA,10
Animalia|Insecta|Diptera|Drosophilidae|Drosophila|gaucha,Animalia,Insecta,Diptera,Drosophilidae,Drosophila,gaucha,Achiasmatic,Male,NA,10
Animalia|Insecta|Diptera|Drosophilidae|Drosophila|gibberosa,Animalia,Insecta,Diptera,Drosophilidae,Drosophila,gibberosa,Achiasmatic,Male,XY,10
Animalia|Insecta|Diptera|Drosophilidae|Drosophila|giriensis,Animalia,Insecta,Diptera,Drosophilidae,Drosophila,giriensis,Achiasmatic,Male,XY,8
Animalia|Insecta|Diptera|Drosophilidae|Drosophila|glabriapex,Animalia,Insecta,Diptera,Drosophilidae,Drosophila,glabriapex,Achiasmatic,Male,NA,12
Animalia|Insecta|Diptera|Drosophilidae|Drosophila|goureaui,Animalia,Insecta,Diptera,Drosophilidae,Drosophila,goureaui,Achiasmatic,Male,NA,12
Animalia|Insecta|Diptera|Drosophilidae|Drosophila|gradata,Animalia,Insecta,Diptera,Drosophilidae,Drosophila,gradata,Achiasmatic,Male,NA,12
Animalia|Insecta|Diptera|Drosophilidae|Drosophila|greeni,Animalia,Insecta,Diptera,Drosophilidae,Drosophila,greeni,Achiasmatic,Male,NA,8
Animalia|Insecta|Diptera|Drosophilidae|Drosophila|greerae,Animalia,Insecta,Diptera,Drosophilidae,Drosophila,greerae,Achiasmatic,Male,XY,12
Animalia|Insecta|Diptera|Drosophilidae|Drosophila|grimshawi,Animalia,Insecta,Diptera,Drosophilidae,Drosophila,grimshawi,Achiasmatic,Male,NA,12
Animalia|Insecta|Diptera|Drosophilidae|Drosophila|grisea,Animalia,Insecta,Diptera,Drosophilidae,Drosophila,grisea,Achiasmatic,Male,XO,12
Animalia|Insecta|Diptera|Drosophilidae|Drosophila|griseolineata,Animalia,Insecta,Diptera,Drosophilidae,Drosophila,griseolineata,Achiasmatic,Male,XY,12
Animalia|Insecta|Diptera|Drosophilidae|Drosophila|guanche,Animalia,Insecta,Diptera,Drosophilidae,Drosophila,guanche,Achiasmatic,Male,XY,10
Animalia|Insecta|Diptera|Drosophilidae|Drosophila|guaraja,Animalia,Insecta,Diptera,Drosophilidae,Drosophila,guaraja,Achiasmatic,Male,XY,10
Animalia|Insecta|Diptera|Drosophilidae|Drosophila|guaramunu,Animalia,Insecta,Diptera,Drosophilidae,Drosophila,guaramunu,Achiasmatic,Male,XY,12
Animalia|Insecta|Diptera|Drosophilidae|Drosophila|guarani,Animalia,Insecta,Diptera,Drosophilidae,Drosophila,guarani,Achiasmatic,Male,XY,12
Animalia|Insecta|Diptera|Drosophilidae|Drosophila|guaru,Animalia,Insecta,Diptera,Drosophilidae,Drosophila,guaru,Achiasmatic,Male,XY,12
Animalia|Insecta|Diptera|Drosophilidae|Drosophila|guttifera,Animalia,Insecta,Diptera,Drosophilidae,Drosophila,guttifera,Achiasmatic,Male,XY,12
Animalia|Insecta|Diptera|Drosophilidae|Drosophila|gymnobasis,Animalia,Insecta,Diptera,Drosophilidae,Drosophila,gymnobasis,Achiasmatic,Male,NA,12
Animalia|Insecta|Diptera|Drosophilidae|Drosophila|gymnophallus,Animalia,Insecta,Diptera,Drosophilidae,Drosophila,gymnophallus,Achiasmatic,Male,NA,12
Animalia|Insecta|Diptera|Drosophilidae|Drosophila|hamatofila,Animalia,Insecta,Diptera,Drosophilidae,Drosophila,hamatofila,Achiasmatic,Male,XY,12
Animalia|Insecta|Diptera|Drosophilidae|Drosophila|hamifera,Animalia,Insecta,Diptera,Drosophilidae,Drosophila,hamifera,Achiasmatic,Male,NA,12
Animalia|Insecta|Diptera|Drosophilidae|Drosophila|hanaulae,Animalia,Insecta,Diptera,Drosophilidae,Drosophila,hanaulae,Achiasmatic,Male,NA,12
Animalia|Insecta|Diptera|Drosophilidae|Drosophila|hawaiiensis,Animalia,Insecta,Diptera,Drosophilidae,Drosophila,hawaiiensis,Achiasmatic,Male,NA,12
Animalia|Insecta|Diptera|Drosophilidae|Drosophila|heedi,Animalia,Insecta,Diptera,Drosophilidae,Drosophila,heedi,Achiasmatic,Male,NA,12
Animalia|Insecta|Diptera|Drosophilidae|Drosophila|helvetica,Animalia,Insecta,Diptera,Drosophilidae,Drosophila,helvetica,Achiasmatic,Male,NA,10
Animalia|Insecta|Diptera|Drosophilidae|Drosophila|hemipeza,Animalia,Insecta,Diptera,Drosophilidae,Drosophila,hemipeza,Achiasmatic,Male,NA,12
Animalia|Insecta|Diptera|Drosophilidae|Drosophila|heterobristalis,Animalia,Insecta,Diptera,Drosophilidae,Drosophila,heterobristalis,Achiasmatic,Male,XY,8
Animalia|Insecta|Diptera|Drosophilidae|Drosophila|heteroneura,Animalia,Insecta,Diptera,Drosophilidae,Drosophila,heteroneura,Achiasmatic,Male,NA,12
Animalia|Insecta|Diptera|Drosophilidae|Drosophila|hexachaetae,Animalia,Insecta,Diptera,Drosophilidae,Drosophila,hexachaetae,Achiasmatic,Male,NA,12
Animalia|Insecta|Diptera|Drosophilidae|Drosophila|hexastigma,Animalia,Insecta,Diptera,Drosophilidae,Drosophila,hexastigma,Achiasmatic,Male,XY,12
Animalia|Insecta|Diptera|Drosophilidae|Drosophila|hexastriata,Animalia,Insecta,Diptera,Drosophilidae,Drosophila,hexastriata,Achiasmatic,Male,NA,8
Animalia|Insecta|Diptera|Drosophilidae|Drosophila|hirtipalpus,Animalia,Insecta,Diptera,Drosophilidae,Drosophila,hirtipalpus,Achiasmatic,Male,NA,12
Animalia|Insecta|Diptera|Drosophilidae|Drosophila|histrio,Animalia,Insecta,Diptera,Drosophilidae,Drosophila,histrio,Achiasmatic,Male,XY,12
Animalia|Insecta|Diptera|Drosophilidae|Drosophila|howensis,Animalia,Insecta,Diptera,Drosophilidae,Drosophila,howensis,Achiasmatic,Male,XY,12
Animalia|Insecta|Diptera|Drosophilidae|Drosophila|hydei,Animalia,Insecta,Diptera,Drosophilidae,Drosophila,hydei,Achiasmatic,Male,XY,12
Animalia|Insecta|Diptera|Drosophilidae|Drosophila|hydeoides,Animalia,Insecta,Diptera,Drosophilidae,Drosophila,hydeoides,Achiasmatic,Male,XY,12
Animalia|Insecta|Diptera|Drosophilidae|Drosophila|hypocausta,Animalia,Insecta,Diptera,Drosophilidae,Drosophila,hypocausta,Achiasmatic,Male,NA,8
Animalia|Insecta|Diptera|Drosophilidae|Drosophila|hystricosa,Animalia,Insecta,Diptera,Drosophilidae,Drosophila,hystricosa,Achiasmatic,Male,NA,10
Animalia|Insecta|Diptera|Drosophilidae|Drosophila|imaii,Animalia,Insecta,Diptera,Drosophilidae,Drosophila,imaii,Achiasmatic,Male,XY,10
Animalia|Insecta|Diptera|Drosophilidae|Drosophila|imeretensis,Animalia,Insecta,Diptera,Drosophilidae,Drosophila,imeretensis,Achiasmatic,Male,XY,10
Animalia|Insecta|Diptera|Drosophilidae|Drosophila|immigrans,Animalia,Insecta,Diptera,Drosophilidae,Drosophila,immigrans,Achiasmatic,Male,XY,8
Animalia|Insecta|Diptera|Drosophilidae|Drosophila|immigrans-like,Animalia,Insecta,Diptera,Drosophilidae,Drosophila,immigrans-like,Achiasmatic,Male,NA,12
Animalia|Insecta|Diptera|Drosophilidae|Drosophila|imparisetae,Animalia,Insecta,Diptera,Drosophilidae,Drosophila,imparisetae,Achiasmatic,Male,NA,12
Animalia|Insecta|Diptera|Drosophilidae|Drosophila|inca,Animalia,Insecta,Diptera,Drosophilidae,Drosophila,inca,Achiasmatic,Male,NA,12
Animalia|Insecta|Diptera|Drosophilidae|Drosophila|inedita,Animalia,Insecta,Diptera,Drosophilidae,Drosophila,inedita,Achiasmatic,Male,NA,12
Animalia|Insecta|Diptera|Drosophilidae|Drosophila|inflatus,Animalia,Insecta,Diptera,Drosophilidae,Drosophila,inflatus,Achiasmatic,Male,NA,10
Animalia|Insecta|Diptera|Drosophilidae|Drosophila|infuscata,Animalia,Insecta,Diptera,Drosophilidae,Drosophila,infuscata,Achiasmatic,Male,NA,12
Animalia|Insecta|Diptera|Drosophilidae|Drosophila|ingens,Animalia,Insecta,Diptera,Drosophilidae,Drosophila,ingens,Achiasmatic,Male,NA,12
Animalia|Insecta|Diptera|Drosophilidae|Drosophila|innubila,Animalia,Insecta,Diptera,Drosophilidae,Drosophila,innubila,Achiasmatic,Male,XY,12
Animalia|Insecta|Diptera|Drosophilidae|Drosophila|insularis,Animalia,Insecta,Diptera,Drosophilidae,Drosophila,insularis,Achiasmatic,Male,NA,6
Animalia|Insecta|Diptera|Drosophilidae|Drosophila|ischnotrix,Animalia,Insecta,Diptera,Drosophilidae,Drosophila,ischnotrix,Achiasmatic,Male,NA,8
Animalia|Insecta|Diptera|Drosophilidae|Drosophila|jambulina,Animalia,Insecta,Diptera,Drosophilidae,Drosophila,jambulina,Achiasmatic,Male,XY,8
Animalia|Insecta|Diptera|Drosophilidae|Drosophila|johnstonae,Animalia,Insecta,Diptera,Drosophilidae,Drosophila,johnstonae,Achiasmatic,Male,XY,12
Animalia|Insecta|Diptera|Drosophilidae|Drosophila|kambysellisi,Animalia,Insecta,Diptera,Drosophilidae,Drosophila,kambysellisi,Achiasmatic,Male,NA,12
Animalia|Insecta|Diptera|Drosophilidae|Drosophila|kanapiae,Animalia,Insecta,Diptera,Drosophilidae,Drosophila,kanapiae,Achiasmatic,Male,XY,6
Animalia|Insecta|Diptera|Drosophilidae|Drosophila|kanekoi,Animalia,Insecta,Diptera,Drosophilidae,Drosophila,kanekoi,Achiasmatic,Male,XY,12
Animalia|Insecta|Diptera|Drosophilidae|Drosophila|kauluai,Animalia,Insecta,Diptera,Drosophilidae,Drosophila,kauluai,Achiasmatic,Male,NA,12
Animalia|Insecta|Diptera|Drosophilidae|Drosophila|kepulauana,Animalia,Insecta,Diptera,Drosophilidae,Drosophila,kepulauana,Achiasmatic,Male,XY,8
Animalia|Insecta|Diptera|Drosophilidae|Drosophila|khaoyana,Animalia,Insecta,Diptera,Drosophilidae,Drosophila,khaoyana,Achiasmatic,Male,XY,6
Animalia|Insecta|Diptera|Drosophilidae|Drosophila|kikkawai,Animalia,Insecta,Diptera,Drosophilidae,Drosophila,kikkawai,Achiasmatic,Male,XY,8
Animalia|Insecta|Diptera|Drosophilidae|Drosophila|kohkoa,Animalia,Insecta,Diptera,Drosophilidae,Drosophila,kohkoa,Achiasmatic,Male,XY,8
Animalia|Insecta|Diptera|Drosophilidae|Drosophila|komaii,Animalia,Insecta,Diptera,Drosophilidae,Drosophila,komaii,Achiasmatic,Male,XY,8
Animalia|Insecta|Diptera|Drosophilidae|Drosophila|lacertosa,Animalia,Insecta,Diptera,Drosophilidae,Drosophila,lacertosa,Achiasmatic,Male,NA,12
Animalia|Insecta|Diptera|Drosophilidae|Drosophila|lacicola,Animalia,Insecta,Diptera,Drosophilidae,Drosophila,lacicola,Achiasmatic,Male,NA,12
Animalia|Insecta|Diptera|Drosophilidae|Drosophila|lacteicornis,Animalia,Insecta,Diptera,Drosophilidae,Drosophila,lacteicornis,Achiasmatic,Male,XY,8
Animalia|Insecta|Diptera|Drosophilidae|Drosophila|lamottei,Animalia,Insecta,Diptera,Drosophilidae,Drosophila,lamottei,Achiasmatic,Male,XY,6
Animalia|Insecta|Diptera|Drosophilidae|Drosophila|lasiopoda,Animalia,Insecta,Diptera,Drosophilidae,Drosophila,lasiopoda,Achiasmatic,Male,NA,12
Animalia|Insecta|Diptera|Drosophilidae|Drosophila|latifasciaeformis,Animalia,Insecta,Diptera,Drosophilidae,Drosophila,latifasciaeformis,Achiasmatic,Male,NA,6
Animalia|Insecta|Diptera|Drosophilidae|Drosophila|latifshahi,Animalia,Insecta,Diptera,Drosophilidae,Drosophila,latifshahi,Achiasmatic,Male,XY,12
Animalia|Insecta|Diptera|Drosophilidae|Drosophila|lativittata,Animalia,Insecta,Diptera,Drosophilidae,Drosophila,lativittata,Achiasmatic,Male,XY,12
Animalia|Insecta|Diptera|Drosophilidae|Drosophila|lebanonensis,Animalia,Insecta,Diptera,Drosophilidae,Drosophila,lebanonensis,Achiasmatic,Male,NA,8
Animalia|Insecta|Diptera|Drosophilidae|Drosophila|leonis,Animalia,Insecta,Diptera,Drosophilidae,Drosophila,leonis,Achiasmatic,Male,XY,12
Animalia|Insecta|Diptera|Drosophilidae|Drosophila|leontia,Animalia,Insecta,Diptera,Drosophilidae,Drosophila,leontia,Achiasmatic,Male,XY,8
Animalia|Insecta|Diptera|Drosophilidae|Drosophila|limbinervis,Animalia,Insecta,Diptera,Drosophilidae,Drosophila,limbinervis,Achiasmatic,Male,XY,12
Animalia|Insecta|Diptera|Drosophilidae|Drosophila|limensis,Animalia,Insecta,Diptera,Drosophilidae,Drosophila,limensis,Achiasmatic,Male,XY,12
Animalia|Insecta|Diptera|Drosophilidae|Drosophila|limitata,Animalia,Insecta,Diptera,Drosophilidae,Drosophila,limitata,Achiasmatic,Male,NA,12
Animalia|Insecta|Diptera|Drosophilidae|Drosophila|limpiensis,Animalia,Insecta,Diptera,Drosophilidae,Drosophila,limpiensis,Achiasmatic,Male,XY,12
Animalia|Insecta|Diptera|Drosophilidae|Drosophila|linearepleta,Animalia,Insecta,Diptera,Drosophilidae,Drosophila,linearepleta,Achiasmatic,Male,NA,12
Animalia|Insecta|Diptera|Drosophilidae|Drosophila|lineosetae,Animalia,Insecta,Diptera,Drosophilidae,Drosophila,lineosetae,Achiasmatic,Male,NA,12
Animalia|Insecta|Diptera|Drosophilidae|Drosophila|lini,Animalia,Insecta,Diptera,Drosophilidae,Drosophila,lini,Achiasmatic,Male,XY,8
Animalia|Insecta|Diptera|Drosophilidae|Drosophila|liophallus,Animalia,Insecta,Diptera,Drosophilidae,Drosophila,liophallus,Achiasmatic,Male,NA,12
Animalia|Insecta|Diptera|Drosophilidae|Drosophila|littoralis,Animalia,Insecta,Diptera,Drosophilidae,Drosophila,littoralis,Achiasmatic,Male,NA,12
Animalia|Insecta|Diptera|Drosophilidae|Drosophila|longala,Animalia,Insecta,Diptera,Drosophilidae,Drosophila,longala,Achiasmatic,Male,XO,12
Animalia|Insecta|Diptera|Drosophilidae|Drosophila|longicornis,Animalia,Insecta,Diptera,Drosophilidae,Drosophila,longicornis,Achiasmatic,Male,XY,12
Animalia|Insecta|Diptera|Drosophilidae|Drosophila|longiseta,Animalia,Insecta,Diptera,Drosophilidae,Drosophila,longiseta,Achiasmatic,Male,XY,12
Animalia|Insecta|Diptera|Drosophilidae|Drosophila|lowei,Animalia,Insecta,Diptera,Drosophilidae,Drosophila,lowei,Achiasmatic,Male,XY,10
Animalia|Insecta|Diptera|Drosophilidae|Drosophila|lucipennis,Animalia,Insecta,Diptera,Drosophilidae,Drosophila,lucipennis,Achiasmatic,Male,XY,6
Animalia|Insecta|Diptera|Drosophilidae|Drosophila|lummei,Animalia,Insecta,Diptera,Drosophilidae,Drosophila,lummei,Achiasmatic,Male,NA,12
Animalia|Insecta|Diptera|Drosophilidae|Drosophila|lusaltans,Animalia,Insecta,Diptera,Drosophilidae,Drosophila,lusaltans,Achiasmatic,Male,NA,6
Animalia|Insecta|Diptera|Drosophilidae|Drosophila|lutea,Animalia,Insecta,Diptera,Drosophilidae,Drosophila,lutea,Achiasmatic,Male,XY,8
Animalia|Insecta|Diptera|Drosophilidae|Drosophila|lutescens,Animalia,Insecta,Diptera,Drosophilidae,Drosophila,lutescens,Achiasmatic,Male,XY,8
Animalia|Insecta|Diptera|Drosophilidae|Drosophila|macroptera,Animalia,Insecta,Diptera,Drosophilidae,Drosophila,macroptera,Achiasmatic,Male,NA,12
Animalia|Insecta|Diptera|Drosophilidae|Drosophila|macrospina,Animalia,Insecta,Diptera,Drosophilidae,Drosophila,macrospina,Achiasmatic,Male,XY,12
Animalia|Insecta|Diptera|Drosophilidae|Drosophila|macrothrix,Animalia,Insecta,Diptera,Drosophilidae,Drosophila,macrothrix,Achiasmatic,Male,NA,12
Animalia|Insecta|Diptera|Drosophilidae|Drosophila|magnaquinaria,Animalia,Insecta,Diptera,Drosophilidae,Drosophila,magnaquinaria,Achiasmatic,Male,XY,12
Animalia|Insecta|Diptera|Drosophilidae|Drosophila|mainlandi,Animalia,Insecta,Diptera,Drosophilidae,Drosophila,mainlandi,Achiasmatic,Male,XY,12
Animalia|Insecta|Diptera|Drosophilidae|Drosophila|malerkotliana,Animalia,Insecta,Diptera,Drosophilidae,Drosophila,malerkotliana,Achiasmatic,Male,XY,8
Animalia|Insecta|Diptera|Drosophilidae|Drosophila|mangabeirai,Animalia,Insecta,Diptera,Drosophilidae,Drosophila,mangabeirai,Achiasmatic,Male,NA,6
Animalia|Insecta|Diptera|Drosophilidae|Drosophila|martensis,Animalia,Insecta,Diptera,Drosophilidae,Drosophila,martensis,Achiasmatic,Male,NA,12
Animalia|Insecta|Diptera|Drosophilidae|Drosophila|mathisis,Animalia,Insecta,Diptera,Drosophilidae,Drosophila,mathisis,Achiasmatic,Male,XY,12
Animalia|Insecta|Diptera|Drosophilidae|Drosophila|mauritiana,Animalia,Insecta,Diptera,Drosophilidae,Drosophila,mauritiana,Achiasmatic,Male,XY,8
Animalia|Insecta|Diptera|Drosophilidae|Drosophila|mayri,Animalia,Insecta,Diptera,Drosophilidae,Drosophila,mayri,Achiasmatic,Male,XY,8
Animalia|Insecta|Diptera|Drosophilidae|Drosophila|mcclintockae,Animalia,Insecta,Diptera,Drosophilidae,Drosophila,mcclintockae,Achiasmatic,Male,XY,10
Animalia|Insecta|Diptera|Drosophilidae|Drosophila|mediodiffusa,Animalia,Insecta,Diptera,Drosophilidae,Drosophila,mediodiffusa,Achiasmatic,Male,XY,12
Animalia|Insecta|Diptera|Drosophilidae|Drosophila|medionotata,Animalia,Insecta,Diptera,Drosophilidae,Drosophila,medionotata,Achiasmatic,Male,XY,12
Animalia|Insecta|Diptera|Drosophilidae|Drosophila|mediopictoides,Animalia,Insecta,Diptera,Drosophilidae,Drosophila,mediopictoides,Achiasmatic,Male,NA,12
Animalia|Insecta|Diptera|Drosophilidae|Drosophila|mediopunctata,Animalia,Insecta,Diptera,Drosophilidae,Drosophila,mediopunctata,Achiasmatic,Male,XY,10
Animalia|Insecta|Diptera|Drosophilidae|Drosophila|mediosignata,Animalia,Insecta,Diptera,Drosophilidae,Drosophila,mediosignata,Achiasmatic,Male,XY,12
Animalia|Insecta|Diptera|Drosophilidae|Drosophila|mediostriata,Animalia,Insecta,Diptera,Drosophilidae,Drosophila,mediostriata,Achiasmatic,Male,XY,12
Animalia|Insecta|Diptera|Drosophilidae|Drosophila|meitanensis,Animalia,Insecta,Diptera,Drosophilidae,Drosophila,meitanensis,Achiasmatic,Male,XY,8
Animalia|Insecta|Diptera|Drosophilidae|Drosophila|melanica,Animalia,Insecta,Diptera,Drosophilidae,Drosophila,melanica,Achiasmatic,Male,XY,10
Animalia|Insecta|Diptera|Drosophilidae|Drosophila|melanocephala,Animalia,Insecta,Diptera,Drosophilidae,Drosophila,melanocephala,Achiasmatic,Male,NA,12
Animalia|Insecta|Diptera|Drosophilidae|Drosophila|melanogaster,Animalia,Insecta,Diptera,Drosophilidae,Drosophila,melanogaster,Achiasmatic,Male,XY,8
Animalia|Insecta|Diptera|Drosophilidae|Drosophila|melanopalpa,Animalia,Insecta,Diptera,Drosophilidae,Drosophila,melanopalpa,Achiasmatic,Male,XY,12
Animalia|Insecta|Diptera|Drosophilidae|Drosophila|melanosoma,Animalia,Insecta,Diptera,Drosophilidae,Drosophila,melanosoma,Achiasmatic,Male,NA,12
Animalia|Insecta|Diptera|Drosophilidae|Drosophila|melanospila,Animalia,Insecta,Diptera,Drosophilidae,Drosophila,melanospila,Achiasmatic,Male,XY,12
Animalia|Insecta|Diptera|Drosophilidae|Drosophila|melanura,Animalia,Insecta,Diptera,Drosophilidae,Drosophila,melanura,Achiasmatic,Male,XY,10
Animalia|Insecta|Diptera|Drosophilidae|Drosophila|mercatorum,Animalia,Insecta,Diptera,Drosophilidae,Drosophila,mercatorum,Achiasmatic,Male,XY,10
Animalia|Insecta|Diptera|Drosophilidae|Drosophila|meridiana,Animalia,Insecta,Diptera,Drosophilidae,Drosophila,meridiana,Achiasmatic,Male,XY,12
Animalia|Insecta|Diptera|Drosophilidae|Drosophila|meridionalis,Animalia,Insecta,Diptera,Drosophilidae,Drosophila,meridionalis,Achiasmatic,Male,NA,10
Animalia|Insecta|Diptera|Drosophilidae|Drosophila|mesophragmatica,Animalia,Insecta,Diptera,Drosophilidae,Drosophila,mesophragmatica,Achiasmatic,Male,XY,10
Animalia|Insecta|Diptera|Drosophilidae|Drosophila|mettleri,Animalia,Insecta,Diptera,Drosophilidae,Drosophila,mettleri,Achiasmatic,Male,XY,12
Animalia|Insecta|Diptera|Drosophilidae|Drosophila|metzii,Animalia,Insecta,Diptera,Drosophilidae,Drosophila,metzii,Achiasmatic,Male,XY,12
Animalia|Insecta|Diptera|Drosophilidae|Drosophila|micromelanica,Animalia,Insecta,Diptera,Drosophilidae,Drosophila,micromelanica,Achiasmatic,Male,XY,10
Animalia|Insecta|Diptera|Drosophilidae|Drosophila|micromyia,Animalia,Insecta,Diptera,Drosophilidae,Drosophila,micromyia,Achiasmatic,Male,NA,14
Animalia|Insecta|Diptera|Drosophilidae|Drosophila|mimetica,Animalia,Insecta,Diptera,Drosophilidae,Drosophila,mimetica,Achiasmatic,Male,XY,8
Animalia|Insecta|Diptera|Drosophilidae|Drosophila|mimica,Animalia,Insecta,Diptera,Drosophilidae,Drosophila,mimica,Achiasmatic,Male,NA,12
Animalia|Insecta|Diptera|Drosophilidae|Drosophila|mimica-like,Animalia,Insecta,Diptera,Drosophilidae,Drosophila,mimica-like,Achiasmatic,Male,NA,12
Animalia|Insecta|Diptera|Drosophilidae|Drosophila|miranda,Animalia,Insecta,Diptera,Drosophilidae,Drosophila,miranda,Achiasmatic,Male,XY,10
Animalia|Insecta|Diptera|Drosophilidae|Drosophila|mitchelli,Animalia,Insecta,Diptera,Drosophilidae,Drosophila,mitchelli,Achiasmatic,Male,NA,12
Animalia|Insecta|Diptera|Drosophilidae|Drosophila|modified,Animalia,Insecta,Diptera,Drosophilidae,Drosophila,modified,Achiasmatic,Male,NA,8
Animalia|Insecta|Diptera|Drosophilidae|Drosophila|mojavensis,Animalia,Insecta,Diptera,Drosophilidae,Drosophila,mojavensis,Achiasmatic,Male,XY,12
Animalia|Insecta|Diptera|Drosophilidae|Drosophila|moju,Animalia,Insecta,Diptera,Drosophilidae,Drosophila,moju,Achiasmatic,Male,XY,12
Animalia|Insecta|Diptera|Drosophilidae|Drosophila|mojuoides,Animalia,Insecta,Diptera,Drosophilidae,Drosophila,mojuoides,Achiasmatic,Male,NA,12
Animalia|Insecta|Diptera|Drosophilidae|Drosophila|montana,Animalia,Insecta,Diptera,Drosophilidae,Drosophila,montana,Achiasmatic,Male,NA,12
Animalia|Insecta|Diptera|Drosophilidae|Drosophila|montgomeryi,Animalia,Insecta,Diptera,Drosophilidae,Drosophila,montgomeryi,Achiasmatic,Male,NA,12
Animalia|Insecta|Diptera|Drosophilidae|Drosophila|montium,Animalia,Insecta,Diptera,Drosophilidae,Drosophila,montium,Achiasmatic,Male,XY,8
Animalia|Insecta|Diptera|Drosophilidae|Drosophila|moriwakii,Animalia,Insecta,Diptera,Drosophilidae,Drosophila,moriwakii,Achiasmatic,Male,NA,12
Animalia|Insecta|Diptera|Drosophilidae|Drosophila|mulleri,Animalia,Insecta,Diptera,Drosophilidae,Drosophila,mulleri,Achiasmatic,Male,NA,12
Animalia|Insecta|Diptera|Drosophilidae|Drosophila|munda,Animalia,Insecta,Diptera,Drosophilidae,Drosophila,munda,Achiasmatic,Male,NA,8
Animalia|Insecta|Diptera|Drosophilidae|Drosophila|murphyi,Animalia,Insecta,Diptera,Drosophilidae,Drosophila,murphyi,Achiasmatic,Male,NA,12
Animalia|Insecta|Diptera|Drosophilidae|Drosophila|musaphila,Animalia,Insecta,Diptera,Drosophilidae,Drosophila,musaphila,Achiasmatic,Male,NA,12
Animalia|Insecta|Diptera|Drosophilidae|Drosophila|mutandis,Animalia,Insecta,Diptera,Drosophilidae,Drosophila,mutandis,Achiasmatic,Male,XY,12
Animalia|Insecta|Diptera|Drosophilidae|Drosophila|mycetophila,Animalia,Insecta,Diptera,Drosophilidae,Drosophila,mycetophila,Achiasmatic,Male,NA,12
Animalia|Insecta|Diptera|Drosophilidae|Drosophila|mysorensis,Animalia,Insecta,Diptera,Drosophilidae,Drosophila,mysorensis,Achiasmatic,Male,XY,8
Animalia|Insecta|Diptera|Drosophilidae|Drosophila|n.,Animalia,Insecta,Diptera,Drosophilidae,Drosophila,n.,Achiasmatic,Male,NA,12
Animalia|Insecta|Diptera|Drosophilidae|Drosophila|n.sp.,Animalia,Insecta,Diptera,Drosophilidae,Drosophila,n.sp.,Achiasmatic,Male,NA,10
Animalia|Insecta|Diptera|Drosophilidae|Drosophila|nagarholensis,Animalia,Insecta,Diptera,Drosophilidae,Drosophila,nagarholensis,Achiasmatic,Male,XY,8
Animalia|Insecta|Diptera|Drosophilidae|Drosophila|nannoptera,Animalia,Insecta,Diptera,Drosophilidae,Drosophila,nannoptera,Achiasmatic,Male,XY,10
Animalia|Insecta|Diptera|Drosophilidae|Drosophila|narragansett,Animalia,Insecta,Diptera,Drosophilidae,Drosophila,narragansett,Achiasmatic,Male,XY,10
Animalia|Insecta|Diptera|Drosophilidae|Drosophila|nasalis,Animalia,Insecta,Diptera,Drosophilidae,Drosophila,nasalis,Achiasmatic,Male,NA,10
Animalia|Insecta|Diptera|Drosophilidae|Drosophila|nasuta,Animalia,Insecta,Diptera,Drosophilidae,Drosophila,nasuta,Achiasmatic,Male,XY,8
Animalia|Insecta|Diptera|Drosophilidae|Drosophila|nasutoides,Animalia,Insecta,Diptera,Drosophilidae,Drosophila,nasutoides,Achiasmatic,Male,XY,8
Animalia|Insecta|Diptera|Drosophilidae|Drosophila|nebulosa,Animalia,Insecta,Diptera,Drosophilidae,Drosophila,nebulosa,Achiasmatic,Male,NA,8
Animalia|Insecta|Diptera|Drosophilidae|Drosophila|neocardini,Animalia,Insecta,Diptera,Drosophilidae,Drosophila,neocardini,Achiasmatic,Male,XY,8
Animalia|Insecta|Diptera|Drosophilidae|Drosophila|neocordata,Animalia,Insecta,Diptera,Drosophilidae,Drosophila,neocordata,Achiasmatic,Male,NA,6
Animalia|Insecta|Diptera|Drosophilidae|Drosophila|neoelliptica,Animalia,Insecta,Diptera,Drosophilidae,Drosophila,neoelliptica,Achiasmatic,Male,NA,6
Animalia|Insecta|Diptera|Drosophilidae|Drosophila|neogrimshawi,Animalia,Insecta,Diptera,Drosophilidae,Drosophila,neogrimshawi,Achiasmatic,Male,NA,12
Animalia|Insecta|Diptera|Drosophilidae|Drosophila|neoguaramunu,Animalia,Insecta,Diptera,Drosophilidae,Drosophila,neoguaramunu,Achiasmatic,Male,XY,6
Animalia|Insecta|Diptera|Drosophilidae|Drosophila|neohydei,Animalia,Insecta,Diptera,Drosophilidae,Drosophila,neohydei,Achiasmatic,Male,XY,12
Animalia|Insecta|Diptera|Drosophilidae|Drosophila|neohypocausta,Animalia,Insecta,Diptera,Drosophilidae,Drosophila,neohypocausta,Achiasmatic,Male,XY,6
Animalia|Insecta|Diptera|Drosophilidae|Drosophila|neomorpha,Animalia,Insecta,Diptera,Drosophilidae,Drosophila,neomorpha,Achiasmatic,Male,XY,8
Animalia|Insecta|Diptera|Drosophilidae|Drosophila|neonasuta,Animalia,Insecta,Diptera,Drosophilidae,Drosophila,neonasuta,Achiasmatic,Male,XY,8
Animalia|Insecta|Diptera|Drosophilidae|Drosophila|neoperkinsi,Animalia,Insecta,Diptera,Drosophilidae,Drosophila,neoperkinsi,Achiasmatic,Male,NA,12
Animalia|Insecta|Diptera|Drosophilidae|Drosophila|neopicta,Animalia,Insecta,Diptera,Drosophilidae,Drosophila,neopicta,Achiasmatic,Male,NA,12
Animalia|Insecta|Diptera|Drosophilidae|Drosophila|neorepleta,Animalia,Insecta,Diptera,Drosophilidae,Drosophila,neorepleta,Achiasmatic,Male,XY,12
Animalia|Insecta|Diptera|Drosophilidae|Drosophila|neosaltans,Animalia,Insecta,Diptera,Drosophilidae,Drosophila,neosaltans,Achiasmatic,Male,NA,6
Animalia|Insecta|Diptera|Drosophilidae|Drosophila|nepalensis,Animalia,Insecta,Diptera,Drosophilidae,Drosophila,nepalensis,Achiasmatic,Male,XY,8
Animalia|Insecta|Diptera|Drosophilidae|Drosophila|nesoetes,Animalia,Insecta,Diptera,Drosophilidae,Drosophila,nesoetes,Achiasmatic,Male,XY,8
Animalia|Insecta|Diptera|Drosophilidae|Drosophila|nigra,Animalia,Insecta,Diptera,Drosophilidae,Drosophila,nigra,Achiasmatic,Male,NA,12
Animalia|Insecta|Diptera|Drosophilidae|Drosophila|nigribasis,Animalia,Insecta,Diptera,Drosophilidae,Drosophila,nigribasis,Achiasmatic,Male,NA,12
Animalia|Insecta|Diptera|Drosophilidae|Drosophila|nigricruria,Animalia,Insecta,Diptera,Drosophilidae,Drosophila,nigricruria,Achiasmatic,Male,XY,12
Animalia|Insecta|Diptera|Drosophilidae|Drosophila|nigrifacies,Animalia,Insecta,Diptera,Drosophilidae,Drosophila,nigrifacies,Achiasmatic,Male,NA,12
Animalia|Insecta|Diptera|Drosophilidae|Drosophila|nigrilineata,Animalia,Insecta,Diptera,Drosophilidae,Drosophila,nigrilineata,Achiasmatic,Male,NA,12
Animalia|Insecta|Diptera|Drosophilidae|Drosophila|nigrodunni,Animalia,Insecta,Diptera,Drosophilidae,Drosophila,nigrodunni,Achiasmatic,Male,NA,8
Animalia|Insecta|Diptera|Drosophilidae|Drosophila|nigrohydei,Animalia,Insecta,Diptera,Drosophilidae,Drosophila,nigrohydei,Achiasmatic,Male,XY,12
Animalia|Insecta|Diptera|Drosophilidae|Drosophila|nigromaculata,Animalia,Insecta,Diptera,Drosophilidae,Drosophila,nigromaculata,Achiasmatic,Male,NA,12
Animalia|Insecta|Diptera|Drosophilidae|Drosophila|nigromelanica,Animalia,Insecta,Diptera,Drosophilidae,Drosophila,nigromelanica,Achiasmatic,Male,NA,10
Animalia|Insecta|Diptera|Drosophilidae|Drosophila|nigrosaltans,Animalia,Insecta,Diptera,Drosophilidae,Drosophila,nigrosaltans,Achiasmatic,Male,NA,6
Animalia|Insecta|Diptera|Drosophilidae|Drosophila|nigrosparsa,Animalia,Insecta,Diptera,Drosophilidae,Drosophila,nigrosparsa,Achiasmatic,Male,XY,12
Animalia|Insecta|Diptera|Drosophilidae|Drosophila|nigrospiracula,Animalia,Insecta,Diptera,Drosophilidae,Drosophila,nigrospiracula,Achiasmatic,Male,NA,12
Animalia|Insecta|Diptera|Drosophilidae|Drosophila|nikananu,Animalia,Insecta,Diptera,Drosophilidae,Drosophila,nikananu,Achiasmatic,Male,XY,8
Animalia|Insecta|Diptera|Drosophilidae|Drosophila|nitidithorax,Animalia,Insecta,Diptera,Drosophilidae,Drosophila,nitidithorax,Achiasmatic,Male,XY,12
Animalia|Insecta|Diptera|Drosophilidae|Drosophila|niveifrons,Animalia,Insecta,Diptera,Drosophilidae,Drosophila,niveifrons,Achiasmatic,Male,XY,8
Animalia|Insecta|Diptera|Drosophilidae|Drosophila|nixifrons,Animalia,Insecta,Diptera,Drosophilidae,Drosophila,nixifrons,Achiasmatic,Male,XY,10
Animalia|Insecta|Diptera|Drosophilidae|Drosophila|novamaculosa,Animalia,Insecta,Diptera,Drosophilidae,Drosophila,novamaculosa,Achiasmatic,Male,XY,12
Animalia|Insecta|Diptera|Drosophilidae|Drosophila|novamexicana,Animalia,Insecta,Diptera,Drosophilidae,Drosophila,novamexicana,Achiasmatic,Male,XY,12
Animalia|Insecta|Diptera|Drosophilidae|Drosophila|novemeristata,Animalia,Insecta,Diptera,Drosophilidae,Drosophila,novemeristata,Achiasmatic,Male,XY,12
Animalia|Insecta|Diptera|Drosophilidae|Drosophila|novopaca,Animalia,Insecta,Diptera,Drosophilidae,Drosophila,novopaca,Achiasmatic,Male,NA,12
Animalia|Insecta|Diptera|Drosophilidae|Drosophila|oahuensis,Animalia,Insecta,Diptera,Drosophilidae,Drosophila,oahuensis,Achiasmatic,Male,NA,12
Animalia|Insecta|Diptera|Drosophilidae|Drosophila|obatai,Animalia,Insecta,Diptera,Drosophilidae,Drosophila,obatai,Achiasmatic,Male,NA,12
Animalia|Insecta|Diptera|Drosophilidae|Drosophila|obscura,Animalia,Insecta,Diptera,Drosophilidae,Drosophila,obscura,Achiasmatic,Male,NA,12
Animalia|Insecta|Diptera|Drosophilidae|Drosophila|obscuripes,Animalia,Insecta,Diptera,Drosophilidae,Drosophila,obscuripes,Achiasmatic,Male,NA,12
Animalia|Insecta|Diptera|Drosophilidae|Drosophila|obscuroides,Animalia,Insecta,Diptera,Drosophilidae,Drosophila,obscuroides,Achiasmatic,Male,XY,12
Animalia|Insecta|Diptera|Drosophilidae|Drosophila|occidentalis,Animalia,Insecta,Diptera,Drosophilidae,Drosophila,occidentalis,Achiasmatic,Male,NA,12
Animalia|Insecta|Diptera|Drosophilidae|Drosophila|ocellata,Animalia,Insecta,Diptera,Drosophilidae,Drosophila,ocellata,Achiasmatic,Male,NA,12
Animalia|Insecta|Diptera|Drosophilidae|Drosophila|ochracea,Animalia,Insecta,Diptera,Drosophilidae,Drosophila,ochracea,Achiasmatic,Male,NA,12
Animalia|Insecta|Diptera|Drosophilidae|Drosophila|ochrobasis,Animalia,Insecta,Diptera,Drosophilidae,Drosophila,ochrobasis,Achiasmatic,Male,NA,12
Animalia|Insecta|Diptera|Drosophilidae|Drosophila|odontophallus,Animalia,Insecta,Diptera,Drosophilidae,Drosophila,odontophallus,Achiasmatic,Male,NA,12
Animalia|Insecta|Diptera|Drosophilidae|Drosophila|olaae,Animalia,Insecta,Diptera,Drosophilidae,Drosophila,olaae,Achiasmatic,Male,NA,12
Animalia|Insecta|Diptera|Drosophilidae|Drosophila|onca,Animalia,Insecta,Diptera,Drosophilidae,Drosophila,onca,Achiasmatic,Male,XY,8
Animalia|Insecta|Diptera|Drosophilidae|Drosophila|orbospiracula,Animalia,Insecta,Diptera,Drosophilidae,Drosophila,orbospiracula,Achiasmatic,Male,XO,12
Animalia|Insecta|Diptera|Drosophilidae|Drosophila|orena,Animalia,Insecta,Diptera,Drosophilidae,Drosophila,orena,Achiasmatic,Male,XY,8
Animalia|Insecta|Diptera|Drosophilidae|Drosophila|orkui,Animalia,Insecta,Diptera,Drosophilidae,Drosophila,orkui,Achiasmatic,Male,NA,10
Animalia|Insecta|Diptera|Drosophilidae|Drosophila|ornata,Animalia,Insecta,Diptera,Drosophilidae,Drosophila,ornata,Achiasmatic,Male,NA,12
Animalia|Insecta|Diptera|Drosophilidae|Drosophila|ornatipennis,Animalia,Insecta,Diptera,Drosophilidae,Drosophila,ornatipennis,Achiasmatic,Male,NA,10
Animalia|Insecta|Diptera|Drosophilidae|Drosophila|orosa,Animalia,Insecta,Diptera,Drosophilidae,Drosophila,orosa,Achiasmatic,Male,XY,8
Animalia|Insecta|Diptera|Drosophilidae|Drosophila|orphnopeza,Animalia,Insecta,Diptera,Drosophilidae,Drosophila,orphnopeza,Achiasmatic,Male,NA,12
Animalia|Insecta|Diptera|Drosophilidae|Drosophila|orthofascia,Animalia,Insecta,Diptera,Drosophilidae,Drosophila,orthofascia,Achiasmatic,Male,NA,12
Animalia|Insecta|Diptera|Drosophilidae|Drosophila|pachea,Animalia,Insecta,Diptera,Drosophilidae,Drosophila,pachea,Achiasmatic,Male,XY,10
Animalia|Insecta|Diptera|Drosophilidae|Drosophila|pachuca,Animalia,Insecta,Diptera,Drosophilidae,Drosophila,pachuca,Achiasmatic,Male,XY,12
Animalia|Insecta|Diptera|Drosophilidae|Drosophila|paenehamifera,Animalia,Insecta,Diptera,Drosophilidae,Drosophila,paenehamifera,Achiasmatic,Male,NA,12
Animalia|Insecta|Diptera|Drosophilidae|Drosophila|pagliolii,Animalia,Insecta,Diptera,Drosophilidae,Drosophila,pagliolii,Achiasmatic,Male,NA,10
Animalia|Insecta|Diptera|Drosophilidae|Drosophila|pallidifrons,Animalia,Insecta,Diptera,Drosophilidae,Drosophila,pallidifrons,Achiasmatic,Male,XY,8
Animalia|Insecta|Diptera|Drosophilidae|Drosophila|pallidipennis,Animalia,Insecta,Diptera,Drosophilidae,Drosophila,pallidipennis,Achiasmatic,Male,XY,12
Animalia|Insecta|Diptera|Drosophilidae|Drosophila|pallidosa,Animalia,Insecta,Diptera,Drosophilidae,Drosophila,pallidosa,Achiasmatic,Male,XY,8
Animalia|Insecta|Diptera|Drosophilidae|Drosophila|palustris,Animalia,Insecta,Diptera,Drosophilidae,Drosophila,palustris,Achiasmatic,Male,XY,12
Animalia|Insecta|Diptera|Drosophilidae|Drosophila|parabipectinata,Animalia,Insecta,Diptera,Drosophilidae,Drosophila,parabipectinata,Achiasmatic,Male,XY,8
Animalia|Insecta|Diptera|Drosophilidae|Drosophila|parabocainensis,Animalia,Insecta,Diptera,Drosophilidae,Drosophila,parabocainensis,Achiasmatic,Male,NA,6
Animalia|Insecta|Diptera|Drosophilidae|Drosophila|paracanalinea,Animalia,Insecta,Diptera,Drosophilidae,Drosophila,paracanalinea,Achiasmatic,Male,NA,8
Animalia|Insecta|Diptera|Drosophilidae|Drosophila|parachrogaster,Animalia,Insecta,Diptera,Drosophilidae,Drosophila,parachrogaster,Achiasmatic,Male,NA,12
Animalia|Insecta|Diptera|Drosophilidae|Drosophila|paraguttata,Animalia,Insecta,Diptera,Drosophilidae,Drosophila,paraguttata,Achiasmatic,Male,XY,12
Animalia|Insecta|Diptera|Drosophilidae|Drosophila|paralutea,Animalia,Insecta,Diptera,Drosophilidae,Drosophila,paralutea,Achiasmatic,Male,XY,6
Animalia|Insecta|Diptera|Drosophilidae|Drosophila|paramediostriata,Animalia,Insecta,Diptera,Drosophilidae,Drosophila,paramediostriata,Achiasmatic,Male,NA,12
Animalia|Insecta|Diptera|Drosophilidae|Drosophila|paramelanica,Animalia,Insecta,Diptera,Drosophilidae,Drosophila,paramelanica,Achiasmatic,Male,NA,10
Animalia|Insecta|Diptera|Drosophilidae|Drosophila|paranaensis,Animalia,Insecta,Diptera,Drosophilidae,Drosophila,paranaensis,Achiasmatic,Male,XY,10
Animalia|Insecta|Diptera|Drosophilidae|Drosophila|pararepleta,Animalia,Insecta,Diptera,Drosophilidae,Drosophila,pararepleta,Achiasmatic,Male,XY,10
Animalia|Insecta|Diptera|Drosophilidae|Drosophila|pararubida,Animalia,Insecta,Diptera,Drosophilidae,Drosophila,pararubida,Achiasmatic,Male,NA,8
Animalia|Insecta|Diptera|Drosophilidae|Drosophila|parasaltans,Animalia,Insecta,Diptera,Drosophilidae,Drosophila,parasaltans,Achiasmatic,Male,NA,6
Animalia|Insecta|Diptera|Drosophilidae|Drosophila|paratriangulata,Animalia,Insecta,Diptera,Drosophilidae,Drosophila,paratriangulata,Achiasmatic,Male,XY,8
Animalia|Insecta|Diptera|Drosophilidae|Drosophila|parthenogenetica,Animalia,Insecta,Diptera,Drosophilidae,Drosophila,parthenogenetica,Achiasmatic,Male,NA,8
Animalia|Insecta|Diptera|Drosophilidae|Drosophila|parva,Animalia,Insecta,Diptera,Drosophilidae,Drosophila,parva,Achiasmatic,Male,NA,8
Animalia|Insecta|Diptera|Drosophilidae|Drosophila|parvula,Animalia,Insecta,Diptera,Drosophilidae,Drosophila,parvula,Achiasmatic,Male,XY,6
Animalia|Insecta|Diptera|Drosophilidae|Drosophila|pattersoni,Animalia,Insecta,Diptera,Drosophilidae,Drosophila,pattersoni,Achiasmatic,Male,NA,8
Animalia|Insecta|Diptera|Drosophilidae|Drosophila|paucicilia,Animalia,Insecta,Diptera,Drosophilidae,Drosophila,paucicilia,Achiasmatic,Male,NA,12
Animalia|Insecta|Diptera|Drosophilidae|Drosophila|paucipuncta,Animalia,Insecta,Diptera,Drosophilidae,Drosophila,paucipuncta,Achiasmatic,Male,NA,12
Animalia|Insecta|Diptera|Drosophilidae|Drosophila|paulistorum,Animalia,Insecta,Diptera,Drosophilidae,Drosophila,paulistorum,Achiasmatic,Male,XY,6
Animalia|Insecta|Diptera|Drosophilidae|Drosophila|pavani,Animalia,Insecta,Diptera,Drosophilidae,Drosophila,pavani,Achiasmatic,Male,NA,10
Animalia|Insecta|Diptera|Drosophilidae|Drosophila|pavlovskiana,Animalia,Insecta,Diptera,Drosophilidae,Drosophila,pavlovskiana,Achiasmatic,Male,NA,6
Animalia|Insecta|Diptera|Drosophilidae|Drosophila|pectinitarsus,Animalia,Insecta,Diptera,Drosophilidae,Drosophila,pectinitarsus,Achiasmatic,Male,NA,12
Animalia|Insecta|Diptera|Drosophilidae|Drosophila|pegasa,Animalia,Insecta,Diptera,Drosophilidae,Drosophila,pegasa,Achiasmatic,Male,NA,12
Animalia|Insecta|Diptera|Drosophilidae|Drosophila|pellewae,Animalia,Insecta,Diptera,Drosophilidae,Drosophila,pellewae,Achiasmatic,Male,XY,12
Animalia|Insecta|Diptera|Drosophilidae|Drosophila|pengi,Animalia,Insecta,Diptera,Drosophilidae,Drosophila,pengi,Achiasmatic,Male,NA,10
Animalia|Insecta|Diptera|Drosophilidae|Drosophila|peniculipedis,Animalia,Insecta,Diptera,Drosophilidae,Drosophila,peniculipedis,Achiasmatic,Male,NA,12
Animalia|Insecta|Diptera|Drosophilidae|Drosophila|peninsularis,Animalia,Insecta,Diptera,Drosophilidae,Drosophila,peninsularis,Achiasmatic,Male,XY,10
Animalia|Insecta|Diptera|Drosophilidae|Drosophila|pennae,Animalia,Insecta,Diptera,Drosophilidae,Drosophila,pennae,Achiasmatic,Male,XY,6
Animalia|Insecta|Diptera|Drosophilidae|Drosophila|percnosoma,Animalia,Insecta,Diptera,Drosophilidae,Drosophila,percnosoma,Achiasmatic,Male,NA,12
Animalia|Insecta|Diptera|Drosophilidae|Drosophila|perkinsi,Animalia,Insecta,Diptera,Drosophilidae,Drosophila,perkinsi,Achiasmatic,Male,NA,12
Animalia|Insecta|Diptera|Drosophilidae|Drosophila|persimilis,Animalia,Insecta,Diptera,Drosophilidae,Drosophila,persimilis,Achiasmatic,Male,XY,10
Animalia|Insecta|Diptera|Drosophilidae|Drosophila|phaeopleura,Animalia,Insecta,Diptera,Drosophilidae,Drosophila,phaeopleura,Achiasmatic,Male,XY,8
Animalia|Insecta|Diptera|Drosophilidae|Drosophila|phalerata,Animalia,Insecta,Diptera,Drosophilidae,Drosophila,phalerata,Achiasmatic,Male,XY,12
Animalia|Insecta|Diptera|Drosophilidae|Drosophila|picta,Animalia,Insecta,Diptera,Drosophilidae,Drosophila,picta,Achiasmatic,Male,NA,12
Animalia|Insecta|Diptera|Drosophilidae|Drosophila|picticornis,Animalia,Insecta,Diptera,Drosophilidae,Drosophila,picticornis,Achiasmatic,Male,NA,12
Animalia|Insecta|Diptera|Drosophilidae|Drosophila|pictilis,Animalia,Insecta,Diptera,Drosophilidae,Drosophila,pictilis,Achiasmatic,Male,XY,12
Animalia|Insecta|Diptera|Drosophilidae|Drosophila|pictiventris,Animalia,Insecta,Diptera,Drosophilidae,Drosophila,pictiventris,Achiasmatic,Male,XO,8
Animalia|Insecta|Diptera|Drosophilidae|Drosophila|pictura,Animalia,Insecta,Diptera,Drosophilidae,Drosophila,pictura,Achiasmatic,Male,XY,12
Animalia|Insecta|Diptera|Drosophilidae|Drosophila|pilimana,Animalia,Insecta,Diptera,Drosophilidae,Drosophila,pilimana,Achiasmatic,Male,NA,12
Animalia|Insecta|Diptera|Drosophilidae|Drosophila|pinicola,Animalia,Insecta,Diptera,Drosophilidae,Drosophila,pinicola,Achiasmatic,Male,XY,6
Animalia|Insecta|Diptera|Drosophilidae|Drosophila|planitibia,Animalia,Insecta,Diptera,Drosophilidae,Drosophila,planitibia,Achiasmatic,Male,NA,12
Animalia|Insecta|Diptera|Drosophilidae|Drosophila|polliciforma,Animalia,Insecta,Diptera,Drosophilidae,Drosophila,polliciforma,Achiasmatic,Male,NA,12
Animalia|Insecta|Diptera|Drosophilidae|Drosophila|polychaeta,Animalia,Insecta,Diptera,Drosophilidae,Drosophila,polychaeta,Achiasmatic,Male,XY,12
Animalia|Insecta|Diptera|Drosophilidae|Drosophila|polymorpha,Animalia,Insecta,Diptera,Drosophilidae,Drosophila,polymorpha,Achiasmatic,Male,XY,8
Animalia|Insecta|Diptera|Drosophilidae|Drosophila|ponera,Animalia,Insecta,Diptera,Drosophilidae,Drosophila,ponera,Achiasmatic,Male,XY,12
Animalia|Insecta|Diptera|Drosophilidae|Drosophila|primaeva,Animalia,Insecta,Diptera,Drosophilidae,Drosophila,primaeva,Achiasmatic,Male,NA,12
Animalia|Insecta|Diptera|Drosophilidae|Drosophila|procardinoides,Animalia,Insecta,Diptera,Drosophilidae,Drosophila,procardinoides,Achiasmatic,Male,NA,8
Animalia|Insecta|Diptera|Drosophilidae|Drosophila|prolaticilia,Animalia,Insecta,Diptera,Drosophilidae,Drosophila,prolaticilia,Achiasmatic,Male,NA,12
Animalia|Insecta|Diptera|Drosophilidae|Drosophila|prolongata,Animalia,Insecta,Diptera,Drosophilidae,Drosophila,prolongata,Achiasmatic,Male,XY,8
Animalia|Insecta|Diptera|Drosophilidae|Drosophila|promeridiana,Animalia,Insecta,Diptera,Drosophilidae,Drosophila,promeridiana,Achiasmatic,Male,XY,10
Animalia|Insecta|Diptera|Drosophilidae|Drosophila|propachuca,Animalia,Insecta,Diptera,Drosophilidae,Drosophila,propachuca,Achiasmatic,Male,XY,10
Animalia|Insecta|Diptera|Drosophilidae|Drosophila|prosaltans,Animalia,Insecta,Diptera,Drosophilidae,Drosophila,prosaltans,Achiasmatic,Male,NA,6
Animalia|Insecta|Diptera|Drosophilidae|Drosophila|prosaltansII,Animalia,Insecta,Diptera,Drosophilidae,Drosophila,prosaltansII,Achiasmatic,Male,NA,6
Animalia|Insecta|Diptera|Drosophilidae|Drosophila|prosimilis,Animalia,Insecta,Diptera,Drosophilidae,Drosophila,prosimilis,Achiasmatic,Male,XY,12
Animalia|Insecta|Diptera|Drosophilidae|Drosophila|prostipennis,Animalia,Insecta,Diptera,Drosophilidae,Drosophila,prostipennis,Achiasmatic,Male,XY,6
Animalia|Insecta|Diptera|Drosophilidae|Drosophila|prostopalpis,Animalia,Insecta,Diptera,Drosophilidae,Drosophila,prostopalpis,Achiasmatic,Male,NA,12
Animalia|Insecta|Diptera|Drosophilidae|Drosophila|pseudoananassae,Animalia,Insecta,Diptera,Drosophilidae,Drosophila,pseudoananassae,Achiasmatic,Male,XY,8
Animalia|Insecta|Diptera|Drosophilidae|Drosophila|pseudomayri,Animalia,Insecta,Diptera,Drosophilidae,Drosophila,pseudomayri,Achiasmatic,Male,XY,8
Animalia|Insecta|Diptera|Drosophilidae|Drosophila|pseudoobscura,Animalia,Insecta,Diptera,Drosophilidae,Drosophila,pseudoobscura,Achiasmatic,Male,XY,10
Animalia|Insecta|Diptera|Drosophilidae|Drosophila|pseudosaltans,Animalia,Insecta,Diptera,Drosophilidae,Drosophila,pseudosaltans,Achiasmatic,Male,NA,6
Animalia|Insecta|Diptera|Drosophilidae|Drosophila|pseudosordidula,Animalia,Insecta,Diptera,Drosophilidae,Drosophila,pseudosordidula,Achiasmatic,Male,NA,10
Animalia|Insecta|Diptera|Drosophilidae|Drosophila|pseudotakahashii,Animalia,Insecta,Diptera,Drosophilidae,Drosophila,pseudotakahashii,Achiasmatic,Male,XY,8
Animalia|Insecta|Diptera|Drosophilidae|Drosophila|pseudotetrachaeta,Animalia,Insecta,Diptera,Drosophilidae,Drosophila,pseudotetrachaeta,Achiasmatic,Male,NA,12
Animalia|Insecta|Diptera|Drosophilidae|Drosophila|psilophallus,Animalia,Insecta,Diptera,Drosophilidae,Drosophila,psilophallus,Achiasmatic,Male,NA,12
Animalia|Insecta|Diptera|Drosophilidae|Drosophila|psiolotarsalis,Animalia,Insecta,Diptera,Drosophilidae,Drosophila,psiolotarsalis,Achiasmatic,Male,NA,12
Animalia|Insecta|Diptera|Drosophilidae|Drosophila|pulaua,Animalia,Insecta,Diptera,Drosophilidae,Drosophila,pulaua,Achiasmatic,Male,XY,8
Animalia|Insecta|Diptera|Drosophilidae|Drosophila|pulchrella,Animalia,Insecta,Diptera,Drosophilidae,Drosophila,pulchrella,Achiasmatic,Male,XY,8
Animalia|Insecta|Diptera|Drosophilidae|Drosophila|pulla,Animalia,Insecta,Diptera,Drosophilidae,Drosophila,pulla,Achiasmatic,Male,XY,10
Animalia|Insecta|Diptera|Drosophilidae|Drosophila|pullata,Animalia,Insecta,Diptera,Drosophilidae,Drosophila,pullata,Achiasmatic,Male,NA,10
Animalia|Insecta|Diptera|Drosophilidae|Drosophila|pullipes,Animalia,Insecta,Diptera,Drosophilidae,Drosophila,pullipes,Achiasmatic,Male,NA,12
Animalia|Insecta|Diptera|Drosophilidae|Drosophila|punalua,Animalia,Insecta,Diptera,Drosophilidae,Drosophila,punalua,Achiasmatic,Male,NA,12
Animalia|Insecta|Diptera|Drosophilidae|Drosophila|punjabiensis,Animalia,Insecta,Diptera,Drosophilidae,Drosophila,punjabiensis,Achiasmatic,Male,XY,8
Animalia|Insecta|Diptera|Drosophilidae|Drosophila|putrida,Animalia,Insecta,Diptera,Drosophilidae,Drosophila,putrida,Achiasmatic,Male,XY,8
Animalia|Insecta|Diptera|Drosophilidae|Drosophila|pychnochaetae,Animalia,Insecta,Diptera,Drosophilidae,Drosophila,pychnochaetae,Achiasmatic,Male,NA,12
Animalia|Insecta|Diptera|Drosophilidae|Drosophila|quadraria,Animalia,Insecta,Diptera,Drosophilidae,Drosophila,quadraria,Achiasmatic,Male,XY,6
Animalia|Insecta|Diptera|Drosophilidae|Drosophila|quadrilineata,Animalia,Insecta,Diptera,Drosophilidae,Drosophila,quadrilineata,Achiasmatic,Male,XY,12
Animalia|Insecta|Diptera|Drosophilidae|Drosophila|quadrisetae,Animalia,Insecta,Diptera,Drosophilidae,Drosophila,quadrisetae,Achiasmatic,Male,NA,12
Animalia|Insecta|Diptera|Drosophilidae|Drosophila|quasianomalipes,Animalia,Insecta,Diptera,Drosophilidae,Drosophila,quasianomalipes,Achiasmatic,Male,NA,12
Animalia|Insecta|Diptera|Drosophilidae|Drosophila|quinaria,Animalia,Insecta,Diptera,Drosophilidae,Drosophila,quinaria,Achiasmatic,Male,XY,8
Animalia|Insecta|Diptera|Drosophilidae|Drosophila|racemova,Animalia,Insecta,Diptera,Drosophilidae,Drosophila,racemova,Achiasmatic,Male,XY,12
Animalia|Insecta|Diptera|Drosophilidae|Drosophila|ramsdeni,Animalia,Insecta,Diptera,Drosophilidae,Drosophila,ramsdeni,Achiasmatic,Male,XY,12
Animalia|Insecta|Diptera|Drosophilidae|Drosophila|rectangularis,Animalia,Insecta,Diptera,Drosophilidae,Drosophila,rectangularis,Achiasmatic,Male,NA,6
Animalia|Insecta|Diptera|Drosophilidae|Drosophila|recticilia,Animalia,Insecta,Diptera,Drosophilidae,Drosophila,recticilia,Achiasmatic,Male,NA,12
Animalia|Insecta|Diptera|Drosophilidae|Drosophila|reducta,Animalia,Insecta,Diptera,Drosophilidae,Drosophila,reducta,Achiasmatic,Male,NA,10
Animalia|Insecta|Diptera|Drosophilidae|Drosophila|repleta,Animalia,Insecta,Diptera,Drosophilidae,Drosophila,repleta,Achiasmatic,Male,NA,12
Animalia|Insecta|Diptera|Drosophilidae|Drosophila|repletoides,Animalia,Insecta,Diptera,Drosophilidae,Drosophila,repletoides,Achiasmatic,Male,NA,8
Animalia|Insecta|Diptera|Drosophilidae|Drosophila|reynoldsiae,Animalia,Insecta,Diptera,Drosophilidae,Drosophila,reynoldsiae,Achiasmatic,Male,NA,12
Animalia|Insecta|Diptera|Drosophilidae|Drosophila|rhopaloa,Animalia,Insecta,Diptera,Drosophilidae,Drosophila,rhopaloa,Achiasmatic,Male,XY,8
Animalia|Insecta|Diptera|Drosophilidae|Drosophila|rioensis,Animalia,Insecta,Diptera,Drosophilidae,Drosophila,rioensis,Achiasmatic,Male,XY,10
Animalia|Insecta|Diptera|Drosophilidae|Drosophila|ritae,Animalia,Insecta,Diptera,Drosophilidae,Drosophila,ritae,Achiasmatic,Male,XY,12
Animalia|Insecta|Diptera|Drosophilidae|Drosophila|robusta,Animalia,Insecta,Diptera,Drosophilidae,Drosophila,robusta,Achiasmatic,Male,XY,8
Animalia|Insecta|Diptera|Drosophilidae|Drosophila|roehrae,Animalia,Insecta,Diptera,Drosophilidae,Drosophila,roehrae,Achiasmatic,Male,NA,12
Animalia|Insecta|Diptera|Drosophilidae|Drosophila|ruberrima,Animalia,Insecta,Diptera,Drosophilidae,Drosophila,ruberrima,Achiasmatic,Male,XY,8
Animalia|Insecta|Diptera|Drosophilidae|Drosophila|rubida,Animalia,Insecta,Diptera,Drosophilidae,Drosophila,rubida,Achiasmatic,Male,NA,8
Animalia|Insecta|Diptera|Drosophilidae|Drosophila|rubifrons,Animalia,Insecta,Diptera,Drosophilidae,Drosophila,rubifrons,Achiasmatic,Male,NA,12
Animalia|Insecta|Diptera|Drosophilidae|Drosophila|rubra,Animalia,Insecta,Diptera,Drosophilidae,Drosophila,rubra,Achiasmatic,Male,XY,8
Animalia|Insecta|Diptera|Drosophilidae|Drosophila|rufa,Animalia,Insecta,Diptera,Drosophilidae,Drosophila,rufa,Achiasmatic,Male,XY,8
Animalia|Insecta|Diptera|Drosophilidae|Drosophila|rufifrons,Animalia,Insecta,Diptera,Drosophilidae,Drosophila,rufifrons,Achiasmatic,Male,XY,8
Animalia|Insecta|Diptera|Drosophilidae|Drosophila|s.,Animalia,Insecta,Diptera,Drosophilidae,Drosophila,s.,Achiasmatic,Male,XY,8
Animalia|Insecta|Diptera|Drosophilidae|Drosophila|saltans,Animalia,Insecta,Diptera,Drosophilidae,Drosophila,saltans,Achiasmatic,Male,NA,6
Animalia|Insecta|Diptera|Drosophilidae|Drosophila|sechellia,Animalia,Insecta,Diptera,Drosophilidae,Drosophila,sechellia,Achiasmatic,Male,XY,8
Animalia|Insecta|Diptera|Drosophilidae|Drosophila|seguyi,Animalia,Insecta,Diptera,Drosophilidae,Drosophila,seguyi,Achiasmatic,Male,XY,8
Animalia|Insecta|Diptera|Drosophilidae|Drosophila|sejuncta,Animalia,Insecta,Diptera,Drosophilidae,Drosophila,sejuncta,Achiasmatic,Male,NA,12
Animalia|Insecta|Diptera|Drosophilidae|Drosophila|sellata,Animalia,Insecta,Diptera,Drosophilidae,Drosophila,sellata,Achiasmatic,Male,NA,6
Animalia|Insecta|Diptera|Drosophilidae|Drosophila|septentriosaltans,Animalia,Insecta,Diptera,Drosophilidae,Drosophila,septentriosaltans,Achiasmatic,Male,NA,6
Animalia|Insecta|Diptera|Drosophilidae|Drosophila|serenensis,Animalia,Insecta,Diptera,Drosophilidae,Drosophila,serenensis,Achiasmatic,Male,NA,12
Animalia|Insecta|Diptera|Drosophilidae|Drosophila|serido,Animalia,Insecta,Diptera,Drosophilidae,Drosophila,serido,Achiasmatic,Male,NA,12
Animalia|Insecta|Diptera|Drosophilidae|Drosophila|serrata,Animalia,Insecta,Diptera,Drosophilidae,Drosophila,serrata,Achiasmatic,Male,NA,8
Animalia|Insecta|Diptera|Drosophilidae|Drosophila|setosifrons,Animalia,Insecta,Diptera,Drosophilidae,Drosophila,setosifrons,Achiasmatic,Male,NA,12
Animalia|Insecta|Diptera|Drosophilidae|Drosophila|setosimentum,Animalia,Insecta,Diptera,Drosophilidae,Drosophila,setosimentum,Achiasmatic,Male,NA,12
Animalia|Insecta|Diptera|Drosophilidae|Drosophila|setula,Animalia,Insecta,Diptera,Drosophilidae,Drosophila,setula,Achiasmatic,Male,NA,10
Animalia|Insecta|Diptera|Drosophilidae|Drosophila|sigmoides,Animalia,Insecta,Diptera,Drosophilidae,Drosophila,sigmoides,Achiasmatic,Male,NA,12
Animalia|Insecta|Diptera|Drosophilidae|Drosophila|silvarentis,Animalia,Insecta,Diptera,Drosophilidae,Drosophila,silvarentis,Achiasmatic,Male,NA,12
Animalia|Insecta|Diptera|Drosophilidae|Drosophila|silvestris,Animalia,Insecta,Diptera,Drosophilidae,Drosophila,silvestris,Achiasmatic,Male,NA,12
Animalia|Insecta|Diptera|Drosophilidae|Drosophila|silvistriata,Animalia,Insecta,Diptera,Drosophilidae,Drosophila,silvistriata,Achiasmatic,Male,XY,10
Animalia|Insecta|Diptera|Drosophilidae|Drosophila|similis,Animalia,Insecta,Diptera,Drosophilidae,Drosophila,similis,Achiasmatic,Male,XY,12
Animalia|Insecta|Diptera|Drosophilidae|Drosophila|simulans,Animalia,Insecta,Diptera,Drosophilidae,Drosophila,simulans,Achiasmatic,Male,XY,8
Animalia|Insecta|Diptera|Drosophilidae|Drosophila|sobrina,Animalia,Insecta,Diptera,Drosophilidae,Drosophila,sobrina,Achiasmatic,Male,NA,12
Animalia|Insecta|Diptera|Drosophilidae|Drosophila|sodomae,Animalia,Insecta,Diptera,Drosophilidae,Drosophila,sodomae,Achiasmatic,Male,NA,12
Animalia|Insecta|Diptera|Drosophilidae|Drosophila|sordidula,Animalia,Insecta,Diptera,Drosophilidae,Drosophila,sordidula,Achiasmatic,Male,XY,10
Animalia|Insecta|Diptera|Drosophilidae|Drosophila|spaniothrix,Animalia,Insecta,Diptera,Drosophilidae,Drosophila,spaniothrix,Achiasmatic,Male,NA,12
Animalia|Insecta|Diptera|Drosophilidae|Drosophila|spectabilis,Animalia,Insecta,Diptera,Drosophilidae,Drosophila,spectabilis,Achiasmatic,Male,NA,12
Animalia|Insecta|Diptera|Drosophilidae|Drosophila|spencensis,Animalia,Insecta,Diptera,Drosophilidae,Drosophila,spencensis,Achiasmatic,Male,XY,12
Animalia|Insecta|Diptera|Drosophilidae|Drosophila|spenceri,Animalia,Insecta,Diptera,Drosophilidae,Drosophila,spenceri,Achiasmatic,Male,XY,12
Animalia|Insecta|Diptera|Drosophilidae|Drosophila|spinatermina,Animalia,Insecta,Diptera,Drosophilidae,Drosophila,spinatermina,Achiasmatic,Male,NA,10
Animalia|Insecta|Diptera|Drosophilidae|Drosophila|spinofemora,Animalia,Insecta,Diptera,Drosophilidae,Drosophila,spinofemora,Achiasmatic,Male,NA,8
Animalia|Insecta|Diptera|Drosophilidae|Drosophila|sproati,Animalia,Insecta,Diptera,Drosophilidae,Drosophila,sproati,Achiasmatic,Male,NA,12
Animalia|Insecta|Diptera|Drosophilidae|Drosophila|stalkeri,Animalia,Insecta,Diptera,Drosophilidae,Drosophila,stalkeri,Achiasmatic,Male,XY,12
Animalia|Insecta|Diptera|Drosophilidae|Drosophila|starmeri,Animalia,Insecta,Diptera,Drosophilidae,Drosophila,starmeri,Achiasmatic,Male,NA,12
Animalia|Insecta|Diptera|Drosophilidae|Drosophila|sternopleuralis,Animalia,Insecta,Diptera,Drosophilidae,Drosophila,sternopleuralis,Achiasmatic,Male,NA,8
Animalia|Insecta|Diptera|Drosophilidae|Drosophila|sticta,Animalia,Insecta,Diptera,Drosophilidae,Drosophila,sticta,Achiasmatic,Male,XY,12
Animalia|Insecta|Diptera|Drosophilidae|Drosophila|stonei,Animalia,Insecta,Diptera,Drosophilidae,Drosophila,stonei,Achiasmatic,Male,XY,8
Animalia|Insecta|Diptera|Drosophilidae|Drosophila|sturtevanti,Animalia,Insecta,Diptera,Drosophilidae,Drosophila,sturtevanti,Achiasmatic,Male,XY,6
Animalia|Insecta|Diptera|Drosophilidae|Drosophila|subarctica,Animalia,Insecta,Diptera,Drosophilidae,Drosophila,subarctica,Achiasmatic,Male,NA,12
Animalia|Insecta|Diptera|Drosophilidae|Drosophila|subbadia,Animalia,Insecta,Diptera,Drosophilidae,Drosophila,subbadia,Achiasmatic,Male,XY,10
Animalia|Insecta|Diptera|Drosophilidae|Drosophila|subfunebris,Animalia,Insecta,Diptera,Drosophilidae,Drosophila,subfunebris,Achiasmatic,Male,XY,12
Animalia|Insecta|Diptera|Drosophilidae|Drosophila|submacroptera,Animalia,Insecta,Diptera,Drosophilidae,Drosophila,submacroptera,Achiasmatic,Male,XY,8
Animalia|Insecta|Diptera|Drosophilidae|Drosophila|subobscura,Animalia,Insecta,Diptera,Drosophilidae,Drosophila,subobscura,Achiasmatic,Male,XY,12
Animalia|Insecta|Diptera|Drosophilidae|Drosophila|suboccidentalis,Animalia,Insecta,Diptera,Drosophilidae,Drosophila,suboccidentalis,Achiasmatic,Male,NA,12
Animalia|Insecta|Diptera|Drosophilidae|Drosophila|subpalustris,Animalia,Insecta,Diptera,Drosophilidae,Drosophila,subpalustris,Achiasmatic,Male,NA,12
Animalia|Insecta|Diptera|Drosophilidae|Drosophila|subquinaria,Animalia,Insecta,Diptera,Drosophilidae,Drosophila,subquinaria,Achiasmatic,Male,XY,12
Animalia|Insecta|Diptera|Drosophilidae|Drosophila|subsaltans,Animalia,Insecta,Diptera,Drosophilidae,Drosophila,subsaltans,Achiasmatic,Male,NA,6
Animalia|Insecta|Diptera|Drosophilidae|Drosophila|subsilvestris,Animalia,Insecta,Diptera,Drosophilidae,Drosophila,subsilvestris,Achiasmatic,Male,XY,12
Animalia|Insecta|Diptera|Drosophilidae|Drosophila|substenoptera,Animalia,Insecta,Diptera,Drosophilidae,Drosophila,substenoptera,Achiasmatic,Male,NA,12
Animalia|Insecta|Diptera|Drosophilidae|Drosophila|subtilis,Animalia,Insecta,Diptera,Drosophilidae,Drosophila,subtilis,Achiasmatic,Male,NA,10
Animalia|Insecta|Diptera|Drosophilidae|Drosophila|sucinea,Animalia,Insecta,Diptera,Drosophilidae,Drosophila,sucinea,Achiasmatic,Male,XY,6
Animalia|Insecta|Diptera|Drosophilidae|Drosophila|suffusca,Animalia,Insecta,Diptera,Drosophilidae,Drosophila,suffusca,Achiasmatic,Male,XY,8
Animalia|Insecta|Diptera|Drosophilidae|Drosophila|sulfurigaster,Animalia,Insecta,Diptera,Drosophilidae,Drosophila,sulfurigaster,Achiasmatic,Male,NA,8
Animalia|Insecta|Diptera|Drosophilidae|Drosophila|suzukii,Animalia,Insecta,Diptera,Drosophilidae,Drosophila,suzukii,Achiasmatic,Male,XY,8
Animalia|Insecta|Diptera|Drosophilidae|Drosophila|takahashii,Animalia,Insecta,Diptera,Drosophilidae,Drosophila,takahashii,Achiasmatic,Male,XY,6
Animalia|Insecta|Diptera|Drosophilidae|Drosophila|talamancana,Animalia,Insecta,Diptera,Drosophilidae,Drosophila,talamancana,Achiasmatic,Male,XY,10
Animalia|Insecta|Diptera|Drosophilidae|Drosophila|tani,Animalia,Insecta,Diptera,Drosophilidae,Drosophila,tani,Achiasmatic,Male,NA,8
Animalia|Insecta|Diptera|Drosophilidae|Drosophila|tanytrix,Animalia,Insecta,Diptera,Drosophilidae,Drosophila,tanytrix,Achiasmatic,Male,XY,12
Animalia|Insecta|Diptera|Drosophilidae|Drosophila|tarphytrichia,Animalia,Insecta,Diptera,Drosophilidae,Drosophila,tarphytrichia,Achiasmatic,Male,NA,12
Animalia|Insecta|Diptera|Drosophilidae|Drosophila|teisseri,Animalia,Insecta,Diptera,Drosophilidae,Drosophila,teisseri,Achiasmatic,Male,XY,8
Animalia|Insecta|Diptera|Drosophilidae|Drosophila|tendomentum,Animalia,Insecta,Diptera,Drosophilidae,Drosophila,tendomentum,Achiasmatic,Male,NA,12
Animalia|Insecta|Diptera|Drosophilidae|Drosophila|tenebrosa,Animalia,Insecta,Diptera,Drosophilidae,Drosophila,tenebrosa,Achiasmatic,Male,NA,10
Animalia|Insecta|Diptera|Drosophilidae|Drosophila|tenuicauda,Animalia,Insecta,Diptera,Drosophilidae,Drosophila,tenuicauda,Achiasmatic,Male,NA,12
Animalia|Insecta|Diptera|Drosophilidae|Drosophila|testacea,Animalia,Insecta,Diptera,Drosophilidae,Drosophila,testacea,Achiasmatic,Male,XY,8
Animalia|Insecta|Diptera|Drosophilidae|Drosophila|tetrachaeta,Animalia,Insecta,Diptera,Drosophilidae,Drosophila,tetrachaeta,Achiasmatic,Male,NA,12
Animalia|Insecta|Diptera|Drosophilidae|Drosophila|texana,Animalia,Insecta,Diptera,Drosophilidae,Drosophila,texana,Achiasmatic,Male,XY,10
Animalia|Insecta|Diptera|Drosophilidae|Drosophila|thoracis,Animalia,Insecta,Diptera,Drosophilidae,Drosophila,thoracis,Achiasmatic,Male,XO,12
Animalia|Insecta|Diptera|Drosophilidae|Drosophila|tira,Animalia,Insecta,Diptera,Drosophilidae,Drosophila,tira,Achiasmatic,Male,XY,12
Animalia|Insecta|Diptera|Drosophilidae|Drosophila|tolteca,Animalia,Insecta,Diptera,Drosophilidae,Drosophila,tolteca,Achiasmatic,Male,XY,10
Animalia|Insecta|Diptera|Drosophilidae|Drosophila|tongpua,Animalia,Insecta,Diptera,Drosophilidae,Drosophila,tongpua,Achiasmatic,Male,XY,8
Animalia|Insecta|Diptera|Drosophilidae|Drosophila|touchardiae,Animalia,Insecta,Diptera,Drosophilidae,Drosophila,touchardiae,Achiasmatic,Male,NA,12
Animalia|Insecta|Diptera|Drosophilidae|Drosophila|tranquilla,Animalia,Insecta,Diptera,Drosophilidae,Drosophila,tranquilla,Achiasmatic,Male,NA,6
Animalia|Insecta|Diptera|Drosophilidae|Drosophila|transversa,Animalia,Insecta,Diptera,Drosophilidae,Drosophila,transversa,Achiasmatic,Male,NA,12
Animalia|Insecta|Diptera|Drosophilidae|Drosophila|trapeza,Animalia,Insecta,Diptera,Drosophilidae,Drosophila,trapeza,Achiasmatic,Male,XY,12
Animalia|Insecta|Diptera|Drosophilidae|Drosophila|trapezifrons,Animalia,Insecta,Diptera,Drosophilidae,Drosophila,trapezifrons,Achiasmatic,Male,NA,6
Animalia|Insecta|Diptera|Drosophilidae|Drosophila|triangula,Animalia,Insecta,Diptera,Drosophilidae,Drosophila,triangula,Achiasmatic,Male,NA,12
Animalia|Insecta|Diptera|Drosophilidae|Drosophila|triauraria,Animalia,Insecta,Diptera,Drosophilidae,Drosophila,triauraria,Achiasmatic,Male,XY,6
Animalia|Insecta|Diptera|Drosophilidae|Drosophila|trifiloides,Animalia,Insecta,Diptera,Drosophilidae,Drosophila,trifiloides,Achiasmatic,Male,XY,12
Animalia|Insecta|Diptera|Drosophilidae|Drosophila|trilutea,Animalia,Insecta,Diptera,Drosophilidae,Drosophila,trilutea,Achiasmatic,Male,XY,6
Animalia|Insecta|Diptera|Drosophilidae|Drosophila|tripunctata,Animalia,Insecta,Diptera,Drosophilidae,Drosophila,tripunctata,Achiasmatic,Male,NA,8
Animalia|Insecta|Diptera|Drosophilidae|Drosophila|trispina,Animalia,Insecta,Diptera,Drosophilidae,Drosophila,trispina,Achiasmatic,Male,XY,14
Animalia|Insecta|Diptera|Drosophilidae|Drosophila|tristis,Animalia,Insecta,Diptera,Drosophilidae,Drosophila,tristis,Achiasmatic,Male,XY,10
Animalia|Insecta|Diptera|Drosophilidae|Drosophila|tristriata,Animalia,Insecta,Diptera,Drosophilidae,Drosophila,tristriata,Achiasmatic,Male,NA,12
Animalia|Insecta|Diptera|Drosophilidae|Drosophila|trivittata,Animalia,Insecta,Diptera,Drosophilidae,Drosophila,trivittata,Achiasmatic,Male,NA,10
Animalia|Insecta|Diptera|Drosophilidae|Drosophila|tropicalis,Animalia,Insecta,Diptera,Drosophilidae,Drosophila,tropicalis,Achiasmatic,Male,XY,6
Animalia|Insecta|Diptera|Drosophilidae|Drosophila|truncata,Animalia,Insecta,Diptera,Drosophilidae,Drosophila,truncata,Achiasmatic,Male,NA,6
Animalia|Insecta|Diptera|Drosophilidae|Drosophila|truncipenna,Animalia,Insecta,Diptera,Drosophilidae,Drosophila,truncipenna,Achiasmatic,Male,NA,12
Animalia|Insecta|Diptera|Drosophilidae|Drosophila|tsacasi,Animalia,Insecta,Diptera,Drosophilidae,Drosophila,tsacasi,Achiasmatic,Male,XY,8
Animalia|Insecta|Diptera|Drosophilidae|Drosophila|tsigana,Animalia,Insecta,Diptera,Drosophilidae,Drosophila,tsigana,Achiasmatic,Male,XY,10
Animalia|Insecta|Diptera|Drosophilidae|Drosophila|tumiditarsus,Animalia,Insecta,Diptera,Drosophilidae,Drosophila,tumiditarsus,Achiasmatic,Male,XY,8
Animalia|Insecta|Diptera|Drosophilidae|Drosophila|turbata,Animalia,Insecta,Diptera,Drosophilidae,Drosophila,turbata,Achiasmatic,Male,NA,12
Animalia|Insecta|Diptera|Drosophilidae|Drosophila|unipunctata,Animalia,Insecta,Diptera,Drosophilidae,Drosophila,unipunctata,Achiasmatic,Male,XY,10
Animalia|Insecta|Diptera|Drosophilidae|Drosophila|uniseriata,Animalia,Insecta,Diptera,Drosophilidae,Drosophila,uniseriata,Achiasmatic,Male,NA,12
Animalia|Insecta|Diptera|Drosophilidae|Drosophila|uniseta,Animalia,Insecta,Diptera,Drosophilidae,Drosophila,uniseta,Achiasmatic,Male,NA,12
Animalia|Insecta|Diptera|Drosophilidae|Drosophila|unispina,Animalia,Insecta,Diptera,Drosophilidae,Drosophila,unispina,Achiasmatic,Male,NA,12
Animalia|Insecta|Diptera|Drosophilidae|Drosophila|varians,Animalia,Insecta,Diptera,Drosophilidae,Drosophila,varians,Achiasmatic,Male,XY,8
Animalia|Insecta|Diptera|Drosophilidae|Drosophila|varipennis,Animalia,Insecta,Diptera,Drosophilidae,Drosophila,varipennis,Achiasmatic,Male,NA,12
Animalia|Insecta|Diptera|Drosophilidae|Drosophila|vesciseta,Animalia,Insecta,Diptera,Drosophilidae,Drosophila,vesciseta,Achiasmatic,Male,NA,12
Animalia|Insecta|Diptera|Drosophilidae|Drosophila|vibrissina,Animalia,Insecta,Diptera,Drosophilidae,Drosophila,vibrissina,Achiasmatic,Male,NA,8
Animalia|Insecta|Diptera|Drosophilidae|Drosophila|victoria,Animalia,Insecta,Diptera,Drosophilidae,Drosophila,victoria,Achiasmatic,Male,NA,8
Animalia|Insecta|Diptera|Drosophilidae|Drosophila|villitibia,Animalia,Insecta,Diptera,Drosophilidae,Drosophila,villitibia,Achiasmatic,Male,NA,12
Animalia|Insecta|Diptera|Drosophilidae|Drosophila|villosipedis,Animalia,Insecta,Diptera,Drosophilidae,Drosophila,villosipedis,Achiasmatic,Male,NA,12
Animalia|Insecta|Diptera|Drosophilidae|Drosophila|viracochi,Animalia,Insecta,Diptera,Drosophilidae,Drosophila,viracochi,Achiasmatic,Male,NA,10
Animalia|Insecta|Diptera|Drosophilidae|Drosophila|virgulata,Animalia,Insecta,Diptera,Drosophilidae,Drosophila,virgulata,Achiasmatic,Male,NA,12
Animalia|Insecta|Diptera|Drosophilidae|Drosophila|virilis,Animalia,Insecta,Diptera,Drosophilidae,Drosophila,virilis,Achiasmatic,Male,XY,12
Animalia|Insecta|Diptera|Drosophilidae|Drosophila|vulcana,Animalia,Insecta,Diptera,Drosophilidae,Drosophila,vulcana,Achiasmatic,Male,XY,8
Animalia|Insecta|Diptera|Drosophilidae|Drosophila|wheeleri,Animalia,Insecta,Diptera,Drosophilidae,Drosophila,wheeleri,Achiasmatic,Male,XY,12
Animalia|Insecta|Diptera|Drosophilidae|Drosophila|willistoni,Animalia,Insecta,Diptera,Drosophilidae,Drosophila,willistoni,Achiasmatic,Male,XY,6
Animalia|Insecta|Diptera|Drosophilidae|Drosophila|wingei,Animalia,Insecta,Diptera,Drosophilidae,Drosophila,wingei,Achiasmatic,Male,NA,6
Animalia|Insecta|Diptera|Drosophilidae|Drosophila|xanthia,Animalia,Insecta,Diptera,Drosophilidae,Drosophila,xanthia,Achiasmatic,Male,XY,10
Animalia|Insecta|Diptera|Drosophilidae|Drosophila|xanthogaster,Animalia,Insecta,Diptera,Drosophilidae,Drosophila,xanthogaster,Achiasmatic,Male,NA,10
Animalia|Insecta|Diptera|Drosophilidae|Drosophila|yakuba,Animalia,Insecta,Diptera,Drosophilidae,Drosophila,yakuba,Achiasmatic,Male,XY,8
Animalia|Insecta|Diptera|Drosophilidae|Exalloscaptomyza|spp.,Animalia,Insecta,Diptera,Drosophilidae,Exalloscaptomyza,spp.,Achiasmatic,Male,NA,10
Animalia|Insecta|Diptera|Drosophilidae|Hirtodrosophila|duncani,Animalia,Insecta,Diptera,Drosophilidae,Hirtodrosophila,duncani,Achiasmatic,Male,XY,10
Animalia|Insecta|Diptera|Drosophilidae|Hirtodrosophila|grisea,Animalia,Insecta,Diptera,Drosophilidae,Hirtodrosophila,grisea,Achiasmatic,Male,XO,12
Animalia|Insecta|Diptera|Drosophilidae|Hirtodrosophila|longala,Animalia,Insecta,Diptera,Drosophilidae,Hirtodrosophila,longala,Achiasmatic,Male,XO,12
Animalia|Insecta|Diptera|Drosophilidae|Hirtodrosophila|orbospiracula,Animalia,Insecta,Diptera,Drosophilidae,Hirtodrosophila,orbospiracula,Achiasmatic,Male,XO,12
Animalia|Insecta|Diptera|Drosophilidae|Hirtodrosophila|pictiventris,Animalia,Insecta,Diptera,Drosophilidae,Hirtodrosophila,pictiventris,Achiasmatic,Male,XO,8
Animalia|Insecta|Diptera|Drosophilidae|Hirtodrosophila|thoracis,Animalia,Insecta,Diptera,Drosophilidae,Hirtodrosophila,thoracis,Achiasmatic,Male,XO,12
Animalia|Insecta|Diptera|Drosophilidae|Leucophenga|maculata,Animalia,Insecta,Diptera,Drosophilidae,Leucophenga,maculata,Achiasmatic,Male,XY,12
Animalia|Insecta|Diptera|Drosophilidae|Leucophenga|varia,Animalia,Insecta,Diptera,Drosophilidae,Leucophenga,varia,Achiasmatic,Male,NA,12
Animalia|Insecta|Diptera|Drosophilidae|Microdrosophila|congesta,Animalia,Insecta,Diptera,Drosophilidae,Microdrosophila,congesta,Achiasmatic,Male,NA,10
Animalia|Insecta|Diptera|Drosophilidae|Microdrosophila|spp.,Animalia,Insecta,Diptera,Drosophilidae,Microdrosophila,spp.,Achiasmatic,Male,NA,10
Animalia|Insecta|Diptera|Drosophilidae|Mycodrosophila|claytonae,Animalia,Insecta,Diptera,Drosophilidae,Mycodrosophila,claytonae,Achiasmatic,Male,XY,8
Animalia|Insecta|Diptera|Drosophilidae|Mycodrosophila|dimidiata,Animalia,Insecta,Diptera,Drosophilidae,Mycodrosophila,dimidiata,Achiasmatic,Male,XY,8
Animalia|Insecta|Diptera|Drosophilidae|Mycodrosophila|nigropteropleura,Animalia,Insecta,Diptera,Drosophilidae,Mycodrosophila,nigropteropleura,Achiasmatic,Male,NA,8
Animalia|Insecta|Diptera|Drosophilidae|Mycodrosophila|poecilogastra,Animalia,Insecta,Diptera,Drosophilidae,Mycodrosophila,poecilogastra,Achiasmatic,Male,NA,12
Animalia|Insecta|Diptera|Drosophilidae|Mycodrosophila|stalkeri,Animalia,Insecta,Diptera,Drosophilidae,Mycodrosophila,stalkeri,Achiasmatic,Male,NA,8
Animalia|Insecta|Diptera|Drosophilidae|Pholadoris|baeomyia,Animalia,Insecta,Diptera,Drosophilidae,Pholadoris,baeomyia,Achiasmatic,Male,NA,6
Animalia|Insecta|Diptera|Drosophilidae|Pholadoris|coracina,Animalia,Insecta,Diptera,Drosophilidae,Pholadoris,coracina,Achiasmatic,Male,NA,8
Animalia|Insecta|Diptera|Drosophilidae|Pholadoris|lebanonensis,Animalia,Insecta,Diptera,Drosophilidae,Pholadoris,lebanonensis,Achiasmatic,Male,NA,8
Animalia|Insecta|Diptera|Drosophilidae|Pholadoris|mirim,Animalia,Insecta,Diptera,Drosophilidae,Pholadoris,mirim,Achiasmatic,Male,NA,6
Animalia|Insecta|Diptera|Drosophilidae|Pholadoris|nitens,Animalia,Insecta,Diptera,Drosophilidae,Pholadoris,nitens,Achiasmatic,Male,NA,8
Animalia|Insecta|Diptera|Drosophilidae|Pholadoris|victoria,Animalia,Insecta,Diptera,Drosophilidae,Pholadoris,victoria,Achiasmatic,Male,NA,8
Animalia|Insecta|Diptera|Drosophilidae|Samoaia|Afiamallu,Animalia,Insecta,Diptera,Drosophilidae,Samoaia,Afiamallu,Achiasmatic,Male,NA,10
Animalia|Insecta|Diptera|Drosophilidae|Samoaia|attenuata,Animalia,Insecta,Diptera,Drosophilidae,Samoaia,attenuata,Achiasmatic,Male,NA,8
Animalia|Insecta|Diptera|Drosophilidae|Samoaia|blackwing,Animalia,Insecta,Diptera,Drosophilidae,Samoaia,blackwing,Achiasmatic,Male,NA,12
Animalia|Insecta|Diptera|Drosophilidae|Samoaia|leonensis,Animalia,Insecta,Diptera,Drosophilidae,Samoaia,leonensis,Achiasmatic,Male,NA,8
Animalia|Insecta|Diptera|Drosophilidae|Scaptomyza|adusta,Animalia,Insecta,Diptera,Drosophilidae,Scaptomyza,adusta,Achiasmatic,Male,NA,10
Animalia|Insecta|Diptera|Drosophilidae|Scaptomyza|albovittata,Animalia,Insecta,Diptera,Drosophilidae,Scaptomyza,albovittata,Achiasmatic,Male,NA,10
Animalia|Insecta|Diptera|Drosophilidae|Scaptomyza|anomala,Animalia,Insecta,Diptera,Drosophilidae,Scaptomyza,anomala,Achiasmatic,Male,NA,10
Animalia|Insecta|Diptera|Drosophilidae|Scaptomyza|argentifrons,Animalia,Insecta,Diptera,Drosophilidae,Scaptomyza,argentifrons,Achiasmatic,Male,NA,10
Animalia|Insecta|Diptera|Drosophilidae|Scaptomyza|denticauda,Animalia,Insecta,Diptera,Drosophilidae,Scaptomyza,denticauda,Achiasmatic,Male,XY,8
Animalia|Insecta|Diptera|Drosophilidae|Scaptomyza|graminum,Animalia,Insecta,Diptera,Drosophilidae,Scaptomyza,graminum,Achiasmatic,Male,XY,8
Animalia|Insecta|Diptera|Drosophilidae|Scaptomyza|hamata,Animalia,Insecta,Diptera,Drosophilidae,Scaptomyza,hamata,Achiasmatic,Male,NA,8
Animalia|Insecta|Diptera|Drosophilidae|Scaptomyza|melancholica,Animalia,Insecta,Diptera,Drosophilidae,Scaptomyza,melancholica,Achiasmatic,Male,NA,8
Animalia|Insecta|Diptera|Drosophilidae|Scaptomyza|noei,Animalia,Insecta,Diptera,Drosophilidae,Scaptomyza,noei,Achiasmatic,Male,NA,10
Animalia|Insecta|Diptera|Drosophilidae|Scaptomyza|pallida,Animalia,Insecta,Diptera,Drosophilidae,Scaptomyza,pallida,Achiasmatic,Male,NA,8
Animalia|Insecta|Diptera|Drosophilidae|Scaptomyza|palmae,Animalia,Insecta,Diptera,Drosophilidae,Scaptomyza,palmae,Achiasmatic,Male,NA,10
Animalia|Insecta|Diptera|Drosophilidae|Scaptomyza|spp.,Animalia,Insecta,Diptera,Drosophilidae,Scaptomyza,spp.,Achiasmatic,Male,NA,10
Animalia|Insecta|Diptera|Drosophilidae|Scaptomyza|varifrons,Animalia,Insecta,Diptera,Drosophilidae,Scaptomyza,varifrons,Achiasmatic,Male,NA,10
Animalia|Insecta|Diptera|Drosophilidae|Scaptomyza|waialealeae,Animalia,Insecta,Diptera,Drosophilidae,Scaptomyza,waialealeae,Achiasmatic,Male,NA,8
Animalia|Insecta|Diptera|Drosophilidae|Scaptomyza|xanthopleura,Animalia,Insecta,Diptera,Drosophilidae,Scaptomyza,xanthopleura,Achiasmatic,Male,NA,10
Animalia|Insecta|Diptera|Drosophilidae|Tantalia|albovittata,Animalia,Insecta,Diptera,Drosophilidae,Tantalia,albovittata,Achiasmatic,Male,NA,10
Animalia|Insecta|Diptera|Drosophilidae|Titanochaeta|bryani,Animalia,Insecta,Diptera,Drosophilidae,Titanochaeta,bryani,Achiasmatic,Male,NA,10
Animalia|Insecta|Diptera|Drosophilidae|Titanochaeta|n.sp.,Animalia,Insecta,Diptera,Drosophilidae,Titanochaeta,n.sp.,Achiasmatic,Male,NA,8
Animalia|Insecta|Diptera|Drosophilidae|Titanochaeta|new,Animalia,Insecta,Diptera,Drosophilidae,Titanochaeta,new,Achiasmatic,Male,NA,8
Animalia|Insecta|Diptera|Drosophilidae|Trogloscaptomyza|argentifrons,Animalia,Insecta,Diptera,Drosophilidae,Trogloscaptomyza,argentifrons,Achiasmatic,Male,NA,10
Animalia|Insecta|Diptera|Drosophilidae|Trogloscaptomyza|n.sp.,Animalia,Insecta,Diptera,Drosophilidae,Trogloscaptomyza,n.sp.,Achiasmatic,Male,NA,10
Animalia|Insecta|Diptera|Drosophilidae|Trogloscaptomyza|spp.,Animalia,Insecta,Diptera,Drosophilidae,Trogloscaptomyza,spp.,Achiasmatic,Male,NA,10
Animalia|Insecta|Diptera|Drosophilidae|Trogloscaptomyza|waialealeae,Animalia,Insecta,Diptera,Drosophilidae,Trogloscaptomyza,waialealeae,Achiasmatic,Male,NA,8
Animalia|Insecta|Diptera|Drosophilidae|Zaprionus|bogoriensis,Animalia,Insecta,Diptera,Drosophilidae,Zaprionus,bogoriensis,Achiasmatic,Male,XY,12
Animalia|Insecta|Diptera|Drosophilidae|Zaprionus|ghesquieri,Animalia,Insecta,Diptera,Drosophilidae,Zaprionus,ghesquieri,Achiasmatic,Male,NA,12
Animalia|Insecta|Diptera|Drosophilidae|Zaprionus|indianus,Animalia,Insecta,Diptera,Drosophilidae,Zaprionus,indianus,Achiasmatic,Male,XY,12
Animalia|Insecta|Diptera|Drosophilidae|Zaprionus|inermis,Animalia,Insecta,Diptera,Drosophilidae,Zaprionus,inermis,Achiasmatic,Male,NA,12
Animalia|Insecta|Diptera|Drosophilidae|Zaprionus|multistriatus,Animalia,Insecta,Diptera,Drosophilidae,Zaprionus,multistriatus,Achiasmatic,Male,NA,12
Animalia|Insecta|Diptera|Drosophilidae|Zaprionus|obscuricornis,Animalia,Insecta,Diptera,Drosophilidae,Zaprionus,obscuricornis,Achiasmatic,Male,XY,12
Animalia|Insecta|Diptera|Drosophilidae|Zaprionus|ornatus,Animalia,Insecta,Diptera,Drosophilidae,Zaprionus,ornatus,Achiasmatic,Male,NA,12
Animalia|Insecta|Diptera|Drosophilidae|Zaprionus|paravittiger,Animalia,Insecta,Diptera,Drosophilidae,Zaprionus,paravittiger,Achiasmatic,Male,XY,12
Animalia|Insecta|Diptera|Drosophilidae|Zaprionus|sepsoides,Animalia,Insecta,Diptera,Drosophilidae,Zaprionus,sepsoides,Achiasmatic,Male,NA,12
Animalia|Insecta|Diptera|Drosophilidae|Zaprionus|sp.,Animalia,Insecta,Diptera,Drosophilidae,Zaprionus,sp.,Achiasmatic,Male,NA,8
Animalia|Insecta|Diptera|Drosophilidae|Zaprionus|tuberculatus,Animalia,Insecta,Diptera,Drosophilidae,Zaprionus,tuberculatus,Achiasmatic,Male,NA,12
Animalia|Insecta|Diptera|Drosophilidae|Zaprionus|vittiger,Animalia,Insecta,Diptera,Drosophilidae,Zaprionus,vittiger,Achiasmatic,Male,NA,12
Animalia|Insecta|Diptera|Dryomyzidae|Dryomyza|anilis,Animalia,Insecta,Diptera,Dryomyzidae,Dryomyza,anilis,Achiasmatic,Male,XY,12
Animalia|Insecta|Diptera|Dryomyzidae|Neuroctena|analis,Animalia,Insecta,Diptera,Dryomyzidae,Neuroctena,analis,Achiasmatic,Male,XY,12
Animalia|Insecta|Diptera|Glossinidae|Glossina|brevipalpis,Animalia,Insecta,Diptera,Glossinidae,Glossina,brevipalpis,Achiasmatic,Male,NA,16
Animalia|Insecta|Diptera|Heleomyzidae|Suillia|nemorum,Animalia,Insecta,Diptera,Heleomyzidae,Suillia,nemorum,Achiasmatic,Male,XY,12
Animalia|Insecta|Diptera|Heleomyzidae|Suillia|sp,Animalia,Insecta,Diptera,Heleomyzidae,Suillia,sp,Achiasmatic,Male,XY,12
Animalia|Insecta|Diptera|Hippoboscidae|Hippobosca|camelina,Animalia,Insecta,Diptera,Hippoboscidae,Hippobosca,camelina,Distance pairing,Male,XY,26
Animalia|Insecta|Diptera|Hippoboscidae|Melophagus|ovinus,Animalia,Insecta,Diptera,Hippoboscidae,Melophagus,ovinus,Achiasmatic,Male,XY,18
Animalia|Insecta|Diptera|Hippoboscidae|Olfersia|bisulcata,Animalia,Insecta,Diptera,Hippoboscidae,Olfersia,bisulcata,Achiasmatic,Male,XY,8
Animalia|Insecta|Diptera|Lauxaniidae|Calliopum|aeneum,Animalia,Insecta,Diptera,Lauxaniidae,Calliopum,aeneum,Achiasmatic,Male,XY,12
Animalia|Insecta|Diptera|Lauxaniidae|Depressa|striatipennis,Animalia,Insecta,Diptera,Lauxaniidae,Depressa,striatipennis,Achiasmatic,Male,XY,12
Animalia|Insecta|Diptera|Lauxaniidae|Homoneura|armata,Animalia,Insecta,Diptera,Lauxaniidae,Homoneura,armata,Achiasmatic,Male,XY,12
Animalia|Insecta|Diptera|Lauxaniidae|Homoneura|biroi,Animalia,Insecta,Diptera,Lauxaniidae,Homoneura,biroi,Achiasmatic,Male,NA,12
Animalia|Insecta|Diptera|Lauxaniidae|Homoneura|horvathi,Animalia,Insecta,Diptera,Lauxaniidae,Homoneura,horvathi,Achiasmatic,Male,XY,12
Animalia|Insecta|Diptera|Lauxaniidae|Homoneura|laticosta,Animalia,Insecta,Diptera,Lauxaniidae,Homoneura,laticosta,Achiasmatic,Male,XY,12
Animalia|Insecta|Diptera|Lauxaniidae|Homoneura|newspecies,Animalia,Insecta,Diptera,Lauxaniidae,Homoneura,newspecies,Achiasmatic,Male,XY,12
Animalia|Insecta|Diptera|Lauxaniidae|Homoneura|nsp.Nearpreapicalis,Animalia,Insecta,Diptera,Lauxaniidae,Homoneura,nsp.Nearpreapicalis,Achiasmatic,Male,XY,12
Animalia|Insecta|Diptera|Lauxaniidae|Homoneura|sp1,Animalia,Insecta,Diptera,Lauxaniidae,Homoneura,sp1,Achiasmatic,Male,XY,12
Animalia|Insecta|Diptera|Lauxaniidae|Homoneura|sp2,Animalia,Insecta,Diptera,Lauxaniidae,Homoneura,sp2,Achiasmatic,Male,XY,12
Animalia|Insecta|Diptera|Lauxaniidae|Homoneura|spA,Animalia,Insecta,Diptera,Lauxaniidae,Homoneura,spA,Achiasmatic,Male,NA,12
Animalia|Insecta|Diptera|Lauxaniidae|Homoneura|spB,Animalia,Insecta,Diptera,Lauxaniidae,Homoneura,spB,Achiasmatic,Male,NA,12
Animalia|Insecta|Diptera|Lauxaniidae|Homoneura|speciesA,Animalia,Insecta,Diptera,Lauxaniidae,Homoneura,speciesA,Achiasmatic,Male,XY,12
Animalia|Insecta|Diptera|Lauxaniidae|Homoneura|speciesB,Animalia,Insecta,Diptera,Lauxaniidae,Homoneura,speciesB,Achiasmatic,Male,XY,12
Animalia|Insecta|Diptera|Lauxaniidae|Lauxania|cylindricornis,Animalia,Insecta,Diptera,Lauxaniidae,Lauxania,cylindricornis,Achiasmatic,Male,XY,12
Animalia|Insecta|Diptera|Lauxaniidae|Lyciella|bicoloripes,Animalia,Insecta,Diptera,Lauxaniidae,Lyciella,bicoloripes,Achiasmatic,Male,XY,12
Animalia|Insecta|Diptera|Lauxaniidae|Lyciella|hirtiventris,Animalia,Insecta,Diptera,Lauxaniidae,Lyciella,hirtiventris,Achiasmatic,Male,XY,12
Animalia|Insecta|Diptera|Lauxaniidae|Lyciella|illota,Animalia,Insecta,Diptera,Lauxaniidae,Lyciella,illota,Achiasmatic,Male,XY,10
Animalia|Insecta|Diptera|Lauxaniidae|Lyciella|newspecies,Animalia,Insecta,Diptera,Lauxaniidae,Lyciella,newspecies,Achiasmatic,Male,NA,12
Animalia|Insecta|Diptera|Lauxaniidae|Lyciella|nsp.Nr.Spinigera,Animalia,Insecta,Diptera,Lauxaniidae,Lyciella,nsp.Nr.Spinigera,Achiasmatic,Male,XY,12
Animalia|Insecta|Diptera|Lauxaniidae|Lyciella|rorida,Animalia,Insecta,Diptera,Lauxaniidae,Lyciella,rorida,Achiasmatic,Male,XY,10
Animalia|Insecta|Diptera|Lauxaniidae|Lyciella|sp1,Animalia,Insecta,Diptera,Lauxaniidae,Lyciella,sp1,Achiasmatic,Male,NA,12
Animalia|Insecta|Diptera|Lauxaniidae|Lyciella|sp2,Animalia,Insecta,Diptera,Lauxaniidae,Lyciella,sp2,Achiasmatic,Male,XY,12
Animalia|Insecta|Diptera|Lauxaniidae|Lyciella|spinigera,Animalia,Insecta,Diptera,Lauxaniidae,Lyciella,spinigera,Achiasmatic,Male,XY,12
Animalia|Insecta|Diptera|Lauxaniidae|Minettia|flaveola,Animalia,Insecta,Diptera,Lauxaniidae,Minettia,flaveola,Achiasmatic,Male,XY,10
Animalia|Insecta|Diptera|Lauxaniidae|Minettia|lupulina,Animalia,Insecta,Diptera,Lauxaniidae,Minettia,lupulina,Achiasmatic,Male,XY,12
Animalia|Insecta|Diptera|Lauxaniidae|Paralauxania|elevata,Animalia,Insecta,Diptera,Lauxaniidae,Paralauxania,elevata,Achiasmatic,Male,XY,12
Animalia|Insecta|Diptera|Lauxaniidae|Paranomina|newspecies,Animalia,Insecta,Diptera,Lauxaniidae,Paranomina,newspecies,Achiasmatic,Male,NA,12
Animalia|Insecta|Diptera|Lauxaniidae|Paranomina|sp,Animalia,Insecta,Diptera,Lauxaniidae,Paranomina,sp,Achiasmatic,Male,XY,12
Animalia|Insecta|Diptera|Lauxaniidae|Physegenua|vittata,Animalia,Insecta,Diptera,Lauxaniidae,Physegenua,vittata,Achiasmatic,Male,XY,12
Animalia|Insecta|Diptera|Lauxaniidae|Sapromyza|avicola,Animalia,Insecta,Diptera,Lauxaniidae,Sapromyza,avicola,Achiasmatic,Male,XY,12
Animalia|Insecta|Diptera|Lauxaniidae|Sapromyza|sp,Animalia,Insecta,Diptera,Lauxaniidae,Sapromyza,sp,Achiasmatic,Male,XY,8
Animalia|Insecta|Diptera|Lauxaniidae|Sapromyza|species,Animalia,Insecta,Diptera,Lauxaniidae,Sapromyza,species,Achiasmatic,Male,XY,8
Animalia|Insecta|Diptera|Lauxaniidae|Sapromyza|stigmatica,Animalia,Insecta,Diptera,Lauxaniidae,Sapromyza,stigmatica,Achiasmatic,Male,XY,12
Animalia|Insecta|Diptera|Lauxaniidae|Sp|sp,Animalia,Insecta,Diptera,Lauxaniidae,Sp,sp,Achiasmatic,Male,XY,12
Animalia|Insecta|Diptera|Muscidae|Calliphora|erythrocephala,Animalia,Insecta,Diptera,Muscidae,Calliphora,erythrocephala,Achiasmatic,Male,XY,12
Animalia|Insecta|Diptera|Muscidae|Fannia|canicularis,Animalia,Insecta,Diptera,Muscidae,Fannia,canicularis,Achiasmatic,Male,XY,12
Animalia|Insecta|Diptera|Muscidae|Fannia|glaucescens,Animalia,Insecta,Diptera,Muscidae,Fannia,glaucescens,Achiasmatic,Male,XY,12
Animalia|Insecta|Diptera|Muscidae|Fannia|sp.,Animalia,Insecta,Diptera,Muscidae,Fannia,sp.,Achiasmatic,Male,XY,12
Animalia|Insecta|Diptera|Muscidae|Fucellia|marina,Animalia,Insecta,Diptera,Muscidae,Fucellia,marina,Achiasmatic,Male,XY,12
Animalia|Insecta|Diptera|Muscidae|Haematobia|irritans,Animalia,Insecta,Diptera,Muscidae,Haematobia,irritans,Achiasmatic,Male,XY,10
Animalia|Insecta|Diptera|Muscidae|Homalomyia|sp,Animalia,Insecta,Diptera,Muscidae,Homalomyia,sp,Achiasmatic,Male,XY,12
Animalia|Insecta|Diptera|Muscidae|Hydrophoria|conica,Animalia,Insecta,Diptera,Muscidae,Hydrophoria,conica,Achiasmatic,Male,XY,12
Animalia|Insecta|Diptera|Muscidae|Hydrotaea|houghi,Animalia,Insecta,Diptera,Muscidae,Hydrotaea,houghi,Achiasmatic,Male,NA,12
Animalia|Insecta|Diptera|Muscidae|Hydrotaea|irritans,Animalia,Insecta,Diptera,Muscidae,Hydrotaea,irritans,Achiasmatic,Male,NA,10
Animalia|Insecta|Diptera|Muscidae|Hydrotaea|meridionalis,Animalia,Insecta,Diptera,Muscidae,Hydrotaea,meridionalis,Achiasmatic,Male,NA,10
Animalia|Insecta|Diptera|Muscidae|Hydrotaea|meteorica,Animalia,Insecta,Diptera,Muscidae,Hydrotaea,meteorica,Achiasmatic,Male,NA,10
Animalia|Insecta|Diptera|Muscidae|Hydrotaea|pandellei,Animalia,Insecta,Diptera,Muscidae,Hydrotaea,pandellei,Achiasmatic,Male,NA,10
Animalia|Insecta|Diptera|Muscidae|Hydrotaea|pellucens,Animalia,Insecta,Diptera,Muscidae,Hydrotaea,pellucens,Achiasmatic,Male,NA,10
Animalia|Insecta|Diptera|Muscidae|Hydrotaea|scambus,Animalia,Insecta,Diptera,Muscidae,Hydrotaea,scambus,Achiasmatic,Male,XY,10
Animalia|Insecta|Diptera|Muscidae|Hydrotaea|stabulans,Animalia,Insecta,Diptera,Muscidae,Hydrotaea,stabulans,Achiasmatic,Male,NA,12
Animalia|Insecta|Diptera|Muscidae|Hydrotaea|velutina,Animalia,Insecta,Diptera,Muscidae,Hydrotaea,velutina,Achiasmatic,Male,NA,10
Animalia|Insecta|Diptera|Muscidae|Hylemya|antiqua,Animalia,Insecta,Diptera,Muscidae,Hylemya,antiqua,Achiasmatic,Male,XY,12
Animalia|Insecta|Diptera|Muscidae|Hylemya|brassicae,Animalia,Insecta,Diptera,Muscidae,Hylemya,brassicae,Achiasmatic,Male,XY,12
Animalia|Insecta|Diptera|Muscidae|Hylemya|cana,Animalia,Insecta,Diptera,Muscidae,Hylemya,cana,Achiasmatic,Male,XY,12
Animalia|Insecta|Diptera|Muscidae|Hylemya|cilicrura,Animalia,Insecta,Diptera,Muscidae,Hylemya,cilicrura,Achiasmatic,Male,XY,12
Animalia|Insecta|Diptera|Muscidae|Hylemya|cruciferae,Animalia,Insecta,Diptera,Muscidae,Hylemya,cruciferae,Achiasmatic,Male,NA,12
Animalia|Insecta|Diptera|Muscidae|Hylemya|echinata,Animalia,Insecta,Diptera,Muscidae,Hylemya,echinata,Achiasmatic,Male,NA,12
Animalia|Insecta|Diptera|Muscidae|Hylemya|floralis,Animalia,Insecta,Diptera,Muscidae,Hylemya,floralis,Achiasmatic,Male,NA,12
Animalia|Insecta|Diptera|Muscidae|Hylemya|florilega,Animalia,Insecta,Diptera,Muscidae,Hylemya,florilega,Achiasmatic,Male,NA,12
Animalia|Insecta|Diptera|Muscidae|Hylemya|fugax,Animalia,Insecta,Diptera,Muscidae,Hylemya,fugax,Achiasmatic,Male,NA,14
Animalia|Insecta|Diptera|Muscidae|Hylemya|planipalpus,Animalia,Insecta,Diptera,Muscidae,Hylemya,planipalpus,Achiasmatic,Male,NA,12
Animalia|Insecta|Diptera|Muscidae|Hylemya|pseudobrassicae,Animalia,Insecta,Diptera,Muscidae,Hylemya,pseudobrassicae,Achiasmatic,Male,NA,12
Animalia|Insecta|Diptera|Muscidae|Hylemya|trichodactyla,Animalia,Insecta,Diptera,Muscidae,Hylemya,trichodactyla,Achiasmatic,Male,NA,12
Animalia|Insecta|Diptera|Muscidae|Macrorchus|ausoba,Animalia,Insecta,Diptera,Muscidae,Macrorchus,ausoba,Achiasmatic,Male,NA,12
Animalia|Insecta|Diptera|Muscidae|Musca|autumnalis,Animalia,Insecta,Diptera,Muscidae,Musca,autumnalis,Achiasmatic,Male,XY,12
Animalia|Insecta|Diptera|Muscidae|Musca|domestica,Animalia,Insecta,Diptera,Muscidae,Musca,domestica,Achiasmatic,Male,NA,12
Animalia|Insecta|Diptera|Muscidae|Musca|sorbens,Animalia,Insecta,Diptera,Muscidae,Musca,sorbens,Achiasmatic,Male,XY,12
Animalia|Insecta|Diptera|Muscidae|Musca|stabulans,Animalia,Insecta,Diptera,Muscidae,Musca,stabulans,Achiasmatic,Male,NA,10
Animalia|Insecta|Diptera|Muscidae|Musca|velustissima,Animalia,Insecta,Diptera,Muscidae,Musca,velustissima,Achiasmatic,Male,XY,12
Animalia|Insecta|Diptera|Muscidae|Musca|vestustissima,Animalia,Insecta,Diptera,Muscidae,Musca,vestustissima,Achiasmatic,Male,XY,12
Animalia|Insecta|Diptera|Muscidae|Mydaea|neglecta,Animalia,Insecta,Diptera,Muscidae,Mydaea,neglecta,Achiasmatic,Male,XY,12
Animalia|Insecta|Diptera|Muscidae|Ophyra|leucostoma,Animalia,Insecta,Diptera,Muscidae,Ophyra,leucostoma,Achiasmatic,Male,NA,12
Animalia|Insecta|Diptera|Muscidae|Orthellia|nudissima,Animalia,Insecta,Diptera,Muscidae,Orthellia,nudissima,Achiasmatic,Male,XY,10
Animalia|Insecta|Diptera|Muscidae|Pegomya|betae,Animalia,Insecta,Diptera,Muscidae,Pegomya,betae,Achiasmatic,Male,XY,12
Animalia|Insecta|Diptera|Muscidae|Pegomya|bicolor,Animalia,Insecta,Diptera,Muscidae,Pegomya,bicolor,Achiasmatic,Male,XY,12
Animalia|Insecta|Diptera|Muscidae|Pegomya|geniculata,Animalia,Insecta,Diptera,Muscidae,Pegomya,geniculata,Achiasmatic,Male,XY,12
Animalia|Insecta|Diptera|Muscidae|Peregle|radicum,Animalia,Insecta,Diptera,Muscidae,Peregle,radicum,Achiasmatic,Male,XY,12
Animalia|Insecta|Diptera|Muscidae|Phaonia|basalis,Animalia,Insecta,Diptera,Muscidae,Phaonia,basalis,Achiasmatic,Male,XY,12
Animalia|Insecta|Diptera|Muscidae|Phaonia|variegata,Animalia,Insecta,Diptera,Muscidae,Phaonia,variegata,Achiasmatic,Male,NA,10
Animalia|Insecta|Diptera|Muscidae|Phorbia|bassicae,Animalia,Insecta,Diptera,Muscidae,Phorbia,bassicae,Achiasmatic,Male,XY,12
Animalia|Insecta|Diptera|Muscidae|Phormia|regina,Animalia,Insecta,Diptera,Muscidae,Phormia,regina,Achiasmatic,Male,XY,12
Animalia|Insecta|Diptera|Muscidae|Psudopyrellia|cornicina,Animalia,Insecta,Diptera,Muscidae,Psudopyrellia,cornicina,Achiasmatic,Male,NA,12
Animalia|Insecta|Diptera|Muscidae|Stomoxya|calcitrans,Animalia,Insecta,Diptera,Muscidae,Stomoxya,calcitrans,Achiasmatic,Male,XY,10
Animalia|Insecta|Diptera|Muscidae|Stomoxys|calcitrans,Animalia,Insecta,Diptera,Muscidae,Stomoxys,calcitrans,Achiasmatic,Male,NA,10
Animalia|Insecta|Diptera|Mycetophilidae|Brachypeza|radiata,Animalia,Insecta,Diptera,Mycetophilidae,Brachypeza,radiata,Achiasmatic,Male,XY,12
Animalia|Insecta|Diptera|Mycetophilidae|Exechia|indecisa,Animalia,Insecta,Diptera,Mycetophilidae,Exechia,indecisa,Achiasmatic,Male,XY,14
Animalia|Insecta|Diptera|Mycetophilidae|Exechia|speciosa,Animalia,Insecta,Diptera,Mycetophilidae,Exechia,speciosa,Achiasmatic,Male,XY,12
Animalia|Insecta|Diptera|Mycetophilidae|Fungivora|blanda,Animalia,Insecta,Diptera,Mycetophilidae,Fungivora,blanda,Achiasmatic,Male,XY,8
Animalia|Insecta|Diptera|Mycetophilidae|Fungivora|funorum,Animalia,Insecta,Diptera,Mycetophilidae,Fungivora,funorum,Achiasmatic,Male,XY,14
Animalia|Insecta|Diptera|Mycetophilidae|Fungivora|guttata,Animalia,Insecta,Diptera,Mycetophilidae,Fungivora,guttata,Achiasmatic,Male,XY,8
Animalia|Insecta|Diptera|Mycetophilidae|Fungivora|lineola,Animalia,Insecta,Diptera,Mycetophilidae,Fungivora,lineola,Achiasmatic,Male,XY,14
Animalia|Insecta|Diptera|Mycetophilidae|Fungivora|unipunctata,Animalia,Insecta,Diptera,Mycetophilidae,Fungivora,unipunctata,Achiasmatic,Male,XY,14
Animalia|Insecta|Diptera|Mycetophilidae|Mycetophila|punctata,Animalia,Insecta,Diptera,Mycetophilidae,Mycetophila,punctata,Achiasmatic,Male,XY,14
Animalia|Insecta|Diptera|Mycetophilidae|Rhymosia|domestica,Animalia,Insecta,Diptera,Mycetophilidae,Rhymosia,domestica,Achiasmatic,Male,XY,14
Animalia|Insecta|Diptera|Mycetophilidae|Rhymosia|fenestralis,Animalia,Insecta,Diptera,Mycetophilidae,Rhymosia,fenestralis,Achiasmatic,Male,XY,8
Animalia|Insecta|Diptera|Oestridae|Cephenemyia|phobifer,Animalia,Insecta,Diptera,Oestridae,Cephenemyia,phobifer,Achiasmatic,Male,XY,12
Animalia|Insecta|Diptera|Oestridae|Cuterebra|emasculator,Animalia,Insecta,Diptera,Oestridae,Cuterebra,emasculator,Achiasmatic,Male,XY,12
Animalia|Insecta|Diptera|Oestridae|Hypoderma|bovis,Animalia,Insecta,Diptera,Oestridae,Hypoderma,bovis,Achiasmatic,Male,XY,12
Animalia|Insecta|Diptera|Oestridae|Hypoderma|lineatum,Animalia,Insecta,Diptera,Oestridae,Hypoderma,lineatum,Achiasmatic,Male,XY,12
Animalia|Insecta|Diptera|Oestridae|Oestrus|ovis,Animalia,Insecta,Diptera,Oestridae,Oestrus,ovis,Achiasmatic,Male,XY,12
Animalia|Insecta|Diptera|Phoridae|Aphiocaeta|sp,Animalia,Insecta,Diptera,Phoridae,Aphiocaeta,sp,Achiasmatic,Male,NA,6
Animalia|Insecta|Diptera|Phoridae|Megaselia|scalaris,Animalia,Insecta,Diptera,Phoridae,Megaselia,scalaris,Achiasmatic,Male,NA,6
Animalia|Insecta|Diptera|Phoridae|Phora|sp.,Animalia,Insecta,Diptera,Phoridae,Phora,sp.,Achiasmatic,Male,NA,8
Animalia|Insecta|Diptera|Piophilidae|Piophila|casei,Animalia,Insecta,Diptera,Piophilidae,Piophila,casei,Achiasmatic,Male,NA,12
Animalia|Insecta|Diptera|Platystomatidae|Amphicnephes|sp.,Animalia,Insecta,Diptera,Platystomatidae,Amphicnephes,sp.,Achiasmatic,Male,XY,6
Animalia|Insecta|Diptera|Platystomatidae|Laglasia|sp.,Animalia,Insecta,Diptera,Platystomatidae,Laglasia,sp.,Achiasmatic,Male,XY,12
Animalia|Insecta|Diptera|Platystomatidae|Lenophila|caerulea,Animalia,Insecta,Diptera,Platystomatidae,Lenophila,caerulea,Achiasmatic,Male,XY,12
Animalia|Insecta|Diptera|Platystomatidae|Plagiostenopterina|sp1.,Animalia,Insecta,Diptera,Platystomatidae,Plagiostenopterina,sp1.,Achiasmatic,Male,XY,6
Animalia|Insecta|Diptera|Platystomatidae|Plagiostenopterina|sp2.,Animalia,Insecta,Diptera,Platystomatidae,Plagiostenopterina,sp2.,Achiasmatic,Male,XY,6
Animalia|Insecta|Diptera|Platystomatidae|Platystoma|lugubre,Animalia,Insecta,Diptera,Platystomatidae,Platystoma,lugubre,Achiasmatic,Male,XY,12
Animalia|Insecta|Diptera|Platystomatidae|Pogonortalis|doclea,Animalia,Insecta,Diptera,Platystomatidae,Pogonortalis,doclea,Achiasmatic,Male,XY,10
Animalia|Insecta|Diptera|Platystomatidae|Rivellia|sp.,Animalia,Insecta,Diptera,Platystomatidae,Rivellia,sp.,Achiasmatic,Male,XY,6
Animalia|Insecta|Diptera|Platystomatidae|Rivellia|sp.Probably,Animalia,Insecta,Diptera,Platystomatidae,Rivellia,sp.Probably,Achiasmatic,Male,XY,6
Animalia|Insecta|Diptera|Platystomatidae|Rivellia|viridulans,Animalia,Insecta,Diptera,Platystomatidae,Rivellia,viridulans,Achiasmatic,Male,XY,6
Animalia|Insecta|Diptera|Psilidae|Chamaepsila|rosae,Animalia,Insecta,Diptera,Psilidae,Chamaepsila,rosae,Achiasmatic,Male,NA,8
Animalia|Insecta|Diptera|Rhagionidae|Chrysopilus|sp.,Animalia,Insecta,Diptera,Rhagionidae,Chrysopilus,sp.,Achiasmatic,Male,XY,10
Animalia|Insecta|Diptera|Rhagionidae|Leptis|sp.,Animalia,Insecta,Diptera,Rhagionidae,Leptis,sp.,Achiasmatic,Male,XY,10
Animalia|Insecta|Diptera|Richardiidae|Setellia|pernix,Animalia,Insecta,Diptera,Richardiidae,Setellia,pernix,Achiasmatic,Male,XY,10
Animalia|Insecta|Diptera|Sarcophagidae|Acridiophaga|aculeata,Animalia,Insecta,Diptera,Sarcophagidae,Acridiophaga,aculeata,Achiasmatic,Male,XY,12
Animalia|Insecta|Diptera|Sarcophagidae|Agria|affinis,Animalia,Insecta,Diptera,Sarcophagidae,Agria,affinis,Achiasmatic,Male,NA,20
Animalia|Insecta|Diptera|Sarcophagidae|Arachnidiomyia|aldrichi,Animalia,Insecta,Diptera,Sarcophagidae,Arachnidiomyia,aldrichi,Achiasmatic,Male,XY,12
Animalia|Insecta|Diptera|Sarcophagidae|Blaesoxipha|hunteri,Animalia,Insecta,Diptera,Sarcophagidae,Blaesoxipha,hunteri,Achiasmatic,Male,XY,12
Animalia|Insecta|Diptera|Sarcophagidae|Blaesoxipha|opifera,Animalia,Insecta,Diptera,Sarcophagidae,Blaesoxipha,opifera,Achiasmatic,Male,XY,12
Animalia|Insecta|Diptera|Sarcophagidae|Boettcheria|cimbicis,Animalia,Insecta,Diptera,Sarcophagidae,Boettcheria,cimbicis,Achiasmatic,Male,XY,12
Animalia|Insecta|Diptera|Sarcophagidae|Boettcherisca|peregrina,Animalia,Insecta,Diptera,Sarcophagidae,Boettcherisca,peregrina,Achiasmatic,Male,XY,12
Animalia|Insecta|Diptera|Sarcophagidae|Euboettcheria|sp,Animalia,Insecta,Diptera,Sarcophagidae,Euboettcheria,sp,Achiasmatic,Male,XY,12
Animalia|Insecta|Diptera|Sarcophagidae|Helicobia|rapax,Animalia,Insecta,Diptera,Sarcophagidae,Helicobia,rapax,Achiasmatic,Male,XY,12
Animalia|Insecta|Diptera|Sarcophagidae|Helicobia|sp,Animalia,Insecta,Diptera,Sarcophagidae,Helicobia,sp,Achiasmatic,Male,XY,12
Animalia|Insecta|Diptera|Sarcophagidae|Hystricocnema|plinthopyga,Animalia,Insecta,Diptera,Sarcophagidae,Hystricocnema,plinthopyga,Achiasmatic,Male,XY,12
Animalia|Insecta|Diptera|Sarcophagidae|Kellymyia|kellyi,Animalia,Insecta,Diptera,Sarcophagidae,Kellymyia,kellyi,Achiasmatic,Male,XY,12
Animalia|Insecta|Diptera|Sarcophagidae|Neobellieria|bullata,Animalia,Insecta,Diptera,Sarcophagidae,Neobellieria,bullata,Achiasmatic,Male,XY,12
Animalia|Insecta|Diptera|Sarcophagidae|Neobellieria|cooleyi,Animalia,Insecta,Diptera,Sarcophagidae,Neobellieria,cooleyi,Achiasmatic,Male,XY,12
Animalia|Insecta|Diptera|Sarcophagidae|Paraphrissopoda|chrysostoma,Animalia,Insecta,Diptera,Sarcophagidae,Paraphrissopoda,chrysostoma,Achiasmatic,Male,XY,12
Animalia|Insecta|Diptera|Sarcophagidae|Parasarcophaga|albiceps,Animalia,Insecta,Diptera,Sarcophagidae,Parasarcophaga,albiceps,Achiasmatic,Male,XY,12
Animalia|Insecta|Diptera|Sarcophagidae|Parasarcophaga|argyrostoma,Animalia,Insecta,Diptera,Sarcophagidae,Parasarcophaga,argyrostoma,Achiasmatic,Male,XY,12
Animalia|Insecta|Diptera|Sarcophagidae|Parasarcophaga|knabi,Animalia,Insecta,Diptera,Sarcophagidae,Parasarcophaga,knabi,Achiasmatic,Male,XY,12
Animalia|Insecta|Diptera|Sarcophagidae|Parasarcophaga|misera,Animalia,Insecta,Diptera,Sarcophagidae,Parasarcophaga,misera,Achiasmatic,Male,XY,12
Animalia|Insecta|Diptera|Sarcophagidae|Parasarcophaga|ruficornis,Animalia,Insecta,Diptera,Sarcophagidae,Parasarcophaga,ruficornis,Achiasmatic,Male,XY,12
Animalia|Insecta|Diptera|Sarcophagidae|Pattonela|intermutans,Animalia,Insecta,Diptera,Sarcophagidae,Pattonela,intermutans,Achiasmatic,Male,XY,12
Animalia|Insecta|Diptera|Sarcophagidae|Protodexia|australis,Animalia,Insecta,Diptera,Sarcophagidae,Protodexia,australis,Achiasmatic,Male,XY,12
Animalia|Insecta|Diptera|Sarcophagidae|Protodexia|hunteri,Animalia,Insecta,Diptera,Sarcophagidae,Protodexia,hunteri,Achiasmatic,Male,XY,12
Animalia|Insecta|Diptera|Sarcophagidae|Pseudosarcophaga|affinis,Animalia,Insecta,Diptera,Sarcophagidae,Pseudosarcophaga,affinis,Achiasmatic,Male,XY,18
Animalia|Insecta|Diptera|Sarcophagidae|Ravinia|communis,Animalia,Insecta,Diptera,Sarcophagidae,Ravinia,communis,Achiasmatic,Male,XY,12
Animalia|Insecta|Diptera|Sarcophagidae|Ravinia|duplicata,Animalia,Insecta,Diptera,Sarcophagidae,Ravinia,duplicata,Achiasmatic,Male,XY,12
Animalia|Insecta|Diptera|Sarcophagidae|Ravinia|l'herminieri,Animalia,Insecta,Diptera,Sarcophagidae,Ravinia,l'herminieri,Achiasmatic,Male,XY,12
Animalia|Insecta|Diptera|Sarcophagidae|Ravinia|peniculata,Animalia,Insecta,Diptera,Sarcophagidae,Ravinia,peniculata,Achiasmatic,Male,XY,12
Animalia|Insecta|Diptera|Sarcophagidae|Ravinia|pusiola,Animalia,Insecta,Diptera,Sarcophagidae,Ravinia,pusiola,Achiasmatic,Male,XY,12
Animalia|Insecta|Diptera|Sarcophagidae|Ravinia|querula,Animalia,Insecta,Diptera,Sarcophagidae,Ravinia,querula,Achiasmatic,Male,XY,12
Animalia|Insecta|Diptera|Sarcophagidae|Rawinia|peniculata,Animalia,Insecta,Diptera,Sarcophagidae,Rawinia,peniculata,Achiasmatic,Male,XY,12
Animalia|Insecta|Diptera|Sarcophagidae|Sacrophaga|carnria,Animalia,Insecta,Diptera,Sarcophagidae,Sacrophaga,carnria,Achiasmatic,Male,XY,12
Animalia|Insecta|Diptera|Sarcophagidae|Sacrophaga|sgrracinae,Animalia,Insecta,Diptera,Sarcophagidae,Sacrophaga,sgrracinae,Achiasmatic,Male,XY,12
Animalia|Insecta|Diptera|Sarcophagidae|Sacrophaga|sp,Animalia,Insecta,Diptera,Sarcophagidae,Sacrophaga,sp,Achiasmatic,Male,XY,12
Animalia|Insecta|Diptera|Sarcophagidae|Sacrophaga|tuberosa,Animalia,Insecta,Diptera,Sarcophagidae,Sacrophaga,tuberosa,Achiasmatic,Male,XY,12
Animalia|Insecta|Diptera|Sarcophagidae|Sarcophaga|aldrichi,Animalia,Insecta,Diptera,Sarcophagidae,Sarcophaga,aldrichi,Achiasmatic,Male,XY,12
Animalia|Insecta|Diptera|Sarcophagidae|Sarcophaga|argyrostoma,Animalia,Insecta,Diptera,Sarcophagidae,Sarcophaga,argyrostoma,Achiasmatic,Male,XY,12
Animalia|Insecta|Diptera|Sarcophagidae|Sarcophaga|bullata,Animalia,Insecta,Diptera,Sarcophagidae,Sarcophaga,bullata,Achiasmatic,Male,XY,12
Animalia|Insecta|Diptera|Sarcophagidae|Sarcophaga|carnaria,Animalia,Insecta,Diptera,Sarcophagidae,Sarcophaga,carnaria,Achiasmatic,Male,XY,12
Animalia|Insecta|Diptera|Sarcophagidae|Sarcophaga|cooleyi,Animalia,Insecta,Diptera,Sarcophagidae,Sarcophaga,cooleyi,Achiasmatic,Male,XY,12
Animalia|Insecta|Diptera|Sarcophagidae|Sarcophaga|crassipalpis,Animalia,Insecta,Diptera,Sarcophagidae,Sarcophaga,crassipalpis,Achiasmatic,Male,XY,12
Animalia|Insecta|Diptera|Sarcophagidae|Sarcophaga|dalmatina,Animalia,Insecta,Diptera,Sarcophagidae,Sarcophaga,dalmatina,Achiasmatic,Male,XY,12
Animalia|Insecta|Diptera|Sarcophagidae|Sarcophaga|exuberans,Animalia,Insecta,Diptera,Sarcophagidae,Sarcophaga,exuberans,Achiasmatic,Male,XY,12
Animalia|Insecta|Diptera|Sarcophagidae|Sarcophaga|falculata,Animalia,Insecta,Diptera,Sarcophagidae,Sarcophaga,falculata,Achiasmatic,Male,XY,12
Animalia|Insecta|Diptera|Sarcophagidae|Sarcophaga|latisterna,Animalia,Insecta,Diptera,Sarcophagidae,Sarcophaga,latisterna,Achiasmatic,Male,XY,12
Animalia|Insecta|Diptera|Sarcophagidae|Sarcophaga|occipitalis,Animalia,Insecta,Diptera,Sarcophagidae,Sarcophaga,occipitalis,Achiasmatic,Male,XY,12
Animalia|Insecta|Diptera|Sarcophagidae|Sarcophaga|raversa,Animalia,Insecta,Diptera,Sarcophagidae,Sarcophaga,raversa,Achiasmatic,Male,XY,12
Animalia|Insecta|Diptera|Sarcophagidae|Sarcophaga|sarraceniae,Animalia,Insecta,Diptera,Sarcophagidae,Sarcophaga,sarraceniae,Achiasmatic,Male,XY,12
Animalia|Insecta|Diptera|Sarcophagidae|Sarcophaga|securifera,Animalia,Insecta,Diptera,Sarcophagidae,Sarcophaga,securifera,Achiasmatic,Male,XY,12
Animalia|Insecta|Diptera|Sarcophagidae|Sarcophaga|sp,Animalia,Insecta,Diptera,Sarcophagidae,Sarcophaga,sp,Achiasmatic,Male,XY,12
Animalia|Insecta|Diptera|Sarcophagidae|Sarcophaga|tuberosa,Animalia,Insecta,Diptera,Sarcophagidae,Sarcophaga,tuberosa,Achiasmatic,Male,XY,12
Animalia|Insecta|Diptera|Sarcophagidae|Sarcophage|latisterna,Animalia,Insecta,Diptera,Sarcophagidae,Sarcophage,latisterna,Achiasmatic,Male,XY,12
Animalia|Insecta|Diptera|Sarcophagidae|Servasia|aculeata,Animalia,Insecta,Diptera,Sarcophagidae,Servasia,aculeata,Achiasmatic,Male,XY,12
Animalia|Insecta|Diptera|Sarcophagidae|Servasia|australis,Animalia,Insecta,Diptera,Sarcophagidae,Servasia,australis,Achiasmatic,Male,XY,12
Animalia|Insecta|Diptera|Sarcophagidae|Servasia|reversa,Animalia,Insecta,Diptera,Sarcophagidae,Servasia,reversa,Achiasmatic,Male,XY,12
Animalia|Insecta|Diptera|Sarcophagidae|Servasia|sp.,Animalia,Insecta,Diptera,Sarcophagidae,Servasia,sp.,Achiasmatic,Male,NA,12
Animalia|Insecta|Diptera|Sarcophagidae|Servasia|tergata,Animalia,Insecta,Diptera,Sarcophagidae,Servasia,tergata,Achiasmatic,Male,XY,12
Animalia|Insecta|Diptera|Sarcophagidae|Wohlfahrtia|meigeni,Animalia,Insecta,Diptera,Sarcophagidae,Wohlfahrtia,meigeni,Achiasmatic,Male,XY,12
Animalia|Insecta|Diptera|Sarcophagidae|Wohlfahrtia|opaca,Animalia,Insecta,Diptera,Sarcophagidae,Wohlfahrtia,opaca,Achiasmatic,Male,XY,12
Animalia|Insecta|Diptera|Scathophagidae|Cordilura|ontario,Animalia,Insecta,Diptera,Scathophagidae,Cordilura,ontario,Achiasmatic,Male,XY,12
Animalia|Insecta|Diptera|Scathophagidae|Cordilura|praensia,Animalia,Insecta,Diptera,Scathophagidae,Cordilura,praensia,Achiasmatic,Male,XY,12
Animalia|Insecta|Diptera|Scathophagidae|Cordilura|varipes,Animalia,Insecta,Diptera,Scathophagidae,Cordilura,varipes,Achiasmatic,Male,XY,12
Animalia|Insecta|Diptera|Scathophagidae|Neochirosia|nuda,Animalia,Insecta,Diptera,Scathophagidae,Neochirosia,nuda,Achiasmatic,Male,XY,12
Animalia|Insecta|Diptera|Scathophagidae|Orthochaeta|hirtipes,Animalia,Insecta,Diptera,Scathophagidae,Orthochaeta,hirtipes,Achiasmatic,Male,XY,12
Animalia|Insecta|Diptera|Scathophagidae|Scaptophaga|furcala,Animalia,Insecta,Diptera,Scathophagidae,Scaptophaga,furcala,Achiasmatic,Male,XY,12
Animalia|Insecta|Diptera|Scathophagidae|Scaptophaga|nigrolimbata,Animalia,Insecta,Diptera,Scathophagidae,Scaptophaga,nigrolimbata,Achiasmatic,Male,XY,12
Animalia|Insecta|Diptera|Scathophagidae|Scaptophaga|pallida,Animalia,Insecta,Diptera,Scathophagidae,Scaptophaga,pallida,Achiasmatic,Male,XY,12
Animalia|Insecta|Diptera|Scathophagidae|Scaptophaga|stercoraria,Animalia,Insecta,Diptera,Scathophagidae,Scaptophaga,stercoraria,Achiasmatic,Male,XY,12
Animalia|Insecta|Diptera|Scathophagidae|Scathopaga|nigrolimbala,Animalia,Insecta,Diptera,Scathophagidae,Scathopaga,nigrolimbala,Achiasmatic,Male,XY,12
Animalia|Insecta|Diptera|Scathophagidae|Scathophaga|furcata,Animalia,Insecta,Diptera,Scathophagidae,Scathophaga,furcata,Achiasmatic,Male,XY,12
Animalia|Insecta|Diptera|Scathophagidae|Scathophaga|pallida,Animalia,Insecta,Diptera,Scathophagidae,Scathophaga,pallida,Achiasmatic,Male,XY,12
Animalia|Insecta|Diptera|Scathophagidae|Scathophaga|stercoraria,Animalia,Insecta,Diptera,Scathophagidae,Scathophaga,stercoraria,Achiasmatic,Male,XY,12
Animalia|Insecta|Diptera|Scatopsidae|Scatopse|notata,Animalia,Insecta,Diptera,Scatopsidae,Scatopse,notata,Achiasmatic,Male,XY,12
Animalia|Insecta|Diptera|Scatopsidae|Scatopse|sp,Animalia,Insecta,Diptera,Scatopsidae,Scatopse,sp,Achiasmatic,Male,XY,12
Animalia|Insecta|Diptera|Sciaridae|Bradysia|hygida,Animalia,Insecta,Diptera,Sciaridae,Bradysia,hygida,Achiasmatic,Male,XO,8
Animalia|Insecta|Diptera|Sciaridae|Rhynchosciara|americana,Animalia,Insecta,Diptera,Sciaridae,Rhynchosciara,americana,Achiasmatic,Male,XO,8
Animalia|Insecta|Diptera|Sciaridae|Rhynchosciara|hollaenderi,Animalia,Insecta,Diptera,Sciaridae,Rhynchosciara,hollaenderi,Achiasmatic,Male,XO,8
Animalia|Insecta|Diptera|Sciaridae|Sciara|agarica,Animalia,Insecta,Diptera,Sciaridae,Sciara,agarica,Achiasmatic,Male,XO,8
Animalia|Insecta|Diptera|Sciaridae|Sciara|coprophila,Animalia,Insecta,Diptera,Sciaridae,Sciara,coprophila,Achiasmatic,Male,XO,8
Animalia|Insecta|Diptera|Sciaridae|Sciara|fenestralis,Animalia,Insecta,Diptera,Sciaridae,Sciara,fenestralis,Achiasmatic,Male,XO,8
Animalia|Insecta|Diptera|Sciaridae|Sciara|nacta,Animalia,Insecta,Diptera,Sciaridae,Sciara,nacta,Achiasmatic,Male,XO,8
Animalia|Insecta|Diptera|Sciaridae|Sciara|ocellaris,Animalia,Insecta,Diptera,Sciaridae,Sciara,ocellaris,Achiasmatic,Male,XO,8
Animalia|Insecta|Diptera|Sciaridae|Sciara|pauciseta,Animalia,Insecta,Diptera,Sciaridae,Sciara,pauciseta,Achiasmatic,Male,XO,8
Animalia|Insecta|Diptera|Sciaridae|Sciara|prolifica,Animalia,Insecta,Diptera,Sciaridae,Sciara,prolifica,Achiasmatic,Male,XO,8
Animalia|Insecta|Diptera|Sciaridae|Sciara|reynoldsi,Animalia,Insecta,Diptera,Sciaridae,Sciara,reynoldsi,Achiasmatic,Male,XO,8
Animalia|Insecta|Diptera|Sciaridae|Sciara|similans,Animalia,Insecta,Diptera,Sciaridae,Sciara,similans,Achiasmatic,Male,XO,8
Animalia|Insecta|Diptera|Sciaridae|Sciara|sp,Animalia,Insecta,Diptera,Sciaridae,Sciara,sp,Achiasmatic,Male,XO,8
Animalia|Insecta|Diptera|Sciaridae|Trichosia|pubescens,Animalia,Insecta,Diptera,Sciaridae,Trichosia,pubescens,Achiasmatic,Male,XO,8
Animalia|Insecta|Diptera|Sciomyzidae|Antichaeta|melanosoma,Animalia,Insecta,Diptera,Sciomyzidae,Antichaeta,melanosoma,Achiasmatic,Male,NA,12
Animalia|Insecta|Diptera|Sciomyzidae|Atrichomelina|pubera,Animalia,Insecta,Diptera,Sciomyzidae,Atrichomelina,pubera,Achiasmatic,Male,XY,12
Animalia|Insecta|Diptera|Sciomyzidae|Colobaea|americana,Animalia,Insecta,Diptera,Sciomyzidae,Colobaea,americana,Achiasmatic,Male,NA,12
Animalia|Insecta|Diptera|Sciomyzidae|Dichetophora|boyesi,Animalia,Insecta,Diptera,Sciomyzidae,Dichetophora,boyesi,Achiasmatic,Male,NA,12
Animalia|Insecta|Diptera|Sciomyzidae|Dichrochirosa|dissimilis,Animalia,Insecta,Diptera,Sciomyzidae,Dichrochirosa,dissimilis,Achiasmatic,Male,NA,12
Animalia|Insecta|Diptera|Sciomyzidae|Dichrochirosa|sp,Animalia,Insecta,Diptera,Sciomyzidae,Dichrochirosa,sp,Achiasmatic,Male,XY,12
Animalia|Insecta|Diptera|Sciomyzidae|Dichrochirosa|sp.Neardissimilis,Animalia,Insecta,Diptera,Sciomyzidae,Dichrochirosa,sp.Neardissimilis,Achiasmatic,Male,XY,12
Animalia|Insecta|Diptera|Sciomyzidae|Dictya|atlantica,Animalia,Insecta,Diptera,Sciomyzidae,Dictya,atlantica,Achiasmatic,Male,XY,12
Animalia|Insecta|Diptera|Sciomyzidae|Dictya|brimleyi,Animalia,Insecta,Diptera,Sciomyzidae,Dictya,brimleyi,Achiasmatic,Male,XY,12
Animalia|Insecta|Diptera|Sciomyzidae|Dictya|brimleyiE,Animalia,Insecta,Diptera,Sciomyzidae,Dictya,brimleyiE,Achiasmatic,Male,XY,12
Animalia|Insecta|Diptera|Sciomyzidae|Dictya|floridensis,Animalia,Insecta,Diptera,Sciomyzidae,Dictya,floridensis,Achiasmatic,Male,XY,12
Animalia|Insecta|Diptera|Sciomyzidae|Dictya|sabroski,Animalia,Insecta,Diptera,Sciomyzidae,Dictya,sabroski,Achiasmatic,Male,XY,12
Animalia|Insecta|Diptera|Sciomyzidae|Dictya|sabroskyi,Animalia,Insecta,Diptera,Sciomyzidae,Dictya,sabroskyi,Achiasmatic,Male,XY,12
Animalia|Insecta|Diptera|Sciomyzidae|Dictya|stricta,Animalia,Insecta,Diptera,Sciomyzidae,Dictya,stricta,Achiasmatic,Male,XY,12
Animalia|Insecta|Diptera|Sciomyzidae|Dictya|texensis,Animalia,Insecta,Diptera,Sciomyzidae,Dictya,texensis,Achiasmatic,Male,XY,12
Animalia|Insecta|Diptera|Sciomyzidae|Dictya|txensis,Animalia,Insecta,Diptera,Sciomyzidae,Dictya,txensis,Achiasmatic,Male,XY,12
Animalia|Insecta|Diptera|Sciomyzidae|Dictya|umbrarum,Animalia,Insecta,Diptera,Sciomyzidae,Dictya,umbrarum,Achiasmatic,Male,XY,12
Animalia|Insecta|Diptera|Sciomyzidae|Dictya|umbrarumseriesII,Animalia,Insecta,Diptera,Sciomyzidae,Dictya,umbrarumseriesII,Achiasmatic,Male,XY,12
Animalia|Insecta|Diptera|Sciomyzidae|Dictyodes|dictyodes,Animalia,Insecta,Diptera,Sciomyzidae,Dictyodes,dictyodes,Achiasmatic,Male,XY,12
Animalia|Insecta|Diptera|Sciomyzidae|Elgiva|cucularia,Animalia,Insecta,Diptera,Sciomyzidae,Elgiva,cucularia,Achiasmatic,Male,XY,12
Animalia|Insecta|Diptera|Sciomyzidae|Elgiva|divisa,Animalia,Insecta,Diptera,Sciomyzidae,Elgiva,divisa,Achiasmatic,Male,NA,12
Animalia|Insecta|Diptera|Sciomyzidae|Elgiva|rufa,Animalia,Insecta,Diptera,Sciomyzidae,Elgiva,rufa,Achiasmatic,Male,XY,12
Animalia|Insecta|Diptera|Sciomyzidae|Euthycera|chaerophylli,Animalia,Insecta,Diptera,Sciomyzidae,Euthycera,chaerophylli,Achiasmatic,Male,NA,12
Animalia|Insecta|Diptera|Sciomyzidae|Helosciomyza|ferruginea,Animalia,Insecta,Diptera,Sciomyzidae,Helosciomyza,ferruginea,Achiasmatic,Male,XY,12
Animalia|Insecta|Diptera|Sciomyzidae|Hoplodictya|spinicornis,Animalia,Insecta,Diptera,Sciomyzidae,Hoplodictya,spinicornis,Achiasmatic,Male,XO,12
Animalia|Insecta|Diptera|Sciomyzidae|Hydromya|dorsalis,Animalia,Insecta,Diptera,Sciomyzidae,Hydromya,dorsalis,Achiasmatic,Male,XY,12
Animalia|Insecta|Diptera|Sciomyzidae|Hydromya|dorsalisseriesII,Animalia,Insecta,Diptera,Sciomyzidae,Hydromya,dorsalisseriesII,Achiasmatic,Male,XY,12
Animalia|Insecta|Diptera|Sciomyzidae|Knutsonia|lineata,Animalia,Insecta,Diptera,Sciomyzidae,Knutsonia,lineata,Achiasmatic,Male,NA,12
Animalia|Insecta|Diptera|Sciomyzidae|Limnia|boscii,Animalia,Insecta,Diptera,Sciomyzidae,Limnia,boscii,Achiasmatic,Male,XY,12
Animalia|Insecta|Diptera|Sciomyzidae|Limnia|paludicola,Animalia,Insecta,Diptera,Sciomyzidae,Limnia,paludicola,Achiasmatic,Male,XY,12
Animalia|Insecta|Diptera|Sciomyzidae|Limnia|unguicornis,Animalia,Insecta,Diptera,Sciomyzidae,Limnia,unguicornis,Achiasmatic,Male,NA,12
Animalia|Insecta|Diptera|Sciomyzidae|Neuroctena|analis,Animalia,Insecta,Diptera,Sciomyzidae,Neuroctena,analis,Achiasmatic,Male,NA,12
Animalia|Insecta|Diptera|Sciomyzidae|Perilimnia|albifacies,Animalia,Insecta,Diptera,Sciomyzidae,Perilimnia,albifacies,Achiasmatic,Male,XY,12
Animalia|Insecta|Diptera|Sciomyzidae|Pherbellia|albocostata,Animalia,Insecta,Diptera,Sciomyzidae,Pherbellia,albocostata,Achiasmatic,Male,XY,12
Animalia|Insecta|Diptera|Sciomyzidae|Pherbellia|brunnipes,Animalia,Insecta,Diptera,Sciomyzidae,Pherbellia,brunnipes,Achiasmatic,Male,XY,12
Animalia|Insecta|Diptera|Sciomyzidae|Pherbellia|chiloensis,Animalia,Insecta,Diptera,Sciomyzidae,Pherbellia,chiloensis,Achiasmatic,Male,XY,12
Animalia|Insecta|Diptera|Sciomyzidae|Pherbellia|dubia,Animalia,Insecta,Diptera,Sciomyzidae,Pherbellia,dubia,Achiasmatic,Male,XY,12
Animalia|Insecta|Diptera|Sciomyzidae|Pherbellia|glabricula,Animalia,Insecta,Diptera,Sciomyzidae,Pherbellia,glabricula,Achiasmatic,Male,XY,10
Animalia|Insecta|Diptera|Sciomyzidae|Pherbellia|grisescens,Animalia,Insecta,Diptera,Sciomyzidae,Pherbellia,grisescens,Achiasmatic,Male,XY,12
Animalia|Insecta|Diptera|Sciomyzidae|Pherbellia|humilis,Animalia,Insecta,Diptera,Sciomyzidae,Pherbellia,humilis,Achiasmatic,Male,XO,12
Animalia|Insecta|Diptera|Sciomyzidae|Pherbellia|javana,Animalia,Insecta,Diptera,Sciomyzidae,Pherbellia,javana,Achiasmatic,Male,XY,12
Animalia|Insecta|Diptera|Sciomyzidae|Pherbellia|lapponica,Animalia,Insecta,Diptera,Sciomyzidae,Pherbellia,lapponica,Achiasmatic,Male,XY,12
Animalia|Insecta|Diptera|Sciomyzidae|Pherbellia|nana,Animalia,Insecta,Diptera,Sciomyzidae,Pherbellia,nana,Achiasmatic,Male,XY,12
Animalia|Insecta|Diptera|Sciomyzidae|Pherbellia|obscura,Animalia,Insecta,Diptera,Sciomyzidae,Pherbellia,obscura,Achiasmatic,Male,XY,12
Animalia|Insecta|Diptera|Sciomyzidae|Pherbellia|obtusa,Animalia,Insecta,Diptera,Sciomyzidae,Pherbellia,obtusa,Achiasmatic,Male,XY,12
Animalia|Insecta|Diptera|Sciomyzidae|Pherbellia|patagonensis,Animalia,Insecta,Diptera,Sciomyzidae,Pherbellia,patagonensis,Achiasmatic,Male,XO,12
Animalia|Insecta|Diptera|Sciomyzidae|Pherbellia|scutellaris,Animalia,Insecta,Diptera,Sciomyzidae,Pherbellia,scutellaris,Achiasmatic,Male,NA,12
Animalia|Insecta|Diptera|Sciomyzidae|Pherbellia|sp.,Animalia,Insecta,Diptera,Sciomyzidae,Pherbellia,sp.,Achiasmatic,Male,XY,12
Animalia|Insecta|Diptera|Sciomyzidae|Pherbellia|sp1.,Animalia,Insecta,Diptera,Sciomyzidae,Pherbellia,sp1.,Achiasmatic,Male,XY,12
Animalia|Insecta|Diptera|Sciomyzidae|Pherbellia|sp4.,Animalia,Insecta,Diptera,Sciomyzidae,Pherbellia,sp4.,Achiasmatic,Male,XY,12
Animalia|Insecta|Diptera|Sciomyzidae|Pherbellia|trabeculata,Animalia,Insecta,Diptera,Sciomyzidae,Pherbellia,trabeculata,Achiasmatic,Male,XY,12
Animalia|Insecta|Diptera|Sciomyzidae|Pherbina|corlleti,Animalia,Insecta,Diptera,Sciomyzidae,Pherbina,corlleti,Achiasmatic,Male,XY,12
Animalia|Insecta|Diptera|Sciomyzidae|Pherbina|coryleti,Animalia,Insecta,Diptera,Sciomyzidae,Pherbina,coryleti,Achiasmatic,Male,XY,12
Animalia|Insecta|Diptera|Sciomyzidae|Protodictya|chilensis,Animalia,Insecta,Diptera,Sciomyzidae,Protodictya,chilensis,Achiasmatic,Male,XY,12
Animalia|Insecta|Diptera|Sciomyzidae|Protodictya|guttularis,Animalia,Insecta,Diptera,Sciomyzidae,Protodictya,guttularis,Achiasmatic,Male,XY,12
Animalia|Insecta|Diptera|Sciomyzidae|Psacadina|zerni,Animalia,Insecta,Diptera,Sciomyzidae,Psacadina,zerni,Achiasmatic,Male,XY,12
Animalia|Insecta|Diptera|Sciomyzidae|Psacadina|zernyi,Animalia,Insecta,Diptera,Sciomyzidae,Psacadina,zernyi,Achiasmatic,Male,XY,12
Animalia|Insecta|Diptera|Sciomyzidae|Pteromicra|glabricula,Animalia,Insecta,Diptera,Sciomyzidae,Pteromicra,glabricula,Achiasmatic,Male,XY,10
Animalia|Insecta|Diptera|Sciomyzidae|Pteromicra|pectorosa,Animalia,Insecta,Diptera,Sciomyzidae,Pteromicra,pectorosa,Achiasmatic,Male,XO,10
Animalia|Insecta|Diptera|Sciomyzidae|Pteromicra|similis,Animalia,Insecta,Diptera,Sciomyzidae,Pteromicra,similis,Achiasmatic,Male,NA,10
Animalia|Insecta|Diptera|Sciomyzidae|Renocera|fuscinervis,Animalia,Insecta,Diptera,Sciomyzidae,Renocera,fuscinervis,Achiasmatic,Male,XY,12
Animalia|Insecta|Diptera|Sciomyzidae|Salticella|fasciata,Animalia,Insecta,Diptera,Sciomyzidae,Salticella,fasciata,Achiasmatic,Male,XY,12
Animalia|Insecta|Diptera|Sciomyzidae|Sepedon|armipes,Animalia,Insecta,Diptera,Sciomyzidae,Sepedon,armipes,Achiasmatic,Male,XO,12
Animalia|Insecta|Diptera|Sciomyzidae|Sepedon|fuscipennis,Animalia,Insecta,Diptera,Sciomyzidae,Sepedon,fuscipennis,Achiasmatic,Male,XY,12
Animalia|Insecta|Diptera|Sciomyzidae|Sepedon|macropus,Animalia,Insecta,Diptera,Sciomyzidae,Sepedon,macropus,Achiasmatic,Male,XY,12
Animalia|Insecta|Diptera|Sciomyzidae|Sepedon|plumbella,Animalia,Insecta,Diptera,Sciomyzidae,Sepedon,plumbella,Achiasmatic,Male,XY,12
Animalia|Insecta|Diptera|Sciomyzidae|Sepedon|saegeri,Animalia,Insecta,Diptera,Sciomyzidae,Sepedon,saegeri,Achiasmatic,Male,XY,12
Animalia|Insecta|Diptera|Sciomyzidae|Sepedon|sphegea,Animalia,Insecta,Diptera,Sciomyzidae,Sepedon,sphegea,Achiasmatic,Male,XY,12
Animalia|Insecta|Diptera|Sciomyzidae|Sepedon|spinipesamericana,Animalia,Insecta,Diptera,Sciomyzidae,Sepedon,spinipesamericana,Achiasmatic,Male,NA,12
Animalia|Insecta|Diptera|Sciomyzidae|Tetanocera|arrogans,Animalia,Insecta,Diptera,Sciomyzidae,Tetanocera,arrogans,Achiasmatic,Male,XY,10
Animalia|Insecta|Diptera|Sciomyzidae|Tetanocera|elata,Animalia,Insecta,Diptera,Sciomyzidae,Tetanocera,elata,Achiasmatic,Male,XY,12
Animalia|Insecta|Diptera|Sciomyzidae|Tetanocera|ferruginea,Animalia,Insecta,Diptera,Sciomyzidae,Tetanocera,ferruginea,Achiasmatic,Male,XY,12
Animalia|Insecta|Diptera|Sciomyzidae|Tetanocera|hyalipennis,Animalia,Insecta,Diptera,Sciomyzidae,Tetanocera,hyalipennis,Achiasmatic,Male,NA,12
Animalia|Insecta|Diptera|Sciomyzidae|Tetanocera|loewi,Animalia,Insecta,Diptera,Sciomyzidae,Tetanocera,loewi,Achiasmatic,Male,XY,12
Animalia|Insecta|Diptera|Sciomyzidae|Tetanocera|loewiE,Animalia,Insecta,Diptera,Sciomyzidae,Tetanocera,loewiE,Achiasmatic,Male,XY,12
Animalia|Insecta|Diptera|Sciomyzidae|Tetanocera|montana,Animalia,Insecta,Diptera,Sciomyzidae,Tetanocera,montana,Achiasmatic,Male,XY,12
Animalia|Insecta|Diptera|Sciomyzidae|Tetanocera|plebeia,Animalia,Insecta,Diptera,Sciomyzidae,Tetanocera,plebeia,Achiasmatic,Male,XY,12
Animalia|Insecta|Diptera|Sciomyzidae|Tetanocera|plumosa,Animalia,Insecta,Diptera,Sciomyzidae,Tetanocera,plumosa,Achiasmatic,Male,XY,12
Animalia|Insecta|Diptera|Sciomyzidae|Tetanocera|silvatica,Animalia,Insecta,Diptera,Sciomyzidae,Tetanocera,silvatica,Achiasmatic,Male,NA,12
Animalia|Insecta|Diptera|Sciomyzidae|Tetanocera|sp.,Animalia,Insecta,Diptera,Sciomyzidae,Tetanocera,sp.,Achiasmatic,Male,XY,12
Animalia|Insecta|Diptera|Sciomyzidae|Tetanocera|sparsa,Animalia,Insecta,Diptera,Sciomyzidae,Tetanocera,sparsa,Achiasmatic,Male,XY,12
Animalia|Insecta|Diptera|Sciomyzidae|Tetanocera|unicolor,Animalia,Insecta,Diptera,Sciomyzidae,Tetanocera,unicolor,Achiasmatic,Male,XY,12
Animalia|Insecta|Diptera|Sciomyzidae|Tetanocera|vicina,Animalia,Insecta,Diptera,Sciomyzidae,Tetanocera,vicina,Achiasmatic,Male,XY,12
Animalia|Insecta|Diptera|Sciomyzidae|Tetanoceroides|mesopleuralis,Animalia,Insecta,Diptera,Sciomyzidae,Tetanoceroides,mesopleuralis,Achiasmatic,Male,XY,12
Animalia|Insecta|Diptera|Sciomyzidae|Tetanoceroides|occidentalis,Animalia,Insecta,Diptera,Sciomyzidae,Tetanoceroides,occidentalis,Achiasmatic,Male,NA,12
Animalia|Insecta|Diptera|Sciomyzidae|Trypetoptera|punctulata,Animalia,Insecta,Diptera,Sciomyzidae,Trypetoptera,punctulata,Achiasmatic,Male,XY,12
Animalia|Insecta|Diptera|Sepsidae|Piophila|casei,Animalia,Insecta,Diptera,Sepsidae,Piophila,casei,Achiasmatic,Male,XY,12
Animalia|Insecta|Diptera|Simuliidae|Cnephia|dacotensis,Animalia,Insecta,Diptera,Simuliidae,Cnephia,dacotensis,Achiasmatic,Male,NA,6
Animalia|Insecta|Diptera|Simuliidae|Cnephia|ornithophilia,Animalia,Insecta,Diptera,Simuliidae,Cnephia,ornithophilia,Achiasmatic,Male,NA,6
Animalia|Insecta|Diptera|Simuliidae|Crozetia|crozetensis,Animalia,Insecta,Diptera,Simuliidae,Crozetia,crozetensis,Achiasmatic,Male,NA,6
Animalia|Insecta|Diptera|Simuliidae|Eusimulium|aureum,Animalia,Insecta,Diptera,Simuliidae,Eusimulium,aureum,Achiasmatic,Male,NA,4
Animalia|Insecta|Diptera|Simuliidae|Prosimulium|decemarticulatum,Animalia,Insecta,Diptera,Simuliidae,Prosimulium,decemarticulatum,Achiasmatic,Male,NA,6
Animalia|Insecta|Diptera|Stratiomyidae|Actina|incisularis,Animalia,Insecta,Diptera,Stratiomyidae,Actina,incisularis,Achiasmatic,Male,NA,10
Animalia|Insecta|Diptera|Stratiomyidae|Actina|incisurali,Animalia,Insecta,Diptera,Stratiomyidae,Actina,incisurali,Achiasmatic,Male,XY,10
Animalia|Insecta|Diptera|Stratiomyidae|Adoxomyia|rustica,Animalia,Insecta,Diptera,Stratiomyidae,Adoxomyia,rustica,Achiasmatic,Male,NA,8
Animalia|Insecta|Diptera|Stratiomyidae|Beris|chalybeata,Animalia,Insecta,Diptera,Stratiomyidae,Beris,chalybeata,Achiasmatic,Male,XY,10
Animalia|Insecta|Diptera|Stratiomyidae|Chloromyia|formosa,Animalia,Insecta,Diptera,Stratiomyidae,Chloromyia,formosa,Achiasmatic,Male,NA,14
Animalia|Insecta|Diptera|Stratiomyidae|Hermetia|illucens,Animalia,Insecta,Diptera,Stratiomyidae,Hermetia,illucens,Achiasmatic,Male,XY,14
Animalia|Insecta|Diptera|Stratiomyidae|Himantoloba|flavopilosa,Animalia,Insecta,Diptera,Stratiomyidae,Himantoloba,flavopilosa,Achiasmatic,Male,XY,16
Animalia|Insecta|Diptera|Stratiomyidae|Lasionemopoda|hirsuta,Animalia,Insecta,Diptera,Stratiomyidae,Lasionemopoda,hirsuta,Achiasmatic,Male,NA,16
Animalia|Insecta|Diptera|Stratiomyidae|Merosargus|melanothorax,Animalia,Insecta,Diptera,Stratiomyidae,Merosargus,melanothorax,Achiasmatic,Male,XY,16
Animalia|Insecta|Diptera|Stratiomyidae|Neoexaireta|spinigera,Animalia,Insecta,Diptera,Stratiomyidae,Neoexaireta,spinigera,Achiasmatic,Male,XY,12
Animalia|Insecta|Diptera|Stratiomyidae|Odontomyia|regisgeorgei,Animalia,Insecta,Diptera,Stratiomyidae,Odontomyia,regisgeorgei,Achiasmatic,Male,XY,12
Animalia|Insecta|Diptera|Stratiomyidae|Ptecticus|australis,Animalia,Insecta,Diptera,Stratiomyidae,Ptecticus,australis,Achiasmatic,Male,XY,16
Animalia|Insecta|Diptera|Stratiomyidae|Ptecticus|longipennis,Animalia,Insecta,Diptera,Stratiomyidae,Ptecticus,longipennis,Achiasmatic,Male,XY,16
Animalia|Insecta|Diptera|Stratiomyidae|Ptecticus|matsumurae,Animalia,Insecta,Diptera,Stratiomyidae,Ptecticus,matsumurae,Achiasmatic,Male,XY,16
Animalia|Insecta|Diptera|Stratiomyidae|Ptecticus|n.sp.1,Animalia,Insecta,Diptera,Stratiomyidae,Ptecticus,n.sp.1,Achiasmatic,Male,XY,16
Animalia|Insecta|Diptera|Stratiomyidae|Ptecticus|n.sp.2,Animalia,Insecta,Diptera,Stratiomyidae,Ptecticus,n.sp.2,Achiasmatic,Male,NA,16
Animalia|Insecta|Diptera|Stratiomyidae|Ptecticus|n.sp.3nr.Longipennis,Animalia,Insecta,Diptera,Stratiomyidae,Ptecticus,n.sp.3nr.Longipennis,Achiasmatic,Male,XY,16
Animalia|Insecta|Diptera|Stratiomyidae|Ptecticus|n.sp1,Animalia,Insecta,Diptera,Stratiomyidae,Ptecticus,n.sp1,Achiasmatic,Male,XY,16
Animalia|Insecta|Diptera|Stratiomyidae|Ptecticus|n.sp2,Animalia,Insecta,Diptera,Stratiomyidae,Ptecticus,n.sp2,Achiasmatic,Male,NA,16
Animalia|Insecta|Diptera|Stratiomyidae|Ptecticus|n.sp3,Animalia,Insecta,Diptera,Stratiomyidae,Ptecticus,n.sp3,Achiasmatic,Male,XY,16
Animalia|Insecta|Diptera|Stratiomyidae|Ptecticus|n.sp4,Animalia,Insecta,Diptera,Stratiomyidae,Ptecticus,n.sp4,Achiasmatic,Male,XY,16
Animalia|Insecta|Diptera|Stratiomyidae|Ptecticus|n.sp5,Animalia,Insecta,Diptera,Stratiomyidae,Ptecticus,n.sp5,Achiasmatic,Male,XY,16
Animalia|Insecta|Diptera|Stratiomyidae|Ptecticus|sackenii,Animalia,Insecta,Diptera,Stratiomyidae,Ptecticus,sackenii,Achiasmatic,Male,NA,16
Animalia|Insecta|Diptera|Stratiomyidae|Ptecticus|sp.4,Animalia,Insecta,Diptera,Stratiomyidae,Ptecticus,sp.4,Achiasmatic,Male,XY,16
Animalia|Insecta|Diptera|Stratiomyidae|Ptecticus|sp.5,Animalia,Insecta,Diptera,Stratiomyidae,Ptecticus,sp.5,Achiasmatic,Male,XY,16
Animalia|Insecta|Diptera|Stratiomyidae|Ptecticus|tenebrifer,Animalia,Insecta,Diptera,Stratiomyidae,Ptecticus,tenebrifer,Achiasmatic,Male,XY,16
Animalia|Insecta|Diptera|Stratiomyidae|Ptecticus|trivittatus,Animalia,Insecta,Diptera,Stratiomyidae,Ptecticus,trivittatus,Achiasmatic,Male,XY,16
Animalia|Insecta|Diptera|Stratiomyidae|Ptecticus|wulpii,Animalia,Insecta,Diptera,Stratiomyidae,Ptecticus,wulpii,Achiasmatic,Male,XY,16
Animalia|Insecta|Diptera|Stratiomyidae|Sargus|cuprarius,Animalia,Insecta,Diptera,Stratiomyidae,Sargus,cuprarius,Achiasmatic,Male,NA,16
Animalia|Insecta|Diptera|Stratiomyidae|Sargus|fasciatus,Animalia,Insecta,Diptera,Stratiomyidae,Sargus,fasciatus,Achiasmatic,Male,XY,8
Animalia|Insecta|Diptera|Stratiomyidae|Stratiomys|barbata,Animalia,Insecta,Diptera,Stratiomyidae,Stratiomys,barbata,Achiasmatic,Male,XY,14
Animalia|Insecta|Diptera|Stratiomyidae|Stratiomys|sp,Animalia,Insecta,Diptera,Stratiomyidae,Stratiomys,sp,Achiasmatic,Male,XY,12
Animalia|Insecta|Diptera|Stratiomyidae|Stratiomys|sp.,Animalia,Insecta,Diptera,Stratiomyidae,Stratiomys,sp.,Achiasmatic,Male,NA,12
Animalia|Insecta|Diptera|Syrphidae|Allographa|exotica,Animalia,Insecta,Diptera,Syrphidae,Allographa,exotica,Achiasmatic,Male,XY,10
Animalia|Insecta|Diptera|Syrphidae|Allographa|hortensis,Animalia,Insecta,Diptera,Syrphidae,Allographa,hortensis,Achiasmatic,Male,XY,8
Animalia|Insecta|Diptera|Syrphidae|Allographa|neotropica,Animalia,Insecta,Diptera,Syrphidae,Allographa,neotropica,Achiasmatic,Male,XY,10
Animalia|Insecta|Diptera|Syrphidae|Allographa|piurana,Animalia,Insecta,Diptera,Syrphidae,Allographa,piurana,Achiasmatic,Male,XY,10
Animalia|Insecta|Diptera|Syrphidae|Allographa|pulchra,Animalia,Insecta,Diptera,Syrphidae,Allographa,pulchra,Achiasmatic,Male,XY,10
Animalia|Insecta|Diptera|Syrphidae|Allograpta|calopoides,Animalia,Insecta,Diptera,Syrphidae,Allograpta,calopoides,Achiasmatic,Male,NA,8
Animalia|Insecta|Diptera|Syrphidae|Allograpta|calopus,Animalia,Insecta,Diptera,Syrphidae,Allograpta,calopus,Achiasmatic,Male,XY,8
Animalia|Insecta|Diptera|Syrphidae|Allograpta|exotica,Animalia,Insecta,Diptera,Syrphidae,Allograpta,exotica,Achiasmatic,Male,XY,10
Animalia|Insecta|Diptera|Syrphidae|Allograpta|fuscisquama,Animalia,Insecta,Diptera,Syrphidae,Allograpta,fuscisquama,Achiasmatic,Male,XY,10
Animalia|Insecta|Diptera|Syrphidae|Allograpta|hortensis,Animalia,Insecta,Diptera,Syrphidae,Allograpta,hortensis,Achiasmatic,Male,XY,8
Animalia|Insecta|Diptera|Syrphidae|Allograpta|neotropica,Animalia,Insecta,Diptera,Syrphidae,Allograpta,neotropica,Achiasmatic,Male,XY,10
Animalia|Insecta|Diptera|Syrphidae|Allograpta|nummularia,Animalia,Insecta,Diptera,Syrphidae,Allograpta,nummularia,Achiasmatic,Male,XY,8
Animalia|Insecta|Diptera|Syrphidae|Allograpta|obliqua,Animalia,Insecta,Diptera,Syrphidae,Allograpta,obliqua,Achiasmatic,Male,XY,10
Animalia|Insecta|Diptera|Syrphidae|Allograpta|pfeifferi,Animalia,Insecta,Diptera,Syrphidae,Allograpta,pfeifferi,Achiasmatic,Male,XY,12
Animalia|Insecta|Diptera|Syrphidae|Allograpta|pulchra_hybrid?_,Animalia,Insecta,Diptera,Syrphidae,Allograpta,pulchra_hybrid?_,Achiasmatic,Male,XY,8
Animalia|Insecta|Diptera|Syrphidae|Allograpta|pulchra_I_,Animalia,Insecta,Diptera,Syrphidae,Allograpta,pulchra_I_,Achiasmatic,Male,XY,10
Animalia|Insecta|Diptera|Syrphidae|Allograpta|sp.25,Animalia,Insecta,Diptera,Syrphidae,Allograpta,sp.25,Achiasmatic,Male,XY,8
Animalia|Insecta|Diptera|Syrphidae|Allograpta|sp.26,Animalia,Insecta,Diptera,Syrphidae,Allograpta,sp.26,Achiasmatic,Male,XY,10
Animalia|Insecta|Diptera|Syrphidae|Allograpta|sp.27,Animalia,Insecta,Diptera,Syrphidae,Allograpta,sp.27,Achiasmatic,Male,XY,10
Animalia|Insecta|Diptera|Syrphidae|Allograpta|sp.AE,Animalia,Insecta,Diptera,Syrphidae,Allograpta,sp.AE,Achiasmatic,Male,XY,8
Animalia|Insecta|Diptera|Syrphidae|Allograpta|sp.BP,Animalia,Insecta,Diptera,Syrphidae,Allograpta,sp.BP,Achiasmatic,Male,NA,10
Animalia|Insecta|Diptera|Syrphidae|Allograpta|venusta,Animalia,Insecta,Diptera,Syrphidae,Allograpta,venusta,Achiasmatic,Male,XY,8
Animalia|Insecta|Diptera|Syrphidae|Asarkina|clara,Animalia,Insecta,Diptera,Syrphidae,Asarkina,clara,Achiasmatic,Male,XY,10
Animalia|Insecta|Diptera|Syrphidae|Asarkina|fulva,Animalia,Insecta,Diptera,Syrphidae,Asarkina,fulva,Achiasmatic,Male,XY,10
Animalia|Insecta|Diptera|Syrphidae|Asarkina|morokaensis,Animalia,Insecta,Diptera,Syrphidae,Asarkina,morokaensis,Achiasmatic,Male,XY,10
Animalia|Insecta|Diptera|Syrphidae|Asarkina|porcina,Animalia,Insecta,Diptera,Syrphidae,Asarkina,porcina,Achiasmatic,Male,XY,10
Animalia|Insecta|Diptera|Syrphidae|Asarkina|rostrata,Animalia,Insecta,Diptera,Syrphidae,Asarkina,rostrata,Achiasmatic,Male,XY,10
Animalia|Insecta|Diptera|Syrphidae|Asarkina|sp.1,Animalia,Insecta,Diptera,Syrphidae,Asarkina,sp.1,Achiasmatic,Male,XY,10
Animalia|Insecta|Diptera|Syrphidae|Asarkina|sp.A,Animalia,Insecta,Diptera,Syrphidae,Asarkina,sp.A,Achiasmatic,Male,NA,10
Animalia|Insecta|Diptera|Syrphidae|Asarkina|sp.B,Animalia,Insecta,Diptera,Syrphidae,Asarkina,sp.B,Achiasmatic,Male,XY,10
Animalia|Insecta|Diptera|Syrphidae|Asarkina|sp.C,Animalia,Insecta,Diptera,Syrphidae,Asarkina,sp.C,Achiasmatic,Male,XY,10
Animalia|Insecta|Diptera|Syrphidae|Asarkina|sp.D,Animalia,Insecta,Diptera,Syrphidae,Asarkina,sp.D,Achiasmatic,Male,XY,10
Animalia|Insecta|Diptera|Syrphidae|Asarkina|sp.E,Animalia,Insecta,Diptera,Syrphidae,Asarkina,sp.E,Achiasmatic,Male,XY,10
Animalia|Insecta|Diptera|Syrphidae|Axona|chalcopyga,Animalia,Insecta,Diptera,Syrphidae,Axona,chalcopyga,Achiasmatic,Male,XY,10
Animalia|Insecta|Diptera|Syrphidae|Baccha|alicia,Animalia,Insecta,Diptera,Syrphidae,Baccha,alicia,Achiasmatic,Male,XY,10
Animalia|Insecta|Diptera|Syrphidae|Baccha|asthenia,Animalia,Insecta,Diptera,Syrphidae,Baccha,asthenia,Achiasmatic,Male,XY,10
Animalia|Insecta|Diptera|Syrphidae|Baccha|clavata,Animalia,Insecta,Diptera,Syrphidae,Baccha,clavata,Achiasmatic,Male,XY,10
Animalia|Insecta|Diptera|Syrphidae|Baccha|clavata_I_,Animalia,Insecta,Diptera,Syrphidae,Baccha,clavata_I_,Achiasmatic,Male,XY,10
Animalia|Insecta|Diptera|Syrphidae|Baccha|clavata_II_,Animalia,Insecta,Diptera,Syrphidae,Baccha,clavata_II_,Achiasmatic,Male,XY,10
Animalia|Insecta|Diptera|Syrphidae|Baccha|costata,Animalia,Insecta,Diptera,Syrphidae,Baccha,costata,Achiasmatic,Male,XY,10
Animalia|Insecta|Diptera|Syrphidae|Baccha|debasa,Animalia,Insecta,Diptera,Syrphidae,Baccha,debasa,Achiasmatic,Male,XY,10
Animalia|Insecta|Diptera|Syrphidae|Baccha|elongata,Animalia,Insecta,Diptera,Syrphidae,Baccha,elongata,Achiasmatic,Male,XY,6
Animalia|Insecta|Diptera|Syrphidae|Baccha|estrelita,Animalia,Insecta,Diptera,Syrphidae,Baccha,estrelita,Achiasmatic,Male,XY,10
Animalia|Insecta|Diptera|Syrphidae|Baccha|fasciata,Animalia,Insecta,Diptera,Syrphidae,Baccha,fasciata,Achiasmatic,Male,XY,10
Animalia|Insecta|Diptera|Syrphidae|Baccha|fascipennis,Animalia,Insecta,Diptera,Syrphidae,Baccha,fascipennis,Achiasmatic,Male,XY,10
Animalia|Insecta|Diptera|Syrphidae|Baccha|flavipennis,Animalia,Insecta,Diptera,Syrphidae,Baccha,flavipennis,Achiasmatic,Male,XY,10
Animalia|Insecta|Diptera|Syrphidae|Baccha|funebris,Animalia,Insecta,Diptera,Syrphidae,Baccha,funebris,Achiasmatic,Male,XY,10
Animalia|Insecta|Diptera|Syrphidae|Baccha|fuscipennis,Animalia,Insecta,Diptera,Syrphidae,Baccha,fuscipennis,Achiasmatic,Male,XY,10
Animalia|Insecta|Diptera|Syrphidae|Baccha|gastrostacta,Animalia,Insecta,Diptera,Syrphidae,Baccha,gastrostacta,Achiasmatic,Male,XY,10
Animalia|Insecta|Diptera|Syrphidae|Baccha|laudabilis,Animalia,Insecta,Diptera,Syrphidae,Baccha,laudabilis,Achiasmatic,Male,XY,10
Animalia|Insecta|Diptera|Syrphidae|Baccha|livida,Animalia,Insecta,Diptera,Syrphidae,Baccha,livida,Achiasmatic,Male,XY,8
Animalia|Insecta|Diptera|Syrphidae|Baccha|loewi,Animalia,Insecta,Diptera,Syrphidae,Baccha,loewi,Achiasmatic,Male,XY,10
Animalia|Insecta|Diptera|Syrphidae|Baccha|maculata,Animalia,Insecta,Diptera,Syrphidae,Baccha,maculata,Achiasmatic,Male,XY,8
Animalia|Insecta|Diptera|Syrphidae|Baccha|melanorrhina,Animalia,Insecta,Diptera,Syrphidae,Baccha,melanorrhina,Achiasmatic,Male,XY,10
Animalia|Insecta|Diptera|Syrphidae|Baccha|mexicana,Animalia,Insecta,Diptera,Syrphidae,Baccha,mexicana,Achiasmatic,Male,XY,10
Animalia|Insecta|Diptera|Syrphidae|Baccha|n.sp.1,Animalia,Insecta,Diptera,Syrphidae,Baccha,n.sp.1,Achiasmatic,Male,XY,10
Animalia|Insecta|Diptera|Syrphidae|Baccha|neavei,Animalia,Insecta,Diptera,Syrphidae,Baccha,neavei,Achiasmatic,Male,XY,10
Animalia|Insecta|Diptera|Syrphidae|Baccha|norina,Animalia,Insecta,Diptera,Syrphidae,Baccha,norina,Achiasmatic,Male,XY,8
Animalia|Insecta|Diptera|Syrphidae|Baccha|nymphaea,Animalia,Insecta,Diptera,Syrphidae,Baccha,nymphaea,Achiasmatic,Male,XY,10
Animalia|Insecta|Diptera|Syrphidae|Baccha|obscuripennis,Animalia,Insecta,Diptera,Syrphidae,Baccha,obscuripennis,Achiasmatic,Male,XY,6
Animalia|Insecta|Diptera|Syrphidae|Baccha|polista,Animalia,Insecta,Diptera,Syrphidae,Baccha,polista,Achiasmatic,Male,XY,10
Animalia|Insecta|Diptera|Syrphidae|Baccha|purpuricola,Animalia,Insecta,Diptera,Syrphidae,Baccha,purpuricola,Achiasmatic,Male,XY,10
Animalia|Insecta|Diptera|Syrphidae|Baccha|sapphirina,Animalia,Insecta,Diptera,Syrphidae,Baccha,sapphirina,Achiasmatic,Male,XY,10
Animalia|Insecta|Diptera|Syrphidae|Baccha|scutellata,Animalia,Insecta,Diptera,Syrphidae,Baccha,scutellata,Achiasmatic,Male,NA,8
Animalia|Insecta|Diptera|Syrphidae|Baccha|siphanticida,Animalia,Insecta,Diptera,Syrphidae,Baccha,siphanticida,Achiasmatic,Male,XY,10
Animalia|Insecta|Diptera|Syrphidae|Baccha|sp.A1,Animalia,Insecta,Diptera,Syrphidae,Baccha,sp.A1,Achiasmatic,Male,XY,10
Animalia|Insecta|Diptera|Syrphidae|Baccha|sp.B1,Animalia,Insecta,Diptera,Syrphidae,Baccha,sp.B1,Achiasmatic,Male,XY,10
Animalia|Insecta|Diptera|Syrphidae|Baccha|virginio,Animalia,Insecta,Diptera,Syrphidae,Baccha,virginio,Achiasmatic,Male,XY,8
Animalia|Insecta|Diptera|Syrphidae|Baccha|vittiger,Animalia,Insecta,Diptera,Syrphidae,Baccha,vittiger,Achiasmatic,Male,XY,10
Animalia|Insecta|Diptera|Syrphidae|Baccha|zilla,Animalia,Insecta,Diptera,Syrphidae,Baccha,zilla,Achiasmatic,Male,XY,10
Animalia|Insecta|Diptera|Syrphidae|Betasyrphus|adligatus,Animalia,Insecta,Diptera,Syrphidae,Betasyrphus,adligatus,Achiasmatic,Male,XY,8
Animalia|Insecta|Diptera|Syrphidae|Betasyrphus|hirticeps,Animalia,Insecta,Diptera,Syrphidae,Betasyrphus,hirticeps,Achiasmatic,Male,XY,8
Animalia|Insecta|Diptera|Syrphidae|Betasyrphus|sp.C,Animalia,Insecta,Diptera,Syrphidae,Betasyrphus,sp.C,Achiasmatic,Male,XY,8
Animalia|Insecta|Diptera|Syrphidae|Betasyrphus|sp.D,Animalia,Insecta,Diptera,Syrphidae,Betasyrphus,sp.D,Achiasmatic,Male,XY,8
Animalia|Insecta|Diptera|Syrphidae|Betasyrphus|sp.E,Animalia,Insecta,Diptera,Syrphidae,Betasyrphus,sp.E,Achiasmatic,Male,XY,8
Animalia|Insecta|Diptera|Syrphidae|Betasyrphus|sp.F,Animalia,Insecta,Diptera,Syrphidae,Betasyrphus,sp.F,Achiasmatic,Male,XY,8
Animalia|Insecta|Diptera|Syrphidae|Blera|analis,Animalia,Insecta,Diptera,Syrphidae,Blera,analis,Achiasmatic,Male,NA,12
Animalia|Insecta|Diptera|Syrphidae|Blera|badia,Animalia,Insecta,Diptera,Syrphidae,Blera,badia,Achiasmatic,Male,XY,12
Animalia|Insecta|Diptera|Syrphidae|Blera|confusa,Animalia,Insecta,Diptera,Syrphidae,Blera,confusa,Achiasmatic,Male,XY,12
Animalia|Insecta|Diptera|Syrphidae|Blera|fallax,Animalia,Insecta,Diptera,Syrphidae,Blera,fallax,Achiasmatic,Male,XY,12
Animalia|Insecta|Diptera|Syrphidae|Blera|nigra,Animalia,Insecta,Diptera,Syrphidae,Blera,nigra,Achiasmatic,Male,XY,12
Animalia|Insecta|Diptera|Syrphidae|Blera|scitula,Animalia,Insecta,Diptera,Syrphidae,Blera,scitula,Achiasmatic,Male,XY,12
Animalia|Insecta|Diptera|Syrphidae|Brachyopa|scutellaris,Animalia,Insecta,Diptera,Syrphidae,Brachyopa,scutellaris,Achiasmatic,Male,XY,10
Animalia|Insecta|Diptera|Syrphidae|Calliprobola|crawfordi,Animalia,Insecta,Diptera,Syrphidae,Calliprobola,crawfordi,Achiasmatic,Male,XY,10
Animalia|Insecta|Diptera|Syrphidae|Carposcalis|obscura,Animalia,Insecta,Diptera,Syrphidae,Carposcalis,obscura,Achiasmatic,Male,XY,8
Animalia|Insecta|Diptera|Syrphidae|Carposcalis|sp.,Animalia,Insecta,Diptera,Syrphidae,Carposcalis,sp.,Achiasmatic,Male,XY,8
Animalia|Insecta|Diptera|Syrphidae|Carposcalis|sp.1,Animalia,Insecta,Diptera,Syrphidae,Carposcalis,sp.1,Achiasmatic,Male,XY,8
Animalia|Insecta|Diptera|Syrphidae|Carposcalis|sp.2,Animalia,Insecta,Diptera,Syrphidae,Carposcalis,sp.2,Achiasmatic,Male,XY,8
Animalia|Insecta|Diptera|Syrphidae|Carposcalis|sp.3,Animalia,Insecta,Diptera,Syrphidae,Carposcalis,sp.3,Achiasmatic,Male,XY,8
Animalia|Insecta|Diptera|Syrphidae|Carposcalis|sp.4,Animalia,Insecta,Diptera,Syrphidae,Carposcalis,sp.4,Achiasmatic,Male,XY,8
Animalia|Insecta|Diptera|Syrphidae|Carposcalis|sp.5,Animalia,Insecta,Diptera,Syrphidae,Carposcalis,sp.5,Achiasmatic,Male,XY,8
Animalia|Insecta|Diptera|Syrphidae|Carposcalis|sp.6,Animalia,Insecta,Diptera,Syrphidae,Carposcalis,sp.6,Achiasmatic,Male,XY,8
Animalia|Insecta|Diptera|Syrphidae|Carposcalis|sp.8,Animalia,Insecta,Diptera,Syrphidae,Carposcalis,sp.8,Achiasmatic,Male,XY,8
Animalia|Insecta|Diptera|Syrphidae|Carposcalis|sp.A,Animalia,Insecta,Diptera,Syrphidae,Carposcalis,sp.A,Achiasmatic,Male,XY,8
Animalia|Insecta|Diptera|Syrphidae|Carposcalis|sp.B,Animalia,Insecta,Diptera,Syrphidae,Carposcalis,sp.B,Achiasmatic,Male,XY,8
Animalia|Insecta|Diptera|Syrphidae|Carposcalis|stegna,Animalia,Insecta,Diptera,Syrphidae,Carposcalis,stegna,Achiasmatic,Male,XY,8
Animalia|Insecta|Diptera|Syrphidae|Ceriana|conopsoides,Animalia,Insecta,Diptera,Syrphidae,Ceriana,conopsoides,Achiasmatic,Male,XY,10
Animalia|Insecta|Diptera|Syrphidae|Ceriana|vespiformis,Animalia,Insecta,Diptera,Syrphidae,Ceriana,vespiformis,Achiasmatic,Male,XY,10
Animalia|Insecta|Diptera|Syrphidae|Ceriogaster|sp.,Animalia,Insecta,Diptera,Syrphidae,Ceriogaster,sp.,Achiasmatic,Male,NA,10
Animalia|Insecta|Diptera|Syrphidae|Chalcosyrphus|anthreas,Animalia,Insecta,Diptera,Syrphidae,Chalcosyrphus,anthreas,Achiasmatic,Male,XY,10
Animalia|Insecta|Diptera|Syrphidae|Chalcosyrphus|ariel,Animalia,Insecta,Diptera,Syrphidae,Chalcosyrphus,ariel,Achiasmatic,Male,XY,10
Animalia|Insecta|Diptera|Syrphidae|Chalcosyrphus|nemorum,Animalia,Insecta,Diptera,Syrphidae,Chalcosyrphus,nemorum,Achiasmatic,Male,XY,8
Animalia|Insecta|Diptera|Syrphidae|Chalcosyrphus|plesia,Animalia,Insecta,Diptera,Syrphidae,Chalcosyrphus,plesia,Achiasmatic,Male,NA,10
Animalia|Insecta|Diptera|Syrphidae|Chalcosyrphus|sp.2,Animalia,Insecta,Diptera,Syrphidae,Chalcosyrphus,sp.2,Achiasmatic,Male,XY,10
Animalia|Insecta|Diptera|Syrphidae|Chamaesphegina|argentifacies,Animalia,Insecta,Diptera,Syrphidae,Chamaesphegina,argentifacies,Achiasmatic,Male,XY,12
Animalia|Insecta|Diptera|Syrphidae|Cheilosia|barbata,Animalia,Insecta,Diptera,Syrphidae,Cheilosia,barbata,Achiasmatic,Male,XY,12
Animalia|Insecta|Diptera|Syrphidae|Cheilosia|burkei,Animalia,Insecta,Diptera,Syrphidae,Cheilosia,burkei,Achiasmatic,Male,XY,12
Animalia|Insecta|Diptera|Syrphidae|Cheilosia|canicularis,Animalia,Insecta,Diptera,Syrphidae,Cheilosia,canicularis,Achiasmatic,Male,NA,12
Animalia|Insecta|Diptera|Syrphidae|Cheilosia|chalybescens,Animalia,Insecta,Diptera,Syrphidae,Cheilosia,chalybescens,Achiasmatic,Male,XY,12
Animalia|Insecta|Diptera|Syrphidae|Cheilosia|derasa,Animalia,Insecta,Diptera,Syrphidae,Cheilosia,derasa,Achiasmatic,Male,XY,12
Animalia|Insecta|Diptera|Syrphidae|Cheilosia|frontosa,Animalia,Insecta,Diptera,Syrphidae,Cheilosia,frontosa,Achiasmatic,Male,XY,10
Animalia|Insecta|Diptera|Syrphidae|Cheilosia|illustrata,Animalia,Insecta,Diptera,Syrphidae,Cheilosia,illustrata,Achiasmatic,Male,XY,12
Animalia|Insecta|Diptera|Syrphidae|Cheilosia|impressa,Animalia,Insecta,Diptera,Syrphidae,Cheilosia,impressa,Achiasmatic,Male,XY,12
Animalia|Insecta|Diptera|Syrphidae|Cheilosia|longula,Animalia,Insecta,Diptera,Syrphidae,Cheilosia,longula,Achiasmatic,Male,NA,10
Animalia|Insecta|Diptera|Syrphidae|Cheilosia|montana,Animalia,Insecta,Diptera,Syrphidae,Cheilosia,montana,Achiasmatic,Male,NA,12
Animalia|Insecta|Diptera|Syrphidae|Cheilosia|pagana,Animalia,Insecta,Diptera,Syrphidae,Cheilosia,pagana,Achiasmatic,Male,XY,12
Animalia|Insecta|Diptera|Syrphidae|Cheilosia|pallipes,Animalia,Insecta,Diptera,Syrphidae,Cheilosia,pallipes,Achiasmatic,Male,XY,10
Animalia|Insecta|Diptera|Syrphidae|Cheilosia|plutonia,Animalia,Insecta,Diptera,Syrphidae,Cheilosia,plutonia,Achiasmatic,Male,XY,12
Animalia|Insecta|Diptera|Syrphidae|Cheilosia|scutellata,Animalia,Insecta,Diptera,Syrphidae,Cheilosia,scutellata,Achiasmatic,Male,XY,10
Animalia|Insecta|Diptera|Syrphidae|Cheilosia|soror,Animalia,Insecta,Diptera,Syrphidae,Cheilosia,soror,Achiasmatic,Male,XY,10
Animalia|Insecta|Diptera|Syrphidae|Cheilosia|sp.1,Animalia,Insecta,Diptera,Syrphidae,Cheilosia,sp.1,Achiasmatic,Male,XY,10
Animalia|Insecta|Diptera|Syrphidae|Cheilosia|sp.Nr.Frontalis,Animalia,Insecta,Diptera,Syrphidae,Cheilosia,sp.Nr.Frontalis,Achiasmatic,Male,XY,12
Animalia|Insecta|Diptera|Syrphidae|Cheilosia|tristis,Animalia,Insecta,Diptera,Syrphidae,Cheilosia,tristis,Achiasmatic,Male,XY,8
Animalia|Insecta|Diptera|Syrphidae|Cheilosia|variabilis,Animalia,Insecta,Diptera,Syrphidae,Cheilosia,variabilis,Achiasmatic,Male,XY,12
Animalia|Insecta|Diptera|Syrphidae|Cheilosia|vernalis,Animalia,Insecta,Diptera,Syrphidae,Cheilosia,vernalis,Achiasmatic,Male,XY,10
Animalia|Insecta|Diptera|Syrphidae|Cheilosia|vulpina,Animalia,Insecta,Diptera,Syrphidae,Cheilosia,vulpina,Achiasmatic,Male,XY,12
Animalia|Insecta|Diptera|Syrphidae|Chrysogaster|hirtella,Animalia,Insecta,Diptera,Syrphidae,Chrysogaster,hirtella,Achiasmatic,Male,XY,12
Animalia|Insecta|Diptera|Syrphidae|Chrysogaster|metallina,Animalia,Insecta,Diptera,Syrphidae,Chrysogaster,metallina,Achiasmatic,Male,XY,12
Animalia|Insecta|Diptera|Syrphidae|Chrysogaster|nigrovittata,Animalia,Insecta,Diptera,Syrphidae,Chrysogaster,nigrovittata,Achiasmatic,Male,XY,12
Animalia|Insecta|Diptera|Syrphidae|Chrysogaster|nitida,Animalia,Insecta,Diptera,Syrphidae,Chrysogaster,nitida,Achiasmatic,Male,NA,10
Animalia|Insecta|Diptera|Syrphidae|Chrysogaster|nobilis,Animalia,Insecta,Diptera,Syrphidae,Chrysogaster,nobilis,Achiasmatic,Male,XY,10
Animalia|Insecta|Diptera|Syrphidae|Chrysogaster|parva,Animalia,Insecta,Diptera,Syrphidae,Chrysogaster,parva,Achiasmatic,Male,XY,10
Animalia|Insecta|Diptera|Syrphidae|Chrysogaster|poecilophthalma,Animalia,Insecta,Diptera,Syrphidae,Chrysogaster,poecilophthalma,Achiasmatic,Male,NA,8
Animalia|Insecta|Diptera|Syrphidae|Chrysogaster|pulchella,Animalia,Insecta,Diptera,Syrphidae,Chrysogaster,pulchella,Achiasmatic,Male,XY,8
Animalia|Insecta|Diptera|Syrphidae|Chrysogaster|solstitialis,Animalia,Insecta,Diptera,Syrphidae,Chrysogaster,solstitialis,Achiasmatic,Male,XY,12
Animalia|Insecta|Diptera|Syrphidae|Chrysogaster|splendens,Animalia,Insecta,Diptera,Syrphidae,Chrysogaster,splendens,Achiasmatic,Male,XY,12
Animalia|Insecta|Diptera|Syrphidae|Chrysogaster|splendida,Animalia,Insecta,Diptera,Syrphidae,Chrysogaster,splendida,Achiasmatic,Male,XY,12
Animalia|Insecta|Diptera|Syrphidae|Chrysogaster|splendita,Animalia,Insecta,Diptera,Syrphidae,Chrysogaster,splendita,Achiasmatic,Male,XY,12
Animalia|Insecta|Diptera|Syrphidae|Chrysogaster|viduata,Animalia,Insecta,Diptera,Syrphidae,Chrysogaster,viduata,Achiasmatic,Male,XY,12
Animalia|Insecta|Diptera|Syrphidae|Chrysotoxum|arcuatum,Animalia,Insecta,Diptera,Syrphidae,Chrysotoxum,arcuatum,Achiasmatic,Male,XY,10
Animalia|Insecta|Diptera|Syrphidae|Chrysotoxum|bicinctum,Animalia,Insecta,Diptera,Syrphidae,Chrysotoxum,bicinctum,Achiasmatic,Male,XY,10
Animalia|Insecta|Diptera|Syrphidae|Chrysotoxum|cautum,Animalia,Insecta,Diptera,Syrphidae,Chrysotoxum,cautum,Achiasmatic,Male,NA,10
Animalia|Insecta|Diptera|Syrphidae|Chrysotoxum|continuum,Animalia,Insecta,Diptera,Syrphidae,Chrysotoxum,continuum,Achiasmatic,Male,XY,10
Animalia|Insecta|Diptera|Syrphidae|Chrysotoxum|derivatum,Animalia,Insecta,Diptera,Syrphidae,Chrysotoxum,derivatum,Achiasmatic,Male,XY,10
Animalia|Insecta|Diptera|Syrphidae|Chrysotoxum|elegans,Animalia,Insecta,Diptera,Syrphidae,Chrysotoxum,elegans,Achiasmatic,Male,NA,10
Animalia|Insecta|Diptera|Syrphidae|Chrysotoxum|fascilatum,Animalia,Insecta,Diptera,Syrphidae,Chrysotoxum,fascilatum,Achiasmatic,Male,XY,10
Animalia|Insecta|Diptera|Syrphidae|Chrysotoxum|festivum,Animalia,Insecta,Diptera,Syrphidae,Chrysotoxum,festivum,Achiasmatic,Male,XY,10
Animalia|Insecta|Diptera|Syrphidae|Chrysotoxum|intermedium,Animalia,Insecta,Diptera,Syrphidae,Chrysotoxum,intermedium,Achiasmatic,Male,XY,10
Animalia|Insecta|Diptera|Syrphidae|Chrysotoxum|latifasciatum,Animalia,Insecta,Diptera,Syrphidae,Chrysotoxum,latifasciatum,Achiasmatic,Male,XY,10
Animalia|Insecta|Diptera|Syrphidae|Chrysotoxum|latilimbatum,Animalia,Insecta,Diptera,Syrphidae,Chrysotoxum,latilimbatum,Achiasmatic,Male,XY,10
Animalia|Insecta|Diptera|Syrphidae|Chrysotoxum|lessonae,Animalia,Insecta,Diptera,Syrphidae,Chrysotoxum,lessonae,Achiasmatic,Male,XY,10
Animalia|Insecta|Diptera|Syrphidae|Chrysotoxum|octomaculatum,Animalia,Insecta,Diptera,Syrphidae,Chrysotoxum,octomaculatum,Achiasmatic,Male,XY,10
Animalia|Insecta|Diptera|Syrphidae|Chrysotoxum|parmense,Animalia,Insecta,Diptera,Syrphidae,Chrysotoxum,parmense,Achiasmatic,Male,XY,10
Animalia|Insecta|Diptera|Syrphidae|Chrysotoxum|testaceum,Animalia,Insecta,Diptera,Syrphidae,Chrysotoxum,testaceum,Achiasmatic,Male,XY,10
Animalia|Insecta|Diptera|Syrphidae|Chrysotoxum|ventricosum,Animalia,Insecta,Diptera,Syrphidae,Chrysotoxum,ventricosum,Achiasmatic,Male,XY,10
Animalia|Insecta|Diptera|Syrphidae|Chrysotoxum|verralli,Animalia,Insecta,Diptera,Syrphidae,Chrysotoxum,verralli,Achiasmatic,Male,XY,10
Animalia|Insecta|Diptera|Syrphidae|Citrogramma|circumdatum,Animalia,Insecta,Diptera,Syrphidae,Citrogramma,circumdatum,Achiasmatic,Male,XY,8
Animalia|Insecta|Diptera|Syrphidae|Citrogramma|sp.B,Animalia,Insecta,Diptera,Syrphidae,Citrogramma,sp.B,Achiasmatic,Male,XY,8
Animalia|Insecta|Diptera|Syrphidae|Citrogramma|sp.C,Animalia,Insecta,Diptera,Syrphidae,Citrogramma,sp.C,Achiasmatic,Male,XY,8
Animalia|Insecta|Diptera|Syrphidae|Citrogramma|sp.D,Animalia,Insecta,Diptera,Syrphidae,Citrogramma,sp.D,Achiasmatic,Male,XY,8
Animalia|Insecta|Diptera|Syrphidae|Cnemodon|latitarsis,Animalia,Insecta,Diptera,Syrphidae,Cnemodon,latitarsis,Achiasmatic,Male,XY,8
Animalia|Insecta|Diptera|Syrphidae|Copestylum|belinda,Animalia,Insecta,Diptera,Syrphidae,Copestylum,belinda,Achiasmatic,Male,XY,12
Animalia|Insecta|Diptera|Syrphidae|Copestylum|dispar,Animalia,Insecta,Diptera,Syrphidae,Copestylum,dispar,Achiasmatic,Male,XY,14
Animalia|Insecta|Diptera|Syrphidae|Copestylum|limbipenne,Animalia,Insecta,Diptera,Syrphidae,Copestylum,limbipenne,Achiasmatic,Male,XY,12
Animalia|Insecta|Diptera|Syrphidae|Copestylum|marginatum,Animalia,Insecta,Diptera,Syrphidae,Copestylum,marginatum,Achiasmatic,Male,XY,12
Animalia|Insecta|Diptera|Syrphidae|Copestylum|mexicanum,Animalia,Insecta,Diptera,Syrphidae,Copestylum,mexicanum,Achiasmatic,Male,XY,12
Animalia|Insecta|Diptera|Syrphidae|Copestylum|omochroma,Animalia,Insecta,Diptera,Syrphidae,Copestylum,omochroma,Achiasmatic,Male,XY,12
Animalia|Insecta|Diptera|Syrphidae|Copestylum|scutellatum,Animalia,Insecta,Diptera,Syrphidae,Copestylum,scutellatum,Achiasmatic,Male,XY,12
Animalia|Insecta|Diptera|Syrphidae|Copestylum|sp.1,Animalia,Insecta,Diptera,Syrphidae,Copestylum,sp.1,Achiasmatic,Male,XY,12
Animalia|Insecta|Diptera|Syrphidae|Copestylum|sp.12,Animalia,Insecta,Diptera,Syrphidae,Copestylum,sp.12,Achiasmatic,Male,XY,12
Animalia|Insecta|Diptera|Syrphidae|Copestylum|sp.13,Animalia,Insecta,Diptera,Syrphidae,Copestylum,sp.13,Achiasmatic,Male,XY,10
Animalia|Insecta|Diptera|Syrphidae|Copestylum|sp.14,Animalia,Insecta,Diptera,Syrphidae,Copestylum,sp.14,Achiasmatic,Male,XY,10
Animalia|Insecta|Diptera|Syrphidae|Copestylum|sp.15,Animalia,Insecta,Diptera,Syrphidae,Copestylum,sp.15,Achiasmatic,Male,XY,12
Animalia|Insecta|Diptera|Syrphidae|Copestylum|tamaulipanum,Animalia,Insecta,Diptera,Syrphidae,Copestylum,tamaulipanum,Achiasmatic,Male,XY,12
Animalia|Insecta|Diptera|Syrphidae|Criorhina|asilica,Animalia,Insecta,Diptera,Syrphidae,Criorhina,asilica,Achiasmatic,Male,XY,12
Animalia|Insecta|Diptera|Syrphidae|Criorhina|berberina,Animalia,Insecta,Diptera,Syrphidae,Criorhina,berberina,Achiasmatic,Male,XY,8
Animalia|Insecta|Diptera|Syrphidae|Criorhina|caudata,Animalia,Insecta,Diptera,Syrphidae,Criorhina,caudata,Achiasmatic,Male,XY,12
Animalia|Insecta|Diptera|Syrphidae|Criorhina|coquilletti,Animalia,Insecta,Diptera,Syrphidae,Criorhina,coquilletti,Achiasmatic,Male,XY,12
Animalia|Insecta|Diptera|Syrphidae|Criorhina|luna,Animalia,Insecta,Diptera,Syrphidae,Criorhina,luna,Achiasmatic,Male,XY,12
Animalia|Insecta|Diptera|Syrphidae|Criorhina|pachymera,Animalia,Insecta,Diptera,Syrphidae,Criorhina,pachymera,Achiasmatic,Male,XY,8
Animalia|Insecta|Diptera|Syrphidae|Criorhina|tricolor,Animalia,Insecta,Diptera,Syrphidae,Criorhina,tricolor,Achiasmatic,Male,XY,12
Animalia|Insecta|Diptera|Syrphidae|Cynorhinella|bella,Animalia,Insecta,Diptera,Syrphidae,Cynorhinella,bella,Achiasmatic,Male,XY,12
Animalia|Insecta|Diptera|Syrphidae|Dasysyrphus|albostriatus,Animalia,Insecta,Diptera,Syrphidae,Dasysyrphus,albostriatus,Achiasmatic,Male,XY,10
Animalia|Insecta|Diptera|Syrphidae|Dasysyrphus|amalopis,Animalia,Insecta,Diptera,Syrphidae,Dasysyrphus,amalopis,Achiasmatic,Male,XY,10
Animalia|Insecta|Diptera|Syrphidae|Dasysyrphus|arcuatus,Animalia,Insecta,Diptera,Syrphidae,Dasysyrphus,arcuatus,Achiasmatic,Male,XY,10
Animalia|Insecta|Diptera|Syrphidae|Dasysyrphus|lunulatus,Animalia,Insecta,Diptera,Syrphidae,Dasysyrphus,lunulatus,Achiasmatic,Male,XY,10
Animalia|Insecta|Diptera|Syrphidae|Dasysyrphus|sp.,Animalia,Insecta,Diptera,Syrphidae,Dasysyrphus,sp.,Achiasmatic,Male,XY,10
Animalia|Insecta|Diptera|Syrphidae|Dasysyrphus|sp.A,Animalia,Insecta,Diptera,Syrphidae,Dasysyrphus,sp.A,Achiasmatic,Male,XY,10
Animalia|Insecta|Diptera|Syrphidae|Dasysyrphus|sp.A1,Animalia,Insecta,Diptera,Syrphidae,Dasysyrphus,sp.A1,Achiasmatic,Male,XY,10
Animalia|Insecta|Diptera|Syrphidae|Dasysyrphus|sp.B1,Animalia,Insecta,Diptera,Syrphidae,Dasysyrphus,sp.B1,Achiasmatic,Male,XY,10
Animalia|Insecta|Diptera|Syrphidae|Dasysyrphus|sp.C1,Animalia,Insecta,Diptera,Syrphidae,Dasysyrphus,sp.C1,Achiasmatic,Male,XY,10
Animalia|Insecta|Diptera|Syrphidae|Dasysyrphus|sp.venustusgrp,Animalia,Insecta,Diptera,Syrphidae,Dasysyrphus,sp.venustusgrp,Achiasmatic,Male,XY,10
Animalia|Insecta|Diptera|Syrphidae|Dasysyrphus|tricinctus,Animalia,Insecta,Diptera,Syrphidae,Dasysyrphus,tricinctus,Achiasmatic,Male,XY,10
Animalia|Insecta|Diptera|Syrphidae|Dasysyrphus|venustus,Animalia,Insecta,Diptera,Syrphidae,Dasysyrphus,venustus,Achiasmatic,Male,XY,10
Animalia|Insecta|Diptera|Syrphidae|Didea|alneti,Animalia,Insecta,Diptera,Syrphidae,Didea,alneti,Achiasmatic,Male,XY,8
Animalia|Insecta|Diptera|Syrphidae|Didea|fasciata,Animalia,Insecta,Diptera,Syrphidae,Didea,fasciata,Achiasmatic,Male,XY,10
Animalia|Insecta|Diptera|Syrphidae|Didea|fuscipes,Animalia,Insecta,Diptera,Syrphidae,Didea,fuscipes,Achiasmatic,Male,XY,8
Animalia|Insecta|Diptera|Syrphidae|Didea|intermedia,Animalia,Insecta,Diptera,Syrphidae,Didea,intermedia,Achiasmatic,Male,XY,10
Animalia|Insecta|Diptera|Syrphidae|Didea|laxa,Animalia,Insecta,Diptera,Syrphidae,Didea,laxa,Achiasmatic,Male,XY,10
Animalia|Insecta|Diptera|Syrphidae|Dideoides|latus,Animalia,Insecta,Diptera,Syrphidae,Dideoides,latus,Achiasmatic,Male,NA,8
Animalia|Insecta|Diptera|Syrphidae|Dissoptera|sp.,Animalia,Insecta,Diptera,Syrphidae,Dissoptera,sp.,Achiasmatic,Male,XY,10
Animalia|Insecta|Diptera|Syrphidae|Doros|aequalis,Animalia,Insecta,Diptera,Syrphidae,Doros,aequalis,Achiasmatic,Male,NA,10
Animalia|Insecta|Diptera|Syrphidae|Doros|conopseus,Animalia,Insecta,Diptera,Syrphidae,Doros,conopseus,Achiasmatic,Male,XY,10
Animalia|Insecta|Diptera|Syrphidae|Epistrophe|eligans,Animalia,Insecta,Diptera,Syrphidae,Epistrophe,eligans,Achiasmatic,Male,XY,10
Animalia|Insecta|Diptera|Syrphidae|Epistrophe|emarginata,Animalia,Insecta,Diptera,Syrphidae,Epistrophe,emarginata,Achiasmatic,Male,NA,10
Animalia|Insecta|Diptera|Syrphidae|Epistrophe|grossulariae,Animalia,Insecta,Diptera,Syrphidae,Epistrophe,grossulariae,Achiasmatic,Male,XY,10
Animalia|Insecta|Diptera|Syrphidae|Epistrophe|melanostomoides,Animalia,Insecta,Diptera,Syrphidae,Epistrophe,melanostomoides,Achiasmatic,Male,NA,10
Animalia|Insecta|Diptera|Syrphidae|Epistrophe|metcalfi,Animalia,Insecta,Diptera,Syrphidae,Epistrophe,metcalfi,Achiasmatic,Male,XY,10
Animalia|Insecta|Diptera|Syrphidae|Epistrophe|nitidicollis,Animalia,Insecta,Diptera,Syrphidae,Epistrophe,nitidicollis,Achiasmatic,Male,XY,10
Animalia|Insecta|Diptera|Syrphidae|Episyrphus|arcifer,Animalia,Insecta,Diptera,Syrphidae,Episyrphus,arcifer,Achiasmatic,Male,XY,10
Animalia|Insecta|Diptera|Syrphidae|Episyrphus|balteatus,Animalia,Insecta,Diptera,Syrphidae,Episyrphus,balteatus,Achiasmatic,Male,XY,10
Animalia|Insecta|Diptera|Syrphidae|Episyrphus|circularis,Animalia,Insecta,Diptera,Syrphidae,Episyrphus,circularis,Achiasmatic,Male,XY,10
Animalia|Insecta|Diptera|Syrphidae|Episyrphus|nectarinus,Animalia,Insecta,Diptera,Syrphidae,Episyrphus,nectarinus,Achiasmatic,Male,XY,10
Animalia|Insecta|Diptera|Syrphidae|Episyrphus|sp.BA,Animalia,Insecta,Diptera,Syrphidae,Episyrphus,sp.BA,Achiasmatic,Male,XY,10
Animalia|Insecta|Diptera|Syrphidae|Episyrphus|sp.CA,Animalia,Insecta,Diptera,Syrphidae,Episyrphus,sp.CA,Achiasmatic,Male,XY,10
Animalia|Insecta|Diptera|Syrphidae|Episyrphus|sp.DP,Animalia,Insecta,Diptera,Syrphidae,Episyrphus,sp.DP,Achiasmatic,Male,XY,10
Animalia|Insecta|Diptera|Syrphidae|Episyrphus|sp.ET,Animalia,Insecta,Diptera,Syrphidae,Episyrphus,sp.ET,Achiasmatic,Male,XY,10
Animalia|Insecta|Diptera|Syrphidae|Episyrphus|sp.FJ,Animalia,Insecta,Diptera,Syrphidae,Episyrphus,sp.FJ,Achiasmatic,Male,XY,10
Animalia|Insecta|Diptera|Syrphidae|Episyrphus|trisectus,Animalia,Insecta,Diptera,Syrphidae,Episyrphus,trisectus,Achiasmatic,Male,NA,10
Animalia|Insecta|Diptera|Syrphidae|Eristalinus|abusiva,Animalia,Insecta,Diptera,Syrphidae,Eristalinus,abusiva,Achiasmatic,Male,XY,10
Animalia|Insecta|Diptera|Syrphidae|Eristalinus|aeneus,Animalia,Insecta,Diptera,Syrphidae,Eristalinus,aeneus,Achiasmatic,Male,XY,12
Animalia|Insecta|Diptera|Syrphidae|Eristalinus|anthophorina,Animalia,Insecta,Diptera,Syrphidae,Eristalinus,anthophorina,Achiasmatic,Male,XY,12
Animalia|Insecta|Diptera|Syrphidae|Eristalinus|arbustorum,Animalia,Insecta,Diptera,Syrphidae,Eristalinus,arbustorum,Achiasmatic,Male,XY,10
Animalia|Insecta|Diptera|Syrphidae|Eristalinus|arvorum,Animalia,Insecta,Diptera,Syrphidae,Eristalinus,arvorum,Achiasmatic,Male,XY,12
Animalia|Insecta|Diptera|Syrphidae|Eristalinus|barda,Animalia,Insecta,Diptera,Syrphidae,Eristalinus,barda,Achiasmatic,Male,XY,12
Animalia|Insecta|Diptera|Syrphidae|Eristalinus|bastardii,Animalia,Insecta,Diptera,Syrphidae,Eristalinus,bastardii,Achiasmatic,Male,NA,12
Animalia|Insecta|Diptera|Syrphidae|Eristalinus|bellardii,Animalia,Insecta,Diptera,Syrphidae,Eristalinus,bellardii,Achiasmatic,Male,XY,12
Animalia|Insecta|Diptera|Syrphidae|Eristalinus|cerealis,Animalia,Insecta,Diptera,Syrphidae,Eristalinus,cerealis,Achiasmatic,Male,XY,12
Animalia|Insecta|Diptera|Syrphidae|Eristalinus|cressoni,Animalia,Insecta,Diptera,Syrphidae,Eristalinus,cressoni,Achiasmatic,Male,XY,12
Animalia|Insecta|Diptera|Syrphidae|Eristalinus|dimidiata,Animalia,Insecta,Diptera,Syrphidae,Eristalinus,dimidiata,Achiasmatic,Male,XY,12
Animalia|Insecta|Diptera|Syrphidae|Eristalinus|gymnops,Animalia,Insecta,Diptera,Syrphidae,Eristalinus,gymnops,Achiasmatic,Male,XY,10
Animalia|Insecta|Diptera|Syrphidae|Eristalinus|hirta,Animalia,Insecta,Diptera,Syrphidae,Eristalinus,hirta,Achiasmatic,Male,XY,12
Animalia|Insecta|Diptera|Syrphidae|Eristalinus|horticola,Animalia,Insecta,Diptera,Syrphidae,Eristalinus,horticola,Achiasmatic,Male,XY,12
Animalia|Insecta|Diptera|Syrphidae|Eristalinus|intricaria,Animalia,Insecta,Diptera,Syrphidae,Eristalinus,intricaria,Achiasmatic,Male,XY,12
Animalia|Insecta|Diptera|Syrphidae|Eristalinus|intricarius,Animalia,Insecta,Diptera,Syrphidae,Eristalinus,intricarius,Achiasmatic,Male,XY,12
Animalia|Insecta|Diptera|Syrphidae|Eristalinus|jugorum,Animalia,Insecta,Diptera,Syrphidae,Eristalinus,jugorum,Achiasmatic,Male,XY,12
Animalia|Insecta|Diptera|Syrphidae|Eristalinus|laetus,Animalia,Insecta,Diptera,Syrphidae,Eristalinus,laetus,Achiasmatic,Male,XY,12
Animalia|Insecta|Diptera|Syrphidae|Eristalinus|lineifacies,Animalia,Insecta,Diptera,Syrphidae,Eristalinus,lineifacies,Achiasmatic,Male,XY,12
Animalia|Insecta|Diptera|Syrphidae|Eristalinus|lugens,Animalia,Insecta,Diptera,Syrphidae,Eristalinus,lugens,Achiasmatic,Male,XY,12
Animalia|Insecta|Diptera|Syrphidae|Eristalinus|madagascariensis,Animalia,Insecta,Diptera,Syrphidae,Eristalinus,madagascariensis,Achiasmatic,Male,XY,12
Animalia|Insecta|Diptera|Syrphidae|Eristalinus|nemorum,Animalia,Insecta,Diptera,Syrphidae,Eristalinus,nemorum,Achiasmatic,Male,XY,12
Animalia|Insecta|Diptera|Syrphidae|Eristalinus|obscura,Animalia,Insecta,Diptera,Syrphidae,Eristalinus,obscura,Achiasmatic,Male,XY,12
Animalia|Insecta|Diptera|Syrphidae|Eristalinus|paria,Animalia,Insecta,Diptera,Syrphidae,Eristalinus,paria,Achiasmatic,Male,XY,12
Animalia|Insecta|Diptera|Syrphidae|Eristalinus|pertinax,Animalia,Insecta,Diptera,Syrphidae,Eristalinus,pertinax,Achiasmatic,Male,XY,12
Animalia|Insecta|Diptera|Syrphidae|Eristalinus|pexalis,Animalia,Insecta,Diptera,Syrphidae,Eristalinus,pexalis,Achiasmatic,Male,XY,12
Animalia|Insecta|Diptera|Syrphidae|Eristalinus|pratorum,Animalia,Insecta,Diptera,Syrphidae,Eristalinus,pratorum,Achiasmatic,Male,XY,12
Animalia|Insecta|Diptera|Syrphidae|Eristalinus|punctulatus,Animalia,Insecta,Diptera,Syrphidae,Eristalinus,punctulatus,Achiasmatic,Male,NA,12
Animalia|Insecta|Diptera|Syrphidae|Eristalinus|quinquelineatus,Animalia,Insecta,Diptera,Syrphidae,Eristalinus,quinquelineatus,Achiasmatic,Male,XY,12
Animalia|Insecta|Diptera|Syrphidae|Eristalinus|rupium,Animalia,Insecta,Diptera,Syrphidae,Eristalinus,rupium,Achiasmatic,Male,XY,12
Animalia|Insecta|Diptera|Syrphidae|Eristalinus|saxorum,Animalia,Insecta,Diptera,Syrphidae,Eristalinus,saxorum,Achiasmatic,Male,XY,12
Animalia|Insecta|Diptera|Syrphidae|Eristalinus|sepulchralis,Animalia,Insecta,Diptera,Syrphidae,Eristalinus,sepulchralis,Achiasmatic,Male,XY,12
Animalia|Insecta|Diptera|Syrphidae|Eristalinus|sp.3,Animalia,Insecta,Diptera,Syrphidae,Eristalinus,sp.3,Achiasmatic,Male,XY,12
Animalia|Insecta|Diptera|Syrphidae|Eristalinus|sp.4,Animalia,Insecta,Diptera,Syrphidae,Eristalinus,sp.4,Achiasmatic,Male,XY,12
Animalia|Insecta|Diptera|Syrphidae|Eristalinus|sp.5,Animalia,Insecta,Diptera,Syrphidae,Eristalinus,sp.5,Achiasmatic,Male,XY,12
Animalia|Insecta|Diptera|Syrphidae|Eristalinus|supulcralis,Animalia,Insecta,Diptera,Syrphidae,Eristalinus,supulcralis,Achiasmatic,Male,XY,12
Animalia|Insecta|Diptera|Syrphidae|Eristalinus|taeniops,Animalia,Insecta,Diptera,Syrphidae,Eristalinus,taeniops,Achiasmatic,Male,XY,12
Animalia|Insecta|Diptera|Syrphidae|Eristalinus|tarsalis,Animalia,Insecta,Diptera,Syrphidae,Eristalinus,tarsalis,Achiasmatic,Male,XY,12
Animalia|Insecta|Diptera|Syrphidae|Eristalinus|tenax,Animalia,Insecta,Diptera,Syrphidae,Eristalinus,tenax,Achiasmatic,Male,XY,12
Animalia|Insecta|Diptera|Syrphidae|Eristalinus|transversa,Animalia,Insecta,Diptera,Syrphidae,Eristalinus,transversa,Achiasmatic,Male,XY,14
Animalia|Insecta|Diptera|Syrphidae|Eumerus|amoenus,Animalia,Insecta,Diptera,Syrphidae,Eumerus,amoenus,Achiasmatic,Male,XY,12
Animalia|Insecta|Diptera|Syrphidae|Eumerus|argyropus,Animalia,Insecta,Diptera,Syrphidae,Eumerus,argyropus,Achiasmatic,Male,XY,12
Animalia|Insecta|Diptera|Syrphidae|Eumerus|aurifrons,Animalia,Insecta,Diptera,Syrphidae,Eumerus,aurifrons,Achiasmatic,Male,XY,12
Animalia|Insecta|Diptera|Syrphidae|Eumerus|figurans,Animalia,Insecta,Diptera,Syrphidae,Eumerus,figurans,Achiasmatic,Male,XY,12
Animalia|Insecta|Diptera|Syrphidae|Eumerus|n.sp.,Animalia,Insecta,Diptera,Syrphidae,Eumerus,n.sp.,Achiasmatic,Male,NA,12
Animalia|Insecta|Diptera|Syrphidae|Eumerus|nigrostriatus,Animalia,Insecta,Diptera,Syrphidae,Eumerus,nigrostriatus,Achiasmatic,Male,NA,12
Animalia|Insecta|Diptera|Syrphidae|Eumerus|obliquus,Animalia,Insecta,Diptera,Syrphidae,Eumerus,obliquus,Achiasmatic,Male,XY,12
Animalia|Insecta|Diptera|Syrphidae|Eumerus|okinawaensis,Animalia,Insecta,Diptera,Syrphidae,Eumerus,okinawaensis,Achiasmatic,Male,XY,12
Animalia|Insecta|Diptera|Syrphidae|Eumerus|olivaceus,Animalia,Insecta,Diptera,Syrphidae,Eumerus,olivaceus,Achiasmatic,Male,XY,12
Animalia|Insecta|Diptera|Syrphidae|Eumerus|pusillus,Animalia,Insecta,Diptera,Syrphidae,Eumerus,pusillus,Achiasmatic,Male,XY,12
Animalia|Insecta|Diptera|Syrphidae|Eumerus|sp.,Animalia,Insecta,Diptera,Syrphidae,Eumerus,sp.,Achiasmatic,Male,XY,12
Animalia|Insecta|Diptera|Syrphidae|Eumerus|sp.19,Animalia,Insecta,Diptera,Syrphidae,Eumerus,sp.19,Achiasmatic,Male,XY,12
Animalia|Insecta|Diptera|Syrphidae|Eumerus|strigatus,Animalia,Insecta,Diptera,Syrphidae,Eumerus,strigatus,Achiasmatic,Male,XY,12
Animalia|Insecta|Diptera|Syrphidae|Eumerus|tuberculatus,Animalia,Insecta,Diptera,Syrphidae,Eumerus,tuberculatus,Achiasmatic,Male,XY,12
Animalia|Insecta|Diptera|Syrphidae|Eumerus|uncipes,Animalia,Insecta,Diptera,Syrphidae,Eumerus,uncipes,Achiasmatic,Male,NA,12
Animalia|Insecta|Diptera|Syrphidae|Eupeodes|volucris,Animalia,Insecta,Diptera,Syrphidae,Eupeodes,volucris,Achiasmatic,Male,XY,8
Animalia|Insecta|Diptera|Syrphidae|Exallandra|cinctifacies,Animalia,Insecta,Diptera,Syrphidae,Exallandra,cinctifacies,Achiasmatic,Male,XY,8
Animalia|Insecta|Diptera|Syrphidae|Ferdinandea|croesus,Animalia,Insecta,Diptera,Syrphidae,Ferdinandea,croesus,Achiasmatic,Male,XY,10
Animalia|Insecta|Diptera|Syrphidae|Habromyia|lipoflava,Animalia,Insecta,Diptera,Syrphidae,Habromyia,lipoflava,Achiasmatic,Male,NA,10
Animalia|Insecta|Diptera|Syrphidae|Hadromyia|aldrichi,Animalia,Insecta,Diptera,Syrphidae,Hadromyia,aldrichi,Achiasmatic,Male,XY,10
Animalia|Insecta|Diptera|Syrphidae|Hadromyia|grandis,Animalia,Insecta,Diptera,Syrphidae,Hadromyia,grandis,Achiasmatic,Male,XY,10
Animalia|Insecta|Diptera|Syrphidae|Hadromyia|pulchra,Animalia,Insecta,Diptera,Syrphidae,Hadromyia,pulchra,Achiasmatic,Male,XY,8
Animalia|Insecta|Diptera|Syrphidae|Helophilus|antipodus,Animalia,Insecta,Diptera,Syrphidae,Helophilus,antipodus,Achiasmatic,Male,XY,12
Animalia|Insecta|Diptera|Syrphidae|Helophilus|fasciatus,Animalia,Insecta,Diptera,Syrphidae,Helophilus,fasciatus,Achiasmatic,Male,XY,12
Animalia|Insecta|Diptera|Syrphidae|Helophilus|hochstetteri,Animalia,Insecta,Diptera,Syrphidae,Helophilus,hochstetteri,Achiasmatic,Male,XY,12
Animalia|Insecta|Diptera|Syrphidae|Helophilus|hybridus,Animalia,Insecta,Diptera,Syrphidae,Helophilus,hybridus,Achiasmatic,Male,XY,12
Animalia|Insecta|Diptera|Syrphidae|Helophilus|intentus,Animalia,Insecta,Diptera,Syrphidae,Helophilus,intentus,Achiasmatic,Male,XY,12
Animalia|Insecta|Diptera|Syrphidae|Helophilus|latrifrons,Animalia,Insecta,Diptera,Syrphidae,Helophilus,latrifrons,Achiasmatic,Male,XY,12
Animalia|Insecta|Diptera|Syrphidae|Helophilus|obscurus,Animalia,Insecta,Diptera,Syrphidae,Helophilus,obscurus,Achiasmatic,Male,XY,12
Animalia|Insecta|Diptera|Syrphidae|Helophilus|pendulus,Animalia,Insecta,Diptera,Syrphidae,Helophilus,pendulus,Achiasmatic,Male,XY,12
Animalia|Insecta|Diptera|Syrphidae|Helophilus|trivittatus,Animalia,Insecta,Diptera,Syrphidae,Helophilus,trivittatus,Achiasmatic,Male,XY,12
Animalia|Insecta|Diptera|Syrphidae|Hiatomyia|plutonia,Animalia,Insecta,Diptera,Syrphidae,Hiatomyia,plutonia,Achiasmatic,Male,XY,12
Animalia|Insecta|Diptera|Syrphidae|Hiatomyia|sp.A,Animalia,Insecta,Diptera,Syrphidae,Hiatomyia,sp.A,Achiasmatic,Male,XY,12
Animalia|Insecta|Diptera|Syrphidae|Hiatomyia|sp.B,Animalia,Insecta,Diptera,Syrphidae,Hiatomyia,sp.B,Achiasmatic,Male,XY,12
Animalia|Insecta|Diptera|Syrphidae|Ischiodon|aegyptius,Animalia,Insecta,Diptera,Syrphidae,Ischiodon,aegyptius,Achiasmatic,Male,XY,8
Animalia|Insecta|Diptera|Syrphidae|Ischiodon|scutellaris,Animalia,Insecta,Diptera,Syrphidae,Ischiodon,scutellaris,Achiasmatic,Male,XY,10
Animalia|Insecta|Diptera|Syrphidae|Ischyrosyrphus|glaucius,Animalia,Insecta,Diptera,Syrphidae,Ischyrosyrphus,glaucius,Achiasmatic,Male,XY,10
Animalia|Insecta|Diptera|Syrphidae|Ischyrosyrphus|laternarius,Animalia,Insecta,Diptera,Syrphidae,Ischyrosyrphus,laternarius,Achiasmatic,Male,XY,10
Animalia|Insecta|Diptera|Syrphidae|Ischyrosyrphus|velutinus,Animalia,Insecta,Diptera,Syrphidae,Ischyrosyrphus,velutinus,Achiasmatic,Male,XY,10
Animalia|Insecta|Diptera|Syrphidae|Lejops|arquatus,Animalia,Insecta,Diptera,Syrphidae,Lejops,arquatus,Achiasmatic,Male,XY,12
Animalia|Insecta|Diptera|Syrphidae|Lejops|hamatus,Animalia,Insecta,Diptera,Syrphidae,Lejops,hamatus,Achiasmatic,Male,NA,10
Animalia|Insecta|Diptera|Syrphidae|Lejops|lineatus,Animalia,Insecta,Diptera,Syrphidae,Lejops,lineatus,Achiasmatic,Male,XY,12
Animalia|Insecta|Diptera|Syrphidae|Lejops|lunulatus,Animalia,Insecta,Diptera,Syrphidae,Lejops,lunulatus,Achiasmatic,Male,XY,10
Animalia|Insecta|Diptera|Syrphidae|Lejops|mexicanus,Animalia,Insecta,Diptera,Syrphidae,Lejops,mexicanus,Achiasmatic,Male,XY,12
Animalia|Insecta|Diptera|Syrphidae|Lejops|obsoletus,Animalia,Insecta,Diptera,Syrphidae,Lejops,obsoletus,Achiasmatic,Male,XY,14
Animalia|Insecta|Diptera|Syrphidae|Lejops|relictus,Animalia,Insecta,Diptera,Syrphidae,Lejops,relictus,Achiasmatic,Male,XY,10
Animalia|Insecta|Diptera|Syrphidae|Lejops|rex,Animalia,Insecta,Diptera,Syrphidae,Lejops,rex,Achiasmatic,Male,XY,12
Animalia|Insecta|Diptera|Syrphidae|Lejops|sp.1,Animalia,Insecta,Diptera,Syrphidae,Lejops,sp.1,Achiasmatic,Male,XY,10
Animalia|Insecta|Diptera|Syrphidae|Lejops|stipatus,Animalia,Insecta,Diptera,Syrphidae,Lejops,stipatus,Achiasmatic,Male,XY,12
Animalia|Insecta|Diptera|Syrphidae|Lejops|transfugus,Animalia,Insecta,Diptera,Syrphidae,Lejops,transfugus,Achiasmatic,Male,XY,10
Animalia|Insecta|Diptera|Syrphidae|Lejops|versicolor,Animalia,Insecta,Diptera,Syrphidae,Lejops,versicolor,Achiasmatic,Male,XY,12
Animalia|Insecta|Diptera|Syrphidae|Lejota|cyanea,Animalia,Insecta,Diptera,Syrphidae,Lejota,cyanea,Achiasmatic,Male,XY,12
Animalia|Insecta|Diptera|Syrphidae|Leucozona|lucorum,Animalia,Insecta,Diptera,Syrphidae,Leucozona,lucorum,Achiasmatic,Male,XY,10
Animalia|Insecta|Diptera|Syrphidae|Mallota|bautias,Animalia,Insecta,Diptera,Syrphidae,Mallota,bautias,Achiasmatic,Male,NA,8
Animalia|Insecta|Diptera|Syrphidae|Mallota|cimbiciformis,Animalia,Insecta,Diptera,Syrphidae,Mallota,cimbiciformis,Achiasmatic,Male,NA,12
Animalia|Insecta|Diptera|Syrphidae|Mallota|margarita,Animalia,Insecta,Diptera,Syrphidae,Mallota,margarita,Achiasmatic,Male,XY,10
Animalia|Insecta|Diptera|Syrphidae|Mallota|posticata,Animalia,Insecta,Diptera,Syrphidae,Mallota,posticata,Achiasmatic,Male,XY,12
Animalia|Insecta|Diptera|Syrphidae|Mallota|sp.,Animalia,Insecta,Diptera,Syrphidae,Mallota,sp.,Achiasmatic,Male,NA,8
Animalia|Insecta|Diptera|Syrphidae|Mallota|takasagoensis,Animalia,Insecta,Diptera,Syrphidae,Mallota,takasagoensis,Achiasmatic,Male,XY,12
Animalia|Insecta|Diptera|Syrphidae|Megasyrphus|annulipes,Animalia,Insecta,Diptera,Syrphidae,Megasyrphus,annulipes,Achiasmatic,Male,XY,10
Animalia|Insecta|Diptera|Syrphidae|Megasyrphus|laxus,Animalia,Insecta,Diptera,Syrphidae,Megasyrphus,laxus,Achiasmatic,Male,XY,10
Animalia|Insecta|Diptera|Syrphidae|Melangyna|cincta,Animalia,Insecta,Diptera,Syrphidae,Melangyna,cincta,Achiasmatic,Male,XY,10
Animalia|Insecta|Diptera|Syrphidae|Melangyna|compositarum,Animalia,Insecta,Diptera,Syrphidae,Melangyna,compositarum,Achiasmatic,Male,XY,10
Animalia|Insecta|Diptera|Syrphidae|Melangyna|garretti,Animalia,Insecta,Diptera,Syrphidae,Melangyna,garretti,Achiasmatic,Male,XY,10
Animalia|Insecta|Diptera|Syrphidae|Melangyna|guttata,Animalia,Insecta,Diptera,Syrphidae,Melangyna,guttata,Achiasmatic,Male,XY,10
Animalia|Insecta|Diptera|Syrphidae|Melangyna|labiatarum,Animalia,Insecta,Diptera,Syrphidae,Melangyna,labiatarum,Achiasmatic,Male,XY,10
Animalia|Insecta|Diptera|Syrphidae|Melangyna|lasiophthalma,Animalia,Insecta,Diptera,Syrphidae,Melangyna,lasiophthalma,Achiasmatic,Male,XY,10
Animalia|Insecta|Diptera|Syrphidae|Melangyna|mentalis,Animalia,Insecta,Diptera,Syrphidae,Melangyna,mentalis,Achiasmatic,Male,XY,10
Animalia|Insecta|Diptera|Syrphidae|Melangyna|novaezelandiae,Animalia,Insecta,Diptera,Syrphidae,Melangyna,novaezelandiae,Achiasmatic,Male,XY,8
Animalia|Insecta|Diptera|Syrphidae|Melangyna|pullula,Animalia,Insecta,Diptera,Syrphidae,Melangyna,pullula,Achiasmatic,Male,XY,10
Animalia|Insecta|Diptera|Syrphidae|Melangyna|s.DA,Animalia,Insecta,Diptera,Syrphidae,Melangyna,s.DA,Achiasmatic,Male,XY,8
Animalia|Insecta|Diptera|Syrphidae|Melangyna|sp.1,Animalia,Insecta,Diptera,Syrphidae,Melangyna,sp.1,Achiasmatic,Male,XY,10
Animalia|Insecta|Diptera|Syrphidae|Melangyna|sp.3,Animalia,Insecta,Diptera,Syrphidae,Melangyna,sp.3,Achiasmatic,Male,XY,10
Animalia|Insecta|Diptera|Syrphidae|Melangyna|sp.A,Animalia,Insecta,Diptera,Syrphidae,Melangyna,sp.A,Achiasmatic,Male,XY,10
Animalia|Insecta|Diptera|Syrphidae|Melangyna|sp.AA,Animalia,Insecta,Diptera,Syrphidae,Melangyna,sp.AA,Achiasmatic,Male,XY,8
Animalia|Insecta|Diptera|Syrphidae|Melangyna|sp.BA,Animalia,Insecta,Diptera,Syrphidae,Melangyna,sp.BA,Achiasmatic,Male,NA,8
Animalia|Insecta|Diptera|Syrphidae|Melangyna|sp.C,Animalia,Insecta,Diptera,Syrphidae,Melangyna,sp.C,Achiasmatic,Male,NA,8
Animalia|Insecta|Diptera|Syrphidae|Melangyna|sp.CA,Animalia,Insecta,Diptera,Syrphidae,Melangyna,sp.CA,Achiasmatic,Male,XY,8
Animalia|Insecta|Diptera|Syrphidae|Melangyna|tenuis,Animalia,Insecta,Diptera,Syrphidae,Melangyna,tenuis,Achiasmatic,Male,XY,10
Animalia|Insecta|Diptera|Syrphidae|Melangyna|umbellatarum,Animalia,Insecta,Diptera,Syrphidae,Melangyna,umbellatarum,Achiasmatic,Male,XY,10
Animalia|Insecta|Diptera|Syrphidae|Melanostoma|angustatum,Animalia,Insecta,Diptera,Syrphidae,Melanostoma,angustatum,Achiasmatic,Male,XY,8
Animalia|Insecta|Diptera|Syrphidae|Melanostoma|annulipes,Animalia,Insecta,Diptera,Syrphidae,Melanostoma,annulipes,Achiasmatic,Male,XY,8
Animalia|Insecta|Diptera|Syrphidae|Melanostoma|apicale,Animalia,Insecta,Diptera,Syrphidae,Melanostoma,apicale,Achiasmatic,Male,XY,8
Animalia|Insecta|Diptera|Syrphidae|Melanostoma|bituberculatum,Animalia,Insecta,Diptera,Syrphidae,Melanostoma,bituberculatum,Achiasmatic,Male,XY,10
Animalia|Insecta|Diptera|Syrphidae|Melanostoma|diffusum,Animalia,Insecta,Diptera,Syrphidae,Melanostoma,diffusum,Achiasmatic,Male,XY,8
Animalia|Insecta|Diptera|Syrphidae|Melanostoma|dubium,Animalia,Insecta,Diptera,Syrphidae,Melanostoma,dubium,Achiasmatic,Male,XY,8
Animalia|Insecta|Diptera|Syrphidae|Melanostoma|fasciatum,Animalia,Insecta,Diptera,Syrphidae,Melanostoma,fasciatum,Achiasmatic,Male,XY,8
Animalia|Insecta|Diptera|Syrphidae|Melanostoma|gymnocera,Animalia,Insecta,Diptera,Syrphidae,Melanostoma,gymnocera,Achiasmatic,Male,XY,8
Animalia|Insecta|Diptera|Syrphidae|Melanostoma|infuscatum,Animalia,Insecta,Diptera,Syrphidae,Melanostoma,infuscatum,Achiasmatic,Male,XY,8
Animalia|Insecta|Diptera|Syrphidae|Melanostoma|melanderi,Animalia,Insecta,Diptera,Syrphidae,Melanostoma,melanderi,Achiasmatic,Male,XY,8
Animalia|Insecta|Diptera|Syrphidae|Melanostoma|mellinum,Animalia,Insecta,Diptera,Syrphidae,Melanostoma,mellinum,Achiasmatic,Male,XY,8
Animalia|Insecta|Diptera|Syrphidae|Melanostoma|montivagum,Animalia,Insecta,Diptera,Syrphidae,Melanostoma,montivagum,Achiasmatic,Male,XY,8
Animalia|Insecta|Diptera|Syrphidae|Melanostoma|pictipes,Animalia,Insecta,Diptera,Syrphidae,Melanostoma,pictipes,Achiasmatic,Male,XY,8
Animalia|Insecta|Diptera|Syrphidae|Melanostoma|scalare,Animalia,Insecta,Diptera,Syrphidae,Melanostoma,scalare,Achiasmatic,Male,XY,8
Animalia|Insecta|Diptera|Syrphidae|Melanostoma|sp.10,Animalia,Insecta,Diptera,Syrphidae,Melanostoma,sp.10,Achiasmatic,Male,XY,8
Animalia|Insecta|Diptera|Syrphidae|Melanostoma|sp.3,Animalia,Insecta,Diptera,Syrphidae,Melanostoma,sp.3,Achiasmatic,Male,XY,8
Animalia|Insecta|Diptera|Syrphidae|Melanostoma|sp.7,Animalia,Insecta,Diptera,Syrphidae,Melanostoma,sp.7,Achiasmatic,Male,XY,8
Animalia|Insecta|Diptera|Syrphidae|Melanostoma|sp.A,Animalia,Insecta,Diptera,Syrphidae,Melanostoma,sp.A,Achiasmatic,Male,XY,8
Animalia|Insecta|Diptera|Syrphidae|Melanostoma|univittatum,Animalia,Insecta,Diptera,Syrphidae,Melanostoma,univittatum,Achiasmatic,Male,XY,8
Animalia|Insecta|Diptera|Syrphidae|Meliscaeva|auricollis,Animalia,Insecta,Diptera,Syrphidae,Meliscaeva,auricollis,Achiasmatic,Male,XY,10
Animalia|Insecta|Diptera|Syrphidae|Meliscaeva|cinctella,Animalia,Insecta,Diptera,Syrphidae,Meliscaeva,cinctella,Achiasmatic,Male,XY,10
Animalia|Insecta|Diptera|Syrphidae|Meliscaeva|sp,Animalia,Insecta,Diptera,Syrphidae,Meliscaeva,sp,Achiasmatic,Male,XY,10
Animalia|Insecta|Diptera|Syrphidae|Meliscaeva|sp.A,Animalia,Insecta,Diptera,Syrphidae,Meliscaeva,sp.A,Achiasmatic,Male,XY,10
Animalia|Insecta|Diptera|Syrphidae|Merodon|aeneus,Animalia,Insecta,Diptera,Syrphidae,Merodon,aeneus,Achiasmatic,Male,XY,12
Animalia|Insecta|Diptera|Syrphidae|Merodon|avidus,Animalia,Insecta,Diptera,Syrphidae,Merodon,avidus,Achiasmatic,Male,XY,12
Animalia|Insecta|Diptera|Syrphidae|Merodon|clavipes,Animalia,Insecta,Diptera,Syrphidae,Merodon,clavipes,Achiasmatic,Male,XY,12
Animalia|Insecta|Diptera|Syrphidae|Merodon|equestris,Animalia,Insecta,Diptera,Syrphidae,Merodon,equestris,Achiasmatic,Male,XY,12
Animalia|Insecta|Diptera|Syrphidae|Merodon|funestus,Animalia,Insecta,Diptera,Syrphidae,Merodon,funestus,Achiasmatic,Male,XY,12
Animalia|Insecta|Diptera|Syrphidae|Merodon|pruni,Animalia,Insecta,Diptera,Syrphidae,Merodon,pruni,Achiasmatic,Male,XY,12
Animalia|Insecta|Diptera|Syrphidae|Mesembrius|bengalensis,Animalia,Insecta,Diptera,Syrphidae,Mesembrius,bengalensis,Achiasmatic,Male,XY,10
Animalia|Insecta|Diptera|Syrphidae|Mesembrius|cteniferus,Animalia,Insecta,Diptera,Syrphidae,Mesembrius,cteniferus,Achiasmatic,Male,XY,10
Animalia|Insecta|Diptera|Syrphidae|Mesembrius|formosanus,Animalia,Insecta,Diptera,Syrphidae,Mesembrius,formosanus,Achiasmatic,Male,NA,10
Animalia|Insecta|Diptera|Syrphidae|Mesembrius|madagascariensis,Animalia,Insecta,Diptera,Syrphidae,Mesembrius,madagascariensis,Achiasmatic,Male,XY,10
Animalia|Insecta|Diptera|Syrphidae|Mesembrius|niveiceps,Animalia,Insecta,Diptera,Syrphidae,Mesembrius,niveiceps,Achiasmatic,Male,NA,10
Animalia|Insecta|Diptera|Syrphidae|Mesembrius|peregrinus,Animalia,Insecta,Diptera,Syrphidae,Mesembrius,peregrinus,Achiasmatic,Male,XY,12
Animalia|Insecta|Diptera|Syrphidae|Mesembrius|platytarsus,Animalia,Insecta,Diptera,Syrphidae,Mesembrius,platytarsus,Achiasmatic,Male,XY,10
Animalia|Insecta|Diptera|Syrphidae|Mesembrius|simplicipes,Animalia,Insecta,Diptera,Syrphidae,Mesembrius,simplicipes,Achiasmatic,Male,XY,10
Animalia|Insecta|Diptera|Syrphidae|Metasyrphus|aberrantis,Animalia,Insecta,Diptera,Syrphidae,Metasyrphus,aberrantis,Achiasmatic,Male,XY,8
Animalia|Insecta|Diptera|Syrphidae|Metasyrphus|americanus,Animalia,Insecta,Diptera,Syrphidae,Metasyrphus,americanus,Achiasmatic,Male,XY,8
Animalia|Insecta|Diptera|Syrphidae|Metasyrphus|astutus,Animalia,Insecta,Diptera,Syrphidae,Metasyrphus,astutus,Achiasmatic,Male,XY,8
Animalia|Insecta|Diptera|Syrphidae|Metasyrphus|braueri,Animalia,Insecta,Diptera,Syrphidae,Metasyrphus,braueri,Achiasmatic,Male,XY,8
Animalia|Insecta|Diptera|Syrphidae|Metasyrphus|canadensis,Animalia,Insecta,Diptera,Syrphidae,Metasyrphus,canadensis,Achiasmatic,Male,XY,8
Animalia|Insecta|Diptera|Syrphidae|Metasyrphus|corollae,Animalia,Insecta,Diptera,Syrphidae,Metasyrphus,corollae,Achiasmatic,Male,XY,8
Animalia|Insecta|Diptera|Syrphidae|Metasyrphus|curtus,Animalia,Insecta,Diptera,Syrphidae,Metasyrphus,curtus,Achiasmatic,Male,XY,8
Animalia|Insecta|Diptera|Syrphidae|Metasyrphus|depressus,Animalia,Insecta,Diptera,Syrphidae,Metasyrphus,depressus,Achiasmatic,Male,XY,8
Animalia|Insecta|Diptera|Syrphidae|Metasyrphus|lapponicus,Animalia,Insecta,Diptera,Syrphidae,Metasyrphus,lapponicus,Achiasmatic,Male,XY,10
Animalia|Insecta|Diptera|Syrphidae|Metasyrphus|latifasciatus,Animalia,Insecta,Diptera,Syrphidae,Metasyrphus,latifasciatus,Achiasmatic,Male,XY,8
Animalia|Insecta|Diptera|Syrphidae|Metasyrphus|lundbecki,Animalia,Insecta,Diptera,Syrphidae,Metasyrphus,lundbecki,Achiasmatic,Male,XY,8
Animalia|Insecta|Diptera|Syrphidae|Metasyrphus|luniger,Animalia,Insecta,Diptera,Syrphidae,Metasyrphus,luniger,Achiasmatic,Male,XY,8
Animalia|Insecta|Diptera|Syrphidae|Metasyrphus|n.sp.1,Animalia,Insecta,Diptera,Syrphidae,Metasyrphus,n.sp.1,Achiasmatic,Male,XY,8
Animalia|Insecta|Diptera|Syrphidae|Metasyrphus|n.sp.2,Animalia,Insecta,Diptera,Syrphidae,Metasyrphus,n.sp.2,Achiasmatic,Male,XY,8
Animalia|Insecta|Diptera|Syrphidae|Metasyrphus|perplexus,Animalia,Insecta,Diptera,Syrphidae,Metasyrphus,perplexus,Achiasmatic,Male,XY,8
Animalia|Insecta|Diptera|Syrphidae|Metasyrphus|snowi,Animalia,Insecta,Diptera,Syrphidae,Metasyrphus,snowi,Achiasmatic,Male,XY,8
Animalia|Insecta|Diptera|Syrphidae|Metasyrphus|sp.A,Animalia,Insecta,Diptera,Syrphidae,Metasyrphus,sp.A,Achiasmatic,Male,XY,8
Animalia|Insecta|Diptera|Syrphidae|Metasyrphus|sp.B,Animalia,Insecta,Diptera,Syrphidae,Metasyrphus,sp.B,Achiasmatic,Male,XY,8
Animalia|Insecta|Diptera|Syrphidae|Metasyrphus|sp.C,Animalia,Insecta,Diptera,Syrphidae,Metasyrphus,sp.C,Achiasmatic,Male,XY,8
Animalia|Insecta|Diptera|Syrphidae|Metasyrphus|wiedemanni,Animalia,Insecta,Diptera,Syrphidae,Metasyrphus,wiedemanni,Achiasmatic,Male,XY,8
Animalia|Insecta|Diptera|Syrphidae|Microdon|brachycerus,Animalia,Insecta,Diptera,Syrphidae,Microdon,brachycerus,Achiasmatic,Male,NA,14
Animalia|Insecta|Diptera|Syrphidae|Microdon|fulgens,Animalia,Insecta,Diptera,Syrphidae,Microdon,fulgens,Achiasmatic,Male,XY,14
Animalia|Insecta|Diptera|Syrphidae|Microdon|piperi,Animalia,Insecta,Diptera,Syrphidae,Microdon,piperi,Achiasmatic,Male,NA,14
Animalia|Insecta|Diptera|Syrphidae|Microdon|violaceus,Animalia,Insecta,Diptera,Syrphidae,Microdon,violaceus,Achiasmatic,Male,XY,14
Animalia|Insecta|Diptera|Syrphidae|Milesia|undulata,Animalia,Insecta,Diptera,Syrphidae,Milesia,undulata,Achiasmatic,Male,XY,12
Animalia|Insecta|Diptera|Syrphidae|Milesia|virginiensis,Animalia,Insecta,Diptera,Syrphidae,Milesia,virginiensis,Achiasmatic,Male,XY,12
Animalia|Insecta|Diptera|Syrphidae|Myathropa|florea,Animalia,Insecta,Diptera,Syrphidae,Myathropa,florea,Achiasmatic,Male,XY,10
Animalia|Insecta|Diptera|Syrphidae|Myolepta|luctuosa,Animalia,Insecta,Diptera,Syrphidae,Myolepta,luctuosa,Achiasmatic,Male,XY,10
Animalia|Insecta|Diptera|Syrphidae|Myolepta|luteola,Animalia,Insecta,Diptera,Syrphidae,Myolepta,luteola,Achiasmatic,Male,XY,10
Animalia|Insecta|Diptera|Syrphidae|Myolepta|pretiosa,Animalia,Insecta,Diptera,Syrphidae,Myolepta,pretiosa,Achiasmatic,Male,XY,10
Animalia|Insecta|Diptera|Syrphidae|Myolepta|ruficornis,Animalia,Insecta,Diptera,Syrphidae,Myolepta,ruficornis,Achiasmatic,Male,NA,10
Animalia|Insecta|Diptera|Syrphidae|Myolepta|strigilata,Animalia,Insecta,Diptera,Syrphidae,Myolepta,strigilata,Achiasmatic,Male,XY,10
Animalia|Insecta|Diptera|Syrphidae|Nausigaster|punctulata,Animalia,Insecta,Diptera,Syrphidae,Nausigaster,punctulata,Achiasmatic,Male,NA,8
Animalia|Insecta|Diptera|Syrphidae|Neoascia|dispar,Animalia,Insecta,Diptera,Syrphidae,Neoascia,dispar,Achiasmatic,Male,XY,8
Animalia|Insecta|Diptera|Syrphidae|Neoascia|floralis,Animalia,Insecta,Diptera,Syrphidae,Neoascia,floralis,Achiasmatic,Male,XY,8
Animalia|Insecta|Diptera|Syrphidae|Neoascia|geniculata,Animalia,Insecta,Diptera,Syrphidae,Neoascia,geniculata,Achiasmatic,Male,XY,8
Animalia|Insecta|Diptera|Syrphidae|Neoascia|globosa,Animalia,Insecta,Diptera,Syrphidae,Neoascia,globosa,Achiasmatic,Male,XY,8
Animalia|Insecta|Diptera|Syrphidae|Neoascia|metallica,Animalia,Insecta,Diptera,Syrphidae,Neoascia,metallica,Achiasmatic,Male,NA,8
Animalia|Insecta|Diptera|Syrphidae|Neoascia|podagrica,Animalia,Insecta,Diptera,Syrphidae,Neoascia,podagrica,Achiasmatic,Male,NA,8
Animalia|Insecta|Diptera|Syrphidae|Neoascia|sp.,Animalia,Insecta,Diptera,Syrphidae,Neoascia,sp.,Achiasmatic,Male,NA,8
Animalia|Insecta|Diptera|Syrphidae|Neoascia|sphaerophoria,Animalia,Insecta,Diptera,Syrphidae,Neoascia,sphaerophoria,Achiasmatic,Male,XY,8
Animalia|Insecta|Diptera|Syrphidae|Neocnemodon|calcaratus,Animalia,Insecta,Diptera,Syrphidae,Neocnemodon,calcaratus,Achiasmatic,Male,XY,8
Animalia|Insecta|Diptera|Syrphidae|Neocnemodon|latitarsus,Animalia,Insecta,Diptera,Syrphidae,Neocnemodon,latitarsus,Achiasmatic,Male,XY,8
Animalia|Insecta|Diptera|Syrphidae|Neocnemodon|rita,Animalia,Insecta,Diptera,Syrphidae,Neocnemodon,rita,Achiasmatic,Male,XY,8
Animalia|Insecta|Diptera|Syrphidae|Neocnemodon|sp.1,Animalia,Insecta,Diptera,Syrphidae,Neocnemodon,sp.1,Achiasmatic,Male,XY,8
Animalia|Insecta|Diptera|Syrphidae|Neocnemodon|sp.4,Animalia,Insecta,Diptera,Syrphidae,Neocnemodon,sp.4,Achiasmatic,Male,XY,8
Animalia|Insecta|Diptera|Syrphidae|Neocnemodon|sp.A,Animalia,Insecta,Diptera,Syrphidae,Neocnemodon,sp.A,Achiasmatic,Male,XY,8
Animalia|Insecta|Diptera|Syrphidae|Neocnemodon|sp.B,Animalia,Insecta,Diptera,Syrphidae,Neocnemodon,sp.B,Achiasmatic,Male,XY,8
Animalia|Insecta|Diptera|Syrphidae|Neocnemodon|sp.C,Animalia,Insecta,Diptera,Syrphidae,Neocnemodon,sp.C,Achiasmatic,Male,XY,8
Animalia|Insecta|Diptera|Syrphidae|Neocnemodon|vitripennis,Animalia,Insecta,Diptera,Syrphidae,Neocnemodon,vitripennis,Achiasmatic,Male,XY,8
Animalia|Insecta|Diptera|Syrphidae|NewGenus1|sinuata,Animalia,Insecta,Diptera,Syrphidae,NewGenus1,sinuata,Achiasmatic,Male,XY,12
Animalia|Insecta|Diptera|Syrphidae|NewGenus1|sp.1,Animalia,Insecta,Diptera,Syrphidae,NewGenus1,sp.1,Achiasmatic,Male,NA,12
Animalia|Insecta|Diptera|Syrphidae|NewGenus1|sp.5,Animalia,Insecta,Diptera,Syrphidae,NewGenus1,sp.5,Achiasmatic,Male,XY,12
Animalia|Insecta|Diptera|Syrphidae|Ornidia|obesa,Animalia,Insecta,Diptera,Syrphidae,Ornidia,obesa,Achiasmatic,Male,XY,12
Animalia|Insecta|Diptera|Syrphidae|Orphnabaccha|coerulea,Animalia,Insecta,Diptera,Syrphidae,Orphnabaccha,coerulea,Achiasmatic,Male,XY,8
Animalia|Insecta|Diptera|Syrphidae|Orphnabaccha|decipiens,Animalia,Insecta,Diptera,Syrphidae,Orphnabaccha,decipiens,Achiasmatic,Male,XY,8
Animalia|Insecta|Diptera|Syrphidae|Orphnabaccha|sp.,Animalia,Insecta,Diptera,Syrphidae,Orphnabaccha,sp.,Achiasmatic,Male,XY,10
Animalia|Insecta|Diptera|Syrphidae|Orphnabaccha|sp.2,Animalia,Insecta,Diptera,Syrphidae,Orphnabaccha,sp.2,Achiasmatic,Male,XY,10
Animalia|Insecta|Diptera|Syrphidae|Orphnabaccha|sp.5,Animalia,Insecta,Diptera,Syrphidae,Orphnabaccha,sp.5,Achiasmatic,Male,XY,8
Animalia|Insecta|Diptera|Syrphidae|Orthoprosopa|grisea,Animalia,Insecta,Diptera,Syrphidae,Orthoprosopa,grisea,Achiasmatic,Male,NA,12
Animalia|Insecta|Diptera|Syrphidae|Palpada|agrorum,Animalia,Insecta,Diptera,Syrphidae,Palpada,agrorum,Achiasmatic,Male,XY,8
Animalia|Insecta|Diptera|Syrphidae|Palpada|albifrons,Animalia,Insecta,Diptera,Syrphidae,Palpada,albifrons,Achiasmatic,Male,XY,12
Animalia|Insecta|Diptera|Syrphidae|Palpada|conica,Animalia,Insecta,Diptera,Syrphidae,Palpada,conica,Achiasmatic,Male,XY,12
Animalia|Insecta|Diptera|Syrphidae|Palpada|distinguenda,Animalia,Insecta,Diptera,Syrphidae,Palpada,distinguenda,Achiasmatic,Male,XY,10
Animalia|Insecta|Diptera|Syrphidae|Palpada|elegans,Animalia,Insecta,Diptera,Syrphidae,Palpada,elegans,Achiasmatic,Male,XY,8
Animalia|Insecta|Diptera|Syrphidae|Palpada|fasciata,Animalia,Insecta,Diptera,Syrphidae,Palpada,fasciata,Achiasmatic,Male,XY,10
Animalia|Insecta|Diptera|Syrphidae|Palpada|furcata,Animalia,Insecta,Diptera,Syrphidae,Palpada,furcata,Achiasmatic,Male,XY,12
Animalia|Insecta|Diptera|Syrphidae|Palpada|lateralis,Animalia,Insecta,Diptera,Syrphidae,Palpada,lateralis,Achiasmatic,Male,XY,12
Animalia|Insecta|Diptera|Syrphidae|Palpada|meigenii,Animalia,Insecta,Diptera,Syrphidae,Palpada,meigenii,Achiasmatic,Male,XY,10
Animalia|Insecta|Diptera|Syrphidae|Palpada|melanaspis,Animalia,Insecta,Diptera,Syrphidae,Palpada,melanaspis,Achiasmatic,Male,XY,12
Animalia|Insecta|Diptera|Syrphidae|Palpada|obsoleta,Animalia,Insecta,Diptera,Syrphidae,Palpada,obsoleta,Achiasmatic,Male,XY,12
Animalia|Insecta|Diptera|Syrphidae|Palpada|pusilla,Animalia,Insecta,Diptera,Syrphidae,Palpada,pusilla,Achiasmatic,Male,NA,10
Animalia|Insecta|Diptera|Syrphidae|Palpada|rufiventris,Animalia,Insecta,Diptera,Syrphidae,Palpada,rufiventris,Achiasmatic,Male,XY,12
Animalia|Insecta|Diptera|Syrphidae|Palpada|sp.12,Animalia,Insecta,Diptera,Syrphidae,Palpada,sp.12,Achiasmatic,Male,XY,8
Animalia|Insecta|Diptera|Syrphidae|Palpada|sp.16,Animalia,Insecta,Diptera,Syrphidae,Palpada,sp.16,Achiasmatic,Male,XY,12
Animalia|Insecta|Diptera|Syrphidae|Palpada|sp.17,Animalia,Insecta,Diptera,Syrphidae,Palpada,sp.17,Achiasmatic,Male,NA,10
Animalia|Insecta|Diptera|Syrphidae|Palpada|testaceicornis,Animalia,Insecta,Diptera,Syrphidae,Palpada,testaceicornis,Achiasmatic,Male,XY,12
Animalia|Insecta|Diptera|Syrphidae|Palpada|urotaenia,Animalia,Insecta,Diptera,Syrphidae,Palpada,urotaenia,Achiasmatic,Male,XY,12
Animalia|Insecta|Diptera|Syrphidae|Palpada|vinetorum,Animalia,Insecta,Diptera,Syrphidae,Palpada,vinetorum,Achiasmatic,Male,XY,12
Animalia|Insecta|Diptera|Syrphidae|Paragopsis|strigalus,Animalia,Insecta,Diptera,Syrphidae,Paragopsis,strigalus,Achiasmatic,Male,XY,12
Animalia|Insecta|Diptera|Syrphidae|Paragus|albifrons,Animalia,Insecta,Diptera,Syrphidae,Paragus,albifrons,Achiasmatic,Male,XY,8
Animalia|Insecta|Diptera|Syrphidae|Paragus|azureus,Animalia,Insecta,Diptera,Syrphidae,Paragus,azureus,Achiasmatic,Male,NA,8
Animalia|Insecta|Diptera|Syrphidae|Paragus|bicolor,Animalia,Insecta,Diptera,Syrphidae,Paragus,bicolor,Achiasmatic,Male,XY,8
Animalia|Insecta|Diptera|Syrphidae|Paragus|borbonicus,Animalia,Insecta,Diptera,Syrphidae,Paragus,borbonicus,Achiasmatic,Male,XY,8
Animalia|Insecta|Diptera|Syrphidae|Paragus|crenulatus,Animalia,Insecta,Diptera,Syrphidae,Paragus,crenulatus,Achiasmatic,Male,XY,8
Animalia|Insecta|Diptera|Syrphidae|Paragus|longiventris,Animalia,Insecta,Diptera,Syrphidae,Paragus,longiventris,Achiasmatic,Male,XY,8
Animalia|Insecta|Diptera|Syrphidae|Paragus|minutus,Animalia,Insecta,Diptera,Syrphidae,Paragus,minutus,Achiasmatic,Male,XY,8
Animalia|Insecta|Diptera|Syrphidae|Paragus|naso,Animalia,Insecta,Diptera,Syrphidae,Paragus,naso,Achiasmatic,Male,XY,8
Animalia|Insecta|Diptera|Syrphidae|Paragus|politus,Animalia,Insecta,Diptera,Syrphidae,Paragus,politus,Achiasmatic,Male,XY,8
Animalia|Insecta|Diptera|Syrphidae|Paragus|quadrifasciatus,Animalia,Insecta,Diptera,Syrphidae,Paragus,quadrifasciatus,Achiasmatic,Male,XY,8
Animalia|Insecta|Diptera|Syrphidae|Paragus|sp.10,Animalia,Insecta,Diptera,Syrphidae,Paragus,sp.10,Achiasmatic,Male,XY,8
Animalia|Insecta|Diptera|Syrphidae|Paragus|sp.11,Animalia,Insecta,Diptera,Syrphidae,Paragus,sp.11,Achiasmatic,Male,XY,8
Animalia|Insecta|Diptera|Syrphidae|Paragus|sp.2,Animalia,Insecta,Diptera,Syrphidae,Paragus,sp.2,Achiasmatic,Male,XY,8
Animalia|Insecta|Diptera|Syrphidae|Paragus|sp.4,Animalia,Insecta,Diptera,Syrphidae,Paragus,sp.4,Achiasmatic,Male,XY,8
Animalia|Insecta|Diptera|Syrphidae|Paragus|sp.5,Animalia,Insecta,Diptera,Syrphidae,Paragus,sp.5,Achiasmatic,Male,XY,8
Animalia|Insecta|Diptera|Syrphidae|Paragus|sp.6,Animalia,Insecta,Diptera,Syrphidae,Paragus,sp.6,Achiasmatic,Male,XY,8
Animalia|Insecta|Diptera|Syrphidae|Paragus|sp.7,Animalia,Insecta,Diptera,Syrphidae,Paragus,sp.7,Achiasmatic,Male,XY,8
Animalia|Insecta|Diptera|Syrphidae|Paragus|sp.8,Animalia,Insecta,Diptera,Syrphidae,Paragus,sp.8,Achiasmatic,Male,XY,8
Animalia|Insecta|Diptera|Syrphidae|Paragus|sp.9,Animalia,Insecta,Diptera,Syrphidae,Paragus,sp.9,Achiasmatic,Male,XY,8
Animalia|Insecta|Diptera|Syrphidae|Paragus|sp.A,Animalia,Insecta,Diptera,Syrphidae,Paragus,sp.A,Achiasmatic,Male,XY,8
Animalia|Insecta|Diptera|Syrphidae|Paragus|sp.B,Animalia,Insecta,Diptera,Syrphidae,Paragus,sp.B,Achiasmatic,Male,XY,8
Animalia|Insecta|Diptera|Syrphidae|Paragus|tibialis,Animalia,Insecta,Diptera,Syrphidae,Paragus,tibialis,Achiasmatic,Male,XY,8
Animalia|Insecta|Diptera|Syrphidae|Parapenium|sp.1,Animalia,Insecta,Diptera,Syrphidae,Parapenium,sp.1,Achiasmatic,Male,XY,10
Animalia|Insecta|Diptera|Syrphidae|Parapenium|sp.2,Animalia,Insecta,Diptera,Syrphidae,Parapenium,sp.2,Achiasmatic,Male,XY,12
Animalia|Insecta|Diptera|Syrphidae|Parhelophilus|consimilis,Animalia,Insecta,Diptera,Syrphidae,Parhelophilus,consimilis,Achiasmatic,Male,XY,12
Animalia|Insecta|Diptera|Syrphidae|Parhelophilus|frutetorum,Animalia,Insecta,Diptera,Syrphidae,Parhelophilus,frutetorum,Achiasmatic,Male,XY,12
Animalia|Insecta|Diptera|Syrphidae|Parhelophilus|integer,Animalia,Insecta,Diptera,Syrphidae,Parhelophilus,integer,Achiasmatic,Male,XY,12
Animalia|Insecta|Diptera|Syrphidae|Parhelophilus|obsoletus,Animalia,Insecta,Diptera,Syrphidae,Parhelophilus,obsoletus,Achiasmatic,Male,XY,12
Animalia|Insecta|Diptera|Syrphidae|Parhelophilus|rex,Animalia,Insecta,Diptera,Syrphidae,Parhelophilus,rex,Achiasmatic,Male,XY,12
Animalia|Insecta|Diptera|Syrphidae|Parhelophilus|versicolor,Animalia,Insecta,Diptera,Syrphidae,Parhelophilus,versicolor,Achiasmatic,Male,XY,12
Animalia|Insecta|Diptera|Syrphidae|Phalacrodira|annulata,Animalia,Insecta,Diptera,Syrphidae,Phalacrodira,annulata,Achiasmatic,Male,XY,8
Animalia|Insecta|Diptera|Syrphidae|Phalacrodira|rectoides,Animalia,Insecta,Diptera,Syrphidae,Phalacrodira,rectoides,Achiasmatic,Male,XY,8
Animalia|Insecta|Diptera|Syrphidae|Phalacrodira|sp.1,Animalia,Insecta,Diptera,Syrphidae,Phalacrodira,sp.1,Achiasmatic,Male,XY,10
Animalia|Insecta|Diptera|Syrphidae|Phalacrodira|vittiger,Animalia,Insecta,Diptera,Syrphidae,Phalacrodira,vittiger,Achiasmatic,Male,XY,8
Animalia|Insecta|Diptera|Syrphidae|Phytomia|errans,Animalia,Insecta,Diptera,Syrphidae,Phytomia,errans,Achiasmatic,Male,XY,12
Animalia|Insecta|Diptera|Syrphidae|Phytomia|erratica,Animalia,Insecta,Diptera,Syrphidae,Phytomia,erratica,Achiasmatic,Male,XY,12
Animalia|Insecta|Diptera|Syrphidae|Phytomia|fronto,Animalia,Insecta,Diptera,Syrphidae,Phytomia,fronto,Achiasmatic,Male,NA,12
Animalia|Insecta|Diptera|Syrphidae|Phytomia|incisa,Animalia,Insecta,Diptera,Syrphidae,Phytomia,incisa,Achiasmatic,Male,XY,12
Animalia|Insecta|Diptera|Syrphidae|Phytomia|zonata,Animalia,Insecta,Diptera,Syrphidae,Phytomia,zonata,Achiasmatic,Male,XY,12
Animalia|Insecta|Diptera|Syrphidae|Pipiza|femoralis,Animalia,Insecta,Diptera,Syrphidae,Pipiza,femoralis,Achiasmatic,Male,XY,8
Animalia|Insecta|Diptera|Syrphidae|Pipiza|festiva,Animalia,Insecta,Diptera,Syrphidae,Pipiza,festiva,Achiasmatic,Male,XY,8
Animalia|Insecta|Diptera|Syrphidae|Pipiza|lugubris,Animalia,Insecta,Diptera,Syrphidae,Pipiza,lugubris,Achiasmatic,Male,XY,8
Animalia|Insecta|Diptera|Syrphidae|Pipiza|macrofemoralis,Animalia,Insecta,Diptera,Syrphidae,Pipiza,macrofemoralis,Achiasmatic,Male,XY,8
Animalia|Insecta|Diptera|Syrphidae|Pipiza|nigripilosa,Animalia,Insecta,Diptera,Syrphidae,Pipiza,nigripilosa,Achiasmatic,Male,XY,8
Animalia|Insecta|Diptera|Syrphidae|Pipiza|noctiluca,Animalia,Insecta,Diptera,Syrphidae,Pipiza,noctiluca,Achiasmatic,Male,XY,8
Animalia|Insecta|Diptera|Syrphidae|Pipiza|quadrimaculata,Animalia,Insecta,Diptera,Syrphidae,Pipiza,quadrimaculata,Achiasmatic,Male,XY,8
Animalia|Insecta|Diptera|Syrphidae|Pipiza|sp.,Animalia,Insecta,Diptera,Syrphidae,Pipiza,sp.,Achiasmatic,Male,XY,8
Animalia|Insecta|Diptera|Syrphidae|Pipiza|sp.1,Animalia,Insecta,Diptera,Syrphidae,Pipiza,sp.1,Achiasmatic,Male,XY,8
Animalia|Insecta|Diptera|Syrphidae|Pipiza|sp.A,Animalia,Insecta,Diptera,Syrphidae,Pipiza,sp.A,Achiasmatic,Male,XY,8
Animalia|Insecta|Diptera|Syrphidae|Pipiza|sp.X,Animalia,Insecta,Diptera,Syrphidae,Pipiza,sp.X,Achiasmatic,Male,XY,8
Animalia|Insecta|Diptera|Syrphidae|Pipizella|sp.,Animalia,Insecta,Diptera,Syrphidae,Pipizella,sp.,Achiasmatic,Male,XY,8
Animalia|Insecta|Diptera|Syrphidae|Pipizella|varipes,Animalia,Insecta,Diptera,Syrphidae,Pipizella,varipes,Achiasmatic,Male,XY,8
Animalia|Insecta|Diptera|Syrphidae|Pipizella|virens,Animalia,Insecta,Diptera,Syrphidae,Pipizella,virens,Achiasmatic,Male,XY,8
Animalia|Insecta|Diptera|Syrphidae|Platycheirus|albimanus,Animalia,Insecta,Diptera,Syrphidae,Platycheirus,albimanus,Achiasmatic,Male,XY,8
Animalia|Insecta|Diptera|Syrphidae|Platycheirus|angustatus,Animalia,Insecta,Diptera,Syrphidae,Platycheirus,angustatus,Achiasmatic,Male,XY,8
Animalia|Insecta|Diptera|Syrphidae|Platycheirus|clypeatus,Animalia,Insecta,Diptera,Syrphidae,Platycheirus,clypeatus,Achiasmatic,Male,XY,8
Animalia|Insecta|Diptera|Syrphidae|Platycheirus|fulviventris,Animalia,Insecta,Diptera,Syrphidae,Platycheirus,fulviventris,Achiasmatic,Male,XY,8
Animalia|Insecta|Diptera|Syrphidae|Platycheirus|manicatus,Animalia,Insecta,Diptera,Syrphidae,Platycheirus,manicatus,Achiasmatic,Male,XY,8
Animalia|Insecta|Diptera|Syrphidae|Platycheirus|peltatus,Animalia,Insecta,Diptera,Syrphidae,Platycheirus,peltatus,Achiasmatic,Male,XY,8
Animalia|Insecta|Diptera|Syrphidae|Platycheirus|quadratus,Animalia,Insecta,Diptera,Syrphidae,Platycheirus,quadratus,Achiasmatic,Male,XY,8
Animalia|Insecta|Diptera|Syrphidae|Platycheirus|scambus,Animalia,Insecta,Diptera,Syrphidae,Platycheirus,scambus,Achiasmatic,Male,XY,8
Animalia|Insecta|Diptera|Syrphidae|Platycheirus|scutatus,Animalia,Insecta,Diptera,Syrphidae,Platycheirus,scutatus,Achiasmatic,Male,XY,8
Animalia|Insecta|Diptera|Syrphidae|Platycheirus|sp.nr.scambus,Animalia,Insecta,Diptera,Syrphidae,Platycheirus,sp.nr.scambus,Achiasmatic,Male,XY,8
Animalia|Insecta|Diptera|Syrphidae|Polybiomyia|arietis,Animalia,Insecta,Diptera,Syrphidae,Polybiomyia,arietis,Achiasmatic,Male,XY,12
Animalia|Insecta|Diptera|Syrphidae|Psarus|abdominalis,Animalia,Insecta,Diptera,Syrphidae,Psarus,abdominalis,Achiasmatic,Male,XY,10
Animalia|Insecta|Diptera|Syrphidae|Pseudoscaeva|sericea,Animalia,Insecta,Diptera,Syrphidae,Pseudoscaeva,sericea,Achiasmatic,Male,XY,10
Animalia|Insecta|Diptera|Syrphidae|Psilota|sp.1,Animalia,Insecta,Diptera,Syrphidae,Psilota,sp.1,Achiasmatic,Male,NA,8
Animalia|Insecta|Diptera|Syrphidae|Rhingia|austriaca,Animalia,Insecta,Diptera,Syrphidae,Rhingia,austriaca,Achiasmatic,Male,XY,12
Animalia|Insecta|Diptera|Syrphidae|Rhingia|campestris,Animalia,Insecta,Diptera,Syrphidae,Rhingia,campestris,Achiasmatic,Male,XY,10
Animalia|Insecta|Diptera|Syrphidae|Rhingia|cyanoprora,Animalia,Insecta,Diptera,Syrphidae,Rhingia,cyanoprora,Achiasmatic,Male,XY,10
Animalia|Insecta|Diptera|Syrphidae|Rhingia|nasica,Animalia,Insecta,Diptera,Syrphidae,Rhingia,nasica,Achiasmatic,Male,XY,10
Animalia|Insecta|Diptera|Syrphidae|Rhingia|rostrata,Animalia,Insecta,Diptera,Syrphidae,Rhingia,rostrata,Achiasmatic,Male,XY,12
Animalia|Insecta|Diptera|Syrphidae|Rhingia|sp.2,Animalia,Insecta,Diptera,Syrphidae,Rhingia,sp.2,Achiasmatic,Male,XY,10
Animalia|Insecta|Diptera|Syrphidae|Rhinoprosopa|nasuta,Animalia,Insecta,Diptera,Syrphidae,Rhinoprosopa,nasuta,Achiasmatic,Male,XY,10
Animalia|Insecta|Diptera|Syrphidae|Rhysops|currani,Animalia,Insecta,Diptera,Syrphidae,Rhysops,currani,Achiasmatic,Male,XY,10
Animalia|Insecta|Diptera|Syrphidae|Rhysops|neotropica,Animalia,Insecta,Diptera,Syrphidae,Rhysops,neotropica,Achiasmatic,Male,XY,14
Animalia|Insecta|Diptera|Syrphidae|Rhysops|nigrans,Animalia,Insecta,Diptera,Syrphidae,Rhysops,nigrans,Achiasmatic,Male,XY,8
Animalia|Insecta|Diptera|Syrphidae|Rhysops|sp._13_,Animalia,Insecta,Diptera,Syrphidae,Rhysops,sp._13_,Achiasmatic,Male,XY,8
Animalia|Insecta|Diptera|Syrphidae|Rhysops|sp.13,Animalia,Insecta,Diptera,Syrphidae,Rhysops,sp.13,Achiasmatic,Male,XY,8
Animalia|Insecta|Diptera|Syrphidae|Salpingogaster|limbipennis,Animalia,Insecta,Diptera,Syrphidae,Salpingogaster,limbipennis,Achiasmatic,Male,XY,10
Animalia|Insecta|Diptera|Syrphidae|Salpingogaster|nigra,Animalia,Insecta,Diptera,Syrphidae,Salpingogaster,nigra,Achiasmatic,Male,XY,8
Animalia|Insecta|Diptera|Syrphidae|Salpingogaster|sp.1,Animalia,Insecta,Diptera,Syrphidae,Salpingogaster,sp.1,Achiasmatic,Male,XY,8
Animalia|Insecta|Diptera|Syrphidae|Scaeva|albomaculata,Animalia,Insecta,Diptera,Syrphidae,Scaeva,albomaculata,Achiasmatic,Male,XY,8
Animalia|Insecta|Diptera|Syrphidae|Scaeva|melanostoma,Animalia,Insecta,Diptera,Syrphidae,Scaeva,melanostoma,Achiasmatic,Male,XY,10
Animalia|Insecta|Diptera|Syrphidae|Scaeva|occidentalis,Animalia,Insecta,Diptera,Syrphidae,Scaeva,occidentalis,Achiasmatic,Male,XY,10
Animalia|Insecta|Diptera|Syrphidae|Scaeva|pyrastri,Animalia,Insecta,Diptera,Syrphidae,Scaeva,pyrastri,Achiasmatic,Male,XY,8
Animalia|Insecta|Diptera|Syrphidae|Scaeva|selenitica,Animalia,Insecta,Diptera,Syrphidae,Scaeva,selenitica,Achiasmatic,Male,XY,8
Animalia|Insecta|Diptera|Syrphidae|Sericomyia|chacopyga,Animalia,Insecta,Diptera,Syrphidae,Sericomyia,chacopyga,Achiasmatic,Male,NA,12
Animalia|Insecta|Diptera|Syrphidae|Sericomyia|chrysotoxoides,Animalia,Insecta,Diptera,Syrphidae,Sericomyia,chrysotoxoides,Achiasmatic,Male,NA,10
Animalia|Insecta|Diptera|Syrphidae|Sericomyia|lata,Animalia,Insecta,Diptera,Syrphidae,Sericomyia,lata,Achiasmatic,Male,NA,12
Animalia|Insecta|Diptera|Syrphidae|Sericomyia|militaris,Animalia,Insecta,Diptera,Syrphidae,Sericomyia,militaris,Achiasmatic,Male,NA,12
Animalia|Insecta|Diptera|Syrphidae|Sericomyia|sp.1,Animalia,Insecta,Diptera,Syrphidae,Sericomyia,sp.1,Achiasmatic,Male,NA,10
Animalia|Insecta|Diptera|Syrphidae|Simoides|expletus,Animalia,Insecta,Diptera,Syrphidae,Simoides,expletus,Achiasmatic,Male,XY,12
Animalia|Insecta|Diptera|Syrphidae|Simosyrphus|grandicornis,Animalia,Insecta,Diptera,Syrphidae,Simosyrphus,grandicornis,Achiasmatic,Male,XY,10
Animalia|Insecta|Diptera|Syrphidae|Somula|decora,Animalia,Insecta,Diptera,Syrphidae,Somula,decora,Achiasmatic,Male,XY,12
Animalia|Insecta|Diptera|Syrphidae|Sphaerophoia|scripta,Animalia,Insecta,Diptera,Syrphidae,Sphaerophoia,scripta,Achiasmatic,Male,XY,8
Animalia|Insecta|Diptera|Syrphidae|Sphaerophoria|contigua,Animalia,Insecta,Diptera,Syrphidae,Sphaerophoria,contigua,Achiasmatic,Male,XY,8
Animalia|Insecta|Diptera|Syrphidae|Sphaerophoria|cylindrica,Animalia,Insecta,Diptera,Syrphidae,Sphaerophoria,cylindrica,Achiasmatic,Male,XY,8
Animalia|Insecta|Diptera|Syrphidae|Sphaerophoria|dubia,Animalia,Insecta,Diptera,Syrphidae,Sphaerophoria,dubia,Achiasmatic,Male,XY,8
Animalia|Insecta|Diptera|Syrphidae|Sphaerophoria|kerteszi,Animalia,Insecta,Diptera,Syrphidae,Sphaerophoria,kerteszi,Achiasmatic,Male,XY,8
Animalia|Insecta|Diptera|Syrphidae|Sphaerophoria|menthastri,Animalia,Insecta,Diptera,Syrphidae,Sphaerophoria,menthastri,Achiasmatic,Male,XY,8
Animalia|Insecta|Diptera|Syrphidae|Sphaerophoria|nigricauda,Animalia,Insecta,Diptera,Syrphidae,Sphaerophoria,nigricauda,Achiasmatic,Male,XY,8
Animalia|Insecta|Diptera|Syrphidae|Sphaerophoria|novaeangliae,Animalia,Insecta,Diptera,Syrphidae,Sphaerophoria,novaeangliae,Achiasmatic,Male,XY,8
Animalia|Insecta|Diptera|Syrphidae|Sphaerophoria|philanthus,Animalia,Insecta,Diptera,Syrphidae,Sphaerophoria,philanthus,Achiasmatic,Male,XY,8
Animalia|Insecta|Diptera|Syrphidae|Sphaerophoria|picta,Animalia,Insecta,Diptera,Syrphidae,Sphaerophoria,picta,Achiasmatic,Male,XY,8
Animalia|Insecta|Diptera|Syrphidae|Sphaerophoria|robusta,Animalia,Insecta,Diptera,Syrphidae,Sphaerophoria,robusta,Achiasmatic,Male,XY,8
Animalia|Insecta|Diptera|Syrphidae|Sphaerophoria|rueppellii,Animalia,Insecta,Diptera,Syrphidae,Sphaerophoria,rueppellii,Achiasmatic,Male,XY,8
Animalia|Insecta|Diptera|Syrphidae|Sphaerophoria|scripta,Animalia,Insecta,Diptera,Syrphidae,Sphaerophoria,scripta,Achiasmatic,Male,XY,8
Animalia|Insecta|Diptera|Syrphidae|Sphaerophoria|sp.11,Animalia,Insecta,Diptera,Syrphidae,Sphaerophoria,sp.11,Achiasmatic,Male,XY,8
Animalia|Insecta|Diptera|Syrphidae|Sphaerophoria|sp.philanthusgroup,Animalia,Insecta,Diptera,Syrphidae,Sphaerophoria,sp.philanthusgroup,Achiasmatic,Male,XY,8
Animalia|Insecta|Diptera|Syrphidae|Sphaerophoria|sp.scriptagroup,Animalia,Insecta,Diptera,Syrphidae,Sphaerophoria,sp.scriptagroup,Achiasmatic,Male,XY,8
Animalia|Insecta|Diptera|Syrphidae|Sphaerophoria|Species6,Animalia,Insecta,Diptera,Syrphidae,Sphaerophoria,Species6,Achiasmatic,Male,XY,8
Animalia|Insecta|Diptera|Syrphidae|Sphaerophoria|Species7,Animalia,Insecta,Diptera,Syrphidae,Sphaerophoria,Species7,Achiasmatic,Male,XY,8
Animalia|Insecta|Diptera|Syrphidae|Sphaerophoria|sulphuripes,Animalia,Insecta,Diptera,Syrphidae,Sphaerophoria,sulphuripes,Achiasmatic,Male,XY,8
Animalia|Insecta|Diptera|Syrphidae|Sphaerophoria|sylindrica,Animalia,Insecta,Diptera,Syrphidae,Sphaerophoria,sylindrica,Achiasmatic,Male,XY,8
Animalia|Insecta|Diptera|Syrphidae|Sphaerophoria|taeniata,Animalia,Insecta,Diptera,Syrphidae,Sphaerophoria,taeniata,Achiasmatic,Male,XY,8
Animalia|Insecta|Diptera|Syrphidae|Sphecomyia|brevicornis,Animalia,Insecta,Diptera,Syrphidae,Sphecomyia,brevicornis,Achiasmatic,Male,XY,14
Animalia|Insecta|Diptera|Syrphidae|Sphecomyia|occidentalis,Animalia,Insecta,Diptera,Syrphidae,Sphecomyia,occidentalis,Achiasmatic,Male,XY,12
Animalia|Insecta|Diptera|Syrphidae|Sphecomyia|pattonii,Animalia,Insecta,Diptera,Syrphidae,Sphecomyia,pattonii,Achiasmatic,Male,XY,12
Animalia|Insecta|Diptera|Syrphidae|Sphegina|armatipes,Animalia,Insecta,Diptera,Syrphidae,Sphegina,armatipes,Achiasmatic,Male,XY,12
Animalia|Insecta|Diptera|Syrphidae|Sphegina|californica,Animalia,Insecta,Diptera,Syrphidae,Sphegina,californica,Achiasmatic,Male,XY,12
Animalia|Insecta|Diptera|Syrphidae|Sphegina|clunipes,Animalia,Insecta,Diptera,Syrphidae,Sphegina,clunipes,Achiasmatic,Male,XY,12
Animalia|Insecta|Diptera|Syrphidae|Sphegina|flavimana,Animalia,Insecta,Diptera,Syrphidae,Sphegina,flavimana,Achiasmatic,Male,XY,12
Animalia|Insecta|Diptera|Syrphidae|Sphegina|infuscata,Animalia,Insecta,Diptera,Syrphidae,Sphegina,infuscata,Achiasmatic,Male,XY,12
Animalia|Insecta|Diptera|Syrphidae|Sphegina|lobata,Animalia,Insecta,Diptera,Syrphidae,Sphegina,lobata,Achiasmatic,Male,XY,12
Animalia|Insecta|Diptera|Syrphidae|Sphegina|nitidifrons,Animalia,Insecta,Diptera,Syrphidae,Sphegina,nitidifrons,Achiasmatic,Male,XY,10
Animalia|Insecta|Diptera|Syrphidae|Sphegina|occidentalis,Animalia,Insecta,Diptera,Syrphidae,Sphegina,occidentalis,Achiasmatic,Male,XY,12
Animalia|Insecta|Diptera|Syrphidae|Sphegina|sibirica,Animalia,Insecta,Diptera,Syrphidae,Sphegina,sibirica,Achiasmatic,Male,XY,12
Animalia|Insecta|Diptera|Syrphidae|Sphegina|sp.13,Animalia,Insecta,Diptera,Syrphidae,Sphegina,sp.13,Achiasmatic,Male,XY,12
Animalia|Insecta|Diptera|Syrphidae|Sphegina|sp.14,Animalia,Insecta,Diptera,Syrphidae,Sphegina,sp.14,Achiasmatic,Male,XY,12
Animalia|Insecta|Diptera|Syrphidae|Sphegina|violovitshi,Animalia,Insecta,Diptera,Syrphidae,Sphegina,violovitshi,Achiasmatic,Male,XY,12
Animalia|Insecta|Diptera|Syrphidae|Spilomyia|digitata,Animalia,Insecta,Diptera,Syrphidae,Spilomyia,digitata,Achiasmatic,Male,NA,10
Animalia|Insecta|Diptera|Syrphidae|Spilomyia|longicornis,Animalia,Insecta,Diptera,Syrphidae,Spilomyia,longicornis,Achiasmatic,Male,XY,10
Animalia|Insecta|Diptera|Syrphidae|Spilomyia|suzukii,Animalia,Insecta,Diptera,Syrphidae,Spilomyia,suzukii,Achiasmatic,Male,NA,10
Animalia|Insecta|Diptera|Syrphidae|Syritta|hackeri,Animalia,Insecta,Diptera,Syrphidae,Syritta,hackeri,Achiasmatic,Male,XY,10
Animalia|Insecta|Diptera|Syrphidae|Syritta|indica,Animalia,Insecta,Diptera,Syrphidae,Syritta,indica,Achiasmatic,Male,XY,10
Animalia|Insecta|Diptera|Syrphidae|Syritta|oceanica,Animalia,Insecta,Diptera,Syrphidae,Syritta,oceanica,Achiasmatic,Male,XY,10
Animalia|Insecta|Diptera|Syrphidae|Syritta|pipiens,Animalia,Insecta,Diptera,Syrphidae,Syritta,pipiens,Achiasmatic,Male,XY,10
Animalia|Insecta|Diptera|Syrphidae|Syritta|sp.2,Animalia,Insecta,Diptera,Syrphidae,Syritta,sp.2,Achiasmatic,Male,XY,10
Animalia|Insecta|Diptera|Syrphidae|Syritta|sp.4,Animalia,Insecta,Diptera,Syrphidae,Syritta,sp.4,Achiasmatic,Male,XY,10
Animalia|Insecta|Diptera|Syrphidae|Syritta|stigmatica,Animalia,Insecta,Diptera,Syrphidae,Syritta,stigmatica,Achiasmatic,Male,XO,10
Animalia|Insecta|Diptera|Syrphidae|Syrphus|balteatus,Animalia,Insecta,Diptera,Syrphidae,Syrphus,balteatus,Achiasmatic,Male,XY,10
Animalia|Insecta|Diptera|Syrphidae|Syrphus|corollae,Animalia,Insecta,Diptera,Syrphidae,Syrphus,corollae,Achiasmatic,Male,XY,8
Animalia|Insecta|Diptera|Syrphidae|Syrphus|knabi,Animalia,Insecta,Diptera,Syrphidae,Syrphus,knabi,Achiasmatic,Male,XY,8
Animalia|Insecta|Diptera|Syrphidae|Syrphus|lasiophthalmus,Animalia,Insecta,Diptera,Syrphidae,Syrphus,lasiophthalmus,Achiasmatic,Male,XY,10
Animalia|Insecta|Diptera|Syrphidae|Syrphus|luniger,Animalia,Insecta,Diptera,Syrphidae,Syrphus,luniger,Achiasmatic,Male,XY,8
Animalia|Insecta|Diptera|Syrphidae|Syrphus|melanostomoides,Animalia,Insecta,Diptera,Syrphidae,Syrphus,melanostomoides,Achiasmatic,Male,XY,10
Animalia|Insecta|Diptera|Syrphidae|Syrphus|octomaculatus,Animalia,Insecta,Diptera,Syrphidae,Syrphus,octomaculatus,Achiasmatic,Male,XY,8
Animalia|Insecta|Diptera|Syrphidae|Syrphus|opinator,Animalia,Insecta,Diptera,Syrphidae,Syrphus,opinator,Achiasmatic,Male,XY,8
Animalia|Insecta|Diptera|Syrphidae|Syrphus|phaeostigma,Animalia,Insecta,Diptera,Syrphidae,Syrphus,phaeostigma,Achiasmatic,Male,XY,8
Animalia|Insecta|Diptera|Syrphidae|Syrphus|rectus,Animalia,Insecta,Diptera,Syrphidae,Syrphus,rectus,Achiasmatic,Male,XY,8
Animalia|Insecta|Diptera|Syrphidae|Syrphus|reedi,Animalia,Insecta,Diptera,Syrphidae,Syrphus,reedi,Achiasmatic,Male,XY,8
Animalia|Insecta|Diptera|Syrphidae|Syrphus|ribesii,Animalia,Insecta,Diptera,Syrphidae,Syrphus,ribesii,Achiasmatic,Male,XY,10
Animalia|Insecta|Diptera|Syrphidae|Syrphus|shorae,Animalia,Insecta,Diptera,Syrphidae,Syrphus,shorae,Achiasmatic,Male,XY,8
Animalia|Insecta|Diptera|Syrphidae|Syrphus|sp,Animalia,Insecta,Diptera,Syrphidae,Syrphus,sp,Achiasmatic,Male,XY,8
Animalia|Insecta|Diptera|Syrphidae|Syrphus|torvus,Animalia,Insecta,Diptera,Syrphidae,Syrphus,torvus,Achiasmatic,Male,XY,8
Animalia|Insecta|Diptera|Syrphidae|Syrphus|vitripennis,Animalia,Insecta,Diptera,Syrphidae,Syrphus,vitripennis,Achiasmatic,Male,XY,8
Animalia|Insecta|Diptera|Syrphidae|Syrphus|vittafrons,Animalia,Insecta,Diptera,Syrphidae,Syrphus,vittafrons,Achiasmatic,Male,XY,8
Animalia|Insecta|Diptera|Syrphidae|Tcmnostoma|alternans,Animalia,Insecta,Diptera,Syrphidae,Tcmnostoma,alternans,Achiasmatic,Male,XY,8
Animalia|Insecta|Diptera|Syrphidae|Temnostoma|acra,Animalia,Insecta,Diptera,Syrphidae,Temnostoma,acra,Achiasmatic,Male,XY,12
Animalia|Insecta|Diptera|Syrphidae|Temnostoma|alternans,Animalia,Insecta,Diptera,Syrphidae,Temnostoma,alternans,Achiasmatic,Male,XY,8
Animalia|Insecta|Diptera|Syrphidae|Temnostoma|balyras,Animalia,Insecta,Diptera,Syrphidae,Temnostoma,balyras,Achiasmatic,Male,NA,8
Animalia|Insecta|Diptera|Syrphidae|Temnostoma|vespiforme,Animalia,Insecta,Diptera,Syrphidae,Temnostoma,vespiforme,Achiasmatic,Male,NA,8
Animalia|Insecta|Diptera|Syrphidae|Toxomerus|anthrax,Animalia,Insecta,Diptera,Syrphidae,Toxomerus,anthrax,Achiasmatic,Male,XY,10
Animalia|Insecta|Diptera|Syrphidae|Toxomerus|arciferus,Animalia,Insecta,Diptera,Syrphidae,Toxomerus,arciferus,Achiasmatic,Male,XY,10
Animalia|Insecta|Diptera|Syrphidae|Toxomerus|aurulentus,Animalia,Insecta,Diptera,Syrphidae,Toxomerus,aurulentus,Achiasmatic,Male,XY,10
Animalia|Insecta|Diptera|Syrphidae|Toxomerus|basilaris,Animalia,Insecta,Diptera,Syrphidae,Toxomerus,basilaris,Achiasmatic,Male,XY,10
Animalia|Insecta|Diptera|Syrphidae|Toxomerus|calceolatus,Animalia,Insecta,Diptera,Syrphidae,Toxomerus,calceolatus,Achiasmatic,Male,XY,10
Animalia|Insecta|Diptera|Syrphidae|Toxomerus|croesus,Animalia,Insecta,Diptera,Syrphidae,Toxomerus,croesus,Achiasmatic,Male,XY,10
Animalia|Insecta|Diptera|Syrphidae|Toxomerus|floralis,Animalia,Insecta,Diptera,Syrphidae,Toxomerus,floralis,Achiasmatic,Male,XY,10
Animalia|Insecta|Diptera|Syrphidae|Toxomerus|geminatus,Animalia,Insecta,Diptera,Syrphidae,Toxomerus,geminatus,Achiasmatic,Male,XY,10
Animalia|Insecta|Diptera|Syrphidae|Toxomerus|lachrymosus,Animalia,Insecta,Diptera,Syrphidae,Toxomerus,lachrymosus,Achiasmatic,Male,XY,12
Animalia|Insecta|Diptera|Syrphidae|Toxomerus|laciniosus,Animalia,Insecta,Diptera,Syrphidae,Toxomerus,laciniosus,Achiasmatic,Male,XY,10
Animalia|Insecta|Diptera|Syrphidae|Toxomerus|laenas,Animalia,Insecta,Diptera,Syrphidae,Toxomerus,laenas,Achiasmatic,Male,XY,10
Animalia|Insecta|Diptera|Syrphidae|Toxomerus|marginatus,Animalia,Insecta,Diptera,Syrphidae,Toxomerus,marginatus,Achiasmatic,Male,XY,12
Animalia|Insecta|Diptera|Syrphidae|Toxomerus|mutuus,Animalia,Insecta,Diptera,Syrphidae,Toxomerus,mutuus,Achiasmatic,Male,XY,8
Animalia|Insecta|Diptera|Syrphidae|Toxomerus|n.sp.,Animalia,Insecta,Diptera,Syrphidae,Toxomerus,n.sp.,Achiasmatic,Male,XY,10
Animalia|Insecta|Diptera|Syrphidae|Toxomerus|occidentalis,Animalia,Insecta,Diptera,Syrphidae,Toxomerus,occidentalis,Achiasmatic,Male,XY,10
Animalia|Insecta|Diptera|Syrphidae|Toxomerus|philippii,Animalia,Insecta,Diptera,Syrphidae,Toxomerus,philippii,Achiasmatic,Male,XY,10
Animalia|Insecta|Diptera|Syrphidae|Toxomerus|pictus,Animalia,Insecta,Diptera,Syrphidae,Toxomerus,pictus,Achiasmatic,Male,XY,12
Animalia|Insecta|Diptera|Syrphidae|Toxomerus|politus,Animalia,Insecta,Diptera,Syrphidae,Toxomerus,politus,Achiasmatic,Male,XY,10
Animalia|Insecta|Diptera|Syrphidae|Toxomerus|portius,Animalia,Insecta,Diptera,Syrphidae,Toxomerus,portius,Achiasmatic,Male,XY,10
Animalia|Insecta|Diptera|Syrphidae|Toxomerus|sp._10_,Animalia,Insecta,Diptera,Syrphidae,Toxomerus,sp._10_,Achiasmatic,Male,XY,10
Animalia|Insecta|Diptera|Syrphidae|Toxomerus|sp._11_,Animalia,Insecta,Diptera,Syrphidae,Toxomerus,sp._11_,Achiasmatic,Male,XY,10
Animalia|Insecta|Diptera|Syrphidae|Toxomerus|sp._12_,Animalia,Insecta,Diptera,Syrphidae,Toxomerus,sp._12_,Achiasmatic,Male,XY,10
Animalia|Insecta|Diptera|Syrphidae|Toxomerus|sp._15_,Animalia,Insecta,Diptera,Syrphidae,Toxomerus,sp._15_,Achiasmatic,Male,XY,10
Animalia|Insecta|Diptera|Syrphidae|Toxomerus|sp._16_,Animalia,Insecta,Diptera,Syrphidae,Toxomerus,sp._16_,Achiasmatic,Male,XY,8
Animalia|Insecta|Diptera|Syrphidae|Toxomerus|sp._19_,Animalia,Insecta,Diptera,Syrphidae,Toxomerus,sp._19_,Achiasmatic,Male,XY,10
Animalia|Insecta|Diptera|Syrphidae|Toxomerus|sp._3_,Animalia,Insecta,Diptera,Syrphidae,Toxomerus,sp._3_,Achiasmatic,Male,XY,10
Animalia|Insecta|Diptera|Syrphidae|Toxomerus|sp._4_,Animalia,Insecta,Diptera,Syrphidae,Toxomerus,sp._4_,Achiasmatic,Male,XY,10
Animalia|Insecta|Diptera|Syrphidae|Toxomerus|sp._6_,Animalia,Insecta,Diptera,Syrphidae,Toxomerus,sp._6_,Achiasmatic,Male,XY,12
Animalia|Insecta|Diptera|Syrphidae|Toxomerus|sp.1,Animalia,Insecta,Diptera,Syrphidae,Toxomerus,sp.1,Achiasmatic,Male,XY,10
Animalia|Insecta|Diptera|Syrphidae|Toxomerus|sp.10,Animalia,Insecta,Diptera,Syrphidae,Toxomerus,sp.10,Achiasmatic,Male,NA,10
Animalia|Insecta|Diptera|Syrphidae|Toxomerus|sp.10b,Animalia,Insecta,Diptera,Syrphidae,Toxomerus,sp.10b,Achiasmatic,Male,XY,10
Animalia|Insecta|Diptera|Syrphidae|Toxomerus|sp.11,Animalia,Insecta,Diptera,Syrphidae,Toxomerus,sp.11,Achiasmatic,Male,XY,10
Animalia|Insecta|Diptera|Syrphidae|Toxomerus|sp.12,Animalia,Insecta,Diptera,Syrphidae,Toxomerus,sp.12,Achiasmatic,Male,XY,10
Animalia|Insecta|Diptera|Syrphidae|Toxomerus|sp.15,Animalia,Insecta,Diptera,Syrphidae,Toxomerus,sp.15,Achiasmatic,Male,XY,10
Animalia|Insecta|Diptera|Syrphidae|Toxomerus|sp.16,Animalia,Insecta,Diptera,Syrphidae,Toxomerus,sp.16,Achiasmatic,Male,XY,8
Animalia|Insecta|Diptera|Syrphidae|Toxomerus|sp.19,Animalia,Insecta,Diptera,Syrphidae,Toxomerus,sp.19,Achiasmatic,Male,XY,10
Animalia|Insecta|Diptera|Syrphidae|Toxomerus|sp.2,Animalia,Insecta,Diptera,Syrphidae,Toxomerus,sp.2,Achiasmatic,Male,XY,10
Animalia|Insecta|Diptera|Syrphidae|Toxomerus|sp.3,Animalia,Insecta,Diptera,Syrphidae,Toxomerus,sp.3,Achiasmatic,Male,XY,10
Animalia|Insecta|Diptera|Syrphidae|Toxomerus|sp.4,Animalia,Insecta,Diptera,Syrphidae,Toxomerus,sp.4,Achiasmatic,Male,XY,10
Animalia|Insecta|Diptera|Syrphidae|Toxomerus|sp.6,Animalia,Insecta,Diptera,Syrphidae,Toxomerus,sp.6,Achiasmatic,Male,XY,12
Animalia|Insecta|Diptera|Syrphidae|Toxomerus|steatogaster,Animalia,Insecta,Diptera,Syrphidae,Toxomerus,steatogaster,Achiasmatic,Male,XY,10
Animalia|Insecta|Diptera|Syrphidae|Toxomerus|violaceus,Animalia,Insecta,Diptera,Syrphidae,Toxomerus,violaceus,Achiasmatic,Male,XY,10
Animalia|Insecta|Diptera|Syrphidae|Toxomerus|vitreus,Animalia,Insecta,Diptera,Syrphidae,Toxomerus,vitreus,Achiasmatic,Male,XY,10
Animalia|Insecta|Diptera|Syrphidae|Tropidia|quadrata,Animalia,Insecta,Diptera,Syrphidae,Tropidia,quadrata,Achiasmatic,Male,XY,10
Animalia|Insecta|Diptera|Syrphidae|Tropidia|scita,Animalia,Insecta,Diptera,Syrphidae,Tropidia,scita,Achiasmatic,Male,XY,10
Animalia|Insecta|Diptera|Syrphidae|Tubifera|sp.,Animalia,Insecta,Diptera,Syrphidae,Tubifera,sp.,Achiasmatic,Male,NA,14
Animalia|Insecta|Diptera|Syrphidae|Volucella|bombylans,Animalia,Insecta,Diptera,Syrphidae,Volucella,bombylans,Achiasmatic,Male,XY,12
Animalia|Insecta|Diptera|Syrphidae|Volucella|elegans,Animalia,Insecta,Diptera,Syrphidae,Volucella,elegans,Achiasmatic,Male,XY,10
Animalia|Insecta|Diptera|Syrphidae|Volucella|inanis,Animalia,Insecta,Diptera,Syrphidae,Volucella,inanis,Achiasmatic,Male,XY,12
Animalia|Insecta|Diptera|Syrphidae|Volucella|inflata,Animalia,Insecta,Diptera,Syrphidae,Volucella,inflata,Achiasmatic,Male,XY,12
Animalia|Insecta|Diptera|Syrphidae|Volucella|obesa,Animalia,Insecta,Diptera,Syrphidae,Volucella,obesa,Achiasmatic,Male,XY,12
Animalia|Insecta|Diptera|Syrphidae|Volucella|pellucens,Animalia,Insecta,Diptera,Syrphidae,Volucella,pellucens,Achiasmatic,Male,XY,10
Animalia|Insecta|Diptera|Syrphidae|Volucella|zonaria,Animalia,Insecta,Diptera,Syrphidae,Volucella,zonaria,Achiasmatic,Male,XY,10
Animalia|Insecta|Diptera|Syrphidae|Xanthandrus|bucephalus,Animalia,Insecta,Diptera,Syrphidae,Xanthandrus,bucephalus,Achiasmatic,Male,NA,10
Animalia|Insecta|Diptera|Syrphidae|Xanthandrus|comtus,Animalia,Insecta,Diptera,Syrphidae,Xanthandrus,comtus,Achiasmatic,Male,XY,8
Animalia|Insecta|Diptera|Syrphidae|Xanthandrus|cubanus,Animalia,Insecta,Diptera,Syrphidae,Xanthandrus,cubanus,Achiasmatic,Male,XY,8
Animalia|Insecta|Diptera|Syrphidae|Xanthogramma|ornatum,Animalia,Insecta,Diptera,Syrphidae,Xanthogramma,ornatum,Achiasmatic,Male,XY,10
Animalia|Insecta|Diptera|Syrphidae|Xylota|angustiventris,Animalia,Insecta,Diptera,Syrphidae,Xylota,angustiventris,Achiasmatic,Male,XY,10
Animalia|Insecta|Diptera|Syrphidae|Xylota|annulifera,Animalia,Insecta,Diptera,Syrphidae,Xylota,annulifera,Achiasmatic,Male,XY,10
Animalia|Insecta|Diptera|Syrphidae|Xylota|barbata,Animalia,Insecta,Diptera,Syrphidae,Xylota,barbata,Achiasmatic,Male,XY,10
Animalia|Insecta|Diptera|Syrphidae|Xylota|bigelowi,Animalia,Insecta,Diptera,Syrphidae,Xylota,bigelowi,Achiasmatic,Male,NA,8
Animalia|Insecta|Diptera|Syrphidae|Xylota|chalybea,Animalia,Insecta,Diptera,Syrphidae,Xylota,chalybea,Achiasmatic,Male,XY,10
Animalia|Insecta|Diptera|Syrphidae|Xylota|coeruleiventris,Animalia,Insecta,Diptera,Syrphidae,Xylota,coeruleiventris,Achiasmatic,Male,XY,10
Animalia|Insecta|Diptera|Syrphidae|Xylota|coquilletti,Animalia,Insecta,Diptera,Syrphidae,Xylota,coquilletti,Achiasmatic,Male,XY,10
Animalia|Insecta|Diptera|Syrphidae|Xylota|curvaria,Animalia,Insecta,Diptera,Syrphidae,Xylota,curvaria,Achiasmatic,Male,XY,10
Animalia|Insecta|Diptera|Syrphidae|Xylota|ejuncida,Animalia,Insecta,Diptera,Syrphidae,Xylota,ejuncida,Achiasmatic,Male,XY,10
Animalia|Insecta|Diptera|Syrphidae|Xylota|flavitibia,Animalia,Insecta,Diptera,Syrphidae,Xylota,flavitibia,Achiasmatic,Male,XY,10
Animalia|Insecta|Diptera|Syrphidae|Xylota|flexa,Animalia,Insecta,Diptera,Syrphidae,Xylota,flexa,Achiasmatic,Male,XY,10
Animalia|Insecta|Diptera|Syrphidae|Xylota|florum,Animalia,Insecta,Diptera,Syrphidae,Xylota,florum,Achiasmatic,Male,XY,10
Animalia|Insecta|Diptera|Syrphidae|Xylota|hinei,Animalia,Insecta,Diptera,Syrphidae,Xylota,hinei,Achiasmatic,Male,XY,10
Animalia|Insecta|Diptera|Syrphidae|Xylota|ignava,Animalia,Insecta,Diptera,Syrphidae,Xylota,ignava,Achiasmatic,Male,XY,10
Animalia|Insecta|Diptera|Syrphidae|Xylota|inarmata,Animalia,Insecta,Diptera,Syrphidae,Xylota,inarmata,Achiasmatic,Male,XY,10
Animalia|Insecta|Diptera|Syrphidae|Xylota|lenta,Animalia,Insecta,Diptera,Syrphidae,Xylota,lenta,Achiasmatic,Male,XY,10
Animalia|Insecta|Diptera|Syrphidae|Xylota|libo,Animalia,Insecta,Diptera,Syrphidae,Xylota,libo,Achiasmatic,Male,XY,10
Animalia|Insecta|Diptera|Syrphidae|Xylota|lovetti,Animalia,Insecta,Diptera,Syrphidae,Xylota,lovetti,Achiasmatic,Male,XY,10
Animalia|Insecta|Diptera|Syrphidae|Xylota|nemorum,Animalia,Insecta,Diptera,Syrphidae,Xylota,nemorum,Achiasmatic,Male,XY,10
Animalia|Insecta|Diptera|Syrphidae|Xylota|pigra,Animalia,Insecta,Diptera,Syrphidae,Xylota,pigra,Achiasmatic,Male,XY,10
Animalia|Insecta|Diptera|Syrphidae|Xylota|quadrimaculata,Animalia,Insecta,Diptera,Syrphidae,Xylota,quadrimaculata,Achiasmatic,Male,XY,10
Animalia|Insecta|Diptera|Syrphidae|Xylota|segnis,Animalia,Insecta,Diptera,Syrphidae,Xylota,segnis,Achiasmatic,Male,XY,10
Animalia|Insecta|Diptera|Syrphidae|Xylota|sp.5,Animalia,Insecta,Diptera,Syrphidae,Xylota,sp.5,Achiasmatic,Male,XY,10
Animalia|Insecta|Diptera|Syrphidae|Xylota|sp2,Animalia,Insecta,Diptera,Syrphidae,Xylota,sp2,Achiasmatic,Male,XY,10
Animalia|Insecta|Diptera|Syrphidae|Xylota|subfasciata,Animalia,Insecta,Diptera,Syrphidae,Xylota,subfasciata,Achiasmatic,Male,XY,8
Animalia|Insecta|Diptera|Syrphidae|Xylota|sylvarum,Animalia,Insecta,Diptera,Syrphidae,Xylota,sylvarum,Achiasmatic,Male,XY,10
Animalia|Insecta|Diptera|Syrphidae|Xylota|tarda,Animalia,Insecta,Diptera,Syrphidae,Xylota,tarda,Achiasmatic,Male,XY,10
Animalia|Insecta|Diptera|Syrphidae|Xylota|tuberculata,Animalia,Insecta,Diptera,Syrphidae,Xylota,tuberculata,Achiasmatic,Male,XY,10
Animalia|Insecta|Diptera|Syrphidae|Xylota|vecors,Animalia,Insecta,Diptera,Syrphidae,Xylota,vecors,Achiasmatic,Male,XY,10
Animalia|Insecta|Diptera|Tabanidae|Atylotus|bicolor,Animalia,Insecta,Diptera,Tabanidae,Atylotus,bicolor,Achiasmatic,Male,XY,18
Animalia|Insecta|Diptera|Tabanidae|Atylotus|fulvus,Animalia,Insecta,Diptera,Tabanidae,Atylotus,fulvus,Achiasmatic,Male,NA,18
Animalia|Insecta|Diptera|Tabanidae|Atylotus|horvathi,Animalia,Insecta,Diptera,Tabanidae,Atylotus,horvathi,Achiasmatic,Male,XY,12
Animalia|Insecta|Diptera|Tabanidae|Atylotus|loewianus,Animalia,Insecta,Diptera,Tabanidae,Atylotus,loewianus,Achiasmatic,Male,NA,18
Animalia|Insecta|Diptera|Tabanidae|Atylotus|ohioensis,Animalia,Insecta,Diptera,Tabanidae,Atylotus,ohioensis,Achiasmatic,Male,XY,18
Animalia|Insecta|Diptera|Tabanidae|Atylotus|pulchelluskarybenthinus,Animalia,Insecta,Diptera,Tabanidae,Atylotus,pulchelluskarybenthinus,Achiasmatic,Male,XY,18
Animalia|Insecta|Diptera|Tabanidae|Chrysops|aberrans,Animalia,Insecta,Diptera,Tabanidae,Chrysops,aberrans,Achiasmatic,Male,NA,12
Animalia|Insecta|Diptera|Tabanidae|Chrysops|aestuans,Animalia,Insecta,Diptera,Tabanidae,Chrysops,aestuans,Achiasmatic,Male,XY,10
Animalia|Insecta|Diptera|Tabanidae|Chrysops|caecutiens,Animalia,Insecta,Diptera,Tabanidae,Chrysops,caecutiens,Achiasmatic,Male,XY,10
Animalia|Insecta|Diptera|Tabanidae|Chrysops|flavipes,Animalia,Insecta,Diptera,Tabanidae,Chrysops,flavipes,Achiasmatic,Male,XY,10
Animalia|Insecta|Diptera|Tabanidae|Chrysops|frigidus,Animalia,Insecta,Diptera,Tabanidae,Chrysops,frigidus,Achiasmatic,Male,NA,10
Animalia|Insecta|Diptera|Tabanidae|Chrysops|indus,Animalia,Insecta,Diptera,Tabanidae,Chrysops,indus,Achiasmatic,Male,NA,10
Animalia|Insecta|Diptera|Tabanidae|Chrysops|ludens,Animalia,Insecta,Diptera,Tabanidae,Chrysops,ludens,Achiasmatic,Male,XY,10
Animalia|Insecta|Diptera|Tabanidae|Chrysops|mlokosiewiczi,Animalia,Insecta,Diptera,Tabanidae,Chrysops,mlokosiewiczi,Achiasmatic,Male,XY,10
Animalia|Insecta|Diptera|Tabanidae|Chrysops|pictus,Animalia,Insecta,Diptera,Tabanidae,Chrysops,pictus,Achiasmatic,Male,XY,10
Animalia|Insecta|Diptera|Tabanidae|Chrysops|relictus,Animalia,Insecta,Diptera,Tabanidae,Chrysops,relictus,Achiasmatic,Male,XY,10
Animalia|Insecta|Diptera|Tabanidae|Chrysops|shermani,Animalia,Insecta,Diptera,Tabanidae,Chrysops,shermani,Achiasmatic,Male,XY,12
Animalia|Insecta|Diptera|Tabanidae|Chrysops|suavis,Animalia,Insecta,Diptera,Tabanidae,Chrysops,suavis,Achiasmatic,Male,XY,10
Animalia|Insecta|Diptera|Tabanidae|Chrysops|vanderwulpi,Animalia,Insecta,Diptera,Tabanidae,Chrysops,vanderwulpi,Achiasmatic,Male,XY,10
Animalia|Insecta|Diptera|Tabanidae|Chrysops|vittatus,Animalia,Insecta,Diptera,Tabanidae,Chrysops,vittatus,Achiasmatic,Male,NA,8
Animalia|Insecta|Diptera|Tabanidae|Dasyrhamphis|umbrinus,Animalia,Insecta,Diptera,Tabanidae,Dasyrhamphis,umbrinus,Achiasmatic,Male,NA,12
Animalia|Insecta|Diptera|Tabanidae|Haematopota|crassicornis,Animalia,Insecta,Diptera,Tabanidae,Haematopota,crassicornis,Achiasmatic,Male,XY,18
Animalia|Insecta|Diptera|Tabanidae|Haematopota|italica,Animalia,Insecta,Diptera,Tabanidae,Haematopota,italica,Achiasmatic,Male,NA,14
Animalia|Insecta|Diptera|Tabanidae|Haematopota|pallens,Animalia,Insecta,Diptera,Tabanidae,Haematopota,pallens,Achiasmatic,Male,XY,18
Animalia|Insecta|Diptera|Tabanidae|Haematopota|pellucens,Animalia,Insecta,Diptera,Tabanidae,Haematopota,pellucens,Achiasmatic,Male,XY,14
Animalia|Insecta|Diptera|Tabanidae|Haematopota|pluvialis,Animalia,Insecta,Diptera,Tabanidae,Haematopota,pluvialis,Achiasmatic,Male,NA,18
Animalia|Insecta|Diptera|Tabanidae|Haematopota|scutellatarossica,Animalia,Insecta,Diptera,Tabanidae,Haematopota,scutellatarossica,Achiasmatic,Male,XY,18
Animalia|Insecta|Diptera|Tabanidae|Haematopota|subcylindrica,Animalia,Insecta,Diptera,Tabanidae,Haematopota,subcylindrica,Achiasmatic,Male,XY,26
Animalia|Insecta|Diptera|Tabanidae|Haematopota|tamerlani,Animalia,Insecta,Diptera,Tabanidae,Haematopota,tamerlani,Achiasmatic,Male,XY,18
Animalia|Insecta|Diptera|Tabanidae|Hybomitra|arpadi,Animalia,Insecta,Diptera,Tabanidae,Hybomitra,arpadi,Achiasmatic,Male,XY,12
Animalia|Insecta|Diptera|Tabanidae|Hybomitra|bimaculata,Animalia,Insecta,Diptera,Tabanidae,Hybomitra,bimaculata,Achiasmatic,Male,XY,14
Animalia|Insecta|Diptera|Tabanidae|Hybomitra|brevis,Animalia,Insecta,Diptera,Tabanidae,Hybomitra,brevis,Achiasmatic,Male,XY,18
Animalia|Insecta|Diptera|Tabanidae|Hybomitra|ciureai,Animalia,Insecta,Diptera,Tabanidae,Hybomitra,ciureai,Achiasmatic,Male,XY,12
Animalia|Insecta|Diptera|Tabanidae|Hybomitra|distinguendadistinguenda,Animalia,Insecta,Diptera,Tabanidae,Hybomitra,distinguendadistinguenda,Achiasmatic,Male,XY,16
Animalia|Insecta|Diptera|Tabanidae|Hybomitra|erberi,Animalia,Insecta,Diptera,Tabanidae,Hybomitra,erberi,Achiasmatic,Male,XY,10
Animalia|Insecta|Diptera|Tabanidae|Hybomitra|lasiophthalma,Animalia,Insecta,Diptera,Tabanidae,Hybomitra,lasiophthalma,Achiasmatic,Male,XY,14
Animalia|Insecta|Diptera|Tabanidae|Hybomitra|lundbecki,Animalia,Insecta,Diptera,Tabanidae,Hybomitra,lundbecki,Achiasmatic,Male,XY,18
Animalia|Insecta|Diptera|Tabanidae|Hybomitra|m.acrocentrica,Animalia,Insecta,Diptera,Tabanidae,Hybomitra,m.acrocentrica,Achiasmatic,Male,XY,16
Animalia|Insecta|Diptera|Tabanidae|Hybomitra|montanamontana,Animalia,Insecta,Diptera,Tabanidae,Hybomitra,montanamontana,Achiasmatic,Male,XY,16
Animalia|Insecta|Diptera|Tabanidae|Hybomitra|muhlfeldi,Animalia,Insecta,Diptera,Tabanidae,Hybomitra,muhlfeldi,Achiasmatic,Male,XY,10
Animalia|Insecta|Diptera|Tabanidae|Hybomitra|nigella,Animalia,Insecta,Diptera,Tabanidae,Hybomitra,nigella,Achiasmatic,Male,XY,18
Animalia|Insecta|Diptera|Tabanidae|Hybomitra|peculiaris,Animalia,Insecta,Diptera,Tabanidae,Hybomitra,peculiaris,Achiasmatic,Male,XY,14
Animalia|Insecta|Diptera|Tabanidae|Hybomitra|stenopselapha,Animalia,Insecta,Diptera,Tabanidae,Hybomitra,stenopselapha,Achiasmatic,Male,XY,18
Animalia|Insecta|Diptera|Tabanidae|Hybomitra|tarandina,Animalia,Insecta,Diptera,Tabanidae,Hybomitra,tarandina,Achiasmatic,Male,XY,18
Animalia|Insecta|Diptera|Tabanidae|Hybomitra|tarandinoides,Animalia,Insecta,Diptera,Tabanidae,Hybomitra,tarandinoides,Achiasmatic,Male,XY,10
Animalia|Insecta|Diptera|Tabanidae|Hybomitra|ussuriensis,Animalia,Insecta,Diptera,Tabanidae,Hybomitra,ussuriensis,Achiasmatic,Male,XY,18
Animalia|Insecta|Diptera|Tabanidae|Tabanus|autumnalis,Animalia,Insecta,Diptera,Tabanidae,Tabanus,autumnalis,Achiasmatic,Male,NA,14
Animalia|Insecta|Diptera|Tabanidae|Tabanus|bifarius,Animalia,Insecta,Diptera,Tabanidae,Tabanus,bifarius,Achiasmatic,Male,NA,16
Animalia|Insecta|Diptera|Tabanidae|Tabanus|bovines,Animalia,Insecta,Diptera,Tabanidae,Tabanus,bovines,Achiasmatic,Male,XY,14
Animalia|Insecta|Diptera|Tabanidae|Tabanus|bromius,Animalia,Insecta,Diptera,Tabanidae,Tabanus,bromius,Achiasmatic,Male,NA,10
Animalia|Insecta|Diptera|Tabanidae|Tabanus|buddha,Animalia,Insecta,Diptera,Tabanidae,Tabanus,buddha,Achiasmatic,Male,XY,12
Animalia|Insecta|Diptera|Tabanidae|Tabanus|colchidicus,Animalia,Insecta,Diptera,Tabanidae,Tabanus,colchidicus,Achiasmatic,Male,XY,16
Animalia|Insecta|Diptera|Tabanidae|Tabanus|cordiger,Animalia,Insecta,Diptera,Tabanidae,Tabanus,cordiger,Achiasmatic,Male,NA,12
Animalia|Insecta|Diptera|Tabanidae|Tabanus|dolini,Animalia,Insecta,Diptera,Tabanidae,Tabanus,dolini,Achiasmatic,Male,XY,12
Animalia|Insecta|Diptera|Tabanidae|Tabanus|flavofemoratus,Animalia,Insecta,Diptera,Tabanidae,Tabanus,flavofemoratus,Achiasmatic,Male,XY,10
Animalia|Insecta|Diptera|Tabanidae|Tabanus|geminus,Animalia,Insecta,Diptera,Tabanidae,Tabanus,geminus,Achiasmatic,Male,XY,14
Animalia|Insecta|Diptera|Tabanidae|Tabanus|hauseri,Animalia,Insecta,Diptera,Tabanidae,Tabanus,hauseri,Achiasmatic,Male,XY,14
Animalia|Insecta|Diptera|Tabanidae|Tabanus|indrae,Animalia,Insecta,Diptera,Tabanidae,Tabanus,indrae,Achiasmatic,Male,XY,10
Animalia|Insecta|Diptera|Tabanidae|Tabanus|infestus,Animalia,Insecta,Diptera,Tabanidae,Tabanus,infestus,Achiasmatic,Male,XY,10
Animalia|Insecta|Diptera|Tabanidae|Tabanus|maculicornis,Animalia,Insecta,Diptera,Tabanidae,Tabanus,maculicornis,Achiasmatic,Male,XY,10
Animalia|Insecta|Diptera|Tabanidae|Tabanus|marginalis,Animalia,Insecta,Diptera,Tabanidae,Tabanus,marginalis,Achiasmatic,Male,XY,10
Animalia|Insecta|Diptera|Tabanidae|Tabanus|miki,Animalia,Insecta,Diptera,Tabanidae,Tabanus,miki,Achiasmatic,Male,NA,10
Animalia|Insecta|Diptera|Tabanidae|Tabanus|pleskei,Animalia,Insecta,Diptera,Tabanidae,Tabanus,pleskei,Achiasmatic,Male,XY,12
Animalia|Insecta|Diptera|Tabanidae|Tabanus|quatuornotatus,Animalia,Insecta,Diptera,Tabanidae,Tabanus,quatuornotatus,Achiasmatic,Male,NA,12
Animalia|Insecta|Diptera|Tabanidae|Tabanus|sabuletorum,Animalia,Insecta,Diptera,Tabanidae,Tabanus,sabuletorum,Achiasmatic,Male,XY,12
Animalia|Insecta|Diptera|Tabanidae|Tabanus|shelkovnikovi,Animalia,Insecta,Diptera,Tabanidae,Tabanus,shelkovnikovi,Achiasmatic,Male,XY,12
Animalia|Insecta|Diptera|Tabanidae|Tabanus|spectabilis,Animalia,Insecta,Diptera,Tabanidae,Tabanus,spectabilis,Achiasmatic,Male,XY,10
Animalia|Insecta|Diptera|Tabanidae|Tabanus|sudeticus,Animalia,Insecta,Diptera,Tabanidae,Tabanus,sudeticus,Achiasmatic,Male,XY,14
Animalia|Insecta|Diptera|Tabanidae|Tabanus|unifasciatus,Animalia,Insecta,Diptera,Tabanidae,Tabanus,unifasciatus,Achiasmatic,Male,XY,12
Animalia|Insecta|Diptera|Tabanidae|Tabanus|zimini,Animalia,Insecta,Diptera,Tabanidae,Tabanus,zimini,Achiasmatic,Male,XY,12
Animalia|Insecta|Diptera|Tachinidae|Aplomya|caesar,Animalia,Insecta,Diptera,Tachinidae,Aplomya,caesar,Achiasmatic,Male,XY,12
Animalia|Insecta|Diptera|Tachinidae|Aplomya|mitis,Animalia,Insecta,Diptera,Tachinidae,Aplomya,mitis,Achiasmatic,Male,XY,12
Animalia|Insecta|Diptera|Tachinidae|Archylas|apicifer,Animalia,Insecta,Diptera,Tachinidae,Archylas,apicifer,Achiasmatic,Male,XY,12
Animalia|Insecta|Diptera|Tachinidae|Archytas|apicifera,Animalia,Insecta,Diptera,Tachinidae,Archytas,apicifera,Achiasmatic,Male,XY,12
Animalia|Insecta|Diptera|Tachinidae|Archytas|prob.Apicifer,Animalia,Insecta,Diptera,Tachinidae,Archytas,prob.Apicifer,Achiasmatic,Male,NA,12
Animalia|Insecta|Diptera|Tachinidae|Bessa|selecta,Animalia,Insecta,Diptera,Tachinidae,Bessa,selecta,Achiasmatic,Male,XY,12
Animalia|Insecta|Diptera|Tachinidae|Ceracia|dentata,Animalia,Insecta,Diptera,Tachinidae,Ceracia,dentata,Achiasmatic,Male,XY,12
Animalia|Insecta|Diptera|Tachinidae|Ceromasia|auricaudata,Animalia,Insecta,Diptera,Tachinidae,Ceromasia,auricaudata,Achiasmatic,Male,XY,12
Animalia|Insecta|Diptera|Tachinidae|Drino|bohemica,Animalia,Insecta,Diptera,Tachinidae,Drino,bohemica,Achiasmatic,Male,XY,12
Animalia|Insecta|Diptera|Tachinidae|Eumea|westermanni,Animalia,Insecta,Diptera,Tachinidae,Eumea,westermanni,Achiasmatic,Male,NA,12
Animalia|Insecta|Diptera|Tachinidae|Exorista|bombycis,Animalia,Insecta,Diptera,Tachinidae,Exorista,bombycis,Achiasmatic,Male,XY,12
Animalia|Insecta|Diptera|Tachinidae|Lydella|grisescens,Animalia,Insecta,Diptera,Tachinidae,Lydella,grisescens,Achiasmatic,Male,XY,12
Animalia|Insecta|Diptera|Tachinidae|Madremyia|saundersii,Animalia,Insecta,Diptera,Tachinidae,Madremyia,saundersii,Achiasmatic,Male,XY,12
Animalia|Insecta|Diptera|Tachinidae|Mercia|ampelus,Animalia,Insecta,Diptera,Tachinidae,Mercia,ampelus,Achiasmatic,Male,XY,12
Animalia|Insecta|Diptera|Tachinidae|Nemorella|pyste,Animalia,Insecta,Diptera,Tachinidae,Nemorella,pyste,Achiasmatic,Male,XY,12
Animalia|Insecta|Diptera|Tachinidae|Neophorocera|hamata,Animalia,Insecta,Diptera,Tachinidae,Neophorocera,hamata,Achiasmatic,Male,XY,12
Animalia|Insecta|Diptera|Tachinidae|Omoloma|fumiferanae,Animalia,Insecta,Diptera,Tachinidae,Omoloma,fumiferanae,Achiasmatic,Male,XY,12
Animalia|Insecta|Diptera|Tachinidae|Omotoma|fumiferonae,Animalia,Insecta,Diptera,Tachinidae,Omotoma,fumiferonae,Achiasmatic,Male,XY,12
Animalia|Insecta|Diptera|Tachinidae|Peletieria|iterans,Animalia,Insecta,Diptera,Tachinidae,Peletieria,iterans,Achiasmatic,Male,XY,12
Animalia|Insecta|Diptera|Tachinidae|Phorocera|hamata,Animalia,Insecta,Diptera,Tachinidae,Phorocera,hamata,Achiasmatic,Male,XY,12
Animalia|Insecta|Diptera|Tachinidae|Phryxe|pecosensis,Animalia,Insecta,Diptera,Tachinidae,Phryxe,pecosensis,Achiasmatic,Male,XY,12
Animalia|Insecta|Diptera|Tachinidae|Spathimeigenia|sp.,Animalia,Insecta,Diptera,Tachinidae,Spathimeigenia,sp.,Achiasmatic,Male,XY,12
Animalia|Insecta|Diptera|Tachinidae|Voria|ruralis,Animalia,Insecta,Diptera,Tachinidae,Voria,ruralis,Achiasmatic,Male,NA,12
Animalia|Insecta|Diptera|Tachinidae|Winthemia|datanae,Animalia,Insecta,Diptera,Tachinidae,Winthemia,datanae,Achiasmatic,Male,XY,12
Animalia|Insecta|Diptera|Tachinidae|Winthemia|occidentis,Animalia,Insecta,Diptera,Tachinidae,Winthemia,occidentis,Achiasmatic,Male,XY,12
Animalia|Insecta|Diptera|Tachinidae|Winthemia|rufopicta,Animalia,Insecta,Diptera,Tachinidae,Winthemia,rufopicta,Achiasmatic,Male,XY,12
Animalia|Insecta|Diptera|Tephritidae|Acinia|fucata,Animalia,Insecta,Diptera,Tephritidae,Acinia,fucata,Achiasmatic,Male,ZW,12
Animalia|Insecta|Diptera|Tephritidae|Acinia|mallochi,Animalia,Insecta,Diptera,Tephritidae,Acinia,mallochi,Achiasmatic,Male,ZW,12
Animalia|Insecta|Diptera|Tephritidae|Afrodacus|jarvisi,Animalia,Insecta,Diptera,Tephritidae,Afrodacus,jarvisi,Achiasmatic,Male,XY,14
Animalia|Insecta|Diptera|Tephritidae|Anastepha|ludens,Animalia,Insecta,Diptera,Tephritidae,Anastepha,ludens,Achiasmatic,Male,NA,10
Animalia|Insecta|Diptera|Tephritidae|Anastrepha|amita,Animalia,Insecta,Diptera,Tephritidae,Anastrepha,amita,Achiasmatic,Male,XY,12
Animalia|Insecta|Diptera|Tephritidae|Anastrepha|aphelocentema,Animalia,Insecta,Diptera,Tephritidae,Anastrepha,aphelocentema,Achiasmatic,Male,NA,12
Animalia|Insecta|Diptera|Tephritidae|Anastrepha|barnesi,Animalia,Insecta,Diptera,Tephritidae,Anastrepha,barnesi,Achiasmatic,Male,XY,12
Animalia|Insecta|Diptera|Tephritidae|Anastrepha|bistrigata,Animalia,Insecta,Diptera,Tephritidae,Anastrepha,bistrigata,Achiasmatic,Male,NA,12
Animalia|Insecta|Diptera|Tephritidae|Anastrepha|distincta,Animalia,Insecta,Diptera,Tephritidae,Anastrepha,distincta,Achiasmatic,Male,XY,12
Animalia|Insecta|Diptera|Tephritidae|Anastrepha|fraterculus,Animalia,Insecta,Diptera,Tephritidae,Anastrepha,fraterculus,Achiasmatic,Male,XY,12
Animalia|Insecta|Diptera|Tephritidae|Anastrepha|grandis,Animalia,Insecta,Diptera,Tephritidae,Anastrepha,grandis,Achiasmatic,Male,XY,12
Animalia|Insecta|Diptera|Tephritidae|Anastrepha|leptozona,Animalia,Insecta,Diptera,Tephritidae,Anastrepha,leptozona,Achiasmatic,Male,XY,10
Animalia|Insecta|Diptera|Tephritidae|Anastrepha|ludens,Animalia,Insecta,Diptera,Tephritidae,Anastrepha,ludens,Achiasmatic,Male,XY,12
Animalia|Insecta|Diptera|Tephritidae|Anastrepha|mombinpraeoptans,Animalia,Insecta,Diptera,Tephritidae,Anastrepha,mombinpraeoptans,Achiasmatic,Male,NA,12
Animalia|Insecta|Diptera|Tephritidae|Anastrepha|montei,Animalia,Insecta,Diptera,Tephritidae,Anastrepha,montei,Achiasmatic,Male,XY,8
Animalia|Insecta|Diptera|Tephritidae|Anastrepha|obliqua,Animalia,Insecta,Diptera,Tephritidae,Anastrepha,obliqua,Achiasmatic,Male,XY,12
Animalia|Insecta|Diptera|Tephritidae|Anastrepha|pickeli,Animalia,Insecta,Diptera,Tephritidae,Anastrepha,pickeli,Achiasmatic,Male,XY,8
Animalia|Insecta|Diptera|Tephritidae|Anastrepha|pseudoparallela,Animalia,Insecta,Diptera,Tephritidae,Anastrepha,pseudoparallela,Achiasmatic,Male,XY,12
Animalia|Insecta|Diptera|Tephritidae|Anastrepha|serpentina,Animalia,Insecta,Diptera,Tephritidae,Anastrepha,serpentina,Achiasmatic,Male,NA,12
Animalia|Insecta|Diptera|Tephritidae|Anastrepha|sororcula,Animalia,Insecta,Diptera,Tephritidae,Anastrepha,sororcula,Achiasmatic,Male,XY,12
Animalia|Insecta|Diptera|Tephritidae|Anastrepha|spatula,Animalia,Insecta,Diptera,Tephritidae,Anastrepha,spatula,Achiasmatic,Male,XY,12
Animalia|Insecta|Diptera|Tephritidae|Anastrepha|spatulata,Animalia,Insecta,Diptera,Tephritidae,Anastrepha,spatulata,Achiasmatic,Male,XY,12
Animalia|Insecta|Diptera|Tephritidae|Anastrepha|striata,Animalia,Insecta,Diptera,Tephritidae,Anastrepha,striata,Achiasmatic,Male,XY,12
Animalia|Insecta|Diptera|Tephritidae|Anastrepha|suspensa,Animalia,Insecta,Diptera,Tephritidae,Anastrepha,suspensa,Achiasmatic,Male,XY,12
Animalia|Insecta|Diptera|Tephritidae|Anastrepha|turpiniae,Animalia,Insecta,Diptera,Tephritidae,Anastrepha,turpiniae,Achiasmatic,Male,XY,12
Animalia|Insecta|Diptera|Tephritidae|Anastrepha|zenildae,Animalia,Insecta,Diptera,Tephritidae,Anastrepha,zenildae,Achiasmatic,Male,XY,12
Animalia|Insecta|Diptera|Tephritidae|Anastrepha|zuelaniae,Animalia,Insecta,Diptera,Tephritidae,Anastrepha,zuelaniae,Achiasmatic,Male,XY,12
Animalia|Insecta|Diptera|Tephritidae|Austrodacus|cucumis,Animalia,Insecta,Diptera,Tephritidae,Austrodacus,cucumis,Achiasmatic,Male,XY,12
Animalia|Insecta|Diptera|Tephritidae|Bactrocera|arecae,Animalia,Insecta,Diptera,Tephritidae,Bactrocera,arecae,Achiasmatic,Male,XY,12
Animalia|Insecta|Diptera|Tephritidae|Bactrocera|carambolae,Animalia,Insecta,Diptera,Tephritidae,Bactrocera,carambolae,Achiasmatic,Male,XY,12
Animalia|Insecta|Diptera|Tephritidae|Bactrocera|cucurbitae,Animalia,Insecta,Diptera,Tephritidae,Bactrocera,cucurbitae,Achiasmatic,Male,XY,12
Animalia|Insecta|Diptera|Tephritidae|Bactrocera|diversa,Animalia,Insecta,Diptera,Tephritidae,Bactrocera,diversa,Achiasmatic,Male,XY,12
Animalia|Insecta|Diptera|Tephritidae|Bactrocera|diversus,Animalia,Insecta,Diptera,Tephritidae,Bactrocera,diversus,Achiasmatic,Male,XY,12
Animalia|Insecta|Diptera|Tephritidae|Bactrocera|irvingiae,Animalia,Insecta,Diptera,Tephritidae,Bactrocera,irvingiae,Achiasmatic,Male,XY,12
Animalia|Insecta|Diptera|Tephritidae|Bactrocera|latifrons,Animalia,Insecta,Diptera,Tephritidae,Bactrocera,latifrons,Achiasmatic,Male,XY,12
Animalia|Insecta|Diptera|Tephritidae|Bactrocera|melastomatos,Animalia,Insecta,Diptera,Tephritidae,Bactrocera,melastomatos,Achiasmatic,Male,XY,12
Animalia|Insecta|Diptera|Tephritidae|Bactrocera|modican.comb.,Animalia,Insecta,Diptera,Tephritidae,Bactrocera,modican.comb.,Achiasmatic,Male,XY,12
Animalia|Insecta|Diptera|Tephritidae|Bactrocera|oleae,Animalia,Insecta,Diptera,Tephritidae,Bactrocera,oleae,Achiasmatic,Male,XY,12
Animalia|Insecta|Diptera|Tephritidae|Bactrocera|propinqua,Animalia,Insecta,Diptera,Tephritidae,Bactrocera,propinqua,Achiasmatic,Male,XY,12
Animalia|Insecta|Diptera|Tephritidae|Bactrocera|pyrifoliae,Animalia,Insecta,Diptera,Tephritidae,Bactrocera,pyrifoliae,Achiasmatic,Male,XY,12
Animalia|Insecta|Diptera|Tephritidae|Bactrocera|rubellan.comb.,Animalia,Insecta,Diptera,Tephritidae,Bactrocera,rubellan.comb.,Achiasmatic,Male,XY,12
Animalia|Insecta|Diptera|Tephritidae|Bactrocera|scutellaris,Animalia,Insecta,Diptera,Tephritidae,Bactrocera,scutellaris,Achiasmatic,Male,XY,12
Animalia|Insecta|Diptera|Tephritidae|Bactrocera|tau,Animalia,Insecta,Diptera,Tephritidae,Bactrocera,tau,Achiasmatic,Male,XY,12
Animalia|Insecta|Diptera|Tephritidae|Bactrocera|zonatus,Animalia,Insecta,Diptera,Tephritidae,Bactrocera,zonatus,Achiasmatic,Male,XY,12
Animalia|Insecta|Diptera|Tephritidae|Cecidocharella|borrichia,Animalia,Insecta,Diptera,Tephritidae,Cecidocharella,borrichia,Achiasmatic,Male,ZW,12
Animalia|Insecta|Diptera|Tephritidae|Ceratitis|capitata,Animalia,Insecta,Diptera,Tephritidae,Ceratitis,capitata,Achiasmatic,Male,XY,12
Animalia|Insecta|Diptera|Tephritidae|Ceratitis|fasciventris,Animalia,Insecta,Diptera,Tephritidae,Ceratitis,fasciventris,Achiasmatic,Male,NA,12
Animalia|Insecta|Diptera|Tephritidae|Ceratitis|rosa,Animalia,Insecta,Diptera,Tephritidae,Ceratitis,rosa,Achiasmatic,Male,XY,12
Animalia|Insecta|Diptera|Tephritidae|Chrysotrypanea|sp,Animalia,Insecta,Diptera,Tephritidae,Chrysotrypanea,sp,Achiasmatic,Male,ZW,12
Animalia|Insecta|Diptera|Tephritidae|Chrysotrypanea|trifasciata,Animalia,Insecta,Diptera,Tephritidae,Chrysotrypanea,trifasciata,Achiasmatic,Male,ZW,12
Animalia|Insecta|Diptera|Tephritidae|Dacus|ciliatus,Animalia,Insecta,Diptera,Tephritidae,Dacus,ciliatus,Achiasmatic,Male,XY,12
Animalia|Insecta|Diptera|Tephritidae|Dacus|olea,Animalia,Insecta,Diptera,Tephritidae,Dacus,olea,Achiasmatic,Male,XY,12
Animalia|Insecta|Diptera|Tephritidae|Dioxina|chilensis,Animalia,Insecta,Diptera,Tephritidae,Dioxina,chilensis,Achiasmatic,Male,NA,12
Animalia|Insecta|Diptera|Tephritidae|Diplodacus|sienatiles,Animalia,Insecta,Diptera,Tephritidae,Diplodacus,sienatiles,Achiasmatic,Male,XY,12
Animalia|Insecta|Diptera|Tephritidae|Dyseuaresta|impluvita,Animalia,Insecta,Diptera,Tephritidae,Dyseuaresta,impluvita,Achiasmatic,Male,NA,12
Animalia|Insecta|Diptera|Tephritidae|Dyseuaresta|mexicana,Animalia,Insecta,Diptera,Tephritidae,Dyseuaresta,mexicana,Achiasmatic,Male,NA,12
Animalia|Insecta|Diptera|Tephritidae|Epochra|canadensis,Animalia,Insecta,Diptera,Tephritidae,Epochra,canadensis,Achiasmatic,Male,XY,10
Animalia|Insecta|Diptera|Tephritidae|Euaresta|melanogaster,Animalia,Insecta,Diptera,Tephritidae,Euaresta,melanogaster,Achiasmatic,Male,NA,12
Animalia|Insecta|Diptera|Tephritidae|Procecidochares|utilis,Animalia,Insecta,Diptera,Tephritidae,Procecidochares,utilis,Achiasmatic,Male,XY,12
Animalia|Insecta|Diptera|Tephritidae|Rhachiptera|limbata,Animalia,Insecta,Diptera,Tephritidae,Rhachiptera,limbata,Achiasmatic,Male,ZW,12
Animalia|Insecta|Diptera|Tephritidae|Rhagoletis|basiola,Animalia,Insecta,Diptera,Tephritidae,Rhagoletis,basiola,Achiasmatic,Male,XY,10
Animalia|Insecta|Diptera|Tephritidae|Rhagoletis|berberedis,Animalia,Insecta,Diptera,Tephritidae,Rhagoletis,berberedis,Achiasmatic,Male,XY,12
Animalia|Insecta|Diptera|Tephritidae|Rhagoletis|berberidis,Animalia,Insecta,Diptera,Tephritidae,Rhagoletis,berberidis,Achiasmatic,Male,NA,12
Animalia|Insecta|Diptera|Tephritidae|Rhagoletis|berberis,Animalia,Insecta,Diptera,Tephritidae,Rhagoletis,berberis,Achiasmatic,Male,NA,10
Animalia|Insecta|Diptera|Tephritidae|Rhagoletis|boycei,Animalia,Insecta,Diptera,Tephritidae,Rhagoletis,boycei,Achiasmatic,Male,NA,12
Animalia|Insecta|Diptera|Tephritidae|Rhagoletis|cerasi,Animalia,Insecta,Diptera,Tephritidae,Rhagoletis,cerasi,Achiasmatic,Male,XY,12
Animalia|Insecta|Diptera|Tephritidae|Rhagoletis|cingulata,Animalia,Insecta,Diptera,Tephritidae,Rhagoletis,cingulata,Achiasmatic,Male,NA,12
Animalia|Insecta|Diptera|Tephritidae|Rhagoletis|completa,Animalia,Insecta,Diptera,Tephritidae,Rhagoletis,completa,Achiasmatic,Male,NA,12
Animalia|Insecta|Diptera|Tephritidae|Rhagoletis|conivora,Animalia,Insecta,Diptera,Tephritidae,Rhagoletis,conivora,Achiasmatic,Male,XY,12
Animalia|Insecta|Diptera|Tephritidae|Rhagoletis|conversa,Animalia,Insecta,Diptera,Tephritidae,Rhagoletis,conversa,Achiasmatic,Male,XY,12
Animalia|Insecta|Diptera|Tephritidae|Rhagoletis|fausta,Animalia,Insecta,Diptera,Tephritidae,Rhagoletis,fausta,Achiasmatic,Male,NA,12
Animalia|Insecta|Diptera|Tephritidae|Rhagoletis|indifferens,Animalia,Insecta,Diptera,Tephritidae,Rhagoletis,indifferens,Achiasmatic,Male,NA,12
Animalia|Insecta|Diptera|Tephritidae|Rhagoletis|jungladis,Animalia,Insecta,Diptera,Tephritidae,Rhagoletis,jungladis,Achiasmatic,Male,NA,12
Animalia|Insecta|Diptera|Tephritidae|Rhagoletis|juniperina,Animalia,Insecta,Diptera,Tephritidae,Rhagoletis,juniperina,Achiasmatic,Male,NA,12
Animalia|Insecta|Diptera|Tephritidae|Rhagoletis|meigeni,Animalia,Insecta,Diptera,Tephritidae,Rhagoletis,meigeni,Achiasmatic,Male,XO,10
Animalia|Insecta|Diptera|Tephritidae|Rhagoletis|mendax,Animalia,Insecta,Diptera,Tephritidae,Rhagoletis,mendax,Achiasmatic,Male,NA,12
Animalia|Insecta|Diptera|Tephritidae|Rhagoletis|nova,Animalia,Insecta,Diptera,Tephritidae,Rhagoletis,nova,Achiasmatic,Male,XY,12
Animalia|Insecta|Diptera|Tephritidae|Rhagoletis|pomella,Animalia,Insecta,Diptera,Tephritidae,Rhagoletis,pomella,Achiasmatic,Male,NA,12
Animalia|Insecta|Diptera|Tephritidae|Rhagoletis|ribicola,Animalia,Insecta,Diptera,Tephritidae,Rhagoletis,ribicola,Achiasmatic,Male,NA,12
Animalia|Insecta|Diptera|Tephritidae|Rhagoletis|striatelia,Animalia,Insecta,Diptera,Tephritidae,Rhagoletis,striatelia,Achiasmatic,Male,NA,12
Animalia|Insecta|Diptera|Tephritidae|Rhagoletis|suavis,Animalia,Insecta,Diptera,Tephritidae,Rhagoletis,suavis,Achiasmatic,Male,NA,12
Animalia|Insecta|Diptera|Tephritidae|Rhagoletis|tabelaria,Animalia,Insecta,Diptera,Tephritidae,Rhagoletis,tabelaria,Achiasmatic,Male,NA,12
Animalia|Insecta|Diptera|Tephritidae|Rhagoletis|tomatis,Animalia,Insecta,Diptera,Tephritidae,Rhagoletis,tomatis,Achiasmatic,Male,XY,12
Animalia|Insecta|Diptera|Tephritidae|Rhagoletis|zephyria,Animalia,Insecta,Diptera,Tephritidae,Rhagoletis,zephyria,Achiasmatic,Male,NA,12
Animalia|Insecta|Diptera|Tephritidae|Rhagoletis|zoqui,Animalia,Insecta,Diptera,Tephritidae,Rhagoletis,zoqui,Achiasmatic,Male,NA,12
Animalia|Insecta|Diptera|Tephritidae|Strumata|bryoniae,Animalia,Insecta,Diptera,Tephritidae,Strumata,bryoniae,Achiasmatic,Male,XY,12
Animalia|Insecta|Diptera|Tephritidae|Strumata|cacuminata,Animalia,Insecta,Diptera,Tephritidae,Strumata,cacuminata,Achiasmatic,Male,XY,12
Animalia|Insecta|Diptera|Tephritidae|Strumata|humeralis,Animalia,Insecta,Diptera,Tephritidae,Strumata,humeralis,Achiasmatic,Male,XY,12
Animalia|Insecta|Diptera|Tephritidae|Strumata|tryoni,Animalia,Insecta,Diptera,Tephritidae,Strumata,tryoni,Achiasmatic,Male,XY,12
Animalia|Insecta|Diptera|Tephritidae|Tehpritis|arnicae,Animalia,Insecta,Diptera,Tephritidae,Tehpritis,arnicae,Achiasmatic,Male,XY,12
Animalia|Insecta|Diptera|Tephritidae|Tephritis|arnicae,Animalia,Insecta,Diptera,Tephritidae,Tephritis,arnicae,Achiasmatic,Male,XO,12
Animalia|Insecta|Diptera|Tephritidae|Tephritis|sp.,Animalia,Insecta,Diptera,Tephritidae,Tephritis,sp.,Achiasmatic,Male,ZW,12
Animalia|Insecta|Diptera|Tephritidae|Trirhithrum|coffeae,Animalia,Insecta,Diptera,Tephritidae,Trirhithrum,coffeae,Achiasmatic,Male,XY,12
Animalia|Insecta|Diptera|Tephritidae|Trupanea|chrysanthemifolii,Animalia,Insecta,Diptera,Tephritidae,Trupanea,chrysanthemifolii,Achiasmatic,Male,NA,12
Animalia|Insecta|Diptera|Tephritidae|Trupanea|foliosi,Animalia,Insecta,Diptera,Tephritidae,Trupanea,foliosi,Achiasmatic,Male,NA,12
Animalia|Insecta|Diptera|Tephritidae|Trupanea|footei,Animalia,Insecta,Diptera,Tephritidae,Trupanea,footei,Achiasmatic,Male,NA,12
Animalia|Insecta|Diptera|Tephritidae|Trupanea|thuriferae,Animalia,Insecta,Diptera,Tephritidae,Trupanea,thuriferae,Achiasmatic,Male,NA,12
Animalia|Insecta|Diptera|Tephritidae|Trypanaresta|marisolae,Animalia,Insecta,Diptera,Tephritidae,Trypanaresta,marisolae,Achiasmatic,Male,NA,12
Animalia|Insecta|Diptera|Tephritidae|Zonosemata|electa,Animalia,Insecta,Diptera,Tephritidae,Zonosemata,electa,Achiasmatic,Male,XY,12
Animalia|Insecta|Diptera|Tephritidae|Zonosemata|vittigera,Animalia,Insecta,Diptera,Tephritidae,Zonosemata,vittigera,Achiasmatic,Male,XY,12
Animalia|Insecta|Diptera|Thaumaleidae|Thaumalea|testacea,Animalia,Insecta,Diptera,Thaumaleidae,Thaumalea,testacea,Achiasmatic,Male,XY,6
Animalia|Insecta|Diptera|Tipulidae|Tipula|maxima,Animalia,Insecta,Diptera,Tipulidae,Tipula,maxima,Achiasmatic,Male,NA,0
Animalia|Insecta|Diptera|Ulidiidae|Camptoneura|picta,Animalia,Insecta,Diptera,Ulidiidae,Camptoneura,picta,Achiasmatic,Male,NA,12
Animalia|Insecta|Diptera|Ulidiidae|Ceroxys|latiusculus,Animalia,Insecta,Diptera,Ulidiidae,Ceroxys,latiusculus,Achiasmatic,Male,XY,12
Animalia|Insecta|Diptera|Ulidiidae|Ceroxys|urticae,Animalia,Insecta,Diptera,Ulidiidae,Ceroxys,urticae,Achiasmatic,Male,XY,12
Animalia|Insecta|Diptera|Ulidiidae|Chaetopsis|fulvifrons,Animalia,Insecta,Diptera,Ulidiidae,Chaetopsis,fulvifrons,Achiasmatic,Male,NA,8
Animalia|Insecta|Diptera|Ulidiidae|Chaetopsis|ulvi,Animalia,Insecta,Diptera,Ulidiidae,Chaetopsis,ulvi,Achiasmatic,Male,NA,8
Animalia|Insecta|Diptera|Ulidiidae|Delphinia|picta,Animalia,Insecta,Diptera,Ulidiidae,Delphinia,picta,Achiasmatic,Male,XY,12
Animalia|Insecta|Diptera|Ulidiidae|Euxesta|notata,Animalia,Insecta,Diptera,Ulidiidae,Euxesta,notata,Achiasmatic,Male,XY,12
Animalia|Insecta|Diptera|Ulidiidae|Euxesta|notatasp.1,Animalia,Insecta,Diptera,Ulidiidae,Euxesta,notatasp.1,Achiasmatic,Male,XY,12
Animalia|Insecta|Diptera|Ulidiidae|Euxesta|notatasp.2,Animalia,Insecta,Diptera,Ulidiidae,Euxesta,notatasp.2,Achiasmatic,Male,XY,12
Animalia|Insecta|Diptera|Ulidiidae|Euxesta|sp1.,Animalia,Insecta,Diptera,Ulidiidae,Euxesta,sp1.,Achiasmatic,Male,XY,12
Animalia|Insecta|Diptera|Ulidiidae|Euxesta|sp2.,Animalia,Insecta,Diptera,Ulidiidae,Euxesta,sp2.,Achiasmatic,Male,XY,12
Animalia|Insecta|Diptera|Ulidiidae|Melieria|crassipennis,Animalia,Insecta,Diptera,Ulidiidae,Melieria,crassipennis,Achiasmatic,Male,XY,8
Animalia|Insecta|Diptera|Ulidiidae|Melieria|crassipennisI,Animalia,Insecta,Diptera,Ulidiidae,Melieria,crassipennisI,Achiasmatic,Male,XY,8
Animalia|Insecta|Diptera|Ulidiidae|Melieria|crassipennisII,Animalia,Insecta,Diptera,Ulidiidae,Melieria,crassipennisII,Achiasmatic,Male,XY,8
Animalia|Insecta|Diptera|Ulidiidae|Myrmecotheca|myrmecoides,Animalia,Insecta,Diptera,Ulidiidae,Myrmecotheca,myrmecoides,Achiasmatic,Male,XY,12
Animalia|Insecta|Diptera|Ulidiidae|Physiphora|aenea,Animalia,Insecta,Diptera,Ulidiidae,Physiphora,aenea,Achiasmatic,Male,XY,10
Animalia|Insecta|Diptera|Ulidiidae|Pterocalla|sp.,Animalia,Insecta,Diptera,Ulidiidae,Pterocalla,sp.,Achiasmatic,Male,XY,10
Animalia|Insecta|Diptera|Ulidiidae|Seioptera|vibrans,Animalia,Insecta,Diptera,Ulidiidae,Seioptera,vibrans,Achiasmatic,Male,XY,6
Animalia|Insecta|Diptera|Xylomyidae|Solva|pallipes,Animalia,Insecta,Diptera,Xylomyidae,Solva,pallipes,Achiasmatic,Male,XY,10
Animalia|Insecta|Hemiptera|Belostomatidae|Belostoma|candidulum,Animalia,Insecta,Hemiptera,Belostomatidae,Belostoma,candidulum,Achiasmatic,NA,NA,14
Animalia|Insecta|Hemiptera|Belostomatidae|Belostoma|cummings,Animalia,Insecta,Hemiptera,Belostomatidae,Belostoma,cummings,Achiasmatic,NA,NA,22
Animalia|Insecta|Hemiptera|Belostomatidae|Belostoma|dentatum,Animalia,Insecta,Hemiptera,Belostomatidae,Belostoma,dentatum,Achiasmatic,NA,NA,26
Animalia|Insecta|Hemiptera|Belostomatidae|Belostoma|dialatatum,Animalia,Insecta,Hemiptera,Belostomatidae,Belostoma,dialatatum,Achiasmatic,NA,NA,26
Animalia|Insecta|Hemiptera|Belostomatidae|Belostoma|discretum,Animalia,Insecta,Hemiptera,Belostomatidae,Belostoma,discretum,Achiasmatic,NA,NA,26
Animalia|Insecta|Hemiptera|Belostomatidae|Belostoma|elongatum,Animalia,Insecta,Hemiptera,Belostomatidae,Belostoma,elongatum,Achiasmatic,NA,NA,26
Animalia|Insecta|Hemiptera|Belostomatidae|Belostoma|gestroi,Animalia,Insecta,Hemiptera,Belostomatidae,Belostoma,gestroi,Achiasmatic,NA,NA,26
Animalia|Insecta|Hemiptera|Belostomatidae|Belostoma|horvathi,Animalia,Insecta,Hemiptera,Belostomatidae,Belostoma,horvathi,Achiasmatic,NA,NA,14
Animalia|Insecta|Hemiptera|Belostomatidae|Belostoma|sp.,Animalia,Insecta,Hemiptera,Belostomatidae,Belostoma,sp.,Achiasmatic,Male,XY,16
Animalia|Insecta|Hemiptera|Belostomatidae|Belostoma|testacopallidum,Animalia,Insecta,Hemiptera,Belostomatidae,Belostoma,testacopallidum,Achiasmatic,NA,NA,26
Animalia|Insecta|Hemiptera|Cimicidae|Acanthocrios|furnarii,Animalia,Insecta,Hemiptera,Cimicidae,Acanthocrios,furnarii,Achiasmatic,Male,XY,12
Animalia|Insecta|Hemiptera|Cimicidae|Cimex|sp.,Animalia,Insecta,Hemiptera,Cimicidae,Cimex,sp.,Achiasmatic,Male,NA,0
Animalia|Insecta|Hemiptera|Cimicidae|Cyanolicimex|patagonicus,Animalia,Insecta,Hemiptera,Cimicidae,Cyanolicimex,patagonicus,Achiasmatic,Male,XY,31
Animalia|Insecta|Hemiptera|Cimicidae|Psitticimex|uritui,Animalia,Insecta,Hemiptera,Cimicidae,Psitticimex,uritui,Achiasmatic,Male,XY,28
Animalia|Insecta|Hemiptera|Cimicinae|Cimex|sp,Animalia,Insecta,Hemiptera,Cimicinae,Cimex,sp,Achiasmatic,Male,NA,28
Animalia|Insecta|Hemiptera|Coreidae|Camptischium|clavipes,Animalia,Insecta,Hemiptera,Coreidae,Camptischium,clavipes,Achiasmatic,NA,NA,21
Animalia|Insecta|Hemiptera|Corixidae|Cymatia|coleoptrata,Animalia,Insecta,Hemiptera,Corixidae,Cymatia,coleoptrata,Achiasmatic,Male,XY,24
Animalia|Insecta|Hemiptera|Corixidae|Cymatia|rogenhoferi,Animalia,Insecta,Hemiptera,Corixidae,Cymatia,rogenhoferi,Achiasmatic,Male,XY,33
Animalia|Insecta|Hemiptera|Largidae|Largus|rufipennis,Animalia,Insecta,Hemiptera,Largidae,Largus,rufipennis,Achiasmatic,Male,NA,13
Animalia|Insecta|Hemiptera|Micronectidae|Micronecta|griseola,Animalia,Insecta,Hemiptera,Micronectidae,Micronecta,griseola,Achiasmatic,Male,XY,22
Animalia|Insecta|Hemiptera|Micronectidae|Micronecta|poweri,Animalia,Insecta,Hemiptera,Micronectidae,Micronecta,poweri,Achiasmatic,Male,XY,22
Animalia|Insecta|Hemiptera|Micronectidae|Micronecta|scholtzi,Animalia,Insecta,Hemiptera,Micronectidae,Micronecta,scholtzi,Achiasmatic,Male,XY,22
Animalia|Insecta|Hemiptera|Micronectidae|Tenagobia|fuscata,Animalia,Insecta,Hemiptera,Micronectidae,Tenagobia,fuscata,Achiasmatic,Male,XY,28
Animalia|Insecta|Hemiptera|Miridae|Calocoris|quadripunctatus,Animalia,Insecta,Hemiptera,Miridae,Calocoris,quadripunctatus,Achiasmatic,Male,NA,0
Animalia|Insecta|Hemiptera|Miridae|Capsus|ater,Animalia,Insecta,Hemiptera,Miridae,Capsus,ater,Achiasmatic,Male,NA,32
Animalia|Insecta|Hemiptera|Miridae|Myrmedobia|coleoptrata,Animalia,Insecta,Hemiptera,Miridae,Myrmedobia,coleoptrata,Achiasmatic,Male,XY,14
Animalia|Insecta|Hemiptera|Miridae|Pilophorus|cinnamopterus,Animalia,Insecta,Hemiptera,Miridae,Pilophorus,cinnamopterus,Achiasmatic,Male,NA,0
Animalia|Insecta|Hemiptera|Miridae|Plagiognathus|arbustorum,Animalia,Insecta,Hemiptera,Miridae,Plagiognathus,arbustorum,Achiasmatic,Male,XY,12
Animalia|Insecta|Hemiptera|Nabidae|Himacerus|apterus,Animalia,Insecta,Hemiptera,Nabidae,Himacerus,apterus,Distance Pairing,Male,XY,18
Animalia|Insecta|Hemiptera|Nabidae|Himacerus|maracandicus,Animalia,Insecta,Hemiptera,Nabidae,Himacerus,maracandicus,Distance pairing,Male,XY,34
Animalia|Insecta|Hemiptera|Nabidae|Himacerus|mirmicoides,Animalia,Insecta,Hemiptera,Nabidae,Himacerus,mirmicoides,Distance pairing,Male,XY,34
Animalia|Insecta|Hemiptera|Nabidae|Hoplistoscelis|sordidus,Animalia,Insecta,Hemiptera,Nabidae,Hoplistoscelis,sordidus,Distance pairing,Male,XY,18
Animalia|Insecta|Hemiptera|Nabidae|Nabis|brevis,Animalia,Insecta,Hemiptera,Nabidae,Nabis,brevis,Achiasmatic,Male,XY,18
Animalia|Insecta|Hemiptera|Nabidae|Nabis|ericetorum,Animalia,Insecta,Hemiptera,Nabidae,Nabis,ericetorum,Distance Pairing,NA,NA,0
Animalia|Insecta|Hemiptera|Nabidae|Nabis|ferus,Animalia,Insecta,Hemiptera,Nabidae,Nabis,ferus,Distance pairing,Male,XY,18
Animalia|Insecta|Hemiptera|Nabidae|Nabis|flavomarginatus,Animalia,Insecta,Hemiptera,Nabidae,Nabis,flavomarginatus,Achiasmatic,Male,XY,18
Animalia|Insecta|Hemiptera|Nabidae|Nabis|indicus,Animalia,Insecta,Hemiptera,Nabidae,Nabis,indicus,Distance pairing,Male,XY,34
Animalia|Insecta|Hemiptera|Nabidae|Nabis|limbatrus,Animalia,Insecta,Hemiptera,Nabidae,Nabis,limbatrus,Distance Pairing,NA,NA,0
Animalia|Insecta|Hemiptera|Nabidae|Nabis|limbatus,Animalia,Insecta,Hemiptera,Nabidae,Nabis,limbatus,Achiasmatic,Male,XY,18
Animalia|Insecta|Hemiptera|Nabidae|Nabis|meridionalis,Animalia,Insecta,Hemiptera,Nabidae,Nabis,meridionalis,Distance pairing,Male,XY,18
Animalia|Insecta|Hemiptera|Nabidae|Nabis|pallidus,Animalia,Insecta,Hemiptera,Nabidae,Nabis,pallidus,Distance pairing,Male,XY,34
Animalia|Insecta|Hemiptera|Nabidae|Nabis|pseudoferus,Animalia,Insecta,Hemiptera,Nabidae,Nabis,pseudoferus,Distance pairing,Male,XY,18
Animalia|Insecta|Hemiptera|Nabidae|Nabis|pseudoferuspseudoferus,Animalia,Insecta,Hemiptera,Nabidae,Nabis,pseudoferus pseudoferus,Distance Pairing,NA,NA,0
Animalia|Insecta|Hemiptera|Nabidae|Nabis|punctatus,Animalia,Insecta,Hemiptera,Nabidae,Nabis,punctatus,Distance pairing,Male,XY,18
Animalia|Insecta|Hemiptera|Nabidae|Nabis|reuteri,Animalia,Insecta,Hemiptera,Nabidae,Nabis,reuteri,Distance pairing,Male,XY,18
Animalia|Insecta|Hemiptera|Nabidae|Nabis|rugosus,Animalia,Insecta,Hemiptera,Nabidae,Nabis,rugosus,Distance pairing,Male,XY,18
Animalia|Insecta|Hemiptera|Nabidae|Nabis|sareptanus,Animalia,Insecta,Hemiptera,Nabidae,Nabis,sareptanus,Distance pairing,Male,XY,34
Animalia|Insecta|Hemiptera|Nabidae|Nabis|sp.,Animalia,Insecta,Hemiptera,Nabidae,Nabis,sp.,Achiasmatic,NA,NA,0
Animalia|Insecta|Hemiptera|Nabidae|Nabis|stenoferus,Animalia,Insecta,Hemiptera,Nabidae,Nabis,stenoferus,Distance pairing,Male,XY,18
Animalia|Insecta|Hemiptera|Nabidae|Nabis|tesquorum,Animalia,Insecta,Hemiptera,Nabidae,Nabis,tesquorum,Distance pairing,Male,XY,18
Animalia|Insecta|Hemiptera|Nabidae|Nabis|ussuriensis,Animalia,Insecta,Hemiptera,Nabidae,Nabis,ussuriensis,Distance pairing,Male,XY,18
Animalia|Insecta|Hemiptera|Nabidae|Nabis|viridulus,Animalia,Insecta,Hemiptera,Nabidae,Nabis,viridulus,Distance pairing,Male,XY,34
Animalia|Insecta|Hemiptera|Nabidae|Pagasa|fusca,Animalia,Insecta,Hemiptera,Nabidae,Pagasa,fusca,Distance pairing,Male,XY,28
Animalia|Insecta|Hemiptera|Pentatomidae|Acledra|bonariensis,Animalia,Insecta,Hemiptera,Pentatomidae,Acledra,bonariensis,Achiasmatic,Male,XY,12
Animalia|Insecta|Hemiptera|Pentatomidae|Acledra|kinbergii,Animalia,Insecta,Hemiptera,Pentatomidae,Acledra,kinbergii,Achiasmatic,Male,XY,14
Animalia|Insecta|Hemiptera|Pentatomidae|Acledra|modesta,Animalia,Insecta,Hemiptera,Pentatomidae,Acledra,modesta,Achiasmatic,Male,XY,14
Animalia|Insecta|Hemiptera|Pentatomidae|Loxa|flavicolis,Animalia,Insecta,Hemiptera,Pentatomidae,Loxa,flavicolis,Asynaptic,NA,NA,0
Animalia|Insecta|Hemiptera|Psyllidae|Cacopsylla|myrtilli,Animalia,Insecta,Hemiptera,Psyllidae,Cacopsylla,myrtilli,Asynaptic,Male,XY,0
Animalia|Insecta|Hemiptera|Psyllidae|Cacopsylla|peregrina,Animalia,Insecta,Hemiptera,Psyllidae,Cacopsylla,peregrina,Achiasmatic,Male,XY,0
Animalia|Insecta|Hemiptera|Psyllidae|Heteropsylla|cubana,Animalia,Insecta,Hemiptera,Psyllidae,Heteropsylla,cubana,Achiasmatic,Male,XY,24
Animalia|Insecta|Hemiptera|Pyrrhocoridae|Dysdercus|intermedius,Animalia,Insecta,Hemiptera,Pyrrhocoridae,Dysdercus,intermedius,Achiasmatic,Male,NA,0
Animalia|Insecta|Hemiptera|Reduviidae|Microtomus|lunifer,Animalia,Insecta,Hemiptera,Reduviidae,Microtomus,lunifer,Achiasmatic,Male,XY,31
Animalia|Insecta|Hemiptera|Reduviidae|Rhodnius|pallescens,Animalia,Insecta,Hemiptera,Reduviidae,Rhodnius,pallescens,Achiasmatic,NA,NA,22
Animalia|Insecta|Hemiptera|Saldidae|Saldula|orthochila,Animalia,Insecta,Hemiptera,Saldidae,Saldula,orthochila,Achiasmatic,Male,XY,32
Animalia|Insecta|Hemiptera|Saldidae|Saldula|saltatoria,Animalia,Insecta,Hemiptera,Saldidae,Saldula,saltatoria,Achiasmatic,Male,XY,32
Animalia|Insecta|Hemiptera|Saldidae|Saluda|orthothila,Animalia,Insecta,Hemiptera,Saldidae,Saluda,orthothila,Achiasmatic,Male,XY,35
Animalia|Insecta|Hemiptera|Saldidae|Saluda|saltatoria,Animalia,Insecta,Hemiptera,Saldidae,Saluda,saltatoria,Achiasmatic,Male,XO,36
Animalia|Insecta|Hempitera|Reduviidae|Triatoma|melanosoma,Animalia,Insecta,Hempitera,Reduviidae,Triatoma,melanosoma,Achiasmatic,Male,XY,22
Animalia|Insecta|Hymenoptera|Trichogrammatidae|Trichogramma|cacoeciae,Animalia,Insecta,Hymenoptera,Trichogrammatidae,Trichogramma,cacoeciae,Achiasmatic,Female,NA,10
Animalia|Insecta|Lepidoptera|Acrididae|Aiolopus|thalassiunus,Animalia,Insecta,Lepidoptera,Acrididae,Aiolopus,thalassiunus,Asynaptic,Male,NA,0
Animalia|Insecta|Lepidoptera|Belostomatidae|Belostoma|angustum,Animalia,Insecta,Lepidoptera,Belostomatidae,Belostoma,angustum,Achiasmatic,Female,ZW,29
Animalia|Insecta|Lepidoptera|Belostomatidae|Belostoma|nessimiani,Animalia,Insecta,Lepidoptera,Belostomatidae,Belostoma,nessimiani,Achiasmatic,Female,ZW,16
Animalia|Insecta|Lepidoptera|Belostomatidae|Belostoma|sanctulum,Animalia,Insecta,Lepidoptera,Belostomatidae,Belostoma,sanctulum,Achiasmatic,Female,ZW,16
Animalia|Insecta|Lepidoptera|Bombycidae|Bombyx|mandarina,Animalia,Insecta,Lepidoptera,Bombycidae,Bombyx,mandarina,Achiasmatic,Female,NA,0
Animalia|Insecta|Lepidoptera|Bombycidae|Bombyx|mori,Animalia,Insecta,Lepidoptera,Bombycidae,Bombyx,mori,Achiasmatic,Female,NA,0
Animalia|Insecta|Lepidoptera|Erebidae|Orgyia|antiqua,Animalia,Insecta,Lepidoptera,Erebidae,Orgyia,antiqua,Achiasmatic,Female,NA,28
Animalia|Insecta|Lepidoptera|Erebidae|Orgyia|thyellina,Animalia,Insecta,Lepidoptera,Erebidae,Orgyia,thyellina,Achiasmatic,Female,NA,22
Animalia|Insecta|Lepidoptera|Eriocraniidae|Eriocrania|semipurpurella,Animalia,Insecta,Lepidoptera,Eriocraniidae,Eriocrania,semipurpurella,Achiasmatic,Female,NA,0
Animalia|Insecta|Lepidoptera|Geometridae|Cidaria|variata,Animalia,Insecta,Lepidoptera,Geometridae,Cidaria,variata,Achiasmatic,Female,NA,0
Animalia|Insecta|Lepidoptera|Geometridae|Cideria|sp.,Animalia,Insecta,Lepidoptera,Geometridae,Cideria,sp.,Achiasmatic,Female,NA,0
Animalia|Insecta|Lepidoptera|Gracillariidae|Cameraria|ohridella,Animalia,Insecta,Lepidoptera,Gracillariidae,Cameraria,ohridella,Achiasmatic,Female,ZW,60
Animalia|Insecta|Lepidoptera|Hepialidae|Hepialus|hecta,Animalia,Insecta,Lepidoptera,Hepialidae,Hepialus,hecta,Achiasmatic,Female,NA,0
Animalia|Insecta|Lepidoptera|Incurvariidae|Incurvaria|pectinea,Animalia,Insecta,Lepidoptera,Incurvariidae,Incurvaria,pectinea,Achiasmatic,Female,NA,0
Animalia|Insecta|Lepidoptera|Lasiocampidae|Trabala|vishnu,Animalia,Insecta,Lepidoptera,Lasiocampidae,Trabala,vishnu,Achiasmatic,Female,ZW,51
Animalia|Insecta|Lepidoptera|Lycaenidae|Polyommatus|admetusmalievi,Animalia,Insecta,Lepidoptera,Lycaenidae,Polyommatus,admetus malievi,Asynaptic,Male,NA,160
Animalia|Insecta|Lepidoptera|Lycaenidae|Polyommatus|atlanticus,Animalia,Insecta,Lepidoptera,Lycaenidae,Polyommatus,atlanticus,Asynaptic,Male,NA,0
Animalia|Insecta|Lepidoptera|Lycaenidae|Polyommatus|bograbirjandensis,Animalia,Insecta,Lepidoptera,Lycaenidae,Polyommatus,bogra birjandensis,Asynaptic,Male,NA,106
Animalia|Insecta|Lepidoptera|Lycaenidae|Polyommatus|ripartiipelopi,Animalia,Insecta,Lepidoptera,Lycaenidae,Polyommatus,ripartii pelopi,Asynaptic,Male,NA,180
Animalia|Insecta|Lepidoptera|Lycaenidae|Polyommatus|rjabovianusmasul,Animalia,Insecta,Lepidoptera,Lycaenidae,Polyommatus,rjabovianus masul,Asynaptic,Male,NA,86
Animalia|Insecta|Lepidoptera|Lycaenidae|Polyommatus|rjabovianusrjabovianus,Animalia,Insecta,Lepidoptera,Lycaenidae,Polyommatus,rjabovianus rjabovianus,Asynaptic,Male,NA,98
Animalia|Insecta|Lepidoptera|Lycaenidae|Polyommatus|shirkuhensis,Animalia,Insecta,Lepidoptera,Lycaenidae,Polyommatus,shirkuhensis,Asynaptic,Male,NA,42
Animalia|Insecta|Lepidoptera|Lycaenidae|Polyommatus|valiabadi,Animalia,Insecta,Lepidoptera,Lycaenidae,Polyommatus,valiabadi,Asynaptic,Male,NA,46
Animalia|Insecta|Lepidoptera|Micropterigidae|Micropteryx|aureatella,Animalia,Insecta,Lepidoptera,Micropterigidae,Micropteryx,aureatella,Achiasmatic,Female,NA,0
Animalia|Insecta|Lepidoptera|Noctuidae|Euxoa|annir,Animalia,Insecta,Lepidoptera,Noctuidae,Euxoa,annir,Achiasmatic,Female,NA,62
Animalia|Insecta|Lepidoptera|Noctuidae|Euxoa|biformata,Animalia,Insecta,Lepidoptera,Noctuidae,Euxoa,biformata,Achiasmatic,Female,NA,62
Animalia|Insecta|Lepidoptera|Noctuidae|Euxoa|declarata,Animalia,Insecta,Lepidoptera,Noctuidae,Euxoa,declarata,Achiasmatic,Female,NA,62
Animalia|Insecta|Lepidoptera|Noctuidae|Euxoa|messoria,Animalia,Insecta,Lepidoptera,Noctuidae,Euxoa,messoria,Achiasmatic,Female,NA,62
Animalia|Insecta|Lepidoptera|Noctuidae|Euxoa|rockburnei,Animalia,Insecta,Lepidoptera,Noctuidae,Euxoa,rockburnei,Achiasmatic,Female,NA,62
Animalia|Insecta|Lepidoptera|Noctuidae|Euxoa|shasta,Animalia,Insecta,Lepidoptera,Noctuidae,Euxoa,shasta,Achiasmatic,Female,NA,62
Animalia|Insecta|Lepidoptera|Noctuidae|Helicoverpa|armigera,Animalia,Insecta,Lepidoptera,Noctuidae,Helicoverpa,armigera,Achiasmatic,Female,NA,62
Animalia|Insecta|Lepidoptera|Noctuidae|Helicoverpa|punctigera,Animalia,Insecta,Lepidoptera,Noctuidae,Helicoverpa,punctigera,Achiasmatic,Female,NA,62
Animalia|Insecta|Lepidoptera|Noctuidae|Heliothis|subflexa,Animalia,Insecta,Lepidoptera,Noctuidae,Heliothis,subflexa,Asynaptic,Male,NA,0
Animalia|Insecta|Lepidoptera|Noctuidae|Heliothis|virescens,Animalia,Insecta,Lepidoptera,Noctuidae,Heliothis,virescens,Achiasmatic,Female,NA,0
Animalia|Insecta|Lepidoptera|Noctuidae|Orgyia|ericue,Animalia,Insecta,Lepidoptera,Noctuidae,Orgyia,ericue,Achiasmatic,Female,NA,60
Animalia|Insecta|Lepidoptera|Noctuidae|Orgyia|recens,Animalia,Insecta,Lepidoptera,Noctuidae,Orgyia,recens,Achiasmatic,Female,NA,60
Animalia|Insecta|Lepidoptera|Noctuidae|Orgyia|thyellina,Animalia,Insecta,Lepidoptera,Noctuidae,Orgyia,thyellina,Achiasmatic,Female,NA,22
Animalia|Insecta|Lepidoptera|Nymphalidae|Agraulis|vanillae,Animalia,Insecta,Lepidoptera,Nymphalidae,Agraulis,vanillae,Achiasmatic,Female,NA,0
Animalia|Insecta|Lepidoptera|Nymphalidae|Charaxes|jasius,Animalia,Insecta,Lepidoptera,Nymphalidae,Charaxes,jasius,Achiasmatic,Both,ZW,50
Animalia|Insecta|Lepidoptera|Nymphalidae|Charexes|jasius,Animalia,Insecta,Lepidoptera,Nymphalidae,Charexes,jasius,Achiasmatic,Female,NA,0
Animalia|Insecta|Lepidoptera|Nymphalidae|Danaus|chrysippus,Animalia,Insecta,Lepidoptera,Nymphalidae,Danaus,chrysippus,Achiasmatic,Female,NA,0
Animalia|Insecta|Lepidoptera|Nymphalidae|Danaus|melanogaster,Animalia,Insecta,Lepidoptera,Nymphalidae,Danaus,melanogaster,Achiasmatic,Male,NA,0
Animalia|Insecta|Lepidoptera|Nymphalidae|Danaus|plexippus,Animalia,Insecta,Lepidoptera,Nymphalidae,Danaus,plexippus,Achiasmatic,Male,NA,0
Animalia|Insecta|Lepidoptera|Nymphalidae|Dryadula|phaetusa,Animalia,Insecta,Lepidoptera,Nymphalidae,Dryadula,phaetusa,Achiasmatic,Female,NA,0
Animalia|Insecta|Lepidoptera|Nymphalidae|Heliconius|aliphera,Animalia,Insecta,Lepidoptera,Nymphalidae,Heliconius,aliphera,Achiasmatic,Female,NA,0
Animalia|Insecta|Lepidoptera|Nymphalidae|Heliconius|doris,Animalia,Insecta,Lepidoptera,Nymphalidae,Heliconius,doris,Achiasmatic,Female,NA,0
Animalia|Insecta|Lepidoptera|Nymphalidae|Heliconius|erato,Animalia,Insecta,Lepidoptera,Nymphalidae,Heliconius,erato,Achiasmatic,Female,NA,0
Animalia|Insecta|Lepidoptera|Nymphalidae|Heliconius|ethilla,Animalia,Insecta,Lepidoptera,Nymphalidae,Heliconius,ethilla,Achiasmatic,Female,NA,0
Animalia|Insecta|Lepidoptera|Nymphalidae|Heliconius|isabella,Animalia,Insecta,Lepidoptera,Nymphalidae,Heliconius,isabella,Achiasmatic,Female,NA,0
Animalia|Insecta|Lepidoptera|Nymphalidae|Heliconius|melpomene,Animalia,Insecta,Lepidoptera,Nymphalidae,Heliconius,melpomene,Achiasmatic,Female,NA,0
Animalia|Insecta|Lepidoptera|Nymphalidae|Heliconius|ricini,Animalia,Insecta,Lepidoptera,Nymphalidae,Heliconius,ricini,Achiasmatic,Female,NA,0
Animalia|Insecta|Lepidoptera|Nymphalidae|Heliconius|sara,Animalia,Insecta,Lepidoptera,Nymphalidae,Heliconius,sara,Achiasmatic,Female,NA,0
Animalia|Insecta|Lepidoptera|Nymphalidae|Melitaea|acentria,Animalia,Insecta,Lepidoptera,Nymphalidae,Melitaea,acentria,Achiasmatic,Female,ZW,0
Animalia|Insecta|Lepidoptera|Nymphalidae|Melitaea|didyma,Animalia,Insecta,Lepidoptera,Nymphalidae,Melitaea,didyma,Achiasmatic,Female,ZW,0
Animalia|Insecta|Lepidoptera|Nymphalidae|Melitaea|persea,Animalia,Insecta,Lepidoptera,Nymphalidae,Melitaea,persea,Achiasmatic,Female,ZW,0
Animalia|Insecta|Lepidoptera|Pieridae|Anthocharis|cardamines,Animalia,Insecta,Lepidoptera,Pieridae,Anthocharis,cardamines,Asynaptic,Female,NA,30
Animalia|Insecta|Lepidoptera|Pieridae|Anthocharis|nemorum,Animalia,Insecta,Lepidoptera,Pieridae,Anthocharis,nemorum,Achiasmatic,Male,ZW,28
Animalia|Insecta|Lepidoptera|Pieridae|Pieris|napoL.,Animalia,Insecta,Lepidoptera,Pieridae,Pieris,napo L.,Achiasmatic,Female,NA,0
Animalia|Insecta|Lepidoptera|Psychidae|Dahlica|triquetrella,Animalia,Insecta,Lepidoptera,Psychidae,Dahlica,triquetrella,Achiasmatic,Female,NA,0
Animalia|Insecta|Lepidoptera|Psyllidae|Cacopsylla|myrtilli,Animalia,Insecta,Lepidoptera,Psyllidae,Cacopsylla,myrtilli,Asynaptic,Male,NA,0
Animalia|Insecta|Lepidoptera|Pyralidae|Ectomylois|ceratoniae,Animalia,Insecta,Lepidoptera,Pyralidae,Ectomylois,ceratoniae,Achiasmatic,Female,NA,0
Animalia|Insecta|Lepidoptera|Pyralidae|Ephestia|kuehniella,Animalia,Insecta,Lepidoptera,Pyralidae,Ephestia,kuehniella,Achiasmatic,Female,NA,59
Animalia|Insecta|Lepidoptera|Saldidae|Saldula|orthothila,Animalia,Insecta,Lepidoptera,Saldidae,Saldula,orthothila,Achiasmatic,Male,ZW,32
Animalia|Insecta|Lepidoptera|Saldidae|Saldula|saltatirua,Animalia,Insecta,Lepidoptera,Saldidae,Saldula,saltatirua,Achiasmatic,Male,ZO,32
Animalia|Insecta|Lepidoptera|Saturniidae|Antheraea|assamensis,Animalia,Insecta,Lepidoptera,Saturniidae,Antheraea,assamensis,Achiasmatic,Female,ZO,29
Animalia|Insecta|Lepidoptera|Saturniidae|Antheraea|compata,Animalia,Insecta,Lepidoptera,Saturniidae,Antheraea,compata,Achiasmatic,Female,ZW,30
Animalia|Insecta|Lepidoptera|Saturniidae|Antheraea|compta,Animalia,Insecta,Lepidoptera,Saturniidae,Antheraea,compta,Achiasmatic,Female,ZW,30
Animalia|Insecta|Lepidoptera|Saturniidae|Philosomia|ricini,Animalia,Insecta,Lepidoptera,Saturniidae,Philosomia,ricini,Achiasmatic,Female,NA,0
Animalia|Insecta|Lepidoptera|Sphingdae|Sphinx|ligustri,Animalia,Insecta,Lepidoptera,Sphingdae,Sphinx,ligustri,Achiasmatic,Female,NA,0
Animalia|Insecta|Lepidoptera|Sphingidae|Sphinx|lugustri,Animalia,Insecta,Lepidoptera,Sphingidae,Sphinx,lugustri,Achiasmatic,Female,NA,28
Animalia|Insecta|Mantodea|Epaphroditidae|Callimantis|antillarun,Animalia,Insecta,Mantodea,Epaphroditidae,Callimantis,antillarun,Achiasmatic,NA,NA,0
Animalia|Insecta|Mantodea|Galinthiadidae|Harpagomatis|nana,Animalia,Insecta,Mantodea,Galinthiadidae,Harpagomatis,nana,Achiasmatic,Male,XO,0
Animalia|Insecta|Mantodea|Galinthiadidae|Harpagomatis|tricolor,Animalia,Insecta,Mantodea,Galinthiadidae,Harpagomatis,tricolor,Achiasmatic,Male,XO,0
Animalia|Insecta|Mantodea|Nanomantidae|Bolbe|lowi,Animalia,Insecta,Mantodea,Nanomantidae,Bolbe,lowi,Achiasmatic,Male,XO,0
Animalia|Insecta|Mantodea|Nanomantidae|Bolbe|maia,Animalia,Insecta,Mantodea,Nanomantidae,Bolbe,maia,Achiasmatic,Male,XO,0
Animalia|Insecta|Mantodea|Nanomantidae|Bolbe|nigra,Animalia,Insecta,Mantodea,Nanomantidae,Bolbe,nigra,Achiasmatic,Male,XO,0
Animalia|Insecta|Mantodea|Nanomantidae|Bolbe|pallida,Animalia,Insecta,Mantodea,Nanomantidae,Bolbe,pallida,Achiasmatic,Male,XO,0
Animalia|Insecta|Mantodea|Nanomantidae|Bolbe|pygmea,Animalia,Insecta,Mantodea,Nanomantidae,Bolbe,pygmea,Achiasmatic,Male,XO,0
Animalia|Insecta|Mantodea|Nanomantidae|Ima|fusca,Animalia,Insecta,Mantodea,Nanomantidae,Ima,fusca,Achiasmatic,Male,XY,34
Animalia|Insecta|Mecoptera|Panorpidae|Neopanorpa|lui,Animalia,Insecta,Mecoptera,Panorpidae,Neopanorpa,lui,Achiasmatic,Male,XO,20
Animalia|Insecta|Mecoptera|Panorpidae|Panorpa|acuta,Animalia,Insecta,Mecoptera,Panorpidae,Panorpa,acuta,Achiasmatic,Male,XO,22
Animalia|Insecta|Mecoptera|Panorpidae|Panorpa|anomala,Animalia,Insecta,Mecoptera,Panorpidae,Panorpa,anomala,Achiasmatic,Male,XO,22
Animalia|Insecta|Mecoptera|Panorpidae|Panorpa|cognata,Animalia,Insecta,Mecoptera,Panorpidae,Panorpa,cognata,Achiasmatic,Male,XO,21
Animalia|Insecta|Mecoptera|Panorpidae|Panorpa|communis,Animalia,Insecta,Mecoptera,Panorpidae,Panorpa,communis,Achiasmatic,Male,XO,22
Animalia|Insecta|Mecoptera|Panorpidae|Panorpa|dubai,Animalia,Insecta,Mecoptera,Panorpidae,Panorpa,dubai,Achiasmatic,Male,XO,19
Animalia|Insecta|Mecoptera|Panorpidae|Panorpa|emarginata,Animalia,Insecta,Mecoptera,Panorpidae,Panorpa,emarginata,Achiasmatic,Male,XO,19
Animalia|Insecta|Mecoptera|Panorpidae|Panorpa|germanica,Animalia,Insecta,Mecoptera,Panorpidae,Panorpa,germanica,Achiasmatic,Male,XO,20
Animalia|Insecta|Neuroptera|Ascalaphidae|Ascalohybris|subjacens,Animalia,Insecta,Neuroptera,Ascalaphidae,Ascalohybris,subjacens,Distance pairing,Male,XY,22
Animalia|Insecta|Neuroptera|Ascalaphidae|Bubopsis|hamatus,Animalia,Insecta,Neuroptera,Ascalaphidae,Bubopsis,hamatus,Distance pairing,Male,XY,18
Animalia|Insecta|Neuroptera|Ascalaphidae|G1yptobasis|dentifera,Animalia,Insecta,Neuroptera,Ascalaphidae,G1yptobasis,dentifera,Distance pairing,Male,XY,22
Animalia|Insecta|Neuroptera|Ascalaphidae|Libelloides|coccajus,Animalia,Insecta,Neuroptera,Ascalaphidae,Libelloides,coccajus,Distance pairing,Male,XY,22
Animalia|Insecta|Neuroptera|Ascalaphidae|Libelloides|corsicus,Animalia,Insecta,Neuroptera,Ascalaphidae,Libelloides,corsicus,Distance pairing,Male,XY,20
Animalia|Insecta|Neuroptera|Ascalaphidae|Libelloides|longicornis,Animalia,Insecta,Neuroptera,Ascalaphidae,Libelloides,longicornis,Distance pairing,Male,XY,22
Animalia|Insecta|Neuroptera|Ascalaphidae|Ogcogaster|segmentator,Animalia,Insecta,Neuroptera,Ascalaphidae,Ogcogaster,segmentator,Distance pairing,Male,XY,22
Animalia|Insecta|Neuroptera|Hemerobiidae|Hemerobius|marginatus,Animalia,Insecta,Neuroptera,Hemerobiidae,Hemerobius,marginatus,Distance Pairing,Male,XY,12
Animalia|Insecta|Neuroptera|Mantispidae|Entanoneura|phthisica,Animalia,Insecta,Neuroptera,Mantispidae,Entanoneura,phthisica,Distance Pairing,Male,NA,20
Animalia|Insecta|Neuroptera|Mantispidae|Mantispa|pulchella,Animalia,Insecta,Neuroptera,Mantispidae,Mantispa,pulchella,Distance Pairing,Male,NA,22
Animalia|Insecta|Neuroptera|Mantispidae|Mantispa|viridis,Animalia,Insecta,Neuroptera,Mantispidae,Mantispa,viridis,Distance Pairing,Male,NA,20
Animalia|Insecta|Neuroptera|Myrmeleontidae|Baliga|micans,Animalia,Insecta,Neuroptera,Myrmeleontidae,Baliga,micans,Distance pairing,Male,XY,14
Animalia|Insecta|Neuroptera|Myrmeleontidae|Baliga|sagax,Animalia,Insecta,Neuroptera,Myrmeleontidae,Baliga,sagax,Distance pairing,Male,XY,14
Animalia|Insecta|Neuroptera|Myrmeleontidae|Brachynemurus|hubbardi,Animalia,Insecta,Neuroptera,Myrmeleontidae,Brachynemurus,hubbardi,Distance pairing,Male,XY,14
Animalia|Insecta|Neuroptera|Myrmeleontidae|Brachynemurus|mexicanus,Animalia,Insecta,Neuroptera,Myrmeleontidae,Brachynemurus,mexicanus,Distance pairing,Male,XY,14
Animalia|Insecta|Neuroptera|Myrmeleontidae|Centroclisis|brachygaster,Animalia,Insecta,Neuroptera,Myrmeleontidae,Centroclisis,brachygaster,Distance pairing,Male,XY,14
Animalia|Insecta|Neuroptera|Myrmeleontidae|Clathroneuria|coquilletti,Animalia,Insecta,Neuroptera,Myrmeleontidae,Clathroneuria,coquilletti,Distance pairing,Male,XY,14
Animalia|Insecta|Neuroptera|Myrmeleontidae|Clathroneuria|schwarzi,Animalia,Insecta,Neuroptera,Myrmeleontidae,Clathroneuria,schwarzi,Distance pairing,Male,XY,14
Animalia|Insecta|Neuroptera|Myrmeleontidae|Creoleon|lugdunensis,Animalia,Insecta,Neuroptera,Myrmeleontidae,Creoleon,lugdunensis,Distance pairing,Male,XY,18
Animalia|Insecta|Neuroptera|Myrmeleontidae|Dendroleon|jezoensis,Animalia,Insecta,Neuroptera,Myrmeleontidae,Dendroleon,jezoensis,Distance pairing,Male,XY,16
Animalia|Insecta|Neuroptera|Myrmeleontidae|Distoleon|tetragrammicus,Animalia,Insecta,Neuroptera,Myrmeleontidae,Distoleon,tetragrammicus,Distance pairing,Male,XY,18
Animalia|Insecta|Neuroptera|Myrmeleontidae|Epacanthaclisis|moiwanus,Animalia,Insecta,Neuroptera,Myrmeleontidae,Epacanthaclisis,moiwanus,Distance pairing,Male,XY,16
Animalia|Insecta|Neuroptera|Myrmeleontidae|Euroleon|nostras,Animalia,Insecta,Neuroptera,Myrmeleontidae,Euroleon,nostras,Distance pairing,Male,XY,14
Animalia|Insecta|Neuroptera|Myrmeleontidae|Indopalpares|pardus,Animalia,Insecta,Neuroptera,Myrmeleontidae,Indopalpares,pardus,Distance pairing,Male,XY,24
Animalia|Insecta|Neuroptera|Myrmeleontidae|Macronemurus|appendiculatus,Animalia,Insecta,Neuroptera,Myrmeleontidae,Macronemurus,appendiculatus,Distance pairing,Male,XY,16
Animalia|Insecta|Neuroptera|Myrmeleontidae|Macronemurus|bilineatus,Animalia,Insecta,Neuroptera,Myrmeleontidae,Macronemurus,bilineatus,Distance pairing,Male,XY,16
Animalia|Insecta|Neuroptera|Myrmeleontidae|Macronemurus|sp.,Animalia,Insecta,Neuroptera,Myrmeleontidae,Macronemurus,sp.,Distance pairing,Male,XY,16
Animalia|Insecta|Neuroptera|Myrmeleontidae|Myrmecaelurus|sp.,Animalia,Insecta,Neuroptera,Myrmeleontidae,Myrmecaelurus,sp.,Distance pairing,Male,XY,14
Animalia|Insecta|Neuroptera|Myrmeleontidae|Myrmecaelurus|trigrammus,Animalia,Insecta,Neuroptera,Myrmeleontidae,Myrmecaelurus,trigrammus,Distance pairing,Male,XY,16
Animalia|Insecta|Neuroptera|Myrmeleontidae|Myrmeleon|alcestris,Animalia,Insecta,Neuroptera,Myrmeleontidae,Myrmeleon,alcestris,Distance pairing,Male,XY,14
Animalia|Insecta|Neuroptera|Myrmeleontidae|Myrmeleon|californicus,Animalia,Insecta,Neuroptera,Myrmeleontidae,Myrmeleon,californicus,Distance pairing,Male,XY,14
Animalia|Insecta|Neuroptera|Myrmeleontidae|Myrmeleon|exitialis,Animalia,Insecta,Neuroptera,Myrmeleontidae,Myrmeleon,exitialis,Distance pairing,Male,XY,14
Animalia|Insecta|Neuroptera|Myrmeleontidae|Myrmeleon|formicarius,Animalia,Insecta,Neuroptera,Myrmeleontidae,Myrmeleon,formicarius,Distance pairing,Male,XY,14
Animalia|Insecta|Neuroptera|Myrmeleontidae|Myrmeleon|hyalinus,Animalia,Insecta,Neuroptera,Myrmeleontidae,Myrmeleon,hyalinus,Distance pairing,Male,XY,14
Animalia|Insecta|Neuroptera|Myrmeleontidae|Myrmeleon|immaculatus,Animalia,Insecta,Neuroptera,Myrmeleontidae,Myrmeleon,immaculatus,Distance pairing,Male,XY,14
Animalia|Insecta|Neuroptera|Myrmeleontidae|Myrmeleon|mexicanus,Animalia,Insecta,Neuroptera,Myrmeleontidae,Myrmeleon,mexicanus,Distance pairing,Male,XY,14
Animalia|Insecta|Neuroptera|Myrmeleontidae|Myrmeleon|obscurus,Animalia,Insecta,Neuroptera,Myrmeleontidae,Myrmeleon,obscurus,Distance pairing,Male,XY,14
Animalia|Insecta|Neuroptera|Myrmeleontidae|Neuroleon|sp.,Animalia,Insecta,Neuroptera,Myrmeleontidae,Neuroleon,sp.,Distance pairing,Male,XY,16
Animalia|Insecta|Neuroptera|Myrmeleontidae|Palpares|libelluloides,Animalia,Insecta,Neuroptera,Myrmeleontidae,Palpares,libelluloides,Distance pairing,Male,XY,26
Animalia|Insecta|Neuroptera|Myrmeleontidae|Palpares|sobrinus,Animalia,Insecta,Neuroptera,Myrmeleontidae,Palpares,sobrinus,Distance pairing,Male,XY,22
Animalia|Insecta|Neuroptera|Myrmeleontidae|Palparidius|concinnus,Animalia,Insecta,Neuroptera,Myrmeleontidae,Palparidius,concinnus,Distance pairing,Male,XY,18
Animalia|Insecta|Neuroptera|Myrmeleontidae|Scotoleon|dissimilis,Animalia,Insecta,Neuroptera,Myrmeleontidae,Scotoleon,dissimilis,Distance pairing,Male,XY,16
Animalia|Insecta|Neuroptera|Myrmeleontidae|Scotoleon|niger,Animalia,Insecta,Neuroptera,Myrmeleontidae,Scotoleon,niger,Distance pairing,Male,XY,16
Animalia|Insecta|Neuroptera|Myrmeleontidae|Scotoleon|nigrilabris,Animalia,Insecta,Neuroptera,Myrmeleontidae,Scotoleon,nigrilabris,Distance pairing,Male,XY,16
Animalia|Insecta|Neuroptera|Myrmeleontidae|Synclisis|japonica,Animalia,Insecta,Neuroptera,Myrmeleontidae,Synclisis,japonica,Distance pairing,Male,XY,14
Animalia|Insecta|Neuroptera|Myrmeleontidae|Vella|fallax,Animalia,Insecta,Neuroptera,Myrmeleontidae,Vella,fallax,Distance pairing,Male,XY,14
Animalia|Insecta|Neuroptera|Myrmelontidae|Bubopsis|hamatus,Animalia,Insecta,Neuroptera,Myrmelontidae,Bubopsis,hamatus,Distance Pairing,Male,XY,18
Animalia|Insecta|Neuroptera|Myrmelontidae|Distoleon|tetragrammicus,Animalia,Insecta,Neuroptera,Myrmelontidae,Distoleon,tetragrammicus,Distance Pairing,Male,XY,18
Animalia|Insecta|Neuroptera|Myrmelontidae|Macronemurus|bilineatus,Animalia,Insecta,Neuroptera,Myrmelontidae,Macronemurus,bilineatus,Distance Pairing,Male,XY,16
Animalia|Insecta|Neuroptera|Myrmelontidae|Myrmecaelurus|trigammus,Animalia,Insecta,Neuroptera,Myrmelontidae,Myrmecaelurus,trigammus,Distance Pairing,Male,XY,16
Animalia|Insecta|Neuroptera|Osmylidae|Plethosmylus _updated genus: Osmylus_|decoratus,Animalia,Insecta,Neuroptera,Osmylidae,Plethosmylus _updated genus: Osmylus_,decoratus,Distance Pairing,Male,NA,16
Animalia|Insecta|Orthoptera|Gryllotalpidae|Neocurtilla|hexadactyla,Animalia,Insecta,Orthoptera,Gryllotalpidae,Neocurtilla,hexadactyla,Achiasmatic,Male,NA,0
Animalia|Insecta|Phthiraptera|Bovicolidae|Bovicola|caprae,Animalia,Insecta,Phthiraptera,Bovicolidae,Bovicola,caprae,Achiasmatic,Male,NA,14
Animalia|Insecta|Phthiraptera|Bovicolidae|Bovicola|limbata,Animalia,Insecta,Phthiraptera,Bovicolidae,Bovicola,limbata,Achiasmatic,Male,NA,14
Animalia|Insecta|Phthiraptera|Pediculidae|Pediculus|humanuscaptis,Animalia,Insecta,Phthiraptera,Pediculidae,Pediculus,humanus captis,Achiasmatic,Male,NA,12
Animalia|Insecta|Phthiraptera|Pediculidae|Pediculus|humanushumanus,Animalia,Insecta,Phthiraptera,Pediculidae,Pediculus,humanus humanus,Achiasmatic,Male,NA,12
Animalia|Insecta|Psocodea|Haematopinidae|Haemalopinus|suis,Animalia,Insecta,Psocodea,Haematopinidae,Haemalopinus,suis,Achiasmatic,Male,NA,10
Animalia|Insecta|Psocodea|Menoponidae|Menacanthus|stramineus,Animalia,Insecta,Psocodea,Menoponidae,Menacanthus,stramineus,Achiasmatic,Male,NA,10
Animalia|Insecta|Trichoptera|Calcocidae|Caenota|plicata,Animalia,Insecta,Trichoptera,Calcocidae,Caenota,plicata,Achiasmatic,Female,NA,44
Animalia|Insecta|Trichoptera|Calcocidae|Tamasia|variegata,Animalia,Insecta,Trichoptera,Calcocidae,Tamasia,variegata,Achiasmatic,Female,NA,44
Animalia|Insecta|Trichoptera|Conoesucidae|Conoesucus|adiastolus,Animalia,Insecta,Trichoptera,Conoesucidae,Conoesucus,adiastolus,Achiasmatic,Both,ZO,50
Animalia|Insecta|Trichoptera|Conoesucidae|Conoesucus|brontensis,Animalia,Insecta,Trichoptera,Conoesucidae,Conoesucus,brontensis,Achiasmatic,Female,NA,50
Animalia|Insecta|Trichoptera|Conoesucidae|Conoesucus|digitiferus,Animalia,Insecta,Trichoptera,Conoesucidae,Conoesucus,digitiferus,Achiasmatic,Both,ZO,50
Animalia|Insecta|Trichoptera|Conoesucidae|Conoesucus|fromus,Animalia,Insecta,Trichoptera,Conoesucidae,Conoesucus,fromus,Achiasmatic,Both,ZO,50
Animalia|Insecta|Trichoptera|Conoesucidae|Conoesucus|nepotulus,Animalia,Insecta,Trichoptera,Conoesucidae,Conoesucus,nepotulus,Achiasmatic,Both,ZO,50
Animalia|Insecta|Trichoptera|Conoesucidae|Conoesucus|norelus,Animalia,Insecta,Trichoptera,Conoesucidae,Conoesucus,norelus,Achiasmatic,Female,NA,50
Animalia|Insecta|Trichoptera|Conoesucidae|Conoesucus|notialis,Animalia,Insecta,Trichoptera,Conoesucidae,Conoesucus,notialis,Achiasmatic,Female,NA,50
Animalia|Insecta|Trichoptera|Conoesucidae|Costora|delora,Animalia,Insecta,Trichoptera,Conoesucidae,Costora,delora,Achiasmatic,Both,ZO,50
Animalia|Insecta|Trichoptera|Conoesucidae|Costora|ebenina,Animalia,Insecta,Trichoptera,Conoesucidae,Costora,ebenina,Achiasmatic,Both,ZO,50
Animalia|Insecta|Trichoptera|Conoesucidae|Costora|luxata,Animalia,Insecta,Trichoptera,Conoesucidae,Costora,luxata,Achiasmatic,Female,NA,50
Animalia|Insecta|Trichoptera|Conoesucidae|Costora|ramosa,Animalia,Insecta,Trichoptera,Conoesucidae,Costora,ramosa,Achiasmatic,Both,ZO,50
Animalia|Insecta|Trichoptera|Conoesucidae|Costora|rotosca,Animalia,Insecta,Trichoptera,Conoesucidae,Costora,rotosca,Achiasmatic,Both,ZO,50
Animalia|Insecta|Trichoptera|Conoesucidae|Costora|seposita,Animalia,Insecta,Trichoptera,Conoesucidae,Costora,seposita,Achiasmatic,Female,NA,50
Animalia|Insecta|Trichoptera|Conoesucidae|Lingora|aurata,Animalia,Insecta,Trichoptera,Conoesucidae,Lingora,aurata,Achiasmatic,Female,NA,50
Animalia|Insecta|Trichoptera|Conoesucidae|Matasia|satana,Animalia,Insecta,Trichoptera,Conoesucidae,Matasia,satana,Achiasmatic,Both,ZO,50
Animalia|Insecta|Trichoptera|Helicophidae|Alloecella|grisea,Animalia,Insecta,Trichoptera,Helicophidae,Alloecella,grisea,Achiasmatic,Female,NA,58
Animalia|Insecta|Trichoptera|Helicophidae|Alloecella|longispina,Animalia,Insecta,Trichoptera,Helicophidae,Alloecella,longispina,Achiasmatic,Female,NA,76
Animalia|Insecta|Trichoptera|Helicophidae|Alloecella|pilosa,Animalia,Insecta,Trichoptera,Helicophidae,Alloecella,pilosa,Achiasmatic,Both,ZO,52
Animalia|Insecta|Trichoptera|Hydropsychidae|Smicridea|pampeana,Animalia,Insecta,Trichoptera,Hydropsychidae,Smicridea,pampeana,Achiasmatic,Female,ZW,31
Animalia|Insecta|Trichoptera|Leptoceridae|Triplectides|misionesis,Animalia,Insecta,Trichoptera,Leptoceridae,Triplectides,misionesis,Achiasmatic,Female,ZW,47
Animalia|Insecta|Trichoptera|Leptoceroidea|Triplectides|misionensis,Animalia,Insecta,Trichoptera,Leptoceroidea,Triplectides,misionensis,Achiasmatic,Female,ZO,47
Animalia|Insecta|Trichoptera|Limnephilidae|Allogamus|auricollis,Animalia,Insecta,Trichoptera,Limnephilidae,Allogamus,auricollis,Achiasmatic,Female,NA,0
Animalia|Insecta|Trichoptera|Limnephilidae|Anabolia|furcata,Animalia,Insecta,Trichoptera,Limnephilidae,Anabolia,furcata,Achiasmatic,Female,NA,0
Animalia|Insecta|Trichoptera|Limnephilidae|Glyphotaelius|pellucides,Animalia,Insecta,Trichoptera,Limnephilidae,Glyphotaelius,pellucides,Achiasmatic,Female,XO,59
Animalia|Insecta|Trichoptera|Limnephilidae|Glyphotaelius|pellucidus,Animalia,Insecta,Trichoptera,Limnephilidae,Glyphotaelius,pellucidus,Achiasmatic,Female,NA,0
Animalia|Insecta|Trichoptera|Limnephilidae|Limnephilus|affinis,Animalia,Insecta,Trichoptera,Limnephilidae,Limnephilus,affinis,Achiasmatic,Female,NA,6
Animalia|Insecta|Trichoptera|Limnephilidae|Limnephilus|borealis,Animalia,Insecta,Trichoptera,Limnephilidae,Limnephilus,borealis,Achiasmatic,Female,NA,0
Animalia|Insecta|Trichoptera|Limnephilidae|Limnephilus|decipens,Animalia,Insecta,Trichoptera,Limnephilidae,Limnephilus,decipens,Achiasmatic,Female,NA,20
Animalia|Insecta|Trichoptera|Limnephilidae|Limnephilus|decipiens,Animalia,Insecta,Trichoptera,Limnephilidae,Limnephilus,decipiens,Achiasmatic,Female,NA,0
Animalia|Insecta|Trichoptera|Limnephilidae|Limnephilus|lunatus,Animalia,Insecta,Trichoptera,Limnephilidae,Limnephilus,lunatus,Achiasmatic,Female,ZO,25
Animalia|Insecta|Trichoptera|Odontoceridae|Marilia|flexuosa,Animalia,Insecta,Trichoptera,Odontoceridae,Marilia,flexuosa,Achiasmatic,Female,ZO,57
Animalia|Insecta|Trichoptera|Phryganeidae|Agrypnetes|crassicornis,Animalia,Insecta,Trichoptera,Phryganeidae,Agrypnetes,crassicornis,Achiasmatic,Female,NA,50
Animalia|Insecta|Trichoptera|Sericostomatidae|Grumicha|grumicha,Animalia,Insecta,Trichoptera,Sericostomatidae,Grumicha,grumicha,Achiasmatic,Female,ZO,35
Animalia|Malacostraca|Decapoda|Grapsidae|Pachygrapsus|crassipes,Animalia,Malacostraca,Decapoda,Grapsidae,Pachygrapsus,crassipes,Distance pairing,Male,XY,118
Animalia|Malacostraca|Decapoda|Munididae|Cervimunida|princeps,Animalia,Malacostraca,Decapoda,Munididae,Cervimunida,princeps,Distance pairing,Male,NA,109
Animalia|Malacostraca|Decapoda|Plagusiidae|Plagusia|dentipes,Animalia,Malacostraca,Decapoda,Plagusiidae,Plagusia,dentipes,Distance pairing,Male,XY,106
Animalia|Malacostraca|Decapoda|Varunidae|Eriocheir|japonicus,Animalia,Malacostraca,Decapoda,Varunidae,Eriocheir,japonicus,Distance pairing,Male,XY,148
Animalia|Malacostraca|Decapoda|Varunidae|Gaetice|depressus,Animalia,Malacostraca,Decapoda,Varunidae,Gaetice,depressus,Distance pairing,Male,XY,152
Animalia|Malacostraca|Decapoda|Varunidae|Hemigrapsus|penicillatus,Animalia,Malacostraca,Decapoda,Varunidae,Hemigrapsus,penicillatus,Distance pairing,Male,XY,138
Animalia|Malacostraca|Decapoda|Varunidae|Hemigrapsus|sanguineus,Animalia,Malacostraca,Decapoda,Varunidae,Hemigrapsus,sanguineus,Distance pairing,Male,XY,128
Animalia|Mammalia|Dasyuromorphia|Dasyuridae|Antechinomys|laniger,Animalia,Mammalia,Dasyuromorphia,Dasyuridae,Antechinomys,laniger,Asynaptic,Male,XY,14
Animalia|Mammalia|Dasyuromorphia|Dasyuridae|Antechinus|flavipes,Animalia,Mammalia,Dasyuromorphia,Dasyuridae,Antechinus,flavipes,Asynaptic,Male,XY,14
Animalia|Mammalia|Dasyuromorphia|Dasyuridae|Dasyuroides|byrnei,Animalia,Mammalia,Dasyuromorphia,Dasyuridae,Dasyuroides,byrnei,Asynaptic,Male,XY,14
Animalia|Mammalia|Dasyuromorphia|Dasyuridae|Dasyurops|maculatus,Animalia,Mammalia,Dasyuromorphia,Dasyuridae,Dasyurops,maculatus,Asynaptic,Male,XY,14
Animalia|Mammalia|Dasyuromorphia|Dasyuridae|Dasyurus|albopunctatus,Animalia,Mammalia,Dasyuromorphia,Dasyuridae,Dasyurus,albopunctatus,Asynaptic,Male,XY,14
Animalia|Mammalia|Dasyuromorphia|Dasyuridae|Dasyurus|hallucatus,Animalia,Mammalia,Dasyuromorphia,Dasyuridae,Dasyurus,hallucatus,Asynaptic,Male,XY,14
Animalia|Mammalia|Dasyuromorphia|Dasyuridae|Dasyurus|maculatus,Animalia,Mammalia,Dasyuromorphia,Dasyuridae,Dasyurus,maculatus,Asynaptic,Male,XY,14
Animalia|Mammalia|Dasyuromorphia|Dasyuridae|Dasyurus|viverrinus,Animalia,Mammalia,Dasyuromorphia,Dasyuridae,Dasyurus,viverrinus,Asynaptic,Male,XY,14
Animalia|Mammalia|Dasyuromorphia|Dasyuridae|Ningaui|sp.,Animalia,Mammalia,Dasyuromorphia,Dasyuridae,Ningaui,sp.,Asynaptic,Male,XY,14
Animalia|Mammalia|Dasyuromorphia|Dasyuridae|Phascogale|tapoatafa,Animalia,Mammalia,Dasyuromorphia,Dasyuridae,Phascogale,tapoatafa,Asynaptic,Male,XY,14
Animalia|Mammalia|Dasyuromorphia|Dasyuridae|Phascolosorex|dorsalis,Animalia,Mammalia,Dasyuromorphia,Dasyuridae,Phascolosorex,dorsalis,Asynaptic,Male,XY,14
Animalia|Mammalia|Dasyuromorphia|Dasyuridae|Planigale|maculata,Animalia,Mammalia,Dasyuromorphia,Dasyuridae,Planigale,maculata,Asynaptic,Male,XY,14
Animalia|Mammalia|Dasyuromorphia|Dasyuridae|Sarcophilus|harrisii,Animalia,Mammalia,Dasyuromorphia,Dasyuridae,Sarcophilus,harrisii,Asynaptic,Male,XY,14
Animalia|Mammalia|Dasyuromorphia|Dasyuridae|Sminthopsis|crassicaudata,Animalia,Mammalia,Dasyuromorphia,Dasyuridae,Sminthopsis,crassicaudata,Asynaptic,Male,XY,14
Animalia|Mammalia|Dasyuromorphia|Myrmecobiidae|Myrmecobius|fasciatus,Animalia,Mammalia,Dasyuromorphia,Myrmecobiidae,Myrmecobius,fasciatus,Asynaptic,Male,XY,14
Animalia|Mammalia|Didelphimorphia|Didelphidae|Caluromys|derbianus,Animalia,Mammalia,Didelphimorphia,Didelphidae,Caluromys,derbianus,Asynaptic,Male,XY,14
Animalia|Mammalia|Didelphimorphia|Didelphidae|Caluromys|lanatus,Animalia,Mammalia,Didelphimorphia,Didelphidae,Caluromys,lanatus,Asynaptic,Male,XY,14
Animalia|Mammalia|Didelphimorphia|Didelphidae|Chironectes|panamensis,Animalia,Mammalia,Didelphimorphia,Didelphidae,Chironectes,panamensis,Asynaptic,Male,XY,22
Animalia|Mammalia|Didelphimorphia|Didelphidae|Didelphis|marsupialis,Animalia,Mammalia,Didelphimorphia,Didelphidae,Didelphis,marsupialis,Asynaptic,Male,XY,22
Animalia|Mammalia|Didelphimorphia|Didelphidae|Didelphis|virginiana,Animalia,Mammalia,Didelphimorphia,Didelphidae,Didelphis,virginiana,Asynaptic,Male,XY,22
Animalia|Mammalia|Didelphimorphia|Didelphidae|Didelphys|albiventris,Animalia,Mammalia,Didelphimorphia,Didelphidae,Didelphys,albiventris,Asynaptic,Male,XY,22
Animalia|Mammalia|Didelphimorphia|Didelphidae|Lutreolina|crassicaudata,Animalia,Mammalia,Didelphimorphia,Didelphidae,Lutreolina,crassicaudata,Asynaptic,Male,XY,22
Animalia|Mammalia|Didelphimorphia|Didelphidae|Marmosa|alstoni,Animalia,Mammalia,Didelphimorphia,Didelphidae,Marmosa,alstoni,Asynaptic,Male,XY,14
Animalia|Mammalia|Didelphimorphia|Didelphidae|Marmosa|murina,Animalia,Mammalia,Didelphimorphia,Didelphidae,Marmosa,murina,Asynaptic,Male,XY,14
Animalia|Mammalia|Didelphimorphia|Didelphidae|Marmosa|pusilla,Animalia,Mammalia,Didelphimorphia,Didelphidae,Marmosa,pusilla,Asynaptic,Male,XY,14
Animalia|Mammalia|Didelphimorphia|Didelphidae|Marmosa|robinsoni,Animalia,Mammalia,Didelphimorphia,Didelphidae,Marmosa,robinsoni,Asynaptic,Male,XY,14
Animalia|Mammalia|Didelphimorphia|Didelphidae|Marmosa|sp.,Animalia,Mammalia,Didelphimorphia,Didelphidae,Marmosa,sp.,Asynaptic,Male,XY,14
Animalia|Mammalia|Didelphimorphia|Didelphidae|Marmosops|incanus,Animalia,Mammalia,Didelphimorphia,Didelphidae,Marmosops,incanus,Asynaptic,Male,XY,14
Animalia|Mammalia|Didelphimorphia|Didelphidae|Metachirus|nudicaudatus,Animalia,Mammalia,Didelphimorphia,Didelphidae,Metachirus,nudicaudatus,Asynaptic,Male,XY,14
Animalia|Mammalia|Didelphimorphia|Didelphidae|Micoureus|demerarae,Animalia,Mammalia,Didelphimorphia,Didelphidae,Micoureus,demerarae,Asynaptic,Male,XY,14
Animalia|Mammalia|Didelphimorphia|Didelphidae|Monodelphis|brevicaudata,Animalia,Mammalia,Didelphimorphia,Didelphidae,Monodelphis,brevicaudata,Asynaptic,Male,XY,18
Animalia|Mammalia|Didelphimorphia|Didelphidae|Monodelphis|domestica,Animalia,Mammalia,Didelphimorphia,Didelphidae,Monodelphis,domestica,Asynaptic,Male,XY,18
Animalia|Mammalia|Didelphimorphia|Didelphidae|Philander|opossum,Animalia,Mammalia,Didelphimorphia,Didelphidae,Philander,opossum,Asynaptic,Male,XY,22
Animalia|Mammalia|Didelphimorphia|Didelphidae|Thylamys|elegans,Animalia,Mammalia,Didelphimorphia,Didelphidae,Thylamys,elegans,Asynaptic,Male,XY,14
Animalia|Mammalia|Diprodontia|Acrobatidae|Acrobates|pygmaeus,Animalia,Mammalia,Diprodontia,Acrobatidae,Acrobates,pygmaeus,Asynaptic,Male,XY,14
Animalia|Mammalia|Diprodontia|Burramyidae|Cercartetus|concinnus,Animalia,Mammalia,Diprodontia,Burramyidae,Cercartetus,concinnus,Asynaptic,Male,XY,14
Animalia|Mammalia|Diprodontia|Macropodidae|Macropus|eugenii,Animalia,Mammalia,Diprodontia,Macropodidae,Macropus,eugenii,Asynaptic,Male,XY,16
Animalia|Mammalia|Diprotodontia|Acrobatidae|Acrobates|pygmaeus,Animalia,Mammalia,Diprotodontia,Acrobatidae,Acrobates,pygmaeus,Asynaptic,Male,XY,14
Animalia|Mammalia|Diprotodontia|Acrobatidae|Dactylopsila|palpator,Animalia,Mammalia,Diprotodontia,Acrobatidae,Dactylopsila,palpator,Asynaptic,Male,XY,18
Animalia|Mammalia|Diprotodontia|Acrobatidae|Dactylopsila|trivirgata,Animalia,Mammalia,Diprotodontia,Acrobatidae,Dactylopsila,trivirgata,Asynaptic,Male,XY,18
Animalia|Mammalia|Diprotodontia|Acrobatidae|Distoechurus|pennatus,Animalia,Mammalia,Diprotodontia,Acrobatidae,Distoechurus,pennatus,Asynaptic,Male,XY,14
Animalia|Mammalia|Diprotodontia|Burramyidae|Burramys|parvus,Animalia,Mammalia,Diprotodontia,Burramyidae,Burramys,parvus,Asynaptic,Male,XY,14
Animalia|Mammalia|Diprotodontia|Burramyidae|Cercartetus|concinnus,Animalia,Mammalia,Diprotodontia,Burramyidae,Cercartetus,concinnus,Asynaptic,Male,XY,14
Animalia|Mammalia|Diprotodontia|Burramyidae|Cercartetus|lepidus,Animalia,Mammalia,Diprotodontia,Burramyidae,Cercartetus,lepidus,Asynaptic,Male,XY,14
Animalia|Mammalia|Diprotodontia|Burramyidae|Cercartetus|nanus,Animalia,Mammalia,Diprotodontia,Burramyidae,Cercartetus,nanus,Asynaptic,Male,XY,14
Animalia|Mammalia|Diprotodontia|Hypsiprymnodontidae|Hypsiprymnodon|moschatus,Animalia,Mammalia,Diprotodontia,Hypsiprymnodontidae,Hypsiprymnodon,moschatus,Asynaptic,Male,XY,22
Animalia|Mammalia|Diprotodontia|Macropodidae|Dendrolagus|dorianus,Animalia,Mammalia,Diprotodontia,Macropodidae,Dendrolagus,dorianus,Asynaptic,Male,XY,12
Animalia|Mammalia|Diprotodontia|Macropodidae|Dendrolagus|goodfellowi,Animalia,Mammalia,Diprotodontia,Macropodidae,Dendrolagus,goodfellowi,Asynaptic,Male,XY,14
Animalia|Mammalia|Diprotodontia|Macropodidae|Dorcopsis|muelleri,Animalia,Mammalia,Diprotodontia,Macropodidae,Dorcopsis,muelleri,Asynaptic,Male,XY,22
Animalia|Mammalia|Diprotodontia|Macropodidae|Dorcopsulus|vanheurni,Animalia,Mammalia,Diprotodontia,Macropodidae,Dorcopsulus,vanheurni,Asynaptic,Male,XY,18
Animalia|Mammalia|Diprotodontia|Macropodidae|Lagorchestes|conspicillata,Animalia,Mammalia,Diprotodontia,Macropodidae,Lagorchestes,conspicillata,Asynaptic,Male,XY,16
Animalia|Mammalia|Diprotodontia|Macropodidae|Lagorchestes|hirsutus,Animalia,Mammalia,Diprotodontia,Macropodidae,Lagorchestes,hirsutus,Asynaptic,Male,XY,20
Animalia|Mammalia|Diprotodontia|Macropodidae|Lagostrphus|fasciatus,Animalia,Mammalia,Diprotodontia,Macropodidae,Lagostrphus,fasciatus,Asynaptic,Male,XY,32
Animalia|Mammalia|Diprotodontia|Macropodidae|Macropus|agilis,Animalia,Mammalia,Diprotodontia,Macropodidae,Macropus,agilis,Asynaptic,Male,XY,16
Animalia|Mammalia|Diprotodontia|Macropodidae|Macropus|antilopinus,Animalia,Mammalia,Diprotodontia,Macropodidae,Macropus,antilopinus,Asynaptic,Male,XY,16
Animalia|Mammalia|Diprotodontia|Macropodidae|Macropus|bicolor,Animalia,Mammalia,Diprotodontia,Macropodidae,Macropus,bicolor,Asynaptic,Male,XY,10
Animalia|Mammalia|Diprotodontia|Macropodidae|Macropus|eugenii,Animalia,Mammalia,Diprotodontia,Macropodidae,Macropus,eugenii,Asynaptic,Male,XY,16
Animalia|Mammalia|Diprotodontia|Macropodidae|Macropus|fuliginosus,Animalia,Mammalia,Diprotodontia,Macropodidae,Macropus,fuliginosus,Asynaptic,Male,XY,16
Animalia|Mammalia|Diprotodontia|Macropodidae|Macropus|giganteus,Animalia,Mammalia,Diprotodontia,Macropodidae,Macropus,giganteus,Asynaptic,Male,XY,16
Animalia|Mammalia|Diprotodontia|Macropodidae|Macropus|irma,Animalia,Mammalia,Diprotodontia,Macropodidae,Macropus,irma,Asynaptic,Male,XY,16
Animalia|Mammalia|Diprotodontia|Macropodidae|Macropus|parma,Animalia,Mammalia,Diprotodontia,Macropodidae,Macropus,parma,Asynaptic,Male,XY,16
Animalia|Mammalia|Diprotodontia|Macropodidae|Macropus|parryi,Animalia,Mammalia,Diprotodontia,Macropodidae,Macropus,parryi,Asynaptic,Male,XY,16
Animalia|Mammalia|Diprotodontia|Macropodidae|Macropus|robustus,Animalia,Mammalia,Diprotodontia,Macropodidae,Macropus,robustus,Asynaptic,Male,XY,16
Animalia|Mammalia|Diprotodontia|Macropodidae|Macropus|rufogriseus,Animalia,Mammalia,Diprotodontia,Macropodidae,Macropus,rufogriseus,Asynaptic,Male,XY,16
Animalia|Mammalia|Diprotodontia|Macropodidae|Macropus|rufus,Animalia,Mammalia,Diprotodontia,Macropodidae,Macropus,rufus,Asynaptic,Male,XY,20
Animalia|Mammalia|Diprotodontia|Macropodidae|Onychogalea|fraenata,Animalia,Mammalia,Diprotodontia,Macropodidae,Onychogalea,fraenata,Asynaptic,Male,XY,18
Animalia|Mammalia|Diprotodontia|Macropodidae|Onychogalea|unguifera,Animalia,Mammalia,Diprotodontia,Macropodidae,Onychogalea,unguifera,Asynaptic,Male,XY,20
Animalia|Mammalia|Diprotodontia|Macropodidae|Peradorcas|concinna,Animalia,Mammalia,Diprotodontia,Macropodidae,Peradorcas,concinna,Asynaptic,Male,XY,16
Animalia|Mammalia|Diprotodontia|Macropodidae|Petrogale|lateralis,Animalia,Mammalia,Diprotodontia,Macropodidae,Petrogale,lateralis,Asynaptic,Male,XY,22
Animalia|Mammalia|Diprotodontia|Macropodidae|Petrogale|xanthopus,Animalia,Mammalia,Diprotodontia,Macropodidae,Petrogale,xanthopus,Asynaptic,Male,XY,22
Animalia|Mammalia|Diprotodontia|Macropodidae|Setonix|brachyurus,Animalia,Mammalia,Diprotodontia,Macropodidae,Setonix,brachyurus,Asynaptic,Male,XY,22
Animalia|Mammalia|Diprotodontia|Macropodidae|Thylogale|brunii,Animalia,Mammalia,Diprotodontia,Macropodidae,Thylogale,brunii,Asynaptic,Male,XY,22
Animalia|Mammalia|Diprotodontia|Macropodidae|Thylogale|stigmatica,Animalia,Mammalia,Diprotodontia,Macropodidae,Thylogale,stigmatica,Asynaptic,Male,XY,22
Animalia|Mammalia|Diprotodontia|Macropodidae|Wallabia|eugenii,Animalia,Mammalia,Diprotodontia,Macropodidae,Wallabia,eugenii,Asynaptic,Male,XY,16
Animalia|Mammalia|Diprotodontia|Petauridae|Gymnobelideus|leadbeateri,Animalia,Mammalia,Diprotodontia,Petauridae,Gymnobelideus,leadbeateri,Asynaptic,Male,XY,22
Animalia|Mammalia|Diprotodontia|Petauridae|Petarurus|breviceps,Animalia,Mammalia,Diprotodontia,Petauridae,Petarurus,breviceps,Asynaptic,Male,XY,22
Animalia|Mammalia|Diprotodontia|Petauridae|Petarurus|norfolcensis,Animalia,Mammalia,Diprotodontia,Petauridae,Petarurus,norfolcensis,Asynaptic,Male,XY,22
Animalia|Mammalia|Diprotodontia|Phalangeridae|Ailurops|ursinus,Animalia,Mammalia,Diprotodontia,Phalangeridae,Ailurops,ursinus,Asynaptic,Male,XY,0
Animalia|Mammalia|Diprotodontia|Phalangeridae|Phalanger|gymnotis,Animalia,Mammalia,Diprotodontia,Phalangeridae,Phalanger,gymnotis,Asynaptic,Male,XY,14
Animalia|Mammalia|Diprotodontia|Phalangeridae|Phalanger|orientalis,Animalia,Mammalia,Diprotodontia,Phalangeridae,Phalanger,orientalis,Asynaptic,Male,XY,14
Animalia|Mammalia|Diprotodontia|Phalangeridae|Spilocuscus|maculatus,Animalia,Mammalia,Diprotodontia,Phalangeridae,Spilocuscus,maculatus,Asynaptic,Male,XY,0
Animalia|Mammalia|Diprotodontia|Phalangeridae|Spilocuscus|rufoniger,Animalia,Mammalia,Diprotodontia,Phalangeridae,Spilocuscus,rufoniger,Asynaptic,Male,XY,0
Animalia|Mammalia|Diprotodontia|Phalangeridae|Strigocuscus|celebensis,Animalia,Mammalia,Diprotodontia,Phalangeridae,Strigocuscus,celebensis,Asynaptic,Male,XY,0
Animalia|Mammalia|Diprotodontia|Phalangeridae|Strigocuscus|pelengensis,Animalia,Mammalia,Diprotodontia,Phalangeridae,Strigocuscus,pelengensis,Asynaptic,Male,XY,0
Animalia|Mammalia|Diprotodontia|Phalangeridae|Trichosurus|caninus,Animalia,Mammalia,Diprotodontia,Phalangeridae,Trichosurus,caninus,Asynaptic,Male,XY,20
Animalia|Mammalia|Diprotodontia|Phalangeridae|Trichosurus|johnstonii,Animalia,Mammalia,Diprotodontia,Phalangeridae,Trichosurus,johnstonii,Asynaptic,Male,XY,20
Animalia|Mammalia|Diprotodontia|Phalangeridae|Wyulda|squamicaudata,Animalia,Mammalia,Diprotodontia,Phalangeridae,Wyulda,squamicaudata,Asynaptic,Male,XY,0
Animalia|Mammalia|Diprotodontia|Phascolarctidae|Phascolarctos|cinereus,Animalia,Mammalia,Diprotodontia,Phascolarctidae,Phascolarctos,cinereus,Asynaptic,Male,XY,16
Animalia|Mammalia|Diprotodontia|Potoroidae|Aepyprymnus|rufescens,Animalia,Mammalia,Diprotodontia,Potoroidae,Aepyprymnus,rufescens,Asynaptic,Male,XY,32
Animalia|Mammalia|Diprotodontia|Potoroidae|Bettongia|gaimardi,Animalia,Mammalia,Diprotodontia,Potoroidae,Bettongia,gaimardi,Asynaptic,Male,XY,22
Animalia|Mammalia|Diprotodontia|Potoroidae|Bettongia|penicillata,Animalia,Mammalia,Diprotodontia,Potoroidae,Bettongia,penicillata,Asynaptic,Male,XY,22
Animalia|Mammalia|Diprotodontia|Potoroidae|Potorous|longipes,Animalia,Mammalia,Diprotodontia,Potoroidae,Potorous,longipes,Asynaptic,Male,XY,32
Animalia|Mammalia|Diprotodontia|Potoroidae|Potorous|tridactylus,Animalia,Mammalia,Diprotodontia,Potoroidae,Potorous,tridactylus,Asynaptic,Male,XY,12
Animalia|Mammalia|Diprotodontia|Pseudocheiridae|Hemibelideus|lemuroides,Animalia,Mammalia,Diprotodontia,Pseudocheiridae,Hemibelideus,lemuroides,Asynaptic,Male,XY,20
Animalia|Mammalia|Diprotodontia|Pseudocheiridae|Petauroides|volans,Animalia,Mammalia,Diprotodontia,Pseudocheiridae,Petauroides,volans,Asynaptic,Male,XY,22
Animalia|Mammalia|Diprotodontia|Pseudocheiridae|Pseudochirops|archeri,Animalia,Mammalia,Diprotodontia,Pseudocheiridae,Pseudochirops,archeri,Asynaptic,Male,XY,16
Animalia|Mammalia|Diprotodontia|Pseudocheiridae|Pseudochirops|corinnae,Animalia,Mammalia,Diprotodontia,Pseudocheiridae,Pseudochirops,corinnae,Asynaptic,Male,XY,16
Animalia|Mammalia|Diprotodontia|Pseudocheiridae|Pseudochirops|cupreus,Animalia,Mammalia,Diprotodontia,Pseudocheiridae,Pseudochirops,cupreus,Asynaptic,Male,XY,10
Animalia|Mammalia|Diprotodontia|Pseudocheiridae|Pseudochirops|dahli,Animalia,Mammalia,Diprotodontia,Pseudocheiridae,Pseudochirops,dahli,Asynaptic,Male,XY,16
Animalia|Mammalia|Diprotodontia|Pseudocheiridae|Pseudochirulus|canescens,Animalia,Mammalia,Diprotodontia,Pseudocheiridae,Pseudochirulus,canescens,Asynaptic,Male,XY,18
Animalia|Mammalia|Diprotodontia|Pseudocheiridae|Pseudochirulus|herbertensis,Animalia,Mammalia,Diprotodontia,Pseudocheiridae,Pseudochirulus,herbertensis,Asynaptic,Male,XY,12
Animalia|Mammalia|Diprotodontia|Pseudocheiridae|Pseudochirulus|mayeri,Animalia,Mammalia,Diprotodontia,Pseudocheiridae,Pseudochirulus,mayeri,Asynaptic,Male,XY,0
Animalia|Mammalia|Diprotodontia|Pseudocheiridae|Pseudochirulus|peregrinus,Animalia,Mammalia,Diprotodontia,Pseudocheiridae,Pseudochirulus,peregrinus,Asynaptic,Male,XY,20
Animalia|Mammalia|Diprotodontia|Tarsipedidae|Tarsipes|rostratus,Animalia,Mammalia,Diprotodontia,Tarsipedidae,Tarsipes,rostratus,Asynaptic,Male,XY,32
Animalia|Mammalia|Diprotodontia|Vombatidae|Lasiorhinus|latifrons,Animalia,Mammalia,Diprotodontia,Vombatidae,Lasiorhinus,latifrons,Asynaptic,Male,XY,14
Animalia|Mammalia|Diprotodontia|Vombatidae|Vombatus|ursinus,Animalia,Mammalia,Diprotodontia,Vombatidae,Vombatus,ursinus,Asynaptic,Male,XY,14
Animalia|Mammalia|Microbiotheria|Microbiotheriidae|Dromiciops|australis,Animalia,Mammalia,Microbiotheria,Microbiotheriidae,Dromiciops,australis,Asynaptic,Male,XO,14
Animalia|Mammalia|Microbiotheria|Microbiotheriidae|Dromiciops|gliroides,Animalia,Mammalia,Microbiotheria,Microbiotheriidae,Dromiciops,gliroides,Asynaptic,Male,XY,14
Animalia|Mammalia|Notoryctemorphia|Notoryctidae|Notoryctes|typhlops,Animalia,Mammalia,Notoryctemorphia,Notoryctidae,Notoryctes,typhlops,Asynaptic,Male,XY,20
Animalia|Mammalia|Paucituberculata|Caenolestidae|Caenolestes|fuliginosus,Animalia,Mammalia,Paucituberculata,Caenolestidae,Caenolestes,fuliginosus,Asynaptic,Male,XY,14
Animalia|Mammalia|Paucituberculata|Caenolestidae|Rhyncholestes|raphanurus,Animalia,Mammalia,Paucituberculata,Caenolestidae,Rhyncholestes,raphanurus,Asynaptic,Male,XY,14
Animalia|Mammalia|Peramelemorphia|Peramelidae|Echymipera|kalubu,Animalia,Mammalia,Peramelemorphia,Peramelidae,Echymipera,kalubu,Asynaptic,Male,XY,14
Animalia|Mammalia|Peramelemorphia|Peramelidae|Isoodon|macrourus,Animalia,Mammalia,Peramelemorphia,Peramelidae,Isoodon,macrourus,Asynaptic,Male,XY,14
Animalia|Mammalia|Peramelemorphia|Peramelidae|Isoodon|obesulus,Animalia,Mammalia,Peramelemorphia,Peramelidae,Isoodon,obesulus,Asynaptic,Male,XY,14
Animalia|Mammalia|Peramelemorphia|Peramelidae|Microperoryctes|longicauda,Animalia,Mammalia,Peramelemorphia,Peramelidae,Microperoryctes,longicauda,Asynaptic,Male,XY,14
Animalia|Mammalia|Peramelemorphia|Peramelidae|Perameles|nasuta,Animalia,Mammalia,Peramelemorphia,Peramelidae,Perameles,nasuta,Asynaptic,Male,XY,14
Animalia|Mammalia|Peramelemorphia|Peramelidae|Peroryctes|raffrayana,Animalia,Mammalia,Peramelemorphia,Peramelidae,Peroryctes,raffrayana,Asynaptic,Male,XY,14
Animalia|Mammalia|Peramelemorphia|Thylacomyidae|Macrotis|lagotis,Animalia,Mammalia,Peramelemorphia,Thylacomyidae,Macrotis,lagotis,Asynaptic,Male,NA,18
Animalia|Mammalia|Rodentia|Chinchillinae|Chinchilla|laniger,Animalia,Mammalia,Rodentia,Chinchillinae,Chinchilla,laniger,Achiasmatic,Male,XY,64
Animalia|Mammalia|Rodentia|Cimicidae|Clethrionomys|glareolus,Animalia,Mammalia,Rodentia,Cimicidae,Clethrionomys,glareolus,Asynaptic,Male,XY,56
Animalia|Mammalia|Rodentia|Cimicidae|Microtus|agrestis,Animalia,Mammalia,Rodentia,Cimicidae,Microtus,agrestis,Asynaptic,Male,XY,50
Animalia|Mammalia|Rodentia|Cimicidae|Microtus|arvalis,Animalia,Mammalia,Rodentia,Cimicidae,Microtus,arvalis,Achiasmatic,Male,XY,46
Animalia|Mammalia|Rodentia|Cimicidae|Microtus|cabrerae,Animalia,Mammalia,Rodentia,Cimicidae,Microtus,cabrerae,Achiasmatic,Male,XY,54
Animalia|Mammalia|Rodentia|Cimicidae|Microtus|guentheri,Animalia,Mammalia,Rodentia,Cimicidae,Microtus,guentheri,Asynaptic,Male,XY,54
Animalia|Mammalia|Rodentia|Cimicidae|Microtus|kikuchii,Animalia,Mammalia,Rodentia,Cimicidae,Microtus,kikuchii,Asynaptic,Male,XY,30
Animalia|Mammalia|Rodentia|Cimicidae|Microtus|kirgisorum,Animalia,Mammalia,Rodentia,Cimicidae,Microtus,kirgisorum,Asynaptic,Male,XY,54
Animalia|Mammalia|Rodentia|Cimicidae|Microtus|oeconomus,Animalia,Mammalia,Rodentia,Cimicidae,Microtus,oeconomus,Asynaptic,Male,XY,30
Animalia|Mammalia|Rodentia|Cimicidae|Microtus|rossiaemeridionalis,Animalia,Mammalia,Rodentia,Cimicidae,Microtus,rossiaemeridionalis,Asynaptic,Male,XY,54
Animalia|Mammalia|Rodentia|Cimicidae|Microtus|subterraneus,Animalia,Mammalia,Rodentia,Cimicidae,Microtus,subterraneus,Asynaptic,Male,XY,52
Animalia|Mammalia|Rodentia|Cimicidae|Microtus|thomasi,Animalia,Mammalia,Rodentia,Cimicidae,Microtus,thomasi,Asynaptic,Male,NA,44
Animalia|Mammalia|Rodentia|Cimicidae|Microtus|transcapicus,Animalia,Mammalia,Rodentia,Cimicidae,Microtus,transcapicus,Asynaptic,Male,XY,52
Animalia|Mammalia|Rodentia|Cimicidae|Microtus|transcaspicus,Animalia,Mammalia,Rodentia,Cimicidae,Microtus,transcaspicus,Asynaptic,Male,NA,0
Animalia|Mammalia|Rodentia|Cricetidae|Arvicola|terrestris,Animalia,Mammalia,Rodentia,Cricetidae,Arvicola,terrestris,Asynaptic,Male,NA,0
Animalia|Mammalia|Rodentia|Cricetidae|Ellobius|talpinus,Animalia,Mammalia,Rodentia,Cricetidae,Ellobius,talpinus,Asynaptic,Male,XY,30
Animalia|Mammalia|Rodentia|Cricetidae|Ellobius|tancrei,Animalia,Mammalia,Rodentia,Cricetidae,Ellobius,tancrei,Asynaptic,Male,XY,55
Animalia|Mammalia|Rodentia|Cricetidae|Holochilus|chacarius,Animalia,Mammalia,Rodentia,Cricetidae,Holochilus,chacarius,Achiasmatic,Male,NA,48
Animalia|Mammalia|Rodentia|Cricetidae|Microtus|agrestis,Animalia,Mammalia,Rodentia,Cricetidae,Microtus,agrestis,Achiasmatic,Male,XY,50
Animalia|Mammalia|Rodentia|Cricetidae|Microtus|duodecimcostatus,Animalia,Mammalia,Rodentia,Cricetidae,Microtus,duodecimcostatus,Achiasmatic,Male,NA,62
Animalia|Mammalia|Rodentia|Cricetidae|Myopus|schisticolor,Animalia,Mammalia,Rodentia,Cricetidae,Myopus,schisticolor,Asynaptic,Male,XY,46
Animalia|Mammalia|Rodentia|Cricetidae|Phodopus|campbelli,Animalia,Mammalia,Rodentia,Cricetidae,Phodopus,campbelli,Asynaptic,Male,XY,0
Animalia|Mammalia|Rodentia|Cricetidae|Phodopus|sungorus,Animalia,Mammalia,Rodentia,Cricetidae,Phodopus,sungorus,Asynaptic,Male,XY,28
Animalia|Mammalia|Rodentia|Cricetidae|Pitymys|duodecimcostatus,Animalia,Mammalia,Rodentia,Cricetidae,Pitymys,duodecimcostatus,Achiasmatic,Male,XY,28
Animalia|Mammalia|Rodentia|Echimyidae|Trichomys|apereoide,Animalia,Mammalia,Rodentia,Echimyidae,Trichomys,apereoide,Asynaptic,Male,NA,26
Animalia|Mammalia|Rodentia|Muridae|Meriones|unguiculatus,Animalia,Mammalia,Rodentia,Muridae,Meriones,unguiculatus,Achiasmatic,Male,NA,44
Animalia|Mammalia|Rodentia|Muridae|Mus|dunni,Animalia,Mammalia,Rodentia,Muridae,Mus,dunni,Achiasmatic,Male,XY,40
Animalia|Mammalia|Rodentia|Muridae|Mus|minutoides,Animalia,Mammalia,Rodentia,Muridae,Mus,minutoides,Asynaptic,Male,XY,36
Animalia|Mammalia|Rodentia|Muridae|Psammomys|obesus,Animalia,Mammalia,Rodentia,Muridae,Psammomys,obesus,Achiasmatic,Male,NA,48
Animalia|Mammalia|Rodentia|Murids|Mus|minutoides,Animalia,Mammalia,Rodentia,Murids,Mus,minutoides,Asynaptic,Male,NA,36
Animalia|Mammalia|Rodentia|Octodontidae|Octodon|degus,Animalia,Mammalia,Rodentia,Octodontidae,Octodon,degus,Asynaptic,Male,XY,58
Animalia|Maxillopoda|Cyclopoida|Cyclopidae|Acanthocyclops|vernalis,Animalia,Maxillopoda,Cyclopoida,Cyclopidae,Acanthocyclops,vernalis,Achiasmatic,Female,NA,8
Animalia|Maxillopoda|Cyclopoida|Cyclopidae|Acanthocyclops|vernalisssp. parcus?,Animalia,Maxillopoda,Cyclopoida,Cyclopidae,Acanthocyclops,vernalis ssp. parcus?,Achiasmatic,Female,NA,6
Animalia|Maxillopoda|Cyclopoida|Cyclopidae|Cyclops|furcifer,Animalia,Maxillopoda,Cyclopoida,Cyclopidae,Cyclops,furcifer,Distance pairing,Female,NA,22
Animalia|Maxillopoda|Cyclopoida|Cyclopidae|Cyclops|strenuusdivulsus,Animalia,Maxillopoda,Cyclopoida,Cyclopidae,Cyclops,strenuus divulsus,Distance pairing,Female,NA,22
Animalia|Maxillopoda|Cyclopoida|Cyclopidae|Cyclops|strenuusstrenuus,Animalia,Maxillopoda,Cyclopoida,Cyclopidae,Cyclops,strenuus strenuus,Distance pairing,Female,NA,22
Animalia|Maxillopoda|Cyclopoida|Cyclopidae|Diacyclops|bicuspidatus,Animalia,Maxillopoda,Cyclopoida,Cyclopidae,Diacyclops,bicuspidatus,Achiasmatic,Female,NA,0
Animalia|Maxillopoda|Cyclopoida|Cyclopidae|Diacyclops|biscupidatusthomasi,Animalia,Maxillopoda,Cyclopoida,Cyclopidae,Diacyclops,biscupidatus thomasi,Achiasmatic,Female,NA,18
Animalia|Maxillopoda|Cyclopoida|Cyclopidae|Eucyclops|serrulatus,Animalia,Maxillopoda,Cyclopoida,Cyclopidae,Eucyclops,serrulatus,Achiasmatic,Female,NA,13
Animalia|Maxillopoda|Cyclopoida|Cyclopidae|Eucyclops|speratus,Animalia,Maxillopoda,Cyclopoida,Cyclopidae,Eucyclops,speratus,Achiasmatic,Female,NA,13
Animalia|Maxillopoda|Cyclopoida|Cyclopidae|Macrocyclops|albidus,Animalia,Maxillopoda,Cyclopoida,Cyclopidae,Macrocyclops,albidus,Achiasmatic,Female,NA,14
Animalia|Maxillopoda|Cyclopoida|Cyclopidae|Macrocyclops|ater,Animalia,Maxillopoda,Cyclopoida,Cyclopidae,Macrocyclops,ater,Achiasmatic,Female,NA,22
Animalia|Maxillopoda|Cyclopoida|Cyclopidae|Mesocyclops|edax,Animalia,Maxillopoda,Cyclopoida,Cyclopidae,Mesocyclops,edax,Achiasmatic,Female,NA,14
Animalia|Maxillopoda|Cyclopoida|Cyclopidae|Mesocyclops|leuckarti,Animalia,Maxillopoda,Cyclopoida,Cyclopidae,Mesocyclops,leuckarti,Achiasmatic,Female,NA,12
Animalia|Maxillopoda|Cyclopoida|Cyclopidae|Tropocyclops|prasinus,Animalia,Maxillopoda,Cyclopoida,Cyclopidae,Tropocyclops,prasinus,Achiasmatic,Female,NA,0
Animalia|Maxillopoda|Cyclopoida|Cyclopidae|Tropocyclops|prasinusmexicanus,Animalia,Maxillopoda,Cyclopoida,Cyclopidae,Tropocyclops,prasinus mexicanus,Achiasmatic,Female,NA,11
Animalia|Mollusca|Littorinida|Bithyniidae|Bithynia|leachi,Animalia,Mollusca,Littorinida,Bithyniidae,Bithynia,leachi,Achiasmatic,Male,XY,0
Animalia|Mollusca|Littorinida|Bithyniidae|Bithynia|tentaculata,Animalia,Mollusca,Littorinida,Bithyniidae,Bithynia,tentaculata,Achiasmatic,Male,XY,0
Animalia|Reptilia|Squamata|Lacertidae|Darevskia|unisexualis,Animalia,Reptilia,Squamata,Lacertidae,Darevskia,unisexualis,Asynaptic,Female,ZW,38
Kingdom|Class|Order|Family|Genus|Species,Kingdom,Class,Order,Family,Genus,Species,Meiosis Type,Achiasmatic Sex,NA,0
Plantae|Equisetopsida|Isoetales|Isoetaceae|Isoetes|coromandelina,Plantae,Equisetopsida,Isoetales,Isoetaceae,Isoetes,coromandelina,Asynaptic,NA,NA,46
Plantae|Equisetopsida|Solanales|Convolvulaceae|Poranopsis|paniculata,Plantae,Equisetopsida,Solanales,Convolvulaceae,Poranopsis,paniculata,Asynaptic,NA,NA,13
Plantae|Liliopsida|Cyperales|Cyperaceae|Rhynchospora|tenuis,Plantae,Liliopsida,Cyperales,Cyperaceae,Rhynchospora,tenuis,Achiasmatic,Male,NA,4
Plantae|Liliopsida|Zingberales|Zingiberaceae|Mantisia|spathulata,Plantae,Liliopsida,Zingberales,Zingiberaceae,Mantisia,spathulata,Asynaptic,Male,NA,20
Plantae|Liliopsida|Zingberales|Zingiberaceae|Mantisia|wengeri,Plantae,Liliopsida,Zingberales,Zingiberaceae,Mantisia,wengeri,Asynaptic,Male,NA,20
Plantae|Magnoliopsida|Brassicales|Brassicaceae|Arabidopsis|thaliana,Plantae,Magnoliopsida,Brassicales,Brassicaceae,Arabidopsis,thaliana,Achiasmatic,Both,NA,0
Plantae|Magnoliopsida|Caryophyllales|Caryophyllaceae|Dianthus|angulatus,Plantae,Magnoliopsida,Caryophyllales,Caryophyllaceae,Dianthus,angulatus,Asynaptic,Hermaphrodite,NA,30
Plantae|Magnoliopsida|Poales|Cyperaceae|Rhynchospora|tenuis,Plantae,Magnoliopsida,Poales,Cyperaceae,Rhynchospora,tenuis,Achiasmatic,NA,NA,4
Plantae|Magnoliopsida|Rosales|Rosacease|Rubus|canadensis,Plantae,Magnoliopsida,Rosales,Rosacease,Rubus,canadensis,Asynaptic,Male,NA,0
Plantae|Magnoliopsida|Solanales|Convolvulaceae|Calystegia|hederacea,Plantae,Magnoliopsida,Solanales,Convolvulaceae,Calystegia,hederacea,Asynaptic,NA,NA,11
Plantae|Magnoliopsida|Solanales|Convolvulaceae|Ipomoea|bona-nox,Plantae,Magnoliopsida,Solanales,Convolvulaceae,Ipomoea,bona-nox,Asynaptic,NA,NA,15
Plantae|Magnoliopsida|Solanales|Solanaceae|Solanum|Solanumnigrum,Plantae,Magnoliopsida,Solanales,Solanaceae,Solanum,Solanum nigrum,Asynaptic,Hermaphrodite,NA,12
Plantae|Pinopsida|Araucariales|Podocarpaceae|Pales|ferruginea,Plantae,Pinopsida,Araucariales,Podocarpaceae,Pales,ferruginea,Achiasmatic,Male,NA,0
