Kingdom,Class,Order,Family,Genus,Species,Full_Path_Key,Segregation_Type,Sex_Without_Recomb,Sex_Chromosome_Sys,Diploid_Number
Animalia,Actinopterygii,Cyprinodontiformes,Poecilidae,Poecilia,formosa,Animalia|Actinopterygii|Cyprinodontiformes|Poecilidae|Poecilia|formosa,Asynaptic Sex Chromosomes,Heterogametic,NA,46
Animalia,Amphibia,Anura,Glandirana,Rana,esculenta,Animalia|Amphibia|Anura|Glandirana|Rana|esculenta,Asynaptic Sex Chromosomes,NA,NA,26
Animalia,Amphibia,Anura,Glandirana,Rana,rugosa,Animalia|Amphibia|Anura|Glandirana|Rana|rugosa,Achiasmatic Sex Chromosomes,Heterogametic,ZW,26
Animalia,Amphibia,Caudata,Salamandridae,Triturus,cristatus,Animalia|Amphibia|Caudata|Salamandridae|Triturus|cristatus,Asynaptic Sex Chromosomes,Both,XY,24
Animalia,Amphibia,Caudata,Salamandridae,Triturus,cristatus carnifex,Animalia|Amphibia|Caudata|Salamandridae|Triturus|cristatus carnifex,Asynaptic Sex Chromosomes,Heterogametic,NA,NA
Animalia,Amphibia,Caudata,Salamandridae,Triturus,marmoratus,Animalia|Amphibia|Caudata|Salamandridae|Triturus|marmoratus,Asynaptic Sex Chromosomes,Both,NA,24
Animalia,Arachnida,Araneae,Antrodiaetidae,Aliatypus,californicus,Animalia|Arachnida|Araneae|Antrodiaetidae|Aliatypus|californicus,Achiasmatic Meiosis,Heterogametic,XO,28
Animalia,Arachnida,Araneae,Diguetidae,Diguetia,albolineata,Animalia|Arachnida|Araneae|Diguetidae|Diguetia|albolineata,Achiasmatic Meiosis,Heterogametic,XY,20
Animalia,Arachnida,Araneae,Diguetidae,Diguetia,canities,Animalia|Arachnida|Araneae|Diguetidae|Diguetia|canities,Achiasmatic Meiosis,Heterogametic,XY,16
Animalia,Arachnida,Araneae,Drymusidae,Drymusa,capensis,Animalia|Arachnida|Araneae|Drymusidae|Drymusa|capensis,Achiasmatic Meiosis,Heterogametic,NA,38
Animalia,Arachnida,Araneae,Dysderidae,Dysdera,crocota,Animalia|Arachnida|Araneae|Dysderidae|Dysdera|crocota,Achiasmatic Meiosis,Heterogametic,XO,10
Animalia,Arachnida,Araneae,Euagridae,Euagrus,lynceus,Animalia|Arachnida|Araneae|Euagridae|Euagrus|lynceus,Achiasmatic Meiosis,Heterogametic,NA,60
Animalia,Arachnida,Araneae,Filistatidae,Filistata,insidiatrix,Animalia|Arachnida|Araneae|Filistatidae|Filistata|insidiatrix,Achiasmatic Meiosis,Heterogametic,NA,34
Animalia,Arachnida,Araneae,Hypochilidae,Hypochilus,pococki,Animalia|Arachnida|Araneae|Hypochilidae|Hypochilus|pococki,Achiasmatic Meiosis,Heterogametic,NA,NA
Animalia,Arachnida,Araneae,Pholcidae,Holocnemus,caudatus,Animalia|Arachnida|Araneae|Pholcidae|Holocnemus|caudatus,Achiasmatic Meiosis,Heterogametic,XO,24
Animalia,Arachnida,Araneae,Pholcidae,Pholcus,phalangioides,Animalia|Arachnida|Araneae|Pholcidae|Pholcus|phalangioides,Achiasmatic Meiosis,Heterogametic,NA,26
Animalia,Arachnida,Araneae,Pholcidae,Spermophora,senoculata,Animalia|Arachnida|Araneae|Pholcidae|Spermophora|senoculata,Achiasmatic Meiosis,Heterogametic,NA,26
Animalia,Arachnida,Araneae,Sicariidae,Loxosceles,intermedia,Animalia|Arachnida|Araneae|Sicariidae|Loxosceles|intermedia,Achiasmatic Meiosis,Heterogametic,XY,24
Animalia,Arachnida,Araneae,Sicariidae,Loxosceles,laeta,Animalia|Arachnida|Araneae|Sicariidae|Loxosceles|laeta,Achiasmatic Meiosis,Heterogametic,XY,24
Animalia,Arachnida,Araneae,Sicariidae,Loxosceles,reclusa,Animalia|Arachnida|Araneae|Sicariidae|Loxosceles|reclusa,Achiasmatic Meiosis,Heterogametic,XY,18
Animalia,Arachnida,Araneae,Sicariidae,Loxosceles,rufescens,Animalia|Arachnida|Araneae|Sicariidae|Loxosceles|rufescens,Achiasmatic Meiosis,Heterogametic,NA,22
Animalia,Arachnida,Araneae,Sicariidae,Loxosceles,rufipes,Animalia|Arachnida|Araneae|Sicariidae|Loxosceles|rufipes,Achiasmatic Meiosis,Heterogametic,XY,20
Animalia,Arachnida,Araneae,Sicariidae,Loxosceles,spinulosa,Animalia|Arachnida|Araneae|Sicariidae|Loxosceles|spinulosa,Achiasmatic Meiosis,Heterogametic,NA,20
Animalia,Arachnida,Pseudoscorpines,Atemnidae,Atemnus,politus,Animalia|Arachnida|Pseudoscorpines|Atemnidae|Atemnus|politus,Achiasmatic Sex Chromosomes,Heterogametic,XO,96
Animalia,Arachnida,Pseudoscorpionida,Chthoniidae,Chthonius,alpicola,Animalia|Arachnida|Pseudoscorpionida|Chthoniidae|Chthonius|alpicola,Achiasmatic Meiosis,Heterogametic,XO,22
Animalia,Arachnida,Pseudoscorpionida,Chthoniidae,Chthonius,boldorii,Animalia|Arachnida|Pseudoscorpionida|Chthoniidae|Chthonius|boldorii,Achiasmatic Meiosis,Heterogametic,XO,36
Animalia,Arachnida,Pseudoscorpionida,Chthoniidae,Chthonius,carinthiacus,Animalia|Arachnida|Pseudoscorpionida|Chthoniidae|Chthonius|carinthiacus,Achiasmatic Meiosis,Heterogametic,XO,36
Animalia,Arachnida,Pseudoscorpionida,Chthoniidae,Chthonius,diophthalmus,Animalia|Arachnida|Pseudoscorpionida|Chthoniidae|Chthonius|diophthalmus,Achiasmatic Meiosis,Heterogametic,XO,34
Animalia,Arachnida,Pseudoscorpionida,Chthoniidae,Chthonius,fuscimanus,Animalia|Arachnida|Pseudoscorpionida|Chthoniidae|Chthonius|fuscimanus,Achiasmatic Meiosis,Heterogametic,XO,36
Animalia,Arachnida,Pseudoscorpionida,Chthoniidae,Chthonius,heterodactylus,Animalia|Arachnida|Pseudoscorpionida|Chthoniidae|Chthonius|heterodactylus,Achiasmatic Meiosis,Heterogametic,XO,34
Animalia,Arachnida,Pseudoscorpionida,Chthoniidae,Chthonius,"ischnocheles, cytotype I","Animalia|Arachnida|Pseudoscorpionida|Chthoniidae|Chthonius|ischnocheles, cytotype I",Achiasmatic Meiosis,Heterogametic,XO,32
Animalia,Arachnida,Pseudoscorpionida,Chthoniidae,Chthonius,"ischnocheles, cytotype II","Animalia|Arachnida|Pseudoscorpionida|Chthoniidae|Chthonius|ischnocheles, cytotype II",Achiasmatic Meiosis,Heterogametic,XO,36
Animalia,Arachnida,Pseudoscorpionida,Chthoniidae,Chthonius,litoralis,Animalia|Arachnida|Pseudoscorpionida|Chthoniidae|Chthonius|litoralis,Achiasmatic Meiosis,Heterogametic,XO,36
Animalia,Arachnida,Pseudoscorpionida,Chthoniidae,Chthonius,nanus,Animalia|Arachnida|Pseudoscorpionida|Chthoniidae|Chthonius|nanus,Achiasmatic Meiosis,Heterogametic,XO,26
Animalia,Arachnida,Pseudoscorpionida,Chthoniidae,Chthonius,orthodactylus,Animalia|Arachnida|Pseudoscorpionida|Chthoniidae|Chthonius|orthodactylus,Achiasmatic Meiosis,Heterogametic,XO,34
Animalia,Arachnida,Pseudoscorpionida,Chthoniidae,Chthonius,poeninus,Animalia|Arachnida|Pseudoscorpionida|Chthoniidae|Chthonius|poeninus,Achiasmatic Meiosis,Heterogametic,XO,26
Animalia,Arachnida,Pseudoscorpionida,Chthoniidae,Chthonius,"raridentatus, cytotype I","Animalia|Arachnida|Pseudoscorpionida|Chthoniidae|Chthonius|raridentatus, cytotype I",Achiasmatic Meiosis,Heterogametic,XO,30
Animalia,Arachnida,Pseudoscorpionida,Chthoniidae,Chthonius,"raridentatus, cytotype II","Animalia|Arachnida|Pseudoscorpionida|Chthoniidae|Chthonius|raridentatus, cytotype II",Achiasmatic Meiosis,Heterogametic,XO,30
Animalia,Arachnida,Pseudoscorpionida,Chthoniidae,Chthonius,"rhodochelatus, cytotype I","Animalia|Arachnida|Pseudoscorpionida|Chthoniidae|Chthonius|rhodochelatus, cytotype I",Achiasmatic Meiosis,Heterogametic,XO,36
Animalia,Arachnida,Pseudoscorpionida,Chthoniidae,Chthonius,"rhodochelatus, cytotype II","Animalia|Arachnida|Pseudoscorpionida|Chthoniidae|Chthonius|rhodochelatus, cytotype II",Achiasmatic Meiosis,Heterogametic,XO,36
Animalia,Arachnida,Pseudoscorpionida,Chthoniidae,Chthonius,sp. 1,Animalia|Arachnida|Pseudoscorpionida|Chthoniidae|Chthonius|sp. 1,Achiasmatic Meiosis,Heterogametic,XO,30
Animalia,Arachnida,Pseudoscorpionida,Chthoniidae,Chthonius,sp. 2,Animalia|Arachnida|Pseudoscorpionida|Chthoniidae|Chthonius|sp. 2,Achiasmatic Meiosis,Heterogametic,XO,22
Animalia,Arachnida,Pseudoscorpionida,Chthoniidae,Chthonius,sp.2,Animalia|Arachnida|Pseudoscorpionida|Chthoniidae|Chthonius|sp.2,Achiasmatic Meiosis,Heterogametic,XO,22
Animalia,Arachnida,Pseudoscorpionida,Chthoniidae,Chthonius,tenuis,Animalia|Arachnida|Pseudoscorpionida|Chthoniidae|Chthonius|tenuis,Achiasmatic Meiosis,Heterogametic,XO,36
Animalia,Arachnida,Pseudoscorpionida,Chthoniidae,Chthonius,"tenuis, cytotype I","Animalia|Arachnida|Pseudoscorpionida|Chthoniidae|Chthonius|tenuis, cytotype I",Achiasmatic Meiosis,Heterogametic,XO,36
Animalia,Arachnida,Pseudoscorpionida,Chthoniidae,Chthonius,"tenuis, cytotype II","Animalia|Arachnida|Pseudoscorpionida|Chthoniidae|Chthonius|tenuis, cytotype II",Achiasmatic Meiosis,Heterogametic,XO,34
Animalia,Arachnida,Pseudoscorpionida,Chthoniidae,Chthonius,"tenuis, cytotype III","Animalia|Arachnida|Pseudoscorpionida|Chthoniidae|Chthonius|tenuis, cytotype III",Achiasmatic Meiosis,Heterogametic,XO,34
Animalia,Arachnida,Pseudoscorpionida,Chthoniidae,Chthonius,"tenuis, cytotype IV","Animalia|Arachnida|Pseudoscorpionida|Chthoniidae|Chthonius|tenuis, cytotype IV",Achiasmatic Meiosis,Heterogametic,XO,34
Animalia,Arachnida,Pseudoscorpionida,Chthoniidae,Chthonius,"tenuis, cytotype V","Animalia|Arachnida|Pseudoscorpionida|Chthoniidae|Chthonius|tenuis, cytotype V",Achiasmatic Meiosis,Heterogametic,XO,22
Animalia,Arachnida,Pseudoscorpionida,Chthoniidae,Chthonius,tetrachelatus,Animalia|Arachnida|Pseudoscorpionida|Chthoniidae|Chthonius|tetrachelatus,Achiasmatic Meiosis,Heterogametic,XO,36
Animalia,Arachnida,Pseudoscorpionida,Chthoniidae,Chthonius,"tetrachelatus, cytotype I","Animalia|Arachnida|Pseudoscorpionida|Chthoniidae|Chthonius|tetrachelatus, cytotype I",Achiasmatic Meiosis,Heterogametic,XO,36
Animalia,Arachnida,Pseudoscorpionida,Chthoniidae,Chthonius,"tetrachelatus, cytotype II","Animalia|Arachnida|Pseudoscorpionida|Chthoniidae|Chthonius|tetrachelatus, cytotype II",Achiasmatic Meiosis,Heterogametic,XO,36
Animalia,Arachnida,Scorpiones,Bothriuridae,Bothriurus,Sp.,Animalia|Arachnida|Scorpiones|Bothriuridae|Bothriurus|Sp.,Achiasmatic Meiosis,Heterogametic,NA,36
Animalia,Arachnida,Scorpiones,Bothriuridae,Bothriurus,araguayae,Animalia|Arachnida|Scorpiones|Bothriuridae|Bothriurus|araguayae,Achiasmatic Meiosis,Heterogametic,NA,44
Animalia,Arachnida,Scorpiones,Bothriuridae,Bothriurus,rochensis,Animalia|Arachnida|Scorpiones|Bothriuridae|Bothriurus|rochensis,Achiasmatic Meiosis,Heterogametic,NA,46
Animalia,Arachnida,Scorpiones,Bothriuridae,Brachistosternus,alienus,Animalia|Arachnida|Scorpiones|Bothriuridae|Brachistosternus|alienus,Achiasmatic Meiosis,Heterogametic,NA,28
Animalia,Arachnida,Scorpiones,Bothriuridae,Brachistosternus,ferrugineus,Animalia|Arachnida|Scorpiones|Bothriuridae|Brachistosternus|ferrugineus,Achiasmatic Meiosis,Heterogametic,NA,46
Animalia,Arachnida,Scorpiones,Bothriuridae,Brachistosternus,montanus,Animalia|Arachnida|Scorpiones|Bothriuridae|Brachistosternus|montanus,Achiasmatic Meiosis,Heterogametic,NA,46
Animalia,Arachnida,Scorpiones,Bothriuridae,Brachistosternus,pentheri,Animalia|Arachnida|Scorpiones|Bothriuridae|Brachistosternus|pentheri,Achiasmatic Meiosis,Heterogametic,NA,42
Animalia,Arachnida,Scorpiones,Buthidae,Ananteris,balzanii,Animalia|Arachnida|Scorpiones|Buthidae|Ananteris|balzanii,Achiasmatic Meiosis,Heterogametic,NA,14
Animalia,Arachnida,Scorpiones,Buthidae,Androctonus,amoreuxi,Animalia|Arachnida|Scorpiones|Buthidae|Androctonus|amoreuxi,Achiasmatic Meiosis,Heterogametic,NA,24
Animalia,Arachnida,Scorpiones,Buthidae,Androctonus,amoreuxi amoreuxi,Animalia|Arachnida|Scorpiones|Buthidae|Androctonus|amoreuxi amoreuxi,Achiasmatic Meiosis,Heterogametic,NA,24
Animalia,Arachnida,Scorpiones,Buthidae,Androctonus,amoreuxi levyi,Animalia|Arachnida|Scorpiones|Buthidae|Androctonus|amoreuxi levyi,Achiasmatic Meiosis,Heterogametic,NA,24
Animalia,Arachnida,Scorpiones,Buthidae,Androctonus,australis,Animalia|Arachnida|Scorpiones|Buthidae|Androctonus|australis,Achiasmatic Meiosis,Heterogametic,NA,24
Animalia,Arachnida,Scorpiones,Buthidae,Androctonus,bicolor,Animalia|Arachnida|Scorpiones|Buthidae|Androctonus|bicolor,Achiasmatic Meiosis,Heterogametic,NA,24
Animalia,Arachnida,Scorpiones,Buthidae,Androctonus,bicolor bicolor,Animalia|Arachnida|Scorpiones|Buthidae|Androctonus|bicolor bicolor,Achiasmatic Meiosis,Heterogametic,NA,24
Animalia,Arachnida,Scorpiones,Buthidae,Androctonus,bicolor longecarinatus,Animalia|Arachnida|Scorpiones|Buthidae|Androctonus|bicolor longecarinatus,Achiasmatic Meiosis,Heterogametic,NA,24
Animalia,Arachnida,Scorpiones,Buthidae,Androctonus,bourdoni,Animalia|Arachnida|Scorpiones|Buthidae|Androctonus|bourdoni,Achiasmatic Meiosis,Heterogametic,NA,24
Animalia,Arachnida,Scorpiones,Buthidae,Androctonus,crassicauda,Animalia|Arachnida|Scorpiones|Buthidae|Androctonus|crassicauda,Achiasmatic Meiosis,Heterogametic,NA,24
Animalia,Arachnida,Scorpiones,Buthidae,Androctonus,gonneti,Animalia|Arachnida|Scorpiones|Buthidae|Androctonus|gonneti,Achiasmatic Meiosis,Heterogametic,NA,24
Animalia,Arachnida,Scorpiones,Buthidae,Androctonus,liouvillei,Animalia|Arachnida|Scorpiones|Buthidae|Androctonus|liouvillei,Achiasmatic Meiosis,Heterogametic,NA,24
Animalia,Arachnida,Scorpiones,Buthidae,Androctonus,maelfaiti,Animalia|Arachnida|Scorpiones|Buthidae|Androctonus|maelfaiti,Achiasmatic Meiosis,Heterogametic,NA,24
Animalia,Arachnida,Scorpiones,Buthidae,Androctonus,mauritanicus,Animalia|Arachnida|Scorpiones|Buthidae|Androctonus|mauritanicus,Achiasmatic Meiosis,Heterogametic,NA,24
Animalia,Arachnida,Scorpiones,Buthidae,Androctonus,sergenti,Animalia|Arachnida|Scorpiones|Buthidae|Androctonus|sergenti,Achiasmatic Meiosis,Heterogametic,NA,24
Animalia,Arachnida,Scorpiones,Buthidae,Androctonus,tenuissimus,Animalia|Arachnida|Scorpiones|Buthidae|Androctonus|tenuissimus,Achiasmatic Meiosis,Heterogametic,NA,24
Animalia,Arachnida,Scorpiones,Buthidae,Apistobuthus,pterygocercus,Animalia|Arachnida|Scorpiones|Buthidae|Apistobuthus|pterygocercus,Achiasmatic Meiosis,Heterogametic,NA,22
Animalia,Arachnida,Scorpiones,Buthidae,Barbaracurus,winklerorum sp. n.,Animalia|Arachnida|Scorpiones|Buthidae|Barbaracurus|winklerorum sp. n.,Achiasmatic Meiosis,Heterogametic,NA,NA
Animalia,Arachnida,Scorpiones,Buthidae,Barbaracurus,yemenensis sp. n.,Animalia|Arachnida|Scorpiones|Buthidae|Barbaracurus|yemenensis sp. n.,Achiasmatic Meiosis,Heterogametic,NA,NA
Animalia,Arachnida,Scorpiones,Buthidae,Buthacus,macrocentrus,Animalia|Arachnida|Scorpiones|Buthidae|Buthacus|macrocentrus,Achiasmatic Meiosis,Heterogametic,NA,28
Animalia,Arachnida,Scorpiones,Buthidae,Buthacus,nigroaculeatus,Animalia|Arachnida|Scorpiones|Buthidae|Buthacus|nigroaculeatus,Achiasmatic Meiosis,Heterogametic,NA,26
Animalia,Arachnida,Scorpiones,Buthidae,Buthacus,stockmanni,Animalia|Arachnida|Scorpiones|Buthidae|Buthacus|stockmanni,Achiasmatic Meiosis,Heterogametic,NA,20
Animalia,Arachnida,Scorpiones,Buthidae,Buthacus,stockmanni sp. n.,Animalia|Arachnida|Scorpiones|Buthidae|Buthacus|stockmanni sp. n.,Achiasmatic Meiosis,Heterogametic,NA,20
Animalia,Arachnida,Scorpiones,Buthidae,Buthus,atlantis,Animalia|Arachnida|Scorpiones|Buthidae|Buthus|atlantis,Achiasmatic Meiosis,Heterogametic,NA,22
Animalia,Arachnida,Scorpiones,Buthidae,Buthus,awashensis,Animalia|Arachnida|Scorpiones|Buthidae|Buthus|awashensis,Achiasmatic Meiosis,Heterogametic,NA,22
Animalia,Arachnida,Scorpiones,Buthidae,Buthus,maroccancus,Animalia|Arachnida|Scorpiones|Buthidae|Buthus|maroccancus,Achiasmatic Meiosis,Heterogametic,NA,22
Animalia,Arachnida,Scorpiones,Buthidae,Buthus,pococki sp. n,Animalia|Arachnida|Scorpiones|Buthidae|Buthus|pococki sp. n,Achiasmatic Meiosis,Heterogametic,NA,22
Animalia,Arachnida,Scorpiones,Buthidae,Buthus,zeylensis,Animalia|Arachnida|Scorpiones|Buthidae|Buthus|zeylensis,Achiasmatic Meiosis,Heterogametic,NA,22
Animalia,Arachnida,Scorpiones,Buthidae,Centruroides,baracoae,Animalia|Arachnida|Scorpiones|Buthidae|Centruroides|baracoae,Achiasmatic Meiosis,Heterogametic,NA,26
Animalia,Arachnida,Scorpiones,Buthidae,Centruroides,exilicauda,Animalia|Arachnida|Scorpiones|Buthidae|Centruroides|exilicauda,Achiasmatic Meiosis,Heterogametic,NA,26
Animalia,Arachnida,Scorpiones,Buthidae,Centruroides,gracilis,Animalia|Arachnida|Scorpiones|Buthidae|Centruroides|gracilis,Achiasmatic Meiosis,Heterogametic,NA,24
Animalia,Arachnida,Scorpiones,Buthidae,Centruroides,vittatus,Animalia|Arachnida|Scorpiones|Buthidae|Centruroides|vittatus,Achiasmatic Meiosis,Heterogametic,NA,26
Animalia,Arachnida,Scorpiones,Buthidae,Compsobuthus,acutecarinatus,Animalia|Arachnida|Scorpiones|Buthidae|Compsobuthus|acutecarinatus,Achiasmatic Meiosis,Heterogametic,NA,22
Animalia,Arachnida,Scorpiones,Buthidae,Compsobuthus,arabicus,Animalia|Arachnida|Scorpiones|Buthidae|Compsobuthus|arabicus,Achiasmatic Meiosis,Heterogametic,NA,22
Animalia,Arachnida,Scorpiones,Buthidae,Compsobuthus,eritreaensis,Animalia|Arachnida|Scorpiones|Buthidae|Compsobuthus|eritreaensis,Achiasmatic Meiosis,Heterogametic,NA,22
Animalia,Arachnida,Scorpiones,Buthidae,Compsobuthus,eritreaensis sp. n.,Animalia|Arachnida|Scorpiones|Buthidae|Compsobuthus|eritreaensis sp. n.,Achiasmatic Meiosis,Heterogametic,NA,22
Animalia,Arachnida,Scorpiones,Buthidae,Compsobuthus,maindroni,Animalia|Arachnida|Scorpiones|Buthidae|Compsobuthus|maindroni,Achiasmatic Meiosis,Heterogametic,NA,22
Animalia,Arachnida,Scorpiones,Buthidae,Compsobuthus,matthiesseni,Animalia|Arachnida|Scorpiones|Buthidae|Compsobuthus|matthiesseni,Achiasmatic Meiosis,Heterogametic,NA,22
Animalia,Arachnida,Scorpiones,Buthidae,Compsobuthus,schmiedeknechti,Animalia|Arachnida|Scorpiones|Buthidae|Compsobuthus|schmiedeknechti,Achiasmatic Meiosis,Heterogametic,NA,22
Animalia,Arachnida,Scorpiones,Buthidae,Compsobuthus,turieli sp. n.,Animalia|Arachnida|Scorpiones|Buthidae|Compsobuthus|turieli sp. n.,Achiasmatic Meiosis,Heterogametic,NA,22
Animalia,Arachnida,Scorpiones,Buthidae,Compsobuthus,ullrichi sp. n.,Animalia|Arachnida|Scorpiones|Buthidae|Compsobuthus|ullrichi sp. n.,Achiasmatic Meiosis,Heterogametic,NA,22
Animalia,Arachnida,Scorpiones,Buthidae,Euscorpius,bonacinai sp. n.,Animalia|Arachnida|Scorpiones|Buthidae|Euscorpius|bonacinai sp. n.,Achiasmatic Meiosis,Heterogametic,NA,NA
Animalia,Arachnida,Scorpiones,Buthidae,Euscorpius,janstai sp. n.,Animalia|Arachnida|Scorpiones|Buthidae|Euscorpius|janstai sp. n.,Achiasmatic Meiosis,Heterogametic,NA,112
Animalia,Arachnida,Scorpiones,Buthidae,Euscorpius,kabateki sp. n.,Animalia|Arachnida|Scorpiones|Buthidae|Euscorpius|kabateki sp. n.,Achiasmatic Meiosis,Heterogametic,NA,NA
Animalia,Arachnida,Scorpiones,Buthidae,Euscorpius,sadileki sp. n.,Animalia|Arachnida|Scorpiones|Buthidae|Euscorpius|sadileki sp. n.,Achiasmatic Meiosis,Heterogametic,NA,90
Animalia,Arachnida,Scorpiones,Buthidae,Euscorpius,scheraboni sp. n.,Animalia|Arachnida|Scorpiones|Buthidae|Euscorpius|scheraboni sp. n.,Achiasmatic Meiosis,Heterogametic,NA,NA
Animalia,Arachnida,Scorpiones,Buthidae,Gint,gaitako sp. n.,Animalia|Arachnida|Scorpiones|Buthidae|Gint|gaitako sp. n.,Achiasmatic Meiosis,Heterogametic,NA,30
Animalia,Arachnida,Scorpiones,Buthidae,Grosphus,sp.,Animalia|Arachnida|Scorpiones|Buthidae|Grosphus|sp.,Achiasmatic Meiosis,Heterogametic,NA,14
Animalia,Arachnida,Scorpiones,Buthidae,Hemilychas,alexandrinus,Animalia|Arachnida|Scorpiones|Buthidae|Hemilychas|alexandrinus,Achiasmatic Meiosis,Heterogametic,NA,14
Animalia,Arachnida,Scorpiones,Buthidae,Heteroctenus,abudi,Animalia|Arachnida|Scorpiones|Buthidae|Heteroctenus|abudi,Achiasmatic Meiosis,Heterogametic,NA,16
Animalia,Arachnida,Scorpiones,Buthidae,Heteroctenus,garridoi,Animalia|Arachnida|Scorpiones|Buthidae|Heteroctenus|garridoi,Achiasmatic Meiosis,Heterogametic,NA,24
Animalia,Arachnida,Scorpiones,Buthidae,Heteroctenus,princeps,Animalia|Arachnida|Scorpiones|Buthidae|Heteroctenus|princeps,Achiasmatic Meiosis,Heterogametic,NA,16
Animalia,Arachnida,Scorpiones,Buthidae,Hottentotta,arenaceus,Animalia|Arachnida|Scorpiones|Buthidae|Hottentotta|arenaceus,Achiasmatic Meiosis,Heterogametic,NA,14
Animalia,Arachnida,Scorpiones,Buthidae,Hottentotta,conspersus,Animalia|Arachnida|Scorpiones|Buthidae|Hottentotta|conspersus,Achiasmatic Meiosis,Heterogametic,NA,16
Animalia,Arachnida,Scorpiones,Buthidae,Hottentotta,flavidulus,Animalia|Arachnida|Scorpiones|Buthidae|Hottentotta|flavidulus,Achiasmatic Meiosis,Heterogametic,NA,24
Animalia,Arachnida,Scorpiones,Buthidae,Hottentotta,hottentotta,Animalia|Arachnida|Scorpiones|Buthidae|Hottentotta|hottentotta,Achiasmatic Meiosis,Heterogametic,NA,16
Animalia,Arachnida,Scorpiones,Buthidae,Hottentotta,minusalta,Animalia|Arachnida|Scorpiones|Buthidae|Hottentotta|minusalta,Achiasmatic Meiosis,Heterogametic,NA,16
Animalia,Arachnida,Scorpiones,Buthidae,Hottentotta,saulcyi,Animalia|Arachnida|Scorpiones|Buthidae|Hottentotta|saulcyi,Achiasmatic Meiosis,Heterogametic,NA,14
Animalia,Arachnida,Scorpiones,Buthidae,Hottentotta,sousai,Animalia|Arachnida|Scorpiones|Buthidae|Hottentotta|sousai,Achiasmatic Meiosis,Heterogametic,NA,14
Animalia,Arachnida,Scorpiones,Buthidae,Hottentotta,sp.,Animalia|Arachnida|Scorpiones|Buthidae|Hottentotta|sp.,Achiasmatic Meiosis,Heterogametic,NA,22
Animalia,Arachnida,Scorpiones,Buthidae,Hottentotta,trilineatus,Animalia|Arachnida|Scorpiones|Buthidae|Hottentotta|trilineatus,Achiasmatic Meiosis,Heterogametic,NA,24
Animalia,Arachnida,Scorpiones,Buthidae,Hottentotta,ugandensis,Animalia|Arachnida|Scorpiones|Buthidae|Hottentotta|ugandensis,Achiasmatic Meiosis,Heterogametic,NA,22
Animalia,Arachnida,Scorpiones,Buthidae,Ischnotelson,guanambiensis,Animalia|Arachnida|Scorpiones|Buthidae|Ischnotelson|guanambiensis,Achiasmatic Meiosis,Both,NA,26
Animalia,Arachnida,Scorpiones,Buthidae,Ischnotelson,peruassu,Animalia|Arachnida|Scorpiones|Buthidae|Ischnotelson|peruassu,Achiasmatic Meiosis,Heterogametic,NA,26
Animalia,Arachnida,Scorpiones,Buthidae,Ischnotelson,sp.,Animalia|Arachnida|Scorpiones|Buthidae|Ischnotelson|sp.,Achiasmatic Meiosis,Heterogametic,NA,26
Animalia,Arachnida,Scorpiones,Buthidae,Isometroides,vescus,Animalia|Arachnida|Scorpiones|Buthidae|Isometroides|vescus,Achiasmatic Meiosis,Heterogametic,NA,14
Animalia,Arachnida,Scorpiones,Buthidae,Isometrus,maculatus,Animalia|Arachnida|Scorpiones|Buthidae|Isometrus|maculatus,Achiasmatic Meiosis,Heterogametic,NA,NA
Animalia,Arachnida,Scorpiones,Buthidae,Isometrus,melanodactylus,Animalia|Arachnida|Scorpiones|Buthidae|Isometrus|melanodactylus,Achiasmatic Meiosis,Heterogametic,NA,14
Animalia,Arachnida,Scorpiones,Buthidae,Isometrus,thwaitesi,Animalia|Arachnida|Scorpiones|Buthidae|Isometrus|thwaitesi,Achiasmatic Meiosis,Heterogametic,NA,8
Animalia,Arachnida,Scorpiones,Buthidae,Jaguajir,agamemnon,Animalia|Arachnida|Scorpiones|Buthidae|Jaguajir|agamemnon,Achiasmatic Meiosis,Heterogametic,NA,28
Animalia,Arachnida,Scorpiones,Buthidae,Jaguajir,pintoi,Animalia|Arachnida|Scorpiones|Buthidae|Jaguajir|pintoi,Achiasmatic Meiosis,Both,NA,28
Animalia,Arachnida,Scorpiones,Buthidae,Jaguajir,rochae,Animalia|Arachnida|Scorpiones|Buthidae|Jaguajir|rochae,Achiasmatic Meiosis,Heterogametic,NA,28
Animalia,Arachnida,Scorpiones,Buthidae,Lanzatus,somalilandusv Sp.n.,Animalia|Arachnida|Scorpiones|Buthidae|Lanzatus|somalilandusv Sp.n.,Achiasmatic Meiosis,Heterogametic,NA,NA
Animalia,Arachnida,Scorpiones,Buthidae,Leiurus,abdullahbayrami,Animalia|Arachnida|Scorpiones|Buthidae|Leiurus|abdullahbayrami,Achiasmatic Meiosis,Heterogametic,NA,22
Animalia,Arachnida,Scorpiones,Buthidae,Leiurus,hebraeus,Animalia|Arachnida|Scorpiones|Buthidae|Leiurus|hebraeus,Achiasmatic Meiosis,Heterogametic,NA,22
Animalia,Arachnida,Scorpiones,Buthidae,Leiurus,sp.,Animalia|Arachnida|Scorpiones|Buthidae|Leiurus|sp.,Achiasmatic Meiosis,Heterogametic,NA,22
Animalia,Arachnida,Scorpiones,Buthidae,Lychas,alexandrinus,Animalia|Arachnida|Scorpiones|Buthidae|Lychas|alexandrinus,Achiasmatic Meiosis,Heterogametic,NA,NA
Animalia,Arachnida,Scorpiones,Buthidae,Lychas,amucronatus,Animalia|Arachnida|Scorpiones|Buthidae|Lychas|amucronatus,Achiasmatic Meiosis,Heterogametic,NA,10
Animalia,Arachnida,Scorpiones,Buthidae,Lychas,krali,Animalia|Arachnida|Scorpiones|Buthidae|Lychas|krali,Achiasmatic Meiosis,Heterogametic,NA,16
Animalia,Arachnida,Scorpiones,Buthidae,Lychas,marmoreus,Animalia|Arachnida|Scorpiones|Buthidae|Lychas|marmoreus,Achiasmatic Meiosis,Heterogametic,NA,16
Animalia,Arachnida,Scorpiones,Buthidae,Lychas,obsti,Animalia|Arachnida|Scorpiones|Buthidae|Lychas|obsti,Achiasmatic Meiosis,Heterogametic,NA,10
Animalia,Arachnida,Scorpiones,Buthidae,Lychas,scutilus,Animalia|Arachnida|Scorpiones|Buthidae|Lychas|scutilus,Achiasmatic Meiosis,Heterogametic,NA,14
Animalia,Arachnida,Scorpiones,Buthidae,Lychas,variatus,Animalia|Arachnida|Scorpiones|Buthidae|Lychas|variatus,Achiasmatic Meiosis,Heterogametic,NA,14
Animalia,Arachnida,Scorpiones,Buthidae,Lychas,variatus canopensis,Animalia|Arachnida|Scorpiones|Buthidae|Lychas|variatus canopensis,Achiasmatic Meiosis,Heterogametic,NA,16
Animalia,Arachnida,Scorpiones,Buthidae,Lychas,variatus variatus,Animalia|Arachnida|Scorpiones|Buthidae|Lychas|variatus variatus,Achiasmatic Meiosis,Heterogametic,NA,16
Animalia,Arachnida,Scorpiones,Buthidae,Mesobuthus,eupeus,Animalia|Arachnida|Scorpiones|Buthidae|Mesobuthus|eupeus,Achiasmatic Meiosis,Heterogametic,NA,22
Animalia,Arachnida,Scorpiones,Buthidae,Mesobuthus,gibbous,Animalia|Arachnida|Scorpiones|Buthidae|Mesobuthus|gibbous,Achiasmatic Meiosis,Heterogametic,NA,28
Animalia,Arachnida,Scorpiones,Buthidae,Mesobuthus,macmahoni,Animalia|Arachnida|Scorpiones|Buthidae|Mesobuthus|macmahoni,Achiasmatic Meiosis,Heterogametic,NA,24
Animalia,Arachnida,Scorpiones,Buthidae,Mesobuthus,tamulus,Animalia|Arachnida|Scorpiones|Buthidae|Mesobuthus|tamulus,Achiasmatic Meiosis,Heterogametic,NA,NA
Animalia,Arachnida,Scorpiones,Buthidae,Microbuthus,gardneri,Animalia|Arachnida|Scorpiones|Buthidae|Microbuthus|gardneri,Achiasmatic Meiosis,Heterogametic,NA,NA
Animalia,Arachnida,Scorpiones,Buthidae,Microbuthus,kristensenorum,Animalia|Arachnida|Scorpiones|Buthidae|Microbuthus|kristensenorum,Achiasmatic Meiosis,Heterogametic,NA,NA
Animalia,Arachnida,Scorpiones,Buthidae,Microbuthus,satyrus sp. n.,Animalia|Arachnida|Scorpiones|Buthidae|Microbuthus|satyrus sp. n.,Achiasmatic Meiosis,Heterogametic,NA,NA
Animalia,Arachnida,Scorpiones,Buthidae,Odontobuthus,doriae,Animalia|Arachnida|Scorpiones|Buthidae|Odontobuthus|doriae,Achiasmatic Meiosis,Heterogametic,NA,22
Animalia,Arachnida,Scorpiones,Buthidae,Olivierus,martensii,Animalia|Arachnida|Scorpiones|Buthidae|Olivierus|martensii,Achiasmatic Meiosis,Heterogametic,NA,24
Animalia,Arachnida,Scorpiones,Buthidae,Orthochirus,afar,Animalia|Arachnida|Scorpiones|Buthidae|Orthochirus|afar,Achiasmatic Meiosis,Heterogametic,NA,24
Animalia,Arachnida,Scorpiones,Buthidae,Orthochirus,afar Sp. n.,Animalia|Arachnida|Scorpiones|Buthidae|Orthochirus|afar Sp. n.,Achiasmatic Meiosis,Heterogametic,NA,NA
Animalia,Arachnida,Scorpiones,Buthidae,Orthochirus,glabrifrons,Animalia|Arachnida|Scorpiones|Buthidae|Orthochirus|glabrifrons,Achiasmatic Meiosis,Heterogametic,NA,22
Animalia,Arachnida,Scorpiones,Buthidae,Orthochirus,innesi,Animalia|Arachnida|Scorpiones|Buthidae|Orthochirus|innesi,Achiasmatic Meiosis,Heterogametic,NA,22
Animalia,Arachnida,Scorpiones,Buthidae,Parabuthus,abyssinicus,Animalia|Arachnida|Scorpiones|Buthidae|Parabuthus|abyssinicus,Achiasmatic Meiosis,Heterogametic,NA,16
Animalia,Arachnida,Scorpiones,Buthidae,Parabuthus,capensis,Animalia|Arachnida|Scorpiones|Buthidae|Parabuthus|capensis,Achiasmatic Meiosis,Heterogametic,NA,20
Animalia,Arachnida,Scorpiones,Buthidae,Parabuthus,dorisae,Animalia|Arachnida|Scorpiones|Buthidae|Parabuthus|dorisae,Achiasmatic Meiosis,Heterogametic,NA,16
Animalia,Arachnida,Scorpiones,Buthidae,Parabuthus,dorisae sp. n.,Animalia|Arachnida|Scorpiones|Buthidae|Parabuthus|dorisae sp. n.,Achiasmatic Meiosis,Heterogametic,NA,16
Animalia,Arachnida,Scorpiones,Buthidae,Parabuthus,erigavoensis sp. n.,Animalia|Arachnida|Scorpiones|Buthidae|Parabuthus|erigavoensis sp. n.,Achiasmatic Meiosis,Heterogametic,NA,NA
Animalia,Arachnida,Scorpiones,Buthidae,Parabuthus,glabrimanus,Animalia|Arachnida|Scorpiones|Buthidae|Parabuthus|glabrimanus,Achiasmatic Meiosis,Heterogametic,NA,20
Animalia,Arachnida,Scorpiones,Buthidae,Parabuthus,heterurus,Animalia|Arachnida|Scorpiones|Buthidae|Parabuthus|heterurus,Achiasmatic Meiosis,Heterogametic,NA,NA
Animalia,Arachnida,Scorpiones,Buthidae,Parabuthus,kabateki sp. n.,Animalia|Arachnida|Scorpiones|Buthidae|Parabuthus|kabateki sp. n.,Achiasmatic Meiosis,Heterogametic,NA,16
Animalia,Arachnida,Scorpiones,Buthidae,Parabuthus,kajibu,Animalia|Arachnida|Scorpiones|Buthidae|Parabuthus|kajibu,Achiasmatic Meiosis,Heterogametic,NA,18
Animalia,Arachnida,Scorpiones,Buthidae,Parabuthus,liosoma,Animalia|Arachnida|Scorpiones|Buthidae|Parabuthus|liosoma,Achiasmatic Meiosis,Heterogametic,NA,NA
Animalia,Arachnida,Scorpiones,Buthidae,Parabuthus,mossambicensis,Animalia|Arachnida|Scorpiones|Buthidae|Parabuthus|mossambicensis,Achiasmatic Meiosis,Heterogametic,NA,36
Animalia,Arachnida,Scorpiones,Buthidae,Parabuthus,pallidus,Animalia|Arachnida|Scorpiones|Buthidae|Parabuthus|pallidus,Achiasmatic Meiosis,Heterogametic,NA,20
Animalia,Arachnida,Scorpiones,Buthidae,Parabuthus,planicauda,Animalia|Arachnida|Scorpiones|Buthidae|Parabuthus|planicauda,Achiasmatic Meiosis,Heterogametic,NA,18
Animalia,Arachnida,Scorpiones,Buthidae,Parabuthus,quincyae,Animalia|Arachnida|Scorpiones|Buthidae|Parabuthus|quincyae,Achiasmatic Meiosis,Heterogametic,NA,16
Animalia,Arachnida,Scorpiones,Buthidae,Parabuthus,quincyae sp. n.,Animalia|Arachnida|Scorpiones|Buthidae|Parabuthus|quincyae sp. n.,Achiasmatic Meiosis,Heterogametic,NA,16
Animalia,Arachnida,Scorpiones,Buthidae,Parabuthus,raudus,Animalia|Arachnida|Scorpiones|Buthidae|Parabuthus|raudus,Achiasmatic Meiosis,Heterogametic,NA,18
Animalia,Arachnida,Scorpiones,Buthidae,Parabuthus,robustus sp. n.,Animalia|Arachnida|Scorpiones|Buthidae|Parabuthus|robustus sp. n.,Achiasmatic Meiosis,Heterogametic,NA,16
Animalia,Arachnida,Scorpiones,Buthidae,Parabuthus,somalilandus sp. n.,Animalia|Arachnida|Scorpiones|Buthidae|Parabuthus|somalilandus sp. n.,Achiasmatic Meiosis,Heterogametic,NA,16
Animalia,Arachnida,Scorpiones,Buthidae,Parabuthus,transvaalicus,Animalia|Arachnida|Scorpiones|Buthidae|Parabuthus|transvaalicus,Achiasmatic Meiosis,Heterogametic,NA,20
Animalia,Arachnida,Scorpiones,Buthidae,Physoctonus,debilis,Animalia|Arachnida|Scorpiones|Buthidae|Physoctonus|debilis,Achiasmatic Meiosis,Heterogametic,NA,26
Animalia,Arachnida,Scorpiones,Buthidae,Reddyanus,basilicus,Animalia|Arachnida|Scorpiones|Buthidae|Reddyanus|basilicus,Achiasmatic Meiosis,Heterogametic,NA,16
Animalia,Arachnida,Scorpiones,Buthidae,Reddyanus,ceylonensis,Animalia|Arachnida|Scorpiones|Buthidae|Reddyanus|ceylonensis,Achiasmatic Meiosis,Heterogametic,NA,16
Animalia,Arachnida,Scorpiones,Buthidae,Reddyanus,furai sp. n.,Animalia|Arachnida|Scorpiones|Buthidae|Reddyanus|furai sp. n.,Achiasmatic Meiosis,Heterogametic,NA,14
Animalia,Arachnida,Scorpiones,Buthidae,Reddyanus,hofereki sp. n.,Animalia|Arachnida|Scorpiones|Buthidae|Reddyanus|hofereki sp. n.,Achiasmatic Meiosis,Heterogametic,NA,NA
Animalia,Arachnida,Scorpiones,Buthidae,Reddyanus,loebli,Animalia|Arachnida|Scorpiones|Buthidae|Reddyanus|loebli,Achiasmatic Meiosis,Heterogametic,NA,18
Animalia,Arachnida,Scorpiones,Buthidae,Reddyanus,majkusi sp. n.,Animalia|Arachnida|Scorpiones|Buthidae|Reddyanus|majkusi sp. n.,Achiasmatic Meiosis,Heterogametic,NA,16
Animalia,Arachnida,Scorpiones,Buthidae,Reddyanus,rolciki,Animalia|Arachnida|Scorpiones|Buthidae|Reddyanus|rolciki,Achiasmatic Meiosis,Heterogametic,NA,14
Animalia,Arachnida,Scorpiones,Buthidae,Reddyanus,rolciki sp. n.,Animalia|Arachnida|Scorpiones|Buthidae|Reddyanus|rolciki sp. n.,Achiasmatic Meiosis,Heterogametic,NA,14
Animalia,Arachnida,Scorpiones,Buthidae,Reddyanus,schwotti,Animalia|Arachnida|Scorpiones|Buthidae|Reddyanus|schwotti,Achiasmatic Meiosis,Heterogametic,NA,12
Animalia,Arachnida,Scorpiones,Buthidae,Reddyanus,schwotti sp. n.,Animalia|Arachnida|Scorpiones|Buthidae|Reddyanus|schwotti sp. n.,Achiasmatic Meiosis,Heterogametic,NA,12
Animalia,Arachnida,Scorpiones,Buthidae,Rhopalurus,agamemnon,Animalia|Arachnida|Scorpiones|Buthidae|Rhopalurus|agamemnon,Achiasmatic Meiosis,Heterogametic,NA,28
Animalia,Arachnida,Scorpiones,Buthidae,Rhopalurus,laticauda,Animalia|Arachnida|Scorpiones|Buthidae|Rhopalurus|laticauda,Achiasmatic Meiosis,Both,NA,22
Animalia,Arachnida,Scorpiones,Buthidae,Rhopalurus,rochai,Animalia|Arachnida|Scorpiones|Buthidae|Rhopalurus|rochai,Achiasmatic Meiosis,Heterogametic,NA,28
Animalia,Arachnida,Scorpiones,Buthidae,Somalicharmus,whitmanae,Animalia|Arachnida|Scorpiones|Buthidae|Somalicharmus|whitmanae,Achiasmatic Meiosis,Heterogametic,NA,20
Animalia,Arachnida,Scorpiones,Buthidae,Thaicharmus,sp.,Animalia|Arachnida|Scorpiones|Buthidae|Thaicharmus|sp.,Achiasmatic Meiosis,Heterogametic,NA,16
Animalia,Arachnida,Scorpiones,Buthidae,Tityopsis,rolandoi sp. n.,Animalia|Arachnida|Scorpiones|Buthidae|Tityopsis|rolandoi sp. n.,Achiasmatic Meiosis,Heterogametic,NA,20
Animalia,Arachnida,Scorpiones,Buthidae,Tityus,aba,Animalia|Arachnida|Scorpiones|Buthidae|Tityus|aba,Achiasmatic Meiosis,Heterogametic,NA,NA
Animalia,Arachnida,Scorpiones,Buthidae,Tityus,acananensis,Animalia|Arachnida|Scorpiones|Buthidae|Tityus|acananensis,Achiasmatic Meiosis,Heterogametic,NA,NA
Animalia,Arachnida,Scorpiones,Buthidae,Tityus,achilles,Animalia|Arachnida|Scorpiones|Buthidae|Tityus|achilles,Achiasmatic Meiosis,Heterogametic,NA,NA
Animalia,Arachnida,Scorpiones,Buthidae,Tityus,adisi,Animalia|Arachnida|Scorpiones|Buthidae|Tityus|adisi,Achiasmatic Meiosis,Heterogametic,NA,NA
Animalia,Arachnida,Scorpiones,Buthidae,Tityus,adrianoi,Animalia|Arachnida|Scorpiones|Buthidae|Tityus|adrianoi,Achiasmatic Meiosis,Heterogametic,NA,NA
Animalia,Arachnida,Scorpiones,Buthidae,Tityus,ahincoi,Animalia|Arachnida|Scorpiones|Buthidae|Tityus|ahincoi,Achiasmatic Meiosis,Heterogametic,NA,NA
Animalia,Arachnida,Scorpiones,Buthidae,Tityus,alejandroi,Animalia|Arachnida|Scorpiones|Buthidae|Tityus|alejandroi,Achiasmatic Meiosis,Heterogametic,NA,NA
Animalia,Arachnida,Scorpiones,Buthidae,Tityus,altithronus,Animalia|Arachnida|Scorpiones|Buthidae|Tityus|altithronus,Achiasmatic Meiosis,Heterogametic,NA,NA
Animalia,Arachnida,Scorpiones,Buthidae,Tityus,androcottoides,Animalia|Arachnida|Scorpiones|Buthidae|Tityus|androcottoides,Achiasmatic Meiosis,Heterogametic,NA,NA
Animalia,Arachnida,Scorpiones,Buthidae,Tityus,anduzei,Animalia|Arachnida|Scorpiones|Buthidae|Tityus|anduzei,Achiasmatic Meiosis,Heterogametic,NA,NA
Animalia,Arachnida,Scorpiones,Buthidae,Tityus,angelesae,Animalia|Arachnida|Scorpiones|Buthidae|Tityus|angelesae,Achiasmatic Meiosis,Heterogametic,NA,NA
Animalia,Arachnida,Scorpiones,Buthidae,Tityus,anneae,Animalia|Arachnida|Scorpiones|Buthidae|Tityus|anneae,Achiasmatic Meiosis,Heterogametic,NA,NA
Animalia,Arachnida,Scorpiones,Buthidae,Tityus,anori,Animalia|Arachnida|Scorpiones|Buthidae|Tityus|anori,Achiasmatic Meiosis,Heterogametic,NA,NA
Animalia,Arachnida,Scorpiones,Buthidae,Tityus,antioquensis,Animalia|Arachnida|Scorpiones|Buthidae|Tityus|antioquensis,Achiasmatic Meiosis,Heterogametic,NA,NA
Animalia,Arachnida,Scorpiones,Buthidae,Tityus,apiacas,Animalia|Arachnida|Scorpiones|Buthidae|Tityus|apiacas,Achiasmatic Meiosis,Heterogametic,NA,NA
Animalia,Arachnida,Scorpiones,Buthidae,Tityus,arellanoparrai,Animalia|Arachnida|Scorpiones|Buthidae|Tityus|arellanoparrai,Achiasmatic Meiosis,Heterogametic,NA,NA
Animalia,Arachnida,Scorpiones,Buthidae,Tityus,argentinus,Animalia|Arachnida|Scorpiones|Buthidae|Tityus|argentinus,Achiasmatic Meiosis,Heterogametic,NA,NA
Animalia,Arachnida,Scorpiones,Buthidae,Tityus,asthenes,Animalia|Arachnida|Scorpiones|Buthidae|Tityus|asthenes,Achiasmatic Meiosis,Heterogametic,NA,NA
Animalia,Arachnida,Scorpiones,Buthidae,Tityus,atriventer,Animalia|Arachnida|Scorpiones|Buthidae|Tityus|atriventer,Achiasmatic Meiosis,Heterogametic,NA,NA
Animalia,Arachnida,Scorpiones,Buthidae,Tityus,bahiensis,Animalia|Arachnida|Scorpiones|Buthidae|Tityus|bahiensis,Achiasmatic Meiosis,Heterogametic,NA,10
Animalia,Arachnida,Scorpiones,Buthidae,Tityus,barquisimetanus,Animalia|Arachnida|Scorpiones|Buthidae|Tityus|barquisimetanus,Achiasmatic Meiosis,Heterogametic,NA,NA
Animalia,Arachnida,Scorpiones,Buthidae,Tityus,bastosi,Animalia|Arachnida|Scorpiones|Buthidae|Tityus|bastosi,Achiasmatic Meiosis,Heterogametic,NA,NA
Animalia,Arachnida,Scorpiones,Buthidae,Tityus,bellulus,Animalia|Arachnida|Scorpiones|Buthidae|Tityus|bellulus,Achiasmatic Meiosis,Heterogametic,NA,NA
Animalia,Arachnida,Scorpiones,Buthidae,Tityus,birabeni,Animalia|Arachnida|Scorpiones|Buthidae|Tityus|birabeni,Achiasmatic Meiosis,Heterogametic,NA,NA
Animalia,Arachnida,Scorpiones,Buthidae,Tityus,blanci,Animalia|Arachnida|Scorpiones|Buthidae|Tityus|blanci,Achiasmatic Meiosis,Heterogametic,NA,NA
Animalia,Arachnida,Scorpiones,Buthidae,Tityus,blaseri,Animalia|Arachnida|Scorpiones|Buthidae|Tityus|blaseri,Achiasmatic Meiosis,Heterogametic,NA,NA
Animalia,Arachnida,Scorpiones,Buthidae,Tityus,boconoensis,Animalia|Arachnida|Scorpiones|Buthidae|Tityus|boconoensis,Achiasmatic Meiosis,Heterogametic,NA,NA
Animalia,Arachnida,Scorpiones,Buthidae,Tityus,bolivianus,Animalia|Arachnida|Scorpiones|Buthidae|Tityus|bolivianus,Achiasmatic Meiosis,Heterogametic,NA,NA
Animalia,Arachnida,Scorpiones,Buthidae,Tityus,brazilae,Animalia|Arachnida|Scorpiones|Buthidae|Tityus|brazilae,Achiasmatic Meiosis,Heterogametic,NA,NA
Animalia,Arachnida,Scorpiones,Buthidae,Tityus,breweri,Animalia|Arachnida|Scorpiones|Buthidae|Tityus|breweri,Achiasmatic Meiosis,Heterogametic,NA,NA
Animalia,Arachnida,Scorpiones,Buthidae,Tityus,cachipalensis,Animalia|Arachnida|Scorpiones|Buthidae|Tityus|cachipalensis,Achiasmatic Meiosis,Heterogametic,NA,NA
Animalia,Arachnida,Scorpiones,Buthidae,Tityus,caesarbarrioi,Animalia|Arachnida|Scorpiones|Buthidae|Tityus|caesarbarrioi,Achiasmatic Meiosis,Heterogametic,NA,NA
Animalia,Arachnida,Scorpiones,Buthidae,Tityus,canopensis,Animalia|Arachnida|Scorpiones|Buthidae|Tityus|canopensis,Achiasmatic Meiosis,Heterogametic,NA,NA
Animalia,Arachnida,Scorpiones,Buthidae,Tityus,carabobensis,Animalia|Arachnida|Scorpiones|Buthidae|Tityus|carabobensis,Achiasmatic Meiosis,Heterogametic,NA,NA
Animalia,Arachnida,Scorpiones,Buthidae,Tityus,carinatoides,Animalia|Arachnida|Scorpiones|Buthidae|Tityus|carinatoides,Achiasmatic Meiosis,Heterogametic,NA,NA
Animalia,Arachnida,Scorpiones,Buthidae,Tityus,caripitensis,Animalia|Arachnida|Scorpiones|Buthidae|Tityus|caripitensis,Achiasmatic Meiosis,Heterogametic,NA,NA
Animalia,Arachnida,Scorpiones,Buthidae,Tityus,carolineae,Animalia|Arachnida|Scorpiones|Buthidae|Tityus|carolineae,Achiasmatic Meiosis,Heterogametic,NA,NA
Animalia,Arachnida,Scorpiones,Buthidae,Tityus,carrilloi,Animalia|Arachnida|Scorpiones|Buthidae|Tityus|carrilloi,Achiasmatic Meiosis,Heterogametic,NA,NA
Animalia,Arachnida,Scorpiones,Buthidae,Tityus,carvalhoi,Animalia|Arachnida|Scorpiones|Buthidae|Tityus|carvalhoi,Achiasmatic Meiosis,Heterogametic,NA,NA
Animalia,Arachnida,Scorpiones,Buthidae,Tityus,cerroazul,Animalia|Arachnida|Scorpiones|Buthidae|Tityus|cerroazul,Achiasmatic Meiosis,Heterogametic,NA,NA
Animalia,Arachnida,Scorpiones,Buthidae,Tityus,championi,Animalia|Arachnida|Scorpiones|Buthidae|Tityus|championi,Achiasmatic Meiosis,Heterogametic,NA,NA
Animalia,Arachnida,Scorpiones,Buthidae,Tityus,charalaensis,Animalia|Arachnida|Scorpiones|Buthidae|Tityus|charalaensis,Achiasmatic Meiosis,Heterogametic,NA,NA
Animalia,Arachnida,Scorpiones,Buthidae,Tityus,charreyroni,Animalia|Arachnida|Scorpiones|Buthidae|Tityus|charreyroni,Achiasmatic Meiosis,Heterogametic,NA,NA
Animalia,Arachnida,Scorpiones,Buthidae,Tityus,chilensis,Animalia|Arachnida|Scorpiones|Buthidae|Tityus|chilensis,Achiasmatic Meiosis,Heterogametic,NA,NA
Animalia,Arachnida,Scorpiones,Buthidae,Tityus,choco,Animalia|Arachnida|Scorpiones|Buthidae|Tityus|choco,Achiasmatic Meiosis,Heterogametic,NA,NA
Animalia,Arachnida,Scorpiones,Buthidae,Tityus,cisandinus,Animalia|Arachnida|Scorpiones|Buthidae|Tityus|cisandinus,Achiasmatic Meiosis,Heterogametic,NA,NA
Animalia,Arachnida,Scorpiones,Buthidae,Tityus,clathrathus,Animalia|Arachnida|Scorpiones|Buthidae|Tityus|clathrathus,Achiasmatic Meiosis,Heterogametic,NA,20
Animalia,Arachnida,Scorpiones,Buthidae,Tityus,clathratus,Animalia|Arachnida|Scorpiones|Buthidae|Tityus|clathratus,Achiasmatic Meiosis,Heterogametic,NA,20
Animalia,Arachnida,Scorpiones,Buthidae,Tityus,columbianus,Animalia|Arachnida|Scorpiones|Buthidae|Tityus|columbianus,Achiasmatic Meiosis,Heterogametic,NA,NA
Animalia,Arachnida,Scorpiones,Buthidae,Tityus,confluens,Animalia|Arachnida|Scorpiones|Buthidae|Tityus|confluens,Achiasmatic Meiosis,Heterogametic,NA,14
Animalia,Arachnida,Scorpiones,Buthidae,Tityus,costatus,Animalia|Arachnida|Scorpiones|Buthidae|Tityus|costatus,Achiasmatic Meiosis,Heterogametic,NA,16
Animalia,Arachnida,Scorpiones,Buthidae,Tityus,crassicauda,Animalia|Arachnida|Scorpiones|Buthidae|Tityus|crassicauda,Achiasmatic Meiosis,Heterogametic,NA,NA
Animalia,Arachnida,Scorpiones,Buthidae,Tityus,crassimanus,Animalia|Arachnida|Scorpiones|Buthidae|Tityus|crassimanus,Achiasmatic Meiosis,Heterogametic,NA,30
Animalia,Arachnida,Scorpiones,Buthidae,Tityus,cuellari,Animalia|Arachnida|Scorpiones|Buthidae|Tityus|cuellari,Achiasmatic Meiosis,Heterogametic,NA,NA
Animalia,Arachnida,Scorpiones,Buthidae,Tityus,culebrensis,Animalia|Arachnida|Scorpiones|Buthidae|Tityus|culebrensis,Achiasmatic Meiosis,Heterogametic,NA,NA
Animalia,Arachnida,Scorpiones,Buthidae,Tityus,curupi,Animalia|Arachnida|Scorpiones|Buthidae|Tityus|curupi,Achiasmatic Meiosis,Heterogametic,NA,32
Animalia,Arachnida,Scorpiones,Buthidae,Tityus,cylindricus,Animalia|Arachnida|Scorpiones|Buthidae|Tityus|cylindricus,Achiasmatic Meiosis,Heterogametic,NA,NA
Animalia,Arachnida,Scorpiones,Buthidae,Tityus,dasyurus,Animalia|Arachnida|Scorpiones|Buthidae|Tityus|dasyurus,Achiasmatic Meiosis,Heterogametic,NA,NA
Animalia,Arachnida,Scorpiones,Buthidae,Tityus,dedoslargos,Animalia|Arachnida|Scorpiones|Buthidae|Tityus|dedoslargos,Achiasmatic Meiosis,Heterogametic,NA,NA
Animalia,Arachnida,Scorpiones,Buthidae,Tityus,demangei,Animalia|Arachnida|Scorpiones|Buthidae|Tityus|demangei,Achiasmatic Meiosis,Heterogametic,NA,NA
Animalia,Arachnida,Scorpiones,Buthidae,Tityus,dillerorum,Animalia|Arachnida|Scorpiones|Buthidae|Tityus|dillerorum,Achiasmatic Meiosis,Heterogametic,NA,NA
Animalia,Arachnida,Scorpiones,Buthidae,Tityus,dinizi,Animalia|Arachnida|Scorpiones|Buthidae|Tityus|dinizi,Achiasmatic Meiosis,Heterogametic,NA,NA
Animalia,Arachnida,Scorpiones,Buthidae,Tityus,discrepans,Animalia|Arachnida|Scorpiones|Buthidae|Tityus|discrepans,Achiasmatic Meiosis,Heterogametic,NA,NA
Animalia,Arachnida,Scorpiones,Buthidae,Tityus,dorae,Animalia|Arachnida|Scorpiones|Buthidae|Tityus|dorae,Achiasmatic Meiosis,Heterogametic,NA,NA
Animalia,Arachnida,Scorpiones,Buthidae,Tityus,duacaensis,Animalia|Arachnida|Scorpiones|Buthidae|Tityus|duacaensis,Achiasmatic Meiosis,Heterogametic,NA,NA
Animalia,Arachnida,Scorpiones,Buthidae,Tityus,dulceae,Animalia|Arachnida|Scorpiones|Buthidae|Tityus|dulceae,Achiasmatic Meiosis,Heterogametic,NA,NA
Animalia,Arachnida,Scorpiones,Buthidae,Tityus,dupouyi,Animalia|Arachnida|Scorpiones|Buthidae|Tityus|dupouyi,Achiasmatic Meiosis,Heterogametic,NA,NA
Animalia,Arachnida,Scorpiones,Buthidae,Tityus,ecuadorensis,Animalia|Arachnida|Scorpiones|Buthidae|Tityus|ecuadorensis,Achiasmatic Meiosis,Heterogametic,NA,NA
Animalia,Arachnida,Scorpiones,Buthidae,Tityus,ecuadoriensis,Animalia|Arachnida|Scorpiones|Buthidae|Tityus|ecuadoriensis,Achiasmatic Meiosis,Heterogametic,NA,24
Animalia,Arachnida,Scorpiones,Buthidae,Tityus,elii,Animalia|Arachnida|Scorpiones|Buthidae|Tityus|elii,Achiasmatic Meiosis,Heterogametic,NA,22
Animalia,Arachnida,Scorpiones,Buthidae,Tityus,elizabethae,Animalia|Arachnida|Scorpiones|Buthidae|Tityus|elizabethae,Achiasmatic Meiosis,Heterogametic,NA,NA
Animalia,Arachnida,Scorpiones,Buthidae,Tityus,elizabethebravoi,Animalia|Arachnida|Scorpiones|Buthidae|Tityus|elizabethebravoi,Achiasmatic Meiosis,Heterogametic,NA,NA
Animalia,Arachnida,Scorpiones,Buthidae,Tityus,engelkei,Animalia|Arachnida|Scorpiones|Buthidae|Tityus|engelkei,Achiasmatic Meiosis,Heterogametic,NA,NA
Animalia,Arachnida,Scorpiones,Buthidae,Tityus,estherae,Animalia|Arachnida|Scorpiones|Buthidae|Tityus|estherae,Achiasmatic Meiosis,Heterogametic,NA,NA
Animalia,Arachnida,Scorpiones,Buthidae,Tityus,evandroi,Animalia|Arachnida|Scorpiones|Buthidae|Tityus|evandroi,Achiasmatic Meiosis,Heterogametic,NA,NA
Animalia,Arachnida,Scorpiones,Buthidae,Tityus,exstinctus,Animalia|Arachnida|Scorpiones|Buthidae|Tityus|exstinctus,Achiasmatic Meiosis,Heterogametic,NA,NA
Animalia,Arachnida,Scorpiones,Buthidae,Tityus,fasciolatus,Animalia|Arachnida|Scorpiones|Buthidae|Tityus|fasciolatus,Achiasmatic Meiosis,Heterogametic,NA,14
Animalia,Arachnida,Scorpiones,Buthidae,Tityus,festae,Animalia|Arachnida|Scorpiones|Buthidae|Tityus|festae,Achiasmatic Meiosis,Heterogametic,NA,NA
Animalia,Arachnida,Scorpiones,Buthidae,Tityus,filodendron,Animalia|Arachnida|Scorpiones|Buthidae|Tityus|filodendron,Achiasmatic Meiosis,Heterogametic,NA,NA
Animalia,Arachnida,Scorpiones,Buthidae,Tityus,florezi,Animalia|Arachnida|Scorpiones|Buthidae|Tityus|florezi,Achiasmatic Meiosis,Heterogametic,NA,NA
Animalia,Arachnida,Scorpiones,Buthidae,Tityus,footei,Animalia|Arachnida|Scorpiones|Buthidae|Tityus|footei,Achiasmatic Meiosis,Heterogametic,NA,NA
Animalia,Arachnida,Scorpiones,Buthidae,Tityus,forcipula,Animalia|Arachnida|Scorpiones|Buthidae|Tityus|forcipula,Achiasmatic Meiosis,Heterogametic,NA,NA
Animalia,Arachnida,Scorpiones,Buthidae,Tityus,fuhrmanni,Animalia|Arachnida|Scorpiones|Buthidae|Tityus|fuhrmanni,Achiasmatic Meiosis,Heterogametic,NA,22
Animalia,Arachnida,Scorpiones,Buthidae,Tityus,funestus,Animalia|Arachnida|Scorpiones|Buthidae|Tityus|funestus,Achiasmatic Meiosis,Heterogametic,NA,NA
Animalia,Arachnida,Scorpiones,Buthidae,Tityus,gaffini,Animalia|Arachnida|Scorpiones|Buthidae|Tityus|gaffini,Achiasmatic Meiosis,Heterogametic,NA,22
Animalia,Arachnida,Scorpiones,Buthidae,Tityus,gasci,Animalia|Arachnida|Scorpiones|Buthidae|Tityus|gasci,Achiasmatic Meiosis,Heterogametic,NA,NA
Animalia,Arachnida,Scorpiones,Buthidae,Tityus,generaltheophiloi,Animalia|Arachnida|Scorpiones|Buthidae|Tityus|generaltheophiloi,Achiasmatic Meiosis,Heterogametic,NA,NA
Animalia,Arachnida,Scorpiones,Buthidae,Tityus,gonzalespongai,Animalia|Arachnida|Scorpiones|Buthidae|Tityus|gonzalespongai,Achiasmatic Meiosis,Heterogametic,NA,NA
Animalia,Arachnida,Scorpiones,Buthidae,Tityus,grahami,Animalia|Arachnida|Scorpiones|Buthidae|Tityus|grahami,Achiasmatic Meiosis,Heterogametic,NA,NA
Animalia,Arachnida,Scorpiones,Buthidae,Tityus,grottoedensis,Animalia|Arachnida|Scorpiones|Buthidae|Tityus|grottoedensis,Achiasmatic Meiosis,Heterogametic,NA,NA
Animalia,Arachnida,Scorpiones,Buthidae,Tityus,guane,Animalia|Arachnida|Scorpiones|Buthidae|Tityus|guane,Achiasmatic Meiosis,Heterogametic,NA,NA
Animalia,Arachnida,Scorpiones,Buthidae,Tityus,guaricoensis,Animalia|Arachnida|Scorpiones|Buthidae|Tityus|guaricoensis,Achiasmatic Meiosis,Heterogametic,NA,NA
Animalia,Arachnida,Scorpiones,Buthidae,Tityus,haetianus,Animalia|Arachnida|Scorpiones|Buthidae|Tityus|haetianus,Achiasmatic Meiosis,Heterogametic,NA,NA
Animalia,Arachnida,Scorpiones,Buthidae,Tityus,horacioi,Animalia|Arachnida|Scorpiones|Buthidae|Tityus|horacioi,Achiasmatic Meiosis,Heterogametic,NA,NA
Animalia,Arachnida,Scorpiones,Buthidae,Tityus,icarus,Animalia|Arachnida|Scorpiones|Buthidae|Tityus|icarus,Achiasmatic Meiosis,Heterogametic,NA,NA
Animalia,Arachnida,Scorpiones,Buthidae,Tityus,imei,Animalia|Arachnida|Scorpiones|Buthidae|Tityus|imei,Achiasmatic Meiosis,Heterogametic,NA,NA
Animalia,Arachnida,Scorpiones,Buthidae,Tityus,indecisus,Animalia|Arachnida|Scorpiones|Buthidae|Tityus|indecisus,Achiasmatic Meiosis,Heterogametic,NA,NA
Animalia,Arachnida,Scorpiones,Buthidae,Tityus,insignis,Animalia|Arachnida|Scorpiones|Buthidae|Tityus|insignis,Achiasmatic Meiosis,Heterogametic,NA,NA
Animalia,Arachnida,Scorpiones,Buthidae,Tityus,intermedius,Animalia|Arachnida|Scorpiones|Buthidae|Tityus|intermedius,Achiasmatic Meiosis,Heterogametic,NA,NA
Animalia,Arachnida,Scorpiones,Buthidae,Tityus,isabelceciliae,Animalia|Arachnida|Scorpiones|Buthidae|Tityus|isabelceciliae,Achiasmatic Meiosis,Heterogametic,NA,NA
Animalia,Arachnida,Scorpiones,Buthidae,Tityus,ivani,Animalia|Arachnida|Scorpiones|Buthidae|Tityus|ivani,Achiasmatic Meiosis,Heterogametic,NA,NA
Animalia,Arachnida,Scorpiones,Buthidae,Tityus,ivicnancor,Animalia|Arachnida|Scorpiones|Buthidae|Tityus|ivicnancor,Achiasmatic Meiosis,Heterogametic,NA,NA
Animalia,Arachnida,Scorpiones,Buthidae,Tityus,jaimei,Animalia|Arachnida|Scorpiones|Buthidae|Tityus|jaimei,Achiasmatic Meiosis,Heterogametic,NA,NA
Animalia,Arachnida,Scorpiones,Buthidae,Tityus,jeanvellardi,Animalia|Arachnida|Scorpiones|Buthidae|Tityus|jeanvellardi,Achiasmatic Meiosis,Heterogametic,NA,NA
Animalia,Arachnida,Scorpiones,Buthidae,Tityus,julianae,Animalia|Arachnida|Scorpiones|Buthidae|Tityus|julianae,Achiasmatic Meiosis,Heterogametic,NA,NA
Animalia,Arachnida,Scorpiones,Buthidae,Tityus,juliorum,Animalia|Arachnida|Scorpiones|Buthidae|Tityus|juliorum,Achiasmatic Meiosis,Heterogametic,NA,NA
Animalia,Arachnida,Scorpiones,Buthidae,Tityus,jussarae,Animalia|Arachnida|Scorpiones|Buthidae|Tityus|jussarae,Achiasmatic Meiosis,Heterogametic,NA,NA
Animalia,Arachnida,Scorpiones,Buthidae,Tityus,kaderkai,Animalia|Arachnida|Scorpiones|Buthidae|Tityus|kaderkai,Achiasmatic Meiosis,Heterogametic,NA,NA
Animalia,Arachnida,Scorpiones,Buthidae,Tityus,kalettai,Animalia|Arachnida|Scorpiones|Buthidae|Tityus|kalettai,Achiasmatic Meiosis,Heterogametic,NA,NA
Animalia,Arachnida,Scorpiones,Buthidae,Tityus,karaja,Animalia|Arachnida|Scorpiones|Buthidae|Tityus|karaja,Achiasmatic Meiosis,Heterogametic,NA,NA
Animalia,Arachnida,Scorpiones,Buthidae,Tityus,kindli,Animalia|Arachnida|Scorpiones|Buthidae|Tityus|kindli,Achiasmatic Meiosis,Heterogametic,NA,NA
Animalia,Arachnida,Scorpiones,Buthidae,Tityus,kukututee,Animalia|Arachnida|Scorpiones|Buthidae|Tityus|kukututee,Achiasmatic Meiosis,Heterogametic,NA,NA
Animalia,Arachnida,Scorpiones,Buthidae,Tityus,kuryi,Animalia|Arachnida|Scorpiones|Buthidae|Tityus|kuryi,Achiasmatic Meiosis,Heterogametic,NA,NA
Animalia,Arachnida,Scorpiones,Buthidae,Tityus,lancinii,Animalia|Arachnida|Scorpiones|Buthidae|Tityus|lancinii,Achiasmatic Meiosis,Heterogametic,NA,NA
Animalia,Arachnida,Scorpiones,Buthidae,Tityus,lokiae,Animalia|Arachnida|Scorpiones|Buthidae|Tityus|lokiae,Achiasmatic Meiosis,Heterogametic,NA,NA
Animalia,Arachnida,Scorpiones,Buthidae,Tityus,longidigitus,Animalia|Arachnida|Scorpiones|Buthidae|Tityus|longidigitus,Achiasmatic Meiosis,Heterogametic,NA,NA
Animalia,Arachnida,Scorpiones,Buthidae,Tityus,lourencoi,Animalia|Arachnida|Scorpiones|Buthidae|Tityus|lourencoi,Achiasmatic Meiosis,Heterogametic,NA,NA
Animalia,Arachnida,Scorpiones,Buthidae,Tityus,lutzi,Animalia|Arachnida|Scorpiones|Buthidae|Tityus|lutzi,Achiasmatic Meiosis,Heterogametic,NA,NA
Animalia,Arachnida,Scorpiones,Buthidae,Tityus,macrochirus,Animalia|Arachnida|Scorpiones|Buthidae|Tityus|macrochirus,Achiasmatic Meiosis,Heterogametic,NA,NA
Animalia,Arachnida,Scorpiones,Buthidae,Tityus,magnimanus,Animalia|Arachnida|Scorpiones|Buthidae|Tityus|magnimanus,Achiasmatic Meiosis,Heterogametic,NA,NA
Animalia,Arachnida,Scorpiones,Buthidae,Tityus,maimirensis,Animalia|Arachnida|Scorpiones|Buthidae|Tityus|maimirensis,Achiasmatic Meiosis,Heterogametic,NA,NA
Animalia,Arachnida,Scorpiones,Buthidae,Tityus,mana,Animalia|Arachnida|Scorpiones|Buthidae|Tityus|mana,Achiasmatic Meiosis,Heterogametic,NA,20
Animalia,Arachnida,Scorpiones,Buthidae,Tityus,manakai,Animalia|Arachnida|Scorpiones|Buthidae|Tityus|manakai,Achiasmatic Meiosis,Heterogametic,NA,NA
Animalia,Arachnida,Scorpiones,Buthidae,Tityus,maniapurensis,Animalia|Arachnida|Scorpiones|Buthidae|Tityus|maniapurensis,Achiasmatic Meiosis,Heterogametic,NA,NA
Animalia,Arachnida,Scorpiones,Buthidae,Tityus,marajoensis,Animalia|Arachnida|Scorpiones|Buthidae|Tityus|marajoensis,Achiasmatic Meiosis,Heterogametic,NA,NA
Animalia,Arachnida,Scorpiones,Buthidae,Tityus,maranhensis,Animalia|Arachnida|Scorpiones|Buthidae|Tityus|maranhensis,Achiasmatic Meiosis,Heterogametic,NA,20
Animalia,Arachnida,Scorpiones,Buthidae,Tityus,marechali,Animalia|Arachnida|Scorpiones|Buthidae|Tityus|marechali,Achiasmatic Meiosis,Heterogametic,NA,NA
Animalia,Arachnida,Scorpiones,Buthidae,Tityus,martinpaechi,Animalia|Arachnida|Scorpiones|Buthidae|Tityus|martinpaechi,Achiasmatic Meiosis,Heterogametic,NA,6
Animalia,Arachnida,Scorpiones,Buthidae,Tityus,matogrossensis,Animalia|Arachnida|Scorpiones|Buthidae|Tityus|matogrossensis,Achiasmatic Meiosis,Heterogametic,NA,20
Animalia,Arachnida,Scorpiones,Buthidae,Tityus,matthieseni,Animalia|Arachnida|Scorpiones|Buthidae|Tityus|matthieseni,Achiasmatic Meiosis,Heterogametic,NA,NA
Animalia,Arachnida,Scorpiones,Buthidae,Tityus,mattogrossensis,Animalia|Arachnida|Scorpiones|Buthidae|Tityus|mattogrossensis,Achiasmatic Meiosis,Heterogametic,NA,20
Animalia,Arachnida,Scorpiones,Buthidae,Tityus,maturinensis,Animalia|Arachnida|Scorpiones|Buthidae|Tityus|maturinensis,Achiasmatic Meiosis,Heterogametic,NA,NA
Animalia,Arachnida,Scorpiones,Buthidae,Tityus,melanostictus,Animalia|Arachnida|Scorpiones|Buthidae|Tityus|melanostictus,Achiasmatic Meiosis,Heterogametic,NA,NA
Animalia,Arachnida,Scorpiones,Buthidae,Tityus,melici,Animalia|Arachnida|Scorpiones|Buthidae|Tityus|melici,Achiasmatic Meiosis,Heterogametic,NA,NA
Animalia,Arachnida,Scorpiones,Buthidae,Tityus,metuendus,Animalia|Arachnida|Scorpiones|Buthidae|Tityus|metuendus,Achiasmatic Meiosis,Heterogametic,NA,16
Animalia,Arachnida,Scorpiones,Buthidae,Tityus,michelii,Animalia|Arachnida|Scorpiones|Buthidae|Tityus|michelii,Achiasmatic Meiosis,Heterogametic,NA,NA
Animalia,Arachnida,Scorpiones,Buthidae,Tityus,microcystis,Animalia|Arachnida|Scorpiones|Buthidae|Tityus|microcystis,Achiasmatic Meiosis,Heterogametic,NA,NA
Animalia,Arachnida,Scorpiones,Buthidae,Tityus,monaguensis,Animalia|Arachnida|Scorpiones|Buthidae|Tityus|monaguensis,Achiasmatic Meiosis,Heterogametic,NA,NA
Animalia,Arachnida,Scorpiones,Buthidae,Tityus,mongei,Animalia|Arachnida|Scorpiones|Buthidae|Tityus|mongei,Achiasmatic Meiosis,Heterogametic,NA,NA
Animalia,Arachnida,Scorpiones,Buthidae,Tityus,moralensis,Animalia|Arachnida|Scorpiones|Buthidae|Tityus|moralensis,Achiasmatic Meiosis,Heterogametic,NA,NA
Animalia,Arachnida,Scorpiones,Buthidae,Tityus,mucusunamensis,Animalia|Arachnida|Scorpiones|Buthidae|Tityus|mucusunamensis,Achiasmatic Meiosis,Heterogametic,NA,NA
Animalia,Arachnida,Scorpiones,Buthidae,Tityus,munozi,Animalia|Arachnida|Scorpiones|Buthidae|Tityus|munozi,Achiasmatic Meiosis,Heterogametic,NA,NA
Animalia,Arachnida,Scorpiones,Buthidae,Tityus,neblina,Animalia|Arachnida|Scorpiones|Buthidae|Tityus|neblina,Achiasmatic Meiosis,Heterogametic,NA,NA
Animalia,Arachnida,Scorpiones,Buthidae,Tityus,neglectus,Animalia|Arachnida|Scorpiones|Buthidae|Tityus|neglectus,Achiasmatic Meiosis,Heterogametic,NA,28
Animalia,Arachnida,Scorpiones,Buthidae,Tityus,neibae,Animalia|Arachnida|Scorpiones|Buthidae|Tityus|neibae,Achiasmatic Meiosis,Heterogametic,NA,32
Animalia,Arachnida,Scorpiones,Buthidae,Tityus,nelsoni,Animalia|Arachnida|Scorpiones|Buthidae|Tityus|nelsoni,Achiasmatic Meiosis,Heterogametic,NA,NA
Animalia,Arachnida,Scorpiones,Buthidae,Tityus,nematochirus,Animalia|Arachnida|Scorpiones|Buthidae|Tityus|nematochirus,Achiasmatic Meiosis,Heterogametic,NA,NA
Animalia,Arachnida,Scorpiones,Buthidae,Tityus,neoespartanus,Animalia|Arachnida|Scorpiones|Buthidae|Tityus|neoespartanus,Achiasmatic Meiosis,Heterogametic,NA,NA
Animalia,Arachnida,Scorpiones,Buthidae,Tityus,nororientalis,Animalia|Arachnida|Scorpiones|Buthidae|Tityus|nororientalis,Achiasmatic Meiosis,Heterogametic,NA,NA
Animalia,Arachnida,Scorpiones,Buthidae,Tityus,obispoi,Animalia|Arachnida|Scorpiones|Buthidae|Tityus|obispoi,Achiasmatic Meiosis,Heterogametic,NA,NA
Animalia,Arachnida,Scorpiones,Buthidae,Tityus,obscurus,Animalia|Arachnida|Scorpiones|Buthidae|Tityus|obscurus,Achiasmatic Meiosis,Heterogametic,NA,12
Animalia,Arachnida,Scorpiones,Buthidae,Tityus,obtusus,Animalia|Arachnida|Scorpiones|Buthidae|Tityus|obtusus,Achiasmatic Meiosis,Heterogametic,NA,NA
Animalia,Arachnida,Scorpiones,Buthidae,Tityus,ocelote,Animalia|Arachnida|Scorpiones|Buthidae|Tityus|ocelote,Achiasmatic Meiosis,Heterogametic,NA,NA
Animalia,Arachnida,Scorpiones,Buthidae,Tityus,osmanus,Animalia|Arachnida|Scorpiones|Buthidae|Tityus|osmanus,Achiasmatic Meiosis,Heterogametic,NA,NA
Animalia,Arachnida,Scorpiones,Buthidae,Tityus,oteroi,Animalia|Arachnida|Scorpiones|Buthidae|Tityus|oteroi,Achiasmatic Meiosis,Heterogametic,NA,NA
Animalia,Arachnida,Scorpiones,Buthidae,Tityus,ottenwalderi,Animalia|Arachnida|Scorpiones|Buthidae|Tityus|ottenwalderi,Achiasmatic Meiosis,Heterogametic,NA,NA
Animalia,Arachnida,Scorpiones,Buthidae,Tityus,pachyurus,Animalia|Arachnida|Scorpiones|Buthidae|Tityus|pachyurus,Achiasmatic Meiosis,Heterogametic,NA,NA
Animalia,Arachnida,Scorpiones,Buthidae,Tityus,pampanensis,Animalia|Arachnida|Scorpiones|Buthidae|Tityus|pampanensis,Achiasmatic Meiosis,Heterogametic,NA,NA
Animalia,Arachnida,Scorpiones,Buthidae,Tityus,panguana,Animalia|Arachnida|Scorpiones|Buthidae|Tityus|panguana,Achiasmatic Meiosis,Heterogametic,NA,NA
Animalia,Arachnida,Scorpiones,Buthidae,Tityus,paraguayensis,Animalia|Arachnida|Scorpiones|Buthidae|Tityus|paraguayensis,Achiasmatic Meiosis,Heterogametic,NA,16
Animalia,Arachnida,Scorpiones,Buthidae,Tityus,parvulus,Animalia|Arachnida|Scorpiones|Buthidae|Tityus|parvulus,Achiasmatic Meiosis,Heterogametic,NA,NA
Animalia,Arachnida,Scorpiones,Buthidae,Tityus,paulistorum,Animalia|Arachnida|Scorpiones|Buthidae|Tityus|paulistorum,Achiasmatic Meiosis,Heterogametic,NA,NA
Animalia,Arachnida,Scorpiones,Buthidae,Tityus,perijanensis,Animalia|Arachnida|Scorpiones|Buthidae|Tityus|perijanensis,Achiasmatic Meiosis,Heterogametic,NA,NA
Animalia,Arachnida,Scorpiones,Buthidae,Tityus,pictus,Animalia|Arachnida|Scorpiones|Buthidae|Tityus|pictus,Achiasmatic Meiosis,Heterogametic,NA,NA
Animalia,Arachnida,Scorpiones,Buthidae,Tityus,pintodarochai,Animalia|Arachnida|Scorpiones|Buthidae|Tityus|pintodarochai,Achiasmatic Meiosis,Heterogametic,NA,NA
Animalia,Arachnida,Scorpiones,Buthidae,Tityus,pittieri,Animalia|Arachnida|Scorpiones|Buthidae|Tityus|pittieri,Achiasmatic Meiosis,Heterogametic,NA,NA
Animalia,Arachnida,Scorpiones,Buthidae,Tityus,pococki,Animalia|Arachnida|Scorpiones|Buthidae|Tityus|pococki,Achiasmatic Meiosis,Heterogametic,NA,NA
Animalia,Arachnida,Scorpiones,Buthidae,Tityus,portoplatensis,Animalia|Arachnida|Scorpiones|Buthidae|Tityus|portoplatensis,Achiasmatic Meiosis,Heterogametic,NA,NA
Animalia,Arachnida,Scorpiones,Buthidae,Tityus,potameis,Animalia|Arachnida|Scorpiones|Buthidae|Tityus|potameis,Achiasmatic Meiosis,Heterogametic,NA,NA
Animalia,Arachnida,Scorpiones,Buthidae,Tityus,prancei,Animalia|Arachnida|Scorpiones|Buthidae|Tityus|prancei,Achiasmatic Meiosis,Heterogametic,NA,NA
Animalia,Arachnida,Scorpiones,Buthidae,Tityus,proseni,Animalia|Arachnida|Scorpiones|Buthidae|Tityus|proseni,Achiasmatic Meiosis,Heterogametic,NA,NA
Animalia,Arachnida,Scorpiones,Buthidae,Tityus,pugilator,Animalia|Arachnida|Scorpiones|Buthidae|Tityus|pugilator,Achiasmatic Meiosis,Heterogametic,NA,NA
Animalia,Arachnida,Scorpiones,Buthidae,Tityus,pusillus,Animalia|Arachnida|Scorpiones|Buthidae|Tityus|pusillus,Achiasmatic Meiosis,Heterogametic,NA,20
Animalia,Arachnida,Scorpiones,Buthidae,Tityus,quiriquirensis,Animalia|Arachnida|Scorpiones|Buthidae|Tityus|quiriquirensis,Achiasmatic Meiosis,Heterogametic,NA,NA
Animalia,Arachnida,Scorpiones,Buthidae,Tityus,quirogae,Animalia|Arachnida|Scorpiones|Buthidae|Tityus|quirogae,Achiasmatic Meiosis,Heterogametic,NA,NA
Animalia,Arachnida,Scorpiones,Buthidae,Tityus,quisqueyanus,Animalia|Arachnida|Scorpiones|Buthidae|Tityus|quisqueyanus,Achiasmatic Meiosis,Heterogametic,NA,NA
Animalia,Arachnida,Scorpiones,Buthidae,Tityus,ramirezi,Animalia|Arachnida|Scorpiones|Buthidae|Tityus|ramirezi,Achiasmatic Meiosis,Heterogametic,NA,NA
Animalia,Arachnida,Scorpiones,Buthidae,Tityus,raquelae,Animalia|Arachnida|Scorpiones|Buthidae|Tityus|raquelae,Achiasmatic Meiosis,Heterogametic,NA,NA
Animalia,Arachnida,Scorpiones,Buthidae,Tityus,rebieri,Animalia|Arachnida|Scorpiones|Buthidae|Tityus|rebieri,Achiasmatic Meiosis,Heterogametic,NA,NA
Animalia,Arachnida,Scorpiones,Buthidae,Tityus,riocaurensis,Animalia|Arachnida|Scorpiones|Buthidae|Tityus|riocaurensis,Achiasmatic Meiosis,Heterogametic,NA,NA
Animalia,Arachnida,Scorpiones,Buthidae,Tityus,rionegrensis,Animalia|Arachnida|Scorpiones|Buthidae|Tityus|rionegrensis,Achiasmatic Meiosis,Heterogametic,NA,NA
Animalia,Arachnida,Scorpiones,Buthidae,Tityus,riverai,Animalia|Arachnida|Scorpiones|Buthidae|Tityus|riverai,Achiasmatic Meiosis,Heterogametic,NA,NA
Animalia,Arachnida,Scorpiones,Buthidae,Tityus,roigi,Animalia|Arachnida|Scorpiones|Buthidae|Tityus|roigi,Achiasmatic Meiosis,Heterogametic,NA,NA
Animalia,Arachnida,Scorpiones,Buthidae,Tityus,rojasi,Animalia|Arachnida|Scorpiones|Buthidae|Tityus|rojasi,Achiasmatic Meiosis,Heterogametic,NA,NA
Animalia,Arachnida,Scorpiones,Buthidae,Tityus,romeroi,Animalia|Arachnida|Scorpiones|Buthidae|Tityus|romeroi,Achiasmatic Meiosis,Heterogametic,NA,NA
Animalia,Arachnida,Scorpiones,Buthidae,Tityus,rondonorum,Animalia|Arachnida|Scorpiones|Buthidae|Tityus|rondonorum,Achiasmatic Meiosis,Heterogametic,NA,NA
Animalia,Arachnida,Scorpiones,Buthidae,Tityus,rosenbergi,Animalia|Arachnida|Scorpiones|Buthidae|Tityus|rosenbergi,Achiasmatic Meiosis,Heterogametic,NA,NA
Animalia,Arachnida,Scorpiones,Buthidae,Tityus,rufofuscus,Animalia|Arachnida|Scorpiones|Buthidae|Tityus|rufofuscus,Achiasmatic Meiosis,Heterogametic,NA,NA
Animalia,Arachnida,Scorpiones,Buthidae,Tityus,rugosus,Animalia|Arachnida|Scorpiones|Buthidae|Tityus|rugosus,Achiasmatic Meiosis,Heterogametic,NA,NA
Animalia,Arachnida,Scorpiones,Buthidae,Tityus,rupestre,Animalia|Arachnida|Scorpiones|Buthidae|Tityus|rupestre,Achiasmatic Meiosis,Heterogametic,NA,NA
Animalia,Arachnida,Scorpiones,Buthidae,Tityus,rusmelyae,Animalia|Arachnida|Scorpiones|Buthidae|Tityus|rusmelyae,Achiasmatic Meiosis,Heterogametic,NA,NA
Animalia,Arachnida,Scorpiones,Buthidae,Tityus,sabineae,Animalia|Arachnida|Scorpiones|Buthidae|Tityus|sabineae,Achiasmatic Meiosis,Heterogametic,NA,NA
Animalia,Arachnida,Scorpiones,Buthidae,Tityus,sanarensis,Animalia|Arachnida|Scorpiones|Buthidae|Tityus|sanarensis,Achiasmatic Meiosis,Heterogametic,NA,NA
Animalia,Arachnida,Scorpiones,Buthidae,Tityus,sanfernandoi,Animalia|Arachnida|Scorpiones|Buthidae|Tityus|sanfernandoi,Achiasmatic Meiosis,Heterogametic,NA,NA
Animalia,Arachnida,Scorpiones,Buthidae,Tityus,sarisarinamensis,Animalia|Arachnida|Scorpiones|Buthidae|Tityus|sarisarinamensis,Achiasmatic Meiosis,Heterogametic,NA,NA
Animalia,Arachnida,Scorpiones,Buthidae,Tityus,sastrei,Animalia|Arachnida|Scorpiones|Buthidae|Tityus|sastrei,Achiasmatic Meiosis,Heterogametic,NA,NA
Animalia,Arachnida,Scorpiones,Buthidae,Tityus,schrammi,Animalia|Arachnida|Scorpiones|Buthidae|Tityus|schrammi,Achiasmatic Meiosis,Heterogametic,NA,NA
Animalia,Arachnida,Scorpiones,Buthidae,Tityus,serrulatus,Animalia|Arachnida|Scorpiones|Buthidae|Tityus|serrulatus,Achiasmatic Meiosis,Heterogametic,NA,12
Animalia,Arachnida,Scorpiones,Buthidae,Tityus,shiriana,Animalia|Arachnida|Scorpiones|Buthidae|Tityus|shiriana,Achiasmatic Meiosis,Heterogametic,NA,NA
Animalia,Arachnida,Scorpiones,Buthidae,Tityus,silvestris,Animalia|Arachnida|Scorpiones|Buthidae|Tityus|silvestris,Achiasmatic Meiosis,Heterogametic,NA,16
Animalia,Arachnida,Scorpiones,Buthidae,Tityus,simonsi,Animalia|Arachnida|Scorpiones|Buthidae|Tityus|simonsi,Achiasmatic Meiosis,Heterogametic,NA,NA
Animalia,Arachnida,Scorpiones,Buthidae,Tityus,smithii,Animalia|Arachnida|Scorpiones|Buthidae|Tityus|smithii,Achiasmatic Meiosis,Heterogametic,NA,6
Animalia,Arachnida,Scorpiones,Buthidae,Tityus,soratensis,Animalia|Arachnida|Scorpiones|Buthidae|Tityus|soratensis,Achiasmatic Meiosis,Heterogametic,NA,NA
Animalia,Arachnida,Scorpiones,Buthidae,Tityus,spelaeus,Animalia|Arachnida|Scorpiones|Buthidae|Tityus|spelaeus,Achiasmatic Meiosis,Heterogametic,NA,NA
Animalia,Arachnida,Scorpiones,Buthidae,Tityus,stigmurus,Animalia|Arachnida|Scorpiones|Buthidae|Tityus|stigmurus,Achiasmatic Meiosis,Heterogametic,NA,16
Animalia,Arachnida,Scorpiones,Buthidae,Tityus,strandi,Animalia|Arachnida|Scorpiones|Buthidae|Tityus|strandi,Achiasmatic Meiosis,Heterogametic,NA,NA
Animalia,Arachnida,Scorpiones,Buthidae,Tityus,surmeridensis,Animalia|Arachnida|Scorpiones|Buthidae|Tityus|surmeridensis,Achiasmatic Meiosis,Heterogametic,NA,NA
Animalia,Arachnida,Scorpiones,Buthidae,Tityus,surorientalis,Animalia|Arachnida|Scorpiones|Buthidae|Tityus|surorientalis,Achiasmatic Meiosis,Heterogametic,NA,NA
Animalia,Arachnida,Scorpiones,Buthidae,Tityus,sylviae,Animalia|Arachnida|Scorpiones|Buthidae|Tityus|sylviae,Achiasmatic Meiosis,Heterogametic,NA,NA
Animalia,Arachnida,Scorpiones,Buthidae,Tityus,tamayoi,Animalia|Arachnida|Scorpiones|Buthidae|Tityus|tamayoi,Achiasmatic Meiosis,Heterogametic,NA,NA
Animalia,Arachnida,Scorpiones,Buthidae,Tityus,tayrona,Animalia|Arachnida|Scorpiones|Buthidae|Tityus|tayrona,Achiasmatic Meiosis,Heterogametic,NA,NA
Animalia,Arachnida,Scorpiones,Buthidae,Tityus,tenuicauda,Animalia|Arachnida|Scorpiones|Buthidae|Tityus|tenuicauda,Achiasmatic Meiosis,Heterogametic,NA,NA
Animalia,Arachnida,Scorpiones,Buthidae,Tityus,timendus,Animalia|Arachnida|Scorpiones|Buthidae|Tityus|timendus,Achiasmatic Meiosis,Heterogametic,NA,NA
Animalia,Arachnida,Scorpiones,Buthidae,Tityus,tocantim,Animalia|Arachnida|Scorpiones|Buthidae|Tityus|tocantim,Achiasmatic Meiosis,Heterogametic,NA,NA
Animalia,Arachnida,Scorpiones,Buthidae,Tityus,trinitatis,Animalia|Arachnida|Scorpiones|Buthidae|Tityus|trinitatis,Achiasmatic Meiosis,Heterogametic,NA,NA
Animalia,Arachnida,Scorpiones,Buthidae,Tityus,trivittatus,Animalia|Arachnida|Scorpiones|Buthidae|Tityus|trivittatus,Achiasmatic Meiosis,Heterogametic,NA,6
Animalia,Arachnida,Scorpiones,Buthidae,Tityus,tucurui,Animalia|Arachnida|Scorpiones|Buthidae|Tityus|tucurui,Achiasmatic Meiosis,Heterogametic,NA,NA
Animalia,Arachnida,Scorpiones,Buthidae,Tityus,uniformis,Animalia|Arachnida|Scorpiones|Buthidae|Tityus|uniformis,Achiasmatic Meiosis,Heterogametic,NA,NA
Animalia,Arachnida,Scorpiones,Buthidae,Tityus,unus,Animalia|Arachnida|Scorpiones|Buthidae|Tityus|unus,Achiasmatic Meiosis,Heterogametic,NA,NA
Animalia,Arachnida,Scorpiones,Buthidae,Tityus,uquirensis,Animalia|Arachnida|Scorpiones|Buthidae|Tityus|uquirensis,Achiasmatic Meiosis,Heterogametic,NA,NA
Animalia,Arachnida,Scorpiones,Buthidae,Tityus,urachichensis,Animalia|Arachnida|Scorpiones|Buthidae|Tityus|urachichensis,Achiasmatic Meiosis,Heterogametic,NA,NA
Animalia,Arachnida,Scorpiones,Buthidae,Tityus,urbinai,Animalia|Arachnida|Scorpiones|Buthidae|Tityus|urbinai,Achiasmatic Meiosis,Heterogametic,NA,NA
Animalia,Arachnida,Scorpiones,Buthidae,Tityus,uruguayensis,Animalia|Arachnida|Scorpiones|Buthidae|Tityus|uruguayensis,Achiasmatic Meiosis,Heterogametic,NA,32
Animalia,Arachnida,Scorpiones,Buthidae,Tityus,vaissadei,Animalia|Arachnida|Scorpiones|Buthidae|Tityus|vaissadei,Achiasmatic Meiosis,Heterogametic,NA,NA
Animalia,Arachnida,Scorpiones,Buthidae,Tityus,valerae,Animalia|Arachnida|Scorpiones|Buthidae|Tityus|valerae,Achiasmatic Meiosis,Heterogametic,NA,NA
Animalia,Arachnida,Scorpiones,Buthidae,Tityus,venamensis,Animalia|Arachnida|Scorpiones|Buthidae|Tityus|venamensis,Achiasmatic Meiosis,Heterogametic,NA,NA
Animalia,Arachnida,Scorpiones,Buthidae,Tityus,ventuarensis,Animalia|Arachnida|Scorpiones|Buthidae|Tityus|ventuarensis,Achiasmatic Meiosis,Heterogametic,NA,NA
Animalia,Arachnida,Scorpiones,Buthidae,Tityus,wachteli,Animalia|Arachnida|Scorpiones|Buthidae|Tityus|wachteli,Achiasmatic Meiosis,Heterogametic,NA,NA
Animalia,Arachnida,Scorpiones,Buthidae,Tityus,walli,Animalia|Arachnida|Scorpiones|Buthidae|Tityus|walli,Achiasmatic Meiosis,Heterogametic,NA,NA
Animalia,Arachnida,Scorpiones,Buthidae,Tityus,yerenai,Animalia|Arachnida|Scorpiones|Buthidae|Tityus|yerenai,Achiasmatic Meiosis,Heterogametic,NA,NA
Animalia,Arachnida,Scorpiones,Buthidae,Tityus,ythieri,Animalia|Arachnida|Scorpiones|Buthidae|Tityus|ythieri,Achiasmatic Meiosis,Heterogametic,NA,NA
Animalia,Arachnida,Scorpiones,Buthidae,Tityus,zulianus,Animalia|Arachnida|Scorpiones|Buthidae|Tityus|zulianus,Achiasmatic Meiosis,Heterogametic,NA,NA
Animalia,Arachnida,Scorpiones,Buthidae,Troglorhopalurus,lacrau,Animalia|Arachnida|Scorpiones|Buthidae|Troglorhopalurus|lacrau,Achiasmatic Meiosis,Heterogametic,NA,22
Animalia,Arachnida,Scorpiones,Buthidae,Troglorhopalurus,translucidus,Animalia|Arachnida|Scorpiones|Buthidae|Troglorhopalurus|translucidus,Achiasmatic Meiosis,Heterogametic,NA,20
Animalia,Arachnida,Scorpiones,Buthidae,Uroplectes,carinatus,Animalia|Arachnida|Scorpiones|Buthidae|Uroplectes|carinatus,Achiasmatic Meiosis,Heterogametic,NA,20
Animalia,Arachnida,Scorpiones,Buthidae,Uroplectes,chubbi,Animalia|Arachnida|Scorpiones|Buthidae|Uroplectes|chubbi,Achiasmatic Meiosis,Heterogametic,NA,20
Animalia,Arachnida,Scorpiones,Buthidae,Uroplectes,ebogo sp. n.,Animalia|Arachnida|Scorpiones|Buthidae|Uroplectes|ebogo sp. n.,Achiasmatic Meiosis,Heterogametic,NA,24
Animalia,Arachnida,Scorpiones,Buthidae,Uroplectes,emiliae,Animalia|Arachnida|Scorpiones|Buthidae|Uroplectes|emiliae,Achiasmatic Meiosis,Heterogametic,NA,28
Animalia,Arachnida,Scorpiones,Buthidae,Uroplectes,fischeri,Animalia|Arachnida|Scorpiones|Buthidae|Uroplectes|fischeri,Achiasmatic Meiosis,Heterogametic,NA,28
Animalia,Arachnida,Scorpiones,Buthidae,Uroplectes,flavoviridis,Animalia|Arachnida|Scorpiones|Buthidae|Uroplectes|flavoviridis,Achiasmatic Meiosis,Heterogametic,NA,26
Animalia,Arachnida,Scorpiones,Buthidae,Uroplectes,formosus,Animalia|Arachnida|Scorpiones|Buthidae|Uroplectes|formosus,Achiasmatic Meiosis,Heterogametic,NA,16
Animalia,Arachnida,Scorpiones,Buthidae,Uroplectes,olivaceus,Animalia|Arachnida|Scorpiones|Buthidae|Uroplectes|olivaceus,Achiasmatic Meiosis,Heterogametic,NA,24
Animalia,Arachnida,Scorpiones,Buthidae,Uroplectes,otjimbinguensis,Animalia|Arachnida|Scorpiones|Buthidae|Uroplectes|otjimbinguensis,Achiasmatic Meiosis,Heterogametic,NA,26
Animalia,Arachnida,Scorpiones,Buthidae,Uroplectes,planimanus,Animalia|Arachnida|Scorpiones|Buthidae|Uroplectes|planimanus,Achiasmatic Meiosis,Heterogametic,NA,22
Animalia,Arachnida,Scorpiones,Buthidae,Uroplectes,planimanus kuanyamarus,Animalia|Arachnida|Scorpiones|Buthidae|Uroplectes|planimanus kuanyamarus,Achiasmatic Meiosis,Heterogametic,NA,22
Animalia,Arachnida,Scorpiones,Buthidae,Uroplectes,planimanus planimanus,Animalia|Arachnida|Scorpiones|Buthidae|Uroplectes|planimanus planimanus,Achiasmatic Meiosis,Heterogametic,NA,22
Animalia,Arachnida,Scorpiones,Buthidae,Uroplectes,vittatus,Animalia|Arachnida|Scorpiones|Buthidae|Uroplectes|vittatus,Achiasmatic Meiosis,Heterogametic,NA,24
Animalia,Arachnida,Scorpiones,Buthidae,Zabius,fucus,Animalia|Arachnida|Scorpiones|Buthidae|Zabius|fucus,Achiasmatic Meiosis,Heterogametic,NA,18
Animalia,Arachnida,Scorpiones,Buthidae,Zabius,fuscus,Animalia|Arachnida|Scorpiones|Buthidae|Zabius|fuscus,Achiasmatic Meiosis,Heterogametic,NA,18
Animalia,Arachnida,Scorpiones,Chactidae,Brotheas,Silvestris,Animalia|Arachnida|Scorpiones|Chactidae|Brotheas|Silvestris,Achiasmatic Meiosis,Heterogametic,NA,40
Animalia,Arachnida,Scorpiones,Chactidae,Brotheas,amazonicus,Animalia|Arachnida|Scorpiones|Chactidae|Brotheas|amazonicus,Achiasmatic Meiosis,Heterogametic,NA,50
Animalia,Arachnida,Scorpiones,Chactidae,Brotheas,paraensis,Animalia|Arachnida|Scorpiones|Chactidae|Brotheas|paraensis,Achiasmatic Meiosis,Heterogametic,NA,48
Animalia,Arachnida,Scorpiones,Chactidae,Neochactas,parvulus,Animalia|Arachnida|Scorpiones|Chactidae|Neochactas|parvulus,Achiasmatic Meiosis,Heterogametic,NA,54
Animalia,Arachnida,Scorpiones,Chaerilidae,Chaerilus,cimrmani,Animalia|Arachnida|Scorpiones|Chaerilidae|Chaerilus|cimrmani,Achiasmatic Meiosis,Heterogametic,NA,104
Animalia,Arachnida,Scorpiones,Chaerilidae,Chaerilus,majkusi sp. n.,Animalia|Arachnida|Scorpiones|Chaerilidae|Chaerilus|majkusi sp. n.,Achiasmatic Meiosis,Heterogametic,NA,NA
Animalia,Arachnida,Scorpiones,Chaerilidae,Chaerilus,neradorum sp. n.,Animalia|Arachnida|Scorpiones|Chaerilidae|Chaerilus|neradorum sp. n.,Achiasmatic Meiosis,Heterogametic,NA,NA
Animalia,Arachnida,Scorpiones,Chaerilidae,Chaerilus,sejnai,Animalia|Arachnida|Scorpiones|Chaerilidae|Chaerilus|sejnai,Achiasmatic Meiosis,Heterogametic,NA,NA
Animalia,Arachnida,Scorpiones,Chaerilidae,Chaerilus,stockmannorum sp. n.,Animalia|Arachnida|Scorpiones|Chaerilidae|Chaerilus|stockmannorum sp. n.,Achiasmatic Meiosis,Heterogametic,NA,186
Animalia,Arachnida,Scorpiones,Chaerilidae,Chaerilus,tichyi,Animalia|Arachnida|Scorpiones|Chaerilidae|Chaerilus|tichyi,Achiasmatic Meiosis,Heterogametic,NA,136
Animalia,Arachnida,Scorpiones,Euscorpiidae,Euscorpiops,artemisae sp. nov.,Animalia|Arachnida|Scorpiones|Euscorpiidae|Euscorpiops|artemisae sp. nov.,Achiasmatic Meiosis,Heterogametic,NA,104
Animalia,Arachnida,Scorpiones,Euscorpiidae,Euscorpiops,orioni sp. nov.,Animalia|Arachnida|Scorpiones|Euscorpiidae|Euscorpiops|orioni sp. nov.,Achiasmatic Meiosis,Heterogametic,NA,104
Animalia,Arachnida,Scorpiones,Euscorpiidae,Euscorpius,aladaglarensis,Animalia|Arachnida|Scorpiones|Euscorpiidae|Euscorpius|aladaglarensis,Achiasmatic Meiosis,Heterogametic,NA,88
Animalia,Arachnida,Scorpiones,Euscorpiidae,Euscorpius,carpathicus,Animalia|Arachnida|Scorpiones|Euscorpiidae|Euscorpius|carpathicus,Achiasmatic Meiosis,Heterogametic,NA,90
Animalia,Arachnida,Scorpiones,Euscorpiidae,Euscorpius,concinnus,Animalia|Arachnida|Scorpiones|Euscorpiidae|Euscorpius|concinnus,Achiasmatic Meiosis,Heterogametic,NA,88
Animalia,Arachnida,Scorpiones,Euscorpiidae,Euscorpius,hadzii,Animalia|Arachnida|Scorpiones|Euscorpiidae|Euscorpius|hadzii,Achiasmatic Meiosis,Heterogametic,NA,68
Animalia,Arachnida,Scorpiones,Euscorpiidae,Euscorpius,italicus,Animalia|Arachnida|Scorpiones|Euscorpiidae|Euscorpius|italicus,Achiasmatic Meiosis,Heterogametic,NA,36
Animalia,Arachnida,Scorpiones,Euscorpiidae,Euscorpius,naupliensis,Animalia|Arachnida|Scorpiones|Euscorpiidae|Euscorpius|naupliensis,Achiasmatic Meiosis,Heterogametic,NA,60
Animalia,Arachnida,Scorpiones,Euscorpiidae,Euscorpius,sicanus,Animalia|Arachnida|Scorpiones|Euscorpiidae|Euscorpius|sicanus,Achiasmatic Meiosis,Heterogametic,NA,66
Animalia,Arachnida,Scorpiones,Euscorpiidae,Euscorpius,tergestinus,Animalia|Arachnida|Scorpiones|Euscorpiidae|Euscorpius|tergestinus,Achiasmatic Meiosis,Heterogametic,NA,60
Animalia,Arachnida,Scorpiones,Euscorpiidae,Megacormus,granosus,Animalia|Arachnida|Scorpiones|Euscorpiidae|Megacormus|granosus,Achiasmatic Meiosis,Heterogametic,NA,148
Animalia,Arachnida,Scorpiones,Euscorpiidae,Megacormus,seductus sp. n.,Animalia|Arachnida|Scorpiones|Euscorpiidae|Megacormus|seductus sp. n.,Achiasmatic Meiosis,Heterogametic,NA,110
Animalia,Arachnida,Scorpiones,Euscorpiidae,Megacormus,segmentatus,Animalia|Arachnida|Scorpiones|Euscorpiidae|Megacormus|segmentatus,Achiasmatic Meiosis,Heterogametic,NA,144
Animalia,Arachnida,Scorpiones,Iuridae,Calchas,nordmanni,Animalia|Arachnida|Scorpiones|Iuridae|Calchas|nordmanni,Achiasmatic Meiosis,Heterogametic,NA,82
Animalia,Arachnida,Scorpiones,Iuridae,Neocalchas,gruberi,Animalia|Arachnida|Scorpiones|Iuridae|Neocalchas|gruberi,Achiasmatic Meiosis,Heterogametic,NA,40
Animalia,Arachnida,Scorpiones,Scorpionidae,Urodacus,manicatus,Animalia|Arachnida|Scorpiones|Scorpionidae|Urodacus|manicatus,Achiasmatic Meiosis,Heterogametic,NA,NA
Animalia,Ascidiacea,Aplousobranchia,Didemnidae,Diplosoma,listerianum,Animalia|Ascidiacea|Aplousobranchia|Didemnidae|Diplosoma|listerianum,NA,Heterogametic,NA,30
Animalia,Ascidiacea,Phlebobranchia,Cionidae,Ciona,intestinalis,Animalia|Ascidiacea|Phlebobranchia|Cionidae|Ciona|intestinalis,NA,Heterogametic,NA,28
Animalia,Bivalvia,Sphaeriida,Sphaeriida,Sphaerium,corneum,Animalia|Bivalvia|Sphaeriida|Sphaeriida|Sphaerium|corneum,Achiasmatic Meiosis,Heterogametic,NA,30
Animalia,Bivalvia,Sphaeriida,Sphaeriida,Sphaerium,nucleus,Animalia|Bivalvia|Sphaeriida|Sphaeriida|Sphaerium|nucleus,Achiasmatic Meiosis,Heterogametic,NA,NA
Animalia,Chilopoda,Lithobiomorpha,Lithobiidae,Lithobius,variegatus,Animalia|Chilopoda|Lithobiomorpha|Lithobiidae|Lithobius|variegatus,Asynaptic Sex Chromosomes,Heterogametic,XY,46
Animalia,Eurotatoria,Bdelloidea,Habrotrochidae,Habrotrocha,tridens,Animalia|Eurotatoria|Bdelloidea|Habrotrochidae|Habrotrocha|tridens,Asynaptic Sex Chromosomes,Heterogametic,NA,14
Animalia,Eurotatoria,Bdelloidea,Philodinidae,Philodina,roseola,Animalia|Eurotatoria|Bdelloidea|Philodinidae|Philodina|roseola,Asynaptic Sex Chromosomes,Heterogametic,NA,14
Animalia,Eutardigrada,Parachela,Macrobiotidae,Macrobiotus,richtersi,Animalia|Eutardigrada|Parachela|Macrobiotidae|Macrobiotus|richtersi,Achiasmatic Meiosis,Heterogametic,NA,12
Animalia,Eutardigrada,Parachela,Richtersiidae,Richtersius,coronifer,Animalia|Eutardigrada|Parachela|Richtersiidae|Richtersius|coronifer,Achiasmatic Meiosis,Heterogametic,NA,12
Animalia,Gastropoda,Littorinimorpha,Bithyniidae,Bithynia,leachi,Animalia|Gastropoda|Littorinimorpha|Bithyniidae|Bithynia|leachi,Achiasmatic Meiosis,Heterogametic,XY,NA
Animalia,Gastropoda,Littorinimorpha,Bithyniidae,Bithynia,tentaculata,Animalia|Gastropoda|Littorinimorpha|Bithyniidae|Bithynia|tentaculata,Achiasmatic Meiosis,Heterogametic,XY,32
Animalia,Insecta,Blattodea,Rhinotermitidae,Reticulitermes,flavipes,Animalia|Insecta|Blattodea|Rhinotermitidae|Reticulitermes|flavipes,Asynaptic Sex Chromosomes,Heterogametic,NA,NA
Animalia,Insecta,Blattodea,Rhinotermitidae,Reticulitermes,speratus,Animalia|Insecta|Blattodea|Rhinotermitidae|Reticulitermes|speratus,Asynaptic Sex Chromosomes,Heterogametic,NA,NA
Animalia,Insecta,Coleoptera,Anobiidae,Ernobius,mollis,Animalia|Insecta|Coleoptera|Anobiidae|Ernobius|mollis,Asynaptic Sex Chromosomes,Heterogametic,XY,22
Animalia,Insecta,Coleoptera,Anobiidae,Gibbium,psylloides,Animalia|Insecta|Coleoptera|Anobiidae|Gibbium|psylloides,Asynaptic Sex Chromosomes,Heterogametic,XY,18
Animalia,Insecta,Coleoptera,Anobiidae,Lasioderma,serricorne,Animalia|Insecta|Coleoptera|Anobiidae|Lasioderma|serricorne,Asynaptic Sex Chromosomes,Heterogametic,XY,18
Animalia,Insecta,Coleoptera,Anobiidae,Ptinus,clavipes,Animalia|Insecta|Coleoptera|Anobiidae|Ptinus|clavipes,Asynaptic Sex Chromosomes,Heterogametic,XY,18
Animalia,Insecta,Coleoptera,Anobiidae,Ptinus,villiger,Animalia|Insecta|Coleoptera|Anobiidae|Ptinus|villiger,Asynaptic Sex Chromosomes,Heterogametic,XY,18
Animalia,Insecta,Coleoptera,Anthicidae,Notoxus,calcaratus,Animalia|Insecta|Coleoptera|Anthicidae|Notoxus|calcaratus,Asynaptic Sex Chromosomes,Heterogametic,XY,18
Animalia,Insecta,Coleoptera,Anthicidae,Notoxus,constrictus,Animalia|Insecta|Coleoptera|Anthicidae|Notoxus|constrictus,Asynaptic Sex Chromosomes,Heterogametic,XY,18
Animalia,Insecta,Coleoptera,Anthicidae,Notoxus,monodon,Animalia|Insecta|Coleoptera|Anthicidae|Notoxus|monodon,Asynaptic Sex Chromosomes,Heterogametic,XY,18
Animalia,Insecta,Coleoptera,Anthribidae,Araecerus,fasciculatus,Animalia|Insecta|Coleoptera|Anthribidae|Araecerus|fasciculatus,Asynaptic Sex Chromosomes,Heterogametic,XY,22
Animalia,Insecta,Coleoptera,Anthribidae,Euparius,marmoreus,Animalia|Insecta|Coleoptera|Anthribidae|Euparius|marmoreus,Asynaptic Sex Chromosomes,Heterogametic,XY,22
Animalia,Insecta,Coleoptera,Anthribidae,Euparius,oculatus,Animalia|Insecta|Coleoptera|Anthribidae|Euparius|oculatus,Asynaptic Sex Chromosomes,Heterogametic,NA,22
Animalia,Insecta,Coleoptera,Anthribidae,Habrissus,longipes,Animalia|Insecta|Coleoptera|Anthribidae|Habrissus|longipes,Asynaptic Sex Chromosomes,Heterogametic,XY,22
Animalia,Insecta,Coleoptera,Anthribidae,Platystomos,sellatus,Animalia|Insecta|Coleoptera|Anthribidae|Platystomos|sellatus,Asynaptic Sex Chromosomes,Heterogametic,XY,22
Animalia,Insecta,Coleoptera,Anthribidae,Ptychoderes,bivittatus,Animalia|Insecta|Coleoptera|Anthribidae|Ptychoderes|bivittatus,Asynaptic Sex Chromosomes,Heterogametic,XY,22
Animalia,Insecta,Coleoptera,Anthribidae,Ptychoderes,tricostifrons,Animalia|Insecta|Coleoptera|Anthribidae|Ptychoderes|tricostifrons,Asynaptic Sex Chromosomes,Heterogametic,XY,22
Animalia,Insecta,Coleoptera,Anthribidae,Tropideres,germanus,Animalia|Insecta|Coleoptera|Anthribidae|Tropideres|germanus,Asynaptic Sex Chromosomes,Heterogametic,XY,22
Animalia,Insecta,Coleoptera,Anthribidae,Tropideres,japonicus,Animalia|Insecta|Coleoptera|Anthribidae|Tropideres|japonicus,Asynaptic Sex Chromosomes,Heterogametic,XY,22
Animalia,Insecta,Coleoptera,Anthribidae,Tropideres,laxus,Animalia|Insecta|Coleoptera|Anthribidae|Tropideres|laxus,Asynaptic Sex Chromosomes,Heterogametic,XY,22
Animalia,Insecta,Coleoptera,Attelabidae,Apoderus,balteatus,Animalia|Insecta|Coleoptera|Attelabidae|Apoderus|balteatus,Asynaptic Sex Chromosomes,Heterogametic,XY,22
Animalia,Insecta,Coleoptera,Attelabidae,Apoderus,coryli,Animalia|Insecta|Coleoptera|Attelabidae|Apoderus|coryli,Asynaptic Sex Chromosomes,Heterogametic,XY,28
Animalia,Insecta,Coleoptera,Attelabidae,Apoderus,erythrogaster,Animalia|Insecta|Coleoptera|Attelabidae|Apoderus|erythrogaster,Asynaptic Sex Chromosomes,Heterogametic,XY,28
Animalia,Insecta,Coleoptera,Attelabidae,Auletobius,irkutensis,Animalia|Insecta|Coleoptera|Attelabidae|Auletobius|irkutensis,Asynaptic Sex Chromosomes,Heterogametic,XY,32
Animalia,Insecta,Coleoptera,Attelabidae,Auletobius,puberulus,Animalia|Insecta|Coleoptera|Attelabidae|Auletobius|puberulus,Asynaptic Sex Chromosomes,Heterogametic,XY,32
Animalia,Insecta,Coleoptera,Attelabidae,Centrocorynus,aemulus,Animalia|Insecta|Coleoptera|Attelabidae|Centrocorynus|aemulus,Asynaptic Sex Chromosomes,Heterogametic,XY,28
Animalia,Insecta,Coleoptera,Attelabidae,Deporaus,harmanni,Animalia|Insecta|Coleoptera|Attelabidae|Deporaus|harmanni,Asynaptic Sex Chromosomes,Heterogametic,XY,22
Animalia,Insecta,Coleoptera,Attelabidae,Deporaus,margitus,Animalia|Insecta|Coleoptera|Attelabidae|Deporaus|margitus,Asynaptic Sex Chromosomes,Heterogametic,XY,22
Animalia,Insecta,Coleoptera,Attelabidae,Deporaus,minimus,Animalia|Insecta|Coleoptera|Attelabidae|Deporaus|minimus,Asynaptic Sex Chromosomes,Heterogametic,XY,26
Animalia,Insecta,Coleoptera,Attelabidae,Deporaus,sp.,Animalia|Insecta|Coleoptera|Attelabidae|Deporaus|sp.,Asynaptic Sex Chromosomes,Heterogametic,XY,22
Animalia,Insecta,Coleoptera,Attelabidae,Deporaus,unicolor,Animalia|Insecta|Coleoptera|Attelabidae|Deporaus|unicolor,Asynaptic Sex Chromosomes,Heterogametic,XY,34
Animalia,Insecta,Coleoptera,Attelabidae,Larinus,sturnus,Animalia|Insecta|Coleoptera|Attelabidae|Larinus|sturnus,Asynaptic Sex Chromosomes,Heterogametic,XY,38
Animalia,Insecta,Coleoptera,Attelabidae,Liparus,glabrirostris,Animalia|Insecta|Coleoptera|Attelabidae|Liparus|glabrirostris,Asynaptic Sex Chromosomes,Heterogametic,XY,32
Animalia,Insecta,Coleoptera,Attelabidae,Rhynchites,heros,Animalia|Insecta|Coleoptera|Attelabidae|Rhynchites|heros,Asynaptic Sex Chromosomes,Heterogametic,XY,38
Animalia,Insecta,Coleoptera,Attelabidae,Rhynchites,pilosus,Animalia|Insecta|Coleoptera|Attelabidae|Rhynchites|pilosus,Asynaptic Sex Chromosomes,Heterogametic,XY,32
Animalia,Insecta,Coleoptera,Attelabidae,Rhynchites,placidus,Animalia|Insecta|Coleoptera|Attelabidae|Rhynchites|placidus,Asynaptic Sex Chromosomes,Heterogametic,XY,38
Animalia,Insecta,Coleoptera,Attelabidae,Rhynchites,sp.,Animalia|Insecta|Coleoptera|Attelabidae|Rhynchites|sp.,Asynaptic Sex Chromosomes,Heterogametic,XY,34
Animalia,Insecta,Coleoptera,Bostrichidae,Apate,mocha,Animalia|Insecta|Coleoptera|Bostrichidae|Apate|mocha,Asynaptic Sex Chromosomes,Heterogametic,XY,22
Animalia,Insecta,Coleoptera,Bostrichidae,Bostrychopsis,bengalensis,Animalia|Insecta|Coleoptera|Bostrichidae|Bostrychopsis|bengalensis,Asynaptic Sex Chromosomes,Heterogametic,XY,20
Animalia,Insecta,Coleoptera,Bostrichidae,Rhizopertha,dominica,Animalia|Insecta|Coleoptera|Bostrichidae|Rhizopertha|dominica,Asynaptic Sex Chromosomes,Heterogametic,XY,18
Animalia,Insecta,Coleoptera,Bostrichidae,Sinoxylon,ale,Animalia|Insecta|Coleoptera|Bostrichidae|Sinoxylon|ale,Asynaptic Sex Chromosomes,Heterogametic,XY,20
Animalia,Insecta,Coleoptera,Brentidae,Apion,abruptum,Animalia|Insecta|Coleoptera|Brentidae|Apion|abruptum,Asynaptic Sex Chromosomes,Heterogametic,XY,22
Animalia,Insecta,Coleoptera,Brentidae,Apion,collare,Animalia|Insecta|Coleoptera|Brentidae|Apion|collare,Asynaptic Sex Chromosomes,Heterogametic,XY,22
Animalia,Insecta,Coleoptera,Brentidae,Apion,sp.,Animalia|Insecta|Coleoptera|Brentidae|Apion|sp.,Asynaptic Sex Chromosomes,Heterogametic,XY,22
Animalia,Insecta,Coleoptera,Brentidae,Aplemonus,tuberculata,Animalia|Insecta|Coleoptera|Brentidae|Aplemonus|tuberculata,Asynaptic Sex Chromosomes,Heterogametic,XY,26
Animalia,Insecta,Coleoptera,Brentidae,Brentus,anchorago,Animalia|Insecta|Coleoptera|Brentidae|Brentus|anchorago,Asynaptic Sex Chromosomes,Heterogametic,XY,12
Animalia,Insecta,Coleoptera,Brentidae,Brentus,mexicanus,Animalia|Insecta|Coleoptera|Brentidae|Brentus|mexicanus,Asynaptic Sex Chromosomes,Heterogametic,XY,12
Animalia,Insecta,Coleoptera,Brentidae,Ceratapion,austriacum,Animalia|Insecta|Coleoptera|Brentidae|Ceratapion|austriacum,Asynaptic Sex Chromosomes,Heterogametic,XY,22
Animalia,Insecta,Coleoptera,Brentidae,Ceratapion,penetrans,Animalia|Insecta|Coleoptera|Brentidae|Ceratapion|penetrans,Asynaptic Sex Chromosomes,Heterogametic,XY,22
Animalia,Insecta,Coleoptera,Brentidae,Cylas,formicarius,Animalia|Insecta|Coleoptera|Brentidae|Cylas|formicarius,Asynaptic Sex Chromosomes,Heterogametic,XY,22
Animalia,Insecta,Coleoptera,Brentidae,Eutrichapion,melancholicum,Animalia|Insecta|Coleoptera|Brentidae|Eutrichapion|melancholicum,Asynaptic Sex Chromosomes,Heterogametic,XY,22
Animalia,Insecta,Coleoptera,Brentidae,Nanophyes,marmoratus,Animalia|Insecta|Coleoptera|Brentidae|Nanophyes|marmoratus,Asynaptic Sex Chromosomes,Heterogametic,XY,22
Animalia,Insecta,Coleoptera,Brentidae,Nemocephalus,femoratus,Animalia|Insecta|Coleoptera|Brentidae|Nemocephalus|femoratus,Asynaptic Sex Chromosomes,Heterogametic,XY,12
Animalia,Insecta,Coleoptera,Brentidae,Oxystoma,cerdo,Animalia|Insecta|Coleoptera|Brentidae|Oxystoma|cerdo,Asynaptic Sex Chromosomes,Heterogametic,XY,22
Animalia,Insecta,Coleoptera,Brentidae,Proepisphales,elegans,Animalia|Insecta|Coleoptera|Brentidae|Proepisphales|elegans,Asynaptic Sex Chromosomes,Heterogametic,XY,12
Animalia,Insecta,Coleoptera,Brentidae,Pseudorychoides,insignis,Animalia|Insecta|Coleoptera|Brentidae|Pseudorychoides|insignis,Asynaptic Sex Chromosomes,Heterogametic,XY,12
Animalia,Insecta,Coleoptera,Brentidae,Rhopalapion,longirostre,Animalia|Insecta|Coleoptera|Brentidae|Rhopalapion|longirostre,Asynaptic Sex Chromosomes,Heterogametic,XY,22
Animalia,Insecta,Coleoptera,Brentidae,Squamapion,flavimanum,Animalia|Insecta|Coleoptera|Brentidae|Squamapion|flavimanum,Asynaptic Sex Chromosomes,Heterogametic,XY,22
Animalia,Insecta,Coleoptera,Brentidae,Trachelizus,sp.,Animalia|Insecta|Coleoptera|Brentidae|Trachelizus|sp.,Asynaptic Sex Chromosomes,Heterogametic,XY,12
Animalia,Insecta,Coleoptera,Buprestidae,Acmaeodera,boryi,Animalia|Insecta|Coleoptera|Buprestidae|Acmaeodera|boryi,Asynaptic Sex Chromosomes,Heterogametic,XY,18
Animalia,Insecta,Coleoptera,Buprestidae,Acmaeodera,flavofasciata,Animalia|Insecta|Coleoptera|Buprestidae|Acmaeodera|flavofasciata,Asynaptic Sex Chromosomes,Heterogametic,XY,18
Animalia,Insecta,Coleoptera,Buprestidae,Acmaeodera,gibbulosa,Animalia|Insecta|Coleoptera|Buprestidae|Acmaeodera|gibbulosa,Asynaptic Sex Chromosomes,Heterogametic,XY,18
Animalia,Insecta,Coleoptera,Buprestidae,Acmaeodera,vetusta,Animalia|Insecta|Coleoptera|Buprestidae|Acmaeodera|vetusta,Asynaptic Sex Chromosomes,Heterogametic,XY,18
Animalia,Insecta,Coleoptera,Buprestidae,Agrilus,angustulus,Animalia|Insecta|Coleoptera|Buprestidae|Agrilus|angustulus,Asynaptic Sex Chromosomes,Heterogametic,XY,22
Animalia,Insecta,Coleoptera,Buprestidae,Agrilus,anxius,Animalia|Insecta|Coleoptera|Buprestidae|Agrilus|anxius,Asynaptic Sex Chromosomes,Heterogametic,XY,22
Animalia,Insecta,Coleoptera,Buprestidae,Agrilus,obscuricollis,Animalia|Insecta|Coleoptera|Buprestidae|Agrilus|obscuricollis,Asynaptic Sex Chromosomes,Heterogametic,XY,20
Animalia,Insecta,Coleoptera,Buprestidae,Agrilus,sp.,Animalia|Insecta|Coleoptera|Buprestidae|Agrilus|sp.,Asynaptic Sex Chromosomes,Heterogametic,XY,NA
Animalia,Insecta,Coleoptera,Buprestidae,Anthaxia,amasi,Animalia|Insecta|Coleoptera|Buprestidae|Anthaxia|amasi,Asynaptic Sex Chromosomes,Heterogametic,XY,16
Animalia,Insecta,Coleoptera,Buprestidae,Anthaxia,bicolor,Animalia|Insecta|Coleoptera|Buprestidae|Anthaxia|bicolor,Asynaptic Sex Chromosomes,Heterogametic,XY,16
Animalia,Insecta,Coleoptera,Buprestidae,Anthaxia,deaurata,Animalia|Insecta|Coleoptera|Buprestidae|Anthaxia|deaurata,Asynaptic Sex Chromosomes,Heterogametic,XY,16
Animalia,Insecta,Coleoptera,Buprestidae,Anthaxia,hungarica,Animalia|Insecta|Coleoptera|Buprestidae|Anthaxia|hungarica,Asynaptic Sex Chromosomes,Heterogametic,XY,16
Animalia,Insecta,Coleoptera,Buprestidae,Anthaxia,lgockii,Animalia|Insecta|Coleoptera|Buprestidae|Anthaxia|lgockii,Asynaptic Sex Chromosomes,Heterogametic,XY,16
Animalia,Insecta,Coleoptera,Buprestidae,Anthaxia,mirabilis,Animalia|Insecta|Coleoptera|Buprestidae|Anthaxia|mirabilis,Asynaptic Sex Chromosomes,Heterogametic,XY,16
Animalia,Insecta,Coleoptera,Buprestidae,Anthaxia,olympica,Animalia|Insecta|Coleoptera|Buprestidae|Anthaxia|olympica,Asynaptic Sex Chromosomes,Heterogametic,XY,16
Animalia,Insecta,Coleoptera,Buprestidae,Anthaxia,podolica,Animalia|Insecta|Coleoptera|Buprestidae|Anthaxia|podolica,Asynaptic Sex Chromosomes,Heterogametic,XY,16
Animalia,Insecta,Coleoptera,Buprestidae,Anthaxia,sponsa,Animalia|Insecta|Coleoptera|Buprestidae|Anthaxia|sponsa,Asynaptic Sex Chromosomes,Heterogametic,XY,16
Animalia,Insecta,Coleoptera,Buprestidae,Anthaxia,viridifrons,Animalia|Insecta|Coleoptera|Buprestidae|Anthaxia|viridifrons,Asynaptic Sex Chromosomes,Heterogametic,XY,16
Animalia,Insecta,Coleoptera,Buprestidae,Capnodis,miliaris,Animalia|Insecta|Coleoptera|Buprestidae|Capnodis|miliaris,Asynaptic Sex Chromosomes,Heterogametic,XY,20
Animalia,Insecta,Coleoptera,Buprestidae,Castiarina,adelaidae,Animalia|Insecta|Coleoptera|Buprestidae|Castiarina|adelaidae,Asynaptic Sex Chromosomes,Heterogametic,XY,22
Animalia,Insecta,Coleoptera,Buprestidae,Castiarina,argillacea,Animalia|Insecta|Coleoptera|Buprestidae|Castiarina|argillacea,Asynaptic Sex Chromosomes,Heterogametic,XY,22
Animalia,Insecta,Coleoptera,Buprestidae,Castiarina,cupreoflava,Animalia|Insecta|Coleoptera|Buprestidae|Castiarina|cupreoflava,Asynaptic Sex Chromosomes,Heterogametic,XY,22
Animalia,Insecta,Coleoptera,Buprestidae,Castiarina,decemmaculata,Animalia|Insecta|Coleoptera|Buprestidae|Castiarina|decemmaculata,Asynaptic Sex Chromosomes,Heterogametic,XY,22
Animalia,Insecta,Coleoptera,Buprestidae,Castiarina,flavopicta,Animalia|Insecta|Coleoptera|Buprestidae|Castiarina|flavopicta,Asynaptic Sex Chromosomes,Heterogametic,XY,22
Animalia,Insecta,Coleoptera,Buprestidae,Castiarina,grata,Animalia|Insecta|Coleoptera|Buprestidae|Castiarina|grata,Asynaptic Sex Chromosomes,Heterogametic,XY,22
Animalia,Insecta,Coleoptera,Buprestidae,Castiarina,rufipennis,Animalia|Insecta|Coleoptera|Buprestidae|Castiarina|rufipennis,Asynaptic Sex Chromosomes,Heterogametic,XY,22
Animalia,Insecta,Coleoptera,Buprestidae,Castiarina,sexplagiata,Animalia|Insecta|Coleoptera|Buprestidae|Castiarina|sexplagiata,Asynaptic Sex Chromosomes,Heterogametic,XY,22
Animalia,Insecta,Coleoptera,Buprestidae,Castiarina,simulata,Animalia|Insecta|Coleoptera|Buprestidae|Castiarina|simulata,Asynaptic Sex Chromosomes,Heterogametic,XY,22
Animalia,Insecta,Coleoptera,Buprestidae,Castiarina,subnotata,Animalia|Insecta|Coleoptera|Buprestidae|Castiarina|subnotata,Asynaptic Sex Chromosomes,Heterogametic,XY,22
Animalia,Insecta,Coleoptera,Buprestidae,Castiarina,subtincta,Animalia|Insecta|Coleoptera|Buprestidae|Castiarina|subtincta,Asynaptic Sex Chromosomes,Heterogametic,XY,22
Animalia,Insecta,Coleoptera,Buprestidae,Castiarina,triramosa,Animalia|Insecta|Coleoptera|Buprestidae|Castiarina|triramosa,Asynaptic Sex Chromosomes,Heterogametic,XY,22
Animalia,Insecta,Coleoptera,Buprestidae,Chrysobothris,affinis,Animalia|Insecta|Coleoptera|Buprestidae|Chrysobothris|affinis,Asynaptic Sex Chromosomes,Heterogametic,XY,16
Animalia,Insecta,Coleoptera,Buprestidae,Chrysobothris,dentipes,Animalia|Insecta|Coleoptera|Buprestidae|Chrysobothris|dentipes,Asynaptic Sex Chromosomes,Heterogametic,XY,16
Animalia,Insecta,Coleoptera,Buprestidae,Chrysobothris,floricola,Animalia|Insecta|Coleoptera|Buprestidae|Chrysobothris|floricola,Asynaptic Sex Chromosomes,Heterogametic,XY,16
Animalia,Insecta,Coleoptera,Buprestidae,Coraebus,rubi,Animalia|Insecta|Coleoptera|Buprestidae|Coraebus|rubi,Asynaptic Sex Chromosomes,Heterogametic,XY,22
Animalia,Insecta,Coleoptera,Buprestidae,Dicera,divaricata,Animalia|Insecta|Coleoptera|Buprestidae|Dicera|divaricata,Asynaptic Sex Chromosomes,Heterogametic,XY,20
Animalia,Insecta,Coleoptera,Buprestidae,Dicera,prolongata,Animalia|Insecta|Coleoptera|Buprestidae|Dicera|prolongata,Asynaptic Sex Chromosomes,Heterogametic,XY,20
Animalia,Insecta,Coleoptera,Buprestidae,Dicera,tenebrosa,Animalia|Insecta|Coleoptera|Buprestidae|Dicera|tenebrosa,Asynaptic Sex Chromosomes,Heterogametic,XY,20
Animalia,Insecta,Coleoptera,Buprestidae,Dicerca,aenea,Animalia|Insecta|Coleoptera|Buprestidae|Dicerca|aenea,Asynaptic Sex Chromosomes,Heterogametic,XY,20
Animalia,Insecta,Coleoptera,Buprestidae,Julodella,globithorax,Animalia|Insecta|Coleoptera|Buprestidae|Julodella|globithorax,Asynaptic Sex Chromosomes,Heterogametic,XY,26
Animalia,Insecta,Coleoptera,Buprestidae,Melanophila,acumita,Animalia|Insecta|Coleoptera|Buprestidae|Melanophila|acumita,Asynaptic Sex Chromosomes,Heterogametic,XY,12
Animalia,Insecta,Coleoptera,Buprestidae,Melanophila,drummondi,Animalia|Insecta|Coleoptera|Buprestidae|Melanophila|drummondi,Asynaptic Sex Chromosomes,Heterogametic,XY,16
Animalia,Insecta,Coleoptera,Buprestidae,Melanophila,intrusa,Animalia|Insecta|Coleoptera|Buprestidae|Melanophila|intrusa,Asynaptic Sex Chromosomes,Heterogametic,XY,16
Animalia,Insecta,Coleoptera,Buprestidae,Meliboeus,caucasicus,Animalia|Insecta|Coleoptera|Buprestidae|Meliboeus|caucasicus,Asynaptic Sex Chromosomes,Heterogametic,XY,22
Animalia,Insecta,Coleoptera,Buprestidae,Ovalisia,dezhdae,Animalia|Insecta|Coleoptera|Buprestidae|Ovalisia|dezhdae,Asynaptic Sex Chromosomes,Heterogametic,XY,20
Animalia,Insecta,Coleoptera,Buprestidae,Perotis,cuprata,Animalia|Insecta|Coleoptera|Buprestidae|Perotis|cuprata,Asynaptic Sex Chromosomes,Heterogametic,XY,20
Animalia,Insecta,Coleoptera,Buprestidae,Perotis,lugubris,Animalia|Insecta|Coleoptera|Buprestidae|Perotis|lugubris,Asynaptic Sex Chromosomes,Heterogametic,XY,20
Animalia,Insecta,Coleoptera,Buprestidae,Sphaerobothris,aghababiani,Animalia|Insecta|Coleoptera|Buprestidae|Sphaerobothris|aghababiani,Asynaptic Sex Chromosomes,Heterogametic,XY,16
Animalia,Insecta,Coleoptera,Buprestidae,Stigmodera,cancellata,Animalia|Insecta|Coleoptera|Buprestidae|Stigmodera|cancellata,Asynaptic Sex Chromosomes,Heterogametic,XY,22
Animalia,Insecta,Coleoptera,Buprestidae,Stigmodera,goryi,Animalia|Insecta|Coleoptera|Buprestidae|Stigmodera|goryi,Asynaptic Sex Chromosomes,Heterogametic,XY,22
Animalia,Insecta,Coleoptera,Buprestidae,Stigmodera,gratiosa,Animalia|Insecta|Coleoptera|Buprestidae|Stigmodera|gratiosa,Asynaptic Sex Chromosomes,Heterogametic,XY,22
Animalia,Insecta,Coleoptera,Buprestidae,Stigmodera,macularia,Animalia|Insecta|Coleoptera|Buprestidae|Stigmodera|macularia,Asynaptic Sex Chromosomes,Heterogametic,XY,22
Animalia,Insecta,Coleoptera,Buprestidae,Stigmodera,porosa,Animalia|Insecta|Coleoptera|Buprestidae|Stigmodera|porosa,Asynaptic Sex Chromosomes,Heterogametic,XY,22
Animalia,Insecta,Coleoptera,Buprestidae,Stigmodera,roei,Animalia|Insecta|Coleoptera|Buprestidae|Stigmodera|roei,Asynaptic Sex Chromosomes,Heterogametic,XY,22
Animalia,Insecta,Coleoptera,Buprestidae,Themognatha,alternata,Animalia|Insecta|Coleoptera|Buprestidae|Themognatha|alternata,Asynaptic Sex Chromosomes,Heterogametic,XY,20
Animalia,Insecta,Coleoptera,Buprestidae,Themognatha,barbiventris,Animalia|Insecta|Coleoptera|Buprestidae|Themognatha|barbiventris,Asynaptic Sex Chromosomes,Heterogametic,XY,22
Animalia,Insecta,Coleoptera,Buprestidae,Themognatha,bonvouloiri,Animalia|Insecta|Coleoptera|Buprestidae|Themognatha|bonvouloiri,Asynaptic Sex Chromosomes,Heterogametic,XY,22
Animalia,Insecta,Coleoptera,Buprestidae,Themognatha,chalcodera,Animalia|Insecta|Coleoptera|Buprestidae|Themognatha|chalcodera,Asynaptic Sex Chromosomes,Heterogametic,XY,22
Animalia,Insecta,Coleoptera,Buprestidae,Themognatha,chevrolati,Animalia|Insecta|Coleoptera|Buprestidae|Themognatha|chevrolati,Asynaptic Sex Chromosomes,Heterogametic,XY,22
Animalia,Insecta,Coleoptera,Buprestidae,Themognatha,donovani,Animalia|Insecta|Coleoptera|Buprestidae|Themognatha|donovani,Asynaptic Sex Chromosomes,Heterogametic,XY,22
Animalia,Insecta,Coleoptera,Buprestidae,Themognatha,heros,Animalia|Insecta|Coleoptera|Buprestidae|Themognatha|heros,Asynaptic Sex Chromosomes,Heterogametic,XY,22
Animalia,Insecta,Coleoptera,Buprestidae,Themognatha,mitchelli,Animalia|Insecta|Coleoptera|Buprestidae|Themognatha|mitchelli,Asynaptic Sex Chromosomes,Heterogametic,XY,22
Animalia,Insecta,Coleoptera,Buprestidae,Themognatha,mniszechi,Animalia|Insecta|Coleoptera|Buprestidae|Themognatha|mniszechi,Asynaptic Sex Chromosomes,Heterogametic,XY,22
Animalia,Insecta,Coleoptera,Buprestidae,Themognatha,nickerli,Animalia|Insecta|Coleoptera|Buprestidae|Themognatha|nickerli,Asynaptic Sex Chromosomes,Heterogametic,XY,20
Animalia,Insecta,Coleoptera,Buprestidae,Themognatha,parvicollis,Animalia|Insecta|Coleoptera|Buprestidae|Themognatha|parvicollis,Asynaptic Sex Chromosomes,Heterogametic,XY,22
Animalia,Insecta,Coleoptera,Buprestidae,Themognatha,pubicollis,Animalia|Insecta|Coleoptera|Buprestidae|Themognatha|pubicollis,Asynaptic Sex Chromosomes,Heterogametic,XY,22
Animalia,Insecta,Coleoptera,Buprestidae,Themognatha,regia,Animalia|Insecta|Coleoptera|Buprestidae|Themognatha|regia,Asynaptic Sex Chromosomes,Heterogametic,XY,22
Animalia,Insecta,Coleoptera,Buprestidae,Themognatha,tricolorata,Animalia|Insecta|Coleoptera|Buprestidae|Themognatha|tricolorata,Asynaptic Sex Chromosomes,Heterogametic,XY,22
Animalia,Insecta,Coleoptera,Buprestidae,Themognatha,variabilis,Animalia|Insecta|Coleoptera|Buprestidae|Themognatha|variabilis,Asynaptic Sex Chromosomes,Heterogametic,XY,22
Animalia,Insecta,Coleoptera,Buprestidae,Themognatha,viridicincta,Animalia|Insecta|Coleoptera|Buprestidae|Themognatha|viridicincta,Asynaptic Sex Chromosomes,Heterogametic,XY,22
Animalia,Insecta,Coleoptera,Byrrhidae,Byrrhus,sp.,Animalia|Insecta|Coleoptera|Byrrhidae|Byrrhus|sp.,Asynaptic Sex Chromosomes,Heterogametic,XY,18
Animalia,Insecta,Coleoptera,Byrrhidae,Cytilus,alternatus,Animalia|Insecta|Coleoptera|Byrrhidae|Cytilus|alternatus,Asynaptic Sex Chromosomes,Heterogametic,XY,18
Animalia,Insecta,Coleoptera,Cantharidae,Cantharis,fusca,Animalia|Insecta|Coleoptera|Cantharidae|Cantharis|fusca,Asynaptic Sex Chromosomes,Heterogametic,XY,20
Animalia,Insecta,Coleoptera,Cantharidae,Cantharis,sp.,Animalia|Insecta|Coleoptera|Cantharidae|Cantharis|sp.,Asynaptic Sex Chromosomes,Heterogametic,XY,20
Animalia,Insecta,Coleoptera,Cantharidae,Cantharis,tenuicollis,Animalia|Insecta|Coleoptera|Cantharidae|Cantharis|tenuicollis,Asynaptic Sex Chromosomes,Heterogametic,XY,20
Animalia,Insecta,Coleoptera,Carabidae,Asaphidion,caraboides,Animalia|Insecta|Coleoptera|Carabidae|Asaphidion|caraboides,Achiasmatic Meiosis,Heterogametic,XY,24
Animalia,Insecta,Coleoptera,Carabidae,Asaphidion,cyanicorne,Animalia|Insecta|Coleoptera|Carabidae|Asaphidion|cyanicorne,Achiasmatic Meiosis,Heterogametic,XY,24
Animalia,Insecta,Coleoptera,Carabidae,Asaphidion,flavipes,Animalia|Insecta|Coleoptera|Carabidae|Asaphidion|flavipes,Achiasmatic Meiosis,Heterogametic,XY,24
Animalia,Insecta,Coleoptera,Carabidae,Bembidion,quadripustulatum,Animalia|Insecta|Coleoptera|Carabidae|Bembidion|quadripustulatum,Achiasmatic Meiosis,Heterogametic,XY,24
Animalia,Insecta,Coleoptera,Carabidae,Calathus,ascendens,Animalia|Insecta|Coleoptera|Carabidae|Calathus|ascendens,Asynaptic Sex Chromosomes,Heterogametic,NA,22
Animalia,Insecta,Coleoptera,Carabidae,Carabus,blaptoides,Animalia|Insecta|Coleoptera|Carabidae|Carabus|blaptoides,Asynaptic Sex Chromosomes,Heterogametic,XY,28
Animalia,Insecta,Coleoptera,Carabidae,Carabus,fruhstorferi,Animalia|Insecta|Coleoptera|Carabidae|Carabus|fruhstorferi,Asynaptic Sex Chromosomes,Heterogametic,XY,28
Animalia,Insecta,Coleoptera,Carabidae,Chlaenius,xanthospilus,Animalia|Insecta|Coleoptera|Carabidae|Chlaenius|xanthospilus,Asynaptic Sex Chromosomes,Heterogametic,XY,36
Animalia,Insecta,Coleoptera,Carabidae,Cicindela,pimeria,Animalia|Insecta|Coleoptera|Carabidae|Cicindela|pimeria,Asynaptic Sex Chromosomes,Heterogametic,NA,20
Animalia,Insecta,Coleoptera,Carabidae,Cicindela,tranquebarica,Animalia|Insecta|Coleoptera|Carabidae|Cicindela|tranquebarica,Asynaptic Sex Chromosomes,Heterogametic,NA,22
Animalia,Insecta,Coleoptera,Carabidae,Egadroma,marginatum,Animalia|Insecta|Coleoptera|Carabidae|Egadroma|marginatum,Achiasmatic Meiosis,Heterogametic,XY,40
Animalia,Insecta,Coleoptera,Carabidae,Emphanes,minimus,Animalia|Insecta|Coleoptera|Carabidae|Emphanes|minimus,Achiasmatic Meiosis,Heterogametic,XY,24
Animalia,Insecta,Coleoptera,Carabidae,Emphanes,rivularis,Animalia|Insecta|Coleoptera|Carabidae|Emphanes|rivularis,Achiasmatic Meiosis,Heterogametic,XY,24
Animalia,Insecta,Coleoptera,Carabidae,Emphanes,tenellum,Animalia|Insecta|Coleoptera|Carabidae|Emphanes|tenellum,Achiasmatic Meiosis,Heterogametic,XY,24
Animalia,Insecta,Coleoptera,Carabidae,Loxoncus,microgonus,Animalia|Insecta|Coleoptera|Carabidae|Loxoncus|microgonus,Asynaptic Sex Chromosomes,Heterogametic,XY,38
Animalia,Insecta,Coleoptera,Carabidae,Metallina,ambiguum,Animalia|Insecta|Coleoptera|Carabidae|Metallina|ambiguum,Achiasmatic Meiosis,Heterogametic,XY,24
Animalia,Insecta,Coleoptera,Carabidae,Metallina,lampros,Animalia|Insecta|Coleoptera|Carabidae|Metallina|lampros,Achiasmatic Meiosis,Heterogametic,XY,24
Animalia,Insecta,Coleoptera,Carabidae,Metallina,properans,Animalia|Insecta|Coleoptera|Carabidae|Metallina|properans,Achiasmatic Meiosis,Heterogametic,XY,NA
Animalia,Insecta,Coleoptera,Carabidae,Nepha,genei,Animalia|Insecta|Coleoptera|Carabidae|Nepha|genei,Achiasmatic Meiosis,Heterogametic,XY,24
Animalia,Insecta,Coleoptera,Carabidae,Nepha,grisvardi,Animalia|Insecta|Coleoptera|Carabidae|Nepha|grisvardi,Achiasmatic Meiosis,Heterogametic,XY,24
Animalia,Insecta,Coleoptera,Carabidae,Nepha,ibericum,Animalia|Insecta|Coleoptera|Carabidae|Nepha|ibericum,Achiasmatic Meiosis,Heterogametic,XY,24
Animalia,Insecta,Coleoptera,Carabidae,Nepha,laterale,Animalia|Insecta|Coleoptera|Carabidae|Nepha|laterale,Achiasmatic Meiosis,Heterogametic,XY,24
Animalia,Insecta,Coleoptera,Carabidae,Notaphus,ephippius,Animalia|Insecta|Coleoptera|Carabidae|Notaphus|ephippius,Achiasmatic Meiosis,Heterogametic,XY,NA
Animalia,Insecta,Coleoptera,Carabidae,Notaphus,varius,Animalia|Insecta|Coleoptera|Carabidae|Notaphus|varius,Achiasmatic Meiosis,Heterogametic,XY,24
Animalia,Insecta,Coleoptera,Carabidae,Ocydromus,andreae,Animalia|Insecta|Coleoptera|Carabidae|Ocydromus|andreae,Achiasmatic Meiosis,Heterogametic,XY,24
Animalia,Insecta,Coleoptera,Carabidae,Ocydromus,atrocoeruleus,Animalia|Insecta|Coleoptera|Carabidae|Ocydromus|atrocoeruleus,Achiasmatic Meiosis,Heterogametic,XY,24
Animalia,Insecta,Coleoptera,Carabidae,Ocydromus,coeruleus,Animalia|Insecta|Coleoptera|Carabidae|Ocydromus|coeruleus,Achiasmatic Meiosis,Heterogametic,XY,24
Animalia,Insecta,Coleoptera,Carabidae,Ocydromus,decorus,Animalia|Insecta|Coleoptera|Carabidae|Ocydromus|decorus,Achiasmatic Meiosis,Heterogametic,XY,24
Animalia,Insecta,Coleoptera,Carabidae,Ocydromus,dudichi,Animalia|Insecta|Coleoptera|Carabidae|Ocydromus|dudichi,Achiasmatic Meiosis,Heterogametic,XY,24
Animalia,Insecta,Coleoptera,Carabidae,Ocydromus,fasciolatus,Animalia|Insecta|Coleoptera|Carabidae|Ocydromus|fasciolatus,Achiasmatic Meiosis,Heterogametic,XY,24
Animalia,Insecta,Coleoptera,Carabidae,Ocydromus,femoratus,Animalia|Insecta|Coleoptera|Carabidae|Ocydromus|femoratus,Achiasmatic Meiosis,Heterogametic,XY,24
Animalia,Insecta,Coleoptera,Carabidae,Ocydromus,hispanicus,Animalia|Insecta|Coleoptera|Carabidae|Ocydromus|hispanicus,Achiasmatic Meiosis,Heterogametic,XY,NA
Animalia,Insecta,Coleoptera,Carabidae,Ocydromus,ripicola,Animalia|Insecta|Coleoptera|Carabidae|Ocydromus|ripicola,Achiasmatic Meiosis,Heterogametic,XY,24
Animalia,Insecta,Coleoptera,Carabidae,Ocydromus,stephensi,Animalia|Insecta|Coleoptera|Carabidae|Ocydromus|stephensi,Achiasmatic Meiosis,Heterogametic,XY,24
Animalia,Insecta,Coleoptera,Carabidae,Ocydromus,tibialis,Animalia|Insecta|Coleoptera|Carabidae|Ocydromus|tibialis,Achiasmatic Meiosis,Heterogametic,XY,24
Animalia,Insecta,Coleoptera,Carabidae,Ocydromus,ustulatus,Animalia|Insecta|Coleoptera|Carabidae|Ocydromus|ustulatus,Achiasmatic Meiosis,Heterogametic,XY,24
Animalia,Insecta,Coleoptera,Carabidae,Odontium,striatum,Animalia|Insecta|Coleoptera|Carabidae|Odontium|striatum,Achiasmatic Meiosis,Heterogametic,XY,24
Animalia,Insecta,Coleoptera,Carabidae,Omoperyphus,hypocrita,Animalia|Insecta|Coleoptera|Carabidae|Omoperyphus|hypocrita,Achiasmatic Meiosis,Heterogametic,XY,24
Animalia,Insecta,Coleoptera,Carabidae,Perileptus,areolatus,Animalia|Insecta|Coleoptera|Carabidae|Perileptus|areolatus,Achiasmatic Meiosis,Heterogametic,XY,NA
Animalia,Insecta,Coleoptera,Carabidae,Philochtus,biguttatus,Animalia|Insecta|Coleoptera|Carabidae|Philochtus|biguttatus,Achiasmatic Meiosis,Heterogametic,XY,24
Animalia,Insecta,Coleoptera,Carabidae,Philochtus,guadarramense,Animalia|Insecta|Coleoptera|Carabidae|Philochtus|guadarramense,Achiasmatic Meiosis,Heterogametic,XY,24
Animalia,Insecta,Coleoptera,Carabidae,Philochtus,guttula,Animalia|Insecta|Coleoptera|Carabidae|Philochtus|guttula,Achiasmatic Meiosis,Heterogametic,XY,NA
Animalia,Insecta,Coleoptera,Carabidae,Philochtus,iricolor,Animalia|Insecta|Coleoptera|Carabidae|Philochtus|iricolor,Achiasmatic Meiosis,Heterogametic,XY,24
Animalia,Insecta,Coleoptera,Carabidae,Philochtus,vicinus,Animalia|Insecta|Coleoptera|Carabidae|Philochtus|vicinus,Achiasmatic Meiosis,Heterogametic,XY,24
Animalia,Insecta,Coleoptera,Carabidae,Pogonus,chalceus,Animalia|Insecta|Coleoptera|Carabidae|Pogonus|chalceus,Achiasmatic Meiosis,Heterogametic,XY,22
Animalia,Insecta,Coleoptera,Carabidae,Princidium,bipunctatum,Animalia|Insecta|Coleoptera|Carabidae|Princidium|bipunctatum,Achiasmatic Meiosis,Heterogametic,XY,NA
Animalia,Insecta,Coleoptera,Carabidae,Princidium,paulinoi,Animalia|Insecta|Coleoptera|Carabidae|Princidium|paulinoi,Achiasmatic Meiosis,Heterogametic,XY,24
Animalia,Insecta,Coleoptera,Carabidae,Princidium,punctulatum,Animalia|Insecta|Coleoptera|Carabidae|Princidium|punctulatum,Achiasmatic Meiosis,Heterogametic,XY,24
Animalia,Insecta,Coleoptera,Carabidae,Synechostictus,cribum,Animalia|Insecta|Coleoptera|Carabidae|Synechostictus|cribum,Achiasmatic Meiosis,Heterogametic,XY,26
Animalia,Insecta,Coleoptera,Carabidae,Synechostictus,dahli,Animalia|Insecta|Coleoptera|Carabidae|Synechostictus|dahli,Achiasmatic Meiosis,Heterogametic,XY,26
Animalia,Insecta,Coleoptera,Carabidae,Tachyura,parvula,Animalia|Insecta|Coleoptera|Carabidae|Tachyura|parvula,Achiasmatic Meiosis,Heterogametic,XY,16
Animalia,Insecta,Coleoptera,Carabidae,Testediolum,carpentanum,Animalia|Insecta|Coleoptera|Carabidae|Testediolum|carpentanum,Achiasmatic Meiosis,Heterogametic,XY,24
Animalia,Insecta,Coleoptera,Carabidae,Trechus,obtusus,Animalia|Insecta|Coleoptera|Carabidae|Trechus|obtusus,Achiasmatic Meiosis,Heterogametic,XY,24
Animalia,Insecta,Coleoptera,Carabidae,Trechus,quadristriatus,Animalia|Insecta|Coleoptera|Carabidae|Trechus|quadristriatus,Achiasmatic Meiosis,Heterogametic,XY,24
Animalia,Insecta,Coleoptera,Carabidae,Trepanes,articulatus,Animalia|Insecta|Coleoptera|Carabidae|Trepanes|articulatus,Achiasmatic Meiosis,Heterogametic,XY,24
Animalia,Insecta,Coleoptera,Carabidae,Trepanes,assimilis,Animalia|Insecta|Coleoptera|Carabidae|Trepanes|assimilis,Achiasmatic Meiosis,Heterogametic,XY,24
Animalia,Insecta,Coleoptera,Carabidae,Trepanes,doris,Animalia|Insecta|Coleoptera|Carabidae|Trepanes|doris,Achiasmatic Meiosis,Heterogametic,XY,NA
Animalia,Insecta,Coleoptera,Carabidae,Trepanes,fumigatus,Animalia|Insecta|Coleoptera|Carabidae|Trepanes|fumigatus,Achiasmatic Meiosis,Heterogametic,XY,NA
Animalia,Insecta,Coleoptera,Carabidae,Trepanes,maeulatus,Animalia|Insecta|Coleoptera|Carabidae|Trepanes|maeulatus,Achiasmatic Meiosis,Heterogametic,XY,24
Animalia,Insecta,Coleoptera,Carabidae,Trepanes,octomaculatus,Animalia|Insecta|Coleoptera|Carabidae|Trepanes|octomaculatus,Achiasmatic Meiosis,Heterogametic,XY,NA
Animalia,Insecta,Coleoptera,Cerambycidae,Acanthocinus,aedilis,Animalia|Insecta|Coleoptera|Cerambycidae|Acanthocinus|aedilis,Asynaptic Sex Chromosomes,Heterogametic,XY,22
Animalia,Insecta,Coleoptera,Cerambycidae,Acanthocinus,circumflexus,Animalia|Insecta|Coleoptera|Cerambycidae|Acanthocinus|circumflexus,Asynaptic Sex Chromosomes,Heterogametic,XY,26
Animalia,Insecta,Coleoptera,Cerambycidae,Acmaeops,proteus,Animalia|Insecta|Coleoptera|Cerambycidae|Acmaeops|proteus,Asynaptic Sex Chromosomes,Heterogametic,XY,22
Animalia,Insecta,Coleoptera,Cerambycidae,Aeloesthes,holosericea,Animalia|Insecta|Coleoptera|Cerambycidae|Aeloesthes|holosericea,Asynaptic Sex Chromosomes,Heterogametic,XY,18
Animalia,Insecta,Coleoptera,Cerambycidae,Agapanthia,dahli,Animalia|Insecta|Coleoptera|Cerambycidae|Agapanthia|dahli,Asynaptic Sex Chromosomes,Heterogametic,XY,20
Animalia,Insecta,Coleoptera,Cerambycidae,Agapanthia,villosoviridescens,Animalia|Insecta|Coleoptera|Cerambycidae|Agapanthia|villosoviridescens,Asynaptic Sex Chromosomes,Heterogametic,XY,20
Animalia,Insecta,Coleoptera,Cerambycidae,Anaesthetis,testacea,Animalia|Insecta|Coleoptera|Cerambycidae|Anaesthetis|testacea,Asynaptic Sex Chromosomes,Heterogametic,XY,22
Animalia,Insecta,Coleoptera,Cerambycidae,Anaflus,protensus,Animalia|Insecta|Coleoptera|Cerambycidae|Anaflus|protensus,Asynaptic Sex Chromosomes,Heterogametic,XY,20
Animalia,Insecta,Coleoptera,Cerambycidae,Anisarthron,barbipes,Animalia|Insecta|Coleoptera|Cerambycidae|Anisarthron|barbipes,Asynaptic Sex Chromosomes,Heterogametic,XY,20
Animalia,Insecta,Coleoptera,Cerambycidae,Anoplophora,glabripennis,Animalia|Insecta|Coleoptera|Cerambycidae|Anoplophora|glabripennis,Asynaptic Sex Chromosomes,Heterogametic,XY,20
Animalia,Insecta,Coleoptera,Cerambycidae,Anoplophora,malasiaca,Animalia|Insecta|Coleoptera|Cerambycidae|Anoplophora|malasiaca,Asynaptic Sex Chromosomes,Heterogametic,XY,30
Animalia,Insecta,Coleoptera,Cerambycidae,Apomecyna,neglecta,Animalia|Insecta|Coleoptera|Cerambycidae|Apomecyna|neglecta,Asynaptic Sex Chromosomes,Heterogametic,XY,22
Animalia,Insecta,Coleoptera,Cerambycidae,Apriona,germari,Animalia|Insecta|Coleoptera|Cerambycidae|Apriona|germari,Asynaptic Sex Chromosomes,Heterogametic,XY,20
Animalia,Insecta,Coleoptera,Cerambycidae,Asemum,striatum,Animalia|Insecta|Coleoptera|Cerambycidae|Asemum|striatum,Asynaptic Sex Chromosomes,Heterogametic,XY,20
Animalia,Insecta,Coleoptera,Cerambycidae,Batocera,lineolata,Animalia|Insecta|Coleoptera|Cerambycidae|Batocera|lineolata,Asynaptic Sex Chromosomes,Heterogametic,XY,20
Animalia,Insecta,Coleoptera,Cerambycidae,Batocera,rubus,Animalia|Insecta|Coleoptera|Cerambycidae|Batocera|rubus,Asynaptic Sex Chromosomes,Heterogametic,XY,20
Animalia,Insecta,Coleoptera,Cerambycidae,Callipogon,armillatus,Animalia|Insecta|Coleoptera|Cerambycidae|Callipogon|armillatus,Asynaptic Sex Chromosomes,Heterogametic,XY,26
Animalia,Insecta,Coleoptera,Cerambycidae,Cerambyx,scopolii,Animalia|Insecta|Coleoptera|Cerambycidae|Cerambyx|scopolii,Asynaptic Sex Chromosomes,Heterogametic,XY,20
Animalia,Insecta,Coleoptera,Cerambycidae,Chlorophorus,annularis,Animalia|Insecta|Coleoptera|Cerambycidae|Chlorophorus|annularis,Asynaptic Sex Chromosomes,Heterogametic,XY,20
Animalia,Insecta,Coleoptera,Cerambycidae,Chlorophorus,figuratus,Animalia|Insecta|Coleoptera|Cerambycidae|Chlorophorus|figuratus,Asynaptic Sex Chromosomes,Heterogametic,XY,20
Animalia,Insecta,Coleoptera,Cerambycidae,Clytus,arietis,Animalia|Insecta|Coleoptera|Cerambycidae|Clytus|arietis,Asynaptic Sex Chromosomes,Heterogametic,XY,20
Animalia,Insecta,Coleoptera,Cerambycidae,Clytus,lama,Animalia|Insecta|Coleoptera|Cerambycidae|Clytus|lama,Asynaptic Sex Chromosomes,Heterogametic,XY,20
Animalia,Insecta,Coleoptera,Cerambycidae,Compsa,textilis,Animalia|Insecta|Coleoptera|Cerambycidae|Compsa|textilis,Asynaptic Sex Chromosomes,Heterogametic,XY,20
Animalia,Insecta,Coleoptera,Cerambycidae,Compsocerus,equestris,Animalia|Insecta|Coleoptera|Cerambycidae|Compsocerus|equestris,Asynaptic Sex Chromosomes,Heterogametic,XY,32
Animalia,Insecta,Coleoptera,Cerambycidae,Criocephalus,rusticus,Animalia|Insecta|Coleoptera|Cerambycidae|Criocephalus|rusticus,Asynaptic Sex Chromosomes,Heterogametic,XY,20
Animalia,Insecta,Coleoptera,Cerambycidae,Derancistrus,thomae,Animalia|Insecta|Coleoptera|Cerambycidae|Derancistrus|thomae,Asynaptic Sex Chromosomes,Heterogametic,XY,28
Animalia,Insecta,Coleoptera,Cerambycidae,Dorcadion,atolicum,Animalia|Insecta|Coleoptera|Cerambycidae|Dorcadion|atolicum,Asynaptic Sex Chromosomes,Heterogametic,XY,24
Animalia,Insecta,Coleoptera,Cerambycidae,Eburia,8-maculata,Animalia|Insecta|Coleoptera|Cerambycidae|Eburia|8-maculata,Asynaptic Sex Chromosomes,Heterogametic,XY,20
Animalia,Insecta,Coleoptera,Cerambycidae,Elaphidion,prob.,Animalia|Insecta|Coleoptera|Cerambycidae|Elaphidion|prob.,Asynaptic Sex Chromosomes,Heterogametic,XY,18
Animalia,Insecta,Coleoptera,Cerambycidae,Elaphidion,villosum,Animalia|Insecta|Coleoptera|Cerambycidae|Elaphidion|villosum,Asynaptic Sex Chromosomes,Heterogametic,XY,18
Animalia,Insecta,Coleoptera,Cerambycidae,Epiglenea,comes,Animalia|Insecta|Coleoptera|Cerambycidae|Epiglenea|comes,Asynaptic Sex Chromosomes,Heterogametic,XY,20
Animalia,Insecta,Coleoptera,Cerambycidae,Eutrapha,16-punctata,Animalia|Insecta|Coleoptera|Cerambycidae|Eutrapha|16-punctata,Asynaptic Sex Chromosomes,Heterogametic,XY,20
Animalia,Insecta,Coleoptera,Cerambycidae,Exocentrus,adspersus,Animalia|Insecta|Coleoptera|Cerambycidae|Exocentrus|adspersus,Asynaptic Sex Chromosomes,Heterogametic,XY,26
Animalia,Insecta,Coleoptera,Cerambycidae,Exocentrus,lusitanus,Animalia|Insecta|Coleoptera|Cerambycidae|Exocentrus|lusitanus,Asynaptic Sex Chromosomes,Heterogametic,XY,22
Animalia,Insecta,Coleoptera,Cerambycidae,Exocentrus,punctipennis,Animalia|Insecta|Coleoptera|Cerambycidae|Exocentrus|punctipennis,Asynaptic Sex Chromosomes,Heterogametic,XY,22
Animalia,Insecta,Coleoptera,Cerambycidae,Glenea,spilota,Animalia|Insecta|Coleoptera|Cerambycidae|Glenea|spilota,Asynaptic Sex Chromosomes,Heterogametic,XY,20
Animalia,Insecta,Coleoptera,Cerambycidae,Gonocallus,collaris,Animalia|Insecta|Coleoptera|Cerambycidae|Gonocallus|collaris,Asynaptic Sex Chromosomes,Heterogametic,XY,14
Animalia,Insecta,Coleoptera,Cerambycidae,Graphisurus,obsoletus,Animalia|Insecta|Coleoptera|Cerambycidae|Graphisurus|obsoletus,Asynaptic Sex Chromosomes,Heterogametic,XY,20
Animalia,Insecta,Coleoptera,Cerambycidae,Lagochirus,araeiformis,Animalia|Insecta|Coleoptera|Cerambycidae|Lagochirus|araeiformis,Asynaptic Sex Chromosomes,Heterogametic,XY,24
Animalia,Insecta,Coleoptera,Cerambycidae,Leptostylus,sp.,Animalia|Insecta|Coleoptera|Cerambycidae|Leptostylus|sp.,Asynaptic Sex Chromosomes,Heterogametic,XY,20
Animalia,Insecta,Coleoptera,Cerambycidae,Liopus,nebulosus,Animalia|Insecta|Coleoptera|Cerambycidae|Liopus|nebulosus,Asynaptic Sex Chromosomes,Heterogametic,XY,22
Animalia,Insecta,Coleoptera,Cerambycidae,Mesosa,nebulosa,Animalia|Insecta|Coleoptera|Cerambycidae|Mesosa|nebulosa,Asynaptic Sex Chromosomes,Heterogametic,XY,20
Animalia,Insecta,Coleoptera,Cerambycidae,Mesosa,senilis,Animalia|Insecta|Coleoptera|Cerambycidae|Mesosa|senilis,Asynaptic Sex Chromosomes,Heterogametic,XY,20
Animalia,Insecta,Coleoptera,Cerambycidae,Molorchus,umbellatarum,Animalia|Insecta|Coleoptera|Cerambycidae|Molorchus|umbellatarum,Asynaptic Sex Chromosomes,Heterogametic,XY,20
Animalia,Insecta,Coleoptera,Cerambycidae,Monochamus,alternatus,Animalia|Insecta|Coleoptera|Cerambycidae|Monochamus|alternatus,Asynaptic Sex Chromosomes,Heterogametic,XY,20
Animalia,Insecta,Coleoptera,Cerambycidae,Monochamus,galloprovinciallis,Animalia|Insecta|Coleoptera|Cerambycidae|Monochamus|galloprovinciallis,Asynaptic Sex Chromosomes,Heterogametic,XY,22
Animalia,Insecta,Coleoptera,Cerambycidae,Monochamus,latus,Animalia|Insecta|Coleoptera|Cerambycidae|Monochamus|latus,Asynaptic Sex Chromosomes,Heterogametic,NA,20
Animalia,Insecta,Coleoptera,Cerambycidae,Monochamus,marmorator,Animalia|Insecta|Coleoptera|Cerambycidae|Monochamus|marmorator,Asynaptic Sex Chromosomes,Heterogametic,XY,20
Animalia,Insecta,Coleoptera,Cerambycidae,Monochamus,notatus,Animalia|Insecta|Coleoptera|Cerambycidae|Monochamus|notatus,Asynaptic Sex Chromosomes,Heterogametic,XY,20
Animalia,Insecta,Coleoptera,Cerambycidae,Monochamus,oregonensis,Animalia|Insecta|Coleoptera|Cerambycidae|Monochamus|oregonensis,Asynaptic Sex Chromosomes,Heterogametic,XY,20
Animalia,Insecta,Coleoptera,Cerambycidae,Monochamus,saltuarius,Animalia|Insecta|Coleoptera|Cerambycidae|Monochamus|saltuarius,Asynaptic Sex Chromosomes,Heterogametic,XY,20
Animalia,Insecta,Coleoptera,Cerambycidae,Monochamus,sartor,Animalia|Insecta|Coleoptera|Cerambycidae|Monochamus|sartor,Asynaptic Sex Chromosomes,Heterogametic,XY,24
Animalia,Insecta,Coleoptera,Cerambycidae,Monochamus,scutellatus,Animalia|Insecta|Coleoptera|Cerambycidae|Monochamus|scutellatus,Asynaptic Sex Chromosomes,Heterogametic,XY,20
Animalia,Insecta,Coleoptera,Cerambycidae,Monochamus,sutor,Animalia|Insecta|Coleoptera|Cerambycidae|Monochamus|sutor,Asynaptic Sex Chromosomes,Heterogametic,XY,20
Animalia,Insecta,Coleoptera,Cerambycidae,Morimus,orientalis,Animalia|Insecta|Coleoptera|Cerambycidae|Morimus|orientalis,Asynaptic Sex Chromosomes,Heterogametic,XY,24
Animalia,Insecta,Coleoptera,Cerambycidae,Nusphera,madurensis,Animalia|Insecta|Coleoptera|Cerambycidae|Nusphera|madurensis,Asynaptic Sex Chromosomes,Heterogametic,XY,22
Animalia,Insecta,Coleoptera,Cerambycidae,Oberea,affinis,Animalia|Insecta|Coleoptera|Cerambycidae|Oberea|affinis,Asynaptic Sex Chromosomes,Heterogametic,XY,20
Animalia,Insecta,Coleoptera,Cerambycidae,Oberea,mandari,Animalia|Insecta|Coleoptera|Cerambycidae|Oberea|mandari,Asynaptic Sex Chromosomes,Heterogametic,XY,20
Animalia,Insecta,Coleoptera,Cerambycidae,Oberea,oculata,Animalia|Insecta|Coleoptera|Cerambycidae|Oberea|oculata,Asynaptic Sex Chromosomes,Heterogametic,XY,20
Animalia,Insecta,Coleoptera,Cerambycidae,Oberea,sp.,Animalia|Insecta|Coleoptera|Cerambycidae|Oberea|sp.,Asynaptic Sex Chromosomes,Heterogametic,XY,20
Animalia,Insecta,Coleoptera,Cerambycidae,Oberea,tripunctata,Animalia|Insecta|Coleoptera|Cerambycidae|Oberea|tripunctata,Asynaptic Sex Chromosomes,Heterogametic,XY,20
Animalia,Insecta,Coleoptera,Cerambycidae,Olenecamptus,cretaceusmargitus,Animalia|Insecta|Coleoptera|Cerambycidae|Olenecamptus|cretaceusmargitus,Asynaptic Sex Chromosomes,Heterogametic,XY,20
Animalia,Insecta,Coleoptera,Cerambycidae,Olenecamptus,octopustulatus,Animalia|Insecta|Coleoptera|Cerambycidae|Olenecamptus|octopustulatus,Asynaptic Sex Chromosomes,Heterogametic,XY,20
Animalia,Insecta,Coleoptera,Cerambycidae,Olenocamptus,bilobus,Animalia|Insecta|Coleoptera|Cerambycidae|Olenocamptus|bilobus,Asynaptic Sex Chromosomes,Heterogametic,XY,18
Animalia,Insecta,Coleoptera,Cerambycidae,Olenocamptus,sp.,Animalia|Insecta|Coleoptera|Cerambycidae|Olenocamptus|sp.,Asynaptic Sex Chromosomes,Heterogametic,XY,18
Animalia,Insecta,Coleoptera,Cerambycidae,Phaea,sp.,Animalia|Insecta|Coleoptera|Cerambycidae|Phaea|sp.,Asynaptic Sex Chromosomes,Heterogametic,XY,20
Animalia,Insecta,Coleoptera,Cerambycidae,Phymatodes,maaki,Animalia|Insecta|Coleoptera|Cerambycidae|Phymatodes|maaki,Asynaptic Sex Chromosomes,Heterogametic,XY,20
Animalia,Insecta,Coleoptera,Cerambycidae,Phytoecia,coerulescens,Animalia|Insecta|Coleoptera|Cerambycidae|Phytoecia|coerulescens,Asynaptic Sex Chromosomes,Heterogametic,XY,20
Animalia,Insecta,Coleoptera,Cerambycidae,Phytoecia,nigricornis,Animalia|Insecta|Coleoptera|Cerambycidae|Phytoecia|nigricornis,Asynaptic Sex Chromosomes,Heterogametic,XY,20
Animalia,Insecta,Coleoptera,Cerambycidae,Plagionotus,arcuatus,Animalia|Insecta|Coleoptera|Cerambycidae|Plagionotus|arcuatus,Asynaptic Sex Chromosomes,Heterogametic,XY,20
Animalia,Insecta,Coleoptera,Cerambycidae,Pogonocherus,hispidulus,Animalia|Insecta|Coleoptera|Cerambycidae|Pogonocherus|hispidulus,Asynaptic Sex Chromosomes,Heterogametic,XY,20
Animalia,Insecta,Coleoptera,Cerambycidae,Pogonocherus,hispidus,Animalia|Insecta|Coleoptera|Cerambycidae|Pogonocherus|hispidus,Asynaptic Sex Chromosomes,Heterogametic,XY,20
Animalia,Insecta,Coleoptera,Cerambycidae,Pogonocherus,penicellatus,Animalia|Insecta|Coleoptera|Cerambycidae|Pogonocherus|penicellatus,Asynaptic Sex Chromosomes,Heterogametic,XY,20
Animalia,Insecta,Coleoptera,Cerambycidae,Psenocerus,supernotatus,Animalia|Insecta|Coleoptera|Cerambycidae|Psenocerus|supernotatus,Asynaptic Sex Chromosomes,Heterogametic,XY,20
Animalia,Insecta,Coleoptera,Cerambycidae,Pterolophia,caudata,Animalia|Insecta|Coleoptera|Cerambycidae|Pterolophia|caudata,Asynaptic Sex Chromosomes,Heterogametic,XY,20
Animalia,Insecta,Coleoptera,Cerambycidae,Purpuricenus,indus,Animalia|Insecta|Coleoptera|Cerambycidae|Purpuricenus|indus,Asynaptic Sex Chromosomes,Heterogametic,XY,28
Animalia,Insecta,Coleoptera,Cerambycidae,Rhagium,bifasciatum,Animalia|Insecta|Coleoptera|Cerambycidae|Rhagium|bifasciatum,Asynaptic Sex Chromosomes,Heterogametic,XY,20
Animalia,Insecta,Coleoptera,Cerambycidae,Rhagium,inquiSitonar,Animalia|Insecta|Coleoptera|Cerambycidae|Rhagium|inquiSitonar,Asynaptic Sex Chromosomes,Heterogametic,XY,20
Animalia,Insecta,Coleoptera,Cerambycidae,Saperda,calcarata,Animalia|Insecta|Coleoptera|Cerambycidae|Saperda|calcarata,Asynaptic Sex Chromosomes,Heterogametic,XY,20
Animalia,Insecta,Coleoptera,Cerambycidae,Saperda,moesta,Animalia|Insecta|Coleoptera|Cerambycidae|Saperda|moesta,Asynaptic Sex Chromosomes,Heterogametic,XY,20
Animalia,Insecta,Coleoptera,Cerambycidae,Saperda,perforata,Animalia|Insecta|Coleoptera|Cerambycidae|Saperda|perforata,Asynaptic Sex Chromosomes,Heterogametic,XY,20
Animalia,Insecta,Coleoptera,Cerambycidae,Saperda,populnea,Animalia|Insecta|Coleoptera|Cerambycidae|Saperda|populnea,Asynaptic Sex Chromosomes,Heterogametic,XY,20
Animalia,Insecta,Coleoptera,Cerambycidae,Saperda,scalaris,Animalia|Insecta|Coleoptera|Cerambycidae|Saperda|scalaris,Asynaptic Sex Chromosomes,Heterogametic,XY,20
Animalia,Insecta,Coleoptera,Cerambycidae,Saphanus,piceus,Animalia|Insecta|Coleoptera|Cerambycidae|Saphanus|piceus,Asynaptic Sex Chromosomes,Heterogametic,XY,20
Animalia,Insecta,Coleoptera,Cerambycidae,Solenoptera,caliculata,Animalia|Insecta|Coleoptera|Cerambycidae|Solenoptera|caliculata,Asynaptic Sex Chromosomes,Heterogametic,XY,26
Animalia,Insecta,Coleoptera,Cerambycidae,Solenoptera,maxillosum,Animalia|Insecta|Coleoptera|Cerambycidae|Solenoptera|maxillosum,Asynaptic Sex Chromosomes,Heterogametic,XY,26
Animalia,Insecta,Coleoptera,Cerambycidae,Solenoptera,quadrilineata,Animalia|Insecta|Coleoptera|Cerambycidae|Solenoptera|quadrilineata,Asynaptic Sex Chromosomes,Heterogametic,XY,26
Animalia,Insecta,Coleoptera,Cerambycidae,Solenoptera,touroulti,Animalia|Insecta|Coleoptera|Cerambycidae|Solenoptera|touroulti,Asynaptic Sex Chromosomes,Heterogametic,XY,26
Animalia,Insecta,Coleoptera,Cerambycidae,Spondylis,buprestoides,Animalia|Insecta|Coleoptera|Cerambycidae|Spondylis|buprestoides,Asynaptic Sex Chromosomes,Heterogametic,XY,30
Animalia,Insecta,Coleoptera,Cerambycidae,Steirastoma,brevis,Animalia|Insecta|Coleoptera|Cerambycidae|Steirastoma|brevis,Asynaptic Sex Chromosomes,Heterogametic,XY,28
Animalia,Insecta,Coleoptera,Cerambycidae,Stenodontes,spinibaris,Animalia|Insecta|Coleoptera|Cerambycidae|Stenodontes|spinibaris,Asynaptic Sex Chromosomes,Heterogametic,XY,26
Animalia,Insecta,Coleoptera,Cerambycidae,Stenostola,ferrea,Animalia|Insecta|Coleoptera|Cerambycidae|Stenostola|ferrea,Asynaptic Sex Chromosomes,Heterogametic,XY,20
Animalia,Insecta,Coleoptera,Cerambycidae,Stenygra,histrio,Animalia|Insecta|Coleoptera|Cerambycidae|Stenygra|histrio,Asynaptic Sex Chromosomes,Heterogametic,XY,20
Animalia,Insecta,Coleoptera,Cerambycidae,Tetraopes,tetropthamus,Animalia|Insecta|Coleoptera|Cerambycidae|Tetraopes|tetropthamus,Asynaptic Sex Chromosomes,Heterogametic,XY,20
Animalia,Insecta,Coleoptera,Cerambycidae,Tetropium,castaneum,Animalia|Insecta|Coleoptera|Cerambycidae|Tetropium|castaneum,Asynaptic Sex Chromosomes,Heterogametic,XY,20
Animalia,Insecta,Coleoptera,Cerambycidae,Tetropium,fuscum,Animalia|Insecta|Coleoptera|Cerambycidae|Tetropium|fuscum,Asynaptic Sex Chromosomes,Heterogametic,XY,22
Animalia,Insecta,Coleoptera,Cerambycidae,Tetropium,gabrieli,Animalia|Insecta|Coleoptera|Cerambycidae|Tetropium|gabrieli,Asynaptic Sex Chromosomes,Heterogametic,XY,24
Animalia,Insecta,Coleoptera,Cerambycidae,Tetrops,praeusta,Animalia|Insecta|Coleoptera|Cerambycidae|Tetrops|praeusta,Asynaptic Sex Chromosomes,Heterogametic,XY,20
Animalia,Insecta,Coleoptera,Cerambycidae,Trachyderes,striatus,Animalia|Insecta|Coleoptera|Cerambycidae|Trachyderes|striatus,Asynaptic Sex Chromosomes,Heterogametic,XY,22
Animalia,Insecta,Coleoptera,Cerambycidae,Trachyderes,thoracicus,Animalia|Insecta|Coleoptera|Cerambycidae|Trachyderes|thoracicus,Asynaptic Sex Chromosomes,Heterogametic,XY,32
Animalia,Insecta,Coleoptera,Cerambycidae,Trichophorus,interrogationes,Animalia|Insecta|Coleoptera|Cerambycidae|Trichophorus|interrogationes,Asynaptic Sex Chromosomes,Heterogametic,XY,20
Animalia,Insecta,Coleoptera,Cerambycidae,Vesperus,xatari,Animalia|Insecta|Coleoptera|Cerambycidae|Vesperus|xatari,Asynaptic Sex Chromosomes,Heterogametic,NA,52
Animalia,Insecta,Coleoptera,Cerambycidae,Xylotrechus,smei,Animalia|Insecta|Coleoptera|Cerambycidae|Xylotrechus|smei,Asynaptic Sex Chromosomes,Heterogametic,XY,20
Animalia,Insecta,Coleoptera,Chrysomelidae,Agathomerus,sellatus,Animalia|Insecta|Coleoptera|Chrysomelidae|Agathomerus|sellatus,Asynaptic Sex Chromosomes,Heterogametic,XY,20
Animalia,Insecta,Coleoptera,Chrysomelidae,Agathomerus,subfasciatus,Animalia|Insecta|Coleoptera|Chrysomelidae|Agathomerus|subfasciatus,Asynaptic Sex Chromosomes,Heterogametic,XY,20
Animalia,Insecta,Coleoptera,Chrysomelidae,Agathomerus,testaceus,Animalia|Insecta|Coleoptera|Chrysomelidae|Agathomerus|testaceus,Asynaptic Sex Chromosomes,Heterogametic,XY,20
Animalia,Insecta,Coleoptera,Chrysomelidae,Agelastica,coerulea,Animalia|Insecta|Coleoptera|Chrysomelidae|Agelastica|coerulea,Asynaptic Sex Chromosomes,Heterogametic,XY,24
Animalia,Insecta,Coleoptera,Chrysomelidae,Agroiconota,inedita,Animalia|Insecta|Coleoptera|Chrysomelidae|Agroiconota|inedita,Asynaptic Sex Chromosomes,Heterogametic,XY,40
Animalia,Insecta,Coleoptera,Chrysomelidae,Agroiconota,propinqua,Animalia|Insecta|Coleoptera|Chrysomelidae|Agroiconota|propinqua,Asynaptic Sex Chromosomes,Heterogametic,XY,38
Animalia,Insecta,Coleoptera,Chrysomelidae,Alagoasa,acutangula,Animalia|Insecta|Coleoptera|Chrysomelidae|Alagoasa|acutangula,Asynaptic Sex Chromosomes,Heterogametic,XY,22
Animalia,Insecta,Coleoptera,Chrysomelidae,Alagoasa,apicata,Animalia|Insecta|Coleoptera|Chrysomelidae|Alagoasa|apicata,Asynaptic Sex Chromosomes,Heterogametic,XY,22
Animalia,Insecta,Coleoptera,Chrysomelidae,Alagoasa,arcifera,Animalia|Insecta|Coleoptera|Chrysomelidae|Alagoasa|arcifera,Asynaptic Sex Chromosomes,Heterogametic,XY,16
Animalia,Insecta,Coleoptera,Chrysomelidae,Alagoasa,bicolor,Animalia|Insecta|Coleoptera|Chrysomelidae|Alagoasa|bicolor,Asynaptic Sex Chromosomes,Heterogametic,XY,22
Animalia,Insecta,Coleoptera,Chrysomelidae,Alagoasa,bipunctata,Animalia|Insecta|Coleoptera|Chrysomelidae|Alagoasa|bipunctata,Asynaptic Sex Chromosomes,Heterogametic,XY,22
Animalia,Insecta,Coleoptera,Chrysomelidae,Alagoasa,burmeisteri,Animalia|Insecta|Coleoptera|Chrysomelidae|Alagoasa|burmeisteri,Asynaptic Sex Chromosomes,Heterogametic,XY,22
Animalia,Insecta,Coleoptera,Chrysomelidae,Alagoasa,ceracollis,Animalia|Insecta|Coleoptera|Chrysomelidae|Alagoasa|ceracollis,Asynaptic Sex Chromosomes,Heterogametic,XY,22
Animalia,Insecta,Coleoptera,Chrysomelidae,Alagoasa,decemguttata,Animalia|Insecta|Coleoptera|Chrysomelidae|Alagoasa|decemguttata,Asynaptic Sex Chromosomes,Heterogametic,XY,22
Animalia,Insecta,Coleoptera,Chrysomelidae,Alagoasa,dipus,Animalia|Insecta|Coleoptera|Chrysomelidae|Alagoasa|dipus,Asynaptic Sex Chromosomes,Heterogametic,XY,22
Animalia,Insecta,Coleoptera,Chrysomelidae,Alagoasa,dissepta,Animalia|Insecta|Coleoptera|Chrysomelidae|Alagoasa|dissepta,Asynaptic Sex Chromosomes,Heterogametic,XY,22
Animalia,Insecta,Coleoptera,Chrysomelidae,Alagoasa,equestris,Animalia|Insecta|Coleoptera|Chrysomelidae|Alagoasa|equestris,Asynaptic Sex Chromosomes,Heterogametic,XY,12
Animalia,Insecta,Coleoptera,Chrysomelidae,Alagoasa,extrema,Animalia|Insecta|Coleoptera|Chrysomelidae|Alagoasa|extrema,Asynaptic Sex Chromosomes,Heterogametic,XY,22
Animalia,Insecta,Coleoptera,Chrysomelidae,Alagoasa,fasciaticollis,Animalia|Insecta|Coleoptera|Chrysomelidae|Alagoasa|fasciaticollis,Asynaptic Sex Chromosomes,Heterogametic,XY,22
Animalia,Insecta,Coleoptera,Chrysomelidae,Alagoasa,illustris,Animalia|Insecta|Coleoptera|Chrysomelidae|Alagoasa|illustris,Asynaptic Sex Chromosomes,Heterogametic,XY,22
Animalia,Insecta,Coleoptera,Chrysomelidae,Alagoasa,januaria,Animalia|Insecta|Coleoptera|Chrysomelidae|Alagoasa|januaria,Asynaptic Sex Chromosomes,Heterogametic,XY,22
Animalia,Insecta,Coleoptera,Chrysomelidae,Alagoasa,jufi,Animalia|Insecta|Coleoptera|Chrysomelidae|Alagoasa|jufi,Asynaptic Sex Chromosomes,Heterogametic,XY,22
Animalia,Insecta,Coleoptera,Chrysomelidae,Alagoasa,libenti,Animalia|Insecta|Coleoptera|Chrysomelidae|Alagoasa|libenti,Asynaptic Sex Chromosomes,Heterogametic,XY,22
Animalia,Insecta,Coleoptera,Chrysomelidae,Alagoasa,mella,Animalia|Insecta|Coleoptera|Chrysomelidae|Alagoasa|mella,Asynaptic Sex Chromosomes,Heterogametic,XY,22
Animalia,Insecta,Coleoptera,Chrysomelidae,Alagoasa,posticalis,Animalia|Insecta|Coleoptera|Chrysomelidae|Alagoasa|posticalis,Asynaptic Sex Chromosomes,Heterogametic,XY,22
Animalia,Insecta,Coleoptera,Chrysomelidae,Alagoasa,rotundicollis,Animalia|Insecta|Coleoptera|Chrysomelidae|Alagoasa|rotundicollis,Asynaptic Sex Chromosomes,Heterogametic,XY,22
Animalia,Insecta,Coleoptera,Chrysomelidae,Alagoasa,sp.,Animalia|Insecta|Coleoptera|Chrysomelidae|Alagoasa|sp.,Asynaptic Sex Chromosomes,Heterogametic,XY,22
Animalia,Insecta,Coleoptera,Chrysomelidae,Alagoasa,trifasciata,Animalia|Insecta|Coleoptera|Chrysomelidae|Alagoasa|trifasciata,Asynaptic Sex Chromosomes,Heterogametic,XY,22
Animalia,Insecta,Coleoptera,Chrysomelidae,Alagosa,trifasciata vulgatissima,Animalia|Insecta|Coleoptera|Chrysomelidae|Alagosa|trifasciata vulgatissima,Achiasmatic Meiosis,Heterogametic,NA,NA
Animalia,Insecta,Coleoptera,Chrysomelidae,Altica,aenea,Animalia|Insecta|Coleoptera|Chrysomelidae|Altica|aenea,Asynaptic Sex Chromosomes,Heterogametic,XY,24
Animalia,Insecta,Coleoptera,Chrysomelidae,Altica,ambiens,Animalia|Insecta|Coleoptera|Chrysomelidae|Altica|ambiens,Asynaptic Sex Chromosomes,Heterogametic,XY,24
Animalia,Insecta,Coleoptera,Chrysomelidae,Altica,amethysti,Animalia|Insecta|Coleoptera|Chrysomelidae|Altica|amethysti,Asynaptic Sex Chromosomes,Heterogametic,XY,24
Animalia,Insecta,Coleoptera,Chrysomelidae,Altica,ampelophaga,Animalia|Insecta|Coleoptera|Chrysomelidae|Altica|ampelophaga,Asynaptic Sex Chromosomes,Heterogametic,XY,24
Animalia,Insecta,Coleoptera,Chrysomelidae,Altica,brevicollis,Animalia|Insecta|Coleoptera|Chrysomelidae|Altica|brevicollis,Asynaptic Sex Chromosomes,Heterogametic,XY,24
Animalia,Insecta,Coleoptera,Chrysomelidae,Altica,carduorum,Animalia|Insecta|Coleoptera|Chrysomelidae|Altica|carduorum,Asynaptic Sex Chromosomes,Heterogametic,XY,24
Animalia,Insecta,Coleoptera,Chrysomelidae,Altica,carita,Animalia|Insecta|Coleoptera|Chrysomelidae|Altica|carita,Asynaptic Sex Chromosomes,Heterogametic,XY,24
Animalia,Insecta,Coleoptera,Chrysomelidae,Altica,chalybea,Animalia|Insecta|Coleoptera|Chrysomelidae|Altica|chalybea,Asynaptic Sex Chromosomes,Heterogametic,XY,22
Animalia,Insecta,Coleoptera,Chrysomelidae,Altica,coerulea,Animalia|Insecta|Coleoptera|Chrysomelidae|Altica|coerulea,Asynaptic Sex Chromosomes,Heterogametic,XY,22
Animalia,Insecta,Coleoptera,Chrysomelidae,Altica,coerulescens,Animalia|Insecta|Coleoptera|Chrysomelidae|Altica|coerulescens,Asynaptic Sex Chromosomes,Heterogametic,XY,24
Animalia,Insecta,Coleoptera,Chrysomelidae,Altica,corni,Animalia|Insecta|Coleoptera|Chrysomelidae|Altica|corni,Asynaptic Sex Chromosomes,Heterogametic,XY,24
Animalia,Insecta,Coleoptera,Chrysomelidae,Altica,lythri,Animalia|Insecta|Coleoptera|Chrysomelidae|Altica|lythri,Asynaptic Sex Chromosomes,Heterogametic,XY,24
Animalia,Insecta,Coleoptera,Chrysomelidae,Altica,oleeracea,Animalia|Insecta|Coleoptera|Chrysomelidae|Altica|oleeracea,Asynaptic Sex Chromosomes,Heterogametic,XY,24
Animalia,Insecta,Coleoptera,Chrysomelidae,Altica,populi,Animalia|Insecta|Coleoptera|Chrysomelidae|Altica|populi,Asynaptic Sex Chromosomes,Heterogametic,XY,24
Animalia,Insecta,Coleoptera,Chrysomelidae,Altica,rosae,Animalia|Insecta|Coleoptera|Chrysomelidae|Altica|rosae,Asynaptic Sex Chromosomes,Heterogametic,XY,24
Animalia,Insecta,Coleoptera,Chrysomelidae,Altica,sp.,Animalia|Insecta|Coleoptera|Chrysomelidae|Altica|sp.,Asynaptic Sex Chromosomes,Heterogametic,NA,22
Animalia,Insecta,Coleoptera,Chrysomelidae,Altica,subplicata,Animalia|Insecta|Coleoptera|Chrysomelidae|Altica|subplicata,Asynaptic Sex Chromosomes,Heterogametic,XY,24
Animalia,Insecta,Coleoptera,Chrysomelidae,Altica,tamaricis,Animalia|Insecta|Coleoptera|Chrysomelidae|Altica|tamaricis,Asynaptic Sex Chromosomes,Heterogametic,XY,24
Animalia,Insecta,Coleoptera,Chrysomelidae,Altica,tincta?,Animalia|Insecta|Coleoptera|Chrysomelidae|Altica|tincta?,Asynaptic Sex Chromosomes,Heterogametic,XY,24
Animalia,Insecta,Coleoptera,Chrysomelidae,Altica,ulmi,Animalia|Insecta|Coleoptera|Chrysomelidae|Altica|ulmi,Asynaptic Sex Chromosomes,Heterogametic,XY,24
Animalia,Insecta,Coleoptera,Chrysomelidae,Ambrostoma,superbum,Animalia|Insecta|Coleoptera|Chrysomelidae|Ambrostoma|superbum,Asynaptic Sex Chromosomes,Heterogametic,XY,40
Animalia,Insecta,Coleoptera,Chrysomelidae,Aphthona,lamprocyanea,Animalia|Insecta|Coleoptera|Chrysomelidae|Aphthona|lamprocyanea,Asynaptic Sex Chromosomes,Heterogametic,XY,24
Animalia,Insecta,Coleoptera,Chrysomelidae,Apophylia,sericea,Animalia|Insecta|Coleoptera|Chrysomelidae|Apophylia|sericea,Asynaptic Sex Chromosomes,Heterogametic,XY,30
Animalia,Insecta,Coleoptera,Chrysomelidae,Araucanomela,wellingtonensis,Animalia|Insecta|Coleoptera|Chrysomelidae|Araucanomela|wellingtonensis,Asynaptic Sex Chromosomes,Heterogametic,XY,28
Animalia,Insecta,Coleoptera,Chrysomelidae,Asphaera,abdomilis,Animalia|Insecta|Coleoptera|Chrysomelidae|Asphaera|abdomilis,Asynaptic Sex Chromosomes,Heterogametic,XY,22
Animalia,Insecta,Coleoptera,Chrysomelidae,Asphaera,meticulosa,Animalia|Insecta|Coleoptera|Chrysomelidae|Asphaera|meticulosa,Asynaptic Sex Chromosomes,Heterogametic,XY,22
Animalia,Insecta,Coleoptera,Chrysomelidae,Asphaera,octopunctata,Animalia|Insecta|Coleoptera|Chrysomelidae|Asphaera|octopunctata,Asynaptic Sex Chromosomes,Heterogametic,XY,18
Animalia,Insecta,Coleoptera,Chrysomelidae,Asphaera,pauperata,Animalia|Insecta|Coleoptera|Chrysomelidae|Asphaera|pauperata,Asynaptic Sex Chromosomes,Heterogametic,XY,18
Animalia,Insecta,Coleoptera,Chrysomelidae,Asphaera,unicolor,Animalia|Insecta|Coleoptera|Chrysomelidae|Asphaera|unicolor,Asynaptic Sex Chromosomes,Heterogametic,XY,22
Animalia,Insecta,Coleoptera,Chrysomelidae,Aspidimorpha,difformis,Animalia|Insecta|Coleoptera|Chrysomelidae|Aspidimorpha|difformis,Asynaptic Sex Chromosomes,Heterogametic,XY,18
Animalia,Insecta,Coleoptera,Chrysomelidae,Aspidimorpha,dorsata,Animalia|Insecta|Coleoptera|Chrysomelidae|Aspidimorpha|dorsata,Asynaptic Sex Chromosomes,Heterogametic,XY,16
Animalia,Insecta,Coleoptera,Chrysomelidae,Aspidimorpha,furcata,Animalia|Insecta|Coleoptera|Chrysomelidae|Aspidimorpha|furcata,Asynaptic Sex Chromosomes,Heterogametic,XY,18
Animalia,Insecta,Coleoptera,Chrysomelidae,Aspidimorpha,indica,Animalia|Insecta|Coleoptera|Chrysomelidae|Aspidimorpha|indica,Asynaptic Sex Chromosomes,Heterogametic,XY,18
Animalia,Insecta,Coleoptera,Chrysomelidae,Aspidimorpha,miliaris,Animalia|Insecta|Coleoptera|Chrysomelidae|Aspidimorpha|miliaris,Asynaptic Sex Chromosomes,Heterogametic,XY,18
Animalia,Insecta,Coleoptera,Chrysomelidae,Aulacophora,fovecollis,Animalia|Insecta|Coleoptera|Chrysomelidae|Aulacophora|fovecollis,Asynaptic Sex Chromosomes,Heterogametic,XY,30
Animalia,Insecta,Coleoptera,Chrysomelidae,Baliosus,californicus,Animalia|Insecta|Coleoptera|Chrysomelidae|Baliosus|californicus,Asynaptic Sex Chromosomes,Heterogametic,XY,18
Animalia,Insecta,Coleoptera,Chrysomelidae,Basilepta,balyi,Animalia|Insecta|Coleoptera|Chrysomelidae|Basilepta|balyi,Asynaptic Sex Chromosomes,Heterogametic,XY,28
Animalia,Insecta,Coleoptera,Chrysomelidae,Basilepta,fuvipes,Animalia|Insecta|Coleoptera|Chrysomelidae|Basilepta|fuvipes,Asynaptic Sex Chromosomes,Heterogametic,XY,28
Animalia,Insecta,Coleoptera,Chrysomelidae,Basilepta,obliteratum,Animalia|Insecta|Coleoptera|Chrysomelidae|Basilepta|obliteratum,Asynaptic Sex Chromosomes,Heterogametic,XY,24
Animalia,Insecta,Coleoptera,Chrysomelidae,Basiprionota,decemmaculata,Animalia|Insecta|Coleoptera|Chrysomelidae|Basiprionota|decemmaculata,Asynaptic Sex Chromosomes,Heterogametic,XY,18
Animalia,Insecta,Coleoptera,Chrysomelidae,Blaptea,elguetai,Animalia|Insecta|Coleoptera|Chrysomelidae|Blaptea|elguetai,Asynaptic Sex Chromosomes,Heterogametic,XY,28
Animalia,Insecta,Coleoptera,Chrysomelidae,Blepharida,rhois,Animalia|Insecta|Coleoptera|Chrysomelidae|Blepharida|rhois,Asynaptic Sex Chromosomes,Heterogametic,XY,32
Animalia,Insecta,Coleoptera,Chrysomelidae,Botanochara,boriensis,Animalia|Insecta|Coleoptera|Chrysomelidae|Botanochara|boriensis,Asynaptic Sex Chromosomes,Heterogametic,NA,26
Animalia,Insecta,Coleoptera,Chrysomelidae,Botanochara,tesselata,Animalia|Insecta|Coleoptera|Chrysomelidae|Botanochara|tesselata,Asynaptic Sex Chromosomes,Heterogametic,XY,36
Animalia,Insecta,Coleoptera,Chrysomelidae,Bromius,obscurus,Animalia|Insecta|Coleoptera|Chrysomelidae|Bromius|obscurus,Asynaptic Sex Chromosomes,Heterogametic,XY,16
Animalia,Insecta,Coleoptera,Chrysomelidae,Bruchidius,albizziae,Animalia|Insecta|Coleoptera|Chrysomelidae|Bruchidius|albizziae,Asynaptic Sex Chromosomes,Heterogametic,XY,22
Animalia,Insecta,Coleoptera,Chrysomelidae,Bruchidius,aureus,Animalia|Insecta|Coleoptera|Chrysomelidae|Bruchidius|aureus,Asynaptic Sex Chromosomes,Heterogametic,XY,20
Animalia,Insecta,Coleoptera,Chrysomelidae,Bruchidius,dimorphous,Animalia|Insecta|Coleoptera|Chrysomelidae|Bruchidius|dimorphous,Asynaptic Sex Chromosomes,Heterogametic,XY,20
Animalia,Insecta,Coleoptera,Chrysomelidae,Bruchidius,mimosae,Animalia|Insecta|Coleoptera|Chrysomelidae|Bruchidius|mimosae,Asynaptic Sex Chromosomes,Heterogametic,XY,22
Animalia,Insecta,Coleoptera,Chrysomelidae,Bruchidius,multilineolatus,Animalia|Insecta|Coleoptera|Chrysomelidae|Bruchidius|multilineolatus,Asynaptic Sex Chromosomes,Heterogametic,XY,20
Animalia,Insecta,Coleoptera,Chrysomelidae,Bruchidius,saundersi,Animalia|Insecta|Coleoptera|Chrysomelidae|Bruchidius|saundersi,Asynaptic Sex Chromosomes,Heterogametic,XY,20
Animalia,Insecta,Coleoptera,Chrysomelidae,Bruchidius,sp.,Animalia|Insecta|Coleoptera|Chrysomelidae|Bruchidius|sp.,Asynaptic Sex Chromosomes,Heterogametic,XY,22
Animalia,Insecta,Coleoptera,Chrysomelidae,Bruchidius,urbanus,Animalia|Insecta|Coleoptera|Chrysomelidae|Bruchidius|urbanus,Asynaptic Sex Chromosomes,Heterogametic,XY,20
Animalia,Insecta,Coleoptera,Chrysomelidae,Bruchus,pisorum,Animalia|Insecta|Coleoptera|Chrysomelidae|Bruchus|pisorum,Asynaptic Sex Chromosomes,Heterogametic,XY,22
Animalia,Insecta,Coleoptera,Chrysomelidae,Calligrapha,multipunctata,Animalia|Insecta|Coleoptera|Chrysomelidae|Calligrapha|multipunctata,Asynaptic Sex Chromosomes,Heterogametic,XY,24
Animalia,Insecta,Coleoptera,Chrysomelidae,Calligrapha,polyspila,Animalia|Insecta|Coleoptera|Chrysomelidae|Calligrapha|polyspila,Asynaptic Sex Chromosomes,Heterogametic,XY,24
Animalia,Insecta,Coleoptera,Chrysomelidae,Callosobruchus,alis,Animalia|Insecta|Coleoptera|Chrysomelidae|Callosobruchus|alis,Asynaptic Sex Chromosomes,Heterogametic,XY,20
Animalia,Insecta,Coleoptera,Chrysomelidae,Callosobruchus,chinensis,Animalia|Insecta|Coleoptera|Chrysomelidae|Callosobruchus|chinensis,Asynaptic Sex Chromosomes,Heterogametic,XY,20
Animalia,Insecta,Coleoptera,Chrysomelidae,Callosobruchus,maculatus,Animalia|Insecta|Coleoptera|Chrysomelidae|Callosobruchus|maculatus,Asynaptic Sex Chromosomes,Heterogametic,XY,20
Animalia,Insecta,Coleoptera,Chrysomelidae,Capraita,egleri,Animalia|Insecta|Coleoptera|Chrysomelidae|Capraita|egleri,Asynaptic Sex Chromosomes,Heterogametic,XY,22
Animalia,Insecta,Coleoptera,Chrysomelidae,Capraita,sp.,Animalia|Insecta|Coleoptera|Chrysomelidae|Capraita|sp.,Asynaptic Sex Chromosomes,Heterogametic,XY,22
Animalia,Insecta,Coleoptera,Chrysomelidae,Capraita,strichocephala,Animalia|Insecta|Coleoptera|Chrysomelidae|Capraita|strichocephala,Asynaptic Sex Chromosomes,Heterogametic,XY,22
Animalia,Insecta,Coleoptera,Chrysomelidae,Capraita,trinidadensis,Animalia|Insecta|Coleoptera|Chrysomelidae|Capraita|trinidadensis,Asynaptic Sex Chromosomes,Heterogametic,XY,22
Animalia,Insecta,Coleoptera,Chrysomelidae,Caryedon,acaciae,Animalia|Insecta|Coleoptera|Chrysomelidae|Caryedon|acaciae,Asynaptic Sex Chromosomes,Heterogametic,XY,18
Animalia,Insecta,Coleoptera,Chrysomelidae,Caryedon,gogra,Animalia|Insecta|Coleoptera|Chrysomelidae|Caryedon|gogra,Asynaptic Sex Chromosomes,Heterogametic,XY,18
Animalia,Insecta,Coleoptera,Chrysomelidae,Caryedon,lineatonota,Animalia|Insecta|Coleoptera|Chrysomelidae|Caryedon|lineatonota,Asynaptic Sex Chromosomes,Heterogametic,XY,20
Animalia,Insecta,Coleoptera,Chrysomelidae,Caryedon,longus,Animalia|Insecta|Coleoptera|Chrysomelidae|Caryedon|longus,Asynaptic Sex Chromosomes,Heterogametic,XY,18
Animalia,Insecta,Coleoptera,Chrysomelidae,Caryedon,opacus,Animalia|Insecta|Coleoptera|Chrysomelidae|Caryedon|opacus,Asynaptic Sex Chromosomes,Heterogametic,XY,18
Animalia,Insecta,Coleoptera,Chrysomelidae,Caryedon,prosopius,Animalia|Insecta|Coleoptera|Chrysomelidae|Caryedon|prosopius,Asynaptic Sex Chromosomes,Heterogametic,XY,18
Animalia,Insecta,Coleoptera,Chrysomelidae,Caryedon,serratus,Animalia|Insecta|Coleoptera|Chrysomelidae|Caryedon|serratus,Asynaptic Sex Chromosomes,Heterogametic,XY,18
Animalia,Insecta,Coleoptera,Chrysomelidae,Caryedon,sp.,Animalia|Insecta|Coleoptera|Chrysomelidae|Caryedon|sp.,Asynaptic Sex Chromosomes,Heterogametic,XY,20
Animalia,Insecta,Coleoptera,Chrysomelidae,Cassida,azurea,Animalia|Insecta|Coleoptera|Chrysomelidae|Cassida|azurea,Asynaptic Sex Chromosomes,Heterogametic,XY,18
Animalia,Insecta,Coleoptera,Chrysomelidae,Cassida,bergeali,Animalia|Insecta|Coleoptera|Chrysomelidae|Cassida|bergeali,Asynaptic Sex Chromosomes,Heterogametic,XY,18
Animalia,Insecta,Coleoptera,Chrysomelidae,Cassida,circumdata,Animalia|Insecta|Coleoptera|Chrysomelidae|Cassida|circumdata,Asynaptic Sex Chromosomes,Heterogametic,XY,18
Animalia,Insecta,Coleoptera,Chrysomelidae,Cassida,deflorata,Animalia|Insecta|Coleoptera|Chrysomelidae|Cassida|deflorata,Asynaptic Sex Chromosomes,Heterogametic,XY,18
Animalia,Insecta,Coleoptera,Chrysomelidae,Cassida,enervis,Animalia|Insecta|Coleoptera|Chrysomelidae|Cassida|enervis,Asynaptic Sex Chromosomes,Heterogametic,XY,18
Animalia,Insecta,Coleoptera,Chrysomelidae,Cassida,flaveola,Animalia|Insecta|Coleoptera|Chrysomelidae|Cassida|flaveola,Asynaptic Sex Chromosomes,Heterogametic,XY,18
Animalia,Insecta,Coleoptera,Chrysomelidae,Cassida,fuscorufa,Animalia|Insecta|Coleoptera|Chrysomelidae|Cassida|fuscorufa,Asynaptic Sex Chromosomes,Heterogametic,XY,18
Animalia,Insecta,Coleoptera,Chrysomelidae,Cassida,hemisphaerica,Animalia|Insecta|Coleoptera|Chrysomelidae|Cassida|hemisphaerica,Asynaptic Sex Chromosomes,Heterogametic,XY,20
Animalia,Insecta,Coleoptera,Chrysomelidae,Cassida,hexastigma,Animalia|Insecta|Coleoptera|Chrysomelidae|Cassida|hexastigma,Asynaptic Sex Chromosomes,Heterogametic,XY,18
Animalia,Insecta,Coleoptera,Chrysomelidae,Cassida,inquita,Animalia|Insecta|Coleoptera|Chrysomelidae|Cassida|inquita,Asynaptic Sex Chromosomes,Heterogametic,XY,18
Animalia,Insecta,Coleoptera,Chrysomelidae,Cassida,leucanthemi,Animalia|Insecta|Coleoptera|Chrysomelidae|Cassida|leucanthemi,Asynaptic Sex Chromosomes,Heterogametic,XY,18
Animalia,Insecta,Coleoptera,Chrysomelidae,Cassida,margaritacea,Animalia|Insecta|Coleoptera|Chrysomelidae|Cassida|margaritacea,Asynaptic Sex Chromosomes,Heterogametic,XY,30
Animalia,Insecta,Coleoptera,Chrysomelidae,Cassida,nebulosa,Animalia|Insecta|Coleoptera|Chrysomelidae|Cassida|nebulosa,Asynaptic Sex Chromosomes,Heterogametic,XY,18
Animalia,Insecta,Coleoptera,Chrysomelidae,Cassida,pannonica,Animalia|Insecta|Coleoptera|Chrysomelidae|Cassida|pannonica,Asynaptic Sex Chromosomes,Heterogametic,XY,20
Animalia,Insecta,Coleoptera,Chrysomelidae,Cassida,panzeri,Animalia|Insecta|Coleoptera|Chrysomelidae|Cassida|panzeri,Asynaptic Sex Chromosomes,Heterogametic,XY,18
Animalia,Insecta,Coleoptera,Chrysomelidae,Cassida,prasi,Animalia|Insecta|Coleoptera|Chrysomelidae|Cassida|prasi,Asynaptic Sex Chromosomes,Heterogametic,XY,18
Animalia,Insecta,Coleoptera,Chrysomelidae,Cassida,pusilla,Animalia|Insecta|Coleoptera|Chrysomelidae|Cassida|pusilla,Asynaptic Sex Chromosomes,Heterogametic,XY,18
Animalia,Insecta,Coleoptera,Chrysomelidae,Cassida,rubiginosa,Animalia|Insecta|Coleoptera|Chrysomelidae|Cassida|rubiginosa,Asynaptic Sex Chromosomes,Heterogametic,XY,18
Animalia,Insecta,Coleoptera,Chrysomelidae,Cassida,rufovirens,Animalia|Insecta|Coleoptera|Chrysomelidae|Cassida|rufovirens,Asynaptic Sex Chromosomes,Heterogametic,XY,18
Animalia,Insecta,Coleoptera,Chrysomelidae,Cassida,sanguinolenta,Animalia|Insecta|Coleoptera|Chrysomelidae|Cassida|sanguinolenta,Asynaptic Sex Chromosomes,Heterogametic,XY,18
Animalia,Insecta,Coleoptera,Chrysomelidae,Cassida,sanguinosa,Animalia|Insecta|Coleoptera|Chrysomelidae|Cassida|sanguinosa,Asynaptic Sex Chromosomes,Heterogametic,XY,18
Animalia,Insecta,Coleoptera,Chrysomelidae,Cassida,sp.,Animalia|Insecta|Coleoptera|Chrysomelidae|Cassida|sp.,Asynaptic Sex Chromosomes,Heterogametic,XY,20
Animalia,Insecta,Coleoptera,Chrysomelidae,Cassida,subreticulata,Animalia|Insecta|Coleoptera|Chrysomelidae|Cassida|subreticulata,Asynaptic Sex Chromosomes,Heterogametic,XY,30
Animalia,Insecta,Coleoptera,Chrysomelidae,Cassida,varians,Animalia|Insecta|Coleoptera|Chrysomelidae|Cassida|varians,Asynaptic Sex Chromosomes,Heterogametic,XY,18
Animalia,Insecta,Coleoptera,Chrysomelidae,Cassida,vibex,Animalia|Insecta|Coleoptera|Chrysomelidae|Cassida|vibex,Asynaptic Sex Chromosomes,Heterogametic,XY,20
Animalia,Insecta,Coleoptera,Chrysomelidae,Cassida,virdis,Animalia|Insecta|Coleoptera|Chrysomelidae|Cassida|virdis,Asynaptic Sex Chromosomes,Heterogametic,XY,30
Animalia,Insecta,Coleoptera,Chrysomelidae,Cassida,vittata,Animalia|Insecta|Coleoptera|Chrysomelidae|Cassida|vittata,Asynaptic Sex Chromosomes,Heterogametic,XY,20
Animalia,Insecta,Coleoptera,Chrysomelidae,Chaetocnema,chloropha,Animalia|Insecta|Coleoptera|Chrysomelidae|Chaetocnema|chloropha,Asynaptic Sex Chromosomes,Heterogametic,XY,20
Animalia,Insecta,Coleoptera,Chrysomelidae,Chaetocnema,conducta,Animalia|Insecta|Coleoptera|Chrysomelidae|Chaetocnema|conducta,Asynaptic Sex Chromosomes,Heterogametic,XY,22
Animalia,Insecta,Coleoptera,Chrysomelidae,Chaetocnema,depressa,Animalia|Insecta|Coleoptera|Chrysomelidae|Chaetocnema|depressa,Asynaptic Sex Chromosomes,Heterogametic,XY,26
Animalia,Insecta,Coleoptera,Chrysomelidae,Chaetocnema,major,Animalia|Insecta|Coleoptera|Chrysomelidae|Chaetocnema|major,Asynaptic Sex Chromosomes,Heterogametic,XY,22
Animalia,Insecta,Coleoptera,Chrysomelidae,Chaetocnema,tibialis,Animalia|Insecta|Coleoptera|Chrysomelidae|Chaetocnema|tibialis,Asynaptic Sex Chromosomes,Heterogametic,XY,22
Animalia,Insecta,Coleoptera,Chrysomelidae,Chalcophana,cincta,Animalia|Insecta|Coleoptera|Chrysomelidae|Chalcophana|cincta,Asynaptic Sex Chromosomes,Heterogametic,XY,26
Animalia,Insecta,Coleoptera,Chrysomelidae,Chalcophana,verecunda,Animalia|Insecta|Coleoptera|Chrysomelidae|Chalcophana|verecunda,Asynaptic Sex Chromosomes,Heterogametic,XY,26
Animalia,Insecta,Coleoptera,Chrysomelidae,Chalepus,dorsalis,Animalia|Insecta|Coleoptera|Chrysomelidae|Chalepus|dorsalis,Asynaptic Sex Chromosomes,Heterogametic,XY,16
Animalia,Insecta,Coleoptera,Chrysomelidae,Chalepus,inequalis,Animalia|Insecta|Coleoptera|Chrysomelidae|Chalepus|inequalis,Asynaptic Sex Chromosomes,Heterogametic,XY,18
Animalia,Insecta,Coleoptera,Chrysomelidae,Chalepus,sanguinicollis,Animalia|Insecta|Coleoptera|Chrysomelidae|Chalepus|sanguinicollis,Asynaptic Sex Chromosomes,Heterogametic,XY,18
Animalia,Insecta,Coleoptera,Chrysomelidae,Chalepus,sp.,Animalia|Insecta|Coleoptera|Chrysomelidae|Chalepus|sp.,Asynaptic Sex Chromosomes,Heterogametic,XY,18
Animalia,Insecta,Coleoptera,Chrysomelidae,Charidotella,immaculata,Animalia|Insecta|Coleoptera|Chrysomelidae|Charidotella|immaculata,Asynaptic Sex Chromosomes,Heterogametic,XY,22
Animalia,Insecta,Coleoptera,Chrysomelidae,Charidotella,quadrisigta,Animalia|Insecta|Coleoptera|Chrysomelidae|Charidotella|quadrisigta,Asynaptic Sex Chromosomes,Heterogametic,XY,24
Animalia,Insecta,Coleoptera,Chrysomelidae,Charidotella,sexpunctata,Animalia|Insecta|Coleoptera|Chrysomelidae|Charidotella|sexpunctata,Asynaptic Sex Chromosomes,Heterogametic,XY,22
Animalia,Insecta,Coleoptera,Chrysomelidae,Chelymorpha,cassidea,Animalia|Insecta|Coleoptera|Chrysomelidae|Chelymorpha|cassidea,Asynaptic Sex Chromosomes,Heterogametic,XY,22
Animalia,Insecta,Coleoptera,Chrysomelidae,Chelymorpha,cribaria,Animalia|Insecta|Coleoptera|Chrysomelidae|Chelymorpha|cribaria,Asynaptic Sex Chromosomes,Heterogametic,XY,22
Animalia,Insecta,Coleoptera,Chrysomelidae,Chelymorpha,cribraria,Animalia|Insecta|Coleoptera|Chrysomelidae|Chelymorpha|cribraria,Asynaptic Sex Chromosomes,Heterogametic,XY,22
Animalia,Insecta,Coleoptera,Chrysomelidae,Chelymorpha,indigesta,Animalia|Insecta|Coleoptera|Chrysomelidae|Chelymorpha|indigesta,Asynaptic Sex Chromosomes,Heterogametic,XY,22
Animalia,Insecta,Coleoptera,Chrysomelidae,Chelymorpha,nigricollis,Animalia|Insecta|Coleoptera|Chrysomelidae|Chelymorpha|nigricollis,Asynaptic Sex Chromosomes,Heterogametic,XY,22
Animalia,Insecta,Coleoptera,Chrysomelidae,Chelymorpha,varians,Animalia|Insecta|Coleoptera|Chrysomelidae|Chelymorpha|varians,Asynaptic Sex Chromosomes,Heterogametic,XY,22
Animalia,Insecta,Coleoptera,Chrysomelidae,Chirida,sp.,Animalia|Insecta|Coleoptera|Chrysomelidae|Chirida|sp.,Asynaptic Sex Chromosomes,Heterogametic,XY,36
Animalia,Insecta,Coleoptera,Chrysomelidae,Chiridopsis,bupunctata,Animalia|Insecta|Coleoptera|Chrysomelidae|Chiridopsis|bupunctata,Asynaptic Sex Chromosomes,Heterogametic,XY,18
Animalia,Insecta,Coleoptera,Chrysomelidae,Chlamydocassis,cribripennis,Animalia|Insecta|Coleoptera|Chrysomelidae|Chlamydocassis|cribripennis,Asynaptic Sex Chromosomes,Heterogametic,XY,32
Animalia,Insecta,Coleoptera,Chrysomelidae,Chlamydocassis,metallica,Animalia|Insecta|Coleoptera|Chrysomelidae|Chlamydocassis|metallica,Asynaptic Sex Chromosomes,Heterogametic,XY,32
Animalia,Insecta,Coleoptera,Chrysomelidae,Chrysochus,asclepiadeus,Animalia|Insecta|Coleoptera|Chrysomelidae|Chrysochus|asclepiadeus,Asynaptic Sex Chromosomes,Heterogametic,XY,24
Animalia,Insecta,Coleoptera,Chrysomelidae,Chrysochus,auratus,Animalia|Insecta|Coleoptera|Chrysomelidae|Chrysochus|auratus,Asynaptic Sex Chromosomes,Heterogametic,NA,26
Animalia,Insecta,Coleoptera,Chrysomelidae,Chrysodina,sp.,Animalia|Insecta|Coleoptera|Chrysomelidae|Chrysodina|sp.,Asynaptic Sex Chromosomes,Heterogametic,XY,12
Animalia,Insecta,Coleoptera,Chrysomelidae,Chrysolina,affinis,Animalia|Insecta|Coleoptera|Chrysomelidae|Chrysolina|affinis,Asynaptic Sex Chromosomes,Heterogametic,XY,24
Animalia,Insecta,Coleoptera,Chrysomelidae,Chrysolina,alis,Animalia|Insecta|Coleoptera|Chrysomelidae|Chrysolina|alis,Asynaptic Sex Chromosomes,Heterogametic,XY,40
Animalia,Insecta,Coleoptera,Chrysomelidae,Chrysolina,americana,Animalia|Insecta|Coleoptera|Chrysomelidae|Chrysolina|americana,Asynaptic Sex Chromosomes,Heterogametic,XY,24
Animalia,Insecta,Coleoptera,Chrysomelidae,Chrysolina,aurichalcea,Animalia|Insecta|Coleoptera|Chrysomelidae|Chrysolina|aurichalcea,Asynaptic Sex Chromosomes,Heterogametic,XY,46
Animalia,Insecta,Coleoptera,Chrysomelidae,Chrysolina,bicolor,Animalia|Insecta|Coleoptera|Chrysomelidae|Chrysolina|bicolor,Asynaptic Sex Chromosomes,Heterogametic,XY,24
Animalia,Insecta,Coleoptera,Chrysomelidae,Chrysolina,bigorrensis,Animalia|Insecta|Coleoptera|Chrysomelidae|Chrysolina|bigorrensis,Asynaptic Sex Chromosomes,Heterogametic,XY,26
Animalia,Insecta,Coleoptera,Chrysomelidae,Chrysolina,carnifex,Animalia|Insecta|Coleoptera|Chrysomelidae|Chrysolina|carnifex,Asynaptic Sex Chromosomes,Heterogametic,XY,40
Animalia,Insecta,Coleoptera,Chrysomelidae,Chrysolina,cerealis,Animalia|Insecta|Coleoptera|Chrysomelidae|Chrysolina|cerealis,Asynaptic Sex Chromosomes,Heterogametic,XY,24
Animalia,Insecta,Coleoptera,Chrysomelidae,Chrysolina,cf.,Animalia|Insecta|Coleoptera|Chrysomelidae|Chrysolina|cf.,Asynaptic Sex Chromosomes,Heterogametic,XY,26
Animalia,Insecta,Coleoptera,Chrysomelidae,Chrysolina,coerulans,Animalia|Insecta|Coleoptera|Chrysomelidae|Chrysolina|coerulans,Asynaptic Sex Chromosomes,Heterogametic,XY,24
Animalia,Insecta,Coleoptera,Chrysomelidae,Chrysolina,colasi,Animalia|Insecta|Coleoptera|Chrysomelidae|Chrysolina|colasi,Asynaptic Sex Chromosomes,Heterogametic,XY,24
Animalia,Insecta,Coleoptera,Chrysomelidae,Chrysolina,curvilinea,Animalia|Insecta|Coleoptera|Chrysomelidae|Chrysolina|curvilinea,Asynaptic Sex Chromosomes,Heterogametic,XY,40
Animalia,Insecta,Coleoptera,Chrysomelidae,Chrysolina,diluta,Animalia|Insecta|Coleoptera|Chrysomelidae|Chrysolina|diluta,Asynaptic Sex Chromosomes,Heterogametic,XY,36
Animalia,Insecta,Coleoptera,Chrysomelidae,Chrysolina,fastuosa,Animalia|Insecta|Coleoptera|Chrysomelidae|Chrysolina|fastuosa,Asynaptic Sex Chromosomes,Heterogametic,XY,24
Animalia,Insecta,Coleoptera,Chrysomelidae,Chrysolina,femoralis,Animalia|Insecta|Coleoptera|Chrysomelidae|Chrysolina|femoralis,Asynaptic Sex Chromosomes,Heterogametic,XY,24
Animalia,Insecta,Coleoptera,Chrysomelidae,Chrysolina,fragariae,Animalia|Insecta|Coleoptera|Chrysomelidae|Chrysolina|fragariae,Asynaptic Sex Chromosomes,Heterogametic,XY,24
Animalia,Insecta,Coleoptera,Chrysomelidae,Chrysolina,gebleri,Animalia|Insecta|Coleoptera|Chrysomelidae|Chrysolina|gebleri,Asynaptic Sex Chromosomes,Heterogametic,XY,26
Animalia,Insecta,Coleoptera,Chrysomelidae,Chrysolina,gemi,Animalia|Insecta|Coleoptera|Chrysomelidae|Chrysolina|gemi,Asynaptic Sex Chromosomes,Heterogametic,XY,24
Animalia,Insecta,Coleoptera,Chrysomelidae,Chrysolina,globosa,Animalia|Insecta|Coleoptera|Chrysomelidae|Chrysolina|globosa,Asynaptic Sex Chromosomes,Heterogametic,XY,26
Animalia,Insecta,Coleoptera,Chrysomelidae,Chrysolina,graminis,Animalia|Insecta|Coleoptera|Chrysomelidae|Chrysolina|graminis,Asynaptic Sex Chromosomes,Heterogametic,XY,24
Animalia,Insecta,Coleoptera,Chrysomelidae,Chrysolina,grossa,Animalia|Insecta|Coleoptera|Chrysomelidae|Chrysolina|grossa,Asynaptic Sex Chromosomes,Heterogametic,XY,24
Animalia,Insecta,Coleoptera,Chrysomelidae,Chrysolina,gypsophilae,Animalia|Insecta|Coleoptera|Chrysomelidae|Chrysolina|gypsophilae,Asynaptic Sex Chromosomes,Heterogametic,XY,30
Animalia,Insecta,Coleoptera,Chrysomelidae,Chrysolina,haemoptera,Animalia|Insecta|Coleoptera|Chrysomelidae|Chrysolina|haemoptera,Asynaptic Sex Chromosomes,Heterogametic,XY,40
Animalia,Insecta,Coleoptera,Chrysomelidae,Chrysolina,herbacea,Animalia|Insecta|Coleoptera|Chrysomelidae|Chrysolina|herbacea,Asynaptic Sex Chromosomes,Heterogametic,XY,24
Animalia,Insecta,Coleoptera,Chrysomelidae,Chrysolina,interstincta,Animalia|Insecta|Coleoptera|Chrysomelidae|Chrysolina|interstincta,Asynaptic Sex Chromosomes,Heterogametic,XY,40
Animalia,Insecta,Coleoptera,Chrysomelidae,Chrysolina,janbechynei,Animalia|Insecta|Coleoptera|Chrysomelidae|Chrysolina|janbechynei,Asynaptic Sex Chromosomes,Heterogametic,XY,40
Animalia,Insecta,Coleoptera,Chrysomelidae,Chrysolina,kuesteri,Animalia|Insecta|Coleoptera|Chrysomelidae|Chrysolina|kuesteri,Asynaptic Sex Chromosomes,Heterogametic,XY,22
Animalia,Insecta,Coleoptera,Chrysomelidae,Chrysolina,lucida,Animalia|Insecta|Coleoptera|Chrysomelidae|Chrysolina|lucida,Asynaptic Sex Chromosomes,Heterogametic,XY,24
Animalia,Insecta,Coleoptera,Chrysomelidae,Chrysolina,marcasitica,Animalia|Insecta|Coleoptera|Chrysomelidae|Chrysolina|marcasitica,Asynaptic Sex Chromosomes,Heterogametic,XY,42
Animalia,Insecta,Coleoptera,Chrysomelidae,Chrysolina,marginata,Animalia|Insecta|Coleoptera|Chrysomelidae|Chrysolina|marginata,Asynaptic Sex Chromosomes,Heterogametic,XY,40
Animalia,Insecta,Coleoptera,Chrysomelidae,Chrysolina,oricalcia,Animalia|Insecta|Coleoptera|Chrysomelidae|Chrysolina|oricalcia,Asynaptic Sex Chromosomes,Heterogametic,XY,40
Animalia,Insecta,Coleoptera,Chrysomelidae,Chrysolina,peregrina,Animalia|Insecta|Coleoptera|Chrysomelidae|Chrysolina|peregrina,Asynaptic Sex Chromosomes,Heterogametic,XY,46
Animalia,Insecta,Coleoptera,Chrysomelidae,Chrysolina,polita,Animalia|Insecta|Coleoptera|Chrysomelidae|Chrysolina|polita,Asynaptic Sex Chromosomes,Heterogametic,XY,24
Animalia,Insecta,Coleoptera,Chrysomelidae,Chrysolina,purpurascens,Animalia|Insecta|Coleoptera|Chrysomelidae|Chrysolina|purpurascens,Asynaptic Sex Chromosomes,Heterogametic,XY,24
Animalia,Insecta,Coleoptera,Chrysomelidae,Chrysolina,pyrenaica,Animalia|Insecta|Coleoptera|Chrysomelidae|Chrysolina|pyrenaica,Asynaptic Sex Chromosomes,Heterogametic,XY,40
Animalia,Insecta,Coleoptera,Chrysomelidae,Chrysolina,staphylea,Animalia|Insecta|Coleoptera|Chrysomelidae|Chrysolina|staphylea,Asynaptic Sex Chromosomes,Heterogametic,XY,22
Animalia,Insecta,Coleoptera,Chrysomelidae,Chrysolina,umbratilis,Animalia|Insecta|Coleoptera|Chrysomelidae|Chrysolina|umbratilis,Asynaptic Sex Chromosomes,Heterogametic,XY,30
Animalia,Insecta,Coleoptera,Chrysomelidae,Chrysolina,varians,Animalia|Insecta|Coleoptera|Chrysomelidae|Chrysolina|varians,Asynaptic Sex Chromosomes,Heterogametic,XY,32
Animalia,Insecta,Coleoptera,Chrysomelidae,Chrysolina,veridana,Animalia|Insecta|Coleoptera|Chrysomelidae|Chrysolina|veridana,Asynaptic Sex Chromosomes,Heterogametic,XY,24
Animalia,Insecta,Coleoptera,Chrysomelidae,Chrysomela,interrupta,Animalia|Insecta|Coleoptera|Chrysomelidae|Chrysomela|interrupta,Asynaptic Sex Chromosomes,Heterogametic,XY,34
Animalia,Insecta,Coleoptera,Chrysomelidae,Chrysomela,lapponica,Animalia|Insecta|Coleoptera|Chrysomelidae|Chrysomela|lapponica,Asynaptic Sex Chromosomes,Heterogametic,XY,34
Animalia,Insecta,Coleoptera,Chrysomelidae,Chrysomela,mainensis,Animalia|Insecta|Coleoptera|Chrysomelidae|Chrysomela|mainensis,Asynaptic Sex Chromosomes,Heterogametic,XY,34
Animalia,Insecta,Coleoptera,Chrysomelidae,Chrysomela,populi,Animalia|Insecta|Coleoptera|Chrysomelidae|Chrysomela|populi,Asynaptic Sex Chromosomes,Heterogametic,XY,34
Animalia,Insecta,Coleoptera,Chrysomelidae,Chrysomela,schaefferi,Animalia|Insecta|Coleoptera|Chrysomelidae|Chrysomela|schaefferi,Asynaptic Sex Chromosomes,Heterogametic,XY,34
Animalia,Insecta,Coleoptera,Chrysomelidae,Chrysomela,sp.,Animalia|Insecta|Coleoptera|Chrysomelidae|Chrysomela|sp.,Asynaptic Sex Chromosomes,Heterogametic,XY,34
Animalia,Insecta,Coleoptera,Chrysomelidae,Chrysomela,tremulae,Animalia|Insecta|Coleoptera|Chrysomelidae|Chrysomela|tremulae,Asynaptic Sex Chromosomes,Heterogametic,XY,34
Animalia,Insecta,Coleoptera,Chrysomelidae,Chrysophtharta,aurea,Animalia|Insecta|Coleoptera|Chrysomelidae|Chrysophtharta|aurea,Asynaptic Sex Chromosomes,Heterogametic,XY,24
Animalia,Insecta,Coleoptera,Chrysomelidae,Chrysophtharta,decolorata,Animalia|Insecta|Coleoptera|Chrysomelidae|Chrysophtharta|decolorata,Asynaptic Sex Chromosomes,Heterogametic,XY,24
Animalia,Insecta,Coleoptera,Chrysomelidae,Chrysophtharta,nobilitata,Animalia|Insecta|Coleoptera|Chrysomelidae|Chrysophtharta|nobilitata,Asynaptic Sex Chromosomes,Heterogametic,XY,24
Animalia,Insecta,Coleoptera,Chrysomelidae,Chrysophtharta,variicollis,Animalia|Insecta|Coleoptera|Chrysomelidae|Chrysophtharta|variicollis,Asynaptic Sex Chromosomes,Heterogametic,XY,24
Animalia,Insecta,Coleoptera,Chrysomelidae,Clytra,laeviuscula,Animalia|Insecta|Coleoptera|Chrysomelidae|Clytra|laeviuscula,Asynaptic Sex Chromosomes,Heterogametic,XY,24
Animalia,Insecta,Coleoptera,Chrysomelidae,Colaspidema,barbarum,Animalia|Insecta|Coleoptera|Chrysomelidae|Colaspidema|barbarum,Asynaptic Sex Chromosomes,Heterogametic,XY,28
Animalia,Insecta,Coleoptera,Chrysomelidae,Colaspis,greyi,Animalia|Insecta|Coleoptera|Chrysomelidae|Colaspis|greyi,Asynaptic Sex Chromosomes,Heterogametic,XY,22
Animalia,Insecta,Coleoptera,Chrysomelidae,Colasposoma,auripenne,Animalia|Insecta|Coleoptera|Chrysomelidae|Colasposoma|auripenne,Asynaptic Sex Chromosomes,Heterogametic,XY,16
Animalia,Insecta,Coleoptera,Chrysomelidae,Colasposoma,lividipes,Animalia|Insecta|Coleoptera|Chrysomelidae|Colasposoma|lividipes,Asynaptic Sex Chromosomes,Heterogametic,XY,16
Animalia,Insecta,Coleoptera,Chrysomelidae,Colasposoma,metallicum,Animalia|Insecta|Coleoptera|Chrysomelidae|Colasposoma|metallicum,Asynaptic Sex Chromosomes,Heterogametic,XY,16
Animalia,Insecta,Coleoptera,Chrysomelidae,Colasposoma,ortum,Animalia|Insecta|Coleoptera|Chrysomelidae|Colasposoma|ortum,Asynaptic Sex Chromosomes,Heterogametic,XY,16
Animalia,Insecta,Coleoptera,Chrysomelidae,Colasposoma,rufipes,Animalia|Insecta|Coleoptera|Chrysomelidae|Colasposoma|rufipes,Asynaptic Sex Chromosomes,Heterogametic,XY,16
Animalia,Insecta,Coleoptera,Chrysomelidae,Colasposoma,semicostatum,Animalia|Insecta|Coleoptera|Chrysomelidae|Colasposoma|semicostatum,Asynaptic Sex Chromosomes,Heterogametic,XY,16
Animalia,Insecta,Coleoptera,Chrysomelidae,Colasposoma,sp.,Animalia|Insecta|Coleoptera|Chrysomelidae|Colasposoma|sp.,Asynaptic Sex Chromosomes,Heterogametic,XY,16
Animalia,Insecta,Coleoptera,Chrysomelidae,Conchyloctenia,nigrovittata,Animalia|Insecta|Coleoptera|Chrysomelidae|Conchyloctenia|nigrovittata,Asynaptic Sex Chromosomes,Heterogametic,XY,18
Animalia,Insecta,Coleoptera,Chrysomelidae,Conicobruchus,indicus,Animalia|Insecta|Coleoptera|Chrysomelidae|Conicobruchus|indicus,Asynaptic Sex Chromosomes,Heterogametic,XY,20
Animalia,Insecta,Coleoptera,Chrysomelidae,Coptocephala,unifasciata,Animalia|Insecta|Coleoptera|Chrysomelidae|Coptocephala|unifasciata,Asynaptic Sex Chromosomes,Heterogametic,XY,24
Animalia,Insecta,Coleoptera,Chrysomelidae,Coptocycla,adamantina,Animalia|Insecta|Coleoptera|Chrysomelidae|Coptocycla|adamantina,Asynaptic Sex Chromosomes,Heterogametic,XY,18
Animalia,Insecta,Coleoptera,Chrysomelidae,Coraia,clarki,Animalia|Insecta|Coleoptera|Chrysomelidae|Coraia|clarki,Asynaptic Sex Chromosomes,Heterogametic,XY,36
Animalia,Insecta,Coleoptera,Chrysomelidae,Coraia,maculicollis,Animalia|Insecta|Coleoptera|Chrysomelidae|Coraia|maculicollis,Asynaptic Sex Chromosomes,Heterogametic,XY,36
Animalia,Insecta,Coleoptera,Chrysomelidae,Cosmogramma,decora,Animalia|Insecta|Coleoptera|Chrysomelidae|Cosmogramma|decora,Asynaptic Sex Chromosomes,Heterogametic,XY,20
Animalia,Insecta,Coleoptera,Chrysomelidae,Craspedonta,leaya,Animalia|Insecta|Coleoptera|Chrysomelidae|Craspedonta|leaya,Asynaptic Sex Chromosomes,Heterogametic,XY,18
Animalia,Insecta,Coleoptera,Chrysomelidae,Crepidedera,aurea,Animalia|Insecta|Coleoptera|Chrysomelidae|Crepidedera|aurea,Asynaptic Sex Chromosomes,Heterogametic,XY,18
Animalia,Insecta,Coleoptera,Chrysomelidae,Crepidedera,plutus,Animalia|Insecta|Coleoptera|Chrysomelidae|Crepidedera|plutus,Asynaptic Sex Chromosomes,Heterogametic,XY,26
Animalia,Insecta,Coleoptera,Chrysomelidae,Crioceris,asparagi,Animalia|Insecta|Coleoptera|Chrysomelidae|Crioceris|asparagi,Asynaptic Sex Chromosomes,Heterogametic,XY,16
Animalia,Insecta,Coleoptera,Chrysomelidae,Crioceris,duodecimpunctata,Animalia|Insecta|Coleoptera|Chrysomelidae|Crioceris|duodecimpunctata,Asynaptic Sex Chromosomes,Heterogametic,XY,16
Animalia,Insecta,Coleoptera,Chrysomelidae,Crioceris,macilenta,Animalia|Insecta|Coleoptera|Chrysomelidae|Crioceris|macilenta,Asynaptic Sex Chromosomes,Heterogametic,XY,16
Animalia,Insecta,Coleoptera,Chrysomelidae,Crioceris,paracenthesis,Animalia|Insecta|Coleoptera|Chrysomelidae|Crioceris|paracenthesis,Asynaptic Sex Chromosomes,Heterogametic,XY,16
Animalia,Insecta,Coleoptera,Chrysomelidae,Crosita,altaica,Animalia|Insecta|Coleoptera|Chrysomelidae|Crosita|altaica,Asynaptic Sex Chromosomes,Heterogametic,XY,30
Animalia,Insecta,Coleoptera,Chrysomelidae,Crosita,rugulosa,Animalia|Insecta|Coleoptera|Chrysomelidae|Crosita|rugulosa,Asynaptic Sex Chromosomes,Heterogametic,XY,30
Animalia,Insecta,Coleoptera,Chrysomelidae,Crosita,salviae,Animalia|Insecta|Coleoptera|Chrysomelidae|Crosita|salviae,Asynaptic Sex Chromosomes,Heterogametic,XY,24
Animalia,Insecta,Coleoptera,Chrysomelidae,Cryptocephalus,alis,Animalia|Insecta|Coleoptera|Chrysomelidae|Cryptocephalus|alis,Asynaptic Sex Chromosomes,Heterogametic,XY,30
Animalia,Insecta,Coleoptera,Chrysomelidae,Cryptocephalus,aureolus,Animalia|Insecta|Coleoptera|Chrysomelidae|Cryptocephalus|aureolus,Asynaptic Sex Chromosomes,Heterogametic,XY,30
Animalia,Insecta,Coleoptera,Chrysomelidae,Cryptocephalus,bipunctatus,Animalia|Insecta|Coleoptera|Chrysomelidae|Cryptocephalus|bipunctatus,Asynaptic Sex Chromosomes,Heterogametic,XY,30
Animalia,Insecta,Coleoptera,Chrysomelidae,Cryptocephalus,capucinus,Animalia|Insecta|Coleoptera|Chrysomelidae|Cryptocephalus|capucinus,Asynaptic Sex Chromosomes,Heterogametic,XY,30
Animalia,Insecta,Coleoptera,Chrysomelidae,Cryptocephalus,crassus,Animalia|Insecta|Coleoptera|Chrysomelidae|Cryptocephalus|crassus,Asynaptic Sex Chromosomes,Heterogametic,XY,32
Animalia,Insecta,Coleoptera,Chrysomelidae,Cryptocephalus,espanoli,Animalia|Insecta|Coleoptera|Chrysomelidae|Cryptocephalus|espanoli,Asynaptic Sex Chromosomes,Heterogametic,XY,30
Animalia,Insecta,Coleoptera,Chrysomelidae,Cryptocephalus,globicollis,Animalia|Insecta|Coleoptera|Chrysomelidae|Cryptocephalus|globicollis,Asynaptic Sex Chromosomes,Heterogametic,XY,30
Animalia,Insecta,Coleoptera,Chrysomelidae,Cryptocephalus,hypochoeridis,Animalia|Insecta|Coleoptera|Chrysomelidae|Cryptocephalus|hypochoeridis,Asynaptic Sex Chromosomes,Heterogametic,XY,30
Animalia,Insecta,Coleoptera,Chrysomelidae,Cryptocephalus,moraei,Animalia|Insecta|Coleoptera|Chrysomelidae|Cryptocephalus|moraei,Asynaptic Sex Chromosomes,Heterogametic,XY,30
Animalia,Insecta,Coleoptera,Chrysomelidae,Cryptocephalus,ocellatus,Animalia|Insecta|Coleoptera|Chrysomelidae|Cryptocephalus|ocellatus,Asynaptic Sex Chromosomes,Heterogametic,XY,30
Animalia,Insecta,Coleoptera,Chrysomelidae,Cryptocephalus,ochroleucus,Animalia|Insecta|Coleoptera|Chrysomelidae|Cryptocephalus|ochroleucus,Asynaptic Sex Chromosomes,Heterogametic,XY,30
Animalia,Insecta,Coleoptera,Chrysomelidae,Cryptocephalus,octopilosus,Animalia|Insecta|Coleoptera|Chrysomelidae|Cryptocephalus|octopilosus,Asynaptic Sex Chromosomes,Heterogametic,XY,32
Animalia,Insecta,Coleoptera,Chrysomelidae,Cryptocephalus,oppositus,Animalia|Insecta|Coleoptera|Chrysomelidae|Cryptocephalus|oppositus,Asynaptic Sex Chromosomes,Heterogametic,XY,30
Animalia,Insecta,Coleoptera,Chrysomelidae,Cryptocephalus,primarius,Animalia|Insecta|Coleoptera|Chrysomelidae|Cryptocephalus|primarius,Asynaptic Sex Chromosomes,Heterogametic,XY,40
Animalia,Insecta,Coleoptera,Chrysomelidae,Cryptocephalus,quadruplex,Animalia|Insecta|Coleoptera|Chrysomelidae|Cryptocephalus|quadruplex,Asynaptic Sex Chromosomes,Heterogametic,XY,24
Animalia,Insecta,Coleoptera,Chrysomelidae,Cryptocephalus,rugicollis,Animalia|Insecta|Coleoptera|Chrysomelidae|Cryptocephalus|rugicollis,Asynaptic Sex Chromosomes,Heterogametic,XY,30
Animalia,Insecta,Coleoptera,Chrysomelidae,Cryptocephalus,sexmaculatus,Animalia|Insecta|Coleoptera|Chrysomelidae|Cryptocephalus|sexmaculatus,Asynaptic Sex Chromosomes,Heterogametic,XY,28
Animalia,Insecta,Coleoptera,Chrysomelidae,Cryptocephalus,sexpunctatus,Animalia|Insecta|Coleoptera|Chrysomelidae|Cryptocephalus|sexpunctatus,Asynaptic Sex Chromosomes,Heterogametic,XY,16
Animalia,Insecta,Coleoptera,Chrysomelidae,Cryptocephalus,sexpustulatus,Animalia|Insecta|Coleoptera|Chrysomelidae|Cryptocephalus|sexpustulatus,Asynaptic Sex Chromosomes,Heterogametic,XY,30
Animalia,Insecta,Coleoptera,Chrysomelidae,Cryptocephalus,sp.,Animalia|Insecta|Coleoptera|Chrysomelidae|Cryptocephalus|sp.,Asynaptic Sex Chromosomes,Heterogametic,XY,30
Animalia,Insecta,Coleoptera,Chrysomelidae,Cryptocephalus,sulphureus,Animalia|Insecta|Coleoptera|Chrysomelidae|Cryptocephalus|sulphureus,Asynaptic Sex Chromosomes,Heterogametic,XY,32
Animalia,Insecta,Coleoptera,Chrysomelidae,Cryptocephalus,triangularis,Animalia|Insecta|Coleoptera|Chrysomelidae|Cryptocephalus|triangularis,Asynaptic Sex Chromosomes,Heterogametic,XY,32
Animalia,Insecta,Coleoptera,Chrysomelidae,Cryptocephalus,violaceus,Animalia|Insecta|Coleoptera|Chrysomelidae|Cryptocephalus|violaceus,Asynaptic Sex Chromosomes,Heterogametic,XY,30
Animalia,Insecta,Coleoptera,Chrysomelidae,Cryptocephalus,vittula,Animalia|Insecta|Coleoptera|Chrysomelidae|Cryptocephalus|vittula,Asynaptic Sex Chromosomes,Heterogametic,XY,28
Animalia,Insecta,Coleoptera,Chrysomelidae,Cteisella,confusa,Animalia|Insecta|Coleoptera|Chrysomelidae|Cteisella|confusa,Asynaptic Sex Chromosomes,Heterogametic,XY,18
Animalia,Insecta,Coleoptera,Chrysomelidae,Cyrtonus,arcasi,Animalia|Insecta|Coleoptera|Chrysomelidae|Cyrtonus|arcasi,Asynaptic Sex Chromosomes,Heterogametic,XY,40
Animalia,Insecta,Coleoptera,Chrysomelidae,Cyrtonus,contractus,Animalia|Insecta|Coleoptera|Chrysomelidae|Cyrtonus|contractus,Asynaptic Sex Chromosomes,Heterogametic,XY,28
Animalia,Insecta,Coleoptera,Chrysomelidae,Cyrtonus,cupreovirens,Animalia|Insecta|Coleoptera|Chrysomelidae|Cyrtonus|cupreovirens,Asynaptic Sex Chromosomes,Heterogametic,XY,28
Animalia,Insecta,Coleoptera,Chrysomelidae,Cyrtonus,cylindricus,Animalia|Insecta|Coleoptera|Chrysomelidae|Cyrtonus|cylindricus,Asynaptic Sex Chromosomes,Heterogametic,XY,28
Animalia,Insecta,Coleoptera,Chrysomelidae,Cyrtonus,dufouri,Animalia|Insecta|Coleoptera|Chrysomelidae|Cyrtonus|dufouri,Asynaptic Sex Chromosomes,Heterogametic,XY,28
Animalia,Insecta,Coleoptera,Chrysomelidae,Cyrtonus,elegans,Animalia|Insecta|Coleoptera|Chrysomelidae|Cyrtonus|elegans,Asynaptic Sex Chromosomes,Heterogametic,XY,28
Animalia,Insecta,Coleoptera,Chrysomelidae,Cyrtonus,fairmarei,Animalia|Insecta|Coleoptera|Chrysomelidae|Cyrtonus|fairmarei,Asynaptic Sex Chromosomes,Heterogametic,XY,40
Animalia,Insecta,Coleoptera,Chrysomelidae,Cyrtonus,majoricensis,Animalia|Insecta|Coleoptera|Chrysomelidae|Cyrtonus|majoricensis,Asynaptic Sex Chromosomes,Heterogametic,XY,28
Animalia,Insecta,Coleoptera,Chrysomelidae,Cyrtonus,pardoi,Animalia|Insecta|Coleoptera|Chrysomelidae|Cyrtonus|pardoi,Asynaptic Sex Chromosomes,Heterogametic,XY,46
Animalia,Insecta,Coleoptera,Chrysomelidae,Cyrtonus,plumbeus,Animalia|Insecta|Coleoptera|Chrysomelidae|Cyrtonus|plumbeus,Asynaptic Sex Chromosomes,Heterogametic,XY,28
Animalia,Insecta,Coleoptera,Chrysomelidae,Cyrtonus,puncticeps,Animalia|Insecta|Coleoptera|Chrysomelidae|Cyrtonus|puncticeps,Asynaptic Sex Chromosomes,Heterogametic,XY,40
Animalia,Insecta,Coleoptera,Chrysomelidae,Cyrtonus,punctipennis,Animalia|Insecta|Coleoptera|Chrysomelidae|Cyrtonus|punctipennis,Asynaptic Sex Chromosomes,Heterogametic,XY,28
Animalia,Insecta,Coleoptera,Chrysomelidae,Cyrtonus,rotundatus,Animalia|Insecta|Coleoptera|Chrysomelidae|Cyrtonus|rotundatus,Asynaptic Sex Chromosomes,Heterogametic,XY,28
Animalia,Insecta,Coleoptera,Chrysomelidae,Cyrtonus,ruficornis,Animalia|Insecta|Coleoptera|Chrysomelidae|Cyrtonus|ruficornis,Asynaptic Sex Chromosomes,Heterogametic,XY,28
Animalia,Insecta,Coleoptera,Chrysomelidae,Cyrtonus,sp.,Animalia|Insecta|Coleoptera|Chrysomelidae|Cyrtonus|sp.,Asynaptic Sex Chromosomes,Heterogametic,XY,28
Animalia,Insecta,Coleoptera,Chrysomelidae,Dactylispa,atkinsoni,Animalia|Insecta|Coleoptera|Chrysomelidae|Dactylispa|atkinsoni,Asynaptic Sex Chromosomes,Heterogametic,XY,16
Animalia,Insecta,Coleoptera,Chrysomelidae,Dactylispa,brevispinosa,Animalia|Insecta|Coleoptera|Chrysomelidae|Dactylispa|brevispinosa,Asynaptic Sex Chromosomes,Heterogametic,XY,16
Animalia,Insecta,Coleoptera,Chrysomelidae,Dactylispa,humeralis,Animalia|Insecta|Coleoptera|Chrysomelidae|Dactylispa|humeralis,Asynaptic Sex Chromosomes,Heterogametic,XY,16
Animalia,Insecta,Coleoptera,Chrysomelidae,Deloyala,cruciata,Animalia|Insecta|Coleoptera|Chrysomelidae|Deloyala|cruciata,Asynaptic Sex Chromosomes,Heterogametic,XY,18
Animalia,Insecta,Coleoptera,Chrysomelidae,Deloyala,guttata,Animalia|Insecta|Coleoptera|Chrysomelidae|Deloyala|guttata,Asynaptic Sex Chromosomes,Heterogametic,XY,18
Animalia,Insecta,Coleoptera,Chrysomelidae,Desmogramma,nigripes,Animalia|Insecta|Coleoptera|Chrysomelidae|Desmogramma|nigripes,Asynaptic Sex Chromosomes,Heterogametic,XY,24
Animalia,Insecta,Coleoptera,Chrysomelidae,Diapromorpha,quadripunctata,Animalia|Insecta|Coleoptera|Chrysomelidae|Diapromorpha|quadripunctata,Asynaptic Sex Chromosomes,Heterogametic,XY,22
Animalia,Insecta,Coleoptera,Chrysomelidae,Diapromorpha,turcica,Animalia|Insecta|Coleoptera|Chrysomelidae|Diapromorpha|turcica,Asynaptic Sex Chromosomes,Heterogametic,XY,22
Animalia,Insecta,Coleoptera,Chrysomelidae,Dibolia,timida,Animalia|Insecta|Coleoptera|Chrysomelidae|Dibolia|timida,Asynaptic Sex Chromosomes,Heterogametic,XY,40
Animalia,Insecta,Coleoptera,Chrysomelidae,Dicladispa,occator,Animalia|Insecta|Coleoptera|Chrysomelidae|Dicladispa|occator,Asynaptic Sex Chromosomes,Heterogametic,XY,16
Animalia,Insecta,Coleoptera,Chrysomelidae,Dicladispa,testacea,Animalia|Insecta|Coleoptera|Chrysomelidae|Dicladispa|testacea,Asynaptic Sex Chromosomes,Heterogametic,XY,16
Animalia,Insecta,Coleoptera,Chrysomelidae,Diphaulaca,arguta,Animalia|Insecta|Coleoptera|Chrysomelidae|Diphaulaca|arguta,Asynaptic Sex Chromosomes,Heterogametic,XY,30
Animalia,Insecta,Coleoptera,Chrysomelidae,Diphaulaca,sp.,Animalia|Insecta|Coleoptera|Chrysomelidae|Diphaulaca|sp.,Asynaptic Sex Chromosomes,Heterogametic,XY,30
Animalia,Insecta,Coleoptera,Chrysomelidae,Disonycha,laevigata,Animalia|Insecta|Coleoptera|Chrysomelidae|Disonycha|laevigata,Asynaptic Sex Chromosomes,Heterogametic,XY,46
Animalia,Insecta,Coleoptera,Chrysomelidae,Donacia,andalusica,Animalia|Insecta|Coleoptera|Chrysomelidae|Donacia|andalusica,Asynaptic Sex Chromosomes,Heterogametic,XY,30
Animalia,Insecta,Coleoptera,Chrysomelidae,Donacia,bicolor,Animalia|Insecta|Coleoptera|Chrysomelidae|Donacia|bicolor,Asynaptic Sex Chromosomes,Heterogametic,XY,30
Animalia,Insecta,Coleoptera,Chrysomelidae,Donacia,biimpressa,Animalia|Insecta|Coleoptera|Chrysomelidae|Donacia|biimpressa,Asynaptic Sex Chromosomes,Heterogametic,XY,30
Animalia,Insecta,Coleoptera,Chrysomelidae,Donacia,clavipes,Animalia|Insecta|Coleoptera|Chrysomelidae|Donacia|clavipes,Asynaptic Sex Chromosomes,Heterogametic,XY,30
Animalia,Insecta,Coleoptera,Chrysomelidae,Donacia,hirticollis,Animalia|Insecta|Coleoptera|Chrysomelidae|Donacia|hirticollis,Asynaptic Sex Chromosomes,Heterogametic,XY,28
Animalia,Insecta,Coleoptera,Chrysomelidae,Donacia,subtilis,Animalia|Insecta|Coleoptera|Chrysomelidae|Donacia|subtilis,Asynaptic Sex Chromosomes,Heterogametic,XY,28
Animalia,Insecta,Coleoptera,Chrysomelidae,Donacia,vulgaris,Animalia|Insecta|Coleoptera|Chrysomelidae|Donacia|vulgaris,Asynaptic Sex Chromosomes,Heterogametic,XY,30
Animalia,Insecta,Coleoptera,Chrysomelidae,Entomoscelis,adonidis,Animalia|Insecta|Coleoptera|Chrysomelidae|Entomoscelis|adonidis,Asynaptic Sex Chromosomes,Heterogametic,XY,26
Animalia,Insecta,Coleoptera,Chrysomelidae,Entomoscelis,sacra,Animalia|Insecta|Coleoptera|Chrysomelidae|Entomoscelis|sacra,Asynaptic Sex Chromosomes,Heterogametic,XY,26
Animalia,Insecta,Coleoptera,Chrysomelidae,Epitrix,cucumeris,Animalia|Insecta|Coleoptera|Chrysomelidae|Epitrix|cucumeris,Asynaptic Sex Chromosomes,Heterogametic,XY,26
Animalia,Insecta,Coleoptera,Chrysomelidae,Epitrix,fasciata,Animalia|Insecta|Coleoptera|Chrysomelidae|Epitrix|fasciata,Asynaptic Sex Chromosomes,Heterogametic,XY,26
Animalia,Insecta,Coleoptera,Chrysomelidae,Erganoides,sp.,Animalia|Insecta|Coleoptera|Chrysomelidae|Erganoides|sp.,Asynaptic Sex Chromosomes,Heterogametic,XY,26
Animalia,Insecta,Coleoptera,Chrysomelidae,Estignema,chinensis,Animalia|Insecta|Coleoptera|Chrysomelidae|Estignema|chinensis,Asynaptic Sex Chromosomes,Heterogametic,XY,18
Animalia,Insecta,Coleoptera,Chrysomelidae,Eumolpus,sp.,Animalia|Insecta|Coleoptera|Chrysomelidae|Eumolpus|sp.,Asynaptic Sex Chromosomes,Heterogametic,XY,22
Animalia,Insecta,Coleoptera,Chrysomelidae,Eumolpus,surinamensis,Animalia|Insecta|Coleoptera|Chrysomelidae|Eumolpus|surinamensis,Asynaptic Sex Chromosomes,Heterogametic,XY,22
Animalia,Insecta,Coleoptera,Chrysomelidae,Eurypedus,thoni,Animalia|Insecta|Coleoptera|Chrysomelidae|Eurypedus|thoni,Asynaptic Sex Chromosomes,Heterogametic,XY,20
Animalia,Insecta,Coleoptera,Chrysomelidae,Eurypepla,jamaicensis,Animalia|Insecta|Coleoptera|Chrysomelidae|Eurypepla|jamaicensis,Asynaptic Sex Chromosomes,Heterogametic,XY,18
Animalia,Insecta,Coleoptera,Chrysomelidae,Forsterita,sp.,Animalia|Insecta|Coleoptera|Chrysomelidae|Forsterita|sp.,Asynaptic Sex Chromosomes,Heterogametic,XY,24
Animalia,Insecta,Coleoptera,Chrysomelidae,Galeruca,angusta,Animalia|Insecta|Coleoptera|Chrysomelidae|Galeruca|angusta,Asynaptic Sex Chromosomes,Heterogametic,XY,44
Animalia,Insecta,Coleoptera,Chrysomelidae,Galeruca,artemisiae,Animalia|Insecta|Coleoptera|Chrysomelidae|Galeruca|artemisiae,Asynaptic Sex Chromosomes,Heterogametic,XY,44
Animalia,Insecta,Coleoptera,Chrysomelidae,Galeruca,indica,Animalia|Insecta|Coleoptera|Chrysomelidae|Galeruca|indica,Asynaptic Sex Chromosomes,Heterogametic,XY,46
Animalia,Insecta,Coleoptera,Chrysomelidae,Galeruca,miegi,Animalia|Insecta|Coleoptera|Chrysomelidae|Galeruca|miegi,Asynaptic Sex Chromosomes,Heterogametic,XY,38
Animalia,Insecta,Coleoptera,Chrysomelidae,Galeruca,monticola,Animalia|Insecta|Coleoptera|Chrysomelidae|Galeruca|monticola,Asynaptic Sex Chromosomes,Heterogametic,XY,38
Animalia,Insecta,Coleoptera,Chrysomelidae,Galeruca,taceti,Animalia|Insecta|Coleoptera|Chrysomelidae|Galeruca|taceti,Asynaptic Sex Chromosomes,Heterogametic,XY,40
Animalia,Insecta,Coleoptera,Chrysomelidae,Galerucella,bicolor,Animalia|Insecta|Coleoptera|Chrysomelidae|Galerucella|bicolor,Asynaptic Sex Chromosomes,Heterogametic,XY,44
Animalia,Insecta,Coleoptera,Chrysomelidae,Galerucella,bimarnica,Animalia|Insecta|Coleoptera|Chrysomelidae|Galerucella|bimarnica,Asynaptic Sex Chromosomes,Heterogametic,XY,34
Animalia,Insecta,Coleoptera,Chrysomelidae,Galerucella,calmariensis,Animalia|Insecta|Coleoptera|Chrysomelidae|Galerucella|calmariensis,Asynaptic Sex Chromosomes,Heterogametic,XY,34
Animalia,Insecta,Coleoptera,Chrysomelidae,Galerucella,cavicollis,Animalia|Insecta|Coleoptera|Chrysomelidae|Galerucella|cavicollis,Asynaptic Sex Chromosomes,Heterogametic,XY,34
Animalia,Insecta,Coleoptera,Chrysomelidae,Galerucella,lineola,Animalia|Insecta|Coleoptera|Chrysomelidae|Galerucella|lineola,Asynaptic Sex Chromosomes,Heterogametic,XY,34
Animalia,Insecta,Coleoptera,Chrysomelidae,Galerucella,nymphae,Animalia|Insecta|Coleoptera|Chrysomelidae|Galerucella|nymphae,Asynaptic Sex Chromosomes,Heterogametic,XY,34
Animalia,Insecta,Coleoptera,Chrysomelidae,Galerucella,placida,Animalia|Insecta|Coleoptera|Chrysomelidae|Galerucella|placida,Asynaptic Sex Chromosomes,Heterogametic,XY,38
Animalia,Insecta,Coleoptera,Chrysomelidae,Galerucella,sp.,Animalia|Insecta|Coleoptera|Chrysomelidae|Galerucella|sp.,Asynaptic Sex Chromosomes,Heterogametic,XY,34
Animalia,Insecta,Coleoptera,Chrysomelidae,Galerucella,tenella,Animalia|Insecta|Coleoptera|Chrysomelidae|Galerucella|tenella,Asynaptic Sex Chromosomes,Heterogametic,XY,26
Animalia,Insecta,Coleoptera,Chrysomelidae,Galerucella,vaccinii,Animalia|Insecta|Coleoptera|Chrysomelidae|Galerucella|vaccinii,Asynaptic Sex Chromosomes,Heterogametic,XY,34
Animalia,Insecta,Coleoptera,Chrysomelidae,Gastrophysa,cyanea,Animalia|Insecta|Coleoptera|Chrysomelidae|Gastrophysa|cyanea,Asynaptic Sex Chromosomes,Heterogametic,XY,30
Animalia,Insecta,Coleoptera,Chrysomelidae,Gastrophysa,poligoni,Animalia|Insecta|Coleoptera|Chrysomelidae|Gastrophysa|poligoni,Asynaptic Sex Chromosomes,Heterogametic,XY,24
Animalia,Insecta,Coleoptera,Chrysomelidae,Gastrophysa,viridula,Animalia|Insecta|Coleoptera|Chrysomelidae|Gastrophysa|viridula,Asynaptic Sex Chromosomes,Heterogametic,XY,28
Animalia,Insecta,Coleoptera,Chrysomelidae,Genus,nr.,Animalia|Insecta|Coleoptera|Chrysomelidae|Genus|nr.,Asynaptic Sex Chromosomes,Heterogametic,XY,32
Animalia,Insecta,Coleoptera,Chrysomelidae,Glyphocassis,trilineata,Animalia|Insecta|Coleoptera|Chrysomelidae|Glyphocassis|trilineata,Asynaptic Sex Chromosomes,Heterogametic,XY,18
Animalia,Insecta,Coleoptera,Chrysomelidae,Glyptoscelis,chontalensis,Animalia|Insecta|Coleoptera|Chrysomelidae|Glyptoscelis|chontalensis,Asynaptic Sex Chromosomes,Heterogametic,XY,20
Animalia,Insecta,Coleoptera,Chrysomelidae,Glyptoscelis,sp.,Animalia|Insecta|Coleoptera|Chrysomelidae|Glyptoscelis|sp.,Asynaptic Sex Chromosomes,Heterogametic,XY,16
Animalia,Insecta,Coleoptera,Chrysomelidae,Gonioctena,americana,Animalia|Insecta|Coleoptera|Chrysomelidae|Gonioctena|americana,Asynaptic Sex Chromosomes,Heterogametic,XY,24
Animalia,Insecta,Coleoptera,Chrysomelidae,Gonioctena,linnaeana,Animalia|Insecta|Coleoptera|Chrysomelidae|Gonioctena|linnaeana,Asynaptic Sex Chromosomes,Heterogametic,XY,24
Animalia,Insecta,Coleoptera,Chrysomelidae,Gonioctena,nivosa,Animalia|Insecta|Coleoptera|Chrysomelidae|Gonioctena|nivosa,Asynaptic Sex Chromosomes,Heterogametic,XY,24
Animalia,Insecta,Coleoptera,Chrysomelidae,Gonioctena,quinquepunctata,Animalia|Insecta|Coleoptera|Chrysomelidae|Gonioctena|quinquepunctata,Asynaptic Sex Chromosomes,Heterogametic,XY,24
Animalia,Insecta,Coleoptera,Chrysomelidae,Gonioctena,sibirica,Animalia|Insecta|Coleoptera|Chrysomelidae|Gonioctena|sibirica,Asynaptic Sex Chromosomes,Heterogametic,XY,24
Animalia,Insecta,Coleoptera,Chrysomelidae,Gonioctena,springlovae,Animalia|Insecta|Coleoptera|Chrysomelidae|Gonioctena|springlovae,Asynaptic Sex Chromosomes,Heterogametic,XY,40
Animalia,Insecta,Coleoptera,Chrysomelidae,Gonioctena,variabilis,Animalia|Insecta|Coleoptera|Chrysomelidae|Gonioctena|variabilis,Asynaptic Sex Chromosomes,Heterogametic,XY,24
Animalia,Insecta,Coleoptera,Chrysomelidae,Gonioctena,vimilis,Animalia|Insecta|Coleoptera|Chrysomelidae|Gonioctena|vimilis,Asynaptic Sex Chromosomes,Heterogametic,XY,24
Animalia,Insecta,Coleoptera,Chrysomelidae,Gratiana,lutescens,Animalia|Insecta|Coleoptera|Chrysomelidae|Gratiana|lutescens,Asynaptic Sex Chromosomes,Heterogametic,XY,18
Animalia,Insecta,Coleoptera,Chrysomelidae,Gratiana,pallidula,Animalia|Insecta|Coleoptera|Chrysomelidae|Gratiana|pallidula,Asynaptic Sex Chromosomes,Heterogametic,XY,18
Animalia,Insecta,Coleoptera,Chrysomelidae,Gratiana,spadicea,Animalia|Insecta|Coleoptera|Chrysomelidae|Gratiana|spadicea,Asynaptic Sex Chromosomes,Heterogametic,XY,20
Animalia,Insecta,Coleoptera,Chrysomelidae,Helocassis,clavata,Animalia|Insecta|Coleoptera|Chrysomelidae|Helocassis|clavata,Asynaptic Sex Chromosomes,Heterogametic,XY,18
Animalia,Insecta,Coleoptera,Chrysomelidae,Henicotherus,porteri,Animalia|Insecta|Coleoptera|Chrysomelidae|Henicotherus|porteri,Asynaptic Sex Chromosomes,Heterogametic,XY,28
Animalia,Insecta,Coleoptera,Chrysomelidae,Hilarocassis,exclamationis,Animalia|Insecta|Coleoptera|Chrysomelidae|Hilarocassis|exclamationis,Asynaptic Sex Chromosomes,Heterogametic,NA,34
Animalia,Insecta,Coleoptera,Chrysomelidae,Hispa,atra,Animalia|Insecta|Coleoptera|Chrysomelidae|Hispa|atra,Asynaptic Sex Chromosomes,Heterogametic,XY,16
Animalia,Insecta,Coleoptera,Chrysomelidae,Hydrothassa,glabra,Animalia|Insecta|Coleoptera|Chrysomelidae|Hydrothassa|glabra,Asynaptic Sex Chromosomes,Heterogametic,XY,34
Animalia,Insecta,Coleoptera,Chrysomelidae,Hypolampsis,sp.,Animalia|Insecta|Coleoptera|Chrysomelidae|Hypolampsis|sp.,Asynaptic Sex Chromosomes,Heterogametic,XY,22
Animalia,Insecta,Coleoptera,Chrysomelidae,Jolivetia,obscura,Animalia|Insecta|Coleoptera|Chrysomelidae|Jolivetia|obscura,Asynaptic Sex Chromosomes,Heterogametic,XY,28
Animalia,Insecta,Coleoptera,Chrysomelidae,Kanarella,sp.,Animalia|Insecta|Coleoptera|Chrysomelidae|Kanarella|sp.,Asynaptic Sex Chromosomes,Heterogametic,XY,26
Animalia,Insecta,Coleoptera,Chrysomelidae,Laccoptera,quadrimaculata,Animalia|Insecta|Coleoptera|Chrysomelidae|Laccoptera|quadrimaculata,Asynaptic Sex Chromosomes,Heterogametic,XY,18
Animalia,Insecta,Coleoptera,Chrysomelidae,Lachnaia,pubescens,Animalia|Insecta|Coleoptera|Chrysomelidae|Lachnaia|pubescens,Asynaptic Sex Chromosomes,Heterogametic,XY,24
Animalia,Insecta,Coleoptera,Chrysomelidae,Lema,cerea,Animalia|Insecta|Coleoptera|Chrysomelidae|Lema|cerea,Asynaptic Sex Chromosomes,Heterogametic,XY,14
Animalia,Insecta,Coleoptera,Chrysomelidae,Lema,coromandeliana,Animalia|Insecta|Coleoptera|Chrysomelidae|Lema|coromandeliana,Asynaptic Sex Chromosomes,Heterogametic,XY,16
Animalia,Insecta,Coleoptera,Chrysomelidae,Lema,cyanea,Animalia|Insecta|Coleoptera|Chrysomelidae|Lema|cyanea,Asynaptic Sex Chromosomes,Heterogametic,XY,24
Animalia,Insecta,Coleoptera,Chrysomelidae,Lema,cyanella,Animalia|Insecta|Coleoptera|Chrysomelidae|Lema|cyanella,Asynaptic Sex Chromosomes,Heterogametic,XY,16
Animalia,Insecta,Coleoptera,Chrysomelidae,Lema,dorsalis,Animalia|Insecta|Coleoptera|Chrysomelidae|Lema|dorsalis,Asynaptic Sex Chromosomes,Heterogametic,XY,18
Animalia,Insecta,Coleoptera,Chrysomelidae,Lema,n.sp.,Animalia|Insecta|Coleoptera|Chrysomelidae|Lema|n.sp.,Asynaptic Sex Chromosomes,Heterogametic,XY,16
Animalia,Insecta,Coleoptera,Chrysomelidae,Lema,nigripes,Animalia|Insecta|Coleoptera|Chrysomelidae|Lema|nigripes,Asynaptic Sex Chromosomes,Heterogametic,XY,18
Animalia,Insecta,Coleoptera,Chrysomelidae,Lema,nigrrofrontalis,Animalia|Insecta|Coleoptera|Chrysomelidae|Lema|nigrrofrontalis,Asynaptic Sex Chromosomes,Heterogametic,XY,16
Animalia,Insecta,Coleoptera,Chrysomelidae,Lema,praeusta,Animalia|Insecta|Coleoptera|Chrysomelidae|Lema|praeusta,Asynaptic Sex Chromosomes,Heterogametic,XY,16
Animalia,Insecta,Coleoptera,Chrysomelidae,Lema,rufotestacea,Animalia|Insecta|Coleoptera|Chrysomelidae|Lema|rufotestacea,Asynaptic Sex Chromosomes,Heterogametic,XY,14
Animalia,Insecta,Coleoptera,Chrysomelidae,Lema,semifulva,Animalia|Insecta|Coleoptera|Chrysomelidae|Lema|semifulva,Asynaptic Sex Chromosomes,Heterogametic,XY,16
Animalia,Insecta,Coleoptera,Chrysomelidae,Lema,termita,Animalia|Insecta|Coleoptera|Chrysomelidae|Lema|termita,Asynaptic Sex Chromosomes,Heterogametic,XY,16
Animalia,Insecta,Coleoptera,Chrysomelidae,Lema,trilineata,Animalia|Insecta|Coleoptera|Chrysomelidae|Lema|trilineata,Asynaptic Sex Chromosomes,Heterogametic,XY,32
Animalia,Insecta,Coleoptera,Chrysomelidae,Leptinotarsa,decimlineata,Animalia|Insecta|Coleoptera|Chrysomelidae|Leptinotarsa|decimlineata,Asynaptic Sex Chromosomes,Heterogametic,XY,36
Animalia,Insecta,Coleoptera,Chrysomelidae,Leucocera,laevicollis,Animalia|Insecta|Coleoptera|Chrysomelidae|Leucocera|laevicollis,Asynaptic Sex Chromosomes,Heterogametic,XY,24
Animalia,Insecta,Coleoptera,Chrysomelidae,Lilioceris,impressa,Animalia|Insecta|Coleoptera|Chrysomelidae|Lilioceris|impressa,Asynaptic Sex Chromosomes,Heterogametic,XY,20
Animalia,Insecta,Coleoptera,Chrysomelidae,Lilioceris,lilii,Animalia|Insecta|Coleoptera|Chrysomelidae|Lilioceris|lilii,Asynaptic Sex Chromosomes,Heterogametic,XY,22
Animalia,Insecta,Coleoptera,Chrysomelidae,Linaeidea,aenea,Animalia|Insecta|Coleoptera|Chrysomelidae|Linaeidea|aenea,Asynaptic Sex Chromosomes,Heterogametic,XY,34
Animalia,Insecta,Coleoptera,Chrysomelidae,Lysathia,ludoviciana,Animalia|Insecta|Coleoptera|Chrysomelidae|Lysathia|ludoviciana,Asynaptic Sex Chromosomes,Heterogametic,XY,24
Animalia,Insecta,Coleoptera,Chrysomelidae,Lysathia,occidentalis,Animalia|Insecta|Coleoptera|Chrysomelidae|Lysathia|occidentalis,Asynaptic Sex Chromosomes,Heterogametic,XY,24
Animalia,Insecta,Coleoptera,Chrysomelidae,Lysathia,sp.,Animalia|Insecta|Coleoptera|Chrysomelidae|Lysathia|sp.,Asynaptic Sex Chromosomes,Heterogametic,XY,24
Animalia,Insecta,Coleoptera,Chrysomelidae,Macrocoma,rufotibialis,Animalia|Insecta|Coleoptera|Chrysomelidae|Macrocoma|rufotibialis,Asynaptic Sex Chromosomes,Heterogametic,XY,16
Animalia,Insecta,Coleoptera,Chrysomelidae,Macrohaltica,jamaicensis,Animalia|Insecta|Coleoptera|Chrysomelidae|Macrohaltica|jamaicensis,Asynaptic Sex Chromosomes,Heterogametic,XY,24
Animalia,Insecta,Coleoptera,Chrysomelidae,Macrohaltica,mexica,Animalia|Insecta|Coleoptera|Chrysomelidae|Macrohaltica|mexica,Asynaptic Sex Chromosomes,Heterogametic,XY,26
Animalia,Insecta,Coleoptera,Chrysomelidae,Macrohaltica,transversa,Animalia|Insecta|Coleoptera|Chrysomelidae|Macrohaltica|transversa,Asynaptic Sex Chromosomes,Heterogametic,XY,24
Animalia,Insecta,Coleoptera,Chrysomelidae,Merilia,sublunata,Animalia|Insecta|Coleoptera|Chrysomelidae|Merilia|sublunata,Asynaptic Sex Chromosomes,Heterogametic,XY,22
Animalia,Insecta,Coleoptera,Chrysomelidae,Mesoplatys,cincta,Animalia|Insecta|Coleoptera|Chrysomelidae|Mesoplatys|cincta,Asynaptic Sex Chromosomes,Heterogametic,XY,24
Animalia,Insecta,Coleoptera,Chrysomelidae,Metriona,elatior,Animalia|Insecta|Coleoptera|Chrysomelidae|Metriona|elatior,Asynaptic Sex Chromosomes,Heterogametic,XY,18
Animalia,Insecta,Coleoptera,Chrysomelidae,Microrhopala,vittata,Animalia|Insecta|Coleoptera|Chrysomelidae|Microrhopala|vittata,Asynaptic Sex Chromosomes,Heterogametic,XY,32
Animalia,Insecta,Coleoptera,Chrysomelidae,Microtenochira,aciculata,Animalia|Insecta|Coleoptera|Chrysomelidae|Microtenochira|aciculata,Asynaptic Sex Chromosomes,Heterogametic,XY,18
Animalia,Insecta,Coleoptera,Chrysomelidae,Microtenochira,optata,Animalia|Insecta|Coleoptera|Chrysomelidae|Microtenochira|optata,Asynaptic Sex Chromosomes,Heterogametic,XY,18
Animalia,Insecta,Coleoptera,Chrysomelidae,Microtenochira,quadrata,Animalia|Insecta|Coleoptera|Chrysomelidae|Microtenochira|quadrata,Asynaptic Sex Chromosomes,Heterogametic,XY,18
Animalia,Insecta,Coleoptera,Chrysomelidae,Microtheca,ochroloma,Animalia|Insecta|Coleoptera|Chrysomelidae|Microtheca|ochroloma,Asynaptic Sex Chromosomes,Heterogametic,XY,28
Animalia,Insecta,Coleoptera,Chrysomelidae,Monolepta,erythrocephala,Animalia|Insecta|Coleoptera|Chrysomelidae|Monolepta|erythrocephala,Asynaptic Sex Chromosomes,Heterogametic,XY,26
Animalia,Insecta,Coleoptera,Chrysomelidae,Monolepta,sexsigta,Animalia|Insecta|Coleoptera|Chrysomelidae|Monolepta|sexsigta,Asynaptic Sex Chromosomes,Heterogametic,XY,18
Animalia,Insecta,Coleoptera,Chrysomelidae,Monolepta,sigta,Animalia|Insecta|Coleoptera|Chrysomelidae|Monolepta|sigta,Asynaptic Sex Chromosomes,Heterogametic,XY,18
Animalia,Insecta,Coleoptera,Chrysomelidae,Monoxia,apicalis,Animalia|Insecta|Coleoptera|Chrysomelidae|Monoxia|apicalis,Asynaptic Sex Chromosomes,Heterogametic,XY,32
Animalia,Insecta,Coleoptera,Chrysomelidae,Monoxia,guttulata,Animalia|Insecta|Coleoptera|Chrysomelidae|Monoxia|guttulata,Asynaptic Sex Chromosomes,Heterogametic,XY,18
Animalia,Insecta,Coleoptera,Chrysomelidae,Monoxia,obesula,Animalia|Insecta|Coleoptera|Chrysomelidae|Monoxia|obesula,Asynaptic Sex Chromosomes,Heterogametic,XY,38
Animalia,Insecta,Coleoptera,Chrysomelidae,Monoxia,sp,Animalia|Insecta|Coleoptera|Chrysomelidae|Monoxia|sp,Asynaptic Sex Chromosomes,Heterogametic,XY,18
Animalia,Insecta,Coleoptera,Chrysomelidae,Monoxia,sp.,Animalia|Insecta|Coleoptera|Chrysomelidae|Monoxia|sp.,Asynaptic Sex Chromosomes,Heterogametic,XY,20
Animalia,Insecta,Coleoptera,Chrysomelidae,Neocrepidodera,transversa,Animalia|Insecta|Coleoptera|Chrysomelidae|Neocrepidodera|transversa,Asynaptic Sex Chromosomes,Heterogametic,XY,38
Animalia,Insecta,Coleoptera,Chrysomelidae,Nodonota,aridicola,Animalia|Insecta|Coleoptera|Chrysomelidae|Nodonota|aridicola,Asynaptic Sex Chromosomes,Heterogametic,XY,12
Animalia,Insecta,Coleoptera,Chrysomelidae,Nodonota,lateralis,Animalia|Insecta|Coleoptera|Chrysomelidae|Nodonota|lateralis,Asynaptic Sex Chromosomes,Heterogametic,XY,12
Animalia,Insecta,Coleoptera,Chrysomelidae,Nodonota,puncticollis,Animalia|Insecta|Coleoptera|Chrysomelidae|Nodonota|puncticollis,Asynaptic Sex Chromosomes,Heterogametic,XY,12
Animalia,Insecta,Coleoptera,Chrysomelidae,Nodonota,virdis,Animalia|Insecta|Coleoptera|Chrysomelidae|Nodonota|virdis,Asynaptic Sex Chromosomes,Heterogametic,XY,16
Animalia,Insecta,Coleoptera,Chrysomelidae,Notosacantha,maculipennis,Animalia|Insecta|Coleoptera|Chrysomelidae|Notosacantha|maculipennis,Asynaptic Sex Chromosomes,Heterogametic,XY,16
Animalia,Insecta,Coleoptera,Chrysomelidae,Octotoma,scabripennis,Animalia|Insecta|Coleoptera|Chrysomelidae|Octotoma|scabripennis,Asynaptic Sex Chromosomes,Heterogametic,XY,20
Animalia,Insecta,Coleoptera,Chrysomelidae,Odontota,dorsalis,Animalia|Insecta|Coleoptera|Chrysomelidae|Odontota|dorsalis,Asynaptic Sex Chromosomes,Heterogametic,XY,16
Animalia,Insecta,Coleoptera,Chrysomelidae,Oedionychus,cinctus,Animalia|Insecta|Coleoptera|Chrysomelidae|Oedionychus|cinctus,Asynaptic Sex Chromosomes,Heterogametic,XY,16
Animalia,Insecta,Coleoptera,Chrysomelidae,Oedionychus,limbatus,Animalia|Insecta|Coleoptera|Chrysomelidae|Oedionychus|limbatus,Asynaptic Sex Chromosomes,Heterogametic,XY,16
Animalia,Insecta,Coleoptera,Chrysomelidae,Oedionychus,sp.,Animalia|Insecta|Coleoptera|Chrysomelidae|Oedionychus|sp.,Asynaptic Sex Chromosomes,Heterogametic,XY,22
Animalia,Insecta,Coleoptera,Chrysomelidae,Oedionychus,umbratica,Animalia|Insecta|Coleoptera|Chrysomelidae|Oedionychus|umbratica,Asynaptic Sex Chromosomes,Heterogametic,XY,22
Animalia,Insecta,Coleoptera,Chrysomelidae,Omophoita,aequatorialis,Animalia|Insecta|Coleoptera|Chrysomelidae|Omophoita|aequatorialis,Asynaptic Sex Chromosomes,Heterogametic,XY,22
Animalia,Insecta,Coleoptera,Chrysomelidae,Omophoita,aequinoctialis,Animalia|Insecta|Coleoptera|Chrysomelidae|Omophoita|aequinoctialis,Asynaptic Sex Chromosomes,Heterogametic,XY,22
Animalia,Insecta,Coleoptera,Chrysomelidae,Omophoita,albicollis,Animalia|Insecta|Coleoptera|Chrysomelidae|Omophoita|albicollis,Asynaptic Sex Chromosomes,Heterogametic,XY,22
Animalia,Insecta,Coleoptera,Chrysomelidae,Omophoita,angustolineata,Animalia|Insecta|Coleoptera|Chrysomelidae|Omophoita|angustolineata,Asynaptic Sex Chromosomes,Heterogametic,XY,22
Animalia,Insecta,Coleoptera,Chrysomelidae,Omophoita,annularis,Animalia|Insecta|Coleoptera|Chrysomelidae|Omophoita|annularis,Asynaptic Sex Chromosomes,Heterogametic,XY,22
Animalia,Insecta,Coleoptera,Chrysomelidae,Omophoita,clerica,Animalia|Insecta|Coleoptera|Chrysomelidae|Omophoita|clerica,Asynaptic Sex Chromosomes,Heterogametic,NA,22
Animalia,Insecta,Coleoptera,Chrysomelidae,Omophoita,cyanipennis,Animalia|Insecta|Coleoptera|Chrysomelidae|Omophoita|cyanipennis,Asynaptic Sex Chromosomes,Heterogametic,XY,22
Animalia,Insecta,Coleoptera,Chrysomelidae,Omophoita,latitarsis,Animalia|Insecta|Coleoptera|Chrysomelidae|Omophoita|latitarsis,Asynaptic Sex Chromosomes,Heterogametic,XY,22
Animalia,Insecta,Coleoptera,Chrysomelidae,Omophoita,luta,Animalia|Insecta|Coleoptera|Chrysomelidae|Omophoita|luta,Asynaptic Sex Chromosomes,Heterogametic,XY,24
Animalia,Insecta,Coleoptera,Chrysomelidae,Omophoita,magniguttis,Animalia|Insecta|Coleoptera|Chrysomelidae|Omophoita|magniguttis,Asynaptic Sex Chromosomes,Heterogametic,XY,22
Animalia,Insecta,Coleoptera,Chrysomelidae,Omophoita,octoguttata,Animalia|Insecta|Coleoptera|Chrysomelidae|Omophoita|octoguttata,Asynaptic Sex Chromosomes,Heterogametic,XY,22
Animalia,Insecta,Coleoptera,Chrysomelidae,Omophoita,persota,Animalia|Insecta|Coleoptera|Chrysomelidae|Omophoita|persota,Asynaptic Sex Chromosomes,Heterogametic,XY,22
Animalia,Insecta,Coleoptera,Chrysomelidae,Omophoita,quadrinotata,Animalia|Insecta|Coleoptera|Chrysomelidae|Omophoita|quadrinotata,Asynaptic Sex Chromosomes,Heterogametic,XY,22
Animalia,Insecta,Coleoptera,Chrysomelidae,Omophoita,sexnotata,Animalia|Insecta|Coleoptera|Chrysomelidae|Omophoita|sexnotata,Asynaptic Sex Chromosomes,Heterogametic,XY,22
Animalia,Insecta,Coleoptera,Chrysomelidae,Omophoita,superba,Animalia|Insecta|Coleoptera|Chrysomelidae|Omophoita|superba,Asynaptic Sex Chromosomes,Heterogametic,XY,22
Animalia,Insecta,Coleoptera,Chrysomelidae,Oocassida,pudibunda,Animalia|Insecta|Coleoptera|Chrysomelidae|Oocassida|pudibunda,Asynaptic Sex Chromosomes,Heterogametic,XY,NA
Animalia,Insecta,Coleoptera,Chrysomelidae,Ophrida,marmorea,Animalia|Insecta|Coleoptera|Chrysomelidae|Ophrida|marmorea,Asynaptic Sex Chromosomes,Heterogametic,XY,32
Animalia,Insecta,Coleoptera,Chrysomelidae,Oreina,elongata,Animalia|Insecta|Coleoptera|Chrysomelidae|Oreina|elongata,Asynaptic Sex Chromosomes,Heterogametic,XY,24
Animalia,Insecta,Coleoptera,Chrysomelidae,Oreina,fairmairiana,Animalia|Insecta|Coleoptera|Chrysomelidae|Oreina|fairmairiana,Asynaptic Sex Chromosomes,Heterogametic,XY,24
Animalia,Insecta,Coleoptera,Chrysomelidae,Oreina,ganglbaueri,Animalia|Insecta|Coleoptera|Chrysomelidae|Oreina|ganglbaueri,Asynaptic Sex Chromosomes,Heterogametic,XY,24
Animalia,Insecta,Coleoptera,Chrysomelidae,Oreina,intricata,Animalia|Insecta|Coleoptera|Chrysomelidae|Oreina|intricata,Asynaptic Sex Chromosomes,Heterogametic,XY,24
Animalia,Insecta,Coleoptera,Chrysomelidae,Oreina,variabilis,Animalia|Insecta|Coleoptera|Chrysomelidae|Oreina|variabilis,Asynaptic Sex Chromosomes,Heterogametic,XY,24
Animalia,Insecta,Coleoptera,Chrysomelidae,Oreina,virgulata,Animalia|Insecta|Coleoptera|Chrysomelidae|Oreina|virgulata,Asynaptic Sex Chromosomes,Heterogametic,XY,24
Animalia,Insecta,Coleoptera,Chrysomelidae,Oreinana,alpestris,Animalia|Insecta|Coleoptera|Chrysomelidae|Oreinana|alpestris,Asynaptic Sex Chromosomes,Heterogametic,XY,24
Animalia,Insecta,Coleoptera,Chrysomelidae,Oreinana,cacaliae,Animalia|Insecta|Coleoptera|Chrysomelidae|Oreinana|cacaliae,Asynaptic Sex Chromosomes,Heterogametic,XY,24
Animalia,Insecta,Coleoptera,Chrysomelidae,Oulema,downesi,Animalia|Insecta|Coleoptera|Chrysomelidae|Oulema|downesi,Asynaptic Sex Chromosomes,Heterogametic,XY,22
Animalia,Insecta,Coleoptera,Chrysomelidae,Oulema,gallaecia,Animalia|Insecta|Coleoptera|Chrysomelidae|Oulema|gallaecia,Asynaptic Sex Chromosomes,Heterogametic,XY,16
Animalia,Insecta,Coleoptera,Chrysomelidae,Oulema,hoffmannseggi,Animalia|Insecta|Coleoptera|Chrysomelidae|Oulema|hoffmannseggi,Asynaptic Sex Chromosomes,Heterogametic,XY,16
Animalia,Insecta,Coleoptera,Chrysomelidae,Oulema,melanopus,Animalia|Insecta|Coleoptera|Chrysomelidae|Oulema|melanopus,Asynaptic Sex Chromosomes,Heterogametic,XY,16
Animalia,Insecta,Coleoptera,Chrysomelidae,Oulema,tristis,Animalia|Insecta|Coleoptera|Chrysomelidae|Oulema|tristis,Asynaptic Sex Chromosomes,Heterogametic,XY,16
Animalia,Insecta,Coleoptera,Chrysomelidae,Oxylepus,deflexicollis,Animalia|Insecta|Coleoptera|Chrysomelidae|Oxylepus|deflexicollis,Asynaptic Sex Chromosomes,Heterogametic,XY,18
Animalia,Insecta,Coleoptera,Chrysomelidae,Pachybrachus,azuereus,Animalia|Insecta|Coleoptera|Chrysomelidae|Pachybrachus|azuereus,Asynaptic Sex Chromosomes,Heterogametic,XY,16
Animalia,Insecta,Coleoptera,Chrysomelidae,Pachybrachus,bivittatus,Animalia|Insecta|Coleoptera|Chrysomelidae|Pachybrachus|bivittatus,Asynaptic Sex Chromosomes,Heterogametic,XY,16
Animalia,Insecta,Coleoptera,Chrysomelidae,Pachybrachus,catalonicus,Animalia|Insecta|Coleoptera|Chrysomelidae|Pachybrachus|catalonicus,Asynaptic Sex Chromosomes,Heterogametic,XY,16
Animalia,Insecta,Coleoptera,Chrysomelidae,Pachybrachus,melanostrictus,Animalia|Insecta|Coleoptera|Chrysomelidae|Pachybrachus|melanostrictus,Asynaptic Sex Chromosomes,Heterogametic,XY,16
Animalia,Insecta,Coleoptera,Chrysomelidae,Pachybrachus,peccans,Animalia|Insecta|Coleoptera|Chrysomelidae|Pachybrachus|peccans,Asynaptic Sex Chromosomes,Heterogametic,XY,16
Animalia,Insecta,Coleoptera,Chrysomelidae,Pachybrachus,petitpierrei,Animalia|Insecta|Coleoptera|Chrysomelidae|Pachybrachus|petitpierrei,Asynaptic Sex Chromosomes,Heterogametic,XY,16
Animalia,Insecta,Coleoptera,Chrysomelidae,Pachymerus,chinensis,Animalia|Insecta|Coleoptera|Chrysomelidae|Pachymerus|chinensis,Asynaptic Sex Chromosomes,Heterogametic,XY,20
Animalia,Insecta,Coleoptera,Chrysomelidae,Paranaita,bilimbata,Animalia|Insecta|Coleoptera|Chrysomelidae|Paranaita|bilimbata,Asynaptic Sex Chromosomes,Heterogametic,XY,22
Animalia,Insecta,Coleoptera,Chrysomelidae,Paranaita,opima,Animalia|Insecta|Coleoptera|Chrysomelidae|Paranaita|opima,Asynaptic Sex Chromosomes,Heterogametic,XY,22
Animalia,Insecta,Coleoptera,Chrysomelidae,Paranaita,sanguinipes,Animalia|Insecta|Coleoptera|Chrysomelidae|Paranaita|sanguinipes,Asynaptic Sex Chromosomes,Heterogametic,XY,22
Animalia,Insecta,Coleoptera,Chrysomelidae,Paraselenis,flava,Animalia|Insecta|Coleoptera|Chrysomelidae|Paraselenis|flava,Asynaptic Sex Chromosomes,Heterogametic,XY,42
Animalia,Insecta,Coleoptera,Chrysomelidae,Parasyphraea,sp.,Animalia|Insecta|Coleoptera|Chrysomelidae|Parasyphraea|sp.,Asynaptic Sex Chromosomes,Heterogametic,XY,20
Animalia,Insecta,Coleoptera,Chrysomelidae,Paria,sp.,Animalia|Insecta|Coleoptera|Chrysomelidae|Paria|sp.,Asynaptic Sex Chromosomes,Heterogametic,XY,16
Animalia,Insecta,Coleoptera,Chrysomelidae,Paropsis,aegrota,Animalia|Insecta|Coleoptera|Chrysomelidae|Paropsis|aegrota,Asynaptic Sex Chromosomes,Heterogametic,XY,24
Animalia,Insecta,Coleoptera,Chrysomelidae,Paropsis,atomaria,Animalia|Insecta|Coleoptera|Chrysomelidae|Paropsis|atomaria,Asynaptic Sex Chromosomes,Heterogametic,XY,24
Animalia,Insecta,Coleoptera,Chrysomelidae,Paropsis,porosa,Animalia|Insecta|Coleoptera|Chrysomelidae|Paropsis|porosa,Asynaptic Sex Chromosomes,Heterogametic,XY,24
Animalia,Insecta,Coleoptera,Chrysomelidae,Paropsis,rubidipes,Animalia|Insecta|Coleoptera|Chrysomelidae|Paropsis|rubidipes,Asynaptic Sex Chromosomes,Heterogametic,XY,24
Animalia,Insecta,Coleoptera,Chrysomelidae,Paropsisterna,beata,Animalia|Insecta|Coleoptera|Chrysomelidae|Paropsisterna|beata,Asynaptic Sex Chromosomes,Heterogametic,XY,24
Animalia,Insecta,Coleoptera,Chrysomelidae,Paropsisterna,nucea,Animalia|Insecta|Coleoptera|Chrysomelidae|Paropsisterna|nucea,Asynaptic Sex Chromosomes,Heterogametic,XY,24
Animalia,Insecta,Coleoptera,Chrysomelidae,Paropsisterna,octosignata,Animalia|Insecta|Coleoptera|Chrysomelidae|Paropsisterna|octosignata,Asynaptic Sex Chromosomes,Heterogametic,XY,24
Animalia,Insecta,Coleoptera,Chrysomelidae,Phaedon,affine,Animalia|Insecta|Coleoptera|Chrysomelidae|Phaedon|affine,Asynaptic Sex Chromosomes,Heterogametic,XY,34
Animalia,Insecta,Coleoptera,Chrysomelidae,Phaedon,cochleariae,Animalia|Insecta|Coleoptera|Chrysomelidae|Phaedon|cochleariae,Asynaptic Sex Chromosomes,Heterogametic,XY,34
Animalia,Insecta,Coleoptera,Chrysomelidae,Phaedon,consimile,Animalia|Insecta|Coleoptera|Chrysomelidae|Phaedon|consimile,Asynaptic Sex Chromosomes,Heterogametic,XY,34
Animalia,Insecta,Coleoptera,Chrysomelidae,Phaedon,cyanopterum,Animalia|Insecta|Coleoptera|Chrysomelidae|Phaedon|cyanopterum,Asynaptic Sex Chromosomes,Heterogametic,XY,34
Animalia,Insecta,Coleoptera,Chrysomelidae,Phaedon,tumidulus,Animalia|Insecta|Coleoptera|Chrysomelidae|Phaedon|tumidulus,Asynaptic Sex Chromosomes,Heterogametic,XY,34
Animalia,Insecta,Coleoptera,Chrysomelidae,Phanaeta,aida,Animalia|Insecta|Coleoptera|Chrysomelidae|Phanaeta|aida,Asynaptic Sex Chromosomes,Heterogametic,XY,20
Animalia,Insecta,Coleoptera,Chrysomelidae,Phenrica,aequinoctialiformis,Animalia|Insecta|Coleoptera|Chrysomelidae|Phenrica|aequinoctialiformis,Asynaptic Sex Chromosomes,Heterogametic,NA,40
Animalia,Insecta,Coleoptera,Chrysomelidae,Phenrica,austriaca,Animalia|Insecta|Coleoptera|Chrysomelidae|Phenrica|austriaca,Asynaptic Sex Chromosomes,Heterogametic,NA,46
Animalia,Insecta,Coleoptera,Chrysomelidae,Philhydronopa,sp.,Animalia|Insecta|Coleoptera|Chrysomelidae|Philhydronopa|sp.,Asynaptic Sex Chromosomes,Heterogametic,XY,24
Animalia,Insecta,Coleoptera,Chrysomelidae,Phratora,laticollis,Animalia|Insecta|Coleoptera|Chrysomelidae|Phratora|laticollis,Asynaptic Sex Chromosomes,Heterogametic,XY,34
Animalia,Insecta,Coleoptera,Chrysomelidae,Phratora,polaris,Animalia|Insecta|Coleoptera|Chrysomelidae|Phratora|polaris,Asynaptic Sex Chromosomes,Heterogametic,XY,34
Animalia,Insecta,Coleoptera,Chrysomelidae,Phratora,tibialis,Animalia|Insecta|Coleoptera|Chrysomelidae|Phratora|tibialis,Asynaptic Sex Chromosomes,Heterogametic,XY,34
Animalia,Insecta,Coleoptera,Chrysomelidae,Phratora,vitellinae,Animalia|Insecta|Coleoptera|Chrysomelidae|Phratora|vitellinae,Asynaptic Sex Chromosomes,Heterogametic,XY,34
Animalia,Insecta,Coleoptera,Chrysomelidae,Phratora,vulgatissima,Animalia|Insecta|Coleoptera|Chrysomelidae|Phratora|vulgatissima,Asynaptic Sex Chromosomes,Heterogametic,XY,34
Animalia,Insecta,Coleoptera,Chrysomelidae,Phyllotreta,diademata,Animalia|Insecta|Coleoptera|Chrysomelidae|Phyllotreta|diademata,Asynaptic Sex Chromosomes,Heterogametic,XY,30
Animalia,Insecta,Coleoptera,Chrysomelidae,Phyllotreta,fallax,Animalia|Insecta|Coleoptera|Chrysomelidae|Phyllotreta|fallax,Asynaptic Sex Chromosomes,Heterogametic,XY,32
Animalia,Insecta,Coleoptera,Chrysomelidae,Phyllotreta,nemorum,Animalia|Insecta|Coleoptera|Chrysomelidae|Phyllotreta|nemorum,Asynaptic Sex Chromosomes,Heterogametic,XY,32
Animalia,Insecta,Coleoptera,Chrysomelidae,Plagiodera,atritarsis,Animalia|Insecta|Coleoptera|Chrysomelidae|Plagiodera|atritarsis,Asynaptic Sex Chromosomes,Heterogametic,XY,30
Animalia,Insecta,Coleoptera,Chrysomelidae,Plagiodera,erythroptera,Animalia|Insecta|Coleoptera|Chrysomelidae|Plagiodera|erythroptera,Asynaptic Sex Chromosomes,Heterogametic,XY,30
Animalia,Insecta,Coleoptera,Chrysomelidae,Plagiodera,rufescens,Animalia|Insecta|Coleoptera|Chrysomelidae|Plagiodera|rufescens,Asynaptic Sex Chromosomes,Heterogametic,XY,30
Animalia,Insecta,Coleoptera,Chrysomelidae,Plagiodera,versicolora,Animalia|Insecta|Coleoptera|Chrysomelidae|Plagiodera|versicolora,Asynaptic Sex Chromosomes,Heterogametic,XY,28
Animalia,Insecta,Coleoptera,Chrysomelidae,Platycorinus,modestus,Animalia|Insecta|Coleoptera|Chrysomelidae|Platycorinus|modestus,Asynaptic Sex Chromosomes,Heterogametic,XY,28
Animalia,Insecta,Coleoptera,Chrysomelidae,Platycorinus,peregrinus,Animalia|Insecta|Coleoptera|Chrysomelidae|Platycorinus|peregrinus,Asynaptic Sex Chromosomes,Heterogametic,XY,30
Animalia,Insecta,Coleoptera,Chrysomelidae,Platycorinus,sp.,Animalia|Insecta|Coleoptera|Chrysomelidae|Platycorinus|sp.,Asynaptic Sex Chromosomes,Heterogametic,XY,26
Animalia,Insecta,Coleoptera,Chrysomelidae,Platyphora,aulica,Animalia|Insecta|Coleoptera|Chrysomelidae|Platyphora|aulica,Asynaptic Sex Chromosomes,Heterogametic,XY,24
Animalia,Insecta,Coleoptera,Chrysomelidae,Platyphora,spectablis,Animalia|Insecta|Coleoptera|Chrysomelidae|Platyphora|spectablis,Asynaptic Sex Chromosomes,Heterogametic,XY,24
Animalia,Insecta,Coleoptera,Chrysomelidae,Platypria,hystrix,Animalia|Insecta|Coleoptera|Chrysomelidae|Platypria|hystrix,Asynaptic Sex Chromosomes,Heterogametic,XY,16
Animalia,Insecta,Coleoptera,Chrysomelidae,Platyprosopus,rubidus,Animalia|Insecta|Coleoptera|Chrysomelidae|Platyprosopus|rubidus,Asynaptic Sex Chromosomes,Heterogametic,XY,22
Animalia,Insecta,Coleoptera,Chrysomelidae,Podagrica,fuscicornis,Animalia|Insecta|Coleoptera|Chrysomelidae|Podagrica|fuscicornis,Asynaptic Sex Chromosomes,Heterogametic,XY,40
Animalia,Insecta,Coleoptera,Chrysomelidae,Podagrica,fuscipes,Animalia|Insecta|Coleoptera|Chrysomelidae|Podagrica|fuscipes,Asynaptic Sex Chromosomes,Heterogametic,XY,40
Animalia,Insecta,Coleoptera,Chrysomelidae,Podagrica,malvae,Animalia|Insecta|Coleoptera|Chrysomelidae|Podagrica|malvae,Asynaptic Sex Chromosomes,Heterogametic,XY,40
Animalia,Insecta,Coleoptera,Chrysomelidae,Podagrica,menestriesi,Animalia|Insecta|Coleoptera|Chrysomelidae|Podagrica|menestriesi,Asynaptic Sex Chromosomes,Heterogametic,XY,40
Animalia,Insecta,Coleoptera,Chrysomelidae,Polyconia,caroli,Animalia|Insecta|Coleoptera|Chrysomelidae|Polyconia|caroli,Asynaptic Sex Chromosomes,Heterogametic,XY,16
Animalia,Insecta,Coleoptera,Chrysomelidae,Psylliodes,algirica,Animalia|Insecta|Coleoptera|Chrysomelidae|Psylliodes|algirica,Asynaptic Sex Chromosomes,Heterogametic,XY,30
Animalia,Insecta,Coleoptera,Chrysomelidae,Psylliodes,chrysocephalus,Animalia|Insecta|Coleoptera|Chrysomelidae|Psylliodes|chrysocephalus,Asynaptic Sex Chromosomes,Heterogametic,XY,36
Animalia,Insecta,Coleoptera,Chrysomelidae,Psylliodes,circumdata,Animalia|Insecta|Coleoptera|Chrysomelidae|Psylliodes|circumdata,Asynaptic Sex Chromosomes,Heterogametic,XY,32
Animalia,Insecta,Coleoptera,Chrysomelidae,Psylliodes,cupreus,Animalia|Insecta|Coleoptera|Chrysomelidae|Psylliodes|cupreus,Asynaptic Sex Chromosomes,Heterogametic,XY,34
Animalia,Insecta,Coleoptera,Chrysomelidae,Psylliodes,marcidus,Animalia|Insecta|Coleoptera|Chrysomelidae|Psylliodes|marcidus,Asynaptic Sex Chromosomes,Heterogametic,XY,34
Animalia,Insecta,Coleoptera,Chrysomelidae,Psylliodes,napi,Animalia|Insecta|Coleoptera|Chrysomelidae|Psylliodes|napi,Asynaptic Sex Chromosomes,Heterogametic,XY,34
Animalia,Insecta,Coleoptera,Chrysomelidae,Psylliodes,obscuroaeneus,Animalia|Insecta|Coleoptera|Chrysomelidae|Psylliodes|obscuroaeneus,Asynaptic Sex Chromosomes,Heterogametic,XY,32
Animalia,Insecta,Coleoptera,Chrysomelidae,Psylliodes,thlaspis,Animalia|Insecta|Coleoptera|Chrysomelidae|Psylliodes|thlaspis,Asynaptic Sex Chromosomes,Heterogametic,XY,34
Animalia,Insecta,Coleoptera,Chrysomelidae,Pyrrhalta,viburni,Animalia|Insecta|Coleoptera|Chrysomelidae|Pyrrhalta|viburni,Asynaptic Sex Chromosomes,Heterogametic,XY,36
Animalia,Insecta,Coleoptera,Chrysomelidae,Rhytidocassis,indicola,Animalia|Insecta|Coleoptera|Chrysomelidae|Rhytidocassis|indicola,Asynaptic Sex Chromosomes,Heterogametic,XY,18
Animalia,Insecta,Coleoptera,Chrysomelidae,Sceloenopla,mantecada,Animalia|Insecta|Coleoptera|Chrysomelidae|Sceloenopla|mantecada,Asynaptic Sex Chromosomes,Heterogametic,XY,18
Animalia,Insecta,Coleoptera,Chrysomelidae,Sermylassa,halensis,Animalia|Insecta|Coleoptera|Chrysomelidae|Sermylassa|halensis,Asynaptic Sex Chromosomes,Heterogametic,XY,44
Animalia,Insecta,Coleoptera,Chrysomelidae,Smaragdina,longicornis,Animalia|Insecta|Coleoptera|Chrysomelidae|Smaragdina|longicornis,Asynaptic Sex Chromosomes,Heterogametic,XY,24
Animalia,Insecta,Coleoptera,Chrysomelidae,Specularius,maindroni,Animalia|Insecta|Coleoptera|Chrysomelidae|Specularius|maindroni,Asynaptic Sex Chromosomes,Heterogametic,XY,22
Animalia,Insecta,Coleoptera,Chrysomelidae,Spermophagus,latescenta,Animalia|Insecta|Coleoptera|Chrysomelidae|Spermophagus|latescenta,Asynaptic Sex Chromosomes,Heterogametic,XY,32
Animalia,Insecta,Coleoptera,Chrysomelidae,Spintherophyta,sp.,Animalia|Insecta|Coleoptera|Chrysomelidae|Spintherophyta|sp.,Asynaptic Sex Chromosomes,Heterogametic,XY,12
Animalia,Insecta,Coleoptera,Chrysomelidae,Sterromela,interlita,Animalia|Insecta|Coleoptera|Chrysomelidae|Sterromela|interlita,Asynaptic Sex Chromosomes,Heterogametic,XY,24
Animalia,Insecta,Coleoptera,Chrysomelidae,Sterromela,lineata,Animalia|Insecta|Coleoptera|Chrysomelidae|Sterromela|lineata,Asynaptic Sex Chromosomes,Heterogametic,XY,24
Animalia,Insecta,Coleoptera,Chrysomelidae,Stolas,chalybeus,Animalia|Insecta|Coleoptera|Chrysomelidae|Stolas|chalybeus,Asynaptic Sex Chromosomes,Heterogametic,XY,24
Animalia,Insecta,Coleoptera,Chrysomelidae,Stolas,festiva,Animalia|Insecta|Coleoptera|Chrysomelidae|Stolas|festiva,Asynaptic Sex Chromosomes,Heterogametic,XY,22
Animalia,Insecta,Coleoptera,Chrysomelidae,Stolas,lacordairei,Animalia|Insecta|Coleoptera|Chrysomelidae|Stolas|lacordairei,Asynaptic Sex Chromosomes,Heterogametic,XY,30
Animalia,Insecta,Coleoptera,Chrysomelidae,Stolas,sp.,Animalia|Insecta|Coleoptera|Chrysomelidae|Stolas|sp.,Asynaptic Sex Chromosomes,Heterogametic,NA,30
Animalia,Insecta,Coleoptera,Chrysomelidae,Strichosa,eburata,Animalia|Insecta|Coleoptera|Chrysomelidae|Strichosa|eburata,Asynaptic Sex Chromosomes,Heterogametic,XY,24
Animalia,Insecta,Coleoptera,Chrysomelidae,Syphraea,cubana,Animalia|Insecta|Coleoptera|Chrysomelidae|Syphraea|cubana,Asynaptic Sex Chromosomes,Heterogametic,XY,24
Animalia,Insecta,Coleoptera,Chrysomelidae,Syphraea,cylindrica,Animalia|Insecta|Coleoptera|Chrysomelidae|Syphraea|cylindrica,Asynaptic Sex Chromosomes,Heterogametic,XY,24
Animalia,Insecta,Coleoptera,Chrysomelidae,Timarcha,affinis,Animalia|Insecta|Coleoptera|Chrysomelidae|Timarcha|affinis,Asynaptic Sex Chromosomes,Heterogametic,XY,20
Animalia,Insecta,Coleoptera,Chrysomelidae,Timarcha,balearica,Animalia|Insecta|Coleoptera|Chrysomelidae|Timarcha|balearica,Asynaptic Sex Chromosomes,Heterogametic,XY,22
Animalia,Insecta,Coleoptera,Chrysomelidae,Timarcha,calceata,Animalia|Insecta|Coleoptera|Chrysomelidae|Timarcha|calceata,Asynaptic Sex Chromosomes,Heterogametic,XY,30
Animalia,Insecta,Coleoptera,Chrysomelidae,Timarcha,carmelee,Animalia|Insecta|Coleoptera|Chrysomelidae|Timarcha|carmelee,Asynaptic Sex Chromosomes,Heterogametic,XY,20
Animalia,Insecta,Coleoptera,Chrysomelidae,Timarcha,catalaunensis,Animalia|Insecta|Coleoptera|Chrysomelidae|Timarcha|catalaunensis,Asynaptic Sex Chromosomes,Heterogametic,XY,20
Animalia,Insecta,Coleoptera,Chrysomelidae,Timarcha,cyanescens,Animalia|Insecta|Coleoptera|Chrysomelidae|Timarcha|cyanescens,Asynaptic Sex Chromosomes,Heterogametic,XY,20
Animalia,Insecta,Coleoptera,Chrysomelidae,Timarcha,erosa,Animalia|Insecta|Coleoptera|Chrysomelidae|Timarcha|erosa,Asynaptic Sex Chromosomes,Heterogametic,XY,20
Animalia,Insecta,Coleoptera,Chrysomelidae,Timarcha,espanoli,Animalia|Insecta|Coleoptera|Chrysomelidae|Timarcha|espanoli,Asynaptic Sex Chromosomes,Heterogametic,XY,26
Animalia,Insecta,Coleoptera,Chrysomelidae,Timarcha,fallax,Animalia|Insecta|Coleoptera|Chrysomelidae|Timarcha|fallax,Asynaptic Sex Chromosomes,Heterogametic,XY,20
Animalia,Insecta,Coleoptera,Chrysomelidae,Timarcha,geniculata,Animalia|Insecta|Coleoptera|Chrysomelidae|Timarcha|geniculata,Asynaptic Sex Chromosomes,Heterogametic,XY,20
Animalia,Insecta,Coleoptera,Chrysomelidae,Timarcha,goettingensis,Animalia|Insecta|Coleoptera|Chrysomelidae|Timarcha|goettingensis,Asynaptic Sex Chromosomes,Heterogametic,XY,20
Animalia,Insecta,Coleoptera,Chrysomelidae,Timarcha,insparsa,Animalia|Insecta|Coleoptera|Chrysomelidae|Timarcha|insparsa,Asynaptic Sex Chromosomes,Heterogametic,XY,20
Animalia,Insecta,Coleoptera,Chrysomelidae,Timarcha,intermedia,Animalia|Insecta|Coleoptera|Chrysomelidae|Timarcha|intermedia,Asynaptic Sex Chromosomes,Heterogametic,XY,20
Animalia,Insecta,Coleoptera,Chrysomelidae,Timarcha,interstitialis,Animalia|Insecta|Coleoptera|Chrysomelidae|Timarcha|interstitialis,Asynaptic Sex Chromosomes,Heterogametic,XY,20
Animalia,Insecta,Coleoptera,Chrysomelidae,Timarcha,intricata,Animalia|Insecta|Coleoptera|Chrysomelidae|Timarcha|intricata,Asynaptic Sex Chromosomes,Heterogametic,XY,44
Animalia,Insecta,Coleoptera,Chrysomelidae,Timarcha,laevigata,Animalia|Insecta|Coleoptera|Chrysomelidae|Timarcha|laevigata,Asynaptic Sex Chromosomes,Heterogametic,XY,28
Animalia,Insecta,Coleoptera,Chrysomelidae,Timarcha,lugens,Animalia|Insecta|Coleoptera|Chrysomelidae|Timarcha|lugens,Asynaptic Sex Chromosomes,Heterogametic,XY,20
Animalia,Insecta,Coleoptera,Chrysomelidae,Timarcha,marginicollis,Animalia|Insecta|Coleoptera|Chrysomelidae|Timarcha|marginicollis,Asynaptic Sex Chromosomes,Heterogametic,XY,20
Animalia,Insecta,Coleoptera,Chrysomelidae,Timarcha,maritima,Animalia|Insecta|Coleoptera|Chrysomelidae|Timarcha|maritima,Asynaptic Sex Chromosomes,Heterogametic,XY,20
Animalia,Insecta,Coleoptera,Chrysomelidae,Timarcha,metallica,Animalia|Insecta|Coleoptera|Chrysomelidae|Timarcha|metallica,Asynaptic Sex Chromosomes,Heterogametic,XY,20
Animalia,Insecta,Coleoptera,Chrysomelidae,Timarcha,monserratensis,Animalia|Insecta|Coleoptera|Chrysomelidae|Timarcha|monserratensis,Asynaptic Sex Chromosomes,Heterogametic,XY,20
Animalia,Insecta,Coleoptera,Chrysomelidae,Timarcha,parvicollis,Animalia|Insecta|Coleoptera|Chrysomelidae|Timarcha|parvicollis,Asynaptic Sex Chromosomes,Heterogametic,XY,24
Animalia,Insecta,Coleoptera,Chrysomelidae,Timarcha,perezi,Animalia|Insecta|Coleoptera|Chrysomelidae|Timarcha|perezi,Asynaptic Sex Chromosomes,Heterogametic,XY,20
Animalia,Insecta,Coleoptera,Chrysomelidae,Timarcha,pimelioides,Animalia|Insecta|Coleoptera|Chrysomelidae|Timarcha|pimelioides,Asynaptic Sex Chromosomes,Heterogametic,XY,28
Animalia,Insecta,Coleoptera,Chrysomelidae,Timarcha,pratensis,Animalia|Insecta|Coleoptera|Chrysomelidae|Timarcha|pratensis,Asynaptic Sex Chromosomes,Heterogametic,XY,26
Animalia,Insecta,Coleoptera,Chrysomelidae,Timarcha,recticollis,Animalia|Insecta|Coleoptera|Chrysomelidae|Timarcha|recticollis,Asynaptic Sex Chromosomes,Heterogametic,XY,20
Animalia,Insecta,Coleoptera,Chrysomelidae,Timarcha,rugosa,Animalia|Insecta|Coleoptera|Chrysomelidae|Timarcha|rugosa,Asynaptic Sex Chromosomes,Heterogametic,XY,26
Animalia,Insecta,Coleoptera,Chrysomelidae,Timarcha,scabripennis,Animalia|Insecta|Coleoptera|Chrysomelidae|Timarcha|scabripennis,Asynaptic Sex Chromosomes,Heterogametic,XY,24
Animalia,Insecta,Coleoptera,Chrysomelidae,Timarcha,sicelidis,Animalia|Insecta|Coleoptera|Chrysomelidae|Timarcha|sicelidis,Asynaptic Sex Chromosomes,Heterogametic,XY,20
Animalia,Insecta,Coleoptera,Chrysomelidae,Timarcha,sinuatocollis,Animalia|Insecta|Coleoptera|Chrysomelidae|Timarcha|sinuatocollis,Asynaptic Sex Chromosomes,Heterogametic,XY,20
Animalia,Insecta,Coleoptera,Chrysomelidae,Timarcha,strangulata,Animalia|Insecta|Coleoptera|Chrysomelidae|Timarcha|strangulata,Asynaptic Sex Chromosomes,Heterogametic,XY,28
Animalia,Insecta,Coleoptera,Chrysomelidae,Timarcha,tangeria,Animalia|Insecta|Coleoptera|Chrysomelidae|Timarcha|tangeria,Asynaptic Sex Chromosomes,Heterogametic,XY,26
Animalia,Insecta,Coleoptera,Chrysomelidae,Timarcha,tenebricosa,Animalia|Insecta|Coleoptera|Chrysomelidae|Timarcha|tenebricosa,Asynaptic Sex Chromosomes,Heterogametic,XY,22
Animalia,Insecta,Coleoptera,Chrysomelidae,Timarcha,ventricosa,Animalia|Insecta|Coleoptera|Chrysomelidae|Timarcha|ventricosa,Asynaptic Sex Chromosomes,Heterogametic,XY,26
Animalia,Insecta,Coleoptera,Chrysomelidae,Trirhabda,cadensis,Animalia|Insecta|Coleoptera|Chrysomelidae|Trirhabda|cadensis,Asynaptic Sex Chromosomes,Heterogametic,XY,30
Animalia,Insecta,Coleoptera,Chrysomelidae,Typophorus,nigritus,Animalia|Insecta|Coleoptera|Chrysomelidae|Typophorus|nigritus,Asynaptic Sex Chromosomes,Heterogametic,XY,20
Animalia,Insecta,Coleoptera,Chrysomelidae,Uroplata,girardi,Animalia|Insecta|Coleoptera|Chrysomelidae|Uroplata|girardi,Asynaptic Sex Chromosomes,Heterogametic,XY,20
Animalia,Insecta,Coleoptera,Chrysomelidae,Uroplata,nigritarsis,Animalia|Insecta|Coleoptera|Chrysomelidae|Uroplata|nigritarsis,Asynaptic Sex Chromosomes,Heterogametic,XY,20
Animalia,Insecta,Coleoptera,Chrysomelidae,Walterianella,eugenia,Animalia|Insecta|Coleoptera|Chrysomelidae|Walterianella|eugenia,Asynaptic Sex Chromosomes,Heterogametic,XY,22
Animalia,Insecta,Coleoptera,Chrysomelidae,Walterianella,humilis,Animalia|Insecta|Coleoptera|Chrysomelidae|Walterianella|humilis,Asynaptic Sex Chromosomes,Heterogametic,XY,22
Animalia,Insecta,Coleoptera,Chrysomelidae,Walterianella,nr.,Animalia|Insecta|Coleoptera|Chrysomelidae|Walterianella|nr.,Asynaptic Sex Chromosomes,Heterogametic,XY,22
Animalia,Insecta,Coleoptera,Chrysomelidae,Walterianella,opthalmica,Animalia|Insecta|Coleoptera|Chrysomelidae|Walterianella|opthalmica,Asynaptic Sex Chromosomes,Heterogametic,XY,22
Animalia,Insecta,Coleoptera,Chrysomelidae,Walterianella,sp.,Animalia|Insecta|Coleoptera|Chrysomelidae|Walterianella|sp.,Asynaptic Sex Chromosomes,Heterogametic,XY,22
Animalia,Insecta,Coleoptera,Chrysomelidae,Walterianella,venusta,Animalia|Insecta|Coleoptera|Chrysomelidae|Walterianella|venusta,Asynaptic Sex Chromosomes,Heterogametic,XY,46
Animalia,Insecta,Coleoptera,Chrysomelidae,Xanthogaleruca,luteola,Animalia|Insecta|Coleoptera|Chrysomelidae|Xanthogaleruca|luteola,Asynaptic Sex Chromosomes,Heterogametic,XY,72
Animalia,Insecta,Coleoptera,Chrysomelidae,Yingaresca,variicornis,Animalia|Insecta|Coleoptera|Chrysomelidae|Yingaresca|variicornis,Asynaptic Sex Chromosomes,Heterogametic,XY,26
Animalia,Insecta,Coleoptera,Chrysomelidae,Zabrotes,subfasciatus,Animalia|Insecta|Coleoptera|Chrysomelidae|Zabrotes|subfasciatus,Asynaptic Sex Chromosomes,Heterogametic,XY,26
Animalia,Insecta,Coleoptera,Chrysomelidae,Zygogramma,bicolorata,Animalia|Insecta|Coleoptera|Chrysomelidae|Zygogramma|bicolorata,Asynaptic Sex Chromosomes,Heterogametic,XY,24
Animalia,Insecta,Coleoptera,Ciidae,Octotemnus,aevis,Animalia|Insecta|Coleoptera|Ciidae|Octotemnus|aevis,Asynaptic Sex Chromosomes,Heterogametic,XY,22
Animalia,Insecta,Coleoptera,Ciidae,Sulcasis,lengi,Animalia|Insecta|Coleoptera|Ciidae|Sulcasis|lengi,Asynaptic Sex Chromosomes,Heterogametic,XY,22
Animalia,Insecta,Coleoptera,Cleridae,Enoclerus,moestus,Animalia|Insecta|Coleoptera|Cleridae|Enoclerus|moestus,Asynaptic Sex Chromosomes,Heterogametic,XY,18
Animalia,Insecta,Coleoptera,Cleridae,Enoclerus,nigripes,Animalia|Insecta|Coleoptera|Cleridae|Enoclerus|nigripes,Asynaptic Sex Chromosomes,Heterogametic,XY,18
Animalia,Insecta,Coleoptera,Cleridae,Enoclerus,sp.,Animalia|Insecta|Coleoptera|Cleridae|Enoclerus|sp.,Asynaptic Sex Chromosomes,Heterogametic,XY,18
Animalia,Insecta,Coleoptera,Cleridae,Necrobia,ruficollis,Animalia|Insecta|Coleoptera|Cleridae|Necrobia|ruficollis,Asynaptic Sex Chromosomes,Heterogametic,XY,18
Animalia,Insecta,Coleoptera,Cleridae,Necrobia,rujipes,Animalia|Insecta|Coleoptera|Cleridae|Necrobia|rujipes,Asynaptic Sex Chromosomes,Heterogametic,XY,18
Animalia,Insecta,Coleoptera,Cleridae,Priocera,spinosa,Animalia|Insecta|Coleoptera|Cleridae|Priocera|spinosa,Asynaptic Sex Chromosomes,Heterogametic,XY,18
Animalia,Insecta,Coleoptera,Cleridae,Thanasimus,dubius,Animalia|Insecta|Coleoptera|Cleridae|Thanasimus|dubius,Asynaptic Sex Chromosomes,Heterogametic,XY,18
Animalia,Insecta,Coleoptera,Cleridae,Thanasimus,formicarius,Animalia|Insecta|Coleoptera|Cleridae|Thanasimus|formicarius,Asynaptic Sex Chromosomes,Heterogametic,XY,18
Animalia,Insecta,Coleoptera,Cleridae,Thanasimus,undatulus,Animalia|Insecta|Coleoptera|Cleridae|Thanasimus|undatulus,Asynaptic Sex Chromosomes,Heterogametic,XY,18
Animalia,Insecta,Coleoptera,Cleridae,Tilloidea,transversalis,Animalia|Insecta|Coleoptera|Cleridae|Tilloidea|transversalis,Asynaptic Sex Chromosomes,Heterogametic,XY,18
Animalia,Insecta,Coleoptera,Cleridae,Trichodes,apiarius,Animalia|Insecta|Coleoptera|Cleridae|Trichodes|apiarius,Asynaptic Sex Chromosomes,Heterogametic,XY,18
Animalia,Insecta,Coleoptera,Cleridae,Trichodes,favarius,Animalia|Insecta|Coleoptera|Cleridae|Trichodes|favarius,Asynaptic Sex Chromosomes,Heterogametic,XY,18
Animalia,Insecta,Coleoptera,Cleridae,Trichodes,nutalli,Animalia|Insecta|Coleoptera|Cleridae|Trichodes|nutalli,Asynaptic Sex Chromosomes,Heterogametic,XY,18
Animalia,Insecta,Coleoptera,Cleridae,Trichodes,ornatus,Animalia|Insecta|Coleoptera|Cleridae|Trichodes|ornatus,Asynaptic Sex Chromosomes,Heterogametic,XY,18
Animalia,Insecta,Coleoptera,Cleridae,Trichodes,quadriguttatus,Animalia|Insecta|Coleoptera|Cleridae|Trichodes|quadriguttatus,Asynaptic Sex Chromosomes,Heterogametic,XY,18
Animalia,Insecta,Coleoptera,Cleridae,Trichodes,reichei,Animalia|Insecta|Coleoptera|Cleridae|Trichodes|reichei,Asynaptic Sex Chromosomes,Heterogametic,XY,18
Animalia,Insecta,Coleoptera,Coccinellidae,Adalia,bipunctata,Animalia|Insecta|Coleoptera|Coccinellidae|Adalia|bipunctata,Asynaptic Sex Chromosomes,Heterogametic,XY,20
Animalia,Insecta,Coleoptera,Coccinellidae,Adalia,frigida,Animalia|Insecta|Coleoptera|Coccinellidae|Adalia|frigida,Asynaptic Sex Chromosomes,Heterogametic,XY,20
Animalia,Insecta,Coleoptera,Coccinellidae,Afissa,parvula,Animalia|Insecta|Coleoptera|Coccinellidae|Afissa|parvula,Asynaptic Sex Chromosomes,Heterogametic,XY,18
Animalia,Insecta,Coleoptera,Coccinellidae,Anisocalvia,duodecimmaculata,Animalia|Insecta|Coleoptera|Coccinellidae|Anisocalvia|duodecimmaculata,Asynaptic Sex Chromosomes,Heterogametic,XY,20
Animalia,Insecta,Coleoptera,Coccinellidae,Anisocalvia,quatuordecimguttata,Animalia|Insecta|Coleoptera|Coccinellidae|Anisocalvia|quatuordecimguttata,Asynaptic Sex Chromosomes,Heterogametic,XY,20
Animalia,Insecta,Coleoptera,Coccinellidae,Aphidecta,axyridis,Animalia|Insecta|Coleoptera|Coccinellidae|Aphidecta|axyridis,Asynaptic Sex Chromosomes,Heterogametic,XY,16
Animalia,Insecta,Coleoptera,Coccinellidae,Aphidecta,bruchii,Animalia|Insecta|Coleoptera|Coccinellidae|Aphidecta|bruchii,Asynaptic Sex Chromosomes,Heterogametic,XY,18
Animalia,Insecta,Coleoptera,Coccinellidae,Aphidecta,californica,Animalia|Insecta|Coleoptera|Coccinellidae|Aphidecta|californica,Asynaptic Sex Chromosomes,Heterogametic,XY,20
Animalia,Insecta,Coleoptera,Coccinellidae,Aphidecta,crotchi,Animalia|Insecta|Coleoptera|Coccinellidae|Aphidecta|crotchi,Asynaptic Sex Chromosomes,Heterogametic,XY,20
Animalia,Insecta,Coleoptera,Coccinellidae,Aphidecta,novemnotata,Animalia|Insecta|Coleoptera|Coccinellidae|Aphidecta|novemnotata,Asynaptic Sex Chromosomes,Heterogametic,XY,20
Animalia,Insecta,Coleoptera,Coccinellidae,Aphidecta,repanda,Animalia|Insecta|Coleoptera|Coccinellidae|Aphidecta|repanda,Asynaptic Sex Chromosomes,Heterogametic,XY,20
Animalia,Insecta,Coleoptera,Coccinellidae,Aphidecta,septempunctata,Animalia|Insecta|Coleoptera|Coccinellidae|Aphidecta|septempunctata,Asynaptic Sex Chromosomes,Heterogametic,XY,20
Animalia,Insecta,Coleoptera,Coccinellidae,Aphidecta,transversalis,Animalia|Insecta|Coleoptera|Coccinellidae|Aphidecta|transversalis,Asynaptic Sex Chromosomes,Heterogametic,XY,20
Animalia,Insecta,Coleoptera,Coccinellidae,Aphidecta,transversoguttata,Animalia|Insecta|Coleoptera|Coccinellidae|Aphidecta|transversoguttata,Asynaptic Sex Chromosomes,Heterogametic,XY,20
Animalia,Insecta,Coleoptera,Coccinellidae,Aphidecta,trifasciata,Animalia|Insecta|Coleoptera|Coccinellidae|Aphidecta|trifasciata,Asynaptic Sex Chromosomes,Heterogametic,XY,20
Animalia,Insecta,Coleoptera,Coccinellidae,Chnoodes,sp.,Animalia|Insecta|Coleoptera|Coccinellidae|Chnoodes|sp.,Asynaptic Sex Chromosomes,Heterogametic,XY,18
Animalia,Insecta,Coleoptera,Coccinellidae,Coccidula,rufa,Animalia|Insecta|Coleoptera|Coccinellidae|Coccidula|rufa,Asynaptic Sex Chromosomes,Heterogametic,XY,20
Animalia,Insecta,Coleoptera,Coccinellidae,Coccidula,scutelata,Animalia|Insecta|Coleoptera|Coccinellidae|Coccidula|scutelata,Asynaptic Sex Chromosomes,Heterogametic,XY,20
Animalia,Insecta,Coleoptera,Coccinellidae,Coccinella,transversalis,Animalia|Insecta|Coleoptera|Coccinellidae|Coccinella|transversalis,Asynaptic Sex Chromosomes,Heterogametic,XY,20
Animalia,Insecta,Coleoptera,Coccinellidae,Coelophora,inaequalis,Animalia|Insecta|Coleoptera|Coccinellidae|Coelophora|inaequalis,Asynaptic Sex Chromosomes,Heterogametic,XY,20
Animalia,Insecta,Coleoptera,Coccinellidae,Coleomegilla,innotata,Animalia|Insecta|Coleoptera|Coccinellidae|Coleomegilla|innotata,Asynaptic Sex Chromosomes,Heterogametic,XY,20
Animalia,Insecta,Coleoptera,Coccinellidae,Coleomegilla,maculata,Animalia|Insecta|Coleoptera|Coccinellidae|Coleomegilla|maculata,Asynaptic Sex Chromosomes,Heterogametic,XY,20
Animalia,Insecta,Coleoptera,Coccinellidae,Cryptolaemus,montrouzieri,Animalia|Insecta|Coleoptera|Coccinellidae|Cryptolaemus|montrouzieri,Asynaptic Sex Chromosomes,Heterogametic,XY,22
Animalia,Insecta,Coleoptera,Coccinellidae,Cycloneda,polita,Animalia|Insecta|Coleoptera|Coccinellidae|Cycloneda|polita,Asynaptic Sex Chromosomes,Heterogametic,XY,20
Animalia,Insecta,Coleoptera,Coccinellidae,Cycloneda,sanguinea,Animalia|Insecta|Coleoptera|Coccinellidae|Cycloneda|sanguinea,Asynaptic Sex Chromosomes,Heterogametic,XY,20
Animalia,Insecta,Coleoptera,Coccinellidae,Epilachna,admirabilis,Animalia|Insecta|Coleoptera|Coccinellidae|Epilachna|admirabilis,Asynaptic Sex Chromosomes,Heterogametic,XY,18
Animalia,Insecta,Coleoptera,Coccinellidae,Epilachna,cacica,Animalia|Insecta|Coleoptera|Coccinellidae|Epilachna|cacica,Asynaptic Sex Chromosomes,Heterogametic,XY,10
Animalia,Insecta,Coleoptera,Coccinellidae,Epilachna,dumerili,Animalia|Insecta|Coleoptera|Coccinellidae|Epilachna|dumerili,Asynaptic Sex Chromosomes,Heterogametic,XY,16
Animalia,Insecta,Coleoptera,Coccinellidae,Epilachna,obscurella,Animalia|Insecta|Coleoptera|Coccinellidae|Epilachna|obscurella,Asynaptic Sex Chromosomes,Heterogametic,XY,18
Animalia,Insecta,Coleoptera,Coccinellidae,Epilachna,paenulata,Animalia|Insecta|Coleoptera|Coccinellidae|Epilachna|paenulata,Asynaptic Sex Chromosomes,Heterogametic,XY,18
Animalia,Insecta,Coleoptera,Coccinellidae,Epilachna,sp.,Animalia|Insecta|Coleoptera|Coccinellidae|Epilachna|sp.,Asynaptic Sex Chromosomes,Heterogametic,XY,18
Animalia,Insecta,Coleoptera,Coccinellidae,Epilachna,varivestis,Animalia|Insecta|Coleoptera|Coccinellidae|Epilachna|varivestis,Asynaptic Sex Chromosomes,Heterogametic,XY,20
Animalia,Insecta,Coleoptera,Coccinellidae,Eriopis,connexa,Animalia|Insecta|Coleoptera|Coccinellidae|Eriopis|connexa,Asynaptic Sex Chromosomes,Heterogametic,XY,20
Animalia,Insecta,Coleoptera,Coccinellidae,Harmonia,arcuata,Animalia|Insecta|Coleoptera|Coccinellidae|Harmonia|arcuata,Asynaptic Sex Chromosomes,Heterogametic,XY,16
Animalia,Insecta,Coleoptera,Coccinellidae,Henosepilachna,argus,Animalia|Insecta|Coleoptera|Coccinellidae|Henosepilachna|argus,Asynaptic Sex Chromosomes,Heterogametic,XY,18
Animalia,Insecta,Coleoptera,Coccinellidae,Henosepilachna,dodecastigma,Animalia|Insecta|Coleoptera|Coccinellidae|Henosepilachna|dodecastigma,Asynaptic Sex Chromosomes,Heterogametic,XY,20
Animalia,Insecta,Coleoptera,Coccinellidae,Henosepilachna,nipponica,Animalia|Insecta|Coleoptera|Coccinellidae|Henosepilachna|nipponica,Asynaptic Sex Chromosomes,Heterogametic,XY,20
Animalia,Insecta,Coleoptera,Coccinellidae,Henosepilachna,pustulosa,Animalia|Insecta|Coleoptera|Coccinellidae|Henosepilachna|pustulosa,Asynaptic Sex Chromosomes,Heterogametic,XY,20
Animalia,Insecta,Coleoptera,Coccinellidae,Henosepilachna,septima,Animalia|Insecta|Coleoptera|Coccinellidae|Henosepilachna|septima,Asynaptic Sex Chromosomes,Heterogametic,XY,20
Animalia,Insecta,Coleoptera,Coccinellidae,Henosepilachna,vigintioctomaculata,Animalia|Insecta|Coleoptera|Coccinellidae|Henosepilachna|vigintioctomaculata,Asynaptic Sex Chromosomes,Heterogametic,XY,20
Animalia,Insecta,Coleoptera,Coccinellidae,Henosepilachna,vigintioctopunctata,Animalia|Insecta|Coleoptera|Coccinellidae|Henosepilachna|vigintioctopunctata,Asynaptic Sex Chromosomes,Heterogametic,XY,18
Animalia,Insecta,Coleoptera,Coccinellidae,Henosepilachna,yasutomii,Animalia|Insecta|Coleoptera|Coccinellidae|Henosepilachna|yasutomii,Asynaptic Sex Chromosomes,Heterogametic,XY,20
Animalia,Insecta,Coleoptera,Coccinellidae,Hippodamia,convergens,Animalia|Insecta|Coleoptera|Coccinellidae|Hippodamia|convergens,Asynaptic Sex Chromosomes,Heterogametic,XY,20
Animalia,Insecta,Coleoptera,Coccinellidae,Hippodamia,parenthesis,Animalia|Insecta|Coleoptera|Coccinellidae|Hippodamia|parenthesis,Asynaptic Sex Chromosomes,Heterogametic,XY,20
Animalia,Insecta,Coleoptera,Coccinellidae,Hippodamia,quinquesigta,Animalia|Insecta|Coleoptera|Coccinellidae|Hippodamia|quinquesigta,Asynaptic Sex Chromosomes,Heterogametic,XY,20
Animalia,Insecta,Coleoptera,Coccinellidae,Hippodamia,sinuata,Animalia|Insecta|Coleoptera|Coccinellidae|Hippodamia|sinuata,Asynaptic Sex Chromosomes,Heterogametic,XY,20
Animalia,Insecta,Coleoptera,Coccinellidae,Hippodamia,sp.,Animalia|Insecta|Coleoptera|Coccinellidae|Hippodamia|sp.,Asynaptic Sex Chromosomes,Heterogametic,XY,20
Animalia,Insecta,Coleoptera,Coccinellidae,Hippodamia,tibialis,Animalia|Insecta|Coleoptera|Coccinellidae|Hippodamia|tibialis,Asynaptic Sex Chromosomes,Heterogametic,XY,20
Animalia,Insecta,Coleoptera,Coccinellidae,Hippodamia,tridecimpunctata,Animalia|Insecta|Coleoptera|Coccinellidae|Hippodamia|tridecimpunctata,Asynaptic Sex Chromosomes,Heterogametic,XY,20
Animalia,Insecta,Coleoptera,Coccinellidae,Hyperaspis,4-oculata,Animalia|Insecta|Coleoptera|Coccinellidae|Hyperaspis|4-oculata,Asynaptic Sex Chromosomes,Heterogametic,XY,14
Animalia,Insecta,Coleoptera,Coccinellidae,Hyperaspis,bigemita,Animalia|Insecta|Coleoptera|Coccinellidae|Hyperaspis|bigemita,Asynaptic Sex Chromosomes,Heterogametic,XY,14
Animalia,Insecta,Coleoptera,Coccinellidae,Hyperaspis,billoti,Animalia|Insecta|Coleoptera|Coccinellidae|Hyperaspis|billoti,Asynaptic Sex Chromosomes,Heterogametic,XY,16
Animalia,Insecta,Coleoptera,Coccinellidae,Hyperaspis,binotata,Animalia|Insecta|Coleoptera|Coccinellidae|Hyperaspis|binotata,Asynaptic Sex Chromosomes,Heterogametic,XY,14
Animalia,Insecta,Coleoptera,Coccinellidae,Hyperaspis,cincta,Animalia|Insecta|Coleoptera|Coccinellidae|Hyperaspis|cincta,Asynaptic Sex Chromosomes,Heterogametic,XY,14
Animalia,Insecta,Coleoptera,Coccinellidae,Hyperaspis,congressis,Animalia|Insecta|Coleoptera|Coccinellidae|Hyperaspis|congressis,Asynaptic Sex Chromosomes,Heterogametic,XY,14
Animalia,Insecta,Coleoptera,Coccinellidae,Hyperaspis,dissoluta,Animalia|Insecta|Coleoptera|Coccinellidae|Hyperaspis|dissoluta,Asynaptic Sex Chromosomes,Heterogametic,XY,14
Animalia,Insecta,Coleoptera,Coccinellidae,Hyperaspis,donzeli,Animalia|Insecta|Coleoptera|Coccinellidae|Hyperaspis|donzeli,Asynaptic Sex Chromosomes,Heterogametic,XY,14
Animalia,Insecta,Coleoptera,Coccinellidae,Hyperaspis,jucunda,Animalia|Insecta|Coleoptera|Coccinellidae|Hyperaspis|jucunda,Asynaptic Sex Chromosomes,Heterogametic,XY,16
Animalia,Insecta,Coleoptera,Coccinellidae,Hyperaspis,lateralis,Animalia|Insecta|Coleoptera|Coccinellidae|Hyperaspis|lateralis,Asynaptic Sex Chromosomes,Heterogametic,XY,14
Animalia,Insecta,Coleoptera,Coccinellidae,Hyperaspis,notatula,Animalia|Insecta|Coleoptera|Coccinellidae|Hyperaspis|notatula,Asynaptic Sex Chromosomes,Heterogametic,XY,14
Animalia,Insecta,Coleoptera,Coccinellidae,Hyperaspis,paspalis,Animalia|Insecta|Coleoptera|Coccinellidae|Hyperaspis|paspalis,Asynaptic Sex Chromosomes,Heterogametic,XY,14
Animalia,Insecta,Coleoptera,Coccinellidae,Hyperaspis,sp.,Animalia|Insecta|Coleoptera|Coccinellidae|Hyperaspis|sp.,Asynaptic Sex Chromosomes,Heterogametic,XY,14
Animalia,Insecta,Coleoptera,Coccinellidae,Hyperaspis,trilineata,Animalia|Insecta|Coleoptera|Coccinellidae|Hyperaspis|trilineata,Asynaptic Sex Chromosomes,Heterogametic,XY,14
Animalia,Insecta,Coleoptera,Coccinellidae,Illeis,cincta,Animalia|Insecta|Coleoptera|Coccinellidae|Illeis|cincta,Asynaptic Sex Chromosomes,Heterogametic,XY,20
Animalia,Insecta,Coleoptera,Coccinellidae,Illeis,indica,Animalia|Insecta|Coleoptera|Coccinellidae|Illeis|indica,Asynaptic Sex Chromosomes,Heterogametic,XY,20
Animalia,Insecta,Coleoptera,Coccinellidae,Menochilus,6-maculatus,Animalia|Insecta|Coleoptera|Coccinellidae|Menochilus|6-maculatus,Asynaptic Sex Chromosomes,Heterogametic,XY,20
Animalia,Insecta,Coleoptera,Coccinellidae,Micraspis,cardoni,Animalia|Insecta|Coleoptera|Coccinellidae|Micraspis|cardoni,Asynaptic Sex Chromosomes,Heterogametic,XY,20
Animalia,Insecta,Coleoptera,Coccinellidae,Mulsantina,picta,Animalia|Insecta|Coleoptera|Coccinellidae|Mulsantina|picta,Asynaptic Sex Chromosomes,Heterogametic,XY,20
Animalia,Insecta,Coleoptera,Coccinellidae,Neda,aequatoriana,Animalia|Insecta|Coleoptera|Coccinellidae|Neda|aequatoriana,Asynaptic Sex Chromosomes,Heterogametic,XY,20
Animalia,Insecta,Coleoptera,Coccinellidae,Neomysia,caseyi,Animalia|Insecta|Coleoptera|Coccinellidae|Neomysia|caseyi,Asynaptic Sex Chromosomes,Heterogametic,XY,20
Animalia,Insecta,Coleoptera,Coccinellidae,Neomysia,orego,Animalia|Insecta|Coleoptera|Coccinellidae|Neomysia|orego,Asynaptic Sex Chromosomes,Heterogametic,XY,20
Animalia,Insecta,Coleoptera,Coccinellidae,Neomysia,pullata,Animalia|Insecta|Coleoptera|Coccinellidae|Neomysia|pullata,Asynaptic Sex Chromosomes,Heterogametic,XY,20
Animalia,Insecta,Coleoptera,Coccinellidae,Olla,abdomilis,Animalia|Insecta|Coleoptera|Coccinellidae|Olla|abdomilis,Asynaptic Sex Chromosomes,Heterogametic,XY,20
Animalia,Insecta,Coleoptera,Coccinellidae,Pharoscymnus,sp.,Animalia|Insecta|Coleoptera|Coccinellidae|Pharoscymnus|sp.,Asynaptic Sex Chromosomes,Heterogametic,XY,20
Animalia,Insecta,Coleoptera,Coccinellidae,Rhyzobius,chrysomeloides,Animalia|Insecta|Coleoptera|Coccinellidae|Rhyzobius|chrysomeloides,Asynaptic Sex Chromosomes,Heterogametic,XY,18
Animalia,Insecta,Coleoptera,Coccinellidae,Scymnus,sp.,Animalia|Insecta|Coleoptera|Coccinellidae|Scymnus|sp.,Asynaptic Sex Chromosomes,Heterogametic,XY,20
Animalia,Insecta,Coleoptera,Coccinellidae,Solanophila,paenulata,Animalia|Insecta|Coleoptera|Coccinellidae|Solanophila|paenulata,Asynaptic Sex Chromosomes,Heterogametic,XY,18
Animalia,Insecta,Coleoptera,Coccinellidae,Sumnius,cardoni,Animalia|Insecta|Coleoptera|Coccinellidae|Sumnius|cardoni,Asynaptic Sex Chromosomes,Heterogametic,XY,18
Animalia,Insecta,Coleoptera,Coccinellidae,Synonycha,grandis,Animalia|Insecta|Coleoptera|Coccinellidae|Synonycha|grandis,Asynaptic Sex Chromosomes,Heterogametic,XY,20
Animalia,Insecta,Coleoptera,Coccinellidae,Thea,bisoctonotata,Animalia|Insecta|Coleoptera|Coccinellidae|Thea|bisoctonotata,Asynaptic Sex Chromosomes,Heterogametic,XY,20
Animalia,Insecta,Coleoptera,Coccinellidae,Verania,allardi,Animalia|Insecta|Coleoptera|Coccinellidae|Verania|allardi,Asynaptic Sex Chromosomes,Heterogametic,XY,20
Animalia,Insecta,Coleoptera,Coccinellidae,Verania,discolor,Animalia|Insecta|Coleoptera|Coccinellidae|Verania|discolor,Asynaptic Sex Chromosomes,Heterogametic,XY,20
Animalia,Insecta,Coleoptera,Curculionidae,Acalles,camelus,Animalia|Insecta|Coleoptera|Curculionidae|Acalles|camelus,Asynaptic Sex Chromosomes,Heterogametic,XY,30
Animalia,Insecta,Coleoptera,Curculionidae,Acalles,commutatus,Animalia|Insecta|Coleoptera|Curculionidae|Acalles|commutatus,Asynaptic Sex Chromosomes,Heterogametic,XY,28
Animalia,Insecta,Coleoptera,Curculionidae,Acalles,echitus,Animalia|Insecta|Coleoptera|Curculionidae|Acalles|echitus,Asynaptic Sex Chromosomes,Heterogametic,XY,30
Animalia,Insecta,Coleoptera,Curculionidae,Acalles,fallax,Animalia|Insecta|Coleoptera|Curculionidae|Acalles|fallax,Asynaptic Sex Chromosomes,Heterogametic,XY,30
Animalia,Insecta,Coleoptera,Curculionidae,Acalles,petryszaki,Animalia|Insecta|Coleoptera|Curculionidae|Acalles|petryszaki,Asynaptic Sex Chromosomes,Heterogametic,XY,30
Animalia,Insecta,Coleoptera,Curculionidae,Acallopistus,sp.,Animalia|Insecta|Coleoptera|Curculionidae|Acallopistus|sp.,Asynaptic Sex Chromosomes,Heterogametic,XY,24
Animalia,Insecta,Coleoptera,Curculionidae,Acicnemis,alni,Animalia|Insecta|Coleoptera|Curculionidae|Acicnemis|alni,Asynaptic Sex Chromosomes,Heterogametic,XY,24
Animalia,Insecta,Coleoptera,Curculionidae,Acicnemis,nigra,Animalia|Insecta|Coleoptera|Curculionidae|Acicnemis|nigra,Asynaptic Sex Chromosomes,Heterogametic,XY,22
Animalia,Insecta,Coleoptera,Curculionidae,Adexius,scrobipennis,Animalia|Insecta|Coleoptera|Curculionidae|Adexius|scrobipennis,Asynaptic Sex Chromosomes,Heterogametic,XY,36
Animalia,Insecta,Coleoptera,Curculionidae,Adosomus,melanogrammus,Animalia|Insecta|Coleoptera|Curculionidae|Adosomus|melanogrammus,Asynaptic Sex Chromosomes,Heterogametic,XY,46
Animalia,Insecta,Coleoptera,Curculionidae,Alcides,sp.,Animalia|Insecta|Coleoptera|Curculionidae|Alcides|sp.,Asynaptic Sex Chromosomes,Heterogametic,XY,34
Animalia,Insecta,Coleoptera,Curculionidae,Alcidodes,affaber,Animalia|Insecta|Coleoptera|Curculionidae|Alcidodes|affaber,Asynaptic Sex Chromosomes,Heterogametic,XY,32
Animalia,Insecta,Coleoptera,Curculionidae,Alcidodes,sp.,Animalia|Insecta|Coleoptera|Curculionidae|Alcidodes|sp.,Asynaptic Sex Chromosomes,Heterogametic,XY,32
Animalia,Insecta,Coleoptera,Curculionidae,Amblyrrhinus,poricollis,Animalia|Insecta|Coleoptera|Curculionidae|Amblyrrhinus|poricollis,Asynaptic Sex Chromosomes,Heterogametic,XY,22
Animalia,Insecta,Coleoptera,Curculionidae,Amblyrrhinus,sp.,Animalia|Insecta|Coleoptera|Curculionidae|Amblyrrhinus|sp.,Asynaptic Sex Chromosomes,Heterogametic,XY,22
Animalia,Insecta,Coleoptera,Curculionidae,Amblyrrhinus,subrecticollis,Animalia|Insecta|Coleoptera|Curculionidae|Amblyrrhinus|subrecticollis,Asynaptic Sex Chromosomes,Heterogametic,XY,22
Animalia,Insecta,Coleoptera,Curculionidae,Amystax,fasciatus,Animalia|Insecta|Coleoptera|Curculionidae|Amystax|fasciatus,Asynaptic Sex Chromosomes,Heterogametic,XY,22
Animalia,Insecta,Coleoptera,Curculionidae,Anobleptus,sp.,Animalia|Insecta|Coleoptera|Curculionidae|Anobleptus|sp.,Asynaptic Sex Chromosomes,Heterogametic,XY,22
Animalia,Insecta,Coleoptera,Curculionidae,Anthonomus,bisignifer,Animalia|Insecta|Coleoptera|Curculionidae|Anthonomus|bisignifer,Asynaptic Sex Chromosomes,Heterogametic,XY,30
Animalia,Insecta,Coleoptera,Curculionidae,Anthonomus,corvulus,Animalia|Insecta|Coleoptera|Curculionidae|Anthonomus|corvulus,Asynaptic Sex Chromosomes,Heterogametic,XY,26
Animalia,Insecta,Coleoptera,Curculionidae,Anthonomus,grandis,Animalia|Insecta|Coleoptera|Curculionidae|Anthonomus|grandis,Asynaptic Sex Chromosomes,Heterogametic,XY,42
Animalia,Insecta,Coleoptera,Curculionidae,Anthonomus,scutellatus,Animalia|Insecta|Coleoptera|Curculionidae|Anthonomus|scutellatus,Asynaptic Sex Chromosomes,Heterogametic,XY,28
Animalia,Insecta,Coleoptera,Curculionidae,Anthonomus,sigtus,Animalia|Insecta|Coleoptera|Curculionidae|Anthonomus|sigtus,Asynaptic Sex Chromosomes,Heterogametic,XY,34
Animalia,Insecta,Coleoptera,Curculionidae,Anthonomus,sp.,Animalia|Insecta|Coleoptera|Curculionidae|Anthonomus|sp.,Asynaptic Sex Chromosomes,Heterogametic,XY,32
Animalia,Insecta,Coleoptera,Curculionidae,Apiophorus,pictus,Animalia|Insecta|Coleoptera|Curculionidae|Apiophorus|pictus,Asynaptic Sex Chromosomes,Heterogametic,XY,30
Animalia,Insecta,Coleoptera,Curculionidae,Aplotes,roelofsi,Animalia|Insecta|Coleoptera|Curculionidae|Aplotes|roelofsi,Asynaptic Sex Chromosomes,Heterogametic,XY,22
Animalia,Insecta,Coleoptera,Curculionidae,Apotomorhinus,cribatus,Animalia|Insecta|Coleoptera|Curculionidae|Apotomorhinus|cribatus,Asynaptic Sex Chromosomes,Heterogametic,XY,26
Animalia,Insecta,Coleoptera,Curculionidae,Arrhines,languides,Animalia|Insecta|Coleoptera|Curculionidae|Arrhines|languides,Asynaptic Sex Chromosomes,Heterogametic,XY,22
Animalia,Insecta,Coleoptera,Curculionidae,Astycus,lateralis,Animalia|Insecta|Coleoptera|Curculionidae|Astycus|lateralis,Asynaptic Sex Chromosomes,Heterogametic,XY,22
Animalia,Insecta,Coleoptera,Curculionidae,Astycus,sp.,Animalia|Insecta|Coleoptera|Curculionidae|Astycus|sp.,Asynaptic Sex Chromosomes,Heterogametic,XY,22
Animalia,Insecta,Coleoptera,Curculionidae,Atactogaster,sp.,Animalia|Insecta|Coleoptera|Curculionidae|Atactogaster|sp.,Asynaptic Sex Chromosomes,Heterogametic,XY,48
Animalia,Insecta,Coleoptera,Curculionidae,Barioscaphus,cordiae,Animalia|Insecta|Coleoptera|Curculionidae|Barioscaphus|cordiae,Asynaptic Sex Chromosomes,Heterogametic,XY,22
Animalia,Insecta,Coleoptera,Curculionidae,Baris,arthemisiae,Animalia|Insecta|Coleoptera|Curculionidae|Baris|arthemisiae,Asynaptic Sex Chromosomes,Heterogametic,XY,38
Animalia,Insecta,Coleoptera,Curculionidae,Baris,ezoa,Animalia|Insecta|Coleoptera|Curculionidae|Baris|ezoa,Asynaptic Sex Chromosomes,Heterogametic,XY,32
Animalia,Insecta,Coleoptera,Curculionidae,Baris,sp.,Animalia|Insecta|Coleoptera|Curculionidae|Baris|sp.,Asynaptic Sex Chromosomes,Heterogametic,XY,18
Animalia,Insecta,Coleoptera,Curculionidae,Barypeithes,albie,Animalia|Insecta|Coleoptera|Curculionidae|Barypeithes|albie,Asynaptic Sex Chromosomes,Heterogametic,XY,22
Animalia,Insecta,Coleoptera,Curculionidae,Barypeithes,chevrolati,Animalia|Insecta|Coleoptera|Curculionidae|Barypeithes|chevrolati,Asynaptic Sex Chromosomes,Heterogametic,XY,22
Animalia,Insecta,Coleoptera,Curculionidae,Barypeithes,formaneki,Animalia|Insecta|Coleoptera|Curculionidae|Barypeithes|formaneki,Asynaptic Sex Chromosomes,Heterogametic,XY,22
Animalia,Insecta,Coleoptera,Curculionidae,Barypeithes,interpositus,Animalia|Insecta|Coleoptera|Curculionidae|Barypeithes|interpositus,Asynaptic Sex Chromosomes,Heterogametic,XY,22
Animalia,Insecta,Coleoptera,Curculionidae,Barypeithes,liptoviensis,Animalia|Insecta|Coleoptera|Curculionidae|Barypeithes|liptoviensis,Asynaptic Sex Chromosomes,Heterogametic,XY,28
Animalia,Insecta,Coleoptera,Curculionidae,Barypeithes,mollicomis,Animalia|Insecta|Coleoptera|Curculionidae|Barypeithes|mollicomis,Asynaptic Sex Chromosomes,Heterogametic,XY,22
Animalia,Insecta,Coleoptera,Curculionidae,Barypeithes,pellucidus,Animalia|Insecta|Coleoptera|Curculionidae|Barypeithes|pellucidus,Asynaptic Sex Chromosomes,Heterogametic,XY,22
Animalia,Insecta,Coleoptera,Curculionidae,Barypeithes,purkynei,Animalia|Insecta|Coleoptera|Curculionidae|Barypeithes|purkynei,Asynaptic Sex Chromosomes,Heterogametic,XY,22
Animalia,Insecta,Coleoptera,Curculionidae,Blosyrus,asellus,Animalia|Insecta|Coleoptera|Curculionidae|Blosyrus|asellus,Asynaptic Sex Chromosomes,Heterogametic,XY,24
Animalia,Insecta,Coleoptera,Curculionidae,Blosyrus,falcatus,Animalia|Insecta|Coleoptera|Curculionidae|Blosyrus|falcatus,Asynaptic Sex Chromosomes,Heterogametic,XY,22
Animalia,Insecta,Coleoptera,Curculionidae,Bothrometopus,fasciatus,Animalia|Insecta|Coleoptera|Curculionidae|Bothrometopus|fasciatus,Asynaptic Sex Chromosomes,Heterogametic,XY,22
Animalia,Insecta,Coleoptera,Curculionidae,Brachyderes,incanus,Animalia|Insecta|Coleoptera|Curculionidae|Brachyderes|incanus,Asynaptic Sex Chromosomes,Heterogametic,XY,22
Animalia,Insecta,Coleoptera,Curculionidae,Brachysomus,dispar,Animalia|Insecta|Coleoptera|Curculionidae|Brachysomus|dispar,Asynaptic Sex Chromosomes,Heterogametic,XY,22
Animalia,Insecta,Coleoptera,Curculionidae,Brachysomus,setiger,Animalia|Insecta|Coleoptera|Curculionidae|Brachysomus|setiger,Asynaptic Sex Chromosomes,Heterogametic,XY,22
Animalia,Insecta,Coleoptera,Curculionidae,Byctiscus,congener,Animalia|Insecta|Coleoptera|Curculionidae|Byctiscus|congener,Asynaptic Sex Chromosomes,Heterogametic,XY,22
Animalia,Insecta,Coleoptera,Curculionidae,Byctiscus,venustus,Animalia|Insecta|Coleoptera|Curculionidae|Byctiscus|venustus,Asynaptic Sex Chromosomes,Heterogametic,XY,18
Animalia,Insecta,Coleoptera,Curculionidae,Byrsopages,kiso,Animalia|Insecta|Coleoptera|Curculionidae|Byrsopages|kiso,Asynaptic Sex Chromosomes,Heterogametic,XY,22
Animalia,Insecta,Coleoptera,Curculionidae,Byrsopages,sp(Mt.,Animalia|Insecta|Coleoptera|Curculionidae|Byrsopages|sp(Mt.,Asynaptic Sex Chromosomes,Heterogametic,XY,22
Animalia,Insecta,Coleoptera,Curculionidae,Caenocryptorrhynchus,frontalis,Animalia|Insecta|Coleoptera|Curculionidae|Caenocryptorrhynchus|frontalis,Asynaptic Sex Chromosomes,Heterogametic,XY,34
Animalia,Insecta,Coleoptera,Curculionidae,Calendra,australis,Animalia|Insecta|Coleoptera|Curculionidae|Calendra|australis,Asynaptic Sex Chromosomes,Heterogametic,XY,26
Animalia,Insecta,Coleoptera,Curculionidae,Calendra,bruchi,Animalia|Insecta|Coleoptera|Curculionidae|Calendra|bruchi,Asynaptic Sex Chromosomes,Heterogametic,XY,26
Animalia,Insecta,Coleoptera,Curculionidae,Calendra,costipennis,Animalia|Insecta|Coleoptera|Curculionidae|Calendra|costipennis,Asynaptic Sex Chromosomes,Heterogametic,XY,30
Animalia,Insecta,Coleoptera,Curculionidae,Calendra,linearis,Animalia|Insecta|Coleoptera|Curculionidae|Calendra|linearis,Asynaptic Sex Chromosomes,Heterogametic,XY,24
Animalia,Insecta,Coleoptera,Curculionidae,Calendra,parvula,Animalia|Insecta|Coleoptera|Curculionidae|Calendra|parvula,Asynaptic Sex Chromosomes,Heterogametic,XY,26
Animalia,Insecta,Coleoptera,Curculionidae,Calendra,zeae,Animalia|Insecta|Coleoptera|Curculionidae|Calendra|zeae,Asynaptic Sex Chromosomes,Heterogametic,XY,26
Animalia,Insecta,Coleoptera,Curculionidae,Canonopsis,sericea,Animalia|Insecta|Coleoptera|Curculionidae|Canonopsis|sericea,Asynaptic Sex Chromosomes,Heterogametic,XY,22
Animalia,Insecta,Coleoptera,Curculionidae,Carcilia,strigicollis,Animalia|Insecta|Coleoptera|Curculionidae|Carcilia|strigicollis,Asynaptic Sex Chromosomes,Heterogametic,XY,22
Animalia,Insecta,Coleoptera,Curculionidae,Catagmatus,japonicus,Animalia|Insecta|Coleoptera|Curculionidae|Catagmatus|japonicus,Asynaptic Sex Chromosomes,Heterogametic,XY,32
Animalia,Insecta,Coleoptera,Curculionidae,Catapionus,modestus,Animalia|Insecta|Coleoptera|Curculionidae|Catapionus|modestus,Asynaptic Sex Chromosomes,Heterogametic,XY,22
Animalia,Insecta,Coleoptera,Curculionidae,Catapionus,obscurus,Animalia|Insecta|Coleoptera|Curculionidae|Catapionus|obscurus,Asynaptic Sex Chromosomes,Heterogametic,XY,22
Animalia,Insecta,Coleoptera,Curculionidae,Centricnemus,leucogrammus,Animalia|Insecta|Coleoptera|Curculionidae|Centricnemus|leucogrammus,Asynaptic Sex Chromosomes,Heterogametic,XY,22
Animalia,Insecta,Coleoptera,Curculionidae,Ceutorrhynchus,ancola,Animalia|Insecta|Coleoptera|Curculionidae|Ceutorrhynchus|ancola,Asynaptic Sex Chromosomes,Heterogametic,XY,34
Animalia,Insecta,Coleoptera,Curculionidae,Ceutorrhynchus,costatus,Animalia|Insecta|Coleoptera|Curculionidae|Ceutorrhynchus|costatus,Asynaptic Sex Chromosomes,Heterogametic,XY,20
Animalia,Insecta,Coleoptera,Curculionidae,Ceutorrhynchus,lewisi,Animalia|Insecta|Coleoptera|Curculionidae|Ceutorrhynchus|lewisi,Asynaptic Sex Chromosomes,Heterogametic,NA,28
Animalia,Insecta,Coleoptera,Curculionidae,Ceutorrhynchus,sp.,Animalia|Insecta|Coleoptera|Curculionidae|Ceutorrhynchus|sp.,Asynaptic Sex Chromosomes,Heterogametic,XY,24
Animalia,Insecta,Coleoptera,Curculionidae,Chlorophanus,grandis,Animalia|Insecta|Coleoptera|Curculionidae|Chlorophanus|grandis,Asynaptic Sex Chromosomes,Heterogametic,XY,24
Animalia,Insecta,Coleoptera,Curculionidae,Chlorophanus,viridis,Animalia|Insecta|Coleoptera|Curculionidae|Chlorophanus|viridis,Asynaptic Sex Chromosomes,Heterogametic,XY,22
Animalia,Insecta,Coleoptera,Curculionidae,Chokkirius,truncatus,Animalia|Insecta|Coleoptera|Curculionidae|Chokkirius|truncatus,Asynaptic Sex Chromosomes,Heterogametic,XY,22
Animalia,Insecta,Coleoptera,Curculionidae,Christensenia,antarctica,Animalia|Insecta|Coleoptera|Curculionidae|Christensenia|antarctica,Asynaptic Sex Chromosomes,Heterogametic,XY,22
Animalia,Insecta,Coleoptera,Curculionidae,Cidnorrhinus,4-maculatus,Animalia|Insecta|Coleoptera|Curculionidae|Cidnorrhinus|4-maculatus,Asynaptic Sex Chromosomes,Heterogametic,XY,28
Animalia,Insecta,Coleoptera,Curculionidae,Cionus,championi,Animalia|Insecta|Coleoptera|Curculionidae|Cionus|championi,Asynaptic Sex Chromosomes,Heterogametic,XY,40
Animalia,Insecta,Coleoptera,Curculionidae,Cionus,ganglbaueri,Animalia|Insecta|Coleoptera|Curculionidae|Cionus|ganglbaueri,Asynaptic Sex Chromosomes,Heterogametic,XY,38
Animalia,Insecta,Coleoptera,Curculionidae,Cionus,hortulans,Animalia|Insecta|Coleoptera|Curculionidae|Cionus|hortulans,Asynaptic Sex Chromosomes,Heterogametic,XY,38
Animalia,Insecta,Coleoptera,Curculionidae,Cionus,longicollis-montanus,Animalia|Insecta|Coleoptera|Curculionidae|Cionus|longicollis-montanus,Asynaptic Sex Chromosomes,Heterogametic,XY,40
Animalia,Insecta,Coleoptera,Curculionidae,Cionus,nigritarsis,Animalia|Insecta|Coleoptera|Curculionidae|Cionus|nigritarsis,Asynaptic Sex Chromosomes,Heterogametic,XY,38
Animalia,Insecta,Coleoptera,Curculionidae,Cionus,olivieri,Animalia|Insecta|Coleoptera|Curculionidae|Cionus|olivieri,Asynaptic Sex Chromosomes,Heterogametic,XY,42
Animalia,Insecta,Coleoptera,Curculionidae,Cionus,tamazo,Animalia|Insecta|Coleoptera|Curculionidae|Cionus|tamazo,Asynaptic Sex Chromosomes,Heterogametic,XY,40
Animalia,Insecta,Coleoptera,Curculionidae,Cionus,tuberculosus,Animalia|Insecta|Coleoptera|Curculionidae|Cionus|tuberculosus,Asynaptic Sex Chromosomes,Heterogametic,XY,44
Animalia,Insecta,Coleoptera,Curculionidae,Cirrorhynchus,kelecsenyi,Animalia|Insecta|Coleoptera|Curculionidae|Cirrorhynchus|kelecsenyi,Asynaptic Sex Chromosomes,Heterogametic,XY,30
Animalia,Insecta,Coleoptera,Curculionidae,Colobodes,konoi,Animalia|Insecta|Coleoptera|Curculionidae|Colobodes|konoi,Asynaptic Sex Chromosomes,Heterogametic,XY,48
Animalia,Insecta,Coleoptera,Curculionidae,Colobodes,matsumurai,Animalia|Insecta|Coleoptera|Curculionidae|Colobodes|matsumurai,Asynaptic Sex Chromosomes,Heterogametic,XY,NA
Animalia,Insecta,Coleoptera,Curculionidae,Colobodes,sp.,Animalia|Insecta|Coleoptera|Curculionidae|Colobodes|sp.,Asynaptic Sex Chromosomes,Heterogametic,XY,36
Animalia,Insecta,Coleoptera,Curculionidae,Corigetus,chandigarhensis,Animalia|Insecta|Coleoptera|Curculionidae|Corigetus|chandigarhensis,Asynaptic Sex Chromosomes,Heterogametic,XY,22
Animalia,Insecta,Coleoptera,Curculionidae,Corigetus,sp.,Animalia|Insecta|Coleoptera|Curculionidae|Corigetus|sp.,Asynaptic Sex Chromosomes,Heterogametic,XY,22
Animalia,Insecta,Coleoptera,Curculionidae,Cosmopolites,sordidus,Animalia|Insecta|Coleoptera|Curculionidae|Cosmopolites|sordidus,Asynaptic Sex Chromosomes,Heterogametic,XY,30
Animalia,Insecta,Coleoptera,Curculionidae,Cryptorrhynchus,erectus,Animalia|Insecta|Coleoptera|Curculionidae|Cryptorrhynchus|erectus,Asynaptic Sex Chromosomes,Heterogametic,XY,32
Animalia,Insecta,Coleoptera,Curculionidae,Cryptorrhynchus,lapathi,Animalia|Insecta|Coleoptera|Curculionidae|Cryptorrhynchus|lapathi,Asynaptic Sex Chromosomes,Heterogametic,XY,34
Animalia,Insecta,Coleoptera,Curculionidae,Cryptorrhynchus,sp.,Animalia|Insecta|Coleoptera|Curculionidae|Cryptorrhynchus|sp.,Asynaptic Sex Chromosomes,Heterogametic,XY,38
Animalia,Insecta,Coleoptera,Curculionidae,Curculio,aino,Animalia|Insecta|Coleoptera|Curculionidae|Curculio|aino,Asynaptic Sex Chromosomes,Heterogametic,XY,28
Animalia,Insecta,Coleoptera,Curculionidae,Curculio,arakawai,Animalia|Insecta|Coleoptera|Curculionidae|Curculio|arakawai,Asynaptic Sex Chromosomes,Heterogametic,XY,26
Animalia,Insecta,Coleoptera,Curculionidae,Curculio,convexus,Animalia|Insecta|Coleoptera|Curculionidae|Curculio|convexus,Asynaptic Sex Chromosomes,Heterogametic,XY,26
Animalia,Insecta,Coleoptera,Curculionidae,Curculio,dentipes,Animalia|Insecta|Coleoptera|Curculionidae|Curculio|dentipes,Asynaptic Sex Chromosomes,Heterogametic,XY,26
Animalia,Insecta,Coleoptera,Curculionidae,Curculio,distinguendus,Animalia|Insecta|Coleoptera|Curculionidae|Curculio|distinguendus,Asynaptic Sex Chromosomes,Heterogametic,XY,26
Animalia,Insecta,Coleoptera,Curculionidae,Curculio,elaeagni,Animalia|Insecta|Coleoptera|Curculionidae|Curculio|elaeagni,Asynaptic Sex Chromosomes,Heterogametic,XY,26
Animalia,Insecta,Coleoptera,Curculionidae,Curculio,flavescens,Animalia|Insecta|Coleoptera|Curculionidae|Curculio|flavescens,Asynaptic Sex Chromosomes,Heterogametic,XY,28
Animalia,Insecta,Coleoptera,Curculionidae,Curculio,funebris,Animalia|Insecta|Coleoptera|Curculionidae|Curculio|funebris,Asynaptic Sex Chromosomes,Heterogametic,XY,26
Animalia,Insecta,Coleoptera,Curculionidae,Curculio,koreanus,Animalia|Insecta|Coleoptera|Curculionidae|Curculio|koreanus,Asynaptic Sex Chromosomes,Heterogametic,XY,32
Animalia,Insecta,Coleoptera,Curculionidae,Curculio,longirostris,Animalia|Insecta|Coleoptera|Curculionidae|Curculio|longirostris,Asynaptic Sex Chromosomes,Heterogametic,XY,26
Animalia,Insecta,Coleoptera,Curculionidae,Curculio,minutissimus,Animalia|Insecta|Coleoptera|Curculionidae|Curculio|minutissimus,Asynaptic Sex Chromosomes,Heterogametic,XY,34
Animalia,Insecta,Coleoptera,Curculionidae,Curculio,murakamii,Animalia|Insecta|Coleoptera|Curculionidae|Curculio|murakamii,Asynaptic Sex Chromosomes,Heterogametic,XY,26
Animalia,Insecta,Coleoptera,Curculionidae,Curculio,nucum,Animalia|Insecta|Coleoptera|Curculionidae|Curculio|nucum,Asynaptic Sex Chromosomes,Heterogametic,XY,26
Animalia,Insecta,Coleoptera,Curculionidae,Curculio,obtusus,Animalia|Insecta|Coleoptera|Curculionidae|Curculio|obtusus,Asynaptic Sex Chromosomes,Heterogametic,XY,26
Animalia,Insecta,Coleoptera,Curculionidae,Curculio,pictus,Animalia|Insecta|Coleoptera|Curculionidae|Curculio|pictus,Asynaptic Sex Chromosomes,Heterogametic,XY,22
Animalia,Insecta,Coleoptera,Curculionidae,Curculio,roelofsi,Animalia|Insecta|Coleoptera|Curculionidae|Curculio|roelofsi,Asynaptic Sex Chromosomes,Heterogametic,XY,26
Animalia,Insecta,Coleoptera,Curculionidae,Curculio,sp.,Animalia|Insecta|Coleoptera|Curculionidae|Curculio|sp.,Asynaptic Sex Chromosomes,Heterogametic,XY,28
Animalia,Insecta,Coleoptera,Curculionidae,Cylindrocopturus,sp.,Animalia|Insecta|Coleoptera|Curculionidae|Cylindrocopturus|sp.,Asynaptic Sex Chromosomes,Heterogametic,XY,32
Animalia,Insecta,Coleoptera,Curculionidae,Cyphicerinus,tectoe,Animalia|Insecta|Coleoptera|Curculionidae|Cyphicerinus|tectoe,Asynaptic Sex Chromosomes,Heterogametic,XY,22
Animalia,Insecta,Coleoptera,Curculionidae,Cyphicerus,aceri,Animalia|Insecta|Coleoptera|Curculionidae|Cyphicerus|aceri,Asynaptic Sex Chromosomes,Heterogametic,XY,22
Animalia,Insecta,Coleoptera,Curculionidae,Cyrtepistomus,bardus,Animalia|Insecta|Coleoptera|Curculionidae|Cyrtepistomus|bardus,Asynaptic Sex Chromosomes,Heterogametic,XY,22
Animalia,Insecta,Coleoptera,Curculionidae,Cyrtepistomus,gucindus,Animalia|Insecta|Coleoptera|Curculionidae|Cyrtepistomus|gucindus,Asynaptic Sex Chromosomes,Heterogametic,XY,22
Animalia,Insecta,Coleoptera,Curculionidae,Cyrtepistomus,jucundus,Animalia|Insecta|Coleoptera|Curculionidae|Cyrtepistomus|jucundus,Asynaptic Sex Chromosomes,Heterogametic,XY,22
Animalia,Insecta,Coleoptera,Curculionidae,Cyrtepistomus,sp.,Animalia|Insecta|Coleoptera|Curculionidae|Cyrtepistomus|sp.,Asynaptic Sex Chromosomes,Heterogametic,XY,22
Animalia,Insecta,Coleoptera,Curculionidae,Deiradolcus,pubescens,Animalia|Insecta|Coleoptera|Curculionidae|Deiradolcus|pubescens,Asynaptic Sex Chromosomes,Heterogametic,XY,22
Animalia,Insecta,Coleoptera,Curculionidae,Deiradolcus,sp.,Animalia|Insecta|Coleoptera|Curculionidae|Deiradolcus|sp.,Asynaptic Sex Chromosomes,Heterogametic,XY,22
Animalia,Insecta,Coleoptera,Curculionidae,Demimaea,mori,Animalia|Insecta|Coleoptera|Curculionidae|Demimaea|mori,Asynaptic Sex Chromosomes,Heterogametic,XY,24
Animalia,Insecta,Coleoptera,Curculionidae,Dendroctonus,frontalis,Animalia|Insecta|Coleoptera|Curculionidae|Dendroctonus|frontalis,Asynaptic Sex Chromosomes,Heterogametic,XY,16
Animalia,Insecta,Coleoptera,Curculionidae,Dendroctonus,mesoamericanus,Animalia|Insecta|Coleoptera|Curculionidae|Dendroctonus|mesoamericanus,Asynaptic Sex Chromosomes,Heterogametic,XY,12
Animalia,Insecta,Coleoptera,Curculionidae,Dendroctonus,micans,Animalia|Insecta|Coleoptera|Curculionidae|Dendroctonus|micans,Asynaptic Sex Chromosomes,Heterogametic,XY,22
Animalia,Insecta,Coleoptera,Curculionidae,Dermatoxenus,caesicollis,Animalia|Insecta|Coleoptera|Curculionidae|Dermatoxenus|caesicollis,Asynaptic Sex Chromosomes,Heterogametic,XY,20
Animalia,Insecta,Coleoptera,Curculionidae,Dermatoxenus,clathratus,Animalia|Insecta|Coleoptera|Curculionidae|Dermatoxenus|clathratus,Asynaptic Sex Chromosomes,Heterogametic,XY,22
Animalia,Insecta,Coleoptera,Curculionidae,Dermatoxenus,sp.,Animalia|Insecta|Coleoptera|Curculionidae|Dermatoxenus|sp.,Asynaptic Sex Chromosomes,Heterogametic,XY,22
Animalia,Insecta,Coleoptera,Curculionidae,Desmidophorus,sp.,Animalia|Insecta|Coleoptera|Curculionidae|Desmidophorus|sp.,Asynaptic Sex Chromosomes,Heterogametic,XY,22
Animalia,Insecta,Coleoptera,Curculionidae,Diaprepes,abbreviatus,Animalia|Insecta|Coleoptera|Curculionidae|Diaprepes|abbreviatus,Asynaptic Sex Chromosomes,Heterogametic,XY,22
Animalia,Insecta,Coleoptera,Curculionidae,Diaprepes,marginicollis,Animalia|Insecta|Coleoptera|Curculionidae|Diaprepes|marginicollis,Asynaptic Sex Chromosomes,Heterogametic,XY,22
Animalia,Insecta,Coleoptera,Curculionidae,Diaprepres,abbreviata,Animalia|Insecta|Coleoptera|Curculionidae|Diaprepres|abbreviata,Asynaptic Sex Chromosomes,Heterogametic,XY,22
Animalia,Insecta,Coleoptera,Curculionidae,Diatropus,marshalli,Animalia|Insecta|Coleoptera|Curculionidae|Diatropus|marshalli,Asynaptic Sex Chromosomes,Heterogametic,XY,22
Animalia,Insecta,Coleoptera,Curculionidae,Didothis,melancholica,Animalia|Insecta|Coleoptera|Curculionidae|Didothis|melancholica,Asynaptic Sex Chromosomes,Heterogametic,XY,28
Animalia,Insecta,Coleoptera,Curculionidae,Didothis,sp.,Animalia|Insecta|Coleoptera|Curculionidae|Didothis|sp.,Asynaptic Sex Chromosomes,Heterogametic,XY,34
Animalia,Insecta,Coleoptera,Curculionidae,Diocalandra,sp.,Animalia|Insecta|Coleoptera|Curculionidae|Diocalandra|sp.,Asynaptic Sex Chromosomes,Heterogametic,XY,26
Animalia,Insecta,Coleoptera,Curculionidae,Diplogrammus,quadrivittatus,Animalia|Insecta|Coleoptera|Curculionidae|Diplogrammus|quadrivittatus,Asynaptic Sex Chromosomes,Heterogametic,XY,30
Animalia,Insecta,Coleoptera,Curculionidae,Disker,tenuicornis,Animalia|Insecta|Coleoptera|Curculionidae|Disker|tenuicornis,Asynaptic Sex Chromosomes,Heterogametic,XY,22
Animalia,Insecta,Coleoptera,Curculionidae,Dodecastichus,atripes,Animalia|Insecta|Coleoptera|Curculionidae|Dodecastichus|atripes,Asynaptic Sex Chromosomes,Heterogametic,XY,22
Animalia,Insecta,Coleoptera,Curculionidae,Dodecastichus,aurosigtus,Animalia|Insecta|Coleoptera|Curculionidae|Dodecastichus|aurosigtus,Asynaptic Sex Chromosomes,Heterogametic,XY,22
Animalia,Insecta,Coleoptera,Curculionidae,Dodecastichus,dolomitae,Animalia|Insecta|Coleoptera|Curculionidae|Dodecastichus|dolomitae,Asynaptic Sex Chromosomes,Heterogametic,XY,22
Animalia,Insecta,Coleoptera,Curculionidae,Dodecastichus,geniculatus,Animalia|Insecta|Coleoptera|Curculionidae|Dodecastichus|geniculatus,Asynaptic Sex Chromosomes,Heterogametic,XY,22
Animalia,Insecta,Coleoptera,Curculionidae,Dodecastichus,inflatus,Animalia|Insecta|Coleoptera|Curculionidae|Dodecastichus|inflatus,Asynaptic Sex Chromosomes,Heterogametic,XY,22
Animalia,Insecta,Coleoptera,Curculionidae,Dodecastichus,obsoletus,Animalia|Insecta|Coleoptera|Curculionidae|Dodecastichus|obsoletus,Asynaptic Sex Chromosomes,Heterogametic,XY,22
Animalia,Insecta,Coleoptera,Curculionidae,Donus,comatus,Animalia|Insecta|Coleoptera|Curculionidae|Donus|comatus,Asynaptic Sex Chromosomes,Heterogametic,XY,22
Animalia,Insecta,Coleoptera,Curculionidae,Donus,oxalidis,Animalia|Insecta|Coleoptera|Curculionidae|Donus|oxalidis,Asynaptic Sex Chromosomes,Heterogametic,XY,22
Animalia,Insecta,Coleoptera,Curculionidae,Dorytomus,mongolicus,Animalia|Insecta|Coleoptera|Curculionidae|Dorytomus|mongolicus,Asynaptic Sex Chromosomes,Heterogametic,XY,28
Animalia,Insecta,Coleoptera,Curculionidae,Dusmoecetes,marioni,Animalia|Insecta|Coleoptera|Curculionidae|Dusmoecetes|marioni,Asynaptic Sex Chromosomes,Heterogametic,XY,22
Animalia,Insecta,Coleoptera,Curculionidae,Dusmoecetes,richtersi,Animalia|Insecta|Coleoptera|Curculionidae|Dusmoecetes|richtersi,Asynaptic Sex Chromosomes,Heterogametic,XY,22
Animalia,Insecta,Coleoptera,Curculionidae,Dyslobus,verrucifer,Animalia|Insecta|Coleoptera|Curculionidae|Dyslobus|verrucifer,Asynaptic Sex Chromosomes,Heterogametic,XY,22
Animalia,Insecta,Coleoptera,Curculionidae,Dystropicus,dorsalis,Animalia|Insecta|Coleoptera|Curculionidae|Dystropicus|dorsalis,Asynaptic Sex Chromosomes,Heterogametic,XY,56
Animalia,Insecta,Coleoptera,Curculionidae,Echinocnemus,marmoreus,Animalia|Insecta|Coleoptera|Curculionidae|Echinocnemus|marmoreus,Asynaptic Sex Chromosomes,Heterogametic,XY,18
Animalia,Insecta,Coleoptera,Curculionidae,Echinocnemus,sp.,Animalia|Insecta|Coleoptera|Curculionidae|Echinocnemus|sp.,Asynaptic Sex Chromosomes,Heterogametic,XY,16
Animalia,Insecta,Coleoptera,Curculionidae,Echinocnemus,squameus,Animalia|Insecta|Coleoptera|Curculionidae|Echinocnemus|squameus,Asynaptic Sex Chromosomes,Heterogametic,XY,22
Animalia,Insecta,Coleoptera,Curculionidae,Ectatorhinus,adamsi,Animalia|Insecta|Coleoptera|Curculionidae|Ectatorhinus|adamsi,Asynaptic Sex Chromosomes,Heterogametic,XY,38
Animalia,Insecta,Coleoptera,Curculionidae,Ectemnorrhinus,angusticollis,Animalia|Insecta|Coleoptera|Curculionidae|Ectemnorrhinus|angusticollis,Asynaptic Sex Chromosomes,Heterogametic,XY,22
Animalia,Insecta,Coleoptera,Curculionidae,Ectemnorrhinus,drygalski,Animalia|Insecta|Coleoptera|Curculionidae|Ectemnorrhinus|drygalski,Asynaptic Sex Chromosomes,Heterogametic,XY,22
Animalia,Insecta,Coleoptera,Curculionidae,Ectemnorrhinus,viridis,Animalia|Insecta|Coleoptera|Curculionidae|Ectemnorrhinus|viridis,Asynaptic Sex Chromosomes,Heterogametic,XY,22
Animalia,Insecta,Coleoptera,Curculionidae,Episomus,turritus,Animalia|Insecta|Coleoptera|Curculionidae|Episomus|turritus,Asynaptic Sex Chromosomes,Heterogametic,XY,32
Animalia,Insecta,Coleoptera,Curculionidae,Esamus,albomarginatus,Animalia|Insecta|Coleoptera|Curculionidae|Esamus|albomarginatus,Asynaptic Sex Chromosomes,Heterogametic,XY,22
Animalia,Insecta,Coleoptera,Curculionidae,Esamus,circumdatus,Animalia|Insecta|Coleoptera|Curculionidae|Esamus|circumdatus,Asynaptic Sex Chromosomes,Heterogametic,XY,22
Animalia,Insecta,Coleoptera,Curculionidae,Esamus,plurisetosus,Animalia|Insecta|Coleoptera|Curculionidae|Esamus|plurisetosus,Asynaptic Sex Chromosomes,Heterogametic,XY,22
Animalia,Insecta,Coleoptera,Curculionidae,Esamus,sciurus,Animalia|Insecta|Coleoptera|Curculionidae|Esamus|sciurus,Asynaptic Sex Chromosomes,Heterogametic,XY,22
Animalia,Insecta,Coleoptera,Curculionidae,Eudiagogus,episcopalis,Animalia|Insecta|Coleoptera|Curculionidae|Eudiagogus|episcopalis,Asynaptic Sex Chromosomes,Heterogametic,XY,34
Animalia,Insecta,Coleoptera,Curculionidae,Eugnathus,distincyus,Animalia|Insecta|Coleoptera|Curculionidae|Eugnathus|distincyus,Asynaptic Sex Chromosomes,Heterogametic,XY,22
Animalia,Insecta,Coleoptera,Curculionidae,Euops,punctatostriata,Animalia|Insecta|Coleoptera|Curculionidae|Euops|punctatostriata,Asynaptic Sex Chromosomes,Heterogametic,XY,26
Animalia,Insecta,Coleoptera,Curculionidae,Eupagoderes,sp.,Animalia|Insecta|Coleoptera|Curculionidae|Eupagoderes|sp.,Asynaptic Sex Chromosomes,Heterogametic,XY,22
Animalia,Insecta,Coleoptera,Curculionidae,Exophthalmus,famelicus,Animalia|Insecta|Coleoptera|Curculionidae|Exophthalmus|famelicus,Asynaptic Sex Chromosomes,Heterogametic,XY,22
Animalia,Insecta,Coleoptera,Curculionidae,Exopthalmus,quadritaenia,Animalia|Insecta|Coleoptera|Curculionidae|Exopthalmus|quadritaenia,Asynaptic Sex Chromosomes,Heterogametic,XY,22
Animalia,Insecta,Coleoptera,Curculionidae,Foucartia,liturata,Animalia|Insecta|Coleoptera|Curculionidae|Foucartia|liturata,Asynaptic Sex Chromosomes,Heterogametic,XY,22
Animalia,Insecta,Coleoptera,Curculionidae,Gasteroclisus,aethiops,Animalia|Insecta|Coleoptera|Curculionidae|Gasteroclisus|aethiops,Asynaptic Sex Chromosomes,Heterogametic,XY,36
Animalia,Insecta,Coleoptera,Curculionidae,Gasteroclisus,binodulus,Animalia|Insecta|Coleoptera|Curculionidae|Gasteroclisus|binodulus,Asynaptic Sex Chromosomes,Heterogametic,XY,36
Animalia,Insecta,Coleoptera,Curculionidae,Gymnetron,antirrhini,Animalia|Insecta|Coleoptera|Curculionidae|Gymnetron|antirrhini,Asynaptic Sex Chromosomes,Heterogametic,XY,32
Animalia,Insecta,Coleoptera,Curculionidae,Gymnetron,smreczynski,Animalia|Insecta|Coleoptera|Curculionidae|Gymnetron|smreczynski,Asynaptic Sex Chromosomes,Heterogametic,XY,32
Animalia,Insecta,Coleoptera,Curculionidae,Gymnetron,tetrum,Animalia|Insecta|Coleoptera|Curculionidae|Gymnetron|tetrum,Asynaptic Sex Chromosomes,Heterogametic,XY,32
Animalia,Insecta,Coleoptera,Curculionidae,Heilipodus,erythropus,Animalia|Insecta|Coleoptera|Curculionidae|Heilipodus|erythropus,Asynaptic Sex Chromosomes,Heterogametic,XY,30
Animalia,Insecta,Coleoptera,Curculionidae,Heilipodus,scaber,Animalia|Insecta|Coleoptera|Curculionidae|Heilipodus|scaber,Asynaptic Sex Chromosomes,Heterogametic,NA,30
Animalia,Insecta,Coleoptera,Curculionidae,Heilipodus,sp.,Animalia|Insecta|Coleoptera|Curculionidae|Heilipodus|sp.,Asynaptic Sex Chromosomes,Heterogametic,XY,28
Animalia,Insecta,Coleoptera,Curculionidae,Heilipus,tremolerasi,Animalia|Insecta|Coleoptera|Curculionidae|Heilipus|tremolerasi,Asynaptic Sex Chromosomes,Heterogametic,XY,30
Animalia,Insecta,Coleoptera,Curculionidae,Heilipus,wiedemanni,Animalia|Insecta|Coleoptera|Curculionidae|Heilipus|wiedemanni,Asynaptic Sex Chromosomes,Heterogametic,XY,30
Animalia,Insecta,Coleoptera,Curculionidae,Hemerus,sp.,Animalia|Insecta|Coleoptera|Curculionidae|Hemerus|sp.,Asynaptic Sex Chromosomes,Heterogametic,XY,22
Animalia,Insecta,Coleoptera,Curculionidae,Hilaus,sp.,Animalia|Insecta|Coleoptera|Curculionidae|Hilaus|sp.,Asynaptic Sex Chromosomes,Heterogametic,XY,22
Animalia,Insecta,Coleoptera,Curculionidae,Hylobius,abietis,Animalia|Insecta|Coleoptera|Curculionidae|Hylobius|abietis,Asynaptic Sex Chromosomes,Heterogametic,XY,22
Animalia,Insecta,Coleoptera,Curculionidae,Hylobius,albosparsus,Animalia|Insecta|Coleoptera|Curculionidae|Hylobius|albosparsus,Asynaptic Sex Chromosomes,Heterogametic,XY,40
Animalia,Insecta,Coleoptera,Curculionidae,Hylobius,aliradicis,Animalia|Insecta|Coleoptera|Curculionidae|Hylobius|aliradicis,Asynaptic Sex Chromosomes,Heterogametic,XY,22
Animalia,Insecta,Coleoptera,Curculionidae,Hylobius,congener,Animalia|Insecta|Coleoptera|Curculionidae|Hylobius|congener,Asynaptic Sex Chromosomes,Heterogametic,XY,22
Animalia,Insecta,Coleoptera,Curculionidae,Hylobius,cribripennis,Animalia|Insecta|Coleoptera|Curculionidae|Hylobius|cribripennis,Asynaptic Sex Chromosomes,Heterogametic,XY,36
Animalia,Insecta,Coleoptera,Curculionidae,Hylobius,desbrochersi,Animalia|Insecta|Coleoptera|Curculionidae|Hylobius|desbrochersi,Asynaptic Sex Chromosomes,Heterogametic,XY,36
Animalia,Insecta,Coleoptera,Curculionidae,Hylobius,elongatus,Animalia|Insecta|Coleoptera|Curculionidae|Hylobius|elongatus,Asynaptic Sex Chromosomes,Heterogametic,XY,48
Animalia,Insecta,Coleoptera,Curculionidae,Hylobius,exculptus,Animalia|Insecta|Coleoptera|Curculionidae|Hylobius|exculptus,Asynaptic Sex Chromosomes,Heterogametic,XY,28
Animalia,Insecta,Coleoptera,Curculionidae,Hylobius,freyi,Animalia|Insecta|Coleoptera|Curculionidae|Hylobius|freyi,Asynaptic Sex Chromosomes,Heterogametic,XY,28
Animalia,Insecta,Coleoptera,Curculionidae,Hylobius,galloisi,Animalia|Insecta|Coleoptera|Curculionidae|Hylobius|galloisi,Asynaptic Sex Chromosomes,Heterogametic,XY,36
Animalia,Insecta,Coleoptera,Curculionidae,Hylobius,gebleri,Animalia|Insecta|Coleoptera|Curculionidae|Hylobius|gebleri,Asynaptic Sex Chromosomes,Heterogametic,XY,22
Animalia,Insecta,Coleoptera,Curculionidae,Hylobius,gigas,Animalia|Insecta|Coleoptera|Curculionidae|Hylobius|gigas,Asynaptic Sex Chromosomes,Heterogametic,XY,36
Animalia,Insecta,Coleoptera,Curculionidae,Hylobius,insularis,Animalia|Insecta|Coleoptera|Curculionidae|Hylobius|insularis,Asynaptic Sex Chromosomes,Heterogametic,XY,50
Animalia,Insecta,Coleoptera,Curculionidae,Hylobius,pales,Animalia|Insecta|Coleoptera|Curculionidae|Hylobius|pales,Asynaptic Sex Chromosomes,Heterogametic,XY,22
Animalia,Insecta,Coleoptera,Curculionidae,Hylobius,perforatus,Animalia|Insecta|Coleoptera|Curculionidae|Hylobius|perforatus,Asynaptic Sex Chromosomes,Heterogametic,XY,36
Animalia,Insecta,Coleoptera,Curculionidae,Hylobius,piceus,Animalia|Insecta|Coleoptera|Curculionidae|Hylobius|piceus,Asynaptic Sex Chromosomes,Heterogametic,XY,40
Animalia,Insecta,Coleoptera,Curculionidae,Hylobius,pinicola,Animalia|Insecta|Coleoptera|Curculionidae|Hylobius|pinicola,Asynaptic Sex Chromosomes,Heterogametic,XY,40
Animalia,Insecta,Coleoptera,Curculionidae,Hylobius,pistri,Animalia|Insecta|Coleoptera|Curculionidae|Hylobius|pistri,Asynaptic Sex Chromosomes,Heterogametic,XY,22
Animalia,Insecta,Coleoptera,Curculionidae,Hylobius,radicis,Animalia|Insecta|Coleoptera|Curculionidae|Hylobius|radicis,Asynaptic Sex Chromosomes,Heterogametic,XY,22
Animalia,Insecta,Coleoptera,Curculionidae,Hylobius,warreni,Animalia|Insecta|Coleoptera|Curculionidae|Hylobius|warreni,Asynaptic Sex Chromosomes,Heterogametic,XY,32
Animalia,Insecta,Coleoptera,Curculionidae,Hypera,elongata,Animalia|Insecta|Coleoptera|Curculionidae|Hypera|elongata,Asynaptic Sex Chromosomes,Heterogametic,XY,22
Animalia,Insecta,Coleoptera,Curculionidae,Hypera,medicaginis,Animalia|Insecta|Coleoptera|Curculionidae|Hypera|medicaginis,Asynaptic Sex Chromosomes,Heterogametic,XY,22
Animalia,Insecta,Coleoptera,Curculionidae,Hypera,nigrirostris,Animalia|Insecta|Coleoptera|Curculionidae|Hypera|nigrirostris,Asynaptic Sex Chromosomes,Heterogametic,XY,22
Animalia,Insecta,Coleoptera,Curculionidae,Hypera,postica,Animalia|Insecta|Coleoptera|Curculionidae|Hypera|postica,Asynaptic Sex Chromosomes,Heterogametic,XY,22
Animalia,Insecta,Coleoptera,Curculionidae,Hypera,rumicus,Animalia|Insecta|Coleoptera|Curculionidae|Hypera|rumicus,Asynaptic Sex Chromosomes,Heterogametic,XY,22
Animalia,Insecta,Coleoptera,Curculionidae,Hypera,viciae,Animalia|Insecta|Coleoptera|Curculionidae|Hypera|viciae,Asynaptic Sex Chromosomes,Heterogametic,XY,22
Animalia,Insecta,Coleoptera,Curculionidae,Hypermias,sp.,Animalia|Insecta|Coleoptera|Curculionidae|Hypermias|sp.,Asynaptic Sex Chromosomes,Heterogametic,XY,22
Animalia,Insecta,Coleoptera,Curculionidae,Hypolixus,truncatulus,Animalia|Insecta|Coleoptera|Curculionidae|Hypolixus|truncatulus,Asynaptic Sex Chromosomes,Heterogametic,XY,44
Animalia,Insecta,Coleoptera,Curculionidae,Hypomeces,squamosus,Animalia|Insecta|Coleoptera|Curculionidae|Hypomeces|squamosus,Asynaptic Sex Chromosomes,Heterogametic,XY,22
Animalia,Insecta,Coleoptera,Curculionidae,Indocurculio,minutus,Animalia|Insecta|Coleoptera|Curculionidae|Indocurculio|minutus,Asynaptic Sex Chromosomes,Heterogametic,XY,24
Animalia,Insecta,Coleoptera,Curculionidae,Indomecus,lectus,Animalia|Insecta|Coleoptera|Curculionidae|Indomecus|lectus,Asynaptic Sex Chromosomes,Heterogametic,XY,22
Animalia,Insecta,Coleoptera,Curculionidae,Indomias,acutipennis,Animalia|Insecta|Coleoptera|Curculionidae|Indomias|acutipennis,Asynaptic Sex Chromosomes,Heterogametic,XY,22
Animalia,Insecta,Coleoptera,Curculionidae,Ixalma,dentipes,Animalia|Insecta|Coleoptera|Curculionidae|Ixalma|dentipes,Asynaptic Sex Chromosomes,Heterogametic,XY,22
Animalia,Insecta,Coleoptera,Curculionidae,Larinodontes,obtusus,Animalia|Insecta|Coleoptera|Curculionidae|Larinodontes|obtusus,Asynaptic Sex Chromosomes,Heterogametic,XY,40
Animalia,Insecta,Coleoptera,Curculionidae,Larinus,griseopilosus,Animalia|Insecta|Coleoptera|Curculionidae|Larinus|griseopilosus,Asynaptic Sex Chromosomes,Heterogametic,XY,40
Animalia,Insecta,Coleoptera,Curculionidae,Larinus,latissimus,Animalia|Insecta|Coleoptera|Curculionidae|Larinus|latissimus,Asynaptic Sex Chromosomes,Heterogametic,XY,40
Animalia,Insecta,Coleoptera,Curculionidae,Larinus,meleagris,Animalia|Insecta|Coleoptera|Curculionidae|Larinus|meleagris,Asynaptic Sex Chromosomes,Heterogametic,XY,40
Animalia,Insecta,Coleoptera,Curculionidae,Larinus,saussureae,Animalia|Insecta|Coleoptera|Curculionidae|Larinus|saussureae,Asynaptic Sex Chromosomes,Heterogametic,XY,36
Animalia,Insecta,Coleoptera,Curculionidae,Lepidospyris,demissus,Animalia|Insecta|Coleoptera|Curculionidae|Lepidospyris|demissus,Asynaptic Sex Chromosomes,Heterogametic,XY,22
Animalia,Insecta,Coleoptera,Curculionidae,Lepropus,chrysochlorus,Animalia|Insecta|Coleoptera|Curculionidae|Lepropus|chrysochlorus,Asynaptic Sex Chromosomes,Heterogametic,XY,22
Animalia,Insecta,Coleoptera,Curculionidae,Lepropus,flavovittatus,Animalia|Insecta|Coleoptera|Curculionidae|Lepropus|flavovittatus,Asynaptic Sex Chromosomes,Heterogametic,XY,22
Animalia,Insecta,Coleoptera,Curculionidae,Lepropus,lateralis,Animalia|Insecta|Coleoptera|Curculionidae|Lepropus|lateralis,Asynaptic Sex Chromosomes,Heterogametic,XY,22
Animalia,Insecta,Coleoptera,Curculionidae,Leptomias,angustatus,Animalia|Insecta|Coleoptera|Curculionidae|Leptomias|angustatus,Asynaptic Sex Chromosomes,Heterogametic,XY,22
Animalia,Insecta,Coleoptera,Curculionidae,Leptomias,waltersi,Animalia|Insecta|Coleoptera|Curculionidae|Leptomias|waltersi,Asynaptic Sex Chromosomes,Heterogametic,XY,22
Animalia,Insecta,Coleoptera,Curculionidae,Lepyrus,alternans,Animalia|Insecta|Coleoptera|Curculionidae|Lepyrus|alternans,Asynaptic Sex Chromosomes,Heterogametic,XY,30
Animalia,Insecta,Coleoptera,Curculionidae,Lepyrus,konoi,Animalia|Insecta|Coleoptera|Curculionidae|Lepyrus|konoi,Asynaptic Sex Chromosomes,Heterogametic,XY,30
Animalia,Insecta,Coleoptera,Curculionidae,Lepyrus,palustris,Animalia|Insecta|Coleoptera|Curculionidae|Lepyrus|palustris,Asynaptic Sex Chromosomes,Heterogametic,XY,30
Animalia,Insecta,Coleoptera,Curculionidae,Limnobaris,jucunda,Animalia|Insecta|Coleoptera|Curculionidae|Limnobaris|jucunda,Asynaptic Sex Chromosomes,Heterogametic,XY,30
Animalia,Insecta,Coleoptera,Curculionidae,Liophloeus,gibbus,Animalia|Insecta|Coleoptera|Curculionidae|Liophloeus|gibbus,Asynaptic Sex Chromosomes,Heterogametic,XY,22
Animalia,Insecta,Coleoptera,Curculionidae,Liophloeus,lentus,Animalia|Insecta|Coleoptera|Curculionidae|Liophloeus|lentus,Asynaptic Sex Chromosomes,Heterogametic,XY,22
Animalia,Insecta,Coleoptera,Curculionidae,Liophloeus,tessulatus,Animalia|Insecta|Coleoptera|Curculionidae|Liophloeus|tessulatus,Asynaptic Sex Chromosomes,Heterogametic,XY,22
Animalia,Insecta,Coleoptera,Curculionidae,Lixus,acutipennis,Animalia|Insecta|Coleoptera|Curculionidae|Lixus|acutipennis,Asynaptic Sex Chromosomes,Heterogametic,XY,46
Animalia,Insecta,Coleoptera,Curculionidae,Lixus,cardui,Animalia|Insecta|Coleoptera|Curculionidae|Lixus|cardui,Asynaptic Sex Chromosomes,Heterogametic,XY,44
Animalia,Insecta,Coleoptera,Curculionidae,Lixus,divaricatus,Animalia|Insecta|Coleoptera|Curculionidae|Lixus|divaricatus,Asynaptic Sex Chromosomes,Heterogametic,XY,46
Animalia,Insecta,Coleoptera,Curculionidae,Lixus,impressiventris,Animalia|Insecta|Coleoptera|Curculionidae|Lixus|impressiventris,Asynaptic Sex Chromosomes,Heterogametic,XY,40
Animalia,Insecta,Coleoptera,Curculionidae,Lixus,maculatus,Animalia|Insecta|Coleoptera|Curculionidae|Lixus|maculatus,Asynaptic Sex Chromosomes,Heterogametic,XY,46
Animalia,Insecta,Coleoptera,Curculionidae,Lixus,subtilis,Animalia|Insecta|Coleoptera|Curculionidae|Lixus|subtilis,Asynaptic Sex Chromosomes,Heterogametic,XY,40
Animalia,Insecta,Coleoptera,Curculionidae,Lobotrachelus,sp.,Animalia|Insecta|Coleoptera|Curculionidae|Lobotrachelus|sp.,Asynaptic Sex Chromosomes,Heterogametic,XY,28
Animalia,Insecta,Coleoptera,Curculionidae,Magdalis,alutacea,Animalia|Insecta|Coleoptera|Curculionidae|Magdalis|alutacea,Asynaptic Sex Chromosomes,Heterogametic,XY,32
Animalia,Insecta,Coleoptera,Curculionidae,Magdalis,gentilis,Animalia|Insecta|Coleoptera|Curculionidae|Magdalis|gentilis,Asynaptic Sex Chromosomes,Heterogametic,XY,30
Animalia,Insecta,Coleoptera,Curculionidae,Magdalis,leconti,Animalia|Insecta|Coleoptera|Curculionidae|Magdalis|leconti,Asynaptic Sex Chromosomes,Heterogametic,XY,30
Animalia,Insecta,Coleoptera,Curculionidae,Magdalis,perforata,Animalia|Insecta|Coleoptera|Curculionidae|Magdalis|perforata,Asynaptic Sex Chromosomes,Heterogametic,XY,32
Animalia,Insecta,Coleoptera,Curculionidae,Magdalis,sp.,Animalia|Insecta|Coleoptera|Curculionidae|Magdalis|sp.,Asynaptic Sex Chromosomes,Heterogametic,XY,34
Animalia,Insecta,Coleoptera,Curculionidae,Mechistocerus,fumosus,Animalia|Insecta|Coleoptera|Curculionidae|Mechistocerus|fumosus,Asynaptic Sex Chromosomes,Heterogametic,XY,36
Animalia,Insecta,Coleoptera,Curculionidae,Mechistocerus,nipponicus,Animalia|Insecta|Coleoptera|Curculionidae|Mechistocerus|nipponicus,Asynaptic Sex Chromosomes,Heterogametic,XY,28
Animalia,Insecta,Coleoptera,Curculionidae,Mechistocerus,sp.,Animalia|Insecta|Coleoptera|Curculionidae|Mechistocerus|sp.,Asynaptic Sex Chromosomes,Heterogametic,XY,40
Animalia,Insecta,Coleoptera,Curculionidae,Mecopomorphus,griseus,Animalia|Insecta|Coleoptera|Curculionidae|Mecopomorphus|griseus,Asynaptic Sex Chromosomes,Heterogametic,XY,24
Animalia,Insecta,Coleoptera,Curculionidae,Mecyslobus,flavosigtus,Animalia|Insecta|Coleoptera|Curculionidae|Mecyslobus|flavosigtus,Asynaptic Sex Chromosomes,Heterogametic,XY,34
Animalia,Insecta,Coleoptera,Curculionidae,Mecyslobus,westermanni,Animalia|Insecta|Coleoptera|Curculionidae|Mecyslobus|westermanni,Asynaptic Sex Chromosomes,Heterogametic,XY,32
Animalia,Insecta,Coleoptera,Curculionidae,Mecysolobus,erro,Animalia|Insecta|Coleoptera|Curculionidae|Mecysolobus|erro,Asynaptic Sex Chromosomes,Heterogametic,XY,34
Animalia,Insecta,Coleoptera,Curculionidae,Mecysolobus,flavosigtus,Animalia|Insecta|Coleoptera|Curculionidae|Mecysolobus|flavosigtus,Asynaptic Sex Chromosomes,Heterogametic,XY,34
Animalia,Insecta,Coleoptera,Curculionidae,Mecysolobus,trifidus,Animalia|Insecta|Coleoptera|Curculionidae|Mecysolobus|trifidus,Asynaptic Sex Chromosomes,Heterogametic,XY,30
Animalia,Insecta,Coleoptera,Curculionidae,Meotiorrhynchus,querendus,Animalia|Insecta|Coleoptera|Curculionidae|Meotiorrhynchus|querendus,Asynaptic Sex Chromosomes,Heterogametic,XY,22
Animalia,Insecta,Coleoptera,Curculionidae,Metamasius,hemipterus,Animalia|Insecta|Coleoptera|Curculionidae|Metamasius|hemipterus,Asynaptic Sex Chromosomes,Heterogametic,XY,26
Animalia,Insecta,Coleoptera,Curculionidae,Metapocyrtus,yogunianus,Animalia|Insecta|Coleoptera|Curculionidae|Metapocyrtus|yogunianus,Asynaptic Sex Chromosomes,Heterogametic,XY,22
Animalia,Insecta,Coleoptera,Curculionidae,Metialma,scenica,Animalia|Insecta|Coleoptera|Curculionidae|Metialma|scenica,Asynaptic Sex Chromosomes,Heterogametic,XY,32
Animalia,Insecta,Coleoptera,Curculionidae,Metialma,sp,Animalia|Insecta|Coleoptera|Curculionidae|Metialma|sp,Asynaptic Sex Chromosomes,Heterogametic,XY,32
Animalia,Insecta,Coleoptera,Curculionidae,Miccotrogus,picirostris,Animalia|Insecta|Coleoptera|Curculionidae|Miccotrogus|picirostris,Asynaptic Sex Chromosomes,Heterogametic,XY,34
Animalia,Insecta,Coleoptera,Curculionidae,Myllocerus,11-pustulatus,Animalia|Insecta|Coleoptera|Curculionidae|Myllocerus|11-pustulatus,Asynaptic Sex Chromosomes,Heterogametic,XY,22
Animalia,Insecta,Coleoptera,Curculionidae,Myllocerus,angulatipes,Animalia|Insecta|Coleoptera|Curculionidae|Myllocerus|angulatipes,Asynaptic Sex Chromosomes,Heterogametic,XY,22
Animalia,Insecta,Coleoptera,Curculionidae,Myllocerus,blandus,Animalia|Insecta|Coleoptera|Curculionidae|Myllocerus|blandus,Asynaptic Sex Chromosomes,Heterogametic,XY,22
Animalia,Insecta,Coleoptera,Curculionidae,Myllocerus,conspersus,Animalia|Insecta|Coleoptera|Curculionidae|Myllocerus|conspersus,Asynaptic Sex Chromosomes,Heterogametic,XY,22
Animalia,Insecta,Coleoptera,Curculionidae,Myllocerus,dentifer,Animalia|Insecta|Coleoptera|Curculionidae|Myllocerus|dentifer,Asynaptic Sex Chromosomes,Heterogametic,XY,22
Animalia,Insecta,Coleoptera,Curculionidae,Myllocerus,discolor,Animalia|Insecta|Coleoptera|Curculionidae|Myllocerus|discolor,Asynaptic Sex Chromosomes,Heterogametic,XY,22
Animalia,Insecta,Coleoptera,Curculionidae,Myllocerus,dorsatus,Animalia|Insecta|Coleoptera|Curculionidae|Myllocerus|dorsatus,Asynaptic Sex Chromosomes,Heterogametic,XY,22
Animalia,Insecta,Coleoptera,Curculionidae,Myllocerus,griseus,Animalia|Insecta|Coleoptera|Curculionidae|Myllocerus|griseus,Asynaptic Sex Chromosomes,Heterogametic,XY,22
Animalia,Insecta,Coleoptera,Curculionidae,Myllocerus,kashmiriensis,Animalia|Insecta|Coleoptera|Curculionidae|Myllocerus|kashmiriensis,Asynaptic Sex Chromosomes,Heterogametic,XY,22
Animalia,Insecta,Coleoptera,Curculionidae,Myllocerus,leativirens,Animalia|Insecta|Coleoptera|Curculionidae|Myllocerus|leativirens,Asynaptic Sex Chromosomes,Heterogametic,XY,22
Animalia,Insecta,Coleoptera,Curculionidae,Myllocerus,lefroi,Animalia|Insecta|Coleoptera|Curculionidae|Myllocerus|lefroi,Asynaptic Sex Chromosomes,Heterogametic,XY,22
Animalia,Insecta,Coleoptera,Curculionidae,Myllocerus,paetus,Animalia|Insecta|Coleoptera|Curculionidae|Myllocerus|paetus,Asynaptic Sex Chromosomes,Heterogametic,XY,22
Animalia,Insecta,Coleoptera,Curculionidae,Myllocerus,pauper,Animalia|Insecta|Coleoptera|Curculionidae|Myllocerus|pauper,Asynaptic Sex Chromosomes,Heterogametic,XY,22
Animalia,Insecta,Coleoptera,Curculionidae,Myllocerus,sabulosus,Animalia|Insecta|Coleoptera|Curculionidae|Myllocerus|sabulosus,Asynaptic Sex Chromosomes,Heterogametic,XY,22
Animalia,Insecta,Coleoptera,Curculionidae,Myllocerus,sp.,Animalia|Insecta|Coleoptera|Curculionidae|Myllocerus|sp.,Asynaptic Sex Chromosomes,Heterogametic,XY,22
Animalia,Insecta,Coleoptera,Curculionidae,Myllocerus,subfasciatus,Animalia|Insecta|Coleoptera|Curculionidae|Myllocerus|subfasciatus,Asynaptic Sex Chromosomes,Heterogametic,XY,22
Animalia,Insecta,Coleoptera,Curculionidae,Myllocerus,transmarinus,Animalia|Insecta|Coleoptera|Curculionidae|Myllocerus|transmarinus,Asynaptic Sex Chromosomes,Heterogametic,XY,22
Animalia,Insecta,Coleoptera,Curculionidae,Myllocerus,tusicollis,Animalia|Insecta|Coleoptera|Curculionidae|Myllocerus|tusicollis,Asynaptic Sex Chromosomes,Heterogametic,XY,22
Animalia,Insecta,Coleoptera,Curculionidae,Myllocerus,viridanus,Animalia|Insecta|Coleoptera|Curculionidae|Myllocerus|viridanus,Asynaptic Sex Chromosomes,Heterogametic,XY,22
Animalia,Insecta,Coleoptera,Curculionidae,Myllocerus,viridens,Animalia|Insecta|Coleoptera|Curculionidae|Myllocerus|viridens,Asynaptic Sex Chromosomes,Heterogametic,XY,22
Animalia,Insecta,Coleoptera,Curculionidae,Naupactus,bruchi,Animalia|Insecta|Coleoptera|Curculionidae|Naupactus|bruchi,Asynaptic Sex Chromosomes,Heterogametic,XY,22
Animalia,Insecta,Coleoptera,Curculionidae,Naupactus,xantographus,Animalia|Insecta|Coleoptera|Curculionidae|Naupactus|xantographus,Asynaptic Sex Chromosomes,Heterogametic,XY,22
Animalia,Insecta,Coleoptera,Curculionidae,Nedyus,quadrimaculatus,Animalia|Insecta|Coleoptera|Curculionidae|Nedyus|quadrimaculatus,Asynaptic Sex Chromosomes,Heterogametic,XY,28
Animalia,Insecta,Coleoptera,Curculionidae,Neocanonopsis,dreuxi,Animalia|Insecta|Coleoptera|Curculionidae|Neocanonopsis|dreuxi,Asynaptic Sex Chromosomes,Heterogametic,XY,22
Animalia,Insecta,Coleoptera,Curculionidae,Neomecopus,sp.,Animalia|Insecta|Coleoptera|Curculionidae|Neomecopus|sp.,Asynaptic Sex Chromosomes,Heterogametic,XY,30
Animalia,Insecta,Coleoptera,Curculionidae,Niphades,sp.,Animalia|Insecta|Coleoptera|Curculionidae|Niphades|sp.,Asynaptic Sex Chromosomes,Heterogametic,XY,32
Animalia,Insecta,Coleoptera,Curculionidae,Niphades,variegatus,Animalia|Insecta|Coleoptera|Curculionidae|Niphades|variegatus,Asynaptic Sex Chromosomes,Heterogametic,XY,34
Animalia,Insecta,Coleoptera,Curculionidae,Notaris,acridulus,Animalia|Insecta|Coleoptera|Curculionidae|Notaris|acridulus,Asynaptic Sex Chromosomes,Heterogametic,XY,30
Animalia,Insecta,Coleoptera,Curculionidae,Oedophyrus,hilleri,Animalia|Insecta|Coleoptera|Curculionidae|Oedophyrus|hilleri,Asynaptic Sex Chromosomes,Heterogametic,XY,26
Animalia,Insecta,Coleoptera,Curculionidae,Okikuruminus,oblongus,Animalia|Insecta|Coleoptera|Curculionidae|Okikuruminus|oblongus,Asynaptic Sex Chromosomes,Heterogametic,XY,36
Animalia,Insecta,Coleoptera,Curculionidae,Okikuruminus,roelofsi,Animalia|Insecta|Coleoptera|Curculionidae|Okikuruminus|roelofsi,Asynaptic Sex Chromosomes,Heterogametic,XY,36
Animalia,Insecta,Coleoptera,Curculionidae,Orobitis,apicalis,Animalia|Insecta|Coleoptera|Curculionidae|Orobitis|apicalis,Asynaptic Sex Chromosomes,Heterogametic,XY,26
Animalia,Insecta,Coleoptera,Curculionidae,Orochlesis,takaosanus,Animalia|Insecta|Coleoptera|Curculionidae|Orochlesis|takaosanus,Asynaptic Sex Chromosomes,Heterogametic,XY,40
Animalia,Insecta,Coleoptera,Curculionidae,Otiorhynchus,alpicola,Animalia|Insecta|Coleoptera|Curculionidae|Otiorhynchus|alpicola,Asynaptic Sex Chromosomes,Heterogametic,XY,22
Animalia,Insecta,Coleoptera,Curculionidae,Otiorhynchus,apenninus,Animalia|Insecta|Coleoptera|Curculionidae|Otiorhynchus|apenninus,Asynaptic Sex Chromosomes,Heterogametic,XY,22
Animalia,Insecta,Coleoptera,Curculionidae,Otiorhynchus,arcticus,Animalia|Insecta|Coleoptera|Curculionidae|Otiorhynchus|arcticus,Asynaptic Sex Chromosomes,Heterogametic,XY,22
Animalia,Insecta,Coleoptera,Curculionidae,Otiorhynchus,armadillo,Animalia|Insecta|Coleoptera|Curculionidae|Otiorhynchus|armadillo,Asynaptic Sex Chromosomes,Heterogametic,XY,22
Animalia,Insecta,Coleoptera,Curculionidae,Otiorhynchus,atripes,Animalia|Insecta|Coleoptera|Curculionidae|Otiorhynchus|atripes,Asynaptic Sex Chromosomes,Heterogametic,XY,22
Animalia,Insecta,Coleoptera,Curculionidae,Otiorhynchus,atroapterus,Animalia|Insecta|Coleoptera|Curculionidae|Otiorhynchus|atroapterus,Asynaptic Sex Chromosomes,Heterogametic,XY,22
Animalia,Insecta,Coleoptera,Curculionidae,Otiorhynchus,aurosigtus,Animalia|Insecta|Coleoptera|Curculionidae|Otiorhynchus|aurosigtus,Asynaptic Sex Chromosomes,Heterogametic,XY,22
Animalia,Insecta,Coleoptera,Curculionidae,Otiorhynchus,austriacus,Animalia|Insecta|Coleoptera|Curculionidae|Otiorhynchus|austriacus,Asynaptic Sex Chromosomes,Heterogametic,XY,22
Animalia,Insecta,Coleoptera,Curculionidae,Otiorhynchus,bisulcatus,Animalia|Insecta|Coleoptera|Curculionidae|Otiorhynchus|bisulcatus,Asynaptic Sex Chromosomes,Heterogametic,XY,22
Animalia,Insecta,Coleoptera,Curculionidae,Otiorhynchus,coecus,Animalia|Insecta|Coleoptera|Curculionidae|Otiorhynchus|coecus,Asynaptic Sex Chromosomes,Heterogametic,XY,22
Animalia,Insecta,Coleoptera,Curculionidae,Otiorhynchus,cornicinus,Animalia|Insecta|Coleoptera|Curculionidae|Otiorhynchus|cornicinus,Asynaptic Sex Chromosomes,Heterogametic,XY,22
Animalia,Insecta,Coleoptera,Curculionidae,Otiorhynchus,corvus,Animalia|Insecta|Coleoptera|Curculionidae|Otiorhynchus|corvus,Asynaptic Sex Chromosomes,Heterogametic,XY,22
Animalia,Insecta,Coleoptera,Curculionidae,Otiorhynchus,croaticus,Animalia|Insecta|Coleoptera|Curculionidae|Otiorhynchus|croaticus,Asynaptic Sex Chromosomes,Heterogametic,XY,22
Animalia,Insecta,Coleoptera,Curculionidae,Otiorhynchus,dryadis,Animalia|Insecta|Coleoptera|Curculionidae|Otiorhynchus|dryadis,Asynaptic Sex Chromosomes,Heterogametic,XY,22
Animalia,Insecta,Coleoptera,Curculionidae,Otiorhynchus,equestris,Animalia|Insecta|Coleoptera|Curculionidae|Otiorhynchus|equestris,Asynaptic Sex Chromosomes,Heterogametic,XY,22
Animalia,Insecta,Coleoptera,Curculionidae,Otiorhynchus,gemmatus,Animalia|Insecta|Coleoptera|Curculionidae|Otiorhynchus|gemmatus,Asynaptic Sex Chromosomes,Heterogametic,XY,22
Animalia,Insecta,Coleoptera,Curculionidae,Otiorhynchus,geniculatus,Animalia|Insecta|Coleoptera|Curculionidae|Otiorhynchus|geniculatus,Asynaptic Sex Chromosomes,Heterogametic,XY,22
Animalia,Insecta,Coleoptera,Curculionidae,Otiorhynchus,inflatus,Animalia|Insecta|Coleoptera|Curculionidae|Otiorhynchus|inflatus,Asynaptic Sex Chromosomes,Heterogametic,XY,22
Animalia,Insecta,Coleoptera,Curculionidae,Otiorhynchus,koritnicensis,Animalia|Insecta|Coleoptera|Curculionidae|Otiorhynchus|koritnicensis,Asynaptic Sex Chromosomes,Heterogametic,XY,22
Animalia,Insecta,Coleoptera,Curculionidae,Otiorhynchus,meridiolis,Animalia|Insecta|Coleoptera|Curculionidae|Otiorhynchus|meridiolis,Asynaptic Sex Chromosomes,Heterogametic,XY,22
Animalia,Insecta,Coleoptera,Curculionidae,Otiorhynchus,minutesquamosus,Animalia|Insecta|Coleoptera|Curculionidae|Otiorhynchus|minutesquamosus,Asynaptic Sex Chromosomes,Heterogametic,XY,22
Animalia,Insecta,Coleoptera,Curculionidae,Otiorhynchus,morio,Animalia|Insecta|Coleoptera|Curculionidae|Otiorhynchus|morio,Asynaptic Sex Chromosomes,Heterogametic,XY,22
Animalia,Insecta,Coleoptera,Curculionidae,Otiorhynchus,multipunctatus,Animalia|Insecta|Coleoptera|Curculionidae|Otiorhynchus|multipunctatus,Asynaptic Sex Chromosomes,Heterogametic,XY,22
Animalia,Insecta,Coleoptera,Curculionidae,Otiorhynchus,niger,Animalia|Insecta|Coleoptera|Curculionidae|Otiorhynchus|niger,Asynaptic Sex Chromosomes,Heterogametic,XY,22
Animalia,Insecta,Coleoptera,Curculionidae,Otiorhynchus,opulentus,Animalia|Insecta|Coleoptera|Curculionidae|Otiorhynchus|opulentus,Asynaptic Sex Chromosomes,Heterogametic,XY,22
Animalia,Insecta,Coleoptera,Curculionidae,Otiorhynchus,praecellens,Animalia|Insecta|Coleoptera|Curculionidae|Otiorhynchus|praecellens,Asynaptic Sex Chromosomes,Heterogametic,XY,22
Animalia,Insecta,Coleoptera,Curculionidae,Otiorhynchus,retifer,Animalia|Insecta|Coleoptera|Curculionidae|Otiorhynchus|retifer,Asynaptic Sex Chromosomes,Heterogametic,XY,22
Animalia,Insecta,Coleoptera,Curculionidae,Otiorhynchus,rotifer,Animalia|Insecta|Coleoptera|Curculionidae|Otiorhynchus|rotifer,Asynaptic Sex Chromosomes,Heterogametic,XY,22
Animalia,Insecta,Coleoptera,Curculionidae,Otiorhynchus,rugifrons,Animalia|Insecta|Coleoptera|Curculionidae|Otiorhynchus|rugifrons,Asynaptic Sex Chromosomes,Heterogametic,XY,22
Animalia,Insecta,Coleoptera,Curculionidae,Otiorhynchus,salicis,Animalia|Insecta|Coleoptera|Curculionidae|Otiorhynchus|salicis,Asynaptic Sex Chromosomes,Heterogametic,XY,22
Animalia,Insecta,Coleoptera,Curculionidae,Otiorhynchus,sensitivus,Animalia|Insecta|Coleoptera|Curculionidae|Otiorhynchus|sensitivus,Asynaptic Sex Chromosomes,Heterogametic,XY,22
Animalia,Insecta,Coleoptera,Curculionidae,Otiorhynchus,speiseri,Animalia|Insecta|Coleoptera|Curculionidae|Otiorhynchus|speiseri,Asynaptic Sex Chromosomes,Heterogametic,XY,22
Animalia,Insecta,Coleoptera,Curculionidae,Otiorhynchus,strumosus,Animalia|Insecta|Coleoptera|Curculionidae|Otiorhynchus|strumosus,Asynaptic Sex Chromosomes,Heterogametic,XY,22
Animalia,Insecta,Coleoptera,Curculionidae,Oxydema,sp.,Animalia|Insecta|Coleoptera|Curculionidae|Oxydema|sp.,Asynaptic Sex Chromosomes,Heterogametic,XY,30
Animalia,Insecta,Coleoptera,Curculionidae,Pachyrhynchus,inferlis,Animalia|Insecta|Coleoptera|Curculionidae|Pachyrhynchus|inferlis,Asynaptic Sex Chromosomes,Heterogametic,XY,22
Animalia,Insecta,Coleoptera,Curculionidae,Pachytychius,sp.,Animalia|Insecta|Coleoptera|Curculionidae|Pachytychius|sp.,Asynaptic Sex Chromosomes,Heterogametic,XY,32
Animalia,Insecta,Coleoptera,Curculionidae,Pagiophloeus,sp.,Animalia|Insecta|Coleoptera|Curculionidae|Pagiophloeus|sp.,Asynaptic Sex Chromosomes,Heterogametic,XY,28
Animalia,Insecta,Coleoptera,Curculionidae,Paophilus,afflatus,Animalia|Insecta|Coleoptera|Curculionidae|Paophilus|afflatus,Asynaptic Sex Chromosomes,Heterogametic,XY,22
Animalia,Insecta,Coleoptera,Curculionidae,Paramecopus,farinosus,Animalia|Insecta|Coleoptera|Curculionidae|Paramecopus|farinosus,Asynaptic Sex Chromosomes,Heterogametic,XY,32
Animalia,Insecta,Coleoptera,Curculionidae,Parascaphus,sp.,Animalia|Insecta|Coleoptera|Curculionidae|Parascaphus|sp.,Asynaptic Sex Chromosomes,Heterogametic,XY,20
Animalia,Insecta,Coleoptera,Curculionidae,Paratrachelophorus,longicornis,Animalia|Insecta|Coleoptera|Curculionidae|Paratrachelophorus|longicornis,Asynaptic Sex Chromosomes,Heterogametic,XY,30
Animalia,Insecta,Coleoptera,Curculionidae,Phloeophagosoma,takenouchii,Animalia|Insecta|Coleoptera|Curculionidae|Phloeophagosoma|takenouchii,Asynaptic Sex Chromosomes,Heterogametic,XY,32
Animalia,Insecta,Coleoptera,Curculionidae,Phyllobius,arborator,Animalia|Insecta|Coleoptera|Curculionidae|Phyllobius|arborator,Asynaptic Sex Chromosomes,Heterogametic,XY,22
Animalia,Insecta,Coleoptera,Curculionidae,Phyllobius,argentatus,Animalia|Insecta|Coleoptera|Curculionidae|Phyllobius|argentatus,Asynaptic Sex Chromosomes,Heterogametic,XY,22
Animalia,Insecta,Coleoptera,Curculionidae,Phyllobius,armatus,Animalia|Insecta|Coleoptera|Curculionidae|Phyllobius|armatus,Asynaptic Sex Chromosomes,Heterogametic,XY,22
Animalia,Insecta,Coleoptera,Curculionidae,Phyllobius,brevis,Animalia|Insecta|Coleoptera|Curculionidae|Phyllobius|brevis,Asynaptic Sex Chromosomes,Heterogametic,XY,22
Animalia,Insecta,Coleoptera,Curculionidae,Phyllobius,brevitarsis,Animalia|Insecta|Coleoptera|Curculionidae|Phyllobius|brevitarsis,Asynaptic Sex Chromosomes,Heterogametic,XY,22
Animalia,Insecta,Coleoptera,Curculionidae,Phyllobius,caucasicus,Animalia|Insecta|Coleoptera|Curculionidae|Phyllobius|caucasicus,Asynaptic Sex Chromosomes,Heterogametic,XY,22
Animalia,Insecta,Coleoptera,Curculionidae,Phyllobius,galloisi,Animalia|Insecta|Coleoptera|Curculionidae|Phyllobius|galloisi,Asynaptic Sex Chromosomes,Heterogametic,XY,22
Animalia,Insecta,Coleoptera,Curculionidae,Phyllobius,incomptus,Animalia|Insecta|Coleoptera|Curculionidae|Phyllobius|incomptus,Asynaptic Sex Chromosomes,Heterogametic,XY,22
Animalia,Insecta,Coleoptera,Curculionidae,Phyllobius,intrusus,Animalia|Insecta|Coleoptera|Curculionidae|Phyllobius|intrusus,Asynaptic Sex Chromosomes,Heterogametic,XY,22
Animalia,Insecta,Coleoptera,Curculionidae,Phyllobius,longicornis,Animalia|Insecta|Coleoptera|Curculionidae|Phyllobius|longicornis,Asynaptic Sex Chromosomes,Heterogametic,XY,24
Animalia,Insecta,Coleoptera,Curculionidae,Phyllobius,maculicornis,Animalia|Insecta|Coleoptera|Curculionidae|Phyllobius|maculicornis,Asynaptic Sex Chromosomes,Heterogametic,XY,22
Animalia,Insecta,Coleoptera,Curculionidae,Phyllobius,mundus,Animalia|Insecta|Coleoptera|Curculionidae|Phyllobius|mundus,Asynaptic Sex Chromosomes,Heterogametic,XY,22
Animalia,Insecta,Coleoptera,Curculionidae,Phyllobius,nigritus,Animalia|Insecta|Coleoptera|Curculionidae|Phyllobius|nigritus,Asynaptic Sex Chromosomes,Heterogametic,XY,22
Animalia,Insecta,Coleoptera,Curculionidae,Phyllobius,oblongus,Animalia|Insecta|Coleoptera|Curculionidae|Phyllobius|oblongus,Asynaptic Sex Chromosomes,Heterogametic,XY,22
Animalia,Insecta,Coleoptera,Curculionidae,Phyllobius,prolongatus,Animalia|Insecta|Coleoptera|Curculionidae|Phyllobius|prolongatus,Asynaptic Sex Chromosomes,Heterogametic,XY,22
Animalia,Insecta,Coleoptera,Curculionidae,Phyllobius,pyri,Animalia|Insecta|Coleoptera|Curculionidae|Phyllobius|pyri,Asynaptic Sex Chromosomes,Heterogametic,XY,22
Animalia,Insecta,Coleoptera,Curculionidae,Phyllobius,rotundicollis,Animalia|Insecta|Coleoptera|Curculionidae|Phyllobius|rotundicollis,Asynaptic Sex Chromosomes,Heterogametic,XY,22
Animalia,Insecta,Coleoptera,Curculionidae,Phyllobius,sp.,Animalia|Insecta|Coleoptera|Curculionidae|Phyllobius|sp.,Asynaptic Sex Chromosomes,Heterogametic,XY,22
Animalia,Insecta,Coleoptera,Curculionidae,Phyllobius,urticae,Animalia|Insecta|Coleoptera|Curculionidae|Phyllobius|urticae,Asynaptic Sex Chromosomes,Heterogametic,XY,22
Animalia,Insecta,Coleoptera,Curculionidae,Phyllobius,viridicollis,Animalia|Insecta|Coleoptera|Curculionidae|Phyllobius|viridicollis,Asynaptic Sex Chromosomes,Heterogametic,XY,22
Animalia,Insecta,Coleoptera,Curculionidae,Phymatapoderus,latipennis,Animalia|Insecta|Coleoptera|Curculionidae|Phymatapoderus|latipennis,Asynaptic Sex Chromosomes,Heterogametic,XY,32
Animalia,Insecta,Coleoptera,Curculionidae,Phymatapoderus,pavens,Animalia|Insecta|Coleoptera|Curculionidae|Phymatapoderus|pavens,Asynaptic Sex Chromosomes,Heterogametic,XY,24
Animalia,Insecta,Coleoptera,Curculionidae,Phytobius,sp.,Animalia|Insecta|Coleoptera|Curculionidae|Phytobius|sp.,Asynaptic Sex Chromosomes,Heterogametic,XY,24
Animalia,Insecta,Coleoptera,Curculionidae,Phytoscaphus,inductus,Animalia|Insecta|Coleoptera|Curculionidae|Phytoscaphus|inductus,Asynaptic Sex Chromosomes,Heterogametic,XY,22
Animalia,Insecta,Coleoptera,Curculionidae,Phytoscaphus,sp.,Animalia|Insecta|Coleoptera|Curculionidae|Phytoscaphus|sp.,Asynaptic Sex Chromosomes,Heterogametic,XY,20
Animalia,Insecta,Coleoptera,Curculionidae,Pissodes,P27,Animalia|Insecta|Coleoptera|Curculionidae|Pissodes|P27,Asynaptic Sex Chromosomes,Heterogametic,XY,30
Animalia,Insecta,Coleoptera,Curculionidae,Pissodes,YT3,Animalia|Insecta|Coleoptera|Curculionidae|Pissodes|YT3,Asynaptic Sex Chromosomes,Heterogametic,XY,34
Animalia,Insecta,Coleoptera,Curculionidae,Pissodes,affinis,Animalia|Insecta|Coleoptera|Curculionidae|Pissodes|affinis,Asynaptic Sex Chromosomes,Heterogametic,XY,30
Animalia,Insecta,Coleoptera,Curculionidae,Pissodes,dubius,Animalia|Insecta|Coleoptera|Curculionidae|Pissodes|dubius,Asynaptic Sex Chromosomes,Heterogametic,XY,30
Animalia,Insecta,Coleoptera,Curculionidae,Pissodes,fasciatus,Animalia|Insecta|Coleoptera|Curculionidae|Pissodes|fasciatus,Asynaptic Sex Chromosomes,Heterogametic,XY,30
Animalia,Insecta,Coleoptera,Curculionidae,Pissodes,fiskei,Animalia|Insecta|Coleoptera|Curculionidae|Pissodes|fiskei,Asynaptic Sex Chromosomes,Heterogametic,XY,26
Animalia,Insecta,Coleoptera,Curculionidae,Pissodes,gyllenhali,Animalia|Insecta|Coleoptera|Curculionidae|Pissodes|gyllenhali,Asynaptic Sex Chromosomes,Heterogametic,XY,32
Animalia,Insecta,Coleoptera,Curculionidae,Pissodes,memorensis,Animalia|Insecta|Coleoptera|Curculionidae|Pissodes|memorensis,Asynaptic Sex Chromosomes,Heterogametic,XY,30
Animalia,Insecta,Coleoptera,Curculionidae,Pissodes,nitidus,Animalia|Insecta|Coleoptera|Curculionidae|Pissodes|nitidus,Asynaptic Sex Chromosomes,Heterogametic,XY,30
Animalia,Insecta,Coleoptera,Curculionidae,Pissodes,notatus,Animalia|Insecta|Coleoptera|Curculionidae|Pissodes|notatus,Asynaptic Sex Chromosomes,Heterogametic,XY,22
Animalia,Insecta,Coleoptera,Curculionidae,Pissodes,obscurus,Animalia|Insecta|Coleoptera|Curculionidae|Pissodes|obscurus,Asynaptic Sex Chromosomes,Heterogametic,XY,28
Animalia,Insecta,Coleoptera,Curculionidae,Pissodes,radiatae,Animalia|Insecta|Coleoptera|Curculionidae|Pissodes|radiatae,Asynaptic Sex Chromosomes,Heterogametic,XY,30
Animalia,Insecta,Coleoptera,Curculionidae,Pissodes,rotundatus,Animalia|Insecta|Coleoptera|Curculionidae|Pissodes|rotundatus,Asynaptic Sex Chromosomes,Heterogametic,XY,30
Animalia,Insecta,Coleoptera,Curculionidae,Pissodes,schwarzi,Animalia|Insecta|Coleoptera|Curculionidae|Pissodes|schwarzi,Asynaptic Sex Chromosomes,Heterogametic,XY,28
Animalia,Insecta,Coleoptera,Curculionidae,Pissodes,similis,Animalia|Insecta|Coleoptera|Curculionidae|Pissodes|similis,Asynaptic Sex Chromosomes,Heterogametic,XY,30
Animalia,Insecta,Coleoptera,Curculionidae,Pissodes,strobi,Animalia|Insecta|Coleoptera|Curculionidae|Pissodes|strobi,Asynaptic Sex Chromosomes,Heterogametic,XY,34
Animalia,Insecta,Coleoptera,Curculionidae,Pissodes,termilis,Animalia|Insecta|Coleoptera|Curculionidae|Pissodes|termilis,Asynaptic Sex Chromosomes,Heterogametic,XY,30
Animalia,Insecta,Coleoptera,Curculionidae,Pissodes,validirostris,Animalia|Insecta|Coleoptera|Curculionidae|Pissodes|validirostris,Asynaptic Sex Chromosomes,Heterogametic,XY,30
Animalia,Insecta,Coleoptera,Curculionidae,Pissodes,webbi,Animalia|Insecta|Coleoptera|Curculionidae|Pissodes|webbi,Asynaptic Sex Chromosomes,Heterogametic,XY,34
Animalia,Insecta,Coleoptera,Curculionidae,Platymycterus,himalayanus,Animalia|Insecta|Coleoptera|Curculionidae|Platymycterus|himalayanus,Asynaptic Sex Chromosomes,Heterogametic,XY,22
Animalia,Insecta,Coleoptera,Curculionidae,Platymycterus,moestus,Animalia|Insecta|Coleoptera|Curculionidae|Platymycterus|moestus,Asynaptic Sex Chromosomes,Heterogametic,XY,22
Animalia,Insecta,Coleoptera,Curculionidae,Platymycterus,sjostedti,Animalia|Insecta|Coleoptera|Curculionidae|Platymycterus|sjostedti,Asynaptic Sex Chromosomes,Heterogametic,XY,22
Animalia,Insecta,Coleoptera,Curculionidae,Platymycterus,sp.,Animalia|Insecta|Coleoptera|Curculionidae|Platymycterus|sp.,Asynaptic Sex Chromosomes,Heterogametic,XY,22
Animalia,Insecta,Coleoptera,Curculionidae,Plintini,sp.,Animalia|Insecta|Coleoptera|Curculionidae|Plintini|sp.,Asynaptic Sex Chromosomes,Heterogametic,XY,22
Animalia,Insecta,Coleoptera,Curculionidae,Podapion,gallicola,Animalia|Insecta|Coleoptera|Curculionidae|Podapion|gallicola,Asynaptic Sex Chromosomes,Heterogametic,XY,22
Animalia,Insecta,Coleoptera,Curculionidae,Podeschrus,abietis,Animalia|Insecta|Coleoptera|Curculionidae|Podeschrus|abietis,Asynaptic Sex Chromosomes,Heterogametic,XY,22
Animalia,Insecta,Coleoptera,Curculionidae,Polydrusus,atomarius,Animalia|Insecta|Coleoptera|Curculionidae|Polydrusus|atomarius,Asynaptic Sex Chromosomes,Heterogametic,XY,22
Animalia,Insecta,Coleoptera,Curculionidae,Polydrusus,calabricus,Animalia|Insecta|Coleoptera|Curculionidae|Polydrusus|calabricus,Asynaptic Sex Chromosomes,Heterogametic,XY,20
Animalia,Insecta,Coleoptera,Curculionidae,Polydrusus,margitus,Animalia|Insecta|Coleoptera|Curculionidae|Polydrusus|margitus,Asynaptic Sex Chromosomes,Heterogametic,XY,22
Animalia,Insecta,Coleoptera,Curculionidae,Polydrusus,ruficornis,Animalia|Insecta|Coleoptera|Curculionidae|Polydrusus|ruficornis,Asynaptic Sex Chromosomes,Heterogametic,XY,22
Animalia,Insecta,Coleoptera,Curculionidae,Polydrusus,sericeus,Animalia|Insecta|Coleoptera|Curculionidae|Polydrusus|sericeus,Asynaptic Sex Chromosomes,Heterogametic,XY,22
Animalia,Insecta,Coleoptera,Curculionidae,Polydrusus,sicanus,Animalia|Insecta|Coleoptera|Curculionidae|Polydrusus|sicanus,Asynaptic Sex Chromosomes,Heterogametic,XY,22
Animalia,Insecta,Coleoptera,Curculionidae,Polydrusus,viridicintus,Animalia|Insecta|Coleoptera|Curculionidae|Polydrusus|viridicintus,Asynaptic Sex Chromosomes,Heterogametic,XY,22
Animalia,Insecta,Coleoptera,Curculionidae,Procas,biguttatus,Animalia|Insecta|Coleoptera|Curculionidae|Procas|biguttatus,Asynaptic Sex Chromosomes,Heterogametic,XY,24
Animalia,Insecta,Coleoptera,Curculionidae,Protacallinus,sp.,Animalia|Insecta|Coleoptera|Curculionidae|Protacallinus|sp.,Asynaptic Sex Chromosomes,Heterogametic,XY,30
Animalia,Insecta,Coleoptera,Curculionidae,Pseudoanthonomus,hamamelidis,Animalia|Insecta|Coleoptera|Curculionidae|Pseudoanthonomus|hamamelidis,Asynaptic Sex Chromosomes,Heterogametic,XY,38
Animalia,Insecta,Coleoptera,Curculionidae,Pseudphytoscaphus,sp.,Animalia|Insecta|Coleoptera|Curculionidae|Pseudphytoscaphus|sp.,Asynaptic Sex Chromosomes,Heterogametic,XY,22
Animalia,Insecta,Coleoptera,Curculionidae,Ptochus,oyulum,Animalia|Insecta|Coleoptera|Curculionidae|Ptochus|oyulum,Asynaptic Sex Chromosomes,Heterogametic,XY,22
Animalia,Insecta,Coleoptera,Curculionidae,Rhadinomerus,annulipes,Animalia|Insecta|Coleoptera|Curculionidae|Rhadinomerus|annulipes,Asynaptic Sex Chromosomes,Heterogametic,XY,36
Animalia,Insecta,Coleoptera,Curculionidae,Rhadinomerus,maebarai,Animalia|Insecta|Coleoptera|Curculionidae|Rhadinomerus|maebarai,Asynaptic Sex Chromosomes,Heterogametic,XY,44
Animalia,Insecta,Coleoptera,Curculionidae,Rhinocerus,sp.,Animalia|Insecta|Coleoptera|Curculionidae|Rhinocerus|sp.,Asynaptic Sex Chromosomes,Heterogametic,XY,20
Animalia,Insecta,Coleoptera,Curculionidae,Rhinomias,forticornis,Animalia|Insecta|Coleoptera|Curculionidae|Rhinomias|forticornis,Asynaptic Sex Chromosomes,Heterogametic,XY,22
Animalia,Insecta,Coleoptera,Curculionidae,Rhinoncus,pagnus,Animalia|Insecta|Coleoptera|Curculionidae|Rhinoncus|pagnus,Asynaptic Sex Chromosomes,Heterogametic,XY,20
Animalia,Insecta,Coleoptera,Curculionidae,Rhinoncus,sibiricus,Animalia|Insecta|Coleoptera|Curculionidae|Rhinoncus|sibiricus,Asynaptic Sex Chromosomes,Heterogametic,XY,28
Animalia,Insecta,Coleoptera,Curculionidae,Rhynchaenus,populi,Animalia|Insecta|Coleoptera|Curculionidae|Rhynchaenus|populi,Asynaptic Sex Chromosomes,Heterogametic,XY,26
Animalia,Insecta,Coleoptera,Curculionidae,Rhynchaenus,stigma,Animalia|Insecta|Coleoptera|Curculionidae|Rhynchaenus|stigma,Asynaptic Sex Chromosomes,Heterogametic,XY,28
Animalia,Insecta,Coleoptera,Curculionidae,Rhynchophorus,ferrugineus,Animalia|Insecta|Coleoptera|Curculionidae|Rhynchophorus|ferrugineus,Asynaptic Sex Chromosomes,Heterogametic,XY,22
Animalia,Insecta,Coleoptera,Curculionidae,Rhyssomatus,margitus,Animalia|Insecta|Coleoptera|Curculionidae|Rhyssomatus|margitus,Asynaptic Sex Chromosomes,Heterogametic,XY,22
Animalia,Insecta,Coleoptera,Curculionidae,Ruteria,hypocrita,Animalia|Insecta|Coleoptera|Curculionidae|Ruteria|hypocrita,Asynaptic Sex Chromosomes,Heterogametic,XY,30
Animalia,Insecta,Coleoptera,Curculionidae,Rynchophorus,palmarum,Animalia|Insecta|Coleoptera|Curculionidae|Rynchophorus|palmarum,Asynaptic Sex Chromosomes,Heterogametic,XY,22
Animalia,Insecta,Coleoptera,Curculionidae,Ryssematus,lineaticollis,Animalia|Insecta|Coleoptera|Curculionidae|Ryssematus|lineaticollis,Asynaptic Sex Chromosomes,Heterogametic,XY,24
Animalia,Insecta,Coleoptera,Curculionidae,Scepticus,griseus,Animalia|Insecta|Coleoptera|Curculionidae|Scepticus|griseus,Asynaptic Sex Chromosomes,Heterogametic,XY,22
Animalia,Insecta,Coleoptera,Curculionidae,Scepticus,insularis,Animalia|Insecta|Coleoptera|Curculionidae|Scepticus|insularis,Asynaptic Sex Chromosomes,Heterogametic,XY,22
Animalia,Insecta,Coleoptera,Curculionidae,Scepticus,tigrinus,Animalia|Insecta|Coleoptera|Curculionidae|Scepticus|tigrinus,Asynaptic Sex Chromosomes,Heterogametic,XY,22
Animalia,Insecta,Coleoptera,Curculionidae,Scythropus,japonicus,Animalia|Insecta|Coleoptera|Curculionidae|Scythropus|japonicus,Asynaptic Sex Chromosomes,Heterogametic,XY,22
Animalia,Insecta,Coleoptera,Curculionidae,Scythropus,ortus,Animalia|Insecta|Coleoptera|Curculionidae|Scythropus|ortus,Asynaptic Sex Chromosomes,Heterogametic,XY,22
Animalia,Insecta,Coleoptera,Curculionidae,Scythropus,sp.,Animalia|Insecta|Coleoptera|Curculionidae|Scythropus|sp.,Asynaptic Sex Chromosomes,Heterogametic,XY,20
Animalia,Insecta,Coleoptera,Curculionidae,Shirahoshizo,insidiosus,Animalia|Insecta|Coleoptera|Curculionidae|Shirahoshizo|insidiosus,Asynaptic Sex Chromosomes,Heterogametic,XY,38
Animalia,Insecta,Coleoptera,Curculionidae,Simulatacalles,simulator,Animalia|Insecta|Coleoptera|Curculionidae|Simulatacalles|simulator,Asynaptic Sex Chromosomes,Heterogametic,XY,24
Animalia,Insecta,Coleoptera,Curculionidae,Sipalus,hypocrita,Animalia|Insecta|Coleoptera|Curculionidae|Sipalus|hypocrita,Asynaptic Sex Chromosomes,Heterogametic,XY,22
Animalia,Insecta,Coleoptera,Curculionidae,Sitona,crinitus,Animalia|Insecta|Coleoptera|Curculionidae|Sitona|crinitus,Asynaptic Sex Chromosomes,Heterogametic,XY,22
Animalia,Insecta,Coleoptera,Curculionidae,Sitona,cylindricollis,Animalia|Insecta|Coleoptera|Curculionidae|Sitona|cylindricollis,Asynaptic Sex Chromosomes,Heterogametic,XY,22
Animalia,Insecta,Coleoptera,Curculionidae,Sitona,flavescens,Animalia|Insecta|Coleoptera|Curculionidae|Sitona|flavescens,Asynaptic Sex Chromosomes,Heterogametic,XY,22
Animalia,Insecta,Coleoptera,Curculionidae,Sitona,hispidulus,Animalia|Insecta|Coleoptera|Curculionidae|Sitona|hispidulus,Asynaptic Sex Chromosomes,Heterogametic,XY,22
Animalia,Insecta,Coleoptera,Curculionidae,Sitona,humeralis,Animalia|Insecta|Coleoptera|Curculionidae|Sitona|humeralis,Asynaptic Sex Chromosomes,Heterogametic,XY,22
Animalia,Insecta,Coleoptera,Curculionidae,Sitona,lepidus,Animalia|Insecta|Coleoptera|Curculionidae|Sitona|lepidus,Asynaptic Sex Chromosomes,Heterogametic,XY,22
Animalia,Insecta,Coleoptera,Curculionidae,Sitona,lineata,Animalia|Insecta|Coleoptera|Curculionidae|Sitona|lineata,Asynaptic Sex Chromosomes,Heterogametic,XY,22
Animalia,Insecta,Coleoptera,Curculionidae,Sitona,lineatus,Animalia|Insecta|Coleoptera|Curculionidae|Sitona|lineatus,Asynaptic Sex Chromosomes,Heterogametic,XY,22
Animalia,Insecta,Coleoptera,Curculionidae,Sitona,macularis,Animalia|Insecta|Coleoptera|Curculionidae|Sitona|macularis,Asynaptic Sex Chromosomes,Heterogametic,XY,22
Animalia,Insecta,Coleoptera,Curculionidae,Sitona,scissifrons,Animalia|Insecta|Coleoptera|Curculionidae|Sitona|scissifrons,Asynaptic Sex Chromosomes,Heterogametic,XY,22
Animalia,Insecta,Coleoptera,Curculionidae,Sitona,sp.,Animalia|Insecta|Coleoptera|Curculionidae|Sitona|sp.,Asynaptic Sex Chromosomes,Heterogametic,XY,26
Animalia,Insecta,Coleoptera,Curculionidae,Sitona,suturalis,Animalia|Insecta|Coleoptera|Curculionidae|Sitona|suturalis,Asynaptic Sex Chromosomes,Heterogametic,XY,22
Animalia,Insecta,Coleoptera,Curculionidae,Sitonaphilus,granarius,Animalia|Insecta|Coleoptera|Curculionidae|Sitonaphilus|granarius,Asynaptic Sex Chromosomes,Heterogametic,XY,24
Animalia,Insecta,Coleoptera,Curculionidae,Sitonaphilus,zeamais,Animalia|Insecta|Coleoptera|Curculionidae|Sitonaphilus|zeamais,Asynaptic Sex Chromosomes,Heterogametic,XY,22
Animalia,Insecta,Coleoptera,Curculionidae,Sphenophorus,parvula,Animalia|Insecta|Coleoptera|Curculionidae|Sphenophorus|parvula,Asynaptic Sex Chromosomes,Heterogametic,XY,30
Animalia,Insecta,Coleoptera,Curculionidae,Strophosoma,faber,Animalia|Insecta|Coleoptera|Curculionidae|Strophosoma|faber,Asynaptic Sex Chromosomes,Heterogametic,XY,22
Animalia,Insecta,Coleoptera,Curculionidae,Sympiezomias,cribicollis,Animalia|Insecta|Coleoptera|Curculionidae|Sympiezomias|cribicollis,Asynaptic Sex Chromosomes,Heterogametic,XY,22
Animalia,Insecta,Coleoptera,Curculionidae,Sympiezomias,cribricollis,Animalia|Insecta|Coleoptera|Curculionidae|Sympiezomias|cribricollis,Asynaptic Sex Chromosomes,Heterogametic,XY,22
Animalia,Insecta,Coleoptera,Curculionidae,Sympiezomias,lewisii,Animalia|Insecta|Coleoptera|Curculionidae|Sympiezomias|lewisii,Asynaptic Sex Chromosomes,Heterogametic,XY,22
Animalia,Insecta,Coleoptera,Curculionidae,Syrotelus,umbrosus,Animalia|Insecta|Coleoptera|Curculionidae|Syrotelus|umbrosus,Asynaptic Sex Chromosomes,Heterogametic,XY,16
Animalia,Insecta,Coleoptera,Curculionidae,Tachypterellus,4-gibbus,Animalia|Insecta|Coleoptera|Curculionidae|Tachypterellus|4-gibbus,Asynaptic Sex Chromosomes,Heterogametic,XY,34
Animalia,Insecta,Coleoptera,Curculionidae,Tanymecus,cephalotes,Animalia|Insecta|Coleoptera|Curculionidae|Tanymecus|cephalotes,Asynaptic Sex Chromosomes,Heterogametic,XY,22
Animalia,Insecta,Coleoptera,Curculionidae,Tanymecus,hispidus,Animalia|Insecta|Coleoptera|Curculionidae|Tanymecus|hispidus,Asynaptic Sex Chromosomes,Heterogametic,XY,22
Animalia,Insecta,Coleoptera,Curculionidae,Tanymecus,indicus,Animalia|Insecta|Coleoptera|Curculionidae|Tanymecus|indicus,Asynaptic Sex Chromosomes,Heterogametic,XY,22
Animalia,Insecta,Coleoptera,Curculionidae,Tanymecus,longulus,Animalia|Insecta|Coleoptera|Curculionidae|Tanymecus|longulus,Asynaptic Sex Chromosomes,Heterogametic,XY,22
Animalia,Insecta,Coleoptera,Curculionidae,Tanymecus,palliatus,Animalia|Insecta|Coleoptera|Curculionidae|Tanymecus|palliatus,Asynaptic Sex Chromosomes,Heterogametic,XY,22
Animalia,Insecta,Coleoptera,Curculionidae,Tanymecus,sciurus,Animalia|Insecta|Coleoptera|Curculionidae|Tanymecus|sciurus,Asynaptic Sex Chromosomes,Heterogametic,XY,22
Animalia,Insecta,Coleoptera,Curculionidae,Tanymecus,sp.,Animalia|Insecta|Coleoptera|Curculionidae|Tanymecus|sp.,Asynaptic Sex Chromosomes,Heterogametic,XY,22
Animalia,Insecta,Coleoptera,Curculionidae,Tanysphyrus,leme,Animalia|Insecta|Coleoptera|Curculionidae|Tanysphyrus|leme,Asynaptic Sex Chromosomes,Heterogametic,XY,18
Animalia,Insecta,Coleoptera,Curculionidae,Tanysphyrus,major,Animalia|Insecta|Coleoptera|Curculionidae|Tanysphyrus|major,Asynaptic Sex Chromosomes,Heterogametic,XY,16
Animalia,Insecta,Coleoptera,Curculionidae,Telephae,konoi,Animalia|Insecta|Coleoptera|Curculionidae|Telephae|konoi,Asynaptic Sex Chromosomes,Heterogametic,XY,22
Animalia,Insecta,Coleoptera,Curculionidae,Thlipsomerus,glebosus,Animalia|Insecta|Coleoptera|Curculionidae|Thlipsomerus|glebosus,Asynaptic Sex Chromosomes,Heterogametic,XY,22
Animalia,Insecta,Coleoptera,Curculionidae,Transptochus,sp.,Animalia|Insecta|Coleoptera|Curculionidae|Transptochus|sp.,Asynaptic Sex Chromosomes,Heterogametic,XY,22
Animalia,Insecta,Coleoptera,Curculionidae,Tychius,aureolus,Animalia|Insecta|Coleoptera|Curculionidae|Tychius|aureolus,Asynaptic Sex Chromosomes,Heterogametic,XY,40
Animalia,Insecta,Coleoptera,Curculionidae,Tychius,ginsuji,Animalia|Insecta|Coleoptera|Curculionidae|Tychius|ginsuji,Asynaptic Sex Chromosomes,Heterogametic,XY,34
Animalia,Insecta,Coleoptera,Curculionidae,Tychius,sp.,Animalia|Insecta|Coleoptera|Curculionidae|Tychius|sp.,Asynaptic Sex Chromosomes,Heterogametic,XY,34
Animalia,Insecta,Coleoptera,Curculionidae,Tychius,stephensi,Animalia|Insecta|Coleoptera|Curculionidae|Tychius|stephensi,Asynaptic Sex Chromosomes,Heterogametic,XY,40
Animalia,Insecta,Coleoptera,Curculionidae,Xanium,vanhoeffenianum,Animalia|Insecta|Coleoptera|Curculionidae|Xanium|vanhoeffenianum,Asynaptic Sex Chromosomes,Heterogametic,XY,22
Animalia,Insecta,Coleoptera,Curculionidae,Xanthochelus,sp.,Animalia|Insecta|Coleoptera|Curculionidae|Xanthochelus|sp.,Asynaptic Sex Chromosomes,Heterogametic,XY,22
Animalia,Insecta,Coleoptera,Curculionidae,Zacladus,geranii,Animalia|Insecta|Coleoptera|Curculionidae|Zacladus|geranii,Asynaptic Sex Chromosomes,Heterogametic,XY,28
Animalia,Insecta,Coleoptera,Dermestidae,Anthrenus,fasciatus,Animalia|Insecta|Coleoptera|Dermestidae|Anthrenus|fasciatus,Asynaptic Sex Chromosomes,Heterogametic,XY,18
Animalia,Insecta,Coleoptera,Dermestidae,Anthrenus,flavipes,Animalia|Insecta|Coleoptera|Dermestidae|Anthrenus|flavipes,Asynaptic Sex Chromosomes,Heterogametic,XY,18
Animalia,Insecta,Coleoptera,Dermestidae,Anthrenus,sp.,Animalia|Insecta|Coleoptera|Dermestidae|Anthrenus|sp.,Asynaptic Sex Chromosomes,Heterogametic,XY,18
Animalia,Insecta,Coleoptera,Dermestidae,Anthrenus,verbasci,Animalia|Insecta|Coleoptera|Dermestidae|Anthrenus|verbasci,Asynaptic Sex Chromosomes,Heterogametic,XY,18
Animalia,Insecta,Coleoptera,Dermestidae,Attagenus,elongatulus,Animalia|Insecta|Coleoptera|Dermestidae|Attagenus|elongatulus,Asynaptic Sex Chromosomes,Heterogametic,XY,18
Animalia,Insecta,Coleoptera,Dermestidae,Attagenus,megatoma,Animalia|Insecta|Coleoptera|Dermestidae|Attagenus|megatoma,Asynaptic Sex Chromosomes,Heterogametic,XY,18
Animalia,Insecta,Coleoptera,Dermestidae,Dermestes,ater,Animalia|Insecta|Coleoptera|Dermestidae|Dermestes|ater,Asynaptic Sex Chromosomes,Heterogametic,XY,18
Animalia,Insecta,Coleoptera,Dermestidae,Dermestes,caninus,Animalia|Insecta|Coleoptera|Dermestidae|Dermestes|caninus,Asynaptic Sex Chromosomes,Heterogametic,XY,18
Animalia,Insecta,Coleoptera,Dermestidae,Dermestes,frischii,Animalia|Insecta|Coleoptera|Dermestidae|Dermestes|frischii,Asynaptic Sex Chromosomes,Heterogametic,XY,18
Animalia,Insecta,Coleoptera,Dermestidae,Dermestes,haemorrhoidalis,Animalia|Insecta|Coleoptera|Dermestidae|Dermestes|haemorrhoidalis,Asynaptic Sex Chromosomes,Heterogametic,XY,18
Animalia,Insecta,Coleoptera,Dermestidae,Dermestes,lardarius,Animalia|Insecta|Coleoptera|Dermestidae|Dermestes|lardarius,Asynaptic Sex Chromosomes,Heterogametic,XY,18
Animalia,Insecta,Coleoptera,Dermestidae,Dermestes,maculatus,Animalia|Insecta|Coleoptera|Dermestidae|Dermestes|maculatus,Asynaptic Sex Chromosomes,Heterogametic,XY,18
Animalia,Insecta,Coleoptera,Dermestidae,Dermestes,peruvianus,Animalia|Insecta|Coleoptera|Dermestidae|Dermestes|peruvianus,Asynaptic Sex Chromosomes,Heterogametic,XY,18
Animalia,Insecta,Coleoptera,Dermestidae,Dermestes,talpinus,Animalia|Insecta|Coleoptera|Dermestidae|Dermestes|talpinus,Asynaptic Sex Chromosomes,Heterogametic,XY,18
Animalia,Insecta,Coleoptera,Dermestidae,Dermestes,vulpinus,Animalia|Insecta|Coleoptera|Dermestidae|Dermestes|vulpinus,Asynaptic Sex Chromosomes,Heterogametic,XY,18
Animalia,Insecta,Coleoptera,Dermestidae,Dermests,sigtus,Animalia|Insecta|Coleoptera|Dermestidae|Dermests|sigtus,Asynaptic Sex Chromosomes,Heterogametic,XY,18
Animalia,Insecta,Coleoptera,Dermestidae,Orphilus,subnitidus,Animalia|Insecta|Coleoptera|Dermestidae|Orphilus|subnitidus,Asynaptic Sex Chromosomes,Heterogametic,XY,20
Animalia,Insecta,Coleoptera,Dermestidae,Trogoderma,glabrum,Animalia|Insecta|Coleoptera|Dermestidae|Trogoderma|glabrum,Asynaptic Sex Chromosomes,Heterogametic,XY,18
Animalia,Insecta,Coleoptera,Dermestidae,Trogoderma,inclusum,Animalia|Insecta|Coleoptera|Dermestidae|Trogoderma|inclusum,Asynaptic Sex Chromosomes,Heterogametic,XY,18
Animalia,Insecta,Coleoptera,Dermestidae,Trogoderma,parabile,Animalia|Insecta|Coleoptera|Dermestidae|Trogoderma|parabile,Asynaptic Sex Chromosomes,Heterogametic,XY,18
Animalia,Insecta,Coleoptera,Dermestidae,Trogoderma,variabile,Animalia|Insecta|Coleoptera|Dermestidae|Trogoderma|variabile,Asynaptic Sex Chromosomes,Heterogametic,XY,18
Animalia,Insecta,Coleoptera,Dytiscidae,Agabus,bipustulatus,Animalia|Insecta|Coleoptera|Dytiscidae|Agabus|bipustulatus,Asynaptic Sex Chromosomes,Heterogametic,XY,42
Animalia,Insecta,Coleoptera,Dytiscidae,Agabus,sturmi,Animalia|Insecta|Coleoptera|Dytiscidae|Agabus|sturmi,Asynaptic Sex Chromosomes,Heterogametic,XY,42
Animalia,Insecta,Coleoptera,Dytiscidae,Colymbetes,paykulli,Animalia|Insecta|Coleoptera|Dytiscidae|Colymbetes|paykulli,Asynaptic Sex Chromosomes,Heterogametic,XY,36
Animalia,Insecta,Coleoptera,Dytiscidae,Rhantus,exsoletus,Animalia|Insecta|Coleoptera|Dytiscidae|Rhantus|exsoletus,Asynaptic Sex Chromosomes,Heterogametic,XY,42
Animalia,Insecta,Coleoptera,Dytiscidae,Rhantus,notatus,Animalia|Insecta|Coleoptera|Dytiscidae|Rhantus|notatus,Asynaptic Sex Chromosomes,Heterogametic,XY,44
Animalia,Insecta,Coleoptera,Elateridae,Adelocera,muri,Animalia|Insecta|Coleoptera|Elateridae|Adelocera|muri,Asynaptic Sex Chromosomes,Heterogametic,XY,22
Animalia,Insecta,Coleoptera,Elateridae,Agriotes,sputator,Animalia|Insecta|Coleoptera|Elateridae|Agriotes|sputator,Asynaptic Sex Chromosomes,Heterogametic,XY,20
Animalia,Insecta,Coleoptera,Elateridae,Cardiophorus,cardisce,Animalia|Insecta|Coleoptera|Elateridae|Cardiophorus|cardisce,Asynaptic Sex Chromosomes,Heterogametic,XY,22
Animalia,Insecta,Coleoptera,Elateridae,Cardiophorus,convexulus,Animalia|Insecta|Coleoptera|Elateridae|Cardiophorus|convexulus,Asynaptic Sex Chromosomes,Heterogametic,XY,22
Animalia,Insecta,Coleoptera,Elateridae,Cardiophorus,convexus,Animalia|Insecta|Coleoptera|Elateridae|Cardiophorus|convexus,Asynaptic Sex Chromosomes,Heterogametic,XY,20
Animalia,Insecta,Coleoptera,Elateridae,Cardiophorus,fenestratus,Animalia|Insecta|Coleoptera|Elateridae|Cardiophorus|fenestratus,Asynaptic Sex Chromosomes,Heterogametic,XY,22
Animalia,Insecta,Coleoptera,Elateridae,Cardiophorus,gagates,Animalia|Insecta|Coleoptera|Elateridae|Cardiophorus|gagates,Asynaptic Sex Chromosomes,Heterogametic,XY,22
Animalia,Insecta,Coleoptera,Elateridae,Cardiophorus,togatus,Animalia|Insecta|Coleoptera|Elateridae|Cardiophorus|togatus,Asynaptic Sex Chromosomes,Heterogametic,XY,22
Animalia,Insecta,Coleoptera,Elateridae,Ctenicera,appressa,Animalia|Insecta|Coleoptera|Elateridae|Ctenicera|appressa,Asynaptic Sex Chromosomes,Heterogametic,XY,22
Animalia,Insecta,Coleoptera,Elateridae,Ctenicera,bombyci,Animalia|Insecta|Coleoptera|Elateridae|Ctenicera|bombyci,Asynaptic Sex Chromosomes,Heterogametic,XY,22
Animalia,Insecta,Coleoptera,Elateridae,Ctenicera,inflata,Animalia|Insecta|Coleoptera|Elateridae|Ctenicera|inflata,Asynaptic Sex Chromosomes,Heterogametic,XY,20
Animalia,Insecta,Coleoptera,Elateridae,Ctenicera,media,Animalia|Insecta|Coleoptera|Elateridae|Ctenicera|media,Asynaptic Sex Chromosomes,Heterogametic,XY,22
Animalia,Insecta,Coleoptera,Elateridae,Ctenicera,ochreipennis,Animalia|Insecta|Coleoptera|Elateridae|Ctenicera|ochreipennis,Asynaptic Sex Chromosomes,Heterogametic,XY,22
Animalia,Insecta,Coleoptera,Elateridae,Ctenicera,tarsalis,Animalia|Insecta|Coleoptera|Elateridae|Ctenicera|tarsalis,Asynaptic Sex Chromosomes,Heterogametic,XY,20
Animalia,Insecta,Coleoptera,Elateridae,Ctenicera,tessellata,Animalia|Insecta|Coleoptera|Elateridae|Ctenicera|tessellata,Asynaptic Sex Chromosomes,Heterogametic,XY,22
Animalia,Insecta,Coleoptera,Elateridae,Eanus,estriatus,Animalia|Insecta|Coleoptera|Elateridae|Eanus|estriatus,Asynaptic Sex Chromosomes,Heterogametic,XY,20
Animalia,Insecta,Coleoptera,Elateridae,Eanus,maculipennis,Animalia|Insecta|Coleoptera|Elateridae|Eanus|maculipennis,Asynaptic Sex Chromosomes,Heterogametic,XY,20
Animalia,Insecta,Coleoptera,Elateridae,Limonius,aeger,Animalia|Insecta|Coleoptera|Elateridae|Limonius|aeger,Asynaptic Sex Chromosomes,Heterogametic,XY,20
Animalia,Insecta,Coleoptera,Elateridae,Pomachilius,sp.2,Animalia|Insecta|Coleoptera|Elateridae|Pomachilius|sp.2,Asynaptic Sex Chromosomes,Heterogametic,XY,20
Animalia,Insecta,Coleoptera,Glaphyridae,Lichnanthe,rathvoni,Animalia|Insecta|Coleoptera|Glaphyridae|Lichnanthe|rathvoni,Asynaptic Sex Chromosomes,Heterogametic,XY,20
Animalia,Insecta,Coleoptera,Glaresidae,Glaresis,sp.,Animalia|Insecta|Coleoptera|Glaresidae|Glaresis|sp.,Asynaptic Sex Chromosomes,Heterogametic,XY,20
Animalia,Insecta,Coleoptera,Helophoridae,Helophorus,lamicola,Animalia|Insecta|Coleoptera|Helophoridae|Helophorus|lamicola,Asynaptic Sex Chromosomes,Heterogametic,XY,22
Animalia,Insecta,Coleoptera,Helophoridae,Helophorus,ser,Animalia|Insecta|Coleoptera|Helophoridae|Helophorus|ser,Asynaptic Sex Chromosomes,Heterogametic,XY,22
Animalia,Insecta,Coleoptera,Helophoridae,Helophorus,yangae,Animalia|Insecta|Coleoptera|Helophoridae|Helophorus|yangae,Asynaptic Sex Chromosomes,Heterogametic,XY,22
Animalia,Insecta,Coleoptera,Histeridae,Hister,sp.,Animalia|Insecta|Coleoptera|Histeridae|Hister|sp.,Asynaptic Sex Chromosomes,Heterogametic,XY,26
Animalia,Insecta,Coleoptera,Histeridae,Saprinus,sp.,Animalia|Insecta|Coleoptera|Histeridae|Saprinus|sp.,Asynaptic Sex Chromosomes,Heterogametic,XY,26
Animalia,Insecta,Coleoptera,Hybosoridae,Hybosorus,orientalis,Animalia|Insecta|Coleoptera|Hybosoridae|Hybosorus|orientalis,Asynaptic Sex Chromosomes,Heterogametic,XY,20
Animalia,Insecta,Coleoptera,Hydrophilidae,Anacaena,bipustulata,Animalia|Insecta|Coleoptera|Hydrophilidae|Anacaena|bipustulata,Asynaptic Sex Chromosomes,Heterogametic,XY,18
Animalia,Insecta,Coleoptera,Hydrophilidae,Anacaena,globulus,Animalia|Insecta|Coleoptera|Hydrophilidae|Anacaena|globulus,Asynaptic Sex Chromosomes,Heterogametic,XY,16
Animalia,Insecta,Coleoptera,Hydrophilidae,Anacaena,limbata,Animalia|Insecta|Coleoptera|Hydrophilidae|Anacaena|limbata,Asynaptic Sex Chromosomes,Heterogametic,XY,18
Animalia,Insecta,Coleoptera,Hydrophilidae,Anacaena,lutescens,Animalia|Insecta|Coleoptera|Hydrophilidae|Anacaena|lutescens,Asynaptic Sex Chromosomes,Heterogametic,XY,18
Animalia,Insecta,Coleoptera,Hydrophilidae,Berosus,affinis,Animalia|Insecta|Coleoptera|Hydrophilidae|Berosus|affinis,Asynaptic Sex Chromosomes,Heterogametic,XY,18
Animalia,Insecta,Coleoptera,Hydrophilidae,Berosus,bispina,Animalia|Insecta|Coleoptera|Hydrophilidae|Berosus|bispina,Asynaptic Sex Chromosomes,Heterogametic,XY,18
Animalia,Insecta,Coleoptera,Hydrophilidae,Berosus,fulvus,Animalia|Insecta|Coleoptera|Hydrophilidae|Berosus|fulvus,Asynaptic Sex Chromosomes,Heterogametic,XY,18
Animalia,Insecta,Coleoptera,Hydrophilidae,Berosus,hispanicus,Animalia|Insecta|Coleoptera|Hydrophilidae|Berosus|hispanicus,Asynaptic Sex Chromosomes,Heterogametic,XY,18
Animalia,Insecta,Coleoptera,Hydrophilidae,Berosus,luridus,Animalia|Insecta|Coleoptera|Hydrophilidae|Berosus|luridus,Asynaptic Sex Chromosomes,Heterogametic,XY,18
Animalia,Insecta,Coleoptera,Hydrophilidae,Berosus,signaticollis,Animalia|Insecta|Coleoptera|Hydrophilidae|Berosus|signaticollis,Asynaptic Sex Chromosomes,Heterogametic,XY,20
Animalia,Insecta,Coleoptera,Hydrophilidae,Cercyon,convexiusculus,Animalia|Insecta|Coleoptera|Hydrophilidae|Cercyon|convexiusculus,Asynaptic Sex Chromosomes,Heterogametic,XY,30
Animalia,Insecta,Coleoptera,Hydrophilidae,Cercyon,haemorrhoidalis,Animalia|Insecta|Coleoptera|Hydrophilidae|Cercyon|haemorrhoidalis,Asynaptic Sex Chromosomes,Heterogametic,XY,24
Animalia,Insecta,Coleoptera,Hydrophilidae,Cercyon,marinus,Animalia|Insecta|Coleoptera|Hydrophilidae|Cercyon|marinus,Asynaptic Sex Chromosomes,Heterogametic,XY,24
Animalia,Insecta,Coleoptera,Hydrophilidae,Cercyon,melanocephalus,Animalia|Insecta|Coleoptera|Hydrophilidae|Cercyon|melanocephalus,Asynaptic Sex Chromosomes,Heterogametic,XY,24
Animalia,Insecta,Coleoptera,Hydrophilidae,Chaetarthria,simillima,Animalia|Insecta|Coleoptera|Hydrophilidae|Chaetarthria|simillima,Asynaptic Sex Chromosomes,Heterogametic,XY,18
Animalia,Insecta,Coleoptera,Hydrophilidae,Cymbiodyta,bifida,Animalia|Insecta|Coleoptera|Hydrophilidae|Cymbiodyta|bifida,Asynaptic Sex Chromosomes,Heterogametic,XY,18
Animalia,Insecta,Coleoptera,Hydrophilidae,Enochrus,fuscipennis,Animalia|Insecta|Coleoptera|Hydrophilidae|Enochrus|fuscipennis,Asynaptic Sex Chromosomes,Heterogametic,XY,18
Animalia,Insecta,Coleoptera,Hydrophilidae,Enochrus,halophilus,Animalia|Insecta|Coleoptera|Hydrophilidae|Enochrus|halophilus,Asynaptic Sex Chromosomes,Heterogametic,XY,18
Animalia,Insecta,Coleoptera,Hydrophilidae,Enochrus,quadripunctatus,Animalia|Insecta|Coleoptera|Hydrophilidae|Enochrus|quadripunctatus,Asynaptic Sex Chromosomes,Heterogametic,XY,18
Animalia,Insecta,Coleoptera,Hydrophilidae,Helochares,lividus,Animalia|Insecta|Coleoptera|Hydrophilidae|Helochares|lividus,Asynaptic Sex Chromosomes,Heterogametic,XY,18
Animalia,Insecta,Coleoptera,Hydrophilidae,Helochares,punctatus,Animalia|Insecta|Coleoptera|Hydrophilidae|Helochares|punctatus,Asynaptic Sex Chromosomes,Heterogametic,XY,18
Animalia,Insecta,Coleoptera,Hydrophilidae,Helocombus,bifidus,Animalia|Insecta|Coleoptera|Hydrophilidae|Helocombus|bifidus,Asynaptic Sex Chromosomes,Heterogametic,XY,18
Animalia,Insecta,Coleoptera,Hydrophilidae,Hydrobius,fuscipes,Animalia|Insecta|Coleoptera|Hydrophilidae|Hydrobius|fuscipes,Asynaptic Sex Chromosomes,Heterogametic,XY,18
Animalia,Insecta,Coleoptera,Hydrophilidae,Hydrochara,flavipes,Animalia|Insecta|Coleoptera|Hydrophilidae|Hydrochara|flavipes,Asynaptic Sex Chromosomes,Heterogametic,XY,30
Animalia,Insecta,Coleoptera,Hydrophilidae,Hydrophilus,indicus,Animalia|Insecta|Coleoptera|Hydrophilidae|Hydrophilus|indicus,Asynaptic Sex Chromosomes,Heterogametic,XY,30
Animalia,Insecta,Coleoptera,Hydrophilidae,Hydrophilus,piceus,Animalia|Insecta|Coleoptera|Hydrophilidae|Hydrophilus|piceus,Asynaptic Sex Chromosomes,Heterogametic,XY,30
Animalia,Insecta,Coleoptera,Hydrophilidae,Hydrophilus,triangularis,Animalia|Insecta|Coleoptera|Hydrophilidae|Hydrophilus|triangularis,Asynaptic Sex Chromosomes,Heterogametic,XY,30
Animalia,Insecta,Coleoptera,Hydrophilidae,Laccobius,bipunctatus,Animalia|Insecta|Coleoptera|Hydrophilidae|Laccobius|bipunctatus,Asynaptic Sex Chromosomes,Heterogametic,XY,18
Animalia,Insecta,Coleoptera,Hydrophilidae,Laccobius,colon,Animalia|Insecta|Coleoptera|Hydrophilidae|Laccobius|colon,Asynaptic Sex Chromosomes,Heterogametic,XY,18
Animalia,Insecta,Coleoptera,Hydrophilidae,Laccobius,ytenensis,Animalia|Insecta|Coleoptera|Hydrophilidae|Laccobius|ytenensis,Asynaptic Sex Chromosomes,Heterogametic,XY,18
Animalia,Insecta,Coleoptera,Hydrophilidae,Limnoxenus,niger,Animalia|Insecta|Coleoptera|Hydrophilidae|Limnoxenus|niger,Asynaptic Sex Chromosomes,Heterogametic,XY,18
Animalia,Insecta,Coleoptera,Hydrophilidae,Paracymus,aeneus,Animalia|Insecta|Coleoptera|Hydrophilidae|Paracymus|aeneus,Asynaptic Sex Chromosomes,Heterogametic,XY,18
Animalia,Insecta,Coleoptera,Hydrophilidae,Paracymus,scutellaris,Animalia|Insecta|Coleoptera|Hydrophilidae|Paracymus|scutellaris,Asynaptic Sex Chromosomes,Heterogametic,XY,18
Animalia,Insecta,Coleoptera,Hydrophilidae,Sphaeridium,bipustulatum,Animalia|Insecta|Coleoptera|Hydrophilidae|Sphaeridium|bipustulatum,Asynaptic Sex Chromosomes,Heterogametic,XY,24
Animalia,Insecta,Coleoptera,Hydrophilidae,Sphaeridium,lunatum,Animalia|Insecta|Coleoptera|Hydrophilidae|Sphaeridium|lunatum,Asynaptic Sex Chromosomes,Heterogametic,XY,24
Animalia,Insecta,Coleoptera,Hydrophilidae,Sphaeridium,marginatum,Animalia|Insecta|Coleoptera|Hydrophilidae|Sphaeridium|marginatum,Asynaptic Sex Chromosomes,Heterogametic,XY,24
Animalia,Insecta,Coleoptera,Hydrophilidae,Sphaeridium,scarabaeoides,Animalia|Insecta|Coleoptera|Hydrophilidae|Sphaeridium|scarabaeoides,Asynaptic Sex Chromosomes,Heterogametic,XY,24
Animalia,Insecta,Coleoptera,Hydrophilidae,Tropisternus,lateralis,Animalia|Insecta|Coleoptera|Hydrophilidae|Tropisternus|lateralis,Asynaptic Sex Chromosomes,Heterogametic,XY,18
Animalia,Insecta,Coleoptera,Hydrophilidae,Tropisternus,mutatus,Animalia|Insecta|Coleoptera|Hydrophilidae|Tropisternus|mutatus,Asynaptic Sex Chromosomes,Heterogametic,XY,18
Animalia,Insecta,Coleoptera,Laemophloeidae,Cryptolestes,ferrugineus,Animalia|Insecta|Coleoptera|Laemophloeidae|Cryptolestes|ferrugineus,Asynaptic Sex Chromosomes,Heterogametic,XY,18
Animalia,Insecta,Coleoptera,Laemophloeidae,Cryptolestes,pusilloides,Animalia|Insecta|Coleoptera|Laemophloeidae|Cryptolestes|pusilloides,Asynaptic Sex Chromosomes,Heterogametic,XY,18
Animalia,Insecta,Coleoptera,Laemophloeidae,Cryptolestes,pusillus,Animalia|Insecta|Coleoptera|Laemophloeidae|Cryptolestes|pusillus,Asynaptic Sex Chromosomes,Heterogametic,XY,18
Animalia,Insecta,Coleoptera,Laemophloeidae,Cryptolestes,spartii,Animalia|Insecta|Coleoptera|Laemophloeidae|Cryptolestes|spartii,Asynaptic Sex Chromosomes,Heterogametic,XY,18
Animalia,Insecta,Coleoptera,Laemophloeidae,Cryptolestes,turcicus,Animalia|Insecta|Coleoptera|Laemophloeidae|Cryptolestes|turcicus,Asynaptic Sex Chromosomes,Heterogametic,XY,18
Animalia,Insecta,Coleoptera,Leiodidae,Cantabrogeus,luquei,Animalia|Insecta|Coleoptera|Leiodidae|Cantabrogeus|luquei,Asynaptic Sex Chromosomes,Heterogametic,XY,22
Animalia,Insecta,Coleoptera,Leiodidae,Catops,coracinus,Animalia|Insecta|Coleoptera|Leiodidae|Catops|coracinus,Asynaptic Sex Chromosomes,Heterogametic,XY,22
Animalia,Insecta,Coleoptera,Leiodidae,Drimeotus,kovacsi,Animalia|Insecta|Coleoptera|Leiodidae|Drimeotus|kovacsi,Asynaptic Sex Chromosomes,Heterogametic,XY,24
Animalia,Insecta,Coleoptera,Leiodidae,Espanoliella,luquei,Animalia|Insecta|Coleoptera|Leiodidae|Espanoliella|luquei,Asynaptic Sex Chromosomes,Heterogametic,XY,22
Animalia,Insecta,Coleoptera,Leiodidae,Fresnedaella,lucius,Animalia|Insecta|Coleoptera|Leiodidae|Fresnedaella|lucius,Asynaptic Sex Chromosomes,Heterogametic,XY,22
Animalia,Insecta,Coleoptera,Leiodidae,Leiodes,calcarata,Animalia|Insecta|Coleoptera|Leiodidae|Leiodes|calcarata,Asynaptic Sex Chromosomes,Heterogametic,XY,22
Animalia,Insecta,Coleoptera,Leiodidae,Notidocharis,whagoni,Animalia|Insecta|Coleoptera|Leiodidae|Notidocharis|whagoni,Asynaptic Sex Chromosomes,Heterogametic,XY,22
Animalia,Insecta,Coleoptera,Leiodidae,Pholeuon,knirschi,Animalia|Insecta|Coleoptera|Leiodidae|Pholeuon|knirschi,Asynaptic Sex Chromosomes,Heterogametic,XY,24
Animalia,Insecta,Coleoptera,Leiodidae,Quaestus,pasensis,Animalia|Insecta|Coleoptera|Leiodidae|Quaestus|pasensis,Asynaptic Sex Chromosomes,Heterogametic,XY,22
Animalia,Insecta,Coleoptera,Leiodidae,Speonomus,delarouzeei,Animalia|Insecta|Coleoptera|Leiodidae|Speonomus|delarouzeei,Asynaptic Sex Chromosomes,Heterogametic,XY,24
Animalia,Insecta,Coleoptera,Leiodidae,Speonomus,hydrophilus,Animalia|Insecta|Coleoptera|Leiodidae|Speonomus|hydrophilus,Asynaptic Sex Chromosomes,Heterogametic,XY,24
Animalia,Insecta,Coleoptera,Leiodidae,Speonomus,pyreeus,Animalia|Insecta|Coleoptera|Leiodidae|Speonomus|pyreeus,Asynaptic Sex Chromosomes,Heterogametic,XY,24
Animalia,Insecta,Coleoptera,Leiodidae,Troglocharinus,ferreri,Animalia|Insecta|Coleoptera|Leiodidae|Troglocharinus|ferreri,Asynaptic Sex Chromosomes,Heterogametic,XY,24
Animalia,Insecta,Coleoptera,Leiodidae,Troglocharinus,jacasi,Animalia|Insecta|Coleoptera|Leiodidae|Troglocharinus|jacasi,Asynaptic Sex Chromosomes,Heterogametic,XY,24
Animalia,Insecta,Coleoptera,Leiodidae,Troglocharinus,kiesenwetteri,Animalia|Insecta|Coleoptera|Leiodidae|Troglocharinus|kiesenwetteri,Asynaptic Sex Chromosomes,Heterogametic,XY,24
Animalia,Insecta,Coleoptera,Leiodidae,Troglocharinus,schibii,Animalia|Insecta|Coleoptera|Leiodidae|Troglocharinus|schibii,Asynaptic Sex Chromosomes,Heterogametic,XY,24
Animalia,Insecta,Coleoptera,Leiodidae,Troglocharinus,variabilis,Animalia|Insecta|Coleoptera|Leiodidae|Troglocharinus|variabilis,Asynaptic Sex Chromosomes,Heterogametic,XY,24
Animalia,Insecta,Coleoptera,Lucanidae,Cerchus,ligrius,Animalia|Insecta|Coleoptera|Lucanidae|Cerchus|ligrius,Asynaptic Sex Chromosomes,Heterogametic,XY,20
Animalia,Insecta,Coleoptera,Lucanidae,Figulus,punctatus,Animalia|Insecta|Coleoptera|Lucanidae|Figulus|punctatus,Asynaptic Sex Chromosomes,Heterogametic,XY,26
Animalia,Insecta,Coleoptera,Lucanidae,Lucanus,maculifermoratus,Animalia|Insecta|Coleoptera|Lucanidae|Lucanus|maculifermoratus,Asynaptic Sex Chromosomes,Heterogametic,XY,26
Animalia,Insecta,Coleoptera,Lucanidae,Macrodorcas,binervis,Animalia|Insecta|Coleoptera|Lucanidae|Macrodorcas|binervis,Asynaptic Sex Chromosomes,Heterogametic,XY,14
Animalia,Insecta,Coleoptera,Lucanidae,Macrodorcas,rectus,Animalia|Insecta|Coleoptera|Lucanidae|Macrodorcas|rectus,Asynaptic Sex Chromosomes,Heterogametic,XY,18
Animalia,Insecta,Coleoptera,Lucanidae,Nipponodorcus,rubrofemoratus,Animalia|Insecta|Coleoptera|Lucanidae|Nipponodorcus|rubrofemoratus,Asynaptic Sex Chromosomes,Heterogametic,XY,10
Animalia,Insecta,Coleoptera,Lucanidae,Prosopocoilus,inclitus,Animalia|Insecta|Coleoptera|Lucanidae|Prosopocoilus|inclitus,Asynaptic Sex Chromosomes,Heterogametic,XY,20
Animalia,Insecta,Coleoptera,Lucanidae,Sinodendron,rugosum,Animalia|Insecta|Coleoptera|Lucanidae|Sinodendron|rugosum,Asynaptic Sex Chromosomes,Heterogametic,XY,18
Animalia,Insecta,Coleoptera,Melandryidae,Dircaea,4-maculata,Animalia|Insecta|Coleoptera|Melandryidae|Dircaea|4-maculata,Asynaptic Sex Chromosomes,Heterogametic,XY,20
Animalia,Insecta,Coleoptera,Melandryidae,Serropalpus,barbatus,Animalia|Insecta|Coleoptera|Melandryidae|Serropalpus|barbatus,Asynaptic Sex Chromosomes,Heterogametic,XY,18
Animalia,Insecta,Coleoptera,Melandryidae,Serropalpus,substriatus,Animalia|Insecta|Coleoptera|Melandryidae|Serropalpus|substriatus,Asynaptic Sex Chromosomes,Heterogametic,XY,20
Animalia,Insecta,Coleoptera,Meloidae,Cyaneolytta,n.,Animalia|Insecta|Coleoptera|Meloidae|Cyaneolytta|n.,Asynaptic Sex Chromosomes,Heterogametic,XY,20
Animalia,Insecta,Coleoptera,Meloidae,Epicauta,atomaria,Animalia|Insecta|Coleoptera|Meloidae|Epicauta|atomaria,Asynaptic Sex Chromosomes,Heterogametic,XY,20
Animalia,Insecta,Coleoptera,Meloidae,Epicauta,grammica,Animalia|Insecta|Coleoptera|Meloidae|Epicauta|grammica,Asynaptic Sex Chromosomes,Heterogametic,XY,24
Animalia,Insecta,Coleoptera,Meloidae,Epicauta,isthmica,Animalia|Insecta|Coleoptera|Meloidae|Epicauta|isthmica,Asynaptic Sex Chromosomes,Heterogametic,XY,20
Animalia,Insecta,Coleoptera,Meloidae,Epicauta,murina,Animalia|Insecta|Coleoptera|Meloidae|Epicauta|murina,Asynaptic Sex Chromosomes,Heterogametic,XY,20
Animalia,Insecta,Coleoptera,Meloidae,Epicauta,n.,Animalia|Insecta|Coleoptera|Meloidae|Epicauta|n.,Asynaptic Sex Chromosomes,Heterogametic,XY,20
Animalia,Insecta,Coleoptera,Meloidae,Epicauta,pluvialis,Animalia|Insecta|Coleoptera|Meloidae|Epicauta|pluvialis,Asynaptic Sex Chromosomes,Heterogametic,XY,20
Animalia,Insecta,Coleoptera,Meloidae,Epicauta,rosilloi,Animalia|Insecta|Coleoptera|Meloidae|Epicauta|rosilloi,Asynaptic Sex Chromosomes,Heterogametic,XY,20
Animalia,Insecta,Coleoptera,Meloidae,Epicauta,rufipedes,Animalia|Insecta|Coleoptera|Meloidae|Epicauta|rufipedes,Asynaptic Sex Chromosomes,Heterogametic,XY,20
Animalia,Insecta,Coleoptera,Meloidae,Lytta,picta,Animalia|Insecta|Coleoptera|Meloidae|Lytta|picta,Asynaptic Sex Chromosomes,Heterogametic,XY,20
Animalia,Insecta,Coleoptera,Meloidae,Meloe,sp.,Animalia|Insecta|Coleoptera|Meloidae|Meloe|sp.,Asynaptic Sex Chromosomes,Heterogametic,XY,20
Animalia,Insecta,Coleoptera,Meloidae,Mylabris,balteata,Animalia|Insecta|Coleoptera|Meloidae|Mylabris|balteata,Asynaptic Sex Chromosomes,Heterogametic,XY,20
Animalia,Insecta,Coleoptera,Meloidae,Mylabris,macilenta,Animalia|Insecta|Coleoptera|Meloidae|Mylabris|macilenta,Asynaptic Sex Chromosomes,Heterogametic,XY,22
Animalia,Insecta,Coleoptera,Meloidae,Mylabris,phalerata,Animalia|Insecta|Coleoptera|Meloidae|Mylabris|phalerata,Asynaptic Sex Chromosomes,Heterogametic,XY,22
Animalia,Insecta,Coleoptera,Meloidae,Mylabris,pustulata,Animalia|Insecta|Coleoptera|Meloidae|Mylabris|pustulata,Asynaptic Sex Chromosomes,Heterogametic,XY,22
Animalia,Insecta,Coleoptera,Meloidae,Mylabris,thunbergi,Animalia|Insecta|Coleoptera|Meloidae|Mylabris|thunbergi,Asynaptic Sex Chromosomes,Heterogametic,XY,22
Animalia,Insecta,Coleoptera,Meloidae,Paniculolytta,sanguineoguttata,Animalia|Insecta|Coleoptera|Meloidae|Paniculolytta|sanguineoguttata,Asynaptic Sex Chromosomes,Heterogametic,XY,20
Animalia,Insecta,Coleoptera,Meloidae,Pryrota,decorata,Animalia|Insecta|Coleoptera|Meloidae|Pryrota|decorata,Asynaptic Sex Chromosomes,Heterogametic,XY,20
Animalia,Insecta,Coleoptera,Meloidae,Psalydolytta,sp.,Animalia|Insecta|Coleoptera|Meloidae|Psalydolytta|sp.,Asynaptic Sex Chromosomes,Heterogametic,XY,20
Animalia,Insecta,Coleoptera,Meloidae,Sybaris,paraeustus,Animalia|Insecta|Coleoptera|Meloidae|Sybaris|paraeustus,Asynaptic Sex Chromosomes,Heterogametic,XY,20
Animalia,Insecta,Coleoptera,Meloidae,Sybaris,tastaceus,Animalia|Insecta|Coleoptera|Meloidae|Sybaris|tastaceus,Asynaptic Sex Chromosomes,Heterogametic,XY,20
Animalia,Insecta,Coleoptera,Meloidae,Tetraonyx,frontalis,Animalia|Insecta|Coleoptera|Meloidae|Tetraonyx|frontalis,Asynaptic Sex Chromosomes,Heterogametic,XY,20
Animalia,Insecta,Coleoptera,Meloidae,Tetraonyx,quadrimaculata,Animalia|Insecta|Coleoptera|Meloidae|Tetraonyx|quadrimaculata,Asynaptic Sex Chromosomes,Heterogametic,XY,20
Animalia,Insecta,Coleoptera,Meloidae,Zonitis,tarasca,Animalia|Insecta|Coleoptera|Meloidae|Zonitis|tarasca,Asynaptic Sex Chromosomes,Heterogametic,XY,20
Animalia,Insecta,Coleoptera,Melyridae,Astylus,antis,Animalia|Insecta|Coleoptera|Melyridae|Astylus|antis,Asynaptic Sex Chromosomes,Heterogametic,XY,18
Animalia,Insecta,Coleoptera,Melyridae,Hoppingiana,hudsonica,Animalia|Insecta|Coleoptera|Melyridae|Hoppingiana|hudsonica,Asynaptic Sex Chromosomes,Heterogametic,XY,14
Animalia,Insecta,Coleoptera,Nitidulidae,Nitidula,bipunctata,Animalia|Insecta|Coleoptera|Nitidulidae|Nitidula|bipunctata,Asynaptic Sex Chromosomes,Heterogametic,XY,20
Animalia,Insecta,Coleoptera,Nitidulidae,Nitidula,rufipes,Animalia|Insecta|Coleoptera|Nitidulidae|Nitidula|rufipes,Asynaptic Sex Chromosomes,Heterogametic,XY,20
Animalia,Insecta,Coleoptera,Oedemeridae,Oedemera,podagrariae,Animalia|Insecta|Coleoptera|Oedemeridae|Oedemera|podagrariae,Asynaptic Sex Chromosomes,Heterogametic,XY,22
Animalia,Insecta,Coleoptera,Oedemeridae,Oedemera,virescens,Animalia|Insecta|Coleoptera|Oedemeridae|Oedemera|virescens,Asynaptic Sex Chromosomes,Heterogametic,XY,22
Animalia,Insecta,Coleoptera,Pleocomidae,Pleocoma,crinita,Animalia|Insecta|Coleoptera|Pleocomidae|Pleocoma|crinita,Asynaptic Sex Chromosomes,Heterogametic,XY,20
Animalia,Insecta,Coleoptera,Pleocomidae,Pleocoma,dubitalis,Animalia|Insecta|Coleoptera|Pleocomidae|Pleocoma|dubitalis,Asynaptic Sex Chromosomes,Heterogametic,XY,20
Animalia,Insecta,Coleoptera,Pleocomidae,Pleocoma,minor,Animalia|Insecta|Coleoptera|Pleocomidae|Pleocoma|minor,Asynaptic Sex Chromosomes,Heterogametic,XY,20
Animalia,Insecta,Coleoptera,Pleocomidae,Pleocoma,simi,Animalia|Insecta|Coleoptera|Pleocomidae|Pleocoma|simi,Asynaptic Sex Chromosomes,Heterogametic,XY,20
Animalia,Insecta,Coleoptera,Scarabaeidae,Adoretus,bombitor,Animalia|Insecta|Coleoptera|Scarabaeidae|Adoretus|bombitor,Asynaptic Sex Chromosomes,Heterogametic,XY,22
Animalia,Insecta,Coleoptera,Scarabaeidae,Adoretus,decanus,Animalia|Insecta|Coleoptera|Scarabaeidae|Adoretus|decanus,Asynaptic Sex Chromosomes,Heterogametic,XY,22
Animalia,Insecta,Coleoptera,Scarabaeidae,Adoretus,duvauceli,Animalia|Insecta|Coleoptera|Scarabaeidae|Adoretus|duvauceli,Asynaptic Sex Chromosomes,Heterogametic,XY,22
Animalia,Insecta,Coleoptera,Scarabaeidae,Adoretus,epipleuralis,Animalia|Insecta|Coleoptera|Scarabaeidae|Adoretus|epipleuralis,Asynaptic Sex Chromosomes,Heterogametic,XY,22
Animalia,Insecta,Coleoptera,Scarabaeidae,Adoretus,incurvatus,Animalia|Insecta|Coleoptera|Scarabaeidae|Adoretus|incurvatus,Asynaptic Sex Chromosomes,Heterogametic,XY,22
Animalia,Insecta,Coleoptera,Scarabaeidae,Adoretus,lasiopygus,Animalia|Insecta|Coleoptera|Scarabaeidae|Adoretus|lasiopygus,Asynaptic Sex Chromosomes,Heterogametic,XY,22
Animalia,Insecta,Coleoptera,Scarabaeidae,Adoretus,limbatus,Animalia|Insecta|Coleoptera|Scarabaeidae|Adoretus|limbatus,Asynaptic Sex Chromosomes,Heterogametic,XY,22
Animalia,Insecta,Coleoptera,Scarabaeidae,Adoretus,sp.,Animalia|Insecta|Coleoptera|Scarabaeidae|Adoretus|sp.,Asynaptic Sex Chromosomes,Heterogametic,XY,22
Animalia,Insecta,Coleoptera,Scarabaeidae,Adoretus,versutus,Animalia|Insecta|Coleoptera|Scarabaeidae|Adoretus|versutus,Asynaptic Sex Chromosomes,Heterogametic,XY,24
Animalia,Insecta,Coleoptera,Scarabaeidae,Adorrhinyptia,dorsalis,Animalia|Insecta|Coleoptera|Scarabaeidae|Adorrhinyptia|dorsalis,Asynaptic Sex Chromosomes,Heterogametic,XY,22
Animalia,Insecta,Coleoptera,Scarabaeidae,Adorrhinyptia,sp.,Animalia|Insecta|Coleoptera|Scarabaeidae|Adorrhinyptia|sp.,Asynaptic Sex Chromosomes,Heterogametic,XY,16
Animalia,Insecta,Coleoptera,Scarabaeidae,Aegiala,blanchardi,Animalia|Insecta|Coleoptera|Scarabaeidae|Aegiala|blanchardi,Asynaptic Sex Chromosomes,Heterogametic,XY,20
Animalia,Insecta,Coleoptera,Scarabaeidae,Allomyrina,dichotoma,Animalia|Insecta|Coleoptera|Scarabaeidae|Allomyrina|dichotoma,Asynaptic Sex Chromosomes,Heterogametic,XY,20
Animalia,Insecta,Coleoptera,Scarabaeidae,Amaurodes,passerini,Animalia|Insecta|Coleoptera|Scarabaeidae|Amaurodes|passerini,Asynaptic Sex Chromosomes,Heterogametic,XY,20
Animalia,Insecta,Coleoptera,Scarabaeidae,Anisoplia,flavipennis,Animalia|Insecta|Coleoptera|Scarabaeidae|Anisoplia|flavipennis,Asynaptic Sex Chromosomes,Heterogametic,XY,20
Animalia,Insecta,Coleoptera,Scarabaeidae,Anomala,dorsalis,Animalia|Insecta|Coleoptera|Scarabaeidae|Anomala|dorsalis,Asynaptic Sex Chromosomes,Heterogametic,XY,20
Animalia,Insecta,Coleoptera,Scarabaeidae,Anomala,lucens,Animalia|Insecta|Coleoptera|Scarabaeidae|Anomala|lucens,Asynaptic Sex Chromosomes,Heterogametic,XY,20
Animalia,Insecta,Coleoptera,Scarabaeidae,Anomala,polita,Animalia|Insecta|Coleoptera|Scarabaeidae|Anomala|polita,Asynaptic Sex Chromosomes,Heterogametic,XY,20
Animalia,Insecta,Coleoptera,Scarabaeidae,Anomala,ruficapilla,Animalia|Insecta|Coleoptera|Scarabaeidae|Anomala|ruficapilla,Asynaptic Sex Chromosomes,Heterogametic,XY,20
Animalia,Insecta,Coleoptera,Scarabaeidae,Anomala,sp.,Animalia|Insecta|Coleoptera|Scarabaeidae|Anomala|sp.,Asynaptic Sex Chromosomes,Heterogametic,XY,20
Animalia,Insecta,Coleoptera,Scarabaeidae,Anomala,superflua,Animalia|Insecta|Coleoptera|Scarabaeidae|Anomala|superflua,Asynaptic Sex Chromosomes,Heterogametic,XY,20
Animalia,Insecta,Coleoptera,Scarabaeidae,Anomala,varicolor,Animalia|Insecta|Coleoptera|Scarabaeidae|Anomala|varicolor,Asynaptic Sex Chromosomes,Heterogametic,XY,20
Animalia,Insecta,Coleoptera,Scarabaeidae,Anomala,vestigator,Animalia|Insecta|Coleoptera|Scarabaeidae|Anomala|vestigator,Asynaptic Sex Chromosomes,Heterogametic,XY,20
Animalia,Insecta,Coleoptera,Scarabaeidae,Anoplotrupes,stercorosus,Animalia|Insecta|Coleoptera|Scarabaeidae|Anoplotrupes|stercorosus,Asynaptic Sex Chromosomes,Heterogametic,XY,20
Animalia,Insecta,Coleoptera,Scarabaeidae,Aphodius,borealis,Animalia|Insecta|Coleoptera|Scarabaeidae|Aphodius|borealis,Asynaptic Sex Chromosomes,Heterogametic,XY,20
Animalia,Insecta,Coleoptera,Scarabaeidae,Aphodius,rufus,Animalia|Insecta|Coleoptera|Scarabaeidae|Aphodius|rufus,Asynaptic Sex Chromosomes,Heterogametic,XY,20
Animalia,Insecta,Coleoptera,Scarabaeidae,Apogonia,carita,Animalia|Insecta|Coleoptera|Scarabaeidae|Apogonia|carita,Asynaptic Sex Chromosomes,Heterogametic,XY,20
Animalia,Insecta,Coleoptera,Scarabaeidae,Apogonia,nigricans,Animalia|Insecta|Coleoptera|Scarabaeidae|Apogonia|nigricans,Asynaptic Sex Chromosomes,Heterogametic,XY,20
Animalia,Insecta,Coleoptera,Scarabaeidae,Apogonia,proxima,Animalia|Insecta|Coleoptera|Scarabaeidae|Apogonia|proxima,Asynaptic Sex Chromosomes,Heterogametic,XY,20
Animalia,Insecta,Coleoptera,Scarabaeidae,Apogonia,sp.,Animalia|Insecta|Coleoptera|Scarabaeidae|Apogonia|sp.,Asynaptic Sex Chromosomes,Heterogametic,XY,20
Animalia,Insecta,Coleoptera,Scarabaeidae,Aserica,pilula,Animalia|Insecta|Coleoptera|Scarabaeidae|Aserica|pilula,Asynaptic Sex Chromosomes,Heterogametic,XY,20
Animalia,Insecta,Coleoptera,Scarabaeidae,Athyreus,excavatus,Animalia|Insecta|Coleoptera|Scarabaeidae|Athyreus|excavatus,Asynaptic Sex Chromosomes,Heterogametic,XY,20
Animalia,Insecta,Coleoptera,Scarabaeidae,Autoserica,sp.,Animalia|Insecta|Coleoptera|Scarabaeidae|Autoserica|sp.,Asynaptic Sex Chromosomes,Heterogametic,XY,18
Animalia,Insecta,Coleoptera,Scarabaeidae,Bolbelasmus,arcuatus,Animalia|Insecta|Coleoptera|Scarabaeidae|Bolbelasmus|arcuatus,Asynaptic Sex Chromosomes,Heterogametic,XY,20
Animalia,Insecta,Coleoptera,Scarabaeidae,Bolbites,onitoides,Animalia|Insecta|Coleoptera|Scarabaeidae|Bolbites|onitoides,Asynaptic Sex Chromosomes,Heterogametic,XY,20
Animalia,Insecta,Coleoptera,Scarabaeidae,Bolboceras,quadridens,Animalia|Insecta|Coleoptera|Scarabaeidae|Bolboceras|quadridens,Asynaptic Sex Chromosomes,Heterogametic,XY,20
Animalia,Insecta,Coleoptera,Scarabaeidae,Bolboceras,sp.,Animalia|Insecta|Coleoptera|Scarabaeidae|Bolboceras|sp.,Asynaptic Sex Chromosomes,Heterogametic,XY,20
Animalia,Insecta,Coleoptera,Scarabaeidae,Bolbocerus,indicum,Animalia|Insecta|Coleoptera|Scarabaeidae|Bolbocerus|indicum,Asynaptic Sex Chromosomes,Heterogametic,XY,20
Animalia,Insecta,Coleoptera,Scarabaeidae,Bothynus,striatellus,Animalia|Insecta|Coleoptera|Scarabaeidae|Bothynus|striatellus,Asynaptic Sex Chromosomes,Heterogametic,XY,20
Animalia,Insecta,Coleoptera,Scarabaeidae,Caccobius,schreberi,Animalia|Insecta|Coleoptera|Scarabaeidae|Caccobius|schreberi,Asynaptic Sex Chromosomes,Heterogametic,XY,20
Animalia,Insecta,Coleoptera,Scarabaeidae,Canthidium,breve,Animalia|Insecta|Coleoptera|Scarabaeidae|Canthidium|breve,Asynaptic Sex Chromosomes,Heterogametic,XY,18
Animalia,Insecta,Coleoptera,Scarabaeidae,Canthochilum,andyi,Animalia|Insecta|Coleoptera|Scarabaeidae|Canthochilum|andyi,Asynaptic Sex Chromosomes,Heterogametic,XY,18
Animalia,Insecta,Coleoptera,Scarabaeidae,Canthochilum,hispidum,Animalia|Insecta|Coleoptera|Scarabaeidae|Canthochilum|hispidum,Asynaptic Sex Chromosomes,Heterogametic,XY,18
Animalia,Insecta,Coleoptera,Scarabaeidae,Canthochilum,histeroides,Animalia|Insecta|Coleoptera|Scarabaeidae|Canthochilum|histeroides,Asynaptic Sex Chromosomes,Heterogametic,XY,18
Animalia,Insecta,Coleoptera,Scarabaeidae,Canthochilum,oakleyi,Animalia|Insecta|Coleoptera|Scarabaeidae|Canthochilum|oakleyi,Asynaptic Sex Chromosomes,Heterogametic,XY,18
Animalia,Insecta,Coleoptera,Scarabaeidae,Canthon,aff,Animalia|Insecta|Coleoptera|Scarabaeidae|Canthon|aff,Asynaptic Sex Chromosomes,Heterogametic,XY,20
Animalia,Insecta,Coleoptera,Scarabaeidae,Canthon,chalybaeus,Animalia|Insecta|Coleoptera|Scarabaeidae|Canthon|chalybaeus,Asynaptic Sex Chromosomes,Heterogametic,XY,20
Animalia,Insecta,Coleoptera,Scarabaeidae,Canthon,indigaceus,Animalia|Insecta|Coleoptera|Scarabaeidae|Canthon|indigaceus,Asynaptic Sex Chromosomes,Heterogametic,XY,18
Animalia,Insecta,Coleoptera,Scarabaeidae,Canthon,muticus,Animalia|Insecta|Coleoptera|Scarabaeidae|Canthon|muticus,Asynaptic Sex Chromosomes,Heterogametic,XY,20
Animalia,Insecta,Coleoptera,Scarabaeidae,Canthon,septemmaculatus,Animalia|Insecta|Coleoptera|Scarabaeidae|Canthon|septemmaculatus,Asynaptic Sex Chromosomes,Heterogametic,XY,20
Animalia,Insecta,Coleoptera,Scarabaeidae,Canthon,staigi,Animalia|Insecta|Coleoptera|Scarabaeidae|Canthon|staigi,Asynaptic Sex Chromosomes,Heterogametic,XY,18
Animalia,Insecta,Coleoptera,Scarabaeidae,Catharsius,aff.,Animalia|Insecta|Coleoptera|Scarabaeidae|Catharsius|aff.,Asynaptic Sex Chromosomes,Heterogametic,XY,20
Animalia,Insecta,Coleoptera,Scarabaeidae,Catharsius,molossus,Animalia|Insecta|Coleoptera|Scarabaeidae|Catharsius|molossus,Asynaptic Sex Chromosomes,Heterogametic,XY,20
Animalia,Insecta,Coleoptera,Scarabaeidae,Catharsius,pithecius,Animalia|Insecta|Coleoptera|Scarabaeidae|Catharsius|pithecius,Asynaptic Sex Chromosomes,Heterogametic,XY,20
Animalia,Insecta,Coleoptera,Scarabaeidae,Catharsius,sagax,Animalia|Insecta|Coleoptera|Scarabaeidae|Catharsius|sagax,Asynaptic Sex Chromosomes,Heterogametic,XY,20
Animalia,Insecta,Coleoptera,Scarabaeidae,Catharsius,sp1,Animalia|Insecta|Coleoptera|Scarabaeidae|Catharsius|sp1,Asynaptic Sex Chromosomes,Heterogametic,XY,18
Animalia,Insecta,Coleoptera,Scarabaeidae,Catharsius,sp2,Animalia|Insecta|Coleoptera|Scarabaeidae|Catharsius|sp2,Asynaptic Sex Chromosomes,Heterogametic,XY,20
Animalia,Insecta,Coleoptera,Scarabaeidae,Catharsius,sp3,Animalia|Insecta|Coleoptera|Scarabaeidae|Catharsius|sp3,Asynaptic Sex Chromosomes,Heterogametic,XY,20
Animalia,Insecta,Coleoptera,Scarabaeidae,Chiron,digitatus,Animalia|Insecta|Coleoptera|Scarabaeidae|Chiron|digitatus,Asynaptic Sex Chromosomes,Heterogametic,XY,20
Animalia,Insecta,Coleoptera,Scarabaeidae,Chlorocala,africa,Animalia|Insecta|Coleoptera|Scarabaeidae|Chlorocala|africa,Asynaptic Sex Chromosomes,Heterogametic,XY,14
Animalia,Insecta,Coleoptera,Scarabaeidae,Coenochilus,trabecula,Animalia|Insecta|Coleoptera|Scarabaeidae|Coenochilus|trabecula,Asynaptic Sex Chromosomes,Heterogametic,XY,20
Animalia,Insecta,Coleoptera,Scarabaeidae,Copris,incertus,Animalia|Insecta|Coleoptera|Scarabaeidae|Copris|incertus,Asynaptic Sex Chromosomes,Heterogametic,XY,14
Animalia,Insecta,Coleoptera,Scarabaeidae,Copris,lugubris,Animalia|Insecta|Coleoptera|Scarabaeidae|Copris|lugubris,Asynaptic Sex Chromosomes,Heterogametic,XY,14
Animalia,Insecta,Coleoptera,Scarabaeidae,Copris,sinicus,Animalia|Insecta|Coleoptera|Scarabaeidae|Copris|sinicus,Asynaptic Sex Chromosomes,Heterogametic,XY,14
Animalia,Insecta,Coleoptera,Scarabaeidae,Copris,sp.,Animalia|Insecta|Coleoptera|Scarabaeidae|Copris|sp.,Asynaptic Sex Chromosomes,Heterogametic,XY,14
Animalia,Insecta,Coleoptera,Scarabaeidae,Coprophanaeus,cyanescens,Animalia|Insecta|Coleoptera|Scarabaeidae|Coprophanaeus|cyanescens,Asynaptic Sex Chromosomes,Heterogametic,XY,20
Animalia,Insecta,Coleoptera,Scarabaeidae,Cotalpa,lanigera,Animalia|Insecta|Coleoptera|Scarabaeidae|Cotalpa|lanigera,Asynaptic Sex Chromosomes,Heterogametic,XY,20
Animalia,Insecta,Coleoptera,Scarabaeidae,Cremastocheilus,armatus,Animalia|Insecta|Coleoptera|Scarabaeidae|Cremastocheilus|armatus,Asynaptic Sex Chromosomes,Heterogametic,XY,20
Animalia,Insecta,Coleoptera,Scarabaeidae,Cyclocephala,insulicola,Animalia|Insecta|Coleoptera|Scarabaeidae|Cyclocephala|insulicola,Asynaptic Sex Chromosomes,Heterogametic,XY,20
Animalia,Insecta,Coleoptera,Scarabaeidae,Cyclocephala,lutea,Animalia|Insecta|Coleoptera|Scarabaeidae|Cyclocephala|lutea,Asynaptic Sex Chromosomes,Heterogametic,XY,20
Animalia,Insecta,Coleoptera,Scarabaeidae,Cyclocephala,maffafa,Animalia|Insecta|Coleoptera|Scarabaeidae|Cyclocephala|maffafa,Asynaptic Sex Chromosomes,Heterogametic,XY,20
Animalia,Insecta,Coleoptera,Scarabaeidae,Cyclocephala,melanocephala,Animalia|Insecta|Coleoptera|Scarabaeidae|Cyclocephala|melanocephala,Asynaptic Sex Chromosomes,Heterogametic,XY,20
Animalia,Insecta,Coleoptera,Scarabaeidae,Cyclocephala,putrida,Animalia|Insecta|Coleoptera|Scarabaeidae|Cyclocephala|putrida,Asynaptic Sex Chromosomes,Heterogametic,XY,20
Animalia,Insecta,Coleoptera,Scarabaeidae,Cyclocephala,tridentata,Animalia|Insecta|Coleoptera|Scarabaeidae|Cyclocephala|tridentata,Asynaptic Sex Chromosomes,Heterogametic,XY,20
Animalia,Insecta,Coleoptera,Scarabaeidae,Cyprolais,hornimani,Animalia|Insecta|Coleoptera|Scarabaeidae|Cyprolais|hornimani,Asynaptic Sex Chromosomes,Heterogametic,XY,20
Animalia,Insecta,Coleoptera,Scarabaeidae,Deltochilum,elevatum,Animalia|Insecta|Coleoptera|Scarabaeidae|Deltochilum|elevatum,Asynaptic Sex Chromosomes,Heterogametic,XY,20
Animalia,Insecta,Coleoptera,Scarabaeidae,Deltochilum,verruciferum,Animalia|Insecta|Coleoptera|Scarabaeidae|Deltochilum|verruciferum,Asynaptic Sex Chromosomes,Heterogametic,XY,20
Animalia,Insecta,Coleoptera,Scarabaeidae,Diabroctis,mimas,Animalia|Insecta|Coleoptera|Scarabaeidae|Diabroctis|mimas,Asynaptic Sex Chromosomes,Heterogametic,XY,20
Animalia,Insecta,Coleoptera,Scarabaeidae,Dichotomius,aff,Animalia|Insecta|Coleoptera|Scarabaeidae|Dichotomius|aff,Asynaptic Sex Chromosomes,Heterogametic,XY,18
Animalia,Insecta,Coleoptera,Scarabaeidae,Dichotomius,bos,Animalia|Insecta|Coleoptera|Scarabaeidae|Dichotomius|bos,Asynaptic Sex Chromosomes,Heterogametic,XY,18
Animalia,Insecta,Coleoptera,Scarabaeidae,Dichotomius,carolinus,Animalia|Insecta|Coleoptera|Scarabaeidae|Dichotomius|carolinus,Asynaptic Sex Chromosomes,Heterogametic,XY,20
Animalia,Insecta,Coleoptera,Scarabaeidae,Dichotomius,crinicollis,Animalia|Insecta|Coleoptera|Scarabaeidae|Dichotomius|crinicollis,Asynaptic Sex Chromosomes,Heterogametic,XY,18
Animalia,Insecta,Coleoptera,Scarabaeidae,Dichotomius,depresicollis,Animalia|Insecta|Coleoptera|Scarabaeidae|Dichotomius|depresicollis,Asynaptic Sex Chromosomes,Heterogametic,XY,18
Animalia,Insecta,Coleoptera,Scarabaeidae,Dichotomius,geminatus,Animalia|Insecta|Coleoptera|Scarabaeidae|Dichotomius|geminatus,Asynaptic Sex Chromosomes,Heterogametic,XY,18
Animalia,Insecta,Coleoptera,Scarabaeidae,Dichotomius,laevicollis,Animalia|Insecta|Coleoptera|Scarabaeidae|Dichotomius|laevicollis,Asynaptic Sex Chromosomes,Heterogametic,XY,18
Animalia,Insecta,Coleoptera,Scarabaeidae,Dichotomius,mormon,Animalia|Insecta|Coleoptera|Scarabaeidae|Dichotomius|mormon,Asynaptic Sex Chromosomes,Heterogametic,XY,18
Animalia,Insecta,Coleoptera,Scarabaeidae,Dichotomius,nisus,Animalia|Insecta|Coleoptera|Scarabaeidae|Dichotomius|nisus,Asynaptic Sex Chromosomes,Heterogametic,XY,18
Animalia,Insecta,Coleoptera,Scarabaeidae,Dichotomius,semianeus,Animalia|Insecta|Coleoptera|Scarabaeidae|Dichotomius|semianeus,Asynaptic Sex Chromosomes,Heterogametic,XY,18
Animalia,Insecta,Coleoptera,Scarabaeidae,Dichotomius,semisquamosus,Animalia|Insecta|Coleoptera|Scarabaeidae|Dichotomius|semisquamosus,Asynaptic Sex Chromosomes,Heterogametic,XY,18
Animalia,Insecta,Coleoptera,Scarabaeidae,Dichotomius,sericeus,Animalia|Insecta|Coleoptera|Scarabaeidae|Dichotomius|sericeus,Asynaptic Sex Chromosomes,Heterogametic,XY,18
Animalia,Insecta,Coleoptera,Scarabaeidae,Dichotomius,sp,Animalia|Insecta|Coleoptera|Scarabaeidae|Dichotomius|sp,Asynaptic Sex Chromosomes,Heterogametic,XY,18
Animalia,Insecta,Coleoptera,Scarabaeidae,Dicronorhina,derbya,Animalia|Insecta|Coleoptera|Scarabaeidae|Dicronorhina|derbya,Asynaptic Sex Chromosomes,Heterogametic,XY,20
Animalia,Insecta,Coleoptera,Scarabaeidae,Dicronorhina,micans,Animalia|Insecta|Coleoptera|Scarabaeidae|Dicronorhina|micans,Asynaptic Sex Chromosomes,Heterogametic,XY,20
Animalia,Insecta,Coleoptera,Scarabaeidae,Digitonthophagus,bosus,Animalia|Insecta|Coleoptera|Scarabaeidae|Digitonthophagus|bosus,Asynaptic Sex Chromosomes,Heterogametic,XY,20
Animalia,Insecta,Coleoptera,Scarabaeidae,Digitonthophagus,gazella,Animalia|Insecta|Coleoptera|Scarabaeidae|Digitonthophagus|gazella,Asynaptic Sex Chromosomes,Heterogametic,NA,20
Animalia,Insecta,Coleoptera,Scarabaeidae,Diloboderus,abderus,Animalia|Insecta|Coleoptera|Scarabaeidae|Diloboderus|abderus,Asynaptic Sex Chromosomes,Heterogametic,XY,20
Animalia,Insecta,Coleoptera,Scarabaeidae,Diplotaxis,obscura,Animalia|Insecta|Coleoptera|Scarabaeidae|Diplotaxis|obscura,Asynaptic Sex Chromosomes,Heterogametic,XY,20
Animalia,Insecta,Coleoptera,Scarabaeidae,Diplotaxis,sierrae,Animalia|Insecta|Coleoptera|Scarabaeidae|Diplotaxis|sierrae,Asynaptic Sex Chromosomes,Heterogametic,XY,20
Animalia,Insecta,Coleoptera,Scarabaeidae,Diplotaxis,sp.,Animalia|Insecta|Coleoptera|Scarabaeidae|Diplotaxis|sp.,Asynaptic Sex Chromosomes,Heterogametic,XY,20
Animalia,Insecta,Coleoptera,Scarabaeidae,Dynamopus,athleta,Animalia|Insecta|Coleoptera|Scarabaeidae|Dynamopus|athleta,Asynaptic Sex Chromosomes,Heterogametic,XY,22
Animalia,Insecta,Coleoptera,Scarabaeidae,Dyscinetus,bidentatus,Animalia|Insecta|Coleoptera|Scarabaeidae|Dyscinetus|bidentatus,Asynaptic Sex Chromosomes,Heterogametic,XY,20
Animalia,Insecta,Coleoptera,Scarabaeidae,Dyscinetus,gagates,Animalia|Insecta|Coleoptera|Scarabaeidae|Dyscinetus|gagates,Asynaptic Sex Chromosomes,Heterogametic,XY,20
Animalia,Insecta,Coleoptera,Scarabaeidae,Dyscinetus,picipes,Animalia|Insecta|Coleoptera|Scarabaeidae|Dyscinetus|picipes,Asynaptic Sex Chromosomes,Heterogametic,XY,20
Animalia,Insecta,Coleoptera,Scarabaeidae,Dyscinetus,rugifrons,Animalia|Insecta|Coleoptera|Scarabaeidae|Dyscinetus|rugifrons,Asynaptic Sex Chromosomes,Heterogametic,XY,20
Animalia,Insecta,Coleoptera,Scarabaeidae,Ectinohoplia,rufipes,Animalia|Insecta|Coleoptera|Scarabaeidae|Ectinohoplia|rufipes,Asynaptic Sex Chromosomes,Heterogametic,XY,20
Animalia,Insecta,Coleoptera,Scarabaeidae,Enema,pan,Animalia|Insecta|Coleoptera|Scarabaeidae|Enema|pan,Asynaptic Sex Chromosomes,Heterogametic,XY,18
Animalia,Insecta,Coleoptera,Scarabaeidae,Eophileurus,platypterus,Animalia|Insecta|Coleoptera|Scarabaeidae|Eophileurus|platypterus,Asynaptic Sex Chromosomes,Heterogametic,XY,20
Animalia,Insecta,Coleoptera,Scarabaeidae,Epicometis,hirta,Animalia|Insecta|Coleoptera|Scarabaeidae|Epicometis|hirta,Asynaptic Sex Chromosomes,Heterogametic,XY,20
Animalia,Insecta,Coleoptera,Scarabaeidae,Epicometis,squalida,Animalia|Insecta|Coleoptera|Scarabaeidae|Epicometis|squalida,Asynaptic Sex Chromosomes,Heterogametic,XY,20
Animalia,Insecta,Coleoptera,Scarabaeidae,Eucranium,arachnoides,Animalia|Insecta|Coleoptera|Scarabaeidae|Eucranium|arachnoides,Asynaptic Sex Chromosomes,Heterogametic,XY,18
Animalia,Insecta,Coleoptera,Scarabaeidae,Eudicella,aethiopica,Animalia|Insecta|Coleoptera|Scarabaeidae|Eudicella|aethiopica,Asynaptic Sex Chromosomes,Heterogametic,XY,20
Animalia,Insecta,Coleoptera,Scarabaeidae,Eudicella,gralli,Animalia|Insecta|Coleoptera|Scarabaeidae|Eudicella|gralli,Asynaptic Sex Chromosomes,Heterogametic,XY,20
Animalia,Insecta,Coleoptera,Scarabaeidae,Eudicella,smithi,Animalia|Insecta|Coleoptera|Scarabaeidae|Eudicella|smithi,Asynaptic Sex Chromosomes,Heterogametic,XY,20
Animalia,Insecta,Coleoptera,Scarabaeidae,Euetheola,humilis,Animalia|Insecta|Coleoptera|Scarabaeidae|Euetheola|humilis,Asynaptic Sex Chromosomes,Heterogametic,XY,20
Animalia,Insecta,Coleoptera,Scarabaeidae,Euphoria,inda,Animalia|Insecta|Coleoptera|Scarabaeidae|Euphoria|inda,Asynaptic Sex Chromosomes,Heterogametic,XY,20
Animalia,Insecta,Coleoptera,Scarabaeidae,Euphoria,lurida,Animalia|Insecta|Coleoptera|Scarabaeidae|Euphoria|lurida,Asynaptic Sex Chromosomes,Heterogametic,XY,20
Animalia,Insecta,Coleoptera,Scarabaeidae,Geniates,borelli,Animalia|Insecta|Coleoptera|Scarabaeidae|Geniates|borelli,Asynaptic Sex Chromosomes,Heterogametic,XY,20
Animalia,Insecta,Coleoptera,Scarabaeidae,Geotrupes,spiniger,Animalia|Insecta|Coleoptera|Scarabaeidae|Geotrupes|spiniger,Asynaptic Sex Chromosomes,Heterogametic,XY,20
Animalia,Insecta,Coleoptera,Scarabaeidae,Glyphoderus,sterquilinus,Animalia|Insecta|Coleoptera|Scarabaeidae|Glyphoderus|sterquilinus,Asynaptic Sex Chromosomes,Heterogametic,XY,18
Animalia,Insecta,Coleoptera,Scarabaeidae,Goliathus,goliatus,Animalia|Insecta|Coleoptera|Scarabaeidae|Goliathus|goliatus,Asynaptic Sex Chromosomes,Heterogametic,XY,20
Animalia,Insecta,Coleoptera,Scarabaeidae,Gromphas,lacordairei,Animalia|Insecta|Coleoptera|Scarabaeidae|Gromphas|lacordairei,Asynaptic Sex Chromosomes,Heterogametic,XY,20
Animalia,Insecta,Coleoptera,Scarabaeidae,Gymnopleurus,cyaneus,Animalia|Insecta|Coleoptera|Scarabaeidae|Gymnopleurus|cyaneus,Asynaptic Sex Chromosomes,Heterogametic,XY,20
Animalia,Insecta,Coleoptera,Scarabaeidae,Gymnopleurus,geoffroyi,Animalia|Insecta|Coleoptera|Scarabaeidae|Gymnopleurus|geoffroyi,Asynaptic Sex Chromosomes,Heterogametic,XY,20
Animalia,Insecta,Coleoptera,Scarabaeidae,Gymnopleurus,koenigi,Animalia|Insecta|Coleoptera|Scarabaeidae|Gymnopleurus|koenigi,Asynaptic Sex Chromosomes,Heterogametic,XY,20
Animalia,Insecta,Coleoptera,Scarabaeidae,Gymnopleurus,miliaris,Animalia|Insecta|Coleoptera|Scarabaeidae|Gymnopleurus|miliaris,Asynaptic Sex Chromosomes,Heterogametic,XY,36
Animalia,Insecta,Coleoptera,Scarabaeidae,Gymnopleurus,mundus,Animalia|Insecta|Coleoptera|Scarabaeidae|Gymnopleurus|mundus,Asynaptic Sex Chromosomes,Heterogametic,XY,14
Animalia,Insecta,Coleoptera,Scarabaeidae,Gymnopleurus,parvus,Animalia|Insecta|Coleoptera|Scarabaeidae|Gymnopleurus|parvus,Asynaptic Sex Chromosomes,Heterogametic,XY,18
Animalia,Insecta,Coleoptera,Scarabaeidae,Gymnopleurus,situs,Animalia|Insecta|Coleoptera|Scarabaeidae|Gymnopleurus|situs,Asynaptic Sex Chromosomes,Heterogametic,XY,18
Animalia,Insecta,Coleoptera,Scarabaeidae,Heliocopris,gigas,Animalia|Insecta|Coleoptera|Scarabaeidae|Heliocopris|gigas,Asynaptic Sex Chromosomes,Heterogametic,XY,20
Animalia,Insecta,Coleoptera,Scarabaeidae,Holotrichia,longipennis,Animalia|Insecta|Coleoptera|Scarabaeidae|Holotrichia|longipennis,Asynaptic Sex Chromosomes,Heterogametic,XY,18
Animalia,Insecta,Coleoptera,Scarabaeidae,Holotrichia,problematica,Animalia|Insecta|Coleoptera|Scarabaeidae|Holotrichia|problematica,Asynaptic Sex Chromosomes,Heterogametic,XY,20
Animalia,Insecta,Coleoptera,Scarabaeidae,Holotrichia,serrata,Animalia|Insecta|Coleoptera|Scarabaeidae|Holotrichia|serrata,Asynaptic Sex Chromosomes,Heterogametic,XY,20
Animalia,Insecta,Coleoptera,Scarabaeidae,Homaloplia,ruricola,Animalia|Insecta|Coleoptera|Scarabaeidae|Homaloplia|ruricola,Asynaptic Sex Chromosomes,Heterogametic,XY,20
Animalia,Insecta,Coleoptera,Scarabaeidae,Isocopris,inhiatus,Animalia|Insecta|Coleoptera|Scarabaeidae|Isocopris|inhiatus,Asynaptic Sex Chromosomes,Heterogametic,XY,18
Animalia,Insecta,Coleoptera,Scarabaeidae,Lachnosterna,longipennis,Animalia|Insecta|Coleoptera|Scarabaeidae|Lachnosterna|longipennis,Asynaptic Sex Chromosomes,Heterogametic,XY,20
Animalia,Insecta,Coleoptera,Scarabaeidae,Ligyrodes,relictus,Animalia|Insecta|Coleoptera|Scarabaeidae|Ligyrodes|relictus,Asynaptic Sex Chromosomes,Heterogametic,XY,20
Animalia,Insecta,Coleoptera,Scarabaeidae,Ligyrus,cuniculus,Animalia|Insecta|Coleoptera|Scarabaeidae|Ligyrus|cuniculus,Asynaptic Sex Chromosomes,Heterogametic,XY,20
Animalia,Insecta,Coleoptera,Scarabaeidae,Ligyrus,gibbosus,Animalia|Insecta|Coleoptera|Scarabaeidae|Ligyrus|gibbosus,Asynaptic Sex Chromosomes,Heterogametic,XY,20
Animalia,Insecta,Coleoptera,Scarabaeidae,Lygirus,ebenus,Animalia|Insecta|Coleoptera|Scarabaeidae|Lygirus|ebenus,Asynaptic Sex Chromosomes,Heterogametic,XY,20
Animalia,Insecta,Coleoptera,Scarabaeidae,Macraspis,dichroa,Animalia|Insecta|Coleoptera|Scarabaeidae|Macraspis|dichroa,Asynaptic Sex Chromosomes,Heterogametic,XY,18
Animalia,Insecta,Coleoptera,Scarabaeidae,Macraspis,festiva,Animalia|Insecta|Coleoptera|Scarabaeidae|Macraspis|festiva,Asynaptic Sex Chromosomes,Heterogametic,XY,18
Animalia,Insecta,Coleoptera,Scarabaeidae,Macraspis,tristis,Animalia|Insecta|Coleoptera|Scarabaeidae|Macraspis|tristis,Asynaptic Sex Chromosomes,Heterogametic,XY,18
Animalia,Insecta,Coleoptera,Scarabaeidae,Maladera,alcocki,Animalia|Insecta|Coleoptera|Scarabaeidae|Maladera|alcocki,Asynaptic Sex Chromosomes,Heterogametic,XY,20
Animalia,Insecta,Coleoptera,Scarabaeidae,Malagoniella,aff,Animalia|Insecta|Coleoptera|Scarabaeidae|Malagoniella|aff,Asynaptic Sex Chromosomes,Heterogametic,XY,20
Animalia,Insecta,Coleoptera,Scarabaeidae,Mecynorrhina,polyphemus,Animalia|Insecta|Coleoptera|Scarabaeidae|Mecynorrhina|polyphemus,Asynaptic Sex Chromosomes,Heterogametic,XY,20
Animalia,Insecta,Coleoptera,Scarabaeidae,Mecynorrhina,torquata,Animalia|Insecta|Coleoptera|Scarabaeidae|Mecynorrhina|torquata,Asynaptic Sex Chromosomes,Heterogametic,XY,20
Animalia,Insecta,Coleoptera,Scarabaeidae,Megalorrhina,harrisi,Animalia|Insecta|Coleoptera|Scarabaeidae|Megalorrhina|harrisi,Asynaptic Sex Chromosomes,Heterogametic,XY,20
Animalia,Insecta,Coleoptera,Scarabaeidae,Megasoma,actaeon,Animalia|Insecta|Coleoptera|Scarabaeidae|Megasoma|actaeon,Asynaptic Sex Chromosomes,Heterogametic,XY,20
Animalia,Insecta,Coleoptera,Scarabaeidae,Melolontha,fuscotestacea,Animalia|Insecta|Coleoptera|Scarabaeidae|Melolontha|fuscotestacea,Asynaptic Sex Chromosomes,Heterogametic,XY,20
Animalia,Insecta,Coleoptera,Scarabaeidae,Microcopris,doriae,Animalia|Insecta|Coleoptera|Scarabaeidae|Microcopris|doriae,Asynaptic Sex Chromosomes,Heterogametic,XY,20
Animalia,Insecta,Coleoptera,Scarabaeidae,Microcopris,hidakai,Animalia|Insecta|Coleoptera|Scarabaeidae|Microcopris|hidakai,Asynaptic Sex Chromosomes,Heterogametic,XY,20
Animalia,Insecta,Coleoptera,Scarabaeidae,Mimela,glabra,Animalia|Insecta|Coleoptera|Scarabaeidae|Mimela|glabra,Asynaptic Sex Chromosomes,Heterogametic,XY,20
Animalia,Insecta,Coleoptera,Scarabaeidae,Mimela,sp.,Animalia|Insecta|Coleoptera|Scarabaeidae|Mimela|sp.,Asynaptic Sex Chromosomes,Heterogametic,XY,20
Animalia,Insecta,Coleoptera,Scarabaeidae,Oniticellus,pallipes,Animalia|Insecta|Coleoptera|Scarabaeidae|Oniticellus|pallipes,Asynaptic Sex Chromosomes,Heterogametic,XY,20
Animalia,Insecta,Coleoptera,Scarabaeidae,Onitis,crassus,Animalia|Insecta|Coleoptera|Scarabaeidae|Onitis|crassus,Asynaptic Sex Chromosomes,Heterogametic,XY,20
Animalia,Insecta,Coleoptera,Scarabaeidae,Onitis,philemon,Animalia|Insecta|Coleoptera|Scarabaeidae|Onitis|philemon,Asynaptic Sex Chromosomes,Heterogametic,XY,20
Animalia,Insecta,Coleoptera,Scarabaeidae,Ontherus,appendiculatus,Animalia|Insecta|Coleoptera|Scarabaeidae|Ontherus|appendiculatus,Asynaptic Sex Chromosomes,Heterogametic,XY,20
Animalia,Insecta,Coleoptera,Scarabaeidae,Ontherus,sulcator,Animalia|Insecta|Coleoptera|Scarabaeidae|Ontherus|sulcator,Asynaptic Sex Chromosomes,Heterogametic,XY,20
Animalia,Insecta,Coleoptera,Scarabaeidae,Onthophagus,bifasciatus,Animalia|Insecta|Coleoptera|Scarabaeidae|Onthophagus|bifasciatus,Asynaptic Sex Chromosomes,Heterogametic,XY,20
Animalia,Insecta,Coleoptera,Scarabaeidae,Onthophagus,bosus,Animalia|Insecta|Coleoptera|Scarabaeidae|Onthophagus|bosus,Asynaptic Sex Chromosomes,Heterogametic,XY,20
Animalia,Insecta,Coleoptera,Scarabaeidae,Onthophagus,catta,Animalia|Insecta|Coleoptera|Scarabaeidae|Onthophagus|catta,Asynaptic Sex Chromosomes,Heterogametic,XY,20
Animalia,Insecta,Coleoptera,Scarabaeidae,Onthophagus,crassus,Animalia|Insecta|Coleoptera|Scarabaeidae|Onthophagus|crassus,Asynaptic Sex Chromosomes,Heterogametic,XY,20
Animalia,Insecta,Coleoptera,Scarabaeidae,Onthophagus,dama,Animalia|Insecta|Coleoptera|Scarabaeidae|Onthophagus|dama,Asynaptic Sex Chromosomes,Heterogametic,XY,20
Animalia,Insecta,Coleoptera,Scarabaeidae,Onthophagus,fasciatus,Animalia|Insecta|Coleoptera|Scarabaeidae|Onthophagus|fasciatus,Asynaptic Sex Chromosomes,Heterogametic,XY,20
Animalia,Insecta,Coleoptera,Scarabaeidae,Onthophagus,gazelle,Animalia|Insecta|Coleoptera|Scarabaeidae|Onthophagus|gazelle,Asynaptic Sex Chromosomes,Heterogametic,XY,20
Animalia,Insecta,Coleoptera,Scarabaeidae,Onthophagus,hecate,Animalia|Insecta|Coleoptera|Scarabaeidae|Onthophagus|hecate,Asynaptic Sex Chromosomes,Heterogametic,XY,20
Animalia,Insecta,Coleoptera,Scarabaeidae,Onthophagus,hirculus,Animalia|Insecta|Coleoptera|Scarabaeidae|Onthophagus|hirculus,Asynaptic Sex Chromosomes,Heterogametic,XY,20
Animalia,Insecta,Coleoptera,Scarabaeidae,Onthophagus,marginicollis,Animalia|Insecta|Coleoptera|Scarabaeidae|Onthophagus|marginicollis,Asynaptic Sex Chromosomes,Heterogametic,XY,20
Animalia,Insecta,Coleoptera,Scarabaeidae,Onthophagus,mopsus,Animalia|Insecta|Coleoptera|Scarabaeidae|Onthophagus|mopsus,Asynaptic Sex Chromosomes,Heterogametic,XY,20
Animalia,Insecta,Coleoptera,Scarabaeidae,Onthophagus,pacificus,Animalia|Insecta|Coleoptera|Scarabaeidae|Onthophagus|pacificus,Asynaptic Sex Chromosomes,Heterogametic,XY,20
Animalia,Insecta,Coleoptera,Scarabaeidae,Onthophagus,pennsylvanicus,Animalia|Insecta|Coleoptera|Scarabaeidae|Onthophagus|pennsylvanicus,Asynaptic Sex Chromosomes,Heterogametic,XY,20
Animalia,Insecta,Coleoptera,Scarabaeidae,Onthophagus,quadridens,Animalia|Insecta|Coleoptera|Scarabaeidae|Onthophagus|quadridens,Asynaptic Sex Chromosomes,Heterogametic,XY,20
Animalia,Insecta,Coleoptera,Scarabaeidae,Onthophagus,quaestus,Animalia|Insecta|Coleoptera|Scarabaeidae|Onthophagus|quaestus,Asynaptic Sex Chromosomes,Heterogametic,XY,20
Animalia,Insecta,Coleoptera,Scarabaeidae,Onthophagus,ramosellus,Animalia|Insecta|Coleoptera|Scarabaeidae|Onthophagus|ramosellus,Asynaptic Sex Chromosomes,Heterogametic,XY,20
Animalia,Insecta,Coleoptera,Scarabaeidae,Onthophagus,rufescens,Animalia|Insecta|Coleoptera|Scarabaeidae|Onthophagus|rufescens,Asynaptic Sex Chromosomes,Heterogametic,XY,20
Animalia,Insecta,Coleoptera,Scarabaeidae,Onthophagus,sp.,Animalia|Insecta|Coleoptera|Scarabaeidae|Onthophagus|sp.,Asynaptic Sex Chromosomes,Heterogametic,XY,18
Animalia,Insecta,Coleoptera,Scarabaeidae,Onthophagus,stratocirrus,Animalia|Insecta|Coleoptera|Scarabaeidae|Onthophagus|stratocirrus,Asynaptic Sex Chromosomes,Heterogametic,XY,20
Animalia,Insecta,Coleoptera,Scarabaeidae,Onthophagus,taurus,Animalia|Insecta|Coleoptera|Scarabaeidae|Onthophagus|taurus,Asynaptic Sex Chromosomes,Heterogametic,XY,20
Animalia,Insecta,Coleoptera,Scarabaeidae,Onthophagus,unifasciatus,Animalia|Insecta|Coleoptera|Scarabaeidae|Onthophagus|unifasciatus,Asynaptic Sex Chromosomes,Heterogametic,XY,20
Animalia,Insecta,Coleoptera,Scarabaeidae,Orizabus,cultripes,Animalia|Insecta|Coleoptera|Scarabaeidae|Orizabus|cultripes,Asynaptic Sex Chromosomes,Heterogametic,XY,18
Animalia,Insecta,Coleoptera,Scarabaeidae,Orphnus,impressus,Animalia|Insecta|Coleoptera|Scarabaeidae|Orphnus|impressus,Asynaptic Sex Chromosomes,Heterogametic,XY,20
Animalia,Insecta,Coleoptera,Scarabaeidae,Orphnus,mysoriensis,Animalia|Insecta|Coleoptera|Scarabaeidae|Orphnus|mysoriensis,Asynaptic Sex Chromosomes,Heterogametic,XY,20
Animalia,Insecta,Coleoptera,Scarabaeidae,Oryctes,rhinoceros,Animalia|Insecta|Coleoptera|Scarabaeidae|Oryctes|rhinoceros,Asynaptic Sex Chromosomes,Heterogametic,XY,20
Animalia,Insecta,Coleoptera,Scarabaeidae,Oryctes,sicornis,Animalia|Insecta|Coleoptera|Scarabaeidae|Oryctes|sicornis,Asynaptic Sex Chromosomes,Heterogametic,XY,18
Animalia,Insecta,Coleoptera,Scarabaeidae,Paracopris,ramosiceps,Animalia|Insecta|Coleoptera|Scarabaeidae|Paracopris|ramosiceps,Asynaptic Sex Chromosomes,Heterogametic,XY,18
Animalia,Insecta,Coleoptera,Scarabaeidae,Paragymnopleurus,sinuatus,Animalia|Insecta|Coleoptera|Scarabaeidae|Paragymnopleurus|sinuatus,Asynaptic Sex Chromosomes,Heterogametic,XY,18
Animalia,Insecta,Coleoptera,Scarabaeidae,Pelidnota,pallidipennis,Animalia|Insecta|Coleoptera|Scarabaeidae|Pelidnota|pallidipennis,Asynaptic Sex Chromosomes,Heterogametic,XY,20
Animalia,Insecta,Coleoptera,Scarabaeidae,Pelidnota,sumptuosa,Animalia|Insecta|Coleoptera|Scarabaeidae|Pelidnota|sumptuosa,Asynaptic Sex Chromosomes,Heterogametic,XY,20
Animalia,Insecta,Coleoptera,Scarabaeidae,Pentodon,bispinifrons,Animalia|Insecta|Coleoptera|Scarabaeidae|Pentodon|bispinifrons,Asynaptic Sex Chromosomes,Heterogametic,XY,20
Animalia,Insecta,Coleoptera,Scarabaeidae,Phalops,divisus,Animalia|Insecta|Coleoptera|Scarabaeidae|Phalops|divisus,Asynaptic Sex Chromosomes,Heterogametic,XY,20
Animalia,Insecta,Coleoptera,Scarabaeidae,Phalops,olivaceous,Animalia|Insecta|Coleoptera|Scarabaeidae|Phalops|olivaceous,Asynaptic Sex Chromosomes,Heterogametic,XY,20
Animalia,Insecta,Coleoptera,Scarabaeidae,Phanaeus,aff,Animalia|Insecta|Coleoptera|Scarabaeidae|Phanaeus|aff,Asynaptic Sex Chromosomes,Heterogametic,XY,14
Animalia,Insecta,Coleoptera,Scarabaeidae,Phanaeus,splendidulus,Animalia|Insecta|Coleoptera|Scarabaeidae|Phanaeus|splendidulus,Asynaptic Sex Chromosomes,Heterogametic,XY,20
Animalia,Insecta,Coleoptera,Scarabaeidae,Phileurus,valgus,Animalia|Insecta|Coleoptera|Scarabaeidae|Phileurus|valgus,Asynaptic Sex Chromosomes,Heterogametic,XY,20
Animalia,Insecta,Coleoptera,Scarabaeidae,Phyllognathus,dionysius,Animalia|Insecta|Coleoptera|Scarabaeidae|Phyllognathus|dionysius,Asynaptic Sex Chromosomes,Heterogametic,XY,20
Animalia,Insecta,Coleoptera,Scarabaeidae,Plaesiorrhinella,watkinsia,Animalia|Insecta|Coleoptera|Scarabaeidae|Plaesiorrhinella|watkinsia,Asynaptic Sex Chromosomes,Heterogametic,XY,20
Animalia,Insecta,Coleoptera,Scarabaeidae,Psammodius,oregonesis,Animalia|Insecta|Coleoptera|Scarabaeidae|Psammodius|oregonesis,Asynaptic Sex Chromosomes,Heterogametic,XY,20
Animalia,Insecta,Coleoptera,Scarabaeidae,Rhamphorrhina,bertolonii,Animalia|Insecta|Coleoptera|Scarabaeidae|Rhamphorrhina|bertolonii,Asynaptic Sex Chromosomes,Heterogametic,XY,20
Animalia,Insecta,Coleoptera,Scarabaeidae,Rhinyptia,indica,Animalia|Insecta|Coleoptera|Scarabaeidae|Rhinyptia|indica,Asynaptic Sex Chromosomes,Heterogametic,XY,20
Animalia,Insecta,Coleoptera,Scarabaeidae,Scarabaeidae,nr.,Animalia|Insecta|Coleoptera|Scarabaeidae|Scarabaeidae|nr.,Asynaptic Sex Chromosomes,Heterogametic,XY,20
Animalia,Insecta,Coleoptera,Scarabaeidae,Scarabaeus,cristatus,Animalia|Insecta|Coleoptera|Scarabaeidae|Scarabaeus|cristatus,Asynaptic Sex Chromosomes,Heterogametic,XY,20
Animalia,Insecta,Coleoptera,Scarabaeidae,Scarabaeus,laticollis,Animalia|Insecta|Coleoptera|Scarabaeidae|Scarabaeus|laticollis,Asynaptic Sex Chromosomes,Heterogametic,XY,20
Animalia,Insecta,Coleoptera,Scarabaeidae,Scarabaeus,sacer,Animalia|Insecta|Coleoptera|Scarabaeidae|Scarabaeus|sacer,Asynaptic Sex Chromosomes,Heterogametic,XY,20
Animalia,Insecta,Coleoptera,Scarabaeidae,Scarabaeus,semipunctatus,Animalia|Insecta|Coleoptera|Scarabaeidae|Scarabaeus|semipunctatus,Asynaptic Sex Chromosomes,Heterogametic,XY,20
Animalia,Insecta,Coleoptera,Scarabaeidae,Schizonycha,fuscescens,Animalia|Insecta|Coleoptera|Scarabaeidae|Schizonycha|fuscescens,Asynaptic Sex Chromosomes,Heterogametic,XY,20
Animalia,Insecta,Coleoptera,Scarabaeidae,Schizonycha,ruficollis,Animalia|Insecta|Coleoptera|Scarabaeidae|Schizonycha|ruficollis,Asynaptic Sex Chromosomes,Heterogametic,XY,22
Animalia,Insecta,Coleoptera,Scarabaeidae,Serica,assamensis,Animalia|Insecta|Coleoptera|Scarabaeidae|Serica|assamensis,Asynaptic Sex Chromosomes,Heterogametic,XY,20
Animalia,Insecta,Coleoptera,Scarabaeidae,Serica,falli,Animalia|Insecta|Coleoptera|Scarabaeidae|Serica|falli,Asynaptic Sex Chromosomes,Heterogametic,XY,20
Animalia,Insecta,Coleoptera,Scarabaeidae,Serica,sericea,Animalia|Insecta|Coleoptera|Scarabaeidae|Serica|sericea,Asynaptic Sex Chromosomes,Heterogametic,XY,20
Animalia,Insecta,Coleoptera,Scarabaeidae,Serica,tristis,Animalia|Insecta|Coleoptera|Scarabaeidae|Serica|tristis,Asynaptic Sex Chromosomes,Heterogametic,XY,20
Animalia,Insecta,Coleoptera,Scarabaeidae,Serica,umbrinella,Animalia|Insecta|Coleoptera|Scarabaeidae|Serica|umbrinella,Asynaptic Sex Chromosomes,Heterogametic,XY,20
Animalia,Insecta,Coleoptera,Scarabaeidae,Stephanocrates,preussi,Animalia|Insecta|Coleoptera|Scarabaeidae|Stephanocrates|preussi,Asynaptic Sex Chromosomes,Heterogametic,XY,20
Animalia,Insecta,Coleoptera,Scarabaeidae,Stephanorrhina,guttata,Animalia|Insecta|Coleoptera|Scarabaeidae|Stephanorrhina|guttata,Asynaptic Sex Chromosomes,Heterogametic,XY,20
Animalia,Insecta,Coleoptera,Scarabaeidae,Stephanorrhina,princeps,Animalia|Insecta|Coleoptera|Scarabaeidae|Stephanorrhina|princeps,Asynaptic Sex Chromosomes,Heterogametic,XY,20
Animalia,Insecta,Coleoptera,Scarabaeidae,Strategus,surinamensis,Animalia|Insecta|Coleoptera|Scarabaeidae|Strategus|surinamensis,Asynaptic Sex Chromosomes,Heterogametic,XY,20
Animalia,Insecta,Coleoptera,Scarabaeidae,Strategus,syphax,Animalia|Insecta|Coleoptera|Scarabaeidae|Strategus|syphax,Asynaptic Sex Chromosomes,Heterogametic,XY,20
Animalia,Insecta,Coleoptera,Scarabaeidae,Tiniocellus,spinipes,Animalia|Insecta|Coleoptera|Scarabaeidae|Tiniocellus|spinipes,Asynaptic Sex Chromosomes,Heterogametic,XY,24
Animalia,Insecta,Coleoptera,Scarabaeidae,Trichiotinus,assimilis,Animalia|Insecta|Coleoptera|Scarabaeidae|Trichiotinus|assimilis,Asynaptic Sex Chromosomes,Heterogametic,XY,20
Animalia,Insecta,Coleoptera,Scarabaeidae,Trypocopris,pyreeus,Animalia|Insecta|Coleoptera|Scarabaeidae|Trypocopris|pyreeus,Asynaptic Sex Chromosomes,Heterogametic,XY,20
Animalia,Insecta,Coleoptera,Scarabaeidae,Typhaeus,typhoeus,Animalia|Insecta|Coleoptera|Scarabaeidae|Typhaeus|typhoeus,Asynaptic Sex Chromosomes,Heterogametic,XY,20
Animalia,Insecta,Coleoptera,Scolytidae,Blastophagus,minor,Animalia|Insecta|Coleoptera|Scolytidae|Blastophagus|minor,Asynaptic Sex Chromosomes,Heterogametic,XY,30
Animalia,Insecta,Coleoptera,Scolytidae,Blastophagus,pinierda,Animalia|Insecta|Coleoptera|Scolytidae|Blastophagus|pinierda,Asynaptic Sex Chromosomes,Heterogametic,XY,26
Animalia,Insecta,Coleoptera,Scolytidae,Cryphalus,abietis,Animalia|Insecta|Coleoptera|Scolytidae|Cryphalus|abietis,Asynaptic Sex Chromosomes,Heterogametic,XY,26
Animalia,Insecta,Coleoptera,Scolytidae,Cryphalus,piceae,Animalia|Insecta|Coleoptera|Scolytidae|Cryphalus|piceae,Asynaptic Sex Chromosomes,Heterogametic,XY,26
Animalia,Insecta,Coleoptera,Scolytidae,Crypturgus,pusillus,Animalia|Insecta|Coleoptera|Scolytidae|Crypturgus|pusillus,Asynaptic Sex Chromosomes,Heterogametic,XY,26
Animalia,Insecta,Coleoptera,Scolytidae,Dendroctonus,mexicanus,Animalia|Insecta|Coleoptera|Scolytidae|Dendroctonus|mexicanus,Asynaptic Sex Chromosomes,Heterogametic,XY,12
Animalia,Insecta,Coleoptera,Scolytidae,Dendroctonus,murrayae,Animalia|Insecta|Coleoptera|Scolytidae|Dendroctonus|murrayae,Asynaptic Sex Chromosomes,Heterogametic,XY,30
Animalia,Insecta,Coleoptera,Scolytidae,Dendroctonus,parallelocollis,Animalia|Insecta|Coleoptera|Scolytidae|Dendroctonus|parallelocollis,Asynaptic Sex Chromosomes,Heterogametic,XY,28
Animalia,Insecta,Coleoptera,Scolytidae,Dendroctonus,pseudotsugae,Animalia|Insecta|Coleoptera|Scolytidae|Dendroctonus|pseudotsugae,Asynaptic Sex Chromosomes,Heterogametic,XY,30
Animalia,Insecta,Coleoptera,Scolytidae,Dendroctonus,punctatus,Animalia|Insecta|Coleoptera|Scolytidae|Dendroctonus|punctatus,Asynaptic Sex Chromosomes,Heterogametic,XY,32
Animalia,Insecta,Coleoptera,Scolytidae,Dendroctonus,rhizophagus,Animalia|Insecta|Coleoptera|Scolytidae|Dendroctonus|rhizophagus,Asynaptic Sex Chromosomes,Heterogametic,XY,28
Animalia,Insecta,Coleoptera,Scolytidae,Dendroctonus,rufipennis,Animalia|Insecta|Coleoptera|Scolytidae|Dendroctonus|rufipennis,Asynaptic Sex Chromosomes,Heterogametic,XY,30
Animalia,Insecta,Coleoptera,Scolytidae,Dendroctonus,simplex,Animalia|Insecta|Coleoptera|Scolytidae|Dendroctonus|simplex,Asynaptic Sex Chromosomes,Heterogametic,XY,30
Animalia,Insecta,Coleoptera,Scolytidae,Dendroctonus,terebrans,Animalia|Insecta|Coleoptera|Scolytidae|Dendroctonus|terebrans,Asynaptic Sex Chromosomes,Heterogametic,XY,26
Animalia,Insecta,Coleoptera,Scolytidae,Dendroctonus,valens,Animalia|Insecta|Coleoptera|Scolytidae|Dendroctonus|valens,Asynaptic Sex Chromosomes,Heterogametic,XY,28
Animalia,Insecta,Coleoptera,Scolytidae,Dryocoetes,affaber,Animalia|Insecta|Coleoptera|Scolytidae|Dryocoetes|affaber,Asynaptic Sex Chromosomes,Heterogametic,XY,28
Animalia,Insecta,Coleoptera,Scolytidae,Dryocoetes,autographus,Animalia|Insecta|Coleoptera|Scolytidae|Dryocoetes|autographus,Asynaptic Sex Chromosomes,Heterogametic,XY,28
Animalia,Insecta,Coleoptera,Scolytidae,Hylastes,angustatus,Animalia|Insecta|Coleoptera|Scolytidae|Hylastes|angustatus,Asynaptic Sex Chromosomes,Heterogametic,XY,26
Animalia,Insecta,Coleoptera,Scolytidae,Hylastes,ater,Animalia|Insecta|Coleoptera|Scolytidae|Hylastes|ater,Asynaptic Sex Chromosomes,Heterogametic,XY,26
Animalia,Insecta,Coleoptera,Scolytidae,Hylastes,cunicularius,Animalia|Insecta|Coleoptera|Scolytidae|Hylastes|cunicularius,Asynaptic Sex Chromosomes,Heterogametic,XY,26
Animalia,Insecta,Coleoptera,Scolytidae,Hylastes,varius,Animalia|Insecta|Coleoptera|Scolytidae|Hylastes|varius,Asynaptic Sex Chromosomes,Heterogametic,XY,26
Animalia,Insecta,Coleoptera,Scolytidae,Hylurgops,glabratus,Animalia|Insecta|Coleoptera|Scolytidae|Hylurgops|glabratus,Asynaptic Sex Chromosomes,Heterogametic,XY,26
Animalia,Insecta,Coleoptera,Scolytidae,Hylurgops,palliatus,Animalia|Insecta|Coleoptera|Scolytidae|Hylurgops|palliatus,Asynaptic Sex Chromosomes,Heterogametic,XY,26
Animalia,Insecta,Coleoptera,Scolytidae,Hylurgops,pinifex,Animalia|Insecta|Coleoptera|Scolytidae|Hylurgops|pinifex,Asynaptic Sex Chromosomes,Heterogametic,XY,30
Animalia,Insecta,Coleoptera,Scolytidae,Ips,acumitus,Animalia|Insecta|Coleoptera|Scolytidae|Ips|acumitus,Asynaptic Sex Chromosomes,Heterogametic,XY,16
Animalia,Insecta,Coleoptera,Scolytidae,Ips,avulsus,Animalia|Insecta|Coleoptera|Scolytidae|Ips|avulsus,Asynaptic Sex Chromosomes,Heterogametic,XY,32
Animalia,Insecta,Coleoptera,Scolytidae,Ips,bonseai,Animalia|Insecta|Coleoptera|Scolytidae|Ips|bonseai,Asynaptic Sex Chromosomes,Heterogametic,XY,32
Animalia,Insecta,Coleoptera,Scolytidae,Ips,borealis,Animalia|Insecta|Coleoptera|Scolytidae|Ips|borealis,Asynaptic Sex Chromosomes,Heterogametic,XY,32
Animalia,Insecta,Coleoptera,Scolytidae,Ips,calligraphus,Animalia|Insecta|Coleoptera|Scolytidae|Ips|calligraphus,Asynaptic Sex Chromosomes,Heterogametic,XY,32
Animalia,Insecta,Coleoptera,Scolytidae,Ips,chagnoni,Animalia|Insecta|Coleoptera|Scolytidae|Ips|chagnoni,Asynaptic Sex Chromosomes,Heterogametic,XY,32
Animalia,Insecta,Coleoptera,Scolytidae,Ips,concinnus,Animalia|Insecta|Coleoptera|Scolytidae|Ips|concinnus,Asynaptic Sex Chromosomes,Heterogametic,XY,16
Animalia,Insecta,Coleoptera,Scolytidae,Ips,confusus,Animalia|Insecta|Coleoptera|Scolytidae|Ips|confusus,Asynaptic Sex Chromosomes,Heterogametic,XY,32
Animalia,Insecta,Coleoptera,Scolytidae,Ips,cribricollis,Animalia|Insecta|Coleoptera|Scolytidae|Ips|cribricollis,Asynaptic Sex Chromosomes,Heterogametic,XY,32
Animalia,Insecta,Coleoptera,Scolytidae,Ips,emargitus,Animalia|Insecta|Coleoptera|Scolytidae|Ips|emargitus,Asynaptic Sex Chromosomes,Heterogametic,XY,32
Animalia,Insecta,Coleoptera,Scolytidae,Ips,hoppingi,Animalia|Insecta|Coleoptera|Scolytidae|Ips|hoppingi,Asynaptic Sex Chromosomes,Heterogametic,XY,32
Animalia,Insecta,Coleoptera,Scolytidae,Ips,hunteri,Animalia|Insecta|Coleoptera|Scolytidae|Ips|hunteri,Asynaptic Sex Chromosomes,Heterogametic,XY,32
Animalia,Insecta,Coleoptera,Scolytidae,Ips,integer,Animalia|Insecta|Coleoptera|Scolytidae|Ips|integer,Asynaptic Sex Chromosomes,Heterogametic,XY,32
Animalia,Insecta,Coleoptera,Scolytidae,Ips,interstitialis,Animalia|Insecta|Coleoptera|Scolytidae|Ips|interstitialis,Asynaptic Sex Chromosomes,Heterogametic,XY,32
Animalia,Insecta,Coleoptera,Scolytidae,Ips,kusi,Animalia|Insecta|Coleoptera|Scolytidae|Ips|kusi,Asynaptic Sex Chromosomes,Heterogametic,XY,32
Animalia,Insecta,Coleoptera,Scolytidae,Ips,latidens,Animalia|Insecta|Coleoptera|Scolytidae|Ips|latidens,Asynaptic Sex Chromosomes,Heterogametic,XY,20
Animalia,Insecta,Coleoptera,Scolytidae,Ips,lecontei,Animalia|Insecta|Coleoptera|Scolytidae|Ips|lecontei,Asynaptic Sex Chromosomes,Heterogametic,XY,32
Animalia,Insecta,Coleoptera,Scolytidae,Ips,mexicanus,Animalia|Insecta|Coleoptera|Scolytidae|Ips|mexicanus,Asynaptic Sex Chromosomes,Heterogametic,XY,16
Animalia,Insecta,Coleoptera,Scolytidae,Ips,montanus,Animalia|Insecta|Coleoptera|Scolytidae|Ips|montanus,Asynaptic Sex Chromosomes,Heterogametic,XY,32
Animalia,Insecta,Coleoptera,Scolytidae,Ips,paraconfusus,Animalia|Insecta|Coleoptera|Scolytidae|Ips|paraconfusus,Asynaptic Sex Chromosomes,Heterogametic,XY,32
Animalia,Insecta,Coleoptera,Scolytidae,Ips,perroti,Animalia|Insecta|Coleoptera|Scolytidae|Ips|perroti,Asynaptic Sex Chromosomes,Heterogametic,XY,32
Animalia,Insecta,Coleoptera,Scolytidae,Ips,pertubatus,Animalia|Insecta|Coleoptera|Scolytidae|Ips|pertubatus,Asynaptic Sex Chromosomes,Heterogametic,XY,32
Animalia,Insecta,Coleoptera,Scolytidae,Ips,pilifrons,Animalia|Insecta|Coleoptera|Scolytidae|Ips|pilifrons,Asynaptic Sex Chromosomes,Heterogametic,XY,32
Animalia,Insecta,Coleoptera,Scolytidae,Ips,pini,Animalia|Insecta|Coleoptera|Scolytidae|Ips|pini,Asynaptic Sex Chromosomes,Heterogametic,XY,32
Animalia,Insecta,Coleoptera,Scolytidae,Ips,plastographus,Animalia|Insecta|Coleoptera|Scolytidae|Ips|plastographus,Asynaptic Sex Chromosomes,Heterogametic,XY,32
Animalia,Insecta,Coleoptera,Scolytidae,Ips,sexdentatus,Animalia|Insecta|Coleoptera|Scolytidae|Ips|sexdentatus,Asynaptic Sex Chromosomes,Heterogametic,XY,26
Animalia,Insecta,Coleoptera,Scolytidae,Ips,spinifer,Animalia|Insecta|Coleoptera|Scolytidae|Ips|spinifer,Asynaptic Sex Chromosomes,Heterogametic,XY,20
Animalia,Insecta,Coleoptera,Scolytidae,Ips,tridens,Animalia|Insecta|Coleoptera|Scolytidae|Ips|tridens,Asynaptic Sex Chromosomes,Heterogametic,XY,32
Animalia,Insecta,Coleoptera,Scolytidae,Ips,typographus,Animalia|Insecta|Coleoptera|Scolytidae|Ips|typographus,Asynaptic Sex Chromosomes,Heterogametic,XY,30
Animalia,Insecta,Coleoptera,Scolytidae,Ips,woodi,Animalia|Insecta|Coleoptera|Scolytidae|Ips|woodi,Asynaptic Sex Chromosomes,Heterogametic,XY,32
Animalia,Insecta,Coleoptera,Scolytidae,Leperisinus,pruinosis,Animalia|Insecta|Coleoptera|Scolytidae|Leperisinus|pruinosis,Asynaptic Sex Chromosomes,Heterogametic,XY,26
Animalia,Insecta,Coleoptera,Scolytidae,Orthotomicus,caelatus,Animalia|Insecta|Coleoptera|Scolytidae|Orthotomicus|caelatus,Asynaptic Sex Chromosomes,Heterogametic,XY,22
Animalia,Insecta,Coleoptera,Scolytidae,Orthotomicus,erosus,Animalia|Insecta|Coleoptera|Scolytidae|Orthotomicus|erosus,Asynaptic Sex Chromosomes,Heterogametic,XY,16
Animalia,Insecta,Coleoptera,Scolytidae,Orthotomicus,laricis,Animalia|Insecta|Coleoptera|Scolytidae|Orthotomicus|laricis,Asynaptic Sex Chromosomes,Heterogametic,XY,16
Animalia,Insecta,Coleoptera,Scolytidae,Orthotomicus,proximus,Animalia|Insecta|Coleoptera|Scolytidae|Orthotomicus|proximus,Asynaptic Sex Chromosomes,Heterogametic,XY,14
Animalia,Insecta,Coleoptera,Scolytidae,Orthotomicus,sabiniae,Animalia|Insecta|Coleoptera|Scolytidae|Orthotomicus|sabiniae,Asynaptic Sex Chromosomes,Heterogametic,XY,NA
Animalia,Insecta,Coleoptera,Scolytidae,Orthotomicus,suturalis,Animalia|Insecta|Coleoptera|Scolytidae|Orthotomicus|suturalis,Asynaptic Sex Chromosomes,Heterogametic,XY,16
Animalia,Insecta,Coleoptera,Scolytidae,Pityogenes,bidentatus,Animalia|Insecta|Coleoptera|Scolytidae|Pityogenes|bidentatus,Asynaptic Sex Chromosomes,Heterogametic,XY,16
Animalia,Insecta,Coleoptera,Scolytidae,Pityogenes,chalcographus,Animalia|Insecta|Coleoptera|Scolytidae|Pityogenes|chalcographus,Asynaptic Sex Chromosomes,Heterogametic,XY,20
Animalia,Insecta,Coleoptera,Scolytidae,Pityogenes,crannulatus,Animalia|Insecta|Coleoptera|Scolytidae|Pityogenes|crannulatus,Asynaptic Sex Chromosomes,Heterogametic,XY,18
Animalia,Insecta,Coleoptera,Scolytidae,Pityogenes,fossifrons,Animalia|Insecta|Coleoptera|Scolytidae|Pityogenes|fossifrons,Asynaptic Sex Chromosomes,Heterogametic,NA,20
Animalia,Insecta,Coleoptera,Scolytidae,Pityogenes,hopkinsi,Animalia|Insecta|Coleoptera|Scolytidae|Pityogenes|hopkinsi,Asynaptic Sex Chromosomes,Heterogametic,XY,20
Animalia,Insecta,Coleoptera,Scolytidae,Pityogenes,knechteli,Animalia|Insecta|Coleoptera|Scolytidae|Pityogenes|knechteli,Asynaptic Sex Chromosomes,Heterogametic,XY,20
Animalia,Insecta,Coleoptera,Scolytidae,Pityogenes,quadridens,Animalia|Insecta|Coleoptera|Scolytidae|Pityogenes|quadridens,Asynaptic Sex Chromosomes,Heterogametic,XY,16
Animalia,Insecta,Coleoptera,Scolytidae,Pityokteines,ortus,Animalia|Insecta|Coleoptera|Scolytidae|Pityokteines|ortus,Asynaptic Sex Chromosomes,Heterogametic,XY,18
Animalia,Insecta,Coleoptera,Scolytidae,Pityphthorus,lichtensteini,Animalia|Insecta|Coleoptera|Scolytidae|Pityphthorus|lichtensteini,Asynaptic Sex Chromosomes,Heterogametic,XY,26
Animalia,Insecta,Coleoptera,Scolytidae,Polygraphus,grandiclava,Animalia|Insecta|Coleoptera|Scolytidae|Polygraphus|grandiclava,Asynaptic Sex Chromosomes,Heterogametic,XY,16
Animalia,Insecta,Coleoptera,Scolytidae,Polygraphus,poligraphus,Animalia|Insecta|Coleoptera|Scolytidae|Polygraphus|poligraphus,Asynaptic Sex Chromosomes,Heterogametic,XY,16
Animalia,Insecta,Coleoptera,Scolytidae,Polygraphus,rugipennis,Animalia|Insecta|Coleoptera|Scolytidae|Polygraphus|rugipennis,Asynaptic Sex Chromosomes,Heterogametic,XY,12
Animalia,Insecta,Coleoptera,Scolytidae,Polygraphus,subopacus,Animalia|Insecta|Coleoptera|Scolytidae|Polygraphus|subopacus,Asynaptic Sex Chromosomes,Heterogametic,XY,16
Animalia,Insecta,Coleoptera,Scolytidae,Scolytus,dahuricus,Animalia|Insecta|Coleoptera|Scolytidae|Scolytus|dahuricus,Asynaptic Sex Chromosomes,Heterogametic,XY,22
Animalia,Insecta,Coleoptera,Scolytidae,Scolytus,mali,Animalia|Insecta|Coleoptera|Scolytidae|Scolytus|mali,Asynaptic Sex Chromosomes,Heterogametic,XY,16
Animalia,Insecta,Coleoptera,Scolytidae,Scolytus,multistriatus,Animalia|Insecta|Coleoptera|Scolytidae|Scolytus|multistriatus,Asynaptic Sex Chromosomes,Heterogametic,XY,12
Animalia,Insecta,Coleoptera,Scolytidae,Scolytus,ratzeburgi,Animalia|Insecta|Coleoptera|Scolytidae|Scolytus|ratzeburgi,Asynaptic Sex Chromosomes,Heterogametic,XY,16
Animalia,Insecta,Coleoptera,Scolytidae,Scolytus,rugulosus,Animalia|Insecta|Coleoptera|Scolytidae|Scolytus|rugulosus,Asynaptic Sex Chromosomes,Heterogametic,XY,16
Animalia,Insecta,Coleoptera,Scolytidae,Trypodendron,lineatum,Animalia|Insecta|Coleoptera|Scolytidae|Trypodendron|lineatum,Asynaptic Sex Chromosomes,Heterogametic,XY,26
Animalia,Insecta,Coleoptera,Silphidae,Phosphuga,atrata,Animalia|Insecta|Coleoptera|Silphidae|Phosphuga|atrata,Asynaptic Sex Chromosomes,Heterogametic,XY,34
Animalia,Insecta,Coleoptera,Silphidae,Silpha,noveboracensis,Animalia|Insecta|Coleoptera|Silphidae|Silpha|noveboracensis,Asynaptic Sex Chromosomes,Heterogametic,XY,26
Animalia,Insecta,Coleoptera,Silphidae,Silpha,surinamensis,Animalia|Insecta|Coleoptera|Silphidae|Silpha|surinamensis,Asynaptic Sex Chromosomes,Heterogametic,XY,26
Animalia,Insecta,Coleoptera,Silphidae,Thanatophilus,sinuatus,Animalia|Insecta|Coleoptera|Silphidae|Thanatophilus|sinuatus,Asynaptic Sex Chromosomes,Heterogametic,XY,26
Animalia,Insecta,Coleoptera,Silvanidae,Ahasverus,adve,Animalia|Insecta|Coleoptera|Silvanidae|Ahasverus|adve,Asynaptic Sex Chromosomes,Heterogametic,XY,18
Animalia,Insecta,Coleoptera,Silvanidae,Oryzaephilus,mercator,Animalia|Insecta|Coleoptera|Silvanidae|Oryzaephilus|mercator,Asynaptic Sex Chromosomes,Heterogametic,XY,18
Animalia,Insecta,Coleoptera,Silvanidae,Oryzaephilus,surinamensis,Animalia|Insecta|Coleoptera|Silvanidae|Oryzaephilus|surinamensis,Asynaptic Sex Chromosomes,Heterogametic,XY,18
Animalia,Insecta,Coleoptera,Staphylinidae,Batrisodes,globosus,Animalia|Insecta|Coleoptera|Staphylinidae|Batrisodes|globosus,Asynaptic Sex Chromosomes,Heterogametic,XY,28
Animalia,Insecta,Coleoptera,Staphylinidae,Creophilus,maxillosus,Animalia|Insecta|Coleoptera|Staphylinidae|Creophilus|maxillosus,Asynaptic Sex Chromosomes,Heterogametic,XY,40
Animalia,Insecta,Coleoptera,Staphylinidae,Cryptobium,bernhaueri,Animalia|Insecta|Coleoptera|Staphylinidae|Cryptobium|bernhaueri,Asynaptic Sex Chromosomes,Heterogametic,XY,30
Animalia,Insecta,Coleoptera,Staphylinidae,Indoscitalinus,achoreta,Animalia|Insecta|Coleoptera|Staphylinidae|Indoscitalinus|achoreta,Asynaptic Sex Chromosomes,Heterogametic,XY,28
Animalia,Insecta,Coleoptera,Staphylinidae,Nudobius,cephalus,Animalia|Insecta|Coleoptera|Staphylinidae|Nudobius|cephalus,Asynaptic Sex Chromosomes,Heterogametic,XY,28
Animalia,Insecta,Coleoptera,Staphylinidae,Ontholestes,cingulatus,Animalia|Insecta|Coleoptera|Staphylinidae|Ontholestes|cingulatus,Asynaptic Sex Chromosomes,Heterogametic,XY,26
Animalia,Insecta,Coleoptera,Staphylinidae,Osorius,punctipennis,Animalia|Insecta|Coleoptera|Staphylinidae|Osorius|punctipennis,Asynaptic Sex Chromosomes,Heterogametic,XY,32
Animalia,Insecta,Coleoptera,Staphylinidae,Philonthus,fuscipennis,Animalia|Insecta|Coleoptera|Staphylinidae|Philonthus|fuscipennis,Asynaptic Sex Chromosomes,Heterogametic,XY,24
Animalia,Insecta,Coleoptera,Staphylinidae,Philonthus,idiocerus,Animalia|Insecta|Coleoptera|Staphylinidae|Philonthus|idiocerus,Asynaptic Sex Chromosomes,Heterogametic,XY,36
Animalia,Insecta,Coleoptera,Staphylinidae,Philonthus,intermedius,Animalia|Insecta|Coleoptera|Staphylinidae|Philonthus|intermedius,Asynaptic Sex Chromosomes,Heterogametic,XY,56
Animalia,Insecta,Coleoptera,Staphylinidae,Philonthus,politus,Animalia|Insecta|Coleoptera|Staphylinidae|Philonthus|politus,Asynaptic Sex Chromosomes,Heterogametic,XY,40
Animalia,Insecta,Coleoptera,Staphylinidae,Pselaphus,fustifer,Animalia|Insecta|Coleoptera|Staphylinidae|Pselaphus|fustifer,Asynaptic Sex Chromosomes,Heterogametic,XY,30
Animalia,Insecta,Coleoptera,Staphylinidae,Staphylinus,sp.,Animalia|Insecta|Coleoptera|Staphylinidae|Staphylinus|sp.,Asynaptic Sex Chromosomes,Heterogametic,XY,40
Animalia,Insecta,Coleoptera,Stenotrachelidae,Cephaloon,lepturides,Animalia|Insecta|Coleoptera|Stenotrachelidae|Cephaloon|lepturides,Asynaptic Sex Chromosomes,Heterogametic,XY,18
Animalia,Insecta,Coleoptera,Tenebrionidae,Adesmia,biskrensis,Animalia|Insecta|Coleoptera|Tenebrionidae|Adesmia|biskrensis,Asynaptic Sex Chromosomes,Heterogametic,XY,18
Animalia,Insecta,Coleoptera,Tenebrionidae,Adesmia,cancellata,Animalia|Insecta|Coleoptera|Tenebrionidae|Adesmia|cancellata,Asynaptic Sex Chromosomes,Heterogametic,XY,20
Animalia,Insecta,Coleoptera,Tenebrionidae,Adesmia,metallica,Animalia|Insecta|Coleoptera|Tenebrionidae|Adesmia|metallica,Asynaptic Sex Chromosomes,Heterogametic,XY,18
Animalia,Insecta,Coleoptera,Tenebrionidae,Aemymone,cariosa,Animalia|Insecta|Coleoptera|Tenebrionidae|Aemymone|cariosa,Asynaptic Sex Chromosomes,Heterogametic,XY,18
Animalia,Insecta,Coleoptera,Tenebrionidae,Agapanthia,korostelevi,Animalia|Insecta|Coleoptera|Tenebrionidae|Agapanthia|korostelevi,Asynaptic Sex Chromosomes,Heterogametic,XY,20
Animalia,Insecta,Coleoptera,Tenebrionidae,Agapanthia,walteri,Animalia|Insecta|Coleoptera|Tenebrionidae|Agapanthia|walteri,Asynaptic Sex Chromosomes,Heterogametic,XY,20
Animalia,Insecta,Coleoptera,Tenebrionidae,Alobates,pennsylvanica,Animalia|Insecta|Coleoptera|Tenebrionidae|Alobates|pennsylvanica,Asynaptic Sex Chromosomes,Heterogametic,XY,20
Animalia,Insecta,Coleoptera,Tenebrionidae,Alphasida,depressa,Animalia|Insecta|Coleoptera|Tenebrionidae|Alphasida|depressa,Asynaptic Sex Chromosomes,Heterogametic,XY,20
Animalia,Insecta,Coleoptera,Tenebrionidae,Alphasida,sp.,Animalia|Insecta|Coleoptera|Tenebrionidae|Alphasida|sp.,Asynaptic Sex Chromosomes,Heterogametic,XY,18
Animalia,Insecta,Coleoptera,Tenebrionidae,Alphitobius,pliceus,Animalia|Insecta|Coleoptera|Tenebrionidae|Alphitobius|pliceus,Asynaptic Sex Chromosomes,Heterogametic,XY,20
Animalia,Insecta,Coleoptera,Tenebrionidae,Alphitobius,sp.,Animalia|Insecta|Coleoptera|Tenebrionidae|Alphitobius|sp.,Asynaptic Sex Chromosomes,Heterogametic,XY,20
Animalia,Insecta,Coleoptera,Tenebrionidae,Ammobius,rufus,Animalia|Insecta|Coleoptera|Tenebrionidae|Ammobius|rufus,Asynaptic Sex Chromosomes,Heterogametic,XY,20
Animalia,Insecta,Coleoptera,Tenebrionidae,Arthrodeis,curtus,Animalia|Insecta|Coleoptera|Tenebrionidae|Arthrodeis|curtus,Asynaptic Sex Chromosomes,Heterogametic,XY,20
Animalia,Insecta,Coleoptera,Tenebrionidae,Arthrodeis,inflatus,Animalia|Insecta|Coleoptera|Tenebrionidae|Arthrodeis|inflatus,Asynaptic Sex Chromosomes,Heterogametic,XY,20
Animalia,Insecta,Coleoptera,Tenebrionidae,Arthrodeis,punctulatus,Animalia|Insecta|Coleoptera|Tenebrionidae|Arthrodeis|punctulatus,Asynaptic Sex Chromosomes,Heterogametic,XY,20
Animalia,Insecta,Coleoptera,Tenebrionidae,Asida,cardoe,Animalia|Insecta|Coleoptera|Tenebrionidae|Asida|cardoe,Asynaptic Sex Chromosomes,Heterogametic,XY,20
Animalia,Insecta,Coleoptera,Tenebrionidae,Asida,glacialis,Animalia|Insecta|Coleoptera|Tenebrionidae|Asida|glacialis,Asynaptic Sex Chromosomes,Heterogametic,XY,20
Animalia,Insecta,Coleoptera,Tenebrionidae,Asida,jurinei,Animalia|Insecta|Coleoptera|Tenebrionidae|Asida|jurinei,Asynaptic Sex Chromosomes,Heterogametic,XY,20
Animalia,Insecta,Coleoptera,Tenebrionidae,Asida,maraguesi,Animalia|Insecta|Coleoptera|Tenebrionidae|Asida|maraguesi,Asynaptic Sex Chromosomes,Heterogametic,XY,20
Animalia,Insecta,Coleoptera,Tenebrionidae,Asida,planipennis,Animalia|Insecta|Coleoptera|Tenebrionidae|Asida|planipennis,Asynaptic Sex Chromosomes,Heterogametic,XY,20
Animalia,Insecta,Coleoptera,Tenebrionidae,Blaps,cribosa,Animalia|Insecta|Coleoptera|Tenebrionidae|Blaps|cribosa,Achiasmatic Meiosis,Heterogametic,NA,28
Animalia,Insecta,Coleoptera,Tenebrionidae,Blaps,mucoronata,Animalia|Insecta|Coleoptera|Tenebrionidae|Blaps|mucoronata,Achiasmatic Meiosis,Heterogametic,NA,NA
Animalia,Insecta,Coleoptera,Tenebrionidae,Blapstinus,sp.,Animalia|Insecta|Coleoptera|Tenebrionidae|Blapstinus|sp.,Asynaptic Sex Chromosomes,Heterogametic,XY,20
Animalia,Insecta,Coleoptera,Tenebrionidae,Clitobius,ovatus,Animalia|Insecta|Coleoptera|Tenebrionidae|Clitobius|ovatus,Asynaptic Sex Chromosomes,Heterogametic,XY,20
Animalia,Insecta,Coleoptera,Tenebrionidae,Cossyphus,depressus,Animalia|Insecta|Coleoptera|Tenebrionidae|Cossyphus|depressus,Asynaptic Sex Chromosomes,Heterogametic,XY,18
Animalia,Insecta,Coleoptera,Tenebrionidae,Cryptycus,gibbulus,Animalia|Insecta|Coleoptera|Tenebrionidae|Cryptycus|gibbulus,Asynaptic Sex Chromosomes,Heterogametic,XY,20
Animalia,Insecta,Coleoptera,Tenebrionidae,Cynaeus,angustus,Animalia|Insecta|Coleoptera|Tenebrionidae|Cynaeus|angustus,Asynaptic Sex Chromosomes,Heterogametic,XY,20
Animalia,Insecta,Coleoptera,Tenebrionidae,Dailognatha,pumila,Animalia|Insecta|Coleoptera|Tenebrionidae|Dailognatha|pumila,Asynaptic Sex Chromosomes,Heterogametic,XY,20
Animalia,Insecta,Coleoptera,Tenebrionidae,Derosphaerus,cribum,Animalia|Insecta|Coleoptera|Tenebrionidae|Derosphaerus|cribum,Asynaptic Sex Chromosomes,Heterogametic,XY,20
Animalia,Insecta,Coleoptera,Tenebrionidae,Diastolinus,fortipes,Animalia|Insecta|Coleoptera|Tenebrionidae|Diastolinus|fortipes,Asynaptic Sex Chromosomes,Heterogametic,XY,26
Animalia,Insecta,Coleoptera,Tenebrionidae,Elenophorus,collaris,Animalia|Insecta|Coleoptera|Tenebrionidae|Elenophorus|collaris,Asynaptic Sex Chromosomes,Heterogametic,XY,26
Animalia,Insecta,Coleoptera,Tenebrionidae,Erodius,emondi,Animalia|Insecta|Coleoptera|Tenebrionidae|Erodius|emondi,Asynaptic Sex Chromosomes,Heterogametic,XY,20
Animalia,Insecta,Coleoptera,Tenebrionidae,Erodius,exilipes,Animalia|Insecta|Coleoptera|Tenebrionidae|Erodius|exilipes,Asynaptic Sex Chromosomes,Heterogametic,XY,20
Animalia,Insecta,Coleoptera,Tenebrionidae,Erodius,lefranci,Animalia|Insecta|Coleoptera|Tenebrionidae|Erodius|lefranci,Asynaptic Sex Chromosomes,Heterogametic,XY,20
Animalia,Insecta,Coleoptera,Tenebrionidae,Erodius,nitidicollis,Animalia|Insecta|Coleoptera|Tenebrionidae|Erodius|nitidicollis,Asynaptic Sex Chromosomes,Heterogametic,XY,20
Animalia,Insecta,Coleoptera,Tenebrionidae,Erodius,orientalis,Animalia|Insecta|Coleoptera|Tenebrionidae|Erodius|orientalis,Asynaptic Sex Chromosomes,Heterogametic,XY,20
Animalia,Insecta,Coleoptera,Tenebrionidae,Eulabris,sp.,Animalia|Insecta|Coleoptera|Tenebrionidae|Eulabris|sp.,Asynaptic Sex Chromosomes,Heterogametic,XY,20
Animalia,Insecta,Coleoptera,Tenebrionidae,Glabrasida,goudoti,Animalia|Insecta|Coleoptera|Tenebrionidae|Glabrasida|goudoti,Asynaptic Sex Chromosomes,Heterogametic,XY,20
Animalia,Insecta,Coleoptera,Tenebrionidae,Glabrasida,melillense,Animalia|Insecta|Coleoptera|Tenebrionidae|Glabrasida|melillense,Asynaptic Sex Chromosomes,Heterogametic,XY,18
Animalia,Insecta,Coleoptera,Tenebrionidae,Glabrasida,zapateri,Animalia|Insecta|Coleoptera|Tenebrionidae|Glabrasida|zapateri,Asynaptic Sex Chromosomes,Heterogametic,XY,20
Animalia,Insecta,Coleoptera,Tenebrionidae,Gnathocerus,cornutus,Animalia|Insecta|Coleoptera|Tenebrionidae|Gnathocerus|cornutus,Asynaptic Sex Chromosomes,Heterogametic,XY,20
Animalia,Insecta,Coleoptera,Tenebrionidae,Gnathocerus,maxillosus,Animalia|Insecta|Coleoptera|Tenebrionidae|Gnathocerus|maxillosus,Asynaptic Sex Chromosomes,Heterogametic,XY,20
Animalia,Insecta,Coleoptera,Tenebrionidae,Gonocephalum,bilineatum,Animalia|Insecta|Coleoptera|Tenebrionidae|Gonocephalum|bilineatum,Asynaptic Sex Chromosomes,Heterogametic,XY,20
Animalia,Insecta,Coleoptera,Tenebrionidae,Gonocephalum,depressum,Animalia|Insecta|Coleoptera|Tenebrionidae|Gonocephalum|depressum,Asynaptic Sex Chromosomes,Heterogametic,XY,20
Animalia,Insecta,Coleoptera,Tenebrionidae,Gonocephalum,dorsogranosum,Animalia|Insecta|Coleoptera|Tenebrionidae|Gonocephalum|dorsogranosum,Asynaptic Sex Chromosomes,Heterogametic,XY,20
Animalia,Insecta,Coleoptera,Tenebrionidae,Gonocephalum,elongatum,Animalia|Insecta|Coleoptera|Tenebrionidae|Gonocephalum|elongatum,Asynaptic Sex Chromosomes,Heterogametic,XY,20
Animalia,Insecta,Coleoptera,Tenebrionidae,Gonocephalum,hoffmannseggi,Animalia|Insecta|Coleoptera|Tenebrionidae|Gonocephalum|hoffmannseggi,Asynaptic Sex Chromosomes,Heterogametic,XY,20
Animalia,Insecta,Coleoptera,Tenebrionidae,Gonocephalum,oblongum,Animalia|Insecta|Coleoptera|Tenebrionidae|Gonocephalum|oblongum,Asynaptic Sex Chromosomes,Heterogametic,XY,20
Animalia,Insecta,Coleoptera,Tenebrionidae,Gonocephalum,patruele,Animalia|Insecta|Coleoptera|Tenebrionidae|Gonocephalum|patruele,Asynaptic Sex Chromosomes,Heterogametic,XY,20
Animalia,Insecta,Coleoptera,Tenebrionidae,Gonocephalum,rusticum,Animalia|Insecta|Coleoptera|Tenebrionidae|Gonocephalum|rusticum,Asynaptic Sex Chromosomes,Heterogametic,XY,20
Animalia,Insecta,Coleoptera,Tenebrionidae,Gonocephalum,sp.,Animalia|Insecta|Coleoptera|Tenebrionidae|Gonocephalum|sp.,Asynaptic Sex Chromosomes,Heterogametic,XY,20
Animalia,Insecta,Coleoptera,Tenebrionidae,Gonocephalum,vagum,Animalia|Insecta|Coleoptera|Tenebrionidae|Gonocephalum|vagum,Asynaptic Sex Chromosomes,Heterogametic,XY,20
Animalia,Insecta,Coleoptera,Tenebrionidae,Hegeter,amaroides,Animalia|Insecta|Coleoptera|Tenebrionidae|Hegeter|amaroides,Asynaptic Sex Chromosomes,Heterogametic,XY,20
Animalia,Insecta,Coleoptera,Tenebrionidae,Hegeter,brevicollis,Animalia|Insecta|Coleoptera|Tenebrionidae|Hegeter|brevicollis,Asynaptic Sex Chromosomes,Heterogametic,XY,20
Animalia,Insecta,Coleoptera,Tenebrionidae,Hegeter,costipennis,Animalia|Insecta|Coleoptera|Tenebrionidae|Hegeter|costipennis,Asynaptic Sex Chromosomes,Heterogametic,XY,20
Animalia,Insecta,Coleoptera,Tenebrionidae,Hegeter,fernandezi,Animalia|Insecta|Coleoptera|Tenebrionidae|Hegeter|fernandezi,Asynaptic Sex Chromosomes,Heterogametic,XY,20
Animalia,Insecta,Coleoptera,Tenebrionidae,Hegeter,grancanariensis,Animalia|Insecta|Coleoptera|Tenebrionidae|Hegeter|grancanariensis,Asynaptic Sex Chromosomes,Heterogametic,XY,20
Animalia,Insecta,Coleoptera,Tenebrionidae,Hegeter,lateralis,Animalia|Insecta|Coleoptera|Tenebrionidae|Hegeter|lateralis,Asynaptic Sex Chromosomes,Heterogametic,XY,20
Animalia,Insecta,Coleoptera,Tenebrionidae,Hegeter,politus,Animalia|Insecta|Coleoptera|Tenebrionidae|Hegeter|politus,Asynaptic Sex Chromosomes,Heterogametic,XY,20
Animalia,Insecta,Coleoptera,Tenebrionidae,Hegeter,tenuipunctatus,Animalia|Insecta|Coleoptera|Tenebrionidae|Hegeter|tenuipunctatus,Asynaptic Sex Chromosomes,Heterogametic,XY,20
Animalia,Insecta,Coleoptera,Tenebrionidae,Hegeter,transversus,Animalia|Insecta|Coleoptera|Tenebrionidae|Hegeter|transversus,Asynaptic Sex Chromosomes,Heterogametic,XY,20
Animalia,Insecta,Coleoptera,Tenebrionidae,Hegeter,tristis,Animalia|Insecta|Coleoptera|Tenebrionidae|Hegeter|tristis,Asynaptic Sex Chromosomes,Heterogametic,XY,20
Animalia,Insecta,Coleoptera,Tenebrionidae,Himatismus,fasciculatus,Animalia|Insecta|Coleoptera|Tenebrionidae|Himatismus|fasciculatus,Asynaptic Sex Chromosomes,Heterogametic,XY,20
Animalia,Insecta,Coleoptera,Tenebrionidae,Hoplobrachium,asperipenne,Animalia|Insecta|Coleoptera|Tenebrionidae|Hoplobrachium|asperipenne,Asynaptic Sex Chromosomes,Heterogametic,XY,22
Animalia,Insecta,Coleoptera,Tenebrionidae,Hoplobrachium,dentipes,Animalia|Insecta|Coleoptera|Tenebrionidae|Hoplobrachium|dentipes,Asynaptic Sex Chromosomes,Heterogametic,XY,22
Animalia,Insecta,Coleoptera,Tenebrionidae,Hylocrinua,sp.,Animalia|Insecta|Coleoptera|Tenebrionidae|Hylocrinua|sp.,Asynaptic Sex Chromosomes,Heterogametic,XY,20
Animalia,Insecta,Coleoptera,Tenebrionidae,Isocerus,balearicus,Animalia|Insecta|Coleoptera|Tenebrionidae|Isocerus|balearicus,Asynaptic Sex Chromosomes,Heterogametic,XY,20
Animalia,Insecta,Coleoptera,Tenebrionidae,Isomira,quadrastriata,Animalia|Insecta|Coleoptera|Tenebrionidae|Isomira|quadrastriata,Asynaptic Sex Chromosomes,Heterogametic,XY,20
Animalia,Insecta,Coleoptera,Tenebrionidae,Isomira,sp.,Animalia|Insecta|Coleoptera|Tenebrionidae|Isomira|sp.,Asynaptic Sex Chromosomes,Heterogametic,XY,20
Animalia,Insecta,Coleoptera,Tenebrionidae,Isomira,variabilis,Animalia|Insecta|Coleoptera|Tenebrionidae|Isomira|variabilis,Asynaptic Sex Chromosomes,Heterogametic,XY,14
Animalia,Insecta,Coleoptera,Tenebrionidae,Laena,reitteri,Animalia|Insecta|Coleoptera|Tenebrionidae|Laena|reitteri,Asynaptic Sex Chromosomes,Heterogametic,XY,18
Animalia,Insecta,Coleoptera,Tenebrionidae,Latheticus,oryzae,Animalia|Insecta|Coleoptera|Tenebrionidae|Latheticus|oryzae,Asynaptic Sex Chromosomes,Heterogametic,XY,20
Animalia,Insecta,Coleoptera,Tenebrionidae,Leptonychus,curvicornis,Animalia|Insecta|Coleoptera|Tenebrionidae|Leptonychus|curvicornis,Asynaptic Sex Chromosomes,Heterogametic,XY,20
Animalia,Insecta,Coleoptera,Tenebrionidae,Melanochrus,blairi,Animalia|Insecta|Coleoptera|Tenebrionidae|Melanochrus|blairi,Asynaptic Sex Chromosomes,Heterogametic,XY,20
Animalia,Insecta,Coleoptera,Tenebrionidae,Melanochrus,lacordairei,Animalia|Insecta|Coleoptera|Tenebrionidae|Melanochrus|lacordairei,Asynaptic Sex Chromosomes,Heterogametic,XY,20
Animalia,Insecta,Coleoptera,Tenebrionidae,Mesostema,angustata,Animalia|Insecta|Coleoptera|Tenebrionidae|Mesostema|angustata,Asynaptic Sex Chromosomes,Heterogametic,XY,20
Animalia,Insecta,Coleoptera,Tenebrionidae,Mesostema,lineatopunctata,Animalia|Insecta|Coleoptera|Tenebrionidae|Mesostema|lineatopunctata,Asynaptic Sex Chromosomes,Heterogametic,XY,20
Animalia,Insecta,Coleoptera,Tenebrionidae,Misolampus,goudoti,Animalia|Insecta|Coleoptera|Tenebrionidae|Misolampus|goudoti,Asynaptic Sex Chromosomes,Heterogametic,XY,20
Animalia,Insecta,Coleoptera,Tenebrionidae,Misolampus,subglaber,Animalia|Insecta|Coleoptera|Tenebrionidae|Misolampus|subglaber,Asynaptic Sex Chromosomes,Heterogametic,XY,20
Animalia,Insecta,Coleoptera,Tenebrionidae,Nalassus,bozdagus,Animalia|Insecta|Coleoptera|Tenebrionidae|Nalassus|bozdagus,Asynaptic Sex Chromosomes,Heterogametic,XY,20
Animalia,Insecta,Coleoptera,Tenebrionidae,Nalassus,plebejus,Animalia|Insecta|Coleoptera|Tenebrionidae|Nalassus|plebejus,Asynaptic Sex Chromosomes,Heterogametic,XY,20
Animalia,Insecta,Coleoptera,Tenebrionidae,Nesotes,conformis,Animalia|Insecta|Coleoptera|Tenebrionidae|Nesotes|conformis,Asynaptic Sex Chromosomes,Heterogametic,XY,20
Animalia,Insecta,Coleoptera,Tenebrionidae,Nesotes,gomerensis,Animalia|Insecta|Coleoptera|Tenebrionidae|Nesotes|gomerensis,Asynaptic Sex Chromosomes,Heterogametic,XY,20
Animalia,Insecta,Coleoptera,Tenebrionidae,Nesotes,picescens,Animalia|Insecta|Coleoptera|Tenebrionidae|Nesotes|picescens,Asynaptic Sex Chromosomes,Heterogametic,XY,20
Animalia,Insecta,Coleoptera,Tenebrionidae,Nesotes,porrectus,Animalia|Insecta|Coleoptera|Tenebrionidae|Nesotes|porrectus,Asynaptic Sex Chromosomes,Heterogametic,XY,20
Animalia,Insecta,Coleoptera,Tenebrionidae,Nesotes,viridicollis,Animalia|Insecta|Coleoptera|Tenebrionidae|Nesotes|viridicollis,Asynaptic Sex Chromosomes,Heterogametic,XY,20
Animalia,Insecta,Coleoptera,Tenebrionidae,Nyctelia,rugosa,Animalia|Insecta|Coleoptera|Tenebrionidae|Nyctelia|rugosa,Asynaptic Sex Chromosomes,Heterogametic,XY,18
Animalia,Insecta,Coleoptera,Tenebrionidae,Nyctelia,sp.,Animalia|Insecta|Coleoptera|Tenebrionidae|Nyctelia|sp.,Asynaptic Sex Chromosomes,Heterogametic,XY,18
Animalia,Insecta,Coleoptera,Tenebrionidae,Opatrinus,aciculatus,Animalia|Insecta|Coleoptera|Tenebrionidae|Opatrinus|aciculatus,Asynaptic Sex Chromosomes,Heterogametic,XY,20
Animalia,Insecta,Coleoptera,Tenebrionidae,Opatrinus,validus,Animalia|Insecta|Coleoptera|Tenebrionidae|Opatrinus|validus,Asynaptic Sex Chromosomes,Heterogametic,XY,20
Animalia,Insecta,Coleoptera,Tenebrionidae,Opatroides,vicinus,Animalia|Insecta|Coleoptera|Tenebrionidae|Opatroides|vicinus,Asynaptic Sex Chromosomes,Heterogametic,XY,20
Animalia,Insecta,Coleoptera,Tenebrionidae,Oxycara,mellyi,Animalia|Insecta|Coleoptera|Tenebrionidae|Oxycara|mellyi,Asynaptic Sex Chromosomes,Heterogametic,XY,20
Animalia,Insecta,Coleoptera,Tenebrionidae,Oxycarops,fuscipes,Animalia|Insecta|Coleoptera|Tenebrionidae|Oxycarops|fuscipes,Asynaptic Sex Chromosomes,Heterogametic,XY,22
Animalia,Insecta,Coleoptera,Tenebrionidae,Pachycera,buprestroides,Animalia|Insecta|Coleoptera|Tenebrionidae|Pachycera|buprestroides,Asynaptic Sex Chromosomes,Heterogametic,XY,20
Animalia,Insecta,Coleoptera,Tenebrionidae,Pachychila,dejeani,Animalia|Insecta|Coleoptera|Tenebrionidae|Pachychila|dejeani,Asynaptic Sex Chromosomes,Heterogametic,XY,20
Animalia,Insecta,Coleoptera,Tenebrionidae,Pachychila,frioli,Animalia|Insecta|Coleoptera|Tenebrionidae|Pachychila|frioli,Asynaptic Sex Chromosomes,Heterogametic,XY,20
Animalia,Insecta,Coleoptera,Tenebrionidae,Pachychila,germari,Animalia|Insecta|Coleoptera|Tenebrionidae|Pachychila|germari,Asynaptic Sex Chromosomes,Heterogametic,XY,20
Animalia,Insecta,Coleoptera,Tenebrionidae,Pachychila,subluta,Animalia|Insecta|Coleoptera|Tenebrionidae|Pachychila|subluta,Asynaptic Sex Chromosomes,Heterogametic,XY,20
Animalia,Insecta,Coleoptera,Tenebrionidae,Pachyscelis,musiva,Animalia|Insecta|Coleoptera|Tenebrionidae|Pachyscelis|musiva,Asynaptic Sex Chromosomes,Heterogametic,XY,18
Animalia,Insecta,Coleoptera,Tenebrionidae,Paivaea,hispida,Animalia|Insecta|Coleoptera|Tenebrionidae|Paivaea|hispida,Asynaptic Sex Chromosomes,Heterogametic,XY,20
Animalia,Insecta,Coleoptera,Tenebrionidae,Palembus,dermestoides,Animalia|Insecta|Coleoptera|Tenebrionidae|Palembus|dermestoides,Asynaptic Sex Chromosomes,Heterogametic,XY,20
Animalia,Insecta,Coleoptera,Tenebrionidae,Palorus,subdepressus,Animalia|Insecta|Coleoptera|Tenebrionidae|Palorus|subdepressus,Asynaptic Sex Chromosomes,Heterogametic,XY,20
Animalia,Insecta,Coleoptera,Tenebrionidae,Phaleria,acumita,Animalia|Insecta|Coleoptera|Tenebrionidae|Phaleria|acumita,Asynaptic Sex Chromosomes,Heterogametic,XY,20
Animalia,Insecta,Coleoptera,Tenebrionidae,Phaleria,variabilis,Animalia|Insecta|Coleoptera|Tenebrionidae|Phaleria|variabilis,Asynaptic Sex Chromosomes,Heterogametic,XY,20
Animalia,Insecta,Coleoptera,Tenebrionidae,Phylan,abbreviatus,Animalia|Insecta|Coleoptera|Tenebrionidae|Phylan|abbreviatus,Asynaptic Sex Chromosomes,Heterogametic,XY,20
Animalia,Insecta,Coleoptera,Tenebrionidae,Phylan,gibbulus,Animalia|Insecta|Coleoptera|Tenebrionidae|Phylan|gibbulus,Asynaptic Sex Chromosomes,Heterogametic,XY,20
Animalia,Insecta,Coleoptera,Tenebrionidae,Phylan,mediterraneus,Animalia|Insecta|Coleoptera|Tenebrionidae|Phylan|mediterraneus,Asynaptic Sex Chromosomes,Heterogametic,XY,20
Animalia,Insecta,Coleoptera,Tenebrionidae,Phylan,nitidicollis,Animalia|Insecta|Coleoptera|Tenebrionidae|Phylan|nitidicollis,Asynaptic Sex Chromosomes,Heterogametic,XY,26
Animalia,Insecta,Coleoptera,Tenebrionidae,Phylan,obesus,Animalia|Insecta|Coleoptera|Tenebrionidae|Phylan|obesus,Asynaptic Sex Chromosomes,Heterogametic,XY,20
Animalia,Insecta,Coleoptera,Tenebrionidae,Phylan,semicostatus,Animalia|Insecta|Coleoptera|Tenebrionidae|Phylan|semicostatus,Asynaptic Sex Chromosomes,Heterogametic,XY,26
Animalia,Insecta,Coleoptera,Tenebrionidae,Pimelia,angulata,Animalia|Insecta|Coleoptera|Tenebrionidae|Pimelia|angulata,Asynaptic Sex Chromosomes,Heterogametic,XY,18
Animalia,Insecta,Coleoptera,Tenebrionidae,Pimelia,aracea,Animalia|Insecta|Coleoptera|Tenebrionidae|Pimelia|aracea,Asynaptic Sex Chromosomes,Heterogametic,XY,18
Animalia,Insecta,Coleoptera,Tenebrionidae,Pimelia,ascendens,Animalia|Insecta|Coleoptera|Tenebrionidae|Pimelia|ascendens,Asynaptic Sex Chromosomes,Heterogametic,XY,18
Animalia,Insecta,Coleoptera,Tenebrionidae,Pimelia,atlantis,Animalia|Insecta|Coleoptera|Tenebrionidae|Pimelia|atlantis,Asynaptic Sex Chromosomes,Heterogametic,XY,18
Animalia,Insecta,Coleoptera,Tenebrionidae,Pimelia,baetica,Animalia|Insecta|Coleoptera|Tenebrionidae|Pimelia|baetica,Asynaptic Sex Chromosomes,Heterogametic,XY,18
Animalia,Insecta,Coleoptera,Tenebrionidae,Pimelia,bipunctata,Animalia|Insecta|Coleoptera|Tenebrionidae|Pimelia|bipunctata,Asynaptic Sex Chromosomes,Heterogametic,XY,18
Animalia,Insecta,Coleoptera,Tenebrionidae,Pimelia,boyeri,Animalia|Insecta|Coleoptera|Tenebrionidae|Pimelia|boyeri,Asynaptic Sex Chromosomes,Heterogametic,XY,18
Animalia,Insecta,Coleoptera,Tenebrionidae,Pimelia,capito,Animalia|Insecta|Coleoptera|Tenebrionidae|Pimelia|capito,Asynaptic Sex Chromosomes,Heterogametic,XY,18
Animalia,Insecta,Coleoptera,Tenebrionidae,Pimelia,cariensis,Animalia|Insecta|Coleoptera|Tenebrionidae|Pimelia|cariensis,Asynaptic Sex Chromosomes,Heterogametic,XY,18
Animalia,Insecta,Coleoptera,Tenebrionidae,Pimelia,cephalenica,Animalia|Insecta|Coleoptera|Tenebrionidae|Pimelia|cephalenica,Asynaptic Sex Chromosomes,Heterogametic,XY,18
Animalia,Insecta,Coleoptera,Tenebrionidae,Pimelia,costata,Animalia|Insecta|Coleoptera|Tenebrionidae|Pimelia|costata,Asynaptic Sex Chromosomes,Heterogametic,XY,18
Animalia,Insecta,Coleoptera,Tenebrionidae,Pimelia,cribra,Animalia|Insecta|Coleoptera|Tenebrionidae|Pimelia|cribra,Asynaptic Sex Chromosomes,Heterogametic,XY,20
Animalia,Insecta,Coleoptera,Tenebrionidae,Pimelia,echid,Animalia|Insecta|Coleoptera|Tenebrionidae|Pimelia|echid,Asynaptic Sex Chromosomes,Heterogametic,XY,18
Animalia,Insecta,Coleoptera,Tenebrionidae,Pimelia,elevata,Animalia|Insecta|Coleoptera|Tenebrionidae|Pimelia|elevata,Asynaptic Sex Chromosomes,Heterogametic,XY,20
Animalia,Insecta,Coleoptera,Tenebrionidae,Pimelia,estevezi,Animalia|Insecta|Coleoptera|Tenebrionidae|Pimelia|estevezi,Asynaptic Sex Chromosomes,Heterogametic,XY,18
Animalia,Insecta,Coleoptera,Tenebrionidae,Pimelia,ferndez-lopezi,Animalia|Insecta|Coleoptera|Tenebrionidae|Pimelia|ferndez-lopezi,Asynaptic Sex Chromosomes,Heterogametic,XY,18
Animalia,Insecta,Coleoptera,Tenebrionidae,Pimelia,fornicata,Animalia|Insecta|Coleoptera|Tenebrionidae|Pimelia|fornicata,Asynaptic Sex Chromosomes,Heterogametic,XY,18
Animalia,Insecta,Coleoptera,Tenebrionidae,Pimelia,grandis,Animalia|Insecta|Coleoptera|Tenebrionidae|Pimelia|grandis,Asynaptic Sex Chromosomes,Heterogametic,XY,18
Animalia,Insecta,Coleoptera,Tenebrionidae,Pimelia,granulicollis,Animalia|Insecta|Coleoptera|Tenebrionidae|Pimelia|granulicollis,Asynaptic Sex Chromosomes,Heterogametic,XY,18
Animalia,Insecta,Coleoptera,Tenebrionidae,Pimelia,grossa,Animalia|Insecta|Coleoptera|Tenebrionidae|Pimelia|grossa,Asynaptic Sex Chromosomes,Heterogametic,XY,18
Animalia,Insecta,Coleoptera,Tenebrionidae,Pimelia,inexpectata,Animalia|Insecta|Coleoptera|Tenebrionidae|Pimelia|inexpectata,Asynaptic Sex Chromosomes,Heterogametic,XY,18
Animalia,Insecta,Coleoptera,Tenebrionidae,Pimelia,integra,Animalia|Insecta|Coleoptera|Tenebrionidae|Pimelia|integra,Asynaptic Sex Chromosomes,Heterogametic,XY,18
Animalia,Insecta,Coleoptera,Tenebrionidae,Pimelia,interjecta,Animalia|Insecta|Coleoptera|Tenebrionidae|Pimelia|interjecta,Asynaptic Sex Chromosomes,Heterogametic,XY,20
Animalia,Insecta,Coleoptera,Tenebrionidae,Pimelia,interstitialis,Animalia|Insecta|Coleoptera|Tenebrionidae|Pimelia|interstitialis,Asynaptic Sex Chromosomes,Heterogametic,XY,18
Animalia,Insecta,Coleoptera,Tenebrionidae,Pimelia,laevigata,Animalia|Insecta|Coleoptera|Tenebrionidae|Pimelia|laevigata,Asynaptic Sex Chromosomes,Heterogametic,XY,18
Animalia,Insecta,Coleoptera,Tenebrionidae,Pimelia,lutaria,Animalia|Insecta|Coleoptera|Tenebrionidae|Pimelia|lutaria,Asynaptic Sex Chromosomes,Heterogametic,XY,18
Animalia,Insecta,Coleoptera,Tenebrionidae,Pimelia,maura,Animalia|Insecta|Coleoptera|Tenebrionidae|Pimelia|maura,Asynaptic Sex Chromosomes,Heterogametic,XY,18
Animalia,Insecta,Coleoptera,Tenebrionidae,Pimelia,mauritanica,Animalia|Insecta|Coleoptera|Tenebrionidae|Pimelia|mauritanica,Asynaptic Sex Chromosomes,Heterogametic,XY,18
Animalia,Insecta,Coleoptera,Tenebrionidae,Pimelia,modesta,Animalia|Insecta|Coleoptera|Tenebrionidae|Pimelia|modesta,Asynaptic Sex Chromosomes,Heterogametic,XY,18
Animalia,Insecta,Coleoptera,Tenebrionidae,Pimelia,monticola,Animalia|Insecta|Coleoptera|Tenebrionidae|Pimelia|monticola,Asynaptic Sex Chromosomes,Heterogametic,XY,18
Animalia,Insecta,Coleoptera,Tenebrionidae,Pimelia,radula,Animalia|Insecta|Coleoptera|Tenebrionidae|Pimelia|radula,Asynaptic Sex Chromosomes,Heterogametic,XY,18
Animalia,Insecta,Coleoptera,Tenebrionidae,Pimelia,rugosa,Animalia|Insecta|Coleoptera|Tenebrionidae|Pimelia|rugosa,Asynaptic Sex Chromosomes,Heterogametic,XY,18
Animalia,Insecta,Coleoptera,Tenebrionidae,Pimelia,scabricollis,Animalia|Insecta|Coleoptera|Tenebrionidae|Pimelia|scabricollis,Asynaptic Sex Chromosomes,Heterogametic,XY,18
Animalia,Insecta,Coleoptera,Tenebrionidae,Pimelia,scabrosa,Animalia|Insecta|Coleoptera|Tenebrionidae|Pimelia|scabrosa,Asynaptic Sex Chromosomes,Heterogametic,XY,18
Animalia,Insecta,Coleoptera,Tenebrionidae,Pimelia,sericella,Animalia|Insecta|Coleoptera|Tenebrionidae|Pimelia|sericella,Asynaptic Sex Chromosomes,Heterogametic,XY,18
Animalia,Insecta,Coleoptera,Tenebrionidae,Pimelia,servilei,Animalia|Insecta|Coleoptera|Tenebrionidae|Pimelia|servilei,Asynaptic Sex Chromosomes,Heterogametic,XY,18
Animalia,Insecta,Coleoptera,Tenebrionidae,Pimelia,sparsa,Animalia|Insecta|Coleoptera|Tenebrionidae|Pimelia|sparsa,Asynaptic Sex Chromosomes,Heterogametic,XY,18
Animalia,Insecta,Coleoptera,Tenebrionidae,Pimelia,subquadrata,Animalia|Insecta|Coleoptera|Tenebrionidae|Pimelia|subquadrata,Asynaptic Sex Chromosomes,Heterogametic,XY,18
Animalia,Insecta,Coleoptera,Tenebrionidae,Pimelia,variolosa,Animalia|Insecta|Coleoptera|Tenebrionidae|Pimelia|variolosa,Asynaptic Sex Chromosomes,Heterogametic,XY,18
Animalia,Insecta,Coleoptera,Tenebrionidae,Platydema,impressifrons,Animalia|Insecta|Coleoptera|Tenebrionidae|Platydema|impressifrons,Asynaptic Sex Chromosomes,Heterogametic,XY,20
Animalia,Insecta,Coleoptera,Tenebrionidae,Platynotus,excavatus,Animalia|Insecta|Coleoptera|Tenebrionidae|Platynotus|excavatus,Asynaptic Sex Chromosomes,Heterogametic,XY,20
Animalia,Insecta,Coleoptera,Tenebrionidae,Platynotus,punctatipennis,Animalia|Insecta|Coleoptera|Tenebrionidae|Platynotus|punctatipennis,Asynaptic Sex Chromosomes,Heterogametic,XY,20
Animalia,Insecta,Coleoptera,Tenebrionidae,Praocis,compacta,Animalia|Insecta|Coleoptera|Tenebrionidae|Praocis|compacta,Asynaptic Sex Chromosomes,Heterogametic,XY,20
Animalia,Insecta,Coleoptera,Tenebrionidae,Probaticus,ebeninus,Animalia|Insecta|Coleoptera|Tenebrionidae|Probaticus|ebeninus,Asynaptic Sex Chromosomes,Heterogametic,XY,20
Animalia,Insecta,Coleoptera,Tenebrionidae,Pseudoblaps,meteeyi,Animalia|Insecta|Coleoptera|Tenebrionidae|Pseudoblaps|meteeyi,Asynaptic Sex Chromosomes,Heterogametic,XY,20
Animalia,Insecta,Coleoptera,Tenebrionidae,Pseudolamus,seriatoporus,Animalia|Insecta|Coleoptera|Tenebrionidae|Pseudolamus|seriatoporus,Asynaptic Sex Chromosomes,Heterogametic,XY,20
Animalia,Insecta,Coleoptera,Tenebrionidae,Rhytinota,sp.,Animalia|Insecta|Coleoptera|Tenebrionidae|Rhytinota|sp.,Asynaptic Sex Chromosomes,Heterogametic,XY,20
Animalia,Insecta,Coleoptera,Tenebrionidae,Scleron,ganutipenne,Animalia|Insecta|Coleoptera|Tenebrionidae|Scleron|ganutipenne,Asynaptic Sex Chromosomes,Heterogametic,XY,22
Animalia,Insecta,Coleoptera,Tenebrionidae,Scleron,reitteri,Animalia|Insecta|Coleoptera|Tenebrionidae|Scleron|reitteri,Asynaptic Sex Chromosomes,Heterogametic,XY,22
Animalia,Insecta,Coleoptera,Tenebrionidae,Scleron,sp.,Animalia|Insecta|Coleoptera|Tenebrionidae|Scleron|sp.,Asynaptic Sex Chromosomes,Heterogametic,XY,22
Animalia,Insecta,Coleoptera,Tenebrionidae,Scotobius,miliaris,Animalia|Insecta|Coleoptera|Tenebrionidae|Scotobius|miliaris,Asynaptic Sex Chromosomes,Heterogametic,XY,14
Animalia,Insecta,Coleoptera,Tenebrionidae,Scotobius,muricatus,Animalia|Insecta|Coleoptera|Tenebrionidae|Scotobius|muricatus,Asynaptic Sex Chromosomes,Heterogametic,XY,18
Animalia,Insecta,Coleoptera,Tenebrionidae,Sitonaphagus,holoeptoides,Animalia|Insecta|Coleoptera|Tenebrionidae|Sitonaphagus|holoeptoides,Asynaptic Sex Chromosomes,Heterogametic,XY,20
Animalia,Insecta,Coleoptera,Tenebrionidae,Sphaenariopsis,impolita,Animalia|Insecta|Coleoptera|Tenebrionidae|Sphaenariopsis|impolita,Asynaptic Sex Chromosomes,Heterogametic,XY,20
Animalia,Insecta,Coleoptera,Tenebrionidae,Sphaenariopsis,tristis,Animalia|Insecta|Coleoptera|Tenebrionidae|Sphaenariopsis|tristis,Asynaptic Sex Chromosomes,Heterogametic,XY,20
Animalia,Insecta,Coleoptera,Tenebrionidae,Spyrathus,sp.,Animalia|Insecta|Coleoptera|Tenebrionidae|Spyrathus|sp.,Asynaptic Sex Chromosomes,Heterogametic,XY,20
Animalia,Insecta,Coleoptera,Tenebrionidae,Stenosis,intricata,Animalia|Insecta|Coleoptera|Tenebrionidae|Stenosis|intricata,Asynaptic Sex Chromosomes,Heterogametic,XY,20
Animalia,Insecta,Coleoptera,Tenebrionidae,Tenebrio,molitor,Animalia|Insecta|Coleoptera|Tenebrionidae|Tenebrio|molitor,Asynaptic Sex Chromosomes,Heterogametic,XY,20
Animalia,Insecta,Coleoptera,Tenebrionidae,Tenebrio,obscurus,Animalia|Insecta|Coleoptera|Tenebrionidae|Tenebrio|obscurus,Asynaptic Sex Chromosomes,Heterogametic,XY,20
Animalia,Insecta,Coleoptera,Tenebrionidae,Tenebrio,picipes,Animalia|Insecta|Coleoptera|Tenebrionidae|Tenebrio|picipes,Asynaptic Sex Chromosomes,Heterogametic,XY,20
Animalia,Insecta,Coleoptera,Tenebrionidae,Tentyria,grossa,Animalia|Insecta|Coleoptera|Tenebrionidae|Tentyria|grossa,Asynaptic Sex Chromosomes,Heterogametic,XY,20
Animalia,Insecta,Coleoptera,Tenebrionidae,Tentyria,laevis,Animalia|Insecta|Coleoptera|Tenebrionidae|Tentyria|laevis,Asynaptic Sex Chromosomes,Heterogametic,XY,20
Animalia,Insecta,Coleoptera,Tenebrionidae,Tentyria,latreillei,Animalia|Insecta|Coleoptera|Tenebrionidae|Tentyria|latreillei,Asynaptic Sex Chromosomes,Heterogametic,XY,20
Animalia,Insecta,Coleoptera,Tenebrionidae,Tentyria,mucrota,Animalia|Insecta|Coleoptera|Tenebrionidae|Tentyria|mucrota,Asynaptic Sex Chromosomes,Heterogametic,XY,20
Animalia,Insecta,Coleoptera,Tenebrionidae,Tentyria,ophiusae,Animalia|Insecta|Coleoptera|Tenebrionidae|Tentyria|ophiusae,Asynaptic Sex Chromosomes,Heterogametic,XY,20
Animalia,Insecta,Coleoptera,Tenebrionidae,Tentyria,rotunda,Animalia|Insecta|Coleoptera|Tenebrionidae|Tentyria|rotunda,Asynaptic Sex Chromosomes,Heterogametic,XY,20
Animalia,Insecta,Coleoptera,Tenebrionidae,Tentyria,schaumi,Animalia|Insecta|Coleoptera|Tenebrionidae|Tentyria|schaumi,Asynaptic Sex Chromosomes,Heterogametic,XY,20
Animalia,Insecta,Coleoptera,Tenebrionidae,Tentyria,subcosta,Animalia|Insecta|Coleoptera|Tenebrionidae|Tentyria|subcosta,Asynaptic Sex Chromosomes,Heterogametic,XY,20
Animalia,Insecta,Coleoptera,Tenebrionidae,Trachycelis,aphodiodes,Animalia|Insecta|Coleoptera|Tenebrionidae|Trachycelis|aphodiodes,Asynaptic Sex Chromosomes,Heterogametic,XY,22
Animalia,Insecta,Coleoptera,Tenebrionidae,Tribolium,audax,Animalia|Insecta|Coleoptera|Tenebrionidae|Tribolium|audax,Asynaptic Sex Chromosomes,Heterogametic,XY,20
Animalia,Insecta,Coleoptera,Tenebrionidae,Tribolium,castaneum,Animalia|Insecta|Coleoptera|Tenebrionidae|Tribolium|castaneum,Asynaptic Sex Chromosomes,Heterogametic,XY,20
Animalia,Insecta,Coleoptera,Tenebrionidae,Tribolium,freemani,Animalia|Insecta|Coleoptera|Tenebrionidae|Tribolium|freemani,Asynaptic Sex Chromosomes,Heterogametic,XY,20
Animalia,Insecta,Coleoptera,Tenebrionidae,Uloma,impressicollis,Animalia|Insecta|Coleoptera|Tenebrionidae|Uloma|impressicollis,Asynaptic Sex Chromosomes,Heterogametic,XY,20
Animalia,Insecta,Coleoptera,Tenebrionidae,Upis,ceramboides,Animalia|Insecta|Coleoptera|Tenebrionidae|Upis|ceramboides,Asynaptic Sex Chromosomes,Heterogametic,XY,20
Animalia,Insecta,Coleoptera,Tenebrionidae,Uyttenboogaartia,punctipennis,Animalia|Insecta|Coleoptera|Tenebrionidae|Uyttenboogaartia|punctipennis,Asynaptic Sex Chromosomes,Heterogametic,XY,20
Animalia,Insecta,Coleoptera,Tenebrionidae,Zophobas,aff.,Animalia|Insecta|Coleoptera|Tenebrionidae|Zophobas|aff.,Asynaptic Sex Chromosomes,Heterogametic,XY,20
Animalia,Insecta,Coleoptera,Tenebrionidae,Zophosis,bicarinata,Animalia|Insecta|Coleoptera|Tenebrionidae|Zophosis|bicarinata,Asynaptic Sex Chromosomes,Heterogametic,XY,20
Animalia,Insecta,Coleoptera,Torridincolidae,Ytu,zeus,Animalia|Insecta|Coleoptera|Torridincolidae|Ytu|zeus,Asynaptic Sex Chromosomes,Heterogametic,XY,20
Animalia,Insecta,Coleoptera,Trogidae,Trox,borrei,Animalia|Insecta|Coleoptera|Trogidae|Trox|borrei,Asynaptic Sex Chromosomes,Heterogametic,XY,20
Animalia,Insecta,Coleoptera,Trogidae,Trox,costatus,Animalia|Insecta|Coleoptera|Trogidae|Trox|costatus,Asynaptic Sex Chromosomes,Heterogametic,XY,20
Animalia,Insecta,Coleoptera,Trogidae,Trox,foveicollis,Animalia|Insecta|Coleoptera|Trogidae|Trox|foveicollis,Asynaptic Sex Chromosomes,Heterogametic,XY,20
Animalia,Insecta,Coleoptera,Trogidae,Trox,granulatus,Animalia|Insecta|Coleoptera|Trogidae|Trox|granulatus,Asynaptic Sex Chromosomes,Heterogametic,XY,20
Animalia,Insecta,Coleoptera,Trogidae,Trox,mochus,Animalia|Insecta|Coleoptera|Trogidae|Trox|mochus,Asynaptic Sex Chromosomes,Heterogametic,XY,20
Animalia,Insecta,Coleoptera,Trogidae,Trox,omacanthus,Animalia|Insecta|Coleoptera|Trogidae|Trox|omacanthus,Asynaptic Sex Chromosomes,Heterogametic,XY,20
Animalia,Insecta,Coleoptera,Trogidae,Trox,oricensis,Animalia|Insecta|Coleoptera|Trogidae|Trox|oricensis,Asynaptic Sex Chromosomes,Heterogametic,XY,20
Animalia,Insecta,Coleoptera,Trogidae,Trox,punctatus,Animalia|Insecta|Coleoptera|Trogidae|Trox|punctatus,Asynaptic Sex Chromosomes,Heterogametic,XY,20
Animalia,Insecta,Coleoptera,Trogidae,Trox,scaber,Animalia|Insecta|Coleoptera|Trogidae|Trox|scaber,Asynaptic Sex Chromosomes,Heterogametic,XY,20
Animalia,Insecta,Coleoptera,Trogidae,Trox,scutellaris,Animalia|Insecta|Coleoptera|Trogidae|Trox|scutellaris,Asynaptic Sex Chromosomes,Heterogametic,XY,20
Animalia,Insecta,Coleoptera,Trogidae,Trox,spinulosus,Animalia|Insecta|Coleoptera|Trogidae|Trox|spinulosus,Asynaptic Sex Chromosomes,Heterogametic,XY,20
Animalia,Insecta,Coleoptera,Trogossitidae,Lophoceters,pusillus,Animalia|Insecta|Coleoptera|Trogossitidae|Lophoceters|pusillus,Asynaptic Sex Chromosomes,Heterogametic,XY,18
Animalia,Insecta,Coleoptera,Trogossitidae,Tenebroides,mauritanicus,Animalia|Insecta|Coleoptera|Trogossitidae|Tenebroides|mauritanicus,Asynaptic Sex Chromosomes,Heterogametic,XY,24
Animalia,Insecta,Diptera,Agromyzidae,Amauromyza,flavifrons,Animalia|Insecta|Diptera|Agromyzidae|Amauromyza|flavifrons,Achiasmatic Meiosis,Heterogametic,XY,6
Animalia,Insecta,Diptera,Agromyzidae,Amauromyza,verbasci,Animalia|Insecta|Diptera|Agromyzidae|Amauromyza|verbasci,Achiasmatic Meiosis,Heterogametic,XY,6
Animalia,Insecta,Diptera,Agromyzidae,Cerodontha,angulata,Animalia|Insecta|Diptera|Agromyzidae|Cerodontha|angulata,Achiasmatic Meiosis,Heterogametic,XY,6
Animalia,Insecta,Diptera,Agromyzidae,Cerodontha,eucaricis,Animalia|Insecta|Diptera|Agromyzidae|Cerodontha|eucaricis,Achiasmatic Meiosis,Heterogametic,XY,12
Animalia,Insecta,Diptera,Agromyzidae,Cerodontha,ireos,Animalia|Insecta|Diptera|Agromyzidae|Cerodontha|ireos,Achiasmatic Meiosis,Heterogametic,XY,12
Animalia,Insecta,Diptera,Agromyzidae,Cerodontha,pseuderrans,Animalia|Insecta|Diptera|Agromyzidae|Cerodontha|pseuderrans,Achiasmatic Meiosis,Heterogametic,XY,12
Animalia,Insecta,Diptera,Agromyzidae,Cerodontha,scirpi,Animalia|Insecta|Diptera|Agromyzidae|Cerodontha|scirpi,Achiasmatic Meiosis,Heterogametic,XY,12
Animalia,Insecta,Diptera,Agromyzidae,Cerodontha,spinata,Animalia|Insecta|Diptera|Agromyzidae|Cerodontha|spinata,Achiasmatic Meiosis,Heterogametic,XY,12
Animalia,Insecta,Diptera,Agromyzidae,Cerodontha,vignae,Animalia|Insecta|Diptera|Agromyzidae|Cerodontha|vignae,Achiasmatic Meiosis,Heterogametic,XY,12
Animalia,Insecta,Diptera,Agromyzidae,Melanagromyza,obtusa,Animalia|Insecta|Diptera|Agromyzidae|Melanagromyza|obtusa,Achiasmatic Meiosis,Heterogametic,XY,12
Animalia,Insecta,Diptera,Agromyzidae,Phytomyza,abdominalis,Animalia|Insecta|Diptera|Agromyzidae|Phytomyza|abdominalis,Achiasmatic Meiosis,Heterogametic,NA,10
Animalia,Insecta,Diptera,Agromyzidae,Phytomyza,crassiseta,Animalia|Insecta|Diptera|Agromyzidae|Phytomyza|crassiseta,Achiasmatic Meiosis,Heterogametic,XY,12
Animalia,Insecta,Diptera,Agromyzidae,Phytomyza,ilicis,Animalia|Insecta|Diptera|Agromyzidae|Phytomyza|ilicis,Achiasmatic Meiosis,Heterogametic,XY,12
Animalia,Insecta,Diptera,Agromyzidae,Phytomyza,primulae,Animalia|Insecta|Diptera|Agromyzidae|Phytomyza|primulae,Achiasmatic Meiosis,Heterogametic,XY,12
Animalia,Insecta,Diptera,Anisopodidae,Mycetobia,pallipes,Animalia|Insecta|Diptera|Anisopodidae|Mycetobia|pallipes,Achiasmatic Meiosis,Heterogametic,XY,6
Animalia,Insecta,Diptera,Anisopodidae,Phryne,fenestralis,Animalia|Insecta|Diptera|Anisopodidae|Phryne|fenestralis,Achiasmatic Meiosis,Heterogametic,XY,8
Animalia,Insecta,Diptera,Anthomyiidae,Achaetella,varipes,Animalia|Insecta|Diptera|Anthomyiidae|Achaetella|varipes,Achiasmatic Meiosis,Heterogametic,XY,12
Animalia,Insecta,Diptera,Anthomyiidae,Fucellia,marina,Animalia|Insecta|Diptera|Anthomyiidae|Fucellia|marina,Achiasmatic Meiosis,Heterogametic,XY,12
Animalia,Insecta,Diptera,Anthomyiidae,Homalomya,sp,Animalia|Insecta|Diptera|Anthomyiidae|Homalomya|sp,Achiasmatic Meiosis,Heterogametic,XY,12
Animalia,Insecta,Diptera,Anthomyiidae,Hydrophoria,conica,Animalia|Insecta|Diptera|Anthomyiidae|Hydrophoria|conica,Achiasmatic Meiosis,Heterogametic,XY,12
Animalia,Insecta,Diptera,Anthomyiidae,Hylemya,antiqua,Animalia|Insecta|Diptera|Anthomyiidae|Hylemya|antiqua,Achiasmatic Meiosis,Heterogametic,XY,12
Animalia,Insecta,Diptera,Anthomyiidae,Hylemya,brassicae,Animalia|Insecta|Diptera|Anthomyiidae|Hylemya|brassicae,Achiasmatic Meiosis,Heterogametic,XY,12
Animalia,Insecta,Diptera,Anthomyiidae,Hylemya,cana,Animalia|Insecta|Diptera|Anthomyiidae|Hylemya|cana,Achiasmatic Meiosis,Heterogametic,XY,12
Animalia,Insecta,Diptera,Anthomyiidae,Hylemya,cilicrura,Animalia|Insecta|Diptera|Anthomyiidae|Hylemya|cilicrura,Achiasmatic Meiosis,Heterogametic,XY,12
Animalia,Insecta,Diptera,Anthomyiidae,Hylemya,crucifera,Animalia|Insecta|Diptera|Anthomyiidae|Hylemya|crucifera,Achiasmatic Meiosis,Heterogametic,XY,12
Animalia,Insecta,Diptera,Anthomyiidae,Hylemya,cruciferae,Animalia|Insecta|Diptera|Anthomyiidae|Hylemya|cruciferae,Achiasmatic Meiosis,Heterogametic,NA,12
Animalia,Insecta,Diptera,Anthomyiidae,Hylemya,echinata,Animalia|Insecta|Diptera|Anthomyiidae|Hylemya|echinata,Achiasmatic Meiosis,Heterogametic,XY,12
Animalia,Insecta,Diptera,Anthomyiidae,Hylemya,floralis,Animalia|Insecta|Diptera|Anthomyiidae|Hylemya|floralis,Achiasmatic Meiosis,Heterogametic,XY,12
Animalia,Insecta,Diptera,Anthomyiidae,Hylemya,florilega,Animalia|Insecta|Diptera|Anthomyiidae|Hylemya|florilega,Achiasmatic Meiosis,Heterogametic,NA,12
Animalia,Insecta,Diptera,Anthomyiidae,Hylemya,florilegea,Animalia|Insecta|Diptera|Anthomyiidae|Hylemya|florilegea,Achiasmatic Meiosis,Heterogametic,XY,12
Animalia,Insecta,Diptera,Anthomyiidae,Hylemya,fugax,Animalia|Insecta|Diptera|Anthomyiidae|Hylemya|fugax,Achiasmatic Meiosis,Heterogametic,NA,14
Animalia,Insecta,Diptera,Anthomyiidae,Hylemya,planipalpus,Animalia|Insecta|Diptera|Anthomyiidae|Hylemya|planipalpus,Achiasmatic Meiosis,Heterogametic,XY,12
Animalia,Insecta,Diptera,Anthomyiidae,Hylemya,pseudobrassicae,Animalia|Insecta|Diptera|Anthomyiidae|Hylemya|pseudobrassicae,Achiasmatic Meiosis,Heterogametic,NA,12
Animalia,Insecta,Diptera,Anthomyiidae,Hylemya,trichodactula,Animalia|Insecta|Diptera|Anthomyiidae|Hylemya|trichodactula,Achiasmatic Meiosis,Heterogametic,XY,12
Animalia,Insecta,Diptera,Anthomyiidae,Hylemya,trichodactyla,Animalia|Insecta|Diptera|Anthomyiidae|Hylemya|trichodactyla,Achiasmatic Meiosis,Heterogametic,NA,12
Animalia,Insecta,Diptera,Anthomyiidae,Ophyra,leucostoma,Animalia|Insecta|Diptera|Anthomyiidae|Ophyra|leucostoma,Achiasmatic Meiosis,Heterogametic,XY,12
Animalia,Insecta,Diptera,Anthomyiidae,Pegomya,betae,Animalia|Insecta|Diptera|Anthomyiidae|Pegomya|betae,Achiasmatic Meiosis,Heterogametic,XY,12
Animalia,Insecta,Diptera,Anthomyiidae,Pegomya,bicolor,Animalia|Insecta|Diptera|Anthomyiidae|Pegomya|bicolor,Achiasmatic Meiosis,Heterogametic,XY,12
Animalia,Insecta,Diptera,Anthomyiidae,Pegomya,geniculata,Animalia|Insecta|Diptera|Anthomyiidae|Pegomya|geniculata,Achiasmatic Meiosis,Heterogametic,XY,12
Animalia,Insecta,Diptera,Anthomyiidae,Pegomyia,geniculata,Animalia|Insecta|Diptera|Anthomyiidae|Pegomyia|geniculata,Achiasmatic Meiosis,Heterogametic,XY,12
Animalia,Insecta,Diptera,Anthomyiidae,Phorbia,bassicae,Animalia|Insecta|Diptera|Anthomyiidae|Phorbia|bassicae,Achiasmatic Meiosis,Heterogametic,XY,12
Animalia,Insecta,Diptera,Anthomyiidae,Phorbia,brassica,Animalia|Insecta|Diptera|Anthomyiidae|Phorbia|brassica,Achiasmatic Meiosis,Heterogametic,XY,12
Animalia,Insecta,Diptera,Anthomyiidae,Scatophaga,pallida,Animalia|Insecta|Diptera|Anthomyiidae|Scatophaga|pallida,Achiasmatic Meiosis,Heterogametic,XY,12
Animalia,Insecta,Diptera,Anthomyiidae,Scatophaga,stercoraria,Animalia|Insecta|Diptera|Anthomyiidae|Scatophaga|stercoraria,Achiasmatic Meiosis,Heterogametic,XY,12
Animalia,Insecta,Diptera,Asilidae,Asilus,lecythus,Animalia|Insecta|Diptera|Asilidae|Asilus|lecythus,Achiasmatic Meiosis,Heterogametic,XY,14
Animalia,Insecta,Diptera,Asilidae,Asilus,notatus,Animalia|Insecta|Diptera|Asilidae|Asilus|notatus,Achiasmatic Meiosis,Heterogametic,XY,14
Animalia,Insecta,Diptera,Asilidae,Asilus,sericeus,Animalia|Insecta|Diptera|Asilidae|Asilus|sericeus,Achiasmatic Meiosis,Heterogametic,XY,10
Animalia,Insecta,Diptera,Asilidae,Dasyllis,grossa,Animalia|Insecta|Diptera|Asilidae|Dasyllis|grossa,Achiasmatic Meiosis,Heterogametic,XO,10
Animalia,Insecta,Diptera,Asilidae,Dasyllis,thoracica,Animalia|Insecta|Diptera|Asilidae|Dasyllis|thoracica,Achiasmatic Meiosis,Heterogametic,XY,10
Animalia,Insecta,Diptera,Asilidae,Deromyia,winthemi,Animalia|Insecta|Diptera|Asilidae|Deromyia|winthemi,Achiasmatic Meiosis,Heterogametic,XY,12
Animalia,Insecta,Diptera,Asilidae,Erax,rufibarbis,Animalia|Insecta|Diptera|Asilidae|Erax|rufibarbis,Achiasmatic Meiosis,Heterogametic,XY,10
Animalia,Insecta,Diptera,Asilidae,Leptogaster,badius,Animalia|Insecta|Diptera|Asilidae|Leptogaster|badius,Achiasmatic Meiosis,Heterogametic,XY,10
Animalia,Insecta,Diptera,Bibionidae,Bibio,hortulanus,Animalia|Insecta|Diptera|Bibionidae|Bibio|hortulanus,Achiasmatic Meiosis,Heterogametic,NA,10
Animalia,Insecta,Diptera,Bibionidae,Penthetria,holosericea,Animalia|Insecta|Diptera|Bibionidae|Penthetria|holosericea,Achiasmatic Meiosis,Heterogametic,XY,10
Animalia,Insecta,Diptera,Bombyliidae,Acrophthalmyda,paulseni,Animalia|Insecta|Diptera|Bombyliidae|Acrophthalmyda|paulseni,Achiasmatic Meiosis,Heterogametic,NA,12
Animalia,Insecta,Diptera,Bombyliidae,Anthrax,anthrax,Animalia|Insecta|Diptera|Bombyliidae|Anthrax|anthrax,Achiasmatic Meiosis,Heterogametic,NA,16
Animalia,Insecta,Diptera,Bombyliidae,Anthrax,cordillerensis,Animalia|Insecta|Diptera|Bombyliidae|Anthrax|cordillerensis,Achiasmatic Meiosis,Heterogametic,XY,12
Animalia,Insecta,Diptera,Bombyliidae,Anthrax,lateralis,Animalia|Insecta|Diptera|Bombyliidae|Anthrax|lateralis,Achiasmatic Meiosis,Heterogametic,NA,12
Animalia,Insecta,Diptera,Bombyliidae,Anthrax,mystaceus,Animalia|Insecta|Diptera|Bombyliidae|Anthrax|mystaceus,Achiasmatic Meiosis,Heterogametic,NA,14
Animalia,Insecta,Diptera,Bombyliidae,Anthrax,oedipus,Animalia|Insecta|Diptera|Bombyliidae|Anthrax|oedipus,Achiasmatic Meiosis,Heterogametic,XY,18
Animalia,Insecta,Diptera,Bombyliidae,Anthrax,sinuosa,Animalia|Insecta|Diptera|Bombyliidae|Anthrax|sinuosa,Achiasmatic Meiosis,Heterogametic,XY,18
Animalia,Insecta,Diptera,Bombyliidae,Anthrax,tigrinus,Animalia|Insecta|Diptera|Bombyliidae|Anthrax|tigrinus,Achiasmatic Meiosis,Heterogametic,NA,12
Animalia,Insecta,Diptera,Bombyliidae,Anthrax,yamashiroensis,Animalia|Insecta|Diptera|Bombyliidae|Anthrax|yamashiroensis,Achiasmatic Meiosis,Heterogametic,XY,10
Animalia,Insecta,Diptera,Bombyliidae,Bombylius,fulvescens,Animalia|Insecta|Diptera|Bombyliidae|Bombylius|fulvescens,Achiasmatic Meiosis,Heterogametic,NA,12
Animalia,Insecta,Diptera,Bombyliidae,Bombylius,pygmaeus,Animalia|Insecta|Diptera|Bombyliidae|Bombylius|pygmaeus,Achiasmatic Meiosis,Heterogametic,XY,12
Animalia,Insecta,Diptera,Bombyliidae,Exoprosopa,atrinasis,Animalia|Insecta|Diptera|Bombyliidae|Exoprosopa|atrinasis,Achiasmatic Meiosis,Heterogametic,XY,18
Animalia,Insecta,Diptera,Bombyliidae,Exoprosopa,sp.,Animalia|Insecta|Diptera|Bombyliidae|Exoprosopa|sp.,Achiasmatic Meiosis,Heterogametic,XY,14
Animalia,Insecta,Diptera,Bombyliidae,Exoprosopa,sp.Punctulatagroup,Animalia|Insecta|Diptera|Bombyliidae|Exoprosopa|sp.Punctulatagroup,Achiasmatic Meiosis,Heterogametic,NA,14
Animalia,Insecta,Diptera,Bombyliidae,Ligyra,cerberus,Animalia|Insecta|Diptera|Bombyliidae|Ligyra|cerberus,Achiasmatic Meiosis,Heterogametic,XY,18
Animalia,Insecta,Diptera,Bombyliidae,Ligyra,proserpina,Animalia|Insecta|Diptera|Bombyliidae|Ligyra|proserpina,Achiasmatic Meiosis,Heterogametic,XY,18
Animalia,Insecta,Diptera,Bombyliidae,Neodiplocampta,roederi,Animalia|Insecta|Diptera|Bombyliidae|Neodiplocampta|roederi,Achiasmatic Meiosis,Heterogametic,XY,18
Animalia,Insecta,Diptera,Bombyliidae,Spogostylum,simson,Animalia|Insecta|Diptera|Bombyliidae|Spogostylum|simson,Achiasmatic Meiosis,Heterogametic,NA,12
Animalia,Insecta,Diptera,Bombyliidae,Systoechus,vulgaris,Animalia|Insecta|Diptera|Bombyliidae|Systoechus|vulgaris,Achiasmatic Meiosis,Heterogametic,XY,14
Animalia,Insecta,Diptera,Bombyliidae,Thyridanthrax,abrupta,Animalia|Insecta|Diptera|Bombyliidae|Thyridanthrax|abrupta,Achiasmatic Meiosis,Heterogametic,NA,16
Animalia,Insecta,Diptera,Bombyliidae,Thyridanthrax,niveifrons,Animalia|Insecta|Diptera|Bombyliidae|Thyridanthrax|niveifrons,Achiasmatic Meiosis,Heterogametic,XY,18
Animalia,Insecta,Diptera,Bombyliidae,Thyridanthrax,sp,Animalia|Insecta|Diptera|Bombyliidae|Thyridanthrax|sp,Achiasmatic Meiosis,Heterogametic,XY,18
Animalia,Insecta,Diptera,Bombyliidae,Toxophora,javana,Animalia|Insecta|Diptera|Bombyliidae|Toxophora|javana,Achiasmatic Meiosis,Heterogametic,XY,8
Animalia,Insecta,Diptera,Bombyliidae,Usia,florea,Animalia|Insecta|Diptera|Bombyliidae|Usia|florea,Achiasmatic Meiosis,Heterogametic,XY,10
Animalia,Insecta,Diptera,Bombyliidae,Villa,cingulum,Animalia|Insecta|Diptera|Bombyliidae|Villa|cingulum,Achiasmatic Meiosis,Heterogametic,NA,16
Animalia,Insecta,Diptera,Bombyliidae,Villa,gayi,Animalia|Insecta|Diptera|Bombyliidae|Villa|gayi,Achiasmatic Meiosis,Heterogametic,XY,18
Animalia,Insecta,Diptera,Bombyliidae,Villa,gorgon,Animalia|Insecta|Diptera|Bombyliidae|Villa|gorgon,Achiasmatic Meiosis,Heterogametic,XY,14
Animalia,Insecta,Diptera,Bombyliidae,Villa,lateralis,Animalia|Insecta|Diptera|Bombyliidae|Villa|lateralis,Achiasmatic Meiosis,Heterogametic,XY,12
Animalia,Insecta,Diptera,Bombyliidae,Villa,morio,Animalia|Insecta|Diptera|Bombyliidae|Villa|morio,Achiasmatic Meiosis,Heterogametic,XY,18
Animalia,Insecta,Diptera,Bombyliidae,Villa,scylla,Animalia|Insecta|Diptera|Bombyliidae|Villa|scylla,Achiasmatic Meiosis,Heterogametic,XY,10
Animalia,Insecta,Diptera,Bombyliidae,Villa,sinuosa,Animalia|Insecta|Diptera|Bombyliidae|Villa|sinuosa,Achiasmatic Meiosis,Heterogametic,XY,18
Animalia,Insecta,Diptera,Bombyliidae,Villa,sp,Animalia|Insecta|Diptera|Bombyliidae|Villa|sp,Achiasmatic Meiosis,Heterogametic,XY,18
Animalia,Insecta,Diptera,Bombyliidae,Villa,sp.1,Animalia|Insecta|Diptera|Bombyliidae|Villa|sp.1,Achiasmatic Meiosis,Heterogametic,XY,14
Animalia,Insecta,Diptera,Bombyliidae,Villa,sp.2,Animalia|Insecta|Diptera|Bombyliidae|Villa|sp.2,Achiasmatic Meiosis,Heterogametic,NA,14
Animalia,Insecta,Diptera,Bombyliidae,Villa,sp.3,Animalia|Insecta|Diptera|Bombyliidae|Villa|sp.3,Achiasmatic Meiosis,Heterogametic,NA,18
Animalia,Insecta,Diptera,Bombyliidae,Villa,sp.Lateralisgroup,Animalia|Insecta|Diptera|Bombyliidae|Villa|sp.Lateralisgroup,Achiasmatic Meiosis,Heterogametic,XY,14
Animalia,Insecta,Diptera,Bombyliidae,Villa,sp.nr.Blanchardiana,Animalia|Insecta|Diptera|Bombyliidae|Villa|sp.nr.Blanchardiana,Achiasmatic Meiosis,Heterogametic,XY,12
Animalia,Insecta,Diptera,Bombyliidae,Villa,sp.nr.gorgon,Animalia|Insecta|Diptera|Bombyliidae|Villa|sp.nr.gorgon,Achiasmatic Meiosis,Heterogametic,XY,18
Animalia,Insecta,Diptera,Bombyliidae,Villa,spB,Animalia|Insecta|Diptera|Bombyliidae|Villa|spB,Achiasmatic Meiosis,Heterogametic,XY,12
Animalia,Insecta,Diptera,Bombyliidae,Villa,spC,Animalia|Insecta|Diptera|Bombyliidae|Villa|spC,Achiasmatic Meiosis,Heterogametic,XY,14
Animalia,Insecta,Diptera,Bombyliidae,Villa,velutina,Animalia|Insecta|Diptera|Bombyliidae|Villa|velutina,Achiasmatic Meiosis,Heterogametic,XY,18
Animalia,Insecta,Diptera,Bombyliidae,Villa,velutinaI,Animalia|Insecta|Diptera|Bombyliidae|Villa|velutinaI,Achiasmatic Meiosis,Heterogametic,XY,18
Animalia,Insecta,Diptera,Bombyliidae,Villa,velutinaII,Animalia|Insecta|Diptera|Bombyliidae|Villa|velutinaII,Achiasmatic Meiosis,Heterogametic,XY,18
Animalia,Insecta,Diptera,Calliphoridae,Albuquerquea,latifrons,Animalia|Insecta|Diptera|Calliphoridae|Albuquerquea|latifrons,Achiasmatic Meiosis,Heterogametic,XY,12
Animalia,Insecta,Diptera,Calliphoridae,Amenia,chrysame,Animalia|Insecta|Diptera|Calliphoridae|Amenia|chrysame,Achiasmatic Meiosis,Heterogametic,XY,12
Animalia,Insecta,Diptera,Calliphoridae,Anthracomyza,atratula,Animalia|Insecta|Diptera|Calliphoridae|Anthracomyza|atratula,Achiasmatic Meiosis,Heterogametic,XY,12
Animalia,Insecta,Diptera,Calliphoridae,Bengalia,inermis,Animalia|Insecta|Diptera|Calliphoridae|Bengalia|inermis,Achiasmatic Meiosis,Heterogametic,XY,12
Animalia,Insecta,Diptera,Calliphoridae,Bengalia,lyneborgi,Animalia|Insecta|Diptera|Calliphoridae|Bengalia|lyneborgi,Achiasmatic Meiosis,Heterogametic,XY,12
Animalia,Insecta,Diptera,Calliphoridae,Blepharicnema,splendens,Animalia|Insecta|Diptera|Calliphoridae|Blepharicnema|splendens,Achiasmatic Meiosis,Heterogametic,XY,12
Animalia,Insecta,Diptera,Calliphoridae,Boreellus,atriceps,Animalia|Insecta|Diptera|Calliphoridae|Boreellus|atriceps,Achiasmatic Meiosis,Heterogametic,XY,12
Animalia,Insecta,Diptera,Calliphoridae,Bufolucilia,silvarum,Animalia|Insecta|Diptera|Calliphoridae|Bufolucilia|silvarum,Achiasmatic Meiosis,Heterogametic,XY,12
Animalia,Insecta,Diptera,Calliphoridae,Calliphora,accepta,Animalia|Insecta|Diptera|Calliphoridae|Calliphora|accepta,Achiasmatic Meiosis,Heterogametic,XY,12
Animalia,Insecta,Diptera,Calliphoridae,Calliphora,bomitoria,Animalia|Insecta|Diptera|Calliphoridae|Calliphora|bomitoria,Achiasmatic Meiosis,Heterogametic,XY,12
Animalia,Insecta,Diptera,Calliphoridae,Calliphora,croceipalpisI,Animalia|Insecta|Diptera|Calliphoridae|Calliphora|croceipalpisI,Achiasmatic Meiosis,Heterogametic,XY,12
Animalia,Insecta,Diptera,Calliphoridae,Calliphora,croceipalpisII,Animalia|Insecta|Diptera|Calliphoridae|Calliphora|croceipalpisII,Achiasmatic Meiosis,Heterogametic,XY,12
Animalia,Insecta,Diptera,Calliphoridae,Calliphora,erythrocephala,Animalia|Insecta|Diptera|Calliphoridae|Calliphora|erythrocephala,Achiasmatic Meiosis,Heterogametic,XY,12
Animalia,Insecta,Diptera,Calliphoridae,Calliphora,fallax,Animalia|Insecta|Diptera|Calliphoridae|Calliphora|fallax,Achiasmatic Meiosis,Heterogametic,XY,12
Animalia,Insecta,Diptera,Calliphoridae,Calliphora,fulviceps,Animalia|Insecta|Diptera|Calliphoridae|Calliphora|fulviceps,Achiasmatic Meiosis,Heterogametic,XY,12
Animalia,Insecta,Diptera,Calliphoridae,Calliphora,fulvicoxa,Animalia|Insecta|Diptera|Calliphoridae|Calliphora|fulvicoxa,Achiasmatic Meiosis,Heterogametic,XY,12
Animalia,Insecta,Diptera,Calliphoridae,Calliphora,hilli,Animalia|Insecta|Diptera|Calliphoridae|Calliphora|hilli,Achiasmatic Meiosis,Heterogametic,XY,12
Animalia,Insecta,Diptera,Calliphoridae,Calliphora,lilaea,Animalia|Insecta|Diptera|Calliphoridae|Calliphora|lilaea,Achiasmatic Meiosis,Heterogametic,XY,12
Animalia,Insecta,Diptera,Calliphoridae,Calliphora,peruviana,Animalia|Insecta|Diptera|Calliphoridae|Calliphora|peruviana,Achiasmatic Meiosis,Heterogametic,XY,12
Animalia,Insecta,Diptera,Calliphoridae,Calliphora,plebeia,Animalia|Insecta|Diptera|Calliphoridae|Calliphora|plebeia,Achiasmatic Meiosis,Heterogametic,XY,12
Animalia,Insecta,Diptera,Calliphoridae,Calliphora,sternalis,Animalia|Insecta|Diptera|Calliphoridae|Calliphora|sternalis,Achiasmatic Meiosis,Heterogametic,XY,12
Animalia,Insecta,Diptera,Calliphoridae,Calliphora,stygia,Animalia|Insecta|Diptera|Calliphoridae|Calliphora|stygia,Achiasmatic Meiosis,Heterogametic,XY,12
Animalia,Insecta,Diptera,Calliphoridae,Calliphora,tibialis,Animalia|Insecta|Diptera|Calliphoridae|Calliphora|tibialis,Achiasmatic Meiosis,Heterogametic,XY,12
Animalia,Insecta,Diptera,Calliphoridae,Calliphora,varifrons,Animalia|Insecta|Diptera|Calliphoridae|Calliphora|varifrons,Achiasmatic Meiosis,Heterogametic,XY,12
Animalia,Insecta,Diptera,Calliphoridae,Calliphora,vicina,Animalia|Insecta|Diptera|Calliphoridae|Calliphora|vicina,Achiasmatic Meiosis,Heterogametic,XY,12
Animalia,Insecta,Diptera,Calliphoridae,Calliphora,vicinaI,Animalia|Insecta|Diptera|Calliphoridae|Calliphora|vicinaI,Achiasmatic Meiosis,Heterogametic,XY,12
Animalia,Insecta,Diptera,Calliphoridae,Calliphora,vicinaII,Animalia|Insecta|Diptera|Calliphoridae|Calliphora|vicinaII,Achiasmatic Meiosis,Heterogametic,XY,12
Animalia,Insecta,Diptera,Calliphoridae,Calliphora,viridenscens,Animalia|Insecta|Diptera|Calliphoridae|Calliphora|viridenscens,Achiasmatic Meiosis,Heterogametic,XY,12
Animalia,Insecta,Diptera,Calliphoridae,Calliphora,viridescens,Animalia|Insecta|Diptera|Calliphoridae|Calliphora|viridescens,Achiasmatic Meiosis,Heterogametic,XY,12
Animalia,Insecta,Diptera,Calliphoridae,Calliphora,vomitoria,Animalia|Insecta|Diptera|Calliphoridae|Calliphora|vomitoria,Achiasmatic Meiosis,Heterogametic,XY,12
Animalia,Insecta,Diptera,Calliphoridae,Calliphora,vomitoriaI,Animalia|Insecta|Diptera|Calliphoridae|Calliphora|vomitoriaI,Achiasmatic Meiosis,Heterogametic,XY,12
Animalia,Insecta,Diptera,Calliphoridae,Calliphora,vomitoriaII,Animalia|Insecta|Diptera|Calliphoridae|Calliphora|vomitoriaII,Achiasmatic Meiosis,Heterogametic,XY,12
Animalia,Insecta,Diptera,Calliphoridae,Calliphora,vomitoriaIII,Animalia|Insecta|Diptera|Calliphoridae|Calliphora|vomitoriaIII,Achiasmatic Meiosis,Heterogametic,XY,12
Animalia,Insecta,Diptera,Calliphoridae,Callitroga,hominivorax,Animalia|Insecta|Diptera|Calliphoridae|Callitroga|hominivorax,Achiasmatic Meiosis,Heterogametic,XY,12
Animalia,Insecta,Diptera,Calliphoridae,Callitroga,macellaria,Animalia|Insecta|Diptera|Calliphoridae|Callitroga|macellaria,Achiasmatic Meiosis,Heterogametic,XY,12
Animalia,Insecta,Diptera,Calliphoridae,Chrysomia,albiceps,Animalia|Insecta|Diptera|Calliphoridae|Chrysomia|albiceps,Achiasmatic Meiosis,Heterogametic,XY,12
Animalia,Insecta,Diptera,Calliphoridae,Chrysomia,cholorpyga,Animalia|Insecta|Diptera|Calliphoridae|Chrysomia|cholorpyga,Achiasmatic Meiosis,Heterogametic,XY,12
Animalia,Insecta,Diptera,Calliphoridae,Chrysomia,putoria,Animalia|Insecta|Diptera|Calliphoridae|Chrysomia|putoria,Achiasmatic Meiosis,Heterogametic,XY,12
Animalia,Insecta,Diptera,Calliphoridae,Chrysomya,albiceps,Animalia|Insecta|Diptera|Calliphoridae|Chrysomya|albiceps,Achiasmatic Meiosis,Heterogametic,NA,12
Animalia,Insecta,Diptera,Calliphoridae,Chrysomya,bezziana,Animalia|Insecta|Diptera|Calliphoridae|Chrysomya|bezziana,Achiasmatic Meiosis,Heterogametic,XY,12
Animalia,Insecta,Diptera,Calliphoridae,Chrysomya,marginalis,Animalia|Insecta|Diptera|Calliphoridae|Chrysomya|marginalis,Achiasmatic Meiosis,Heterogametic,XY,12
Animalia,Insecta,Diptera,Calliphoridae,Chrysomya,megacephala,Animalia|Insecta|Diptera|Calliphoridae|Chrysomya|megacephala,Achiasmatic Meiosis,Heterogametic,XY,12
Animalia,Insecta,Diptera,Calliphoridae,Chrysomya,phaonis,Animalia|Insecta|Diptera|Calliphoridae|Chrysomya|phaonis,Achiasmatic Meiosis,Heterogametic,XY,12
Animalia,Insecta,Diptera,Calliphoridae,Chrysomya,pinguis,Animalia|Insecta|Diptera|Calliphoridae|Chrysomya|pinguis,Achiasmatic Meiosis,Heterogametic,XY,12
Animalia,Insecta,Diptera,Calliphoridae,Chrysomya,putoria,Animalia|Insecta|Diptera|Calliphoridae|Chrysomya|putoria,Achiasmatic Meiosis,Heterogametic,XY,12
Animalia,Insecta,Diptera,Calliphoridae,Chrysomya,rufifacies,Animalia|Insecta|Diptera|Calliphoridae|Chrysomya|rufifacies,Achiasmatic Meiosis,Heterogametic,NA,12
Animalia,Insecta,Diptera,Calliphoridae,Chrysomya,saffranea,Animalia|Insecta|Diptera|Calliphoridae|Chrysomya|saffranea,Achiasmatic Meiosis,Heterogametic,XY,12
Animalia,Insecta,Diptera,Calliphoridae,Chrysomya,varipes,Animalia|Insecta|Diptera|Calliphoridae|Chrysomya|varipes,Achiasmatic Meiosis,Heterogametic,XY,12
Animalia,Insecta,Diptera,Calliphoridae,Chrysomyia,albiceps,Animalia|Insecta|Diptera|Calliphoridae|Chrysomyia|albiceps,Achiasmatic Meiosis,Heterogametic,XY,12
Animalia,Insecta,Diptera,Calliphoridae,Chrysomyia,chloropygaI,Animalia|Insecta|Diptera|Calliphoridae|Chrysomyia|chloropygaI,Achiasmatic Meiosis,Heterogametic,XY,12
Animalia,Insecta,Diptera,Calliphoridae,Chrysomyia,chloropygaII,Animalia|Insecta|Diptera|Calliphoridae|Chrysomyia|chloropygaII,Achiasmatic Meiosis,Heterogametic,XY,12
Animalia,Insecta,Diptera,Calliphoridae,Chrysomyia,megacephala,Animalia|Insecta|Diptera|Calliphoridae|Chrysomyia|megacephala,Achiasmatic Meiosis,Heterogametic,XY,12
Animalia,Insecta,Diptera,Calliphoridae,Chrysomyia,pachymera,Animalia|Insecta|Diptera|Calliphoridae|Chrysomyia|pachymera,Achiasmatic Meiosis,Heterogametic,XY,12
Animalia,Insecta,Diptera,Calliphoridae,Chrysomyia,putoriaI,Animalia|Insecta|Diptera|Calliphoridae|Chrysomyia|putoriaI,Achiasmatic Meiosis,Heterogametic,XY,12
Animalia,Insecta,Diptera,Calliphoridae,Chrysomyia,putoriaII,Animalia|Insecta|Diptera|Calliphoridae|Chrysomyia|putoriaII,Achiasmatic Meiosis,Heterogametic,XY,12
Animalia,Insecta,Diptera,Calliphoridae,Chrysomyia,rufifacies,Animalia|Insecta|Diptera|Calliphoridae|Chrysomyia|rufifacies,Achiasmatic Meiosis,Heterogametic,XY,12
Animalia,Insecta,Diptera,Calliphoridae,Cochliomyia,hominivorax,Animalia|Insecta|Diptera|Calliphoridae|Cochliomyia|hominivorax,Achiasmatic Meiosis,Heterogametic,XY,12
Animalia,Insecta,Diptera,Calliphoridae,Cochliomyia,macellaria,Animalia|Insecta|Diptera|Calliphoridae|Cochliomyia|macellaria,Achiasmatic Meiosis,Heterogametic,XY,12
Animalia,Insecta,Diptera,Calliphoridae,Cochliomyia,macellariaI,Animalia|Insecta|Diptera|Calliphoridae|Cochliomyia|macellariaI,Achiasmatic Meiosis,Heterogametic,XY,12
Animalia,Insecta,Diptera,Calliphoridae,Cochliomyia,macellariaII,Animalia|Insecta|Diptera|Calliphoridae|Cochliomyia|macellariaII,Achiasmatic Meiosis,Heterogametic,XY,12
Animalia,Insecta,Diptera,Calliphoridae,Cosmina,testaceipes,Animalia|Insecta|Diptera|Calliphoridae|Cosmina|testaceipes,Achiasmatic Meiosis,Heterogametic,XY,12
Animalia,Insecta,Diptera,Calliphoridae,Cynomya,cadaverina,Animalia|Insecta|Diptera|Calliphoridae|Cynomya|cadaverina,Achiasmatic Meiosis,Heterogametic,XY,12
Animalia,Insecta,Diptera,Calliphoridae,Cynomya,mortuorumI,Animalia|Insecta|Diptera|Calliphoridae|Cynomya|mortuorumI,Achiasmatic Meiosis,Heterogametic,XY,12
Animalia,Insecta,Diptera,Calliphoridae,Cynomya,mortuorumII,Animalia|Insecta|Diptera|Calliphoridae|Cynomya|mortuorumII,Achiasmatic Meiosis,Heterogametic,XY,12
Animalia,Insecta,Diptera,Calliphoridae,Cynomya,mortuorumIII,Animalia|Insecta|Diptera|Calliphoridae|Cynomya|mortuorumIII,Achiasmatic Meiosis,Heterogametic,XY,12
Animalia,Insecta,Diptera,Calliphoridae,Cynomyia,mortuorum,Animalia|Insecta|Diptera|Calliphoridae|Cynomyia|mortuorum,Achiasmatic Meiosis,Heterogametic,XY,12
Animalia,Insecta,Diptera,Calliphoridae,Cynomyopsis,cadaverina,Animalia|Insecta|Diptera|Calliphoridae|Cynomyopsis|cadaverina,Achiasmatic Meiosis,Heterogametic,XY,12
Animalia,Insecta,Diptera,Calliphoridae,Discritomyia,fasciata,Animalia|Insecta|Diptera|Calliphoridae|Discritomyia|fasciata,Achiasmatic Meiosis,Heterogametic,XY,12
Animalia,Insecta,Diptera,Calliphoridae,Discritomyia,fulgens,Animalia|Insecta|Diptera|Calliphoridae|Discritomyia|fulgens,Achiasmatic Meiosis,Heterogametic,XY,12
Animalia,Insecta,Diptera,Calliphoridae,Discritomyia,newspecies,Animalia|Insecta|Diptera|Calliphoridae|Discritomyia|newspecies,Achiasmatic Meiosis,Heterogametic,XY,12
Animalia,Insecta,Diptera,Calliphoridae,Discritomyia,terryi,Animalia|Insecta|Diptera|Calliphoridae|Discritomyia|terryi,Achiasmatic Meiosis,Heterogametic,XY,12
Animalia,Insecta,Diptera,Calliphoridae,Eucalliphora,lilaea,Animalia|Insecta|Diptera|Calliphoridae|Eucalliphora|lilaea,Achiasmatic Meiosis,Heterogametic,XY,12
Animalia,Insecta,Diptera,Calliphoridae,Euphumosia,setigera,Animalia|Insecta|Diptera|Calliphoridae|Euphumosia|setigera,Achiasmatic Meiosis,Heterogametic,XY,12
Animalia,Insecta,Diptera,Calliphoridae,Eurhyncomyia,anterotes,Animalia|Insecta|Diptera|Calliphoridae|Eurhyncomyia|anterotes,Achiasmatic Meiosis,Heterogametic,XY,12
Animalia,Insecta,Diptera,Calliphoridae,Hemilucilia,sp,Animalia|Insecta|Diptera|Calliphoridae|Hemilucilia|sp,Achiasmatic Meiosis,Heterogametic,XY,12
Animalia,Insecta,Diptera,Calliphoridae,Hemipyrellia,brunneipes,Animalia|Insecta|Diptera|Calliphoridae|Hemipyrellia|brunneipes,Achiasmatic Meiosis,Heterogametic,XY,12
Animalia,Insecta,Diptera,Calliphoridae,Hemipyrellia,fernandica,Animalia|Insecta|Diptera|Calliphoridae|Hemipyrellia|fernandica,Achiasmatic Meiosis,Heterogametic,NA,12
Animalia,Insecta,Diptera,Calliphoridae,Hemipyrellia,ligurriens,Animalia|Insecta|Diptera|Calliphoridae|Hemipyrellia|ligurriens,Achiasmatic Meiosis,Heterogametic,XY,12
Animalia,Insecta,Diptera,Calliphoridae,Hemipyrellia,taeniops,Animalia|Insecta|Diptera|Calliphoridae|Hemipyrellia|taeniops,Achiasmatic Meiosis,Heterogametic,XY,12
Animalia,Insecta,Diptera,Calliphoridae,Hemipyrellia,tagaliana,Animalia|Insecta|Diptera|Calliphoridae|Hemipyrellia|tagaliana,Achiasmatic Meiosis,Heterogametic,XY,12
Animalia,Insecta,Diptera,Calliphoridae,Huascaromusca,nigrifrons,Animalia|Insecta|Diptera|Calliphoridae|Huascaromusca|nigrifrons,Achiasmatic Meiosis,Heterogametic,XY,12
Animalia,Insecta,Diptera,Calliphoridae,Isomyia,connivens,Animalia|Insecta|Diptera|Calliphoridae|Isomyia|connivens,Achiasmatic Meiosis,Heterogametic,XY,12
Animalia,Insecta,Diptera,Calliphoridae,Isomyia,prasina,Animalia|Insecta|Diptera|Calliphoridae|Isomyia|prasina,Achiasmatic Meiosis,Heterogametic,XY,12
Animalia,Insecta,Diptera,Calliphoridae,Lucilia,ampullacea,Animalia|Insecta|Diptera|Calliphoridae|Lucilia|ampullacea,Achiasmatic Meiosis,Heterogametic,XY,12
Animalia,Insecta,Diptera,Calliphoridae,Lucilia,caesar,Animalia|Insecta|Diptera|Calliphoridae|Lucilia|caesar,Achiasmatic Meiosis,Heterogametic,XY,12
Animalia,Insecta,Diptera,Calliphoridae,Lucilia,coreuleiviridis,Animalia|Insecta|Diptera|Calliphoridae|Lucilia|coreuleiviridis,Achiasmatic Meiosis,Heterogametic,XY,12
Animalia,Insecta,Diptera,Calliphoridae,Lucilia,cuprina,Animalia|Insecta|Diptera|Calliphoridae|Lucilia|cuprina,Achiasmatic Meiosis,Heterogametic,XY,12
Animalia,Insecta,Diptera,Calliphoridae,Lucilia,eximia,Animalia|Insecta|Diptera|Calliphoridae|Lucilia|eximia,Achiasmatic Meiosis,Heterogametic,XY,12
Animalia,Insecta,Diptera,Calliphoridae,Lucilia,illustria,Animalia|Insecta|Diptera|Calliphoridae|Lucilia|illustria,Achiasmatic Meiosis,Heterogametic,XY,12
Animalia,Insecta,Diptera,Calliphoridae,Lucilia,illustris,Animalia|Insecta|Diptera|Calliphoridae|Lucilia|illustris,Achiasmatic Meiosis,Heterogametic,XY,12
Animalia,Insecta,Diptera,Calliphoridae,Lucilia,porphyrina,Animalia|Insecta|Diptera|Calliphoridae|Lucilia|porphyrina,Achiasmatic Meiosis,Heterogametic,XY,12
Animalia,Insecta,Diptera,Calliphoridae,Lucilia,sericata,Animalia|Insecta|Diptera|Calliphoridae|Lucilia|sericata,Achiasmatic Meiosis,Heterogametic,XY,12
Animalia,Insecta,Diptera,Calliphoridae,Melinda,biseta,Animalia|Insecta|Diptera|Calliphoridae|Melinda|biseta,Achiasmatic Meiosis,Heterogametic,XY,12
Animalia,Insecta,Diptera,Calliphoridae,Melinda,sp,Animalia|Insecta|Diptera|Calliphoridae|Melinda|sp,Achiasmatic Meiosis,Heterogametic,XY,12
Animalia,Insecta,Diptera,Calliphoridae,Mesembrinella,peregrinaI,Animalia|Insecta|Diptera|Calliphoridae|Mesembrinella|peregrinaI,Achiasmatic Meiosis,Heterogametic,XY,12
Animalia,Insecta,Diptera,Calliphoridae,Mesembrinella,peregrinaII,Animalia|Insecta|Diptera|Calliphoridae|Mesembrinella|peregrinaII,Achiasmatic Meiosis,Heterogametic,XY,12
Animalia,Insecta,Diptera,Calliphoridae,Metallea,cuprea,Animalia|Insecta|Diptera|Calliphoridae|Metallea|cuprea,Achiasmatic Meiosis,Heterogametic,XY,12
Animalia,Insecta,Diptera,Calliphoridae,Metallea,puncticeps,Animalia|Insecta|Diptera|Calliphoridae|Metallea|puncticeps,Achiasmatic Meiosis,Heterogametic,XY,12
Animalia,Insecta,Diptera,Calliphoridae,Microcalliphora,varipes,Animalia|Insecta|Diptera|Calliphoridae|Microcalliphora|varipes,Achiasmatic Meiosis,Heterogametic,XY,12
Animalia,Insecta,Diptera,Calliphoridae,Paralucilia,fulvicrura,Animalia|Insecta|Diptera|Calliphoridae|Paralucilia|fulvicrura,Achiasmatic Meiosis,Heterogametic,XY,12
Animalia,Insecta,Diptera,Calliphoridae,Paralucilia,wheeleri,Animalia|Insecta|Diptera|Calliphoridae|Paralucilia|wheeleri,Achiasmatic Meiosis,Heterogametic,XY,12
Animalia,Insecta,Diptera,Calliphoridae,Paratricyclea,surcoufi,Animalia|Insecta|Diptera|Calliphoridae|Paratricyclea|surcoufi,Achiasmatic Meiosis,Heterogametic,XY,12
Animalia,Insecta,Diptera,Calliphoridae,Phaenicia,caeruleiviridis,Animalia|Insecta|Diptera|Calliphoridae|Phaenicia|caeruleiviridis,Achiasmatic Meiosis,Heterogametic,XY,12
Animalia,Insecta,Diptera,Calliphoridae,Phaenicia,coernleiviridis,Animalia|Insecta|Diptera|Calliphoridae|Phaenicia|coernleiviridis,Achiasmatic Meiosis,Heterogametic,XY,12
Animalia,Insecta,Diptera,Calliphoridae,Phaenicia,cuprina,Animalia|Insecta|Diptera|Calliphoridae|Phaenicia|cuprina,Achiasmatic Meiosis,Heterogametic,XY,12
Animalia,Insecta,Diptera,Calliphoridae,Phaenicia,eximia,Animalia|Insecta|Diptera|Calliphoridae|Phaenicia|eximia,Achiasmatic Meiosis,Heterogametic,XY,12
Animalia,Insecta,Diptera,Calliphoridae,Phaenicia,sericata,Animalia|Insecta|Diptera|Calliphoridae|Phaenicia|sericata,Achiasmatic Meiosis,Heterogametic,XY,12
Animalia,Insecta,Diptera,Calliphoridae,Phormia,regina,Animalia|Insecta|Diptera|Calliphoridae|Phormia|regina,Achiasmatic Meiosis,Heterogametic,XY,12
Animalia,Insecta,Diptera,Calliphoridae,Phormia,terraenovae,Animalia|Insecta|Diptera|Calliphoridae|Phormia|terraenovae,Achiasmatic Meiosis,Heterogametic,XY,12
Animalia,Insecta,Diptera,Calliphoridae,Phumosia,promittens,Animalia|Insecta|Diptera|Calliphoridae|Phumosia|promittens,Achiasmatic Meiosis,Heterogametic,XY,12
Animalia,Insecta,Diptera,Calliphoridae,Pollenia,nigripes,Animalia|Insecta|Diptera|Calliphoridae|Pollenia|nigripes,Achiasmatic Meiosis,Heterogametic,XY,12
Animalia,Insecta,Diptera,Calliphoridae,Pollenia,rudis,Animalia|Insecta|Diptera|Calliphoridae|Pollenia|rudis,Achiasmatic Meiosis,Heterogametic,XY,12
Animalia,Insecta,Diptera,Calliphoridae,Pollenia,rudisI,Animalia|Insecta|Diptera|Calliphoridae|Pollenia|rudisI,Achiasmatic Meiosis,Heterogametic,XY,12
Animalia,Insecta,Diptera,Calliphoridae,Pollenia,rudisII,Animalia|Insecta|Diptera|Calliphoridae|Pollenia|rudisII,Achiasmatic Meiosis,Heterogametic,XY,12
Animalia,Insecta,Diptera,Calliphoridae,Pollenia,rudisIII,Animalia|Insecta|Diptera|Calliphoridae|Pollenia|rudisIII,Achiasmatic Meiosis,Heterogametic,XY,12
Animalia,Insecta,Diptera,Calliphoridae,Polleniopsis,hokurikuensis,Animalia|Insecta|Diptera|Calliphoridae|Polleniopsis|hokurikuensis,Achiasmatic Meiosis,Heterogametic,XY,12
Animalia,Insecta,Diptera,Calliphoridae,Protocalliphora,aenea,Animalia|Insecta|Diptera|Calliphoridae|Protocalliphora|aenea,Achiasmatic Meiosis,Heterogametic,XY,12
Animalia,Insecta,Diptera,Calliphoridae,Protocalliphora,avium,Animalia|Insecta|Diptera|Calliphoridae|Protocalliphora|avium,Achiasmatic Meiosis,Heterogametic,XY,12
Animalia,Insecta,Diptera,Calliphoridae,Protocalliphora,falcozi,Animalia|Insecta|Diptera|Calliphoridae|Protocalliphora|falcozi,Achiasmatic Meiosis,Heterogametic,XY,12
Animalia,Insecta,Diptera,Calliphoridae,Protocalliphora,hirundo,Animalia|Insecta|Diptera|Calliphoridae|Protocalliphora|hirundo,Achiasmatic Meiosis,Heterogametic,XY,12
Animalia,Insecta,Diptera,Calliphoridae,Protocalliphora,metallica,Animalia|Insecta|Diptera|Calliphoridae|Protocalliphora|metallica,Achiasmatic Meiosis,Heterogametic,XY,12
Animalia,Insecta,Diptera,Calliphoridae,Protocalliphora,sialia,Animalia|Insecta|Diptera|Calliphoridae|Protocalliphora|sialia,Achiasmatic Meiosis,Heterogametic,XY,12
Animalia,Insecta,Diptera,Calliphoridae,Protocalliphora,sp,Animalia|Insecta|Diptera|Calliphoridae|Protocalliphora|sp,Achiasmatic Meiosis,Heterogametic,XY,12
Animalia,Insecta,Diptera,Calliphoridae,Protophormia,terraenovae,Animalia|Insecta|Diptera|Calliphoridae|Protophormia|terraenovae,Achiasmatic Meiosis,Heterogametic,XY,12
Animalia,Insecta,Diptera,Calliphoridae,Protophormia,terraenovaeI,Animalia|Insecta|Diptera|Calliphoridae|Protophormia|terraenovaeI,Achiasmatic Meiosis,Heterogametic,XY,12
Animalia,Insecta,Diptera,Calliphoridae,Protophormia,terraenovaeII,Animalia|Insecta|Diptera|Calliphoridae|Protophormia|terraenovaeII,Achiasmatic Meiosis,Heterogametic,XY,12
Animalia,Insecta,Diptera,Calliphoridae,Rhinia,apicalis,Animalia|Insecta|Diptera|Calliphoridae|Rhinia|apicalis,Achiasmatic Meiosis,Heterogametic,XY,12
Animalia,Insecta,Diptera,Calliphoridae,Rhinia,discolor,Animalia|Insecta|Diptera|Calliphoridae|Rhinia|discolor,Achiasmatic Meiosis,Heterogametic,XY,12
Animalia,Insecta,Diptera,Calliphoridae,Rhinia,subapicalis,Animalia|Insecta|Diptera|Calliphoridae|Rhinia|subapicalis,Achiasmatic Meiosis,Heterogametic,XY,12
Animalia,Insecta,Diptera,Calliphoridae,Rhyncomyia,italica,Animalia|Insecta|Diptera|Calliphoridae|Rhyncomyia|italica,Achiasmatic Meiosis,Heterogametic,XY,12
Animalia,Insecta,Diptera,Calliphoridae,Rhyncomyia,stannocuprea,Animalia|Insecta|Diptera|Calliphoridae|Rhyncomyia|stannocuprea,Achiasmatic Meiosis,Heterogametic,XY,12
Animalia,Insecta,Diptera,Calliphoridae,Sarconesiopsis,chilensis,Animalia|Insecta|Diptera|Calliphoridae|Sarconesiopsis|chilensis,Achiasmatic Meiosis,Heterogametic,XY,12
Animalia,Insecta,Diptera,Calliphoridae,Sphenometrops,tergata,Animalia|Insecta|Diptera|Calliphoridae|Sphenometrops|tergata,Achiasmatic Meiosis,Heterogametic,XY,12
Animalia,Insecta,Diptera,Calliphoridae,Stomorhina,armatipes,Animalia|Insecta|Diptera|Calliphoridae|Stomorhina|armatipes,Achiasmatic Meiosis,Heterogametic,XY,12
Animalia,Insecta,Diptera,Calliphoridae,Stomorhina,lunata,Animalia|Insecta|Diptera|Calliphoridae|Stomorhina|lunata,Achiasmatic Meiosis,Heterogametic,XY,12
Animalia,Insecta,Diptera,Calliphoridae,Stomorhina,obsoleta,Animalia|Insecta|Diptera|Calliphoridae|Stomorhina|obsoleta,Achiasmatic Meiosis,Heterogametic,XY,12
Animalia,Insecta,Diptera,Calliphoridae,Triceratopyga,calliphoroides,Animalia|Insecta|Diptera|Calliphoridae|Triceratopyga|calliphoroides,Achiasmatic Meiosis,Heterogametic,XY,12
Animalia,Insecta,Diptera,Calliphoridae,Xenocalliphora,hortona,Animalia|Insecta|Diptera|Calliphoridae|Xenocalliphora|hortona,Achiasmatic Meiosis,Heterogametic,XY,12
Animalia,Insecta,Diptera,Cecidomyiidae,Asphondylia,monacha,Animalia|Insecta|Diptera|Cecidomyiidae|Asphondylia|monacha,Achiasmatic Meiosis,Heterogametic,XO,8
Animalia,Insecta,Diptera,Cecidomyiidae,Asteromyia,rubra,Animalia|Insecta|Diptera|Cecidomyiidae|Asteromyia|rubra,Achiasmatic Meiosis,Heterogametic,XO,8
Animalia,Insecta,Diptera,Cecidomyiidae,Caryomyia,sp,Animalia|Insecta|Diptera|Cecidomyiidae|Caryomyia|sp,Achiasmatic Meiosis,Heterogametic,XO,8
Animalia,Insecta,Diptera,Cecidomyiidae,Cecidomyia,serotinae,Animalia|Insecta|Diptera|Cecidomyiidae|Cecidomyia|serotinae,Achiasmatic Meiosis,Heterogametic,XO,8
Animalia,Insecta,Diptera,Cecidomyiidae,Cecidomyia,sp.,Animalia|Insecta|Diptera|Cecidomyiidae|Cecidomyia|sp.,Achiasmatic Meiosis,Heterogametic,XO,8
Animalia,Insecta,Diptera,Cecidomyiidae,Cecidomyia,vicola,Animalia|Insecta|Diptera|Cecidomyiidae|Cecidomyia|vicola,Achiasmatic Meiosis,Heterogametic,XO,8
Animalia,Insecta,Diptera,Cecidomyiidae,Dasyneura,affinis,Animalia|Insecta|Diptera|Cecidomyiidae|Dasyneura|affinis,Achiasmatic Meiosis,Heterogametic,XO,8
Animalia,Insecta,Diptera,Cecidomyiidae,Lasioptera,asterspinosae,Animalia|Insecta|Diptera|Cecidomyiidae|Lasioptera|asterspinosae,Achiasmatic Meiosis,Heterogametic,XO,8
Animalia,Insecta,Diptera,Cecidomyiidae,Lestodiplosis,sp,Animalia|Insecta|Diptera|Cecidomyiidae|Lestodiplosis|sp,Achiasmatic Meiosis,Heterogametic,XO,8
Animalia,Insecta,Diptera,Cecidomyiidae,Mayetiola,destructor,Animalia|Insecta|Diptera|Cecidomyiidae|Mayetiola|destructor,Achiasmatic Meiosis,Heterogametic,NA,8
Animalia,Insecta,Diptera,Cecidomyiidae,Mayetiola,hordei,Animalia|Insecta|Diptera|Cecidomyiidae|Mayetiola|hordei,Achiasmatic Meiosis,Heterogametic,NA,8
Animalia,Insecta,Diptera,Cecidomyiidae,Miastor,americana,Animalia|Insecta|Diptera|Cecidomyiidae|Miastor|americana,Achiasmatic Meiosis,Heterogametic,XO,12
Animalia,Insecta,Diptera,Cecidomyiidae,Monarthropalpus,buxi,Animalia|Insecta|Diptera|Cecidomyiidae|Monarthropalpus|buxi,Achiasmatic Meiosis,Heterogametic,XO,8
Animalia,Insecta,Diptera,Cecidomyiidae,Oligotrphus,pattersoni,Animalia|Insecta|Diptera|Cecidomyiidae|Oligotrphus|pattersoni,Achiasmatic Meiosis,Heterogametic,XO,8
Animalia,Insecta,Diptera,Cecidomyiidae,Ontarinia,canadensis,Animalia|Insecta|Diptera|Cecidomyiidae|Ontarinia|canadensis,Achiasmatic Meiosis,Heterogametic,XO,8
Animalia,Insecta,Diptera,Cecidomyiidae,Phytophaga,celtiphyllia,Animalia|Insecta|Diptera|Cecidomyiidae|Phytophaga|celtiphyllia,Achiasmatic Meiosis,Heterogametic,XO,12
Animalia,Insecta,Diptera,Cecidomyiidae,Phytophaga,destructor,Animalia|Insecta|Diptera|Cecidomyiidae|Phytophaga|destructor,Achiasmatic Meiosis,Heterogametic,NA,8
Animalia,Insecta,Diptera,Cecidomyiidae,Rhopalomyia,sabinae,Animalia|Insecta|Diptera|Cecidomyiidae|Rhopalomyia|sabinae,Achiasmatic Meiosis,Heterogametic,XO,8
Animalia,Insecta,Diptera,Cecidomyiidae,Taxomyia,taxi,Animalia|Insecta|Diptera|Cecidomyiidae|Taxomyia|taxi,Achiasmatic Meiosis,Heterogametic,XO,8
Animalia,Insecta,Diptera,Cecidomyiidae,Trishormomyia,helianthi,Animalia|Insecta|Diptera|Cecidomyiidae|Trishormomyia|helianthi,Achiasmatic Meiosis,Heterogametic,XO,8
Animalia,Insecta,Diptera,Cecidomyiidae,Walshomyia,texana,Animalia|Insecta|Diptera|Cecidomyiidae|Walshomyia|texana,Achiasmatic Meiosis,Heterogametic,XO,8
Animalia,Insecta,Diptera,Chamaemyiidae,Cremifania,nigrocellulata,Animalia|Insecta|Diptera|Chamaemyiidae|Cremifania|nigrocellulata,Achiasmatic Meiosis,Heterogametic,XY,6
Animalia,Insecta,Diptera,Chamaemyiidae,Leucopis,obscura,Animalia|Insecta|Diptera|Chamaemyiidae|Leucopis|obscura,Achiasmatic Meiosis,Heterogametic,NA,10
Animalia,Insecta,Diptera,Chloropidae,Chlorops,oryzae,Animalia|Insecta|Diptera|Chloropidae|Chlorops|oryzae,Achiasmatic Meiosis,Heterogametic,NA,8
Animalia,Insecta,Diptera,Diopsidae,Sphyracephala,brevicornis,Animalia|Insecta|Diptera|Diopsidae|Sphyracephala|brevicornis,Achiasmatic Meiosis,Heterogametic,XY,10
Animalia,Insecta,Diptera,Drosophilidae,Adetoxenus,Formosus,Animalia|Insecta|Diptera|Drosophilidae|Adetoxenus|Formosus,Achiasmatic Meiosis,Heterogametic,NA,12
Animalia,Insecta,Diptera,Drosophilidae,Antopocerus,aduncus,Animalia|Insecta|Diptera|Drosophilidae|Antopocerus|aduncus,Achiasmatic Meiosis,Heterogametic,NA,12
Animalia,Insecta,Diptera,Drosophilidae,Antopocerus,arcuatus,Animalia|Insecta|Diptera|Drosophilidae|Antopocerus|arcuatus,Achiasmatic Meiosis,Heterogametic,NA,12
Animalia,Insecta,Diptera,Drosophilidae,Antopocerus,cognatus,Animalia|Insecta|Diptera|Drosophilidae|Antopocerus|cognatus,Achiasmatic Meiosis,Heterogametic,NA,12
Animalia,Insecta,Diptera,Drosophilidae,Antopocerus,diamphidiopodus,Animalia|Insecta|Diptera|Drosophilidae|Antopocerus|diamphidiopodus,Achiasmatic Meiosis,Heterogametic,NA,12
Animalia,Insecta,Diptera,Drosophilidae,Antopocerus,tanythrix,Animalia|Insecta|Diptera|Drosophilidae|Antopocerus|tanythrix,Achiasmatic Meiosis,Heterogametic,NA,12
Animalia,Insecta,Diptera,Drosophilidae,Antopocerus,villosus,Animalia|Insecta|Diptera|Drosophilidae|Antopocerus|villosus,Achiasmatic Meiosis,Heterogametic,NA,12
Animalia,Insecta,Diptera,Drosophilidae,Bunostoma,anomala,Animalia|Insecta|Diptera|Drosophilidae|Bunostoma|anomala,Achiasmatic Meiosis,Heterogametic,NA,10
Animalia,Insecta,Diptera,Drosophilidae,Bunostoma,n.,Animalia|Insecta|Diptera|Drosophilidae|Bunostoma|n.,Achiasmatic Meiosis,Heterogametic,NA,8
Animalia,Insecta,Diptera,Drosophilidae,Bunostoma,palmae,Animalia|Insecta|Diptera|Drosophilidae|Bunostoma|palmae,Achiasmatic Meiosis,Heterogametic,NA,10
Animalia,Insecta,Diptera,Drosophilidae,Bunostoma,varifrons,Animalia|Insecta|Diptera|Drosophilidae|Bunostoma|varifrons,Achiasmatic Meiosis,Heterogametic,NA,10
Animalia,Insecta,Diptera,Drosophilidae,Bunostoma,xanthopleura,Animalia|Insecta|Diptera|Drosophilidae|Bunostoma|xanthopleura,Achiasmatic Meiosis,Heterogametic,NA,10
Animalia,Insecta,Diptera,Drosophilidae,Cacoxenus,indigator,Animalia|Insecta|Diptera|Drosophilidae|Cacoxenus|indigator,Achiasmatic Meiosis,Heterogametic,NA,8
Animalia,Insecta,Diptera,Drosophilidae,Chymomyza,aldrichii,Animalia|Insecta|Diptera|Drosophilidae|Chymomyza|aldrichii,Achiasmatic Meiosis,Heterogametic,XY,8
Animalia,Insecta,Diptera,Drosophilidae,Chymomyza,amoena,Animalia|Insecta|Diptera|Drosophilidae|Chymomyza|amoena,Achiasmatic Meiosis,Heterogametic,XY,8
Animalia,Insecta,Diptera,Drosophilidae,Chymomyza,costata,Animalia|Insecta|Diptera|Drosophilidae|Chymomyza|costata,Achiasmatic Meiosis,Heterogametic,NA,8
Animalia,Insecta,Diptera,Drosophilidae,Chymomyza,coxata,Animalia|Insecta|Diptera|Drosophilidae|Chymomyza|coxata,Achiasmatic Meiosis,Heterogametic,NA,8
Animalia,Insecta,Diptera,Drosophilidae,Chymomyza,procnemis,Animalia|Insecta|Diptera|Drosophilidae|Chymomyza|procnemis,Achiasmatic Meiosis,Heterogametic,NA,8
Animalia,Insecta,Diptera,Drosophilidae,Chymomyza,wirthii,Animalia|Insecta|Diptera|Drosophilidae|Chymomyza|wirthii,Achiasmatic Meiosis,Heterogametic,XY,8
Animalia,Insecta,Diptera,Drosophilidae,Cladochaeta,nebulosa,Animalia|Insecta|Diptera|Drosophilidae|Cladochaeta|nebulosa,Achiasmatic Meiosis,Heterogametic,NA,8
Animalia,Insecta,Diptera,Drosophilidae,Dettopsomyia,nigrovittata,Animalia|Insecta|Diptera|Drosophilidae|Dettopsomyia|nigrovittata,Achiasmatic Meiosis,Heterogametic,NA,10
Animalia,Insecta,Diptera,Drosophilidae,Drosophila,"""melanissima""","Animalia|Insecta|Diptera|Drosophilidae|Drosophila|""melanissima""",Achiasmatic Meiosis,Heterogametic,XY,10
Animalia,Insecta,Diptera,Drosophilidae,Drosophila,acanthoptera,Animalia|Insecta|Diptera|Drosophilidae|Drosophila|acanthoptera,Achiasmatic Meiosis,Heterogametic,XY,10
Animalia,Insecta,Diptera,Drosophilidae,Drosophila,acutilabella,Animalia|Insecta|Diptera|Drosophilidae|Drosophila|acutilabella,Achiasmatic Meiosis,Heterogametic,NA,8
Animalia,Insecta,Diptera,Drosophilidae,Drosophila,adiastola,Animalia|Insecta|Diptera|Drosophilidae|Drosophila|adiastola,Achiasmatic Meiosis,Heterogametic,NA,12
Animalia,Insecta,Diptera,Drosophilidae,Drosophila,adunca,Animalia|Insecta|Diptera|Drosophilidae|Drosophila|adunca,Achiasmatic Meiosis,Heterogametic,NA,12
Animalia,Insecta,Diptera,Drosophilidae,Drosophila,afer,Animalia|Insecta|Diptera|Drosophilidae|Drosophila|afer,Achiasmatic Meiosis,Heterogametic,XY,10
Animalia,Insecta,Diptera,Drosophilidae,Drosophila,affinidisjuncta,Animalia|Insecta|Diptera|Drosophilidae|Drosophila|affinidisjuncta,Achiasmatic Meiosis,Heterogametic,NA,12
Animalia,Insecta,Diptera,Drosophilidae,Drosophila,affinis,Animalia|Insecta|Diptera|Drosophilidae|Drosophila|affinis,Achiasmatic Meiosis,Heterogametic,XY,10
Animalia,Insecta,Diptera,Drosophilidae,Drosophila,aglaia,Animalia|Insecta|Diptera|Drosophilidae|Drosophila|aglaia,Achiasmatic Meiosis,Heterogametic,NA,12
Animalia,Insecta,Diptera,Drosophilidae,Drosophila,agumbensis,Animalia|Insecta|Diptera|Drosophilidae|Drosophila|agumbensis,Achiasmatic Meiosis,Heterogametic,XY,8
Animalia,Insecta,Diptera,Drosophilidae,Drosophila,airzonensis,Animalia|Insecta|Diptera|Drosophilidae|Drosophila|airzonensis,Achiasmatic Meiosis,Heterogametic,XY,12
Animalia,Insecta,Diptera,Drosophilidae,Drosophila,albirostris,Animalia|Insecta|Diptera|Drosophilidae|Drosophila|albirostris,Achiasmatic Meiosis,Heterogametic,XY,12
Animalia,Insecta,Diptera,Drosophilidae,Drosophila,albomicans,Animalia|Insecta|Diptera|Drosophilidae|Drosophila|albomicans,Achiasmatic Meiosis,Heterogametic,NA,8
Animalia,Insecta,Diptera,Drosophilidae,Drosophila,alboralis,Animalia|Insecta|Diptera|Drosophilidae|Drosophila|alboralis,Achiasmatic Meiosis,Heterogametic,NA,12
Animalia,Insecta,Diptera,Drosophilidae,Drosophila,aldrichi,Animalia|Insecta|Diptera|Drosophilidae|Drosophila|aldrichi,Achiasmatic Meiosis,Heterogametic,XY,12
Animalia,Insecta,Diptera,Drosophilidae,Drosophila,alexandrei,Animalia|Insecta|Diptera|Drosophilidae|Drosophila|alexandrei,Achiasmatic Meiosis,Heterogametic,NA,8
Animalia,Insecta,Diptera,Drosophilidae,Drosophila,algonquin,Animalia|Insecta|Diptera|Drosophilidae|Drosophila|algonquin,Achiasmatic Meiosis,Heterogametic,XY,10
Animalia,Insecta,Diptera,Drosophilidae,Drosophila,alpina,Animalia|Insecta|Diptera|Drosophilidae|Drosophila|alpina,Achiasmatic Meiosis,Heterogametic,NA,6
Animalia,Insecta,Diptera,Drosophilidae,Drosophila,alsophila,Animalia|Insecta|Diptera|Drosophilidae|Drosophila|alsophila,Achiasmatic Meiosis,Heterogametic,NA,12
Animalia,Insecta,Diptera,Drosophilidae,Drosophila,altiplanica,Animalia|Insecta|Diptera|Drosophilidae|Drosophila|altiplanica,Achiasmatic Meiosis,Heterogametic,NA,10
Animalia,Insecta,Diptera,Drosophilidae,Drosophila,ambigua,Animalia|Insecta|Diptera|Drosophilidae|Drosophila|ambigua,Achiasmatic Meiosis,Heterogametic,XY,10
Animalia,Insecta,Diptera,Drosophilidae,Drosophila,americana,Animalia|Insecta|Diptera|Drosophilidae|Drosophila|americana,Achiasmatic Meiosis,Heterogametic,NA,8
Animalia,Insecta,Diptera,Drosophilidae,Drosophila,amplilobus,Animalia|Insecta|Diptera|Drosophilidae|Drosophila|amplilobus,Achiasmatic Meiosis,Heterogametic,NA,10
Animalia,Insecta,Diptera,Drosophilidae,Drosophila,ananassae,Animalia|Insecta|Diptera|Drosophilidae|Drosophila|ananassae,Achiasmatic Meiosis,Heterogametic,NA,8
Animalia,Insecta,Diptera,Drosophilidae,Drosophila,anceps,Animalia|Insecta|Diptera|Drosophilidae|Drosophila|anceps,Achiasmatic Meiosis,Heterogametic,XY,12
Animalia,Insecta,Diptera,Drosophilidae,Drosophila,andamensis,Animalia|Insecta|Diptera|Drosophilidae|Drosophila|andamensis,Achiasmatic Meiosis,Heterogametic,XY,8
Animalia,Insecta,Diptera,Drosophilidae,Drosophila,andina,Animalia|Insecta|Diptera|Drosophilidae|Drosophila|andina,Achiasmatic Meiosis,Heterogametic,XY,10
Animalia,Insecta,Diptera,Drosophilidae,Drosophila,angularis,Animalia|Insecta|Diptera|Drosophilidae|Drosophila|angularis,Achiasmatic Meiosis,Heterogametic,NA,12
Animalia,Insecta,Diptera,Drosophilidae,Drosophila,angustibucca,Animalia|Insecta|Diptera|Drosophilidae|Drosophila|angustibucca,Achiasmatic Meiosis,Heterogametic,NA,12
Animalia,Insecta,Diptera,Drosophilidae,Drosophila,annulimana,Animalia|Insecta|Diptera|Drosophilidae|Drosophila|annulimana,Achiasmatic Meiosis,Heterogametic,XO,10
Animalia,Insecta,Diptera,Drosophilidae,Drosophila,annulipes,Animalia|Insecta|Diptera|Drosophilidae|Drosophila|annulipes,Achiasmatic Meiosis,Heterogametic,XY,6
Animalia,Insecta,Diptera,Drosophilidae,Drosophila,anomalipes,Animalia|Insecta|Diptera|Drosophilidae|Drosophila|anomalipes,Achiasmatic Meiosis,Heterogametic,NA,12
Animalia,Insecta,Diptera,Drosophilidae,Drosophila,anomelani,Animalia|Insecta|Diptera|Drosophilidae|Drosophila|anomelani,Achiasmatic Meiosis,Heterogametic,XY,8
Animalia,Insecta,Diptera,Drosophilidae,Drosophila,anoplastoma,Animalia|Insecta|Diptera|Drosophilidae|Drosophila|anoplastoma,Achiasmatic Meiosis,Heterogametic,NA,12
Animalia,Insecta,Diptera,Drosophilidae,Drosophila,antilla,Animalia|Insecta|Diptera|Drosophilidae|Drosophila|antilla,Achiasmatic Meiosis,Heterogametic,NA,8
Animalia,Insecta,Diptera,Drosophilidae,Drosophila,aracea,Animalia|Insecta|Diptera|Drosophilidae|Drosophila|aracea,Achiasmatic Meiosis,Heterogametic,NA,6
Animalia,Insecta,Diptera,Drosophilidae,Drosophila,araicas,Animalia|Insecta|Diptera|Drosophilidae|Drosophila|araicas,Achiasmatic Meiosis,Heterogametic,NA,10
Animalia,Insecta,Diptera,Drosophilidae,Drosophila,arapuan,Animalia|Insecta|Diptera|Drosophilidae|Drosophila|arapuan,Achiasmatic Meiosis,Heterogametic,XY,8
Animalia,Insecta,Diptera,Drosophilidae,Drosophila,ararama,Animalia|Insecta|Diptera|Drosophilidae|Drosophila|ararama,Achiasmatic Meiosis,Heterogametic,NA,10
Animalia,Insecta,Diptera,Drosophilidae,Drosophila,arassari,Animalia|Insecta|Diptera|Drosophilidae|Drosophila|arassari,Achiasmatic Meiosis,Heterogametic,XY,12
Animalia,Insecta,Diptera,Drosophilidae,Drosophila,arauana,Animalia|Insecta|Diptera|Drosophilidae|Drosophila|arauana,Achiasmatic Meiosis,Heterogametic,NA,12
Animalia,Insecta,Diptera,Drosophilidae,Drosophila,araucana,Animalia|Insecta|Diptera|Drosophilidae|Drosophila|araucana,Achiasmatic Meiosis,Heterogametic,XY,12
Animalia,Insecta,Diptera,Drosophilidae,Drosophila,arauna,Animalia|Insecta|Diptera|Drosophilidae|Drosophila|arauna,Achiasmatic Meiosis,Heterogametic,NA,12
Animalia,Insecta,Diptera,Drosophilidae,Drosophila,arawakana,Animalia|Insecta|Diptera|Drosophilidae|Drosophila|arawakana,Achiasmatic Meiosis,Heterogametic,XY,8
Animalia,Insecta,Diptera,Drosophilidae,Drosophila,arcuata,Animalia|Insecta|Diptera|Drosophilidae|Drosophila|arcuata,Achiasmatic Meiosis,Heterogametic,NA,12
Animalia,Insecta,Diptera,Drosophilidae,Drosophila,argentostriata,Animalia|Insecta|Diptera|Drosophilidae|Drosophila|argentostriata,Achiasmatic Meiosis,Heterogametic,NA,12
Animalia,Insecta,Diptera,Drosophilidae,Drosophila,arizonensis,Animalia|Insecta|Diptera|Drosophilidae|Drosophila|arizonensis,Achiasmatic Meiosis,Heterogametic,XY,12
Animalia,Insecta,Diptera,Drosophilidae,Drosophila,asketostoma,Animalia|Insecta|Diptera|Drosophilidae|Drosophila|asketostoma,Achiasmatic Meiosis,Heterogametic,NA,12
Animalia,Insecta,Diptera,Drosophilidae,Drosophila,asper,Animalia|Insecta|Diptera|Drosophilidae|Drosophila|asper,Achiasmatic Meiosis,Heterogametic,NA,12
Animalia,Insecta,Diptera,Drosophilidae,Drosophila,assita,Animalia|Insecta|Diptera|Drosophilidae|Drosophila|assita,Achiasmatic Meiosis,Heterogametic,NA,12
Animalia,Insecta,Diptera,Drosophilidae,Drosophila,atalaia,Animalia|Insecta|Diptera|Drosophilidae|Drosophila|atalaia,Achiasmatic Meiosis,Heterogametic,XY,6
Animalia,Insecta,Diptera,Drosophilidae,Drosophila,athabasca,Animalia|Insecta|Diptera|Drosophilidae|Drosophila|athabasca,Achiasmatic Meiosis,Heterogametic,XY,10
Animalia,Insecta,Diptera,Drosophilidae,Drosophila,atrata,Animalia|Insecta|Diptera|Drosophilidae|Drosophila|atrata,Achiasmatic Meiosis,Heterogametic,NA,12
Animalia,Insecta,Diptera,Drosophilidae,Drosophila,atrimentum,Animalia|Insecta|Diptera|Drosophilidae|Drosophila|atrimentum,Achiasmatic Meiosis,Heterogametic,NA,12
Animalia,Insecta,Diptera,Drosophilidae,Drosophila,atripex,Animalia|Insecta|Diptera|Drosophilidae|Drosophila|atripex,Achiasmatic Meiosis,Heterogametic,XY,8
Animalia,Insecta,Diptera,Drosophilidae,Drosophila,atroscutellata,Animalia|Insecta|Diptera|Drosophilidae|Drosophila|atroscutellata,Achiasmatic Meiosis,Heterogametic,NA,12
Animalia,Insecta,Diptera,Drosophilidae,Drosophila,attigua,Animalia|Insecta|Diptera|Drosophilidae|Drosophila|attigua,Achiasmatic Meiosis,Heterogametic,NA,12
Animalia,Insecta,Diptera,Drosophilidae,Drosophila,auraria,Animalia|Insecta|Diptera|Drosophilidae|Drosophila|auraria,Achiasmatic Meiosis,Heterogametic,XY,8
Animalia,Insecta,Diptera,Drosophilidae,Drosophila,aureata,Animalia|Insecta|Diptera|Drosophilidae|Drosophila|aureata,Achiasmatic Meiosis,Heterogametic,XY,12
Animalia,Insecta,Diptera,Drosophilidae,Drosophila,austrosaltans,Animalia|Insecta|Diptera|Drosophilidae|Drosophila|austrosaltans,Achiasmatic Meiosis,Heterogametic,NA,6
Animalia,Insecta,Diptera,Drosophilidae,Drosophila,azteca,Animalia|Insecta|Diptera|Drosophilidae|Drosophila|azteca,Achiasmatic Meiosis,Heterogametic,XY,10
Animalia,Insecta,Diptera,Drosophilidae,Drosophila,baelladunni,Animalia|Insecta|Diptera|Drosophilidae|Drosophila|baelladunni,Achiasmatic Meiosis,Heterogametic,NA,8
Animalia,Insecta,Diptera,Drosophilidae,Drosophila,baimaii,Animalia|Insecta|Diptera|Drosophilidae|Drosophila|baimaii,Achiasmatic Meiosis,Heterogametic,XY,6
Animalia,Insecta,Diptera,Drosophilidae,Drosophila,bakoue,Animalia|Insecta|Diptera|Drosophilidae|Drosophila|bakoue,Achiasmatic Meiosis,Heterogametic,NA,8
Animalia,Insecta,Diptera,Drosophilidae,Drosophila,balioptera,Animalia|Insecta|Diptera|Drosophilidae|Drosophila|balioptera,Achiasmatic Meiosis,Heterogametic,NA,12
Animalia,Insecta,Diptera,Drosophilidae,Drosophila,bandeirantorum,Animalia|Insecta|Diptera|Drosophilidae|Drosophila|bandeirantorum,Achiasmatic Meiosis,Heterogametic,XY,12
Animalia,Insecta,Diptera,Drosophilidae,Drosophila,barbarae,Animalia|Insecta|Diptera|Drosophilidae|Drosophila|barbarae,Achiasmatic Meiosis,Heterogametic,XY,6
Animalia,Insecta,Diptera,Drosophilidae,Drosophila,basimacula,Animalia|Insecta|Diptera|Drosophilidae|Drosophila|basimacula,Achiasmatic Meiosis,Heterogametic,NA,12
Animalia,Insecta,Diptera,Drosophilidae,Drosophila,basisetae,Animalia|Insecta|Diptera|Drosophilidae|Drosophila|basisetae,Achiasmatic Meiosis,Heterogametic,NA,12
Animalia,Insecta,Diptera,Drosophilidae,Drosophila,bedicheki,Animalia|Insecta|Diptera|Drosophilidae|Drosophila|bedicheki,Achiasmatic Meiosis,Heterogametic,NA,8
Animalia,Insecta,Diptera,Drosophilidae,Drosophila,belladunni,Animalia|Insecta|Diptera|Drosophilidae|Drosophila|belladunni,Achiasmatic Meiosis,Heterogametic,XY,8
Animalia,Insecta,Diptera,Drosophilidae,Drosophila,betari,Animalia|Insecta|Diptera|Drosophilidae|Drosophila|betari,Achiasmatic Meiosis,Heterogametic,XY,10
Animalia,Insecta,Diptera,Drosophilidae,Drosophila,biarmipes,Animalia|Insecta|Diptera|Drosophilidae|Drosophila|biarmipes,Achiasmatic Meiosis,Heterogametic,XY,8
Animalia,Insecta,Diptera,Drosophilidae,Drosophila,biauraria,Animalia|Insecta|Diptera|Drosophilidae|Drosophila|biauraria,Achiasmatic Meiosis,Heterogametic,XY,6
Animalia,Insecta,Diptera,Drosophilidae,Drosophila,bicornuta,Animalia|Insecta|Diptera|Drosophilidae|Drosophila|bicornuta,Achiasmatic Meiosis,Heterogametic,XY,8
Animalia,Insecta,Diptera,Drosophilidae,Drosophila,bifasciata,Animalia|Insecta|Diptera|Drosophilidae|Drosophila|bifasciata,Achiasmatic Meiosis,Heterogametic,NA,10
Animalia,Insecta,Diptera,Drosophilidae,Drosophila,bifasicata,Animalia|Insecta|Diptera|Drosophilidae|Drosophila|bifasicata,Achiasmatic Meiosis,Heterogametic,XY,10
Animalia,Insecta,Diptera,Drosophilidae,Drosophila,bifurca,Animalia|Insecta|Diptera|Drosophilidae|Drosophila|bifurca,Achiasmatic Meiosis,Heterogametic,XY,12
Animalia,Insecta,Diptera,Drosophilidae,Drosophila,biopaca,Animalia|Insecta|Diptera|Drosophilidae|Drosophila|biopaca,Achiasmatic Meiosis,Heterogametic,NA,6
Animalia,Insecta,Diptera,Drosophilidae,Drosophila,bipectinata,Animalia|Insecta|Diptera|Drosophilidae|Drosophila|bipectinata,Achiasmatic Meiosis,Heterogametic,XY,8
Animalia,Insecta,Diptera,Drosophilidae,Drosophila,bipunctata,Animalia|Insecta|Diptera|Drosophilidae|Drosophila|bipunctata,Achiasmatic Meiosis,Heterogametic,XY,12
Animalia,Insecta,Diptera,Drosophilidae,Drosophila,birchii,Animalia|Insecta|Diptera|Drosophilidae|Drosophila|birchii,Achiasmatic Meiosis,Heterogametic,XY,8
Animalia,Insecta,Diptera,Drosophilidae,Drosophila,biseriata,Animalia|Insecta|Diptera|Drosophilidae|Drosophila|biseriata,Achiasmatic Meiosis,Heterogametic,NA,10
Animalia,Insecta,Diptera,Drosophilidae,Drosophila,biseriata-like,Animalia|Insecta|Diptera|Drosophilidae|Drosophila|biseriata-like,Achiasmatic Meiosis,Heterogametic,NA,12
Animalia,Insecta,Diptera,Drosophilidae,Drosophila,bizonata,Animalia|Insecta|Diptera|Drosophilidae|Drosophila|bizonata,Achiasmatic Meiosis,Heterogametic,XY,8
Animalia,Insecta,Diptera,Drosophilidae,Drosophila,blumelae,Animalia|Insecta|Diptera|Drosophilidae|Drosophila|blumelae,Achiasmatic Meiosis,Heterogametic,XY,12
Animalia,Insecta,Diptera,Drosophilidae,Drosophila,bocainensis,Animalia|Insecta|Diptera|Drosophilidae|Drosophila|bocainensis,Achiasmatic Meiosis,Heterogametic,XY,6
Animalia,Insecta,Diptera,Drosophilidae,Drosophila,bocainoides,Animalia|Insecta|Diptera|Drosophilidae|Drosophila|bocainoides,Achiasmatic Meiosis,Heterogametic,NA,6
Animalia,Insecta,Diptera,Drosophilidae,Drosophila,bocki,Animalia|Insecta|Diptera|Drosophilidae|Drosophila|bocki,Achiasmatic Meiosis,Heterogametic,XY,8
Animalia,Insecta,Diptera,Drosophilidae,Drosophila,bocqueti,Animalia|Insecta|Diptera|Drosophilidae|Drosophila|bocqueti,Achiasmatic Meiosis,Heterogametic,NA,8
Animalia,Insecta,Diptera,Drosophilidae,Drosophila,borborema,Animalia|Insecta|Diptera|Drosophilidae|Drosophila|borborema,Achiasmatic Meiosis,Heterogametic,NA,12
Animalia,Insecta,Diptera,Drosophilidae,Drosophila,borealis,Animalia|Insecta|Diptera|Drosophilidae|Drosophila|borealis,Achiasmatic Meiosis,Heterogametic,NA,10
Animalia,Insecta,Diptera,Drosophilidae,Drosophila,bostrycha,Animalia|Insecta|Diptera|Drosophilidae|Drosophila|bostrycha,Achiasmatic Meiosis,Heterogametic,NA,12
Animalia,Insecta,Diptera,Drosophilidae,Drosophila,brachynephros,Animalia|Insecta|Diptera|Drosophilidae|Drosophila|brachynephros,Achiasmatic Meiosis,Heterogametic,NA,12
Animalia,Insecta,Diptera,Drosophilidae,Drosophila,brevicarinata,Animalia|Insecta|Diptera|Drosophilidae|Drosophila|brevicarinata,Achiasmatic Meiosis,Heterogametic,XY,12
Animalia,Insecta,Diptera,Drosophilidae,Drosophila,briegeri,Animalia|Insecta|Diptera|Drosophilidae|Drosophila|briegeri,Achiasmatic Meiosis,Heterogametic,NA,8
Animalia,Insecta,Diptera,Drosophilidae,Drosophila,bristle,Animalia|Insecta|Diptera|Drosophilidae|Drosophila|bristle,Achiasmatic Meiosis,Heterogametic,NA,10
Animalia,Insecta,Diptera,Drosophilidae,Drosophila,brncici,Animalia|Insecta|Diptera|Drosophilidae|Drosophila|brncici,Achiasmatic Meiosis,Heterogametic,NA,10
Animalia,Insecta,Diptera,Drosophilidae,Drosophila,bromeliae,Animalia|Insecta|Diptera|Drosophilidae|Drosophila|bromeliae,Achiasmatic Meiosis,Heterogametic,XY,8
Animalia,Insecta,Diptera,Drosophilidae,Drosophila,bromelioides,Animalia|Insecta|Diptera|Drosophilidae|Drosophila|bromelioides,Achiasmatic Meiosis,Heterogametic,XY,8
Animalia,Insecta,Diptera,Drosophilidae,Drosophila,brooksae,Animalia|Insecta|Diptera|Drosophilidae|Drosophila|brooksae,Achiasmatic Meiosis,Heterogametic,XY,8
Animalia,Insecta,Diptera,Drosophilidae,Drosophila,brunneipalpa,Animalia|Insecta|Diptera|Drosophilidae|Drosophila|brunneipalpa,Achiasmatic Meiosis,Heterogametic,XY,12
Animalia,Insecta,Diptera,Drosophilidae,Drosophila,brunneipennis,Animalia|Insecta|Diptera|Drosophilidae|Drosophila|brunneipennis,Achiasmatic Meiosis,Heterogametic,NA,12
Animalia,Insecta,Diptera,Drosophilidae,Drosophila,bryani,Animalia|Insecta|Diptera|Drosophilidae|Drosophila|bryani,Achiasmatic Meiosis,Heterogametic,NA,6
Animalia,Insecta,Diptera,Drosophilidae,Drosophila,busckii,Animalia|Insecta|Diptera|Drosophilidae|Drosophila|busckii,Achiasmatic Meiosis,Heterogametic,NA,6
Animalia,Insecta,Diptera,Drosophilidae,Drosophila,buzzatii,Animalia|Insecta|Diptera|Drosophilidae|Drosophila|buzzatii,Achiasmatic Meiosis,Heterogametic,XY,12
Animalia,Insecta,Diptera,Drosophilidae,Drosophila,californica,Animalia|Insecta|Diptera|Drosophilidae|Drosophila|californica,Achiasmatic Meiosis,Heterogametic,NA,8
Animalia,Insecta,Diptera,Drosophilidae,Drosophila,calloptera,Animalia|Insecta|Diptera|Drosophilidae|Drosophila|calloptera,Achiasmatic Meiosis,Heterogametic,XY,10
Animalia,Insecta,Diptera,Drosophilidae,Drosophila,camargoi,Animalia|Insecta|Diptera|Drosophilidae|Drosophila|camargoi,Achiasmatic Meiosis,Heterogametic,NA,8
Animalia,Insecta,Diptera,Drosophilidae,Drosophila,camaronensis,Animalia|Insecta|Diptera|Drosophilidae|Drosophila|camaronensis,Achiasmatic Meiosis,Heterogametic,NA,10
Animalia,Insecta,Diptera,Drosophilidae,Drosophila,canalinea,Animalia|Insecta|Diptera|Drosophilidae|Drosophila|canalinea,Achiasmatic Meiosis,Heterogametic,XY,6
Animalia,Insecta,Diptera,Drosophilidae,Drosophila,canalinioides,Animalia|Insecta|Diptera|Drosophilidae|Drosophila|canalinioides,Achiasmatic Meiosis,Heterogametic,XY,12
Animalia,Insecta,Diptera,Drosophilidae,Drosophila,canapalpa,Animalia|Insecta|Diptera|Drosophilidae|Drosophila|canapalpa,Achiasmatic Meiosis,Heterogametic,XY,12
Animalia,Insecta,Diptera,Drosophilidae,Drosophila,cancellata,Animalia|Insecta|Diptera|Drosophilidae|Drosophila|cancellata,Achiasmatic Meiosis,Heterogametic,NA,10
Animalia,Insecta,Diptera,Drosophilidae,Drosophila,caponei,Animalia|Insecta|Diptera|Drosophilidae|Drosophila|caponei,Achiasmatic Meiosis,Heterogametic,NA,8
Animalia,Insecta,Diptera,Drosophilidae,Drosophila,capricorni,Animalia|Insecta|Diptera|Drosophilidae|Drosophila|capricorni,Achiasmatic Meiosis,Heterogametic,XY,6
Animalia,Insecta,Diptera,Drosophilidae,Drosophila,carbonaria,Animalia|Insecta|Diptera|Drosophilidae|Drosophila|carbonaria,Achiasmatic Meiosis,Heterogametic,NA,12
Animalia,Insecta,Diptera,Drosophilidae,Drosophila,carcinophila,Animalia|Insecta|Diptera|Drosophilidae|Drosophila|carcinophila,Achiasmatic Meiosis,Heterogametic,NA,10
Animalia,Insecta,Diptera,Drosophilidae,Drosophila,cardini,Animalia|Insecta|Diptera|Drosophilidae|Drosophila|cardini,Achiasmatic Meiosis,Heterogametic,XY,12
Animalia,Insecta,Diptera,Drosophilidae,Drosophila,cardinoides,Animalia|Insecta|Diptera|Drosophilidae|Drosophila|cardinoides,Achiasmatic Meiosis,Heterogametic,XY,8
Animalia,Insecta,Diptera,Drosophilidae,Drosophila,caribaiana,Animalia|Insecta|Diptera|Drosophilidae|Drosophila|caribaiana,Achiasmatic Meiosis,Heterogametic,NA,8
Animalia,Insecta,Diptera,Drosophilidae,Drosophila,carsoni,Animalia|Insecta|Diptera|Drosophilidae|Drosophila|carsoni,Achiasmatic Meiosis,Heterogametic,NA,12
Animalia,Insecta,Diptera,Drosophilidae,Drosophila,castanea,Animalia|Insecta|Diptera|Drosophilidae|Drosophila|castanea,Achiasmatic Meiosis,Heterogametic,XY,8
Animalia,Insecta,Diptera,Drosophilidae,Drosophila,centralis,Animalia|Insecta|Diptera|Drosophilidae|Drosophila|centralis,Achiasmatic Meiosis,Heterogametic,XY,12
Animalia,Insecta,Diptera,Drosophilidae,Drosophila,chaetopeza,Animalia|Insecta|Diptera|Drosophilidae|Drosophila|chaetopeza,Achiasmatic Meiosis,Heterogametic,NA,12
Animalia,Insecta,Diptera,Drosophilidae,Drosophila,chamundiensis,Animalia|Insecta|Diptera|Drosophilidae|Drosophila|chamundiensis,Achiasmatic Meiosis,Heterogametic,XY,8
Animalia,Insecta,Diptera,Drosophilidae,Drosophila,cheda,Animalia|Insecta|Diptera|Drosophilidae|Drosophila|cheda,Achiasmatic Meiosis,Heterogametic,XY,8
Animalia,Insecta,Diptera,Drosophilidae,Drosophila,ciliaticrus,Animalia|Insecta|Diptera|Drosophilidae|Drosophila|ciliaticrus,Achiasmatic Meiosis,Heterogametic,NA,12
Animalia,Insecta,Diptera,Drosophilidae,Drosophila,cilifemorata,Animalia|Insecta|Diptera|Drosophilidae|Drosophila|cilifemorata,Achiasmatic Meiosis,Heterogametic,NA,12
Animalia,Insecta,Diptera,Drosophilidae,Drosophila,cilifera,Animalia|Insecta|Diptera|Drosophilidae|Drosophila|cilifera,Achiasmatic Meiosis,Heterogametic,NA,12
Animalia,Insecta,Diptera,Drosophilidae,Drosophila,circumdata,Animalia|Insecta|Diptera|Drosophilidae|Drosophila|circumdata,Achiasmatic Meiosis,Heterogametic,XY,12
Animalia,Insecta,Diptera,Drosophilidae,Drosophila,clavisetae,Animalia|Insecta|Diptera|Drosophilidae|Drosophila|clavisetae,Achiasmatic Meiosis,Heterogametic,NA,12
Animalia,Insecta,Diptera,Drosophilidae,Drosophila,claytonae,Animalia|Insecta|Diptera|Drosophilidae|Drosophila|claytonae,Achiasmatic Meiosis,Heterogametic,NA,12
Animalia,Insecta,Diptera,Drosophilidae,Drosophila,cognata,Animalia|Insecta|Diptera|Drosophilidae|Drosophila|cognata,Achiasmatic Meiosis,Heterogametic,NA,12
Animalia,Insecta,Diptera,Drosophilidae,Drosophila,colorata,Animalia|Insecta|Diptera|Drosophilidae|Drosophila|colorata,Achiasmatic Meiosis,Heterogametic,XY,12
Animalia,Insecta,Diptera,Drosophilidae,Drosophila,comatifemora,Animalia|Insecta|Diptera|Drosophilidae|Drosophila|comatifemora,Achiasmatic Meiosis,Heterogametic,NA,12
Animalia,Insecta,Diptera,Drosophilidae,Drosophila,confusa,Animalia|Insecta|Diptera|Drosophilidae|Drosophila|confusa,Achiasmatic Meiosis,Heterogametic,NA,12
Animalia,Insecta,Diptera,Drosophilidae,Drosophila,conjectura,Animalia|Insecta|Diptera|Drosophilidae|Drosophila|conjectura,Achiasmatic Meiosis,Heterogametic,NA,12
Animalia,Insecta,Diptera,Drosophilidae,Drosophila,conspicua,Animalia|Insecta|Diptera|Drosophilidae|Drosophila|conspicua,Achiasmatic Meiosis,Heterogametic,NA,12
Animalia,Insecta,Diptera,Drosophilidae,Drosophila,converga,Animalia|Insecta|Diptera|Drosophilidae|Drosophila|converga,Achiasmatic Meiosis,Heterogametic,NA,12
Animalia,Insecta,Diptera,Drosophilidae,Drosophila,coracina,Animalia|Insecta|Diptera|Drosophilidae|Drosophila|coracina,Achiasmatic Meiosis,Heterogametic,XY,8
Animalia,Insecta,Diptera,Drosophilidae,Drosophila,cordata,Animalia|Insecta|Diptera|Drosophilidae|Drosophila|cordata,Achiasmatic Meiosis,Heterogametic,NA,6
Animalia,Insecta,Diptera,Drosophilidae,Drosophila,coroica,Animalia|Insecta|Diptera|Drosophilidae|Drosophila|coroica,Achiasmatic Meiosis,Heterogametic,NA,12
Animalia,Insecta,Diptera,Drosophilidae,Drosophila,crassifemur,Animalia|Insecta|Diptera|Drosophilidae|Drosophila|crassifemur,Achiasmatic Meiosis,Heterogametic,NA,10
Animalia,Insecta,Diptera,Drosophilidae,Drosophila,crocina,Animalia|Insecta|Diptera|Drosophilidae|Drosophila|crocina,Achiasmatic Meiosis,Heterogametic,XY,12
Animalia,Insecta,Diptera,Drosophilidae,Drosophila,crucigera,Animalia|Insecta|Diptera|Drosophilidae|Drosophila|crucigera,Achiasmatic Meiosis,Heterogametic,NA,12
Animalia,Insecta,Diptera,Drosophilidae,Drosophila,cuauhtemoci,Animalia|Insecta|Diptera|Drosophilidae|Drosophila|cuauhtemoci,Achiasmatic Meiosis,Heterogametic,NA,10
Animalia,Insecta,Diptera,Drosophilidae,Drosophila,curviceps,Animalia|Insecta|Diptera|Drosophilidae|Drosophila|curviceps,Achiasmatic Meiosis,Heterogametic,NA,8
Animalia,Insecta,Diptera,Drosophilidae,Drosophila,cyrtoloma,Animalia|Insecta|Diptera|Drosophilidae|Drosophila|cyrtoloma,Achiasmatic Meiosis,Heterogametic,NA,12
Animalia,Insecta,Diptera,Drosophilidae,Drosophila,davidi,Animalia|Insecta|Diptera|Drosophilidae|Drosophila|davidi,Achiasmatic Meiosis,Heterogametic,XY,8
Animalia,Insecta,Diptera,Drosophilidae,Drosophila,deltaneuron,Animalia|Insecta|Diptera|Drosophilidae|Drosophila|deltaneuron,Achiasmatic Meiosis,Heterogametic,NA,8
Animalia,Insecta,Diptera,Drosophilidae,Drosophila,denticulata,Animalia|Insecta|Diptera|Drosophilidae|Drosophila|denticulata,Achiasmatic Meiosis,Heterogametic,XY,6
Animalia,Insecta,Diptera,Drosophilidae,Drosophila,desertorum,Animalia|Insecta|Diptera|Drosophilidae|Drosophila|desertorum,Achiasmatic Meiosis,Heterogametic,NA,12
Animalia,Insecta,Diptera,Drosophilidae,Drosophila,diamphidiopoda,Animalia|Insecta|Diptera|Drosophilidae|Drosophila|diamphidiopoda,Achiasmatic Meiosis,Heterogametic,NA,12
Animalia,Insecta,Diptera,Drosophilidae,Drosophila,differens,Animalia|Insecta|Diptera|Drosophilidae|Drosophila|differens,Achiasmatic Meiosis,Heterogametic,NA,12
Animalia,Insecta,Diptera,Drosophilidae,Drosophila,digressa,Animalia|Insecta|Diptera|Drosophilidae|Drosophila|digressa,Achiasmatic Meiosis,Heterogametic,NA,12
Animalia,Insecta,Diptera,Drosophilidae,Drosophila,diminuens,Animalia|Insecta|Diptera|Drosophilidae|Drosophila|diminuens,Achiasmatic Meiosis,Heterogametic,NA,12
Animalia,Insecta,Diptera,Drosophilidae,Drosophila,discreta,Animalia|Insecta|Diptera|Drosophilidae|Drosophila|discreta,Achiasmatic Meiosis,Heterogametic,NA,12
Animalia,Insecta,Diptera,Drosophilidae,Drosophila,disjuncta,Animalia|Insecta|Diptera|Drosophilidae|Drosophila|disjuncta,Achiasmatic Meiosis,Heterogametic,NA,12
Animalia,Insecta,Diptera,Drosophilidae,Drosophila,dissita,Animalia|Insecta|Diptera|Drosophilidae|Drosophila|dissita,Achiasmatic Meiosis,Heterogametic,NA,12
Animalia,Insecta,Diptera,Drosophilidae,Drosophila,disticha,Animalia|Insecta|Diptera|Drosophilidae|Drosophila|disticha,Achiasmatic Meiosis,Heterogametic,NA,12
Animalia,Insecta,Diptera,Drosophilidae,Drosophila,distinguenda,Animalia|Insecta|Diptera|Drosophilidae|Drosophila|distinguenda,Achiasmatic Meiosis,Heterogametic,NA,12
Animalia,Insecta,Diptera,Drosophilidae,Drosophila,divaricata,Animalia|Insecta|Diptera|Drosophilidae|Drosophila|divaricata,Achiasmatic Meiosis,Heterogametic,NA,12
Animalia,Insecta,Diptera,Drosophilidae,Drosophila,dominicana,Animalia|Insecta|Diptera|Drosophilidae|Drosophila|dominicana,Achiasmatic Meiosis,Heterogametic,XY,8
Animalia,Insecta,Diptera,Drosophilidae,Drosophila,dreyfusi,Animalia|Insecta|Diptera|Drosophilidae|Drosophila|dreyfusi,Achiasmatic Meiosis,Heterogametic,XY,6
Animalia,Insecta,Diptera,Drosophilidae,Drosophila,duncani,Animalia|Insecta|Diptera|Drosophilidae|Drosophila|duncani,Achiasmatic Meiosis,Heterogametic,XY,10
Animalia,Insecta,Diptera,Drosophilidae,Drosophila,dunni,Animalia|Insecta|Diptera|Drosophilidae|Drosophila|dunni,Achiasmatic Meiosis,Heterogametic,NA,8
Animalia,Insecta,Diptera,Drosophilidae,Drosophila,earlei,Animalia|Insecta|Diptera|Drosophilidae|Drosophila|earlei,Achiasmatic Meiosis,Heterogametic,NA,6
Animalia,Insecta,Diptera,Drosophilidae,Drosophila,eilifera,Animalia|Insecta|Diptera|Drosophilidae|Drosophila|eilifera,Achiasmatic Meiosis,Heterogametic,NA,12
Animalia,Insecta,Diptera,Drosophilidae,Drosophila,elegans,Animalia|Insecta|Diptera|Drosophilidae|Drosophila|elegans,Achiasmatic Meiosis,Heterogametic,XY,10
Animalia,Insecta,Diptera,Drosophilidae,Drosophila,elliptica,Animalia|Insecta|Diptera|Drosophilidae|Drosophila|elliptica,Achiasmatic Meiosis,Heterogametic,NA,6
Animalia,Insecta,Diptera,Drosophilidae,Drosophila,emarginata,Animalia|Insecta|Diptera|Drosophilidae|Drosophila|emarginata,Achiasmatic Meiosis,Heterogametic,NA,6
Animalia,Insecta,Diptera,Drosophilidae,Drosophila,endobranchia,Animalia|Insecta|Diptera|Drosophilidae|Drosophila|endobranchia,Achiasmatic Meiosis,Heterogametic,NA,8
Animalia,Insecta,Diptera,Drosophilidae,Drosophila,engyochracea,Animalia|Insecta|Diptera|Drosophilidae|Drosophila|engyochracea,Achiasmatic Meiosis,Heterogametic,NA,12
Animalia,Insecta,Diptera,Drosophilidae,Drosophila,enigma,Animalia|Insecta|Diptera|Drosophilidae|Drosophila|enigma,Achiasmatic Meiosis,Heterogametic,XY,12
Animalia,Insecta,Diptera,Drosophilidae,Drosophila,entrichocnema,Animalia|Insecta|Diptera|Drosophilidae|Drosophila|entrichocnema,Achiasmatic Meiosis,Heterogametic,NA,12
Animalia,Insecta,Diptera,Drosophilidae,Drosophila,eohydei,Animalia|Insecta|Diptera|Drosophilidae|Drosophila|eohydei,Achiasmatic Meiosis,Heterogametic,XY,12
Animalia,Insecta,Diptera,Drosophilidae,Drosophila,equinioxialis,Animalia|Insecta|Diptera|Drosophilidae|Drosophila|equinioxialis,Achiasmatic Meiosis,Heterogametic,XY,6
Animalia,Insecta,Diptera,Drosophilidae,Drosophila,ercepeae,Animalia|Insecta|Diptera|Drosophilidae|Drosophila|ercepeae,Achiasmatic Meiosis,Heterogametic,XY,8
Animalia,Insecta,Diptera,Drosophilidae,Drosophila,erecta,Animalia|Insecta|Diptera|Drosophilidae|Drosophila|erecta,Achiasmatic Meiosis,Heterogametic,XY,8
Animalia,Insecta,Diptera,Drosophilidae,Drosophila,eremophila,Animalia|Insecta|Diptera|Drosophilidae|Drosophila|eremophila,Achiasmatic Meiosis,Heterogametic,XY,12
Animalia,Insecta,Diptera,Drosophilidae,Drosophila,eskoi,Animalia|Insecta|Diptera|Drosophilidae|Drosophila|eskoi,Achiasmatic Meiosis,Heterogametic,XY,10
Animalia,Insecta,Diptera,Drosophilidae,Drosophila,eugracilis,Animalia|Insecta|Diptera|Drosophilidae|Drosophila|eugracilis,Achiasmatic Meiosis,Heterogametic,XY,6
Animalia,Insecta,Diptera,Drosophilidae,Drosophila,euronotus,Animalia|Insecta|Diptera|Drosophilidae|Drosophila|euronotus,Achiasmatic Meiosis,Heterogametic,NA,10
Animalia,Insecta,Diptera,Drosophilidae,Drosophila,eurypeza,Animalia|Insecta|Diptera|Drosophilidae|Drosophila|eurypeza,Achiasmatic Meiosis,Heterogametic,NA,12
Animalia,Insecta,Diptera,Drosophilidae,Drosophila,ezoana,Animalia|Insecta|Diptera|Drosophilidae|Drosophila|ezoana,Achiasmatic Meiosis,Heterogametic,NA,12
Animalia,Insecta,Diptera,Drosophilidae,Drosophila,facialba,Animalia|Insecta|Diptera|Drosophilidae|Drosophila|facialba,Achiasmatic Meiosis,Heterogametic,NA,10
Animalia,Insecta,Diptera,Drosophilidae,Drosophila,fairchildi,Animalia|Insecta|Diptera|Drosophilidae|Drosophila|fairchildi,Achiasmatic Meiosis,Heterogametic,NA,10
Animalia,Insecta,Diptera,Drosophilidae,Drosophila,falleni,Animalia|Insecta|Diptera|Drosophilidae|Drosophila|falleni,Achiasmatic Meiosis,Heterogametic,NA,12
Animalia,Insecta,Diptera,Drosophilidae,Drosophila,fasciculisetae,Animalia|Insecta|Diptera|Drosophilidae|Drosophila|fasciculisetae,Achiasmatic Meiosis,Heterogametic,NA,12
Animalia,Insecta,Diptera,Drosophilidae,Drosophila,fasciola,Animalia|Insecta|Diptera|Drosophilidae|Drosophila|fasciola,Achiasmatic Meiosis,Heterogametic,XY,12
Animalia,Insecta,Diptera,Drosophilidae,Drosophila,fascioloides,Animalia|Insecta|Diptera|Drosophilidae|Drosophila|fascioloides,Achiasmatic Meiosis,Heterogametic,NA,8
Animalia,Insecta,Diptera,Drosophilidae,Drosophila,ficusphila,Animalia|Insecta|Diptera|Drosophilidae|Drosophila|ficusphila,Achiasmatic Meiosis,Heterogametic,XY,8
Animalia,Insecta,Diptera,Drosophilidae,Drosophila,flavibasis,Animalia|Insecta|Diptera|Drosophilidae|Drosophila|flavibasis,Achiasmatic Meiosis,Heterogametic,NA,12
Animalia,Insecta,Diptera,Drosophilidae,Drosophila,flavomontana,Animalia|Insecta|Diptera|Drosophilidae|Drosophila|flavomontana,Achiasmatic Meiosis,Heterogametic,NA,12
Animalia,Insecta,Diptera,Drosophilidae,Drosophila,flavopilosa,Animalia|Insecta|Diptera|Drosophilidae|Drosophila|flavopilosa,Achiasmatic Meiosis,Heterogametic,NA,12
Animalia,Insecta,Diptera,Drosophilidae,Drosophila,flavopinicola,Animalia|Insecta|Diptera|Drosophilidae|Drosophila|flavopinicola,Achiasmatic Meiosis,Heterogametic,XY,12
Animalia,Insecta,Diptera,Drosophilidae,Drosophila,flavorepleta,Animalia|Insecta|Diptera|Drosophilidae|Drosophila|flavorepleta,Achiasmatic Meiosis,Heterogametic,XY,12
Animalia,Insecta,Diptera,Drosophilidae,Drosophila,flexipes,Animalia|Insecta|Diptera|Drosophilidae|Drosophila|flexipes,Achiasmatic Meiosis,Heterogametic,NA,12
Animalia,Insecta,Diptera,Drosophilidae,Drosophila,florae,Animalia|Insecta|Diptera|Drosophilidae|Drosophila|florae,Achiasmatic Meiosis,Heterogametic,XY,8
Animalia,Insecta,Diptera,Drosophilidae,Drosophila,formella,Animalia|Insecta|Diptera|Drosophilidae|Drosophila|formella,Achiasmatic Meiosis,Heterogametic,XY,12
Animalia,Insecta,Diptera,Drosophilidae,Drosophila,fragilis,Animalia|Insecta|Diptera|Drosophilidae|Drosophila|fragilis,Achiasmatic Meiosis,Heterogametic,NA,14
Animalia,Insecta,Diptera,Drosophilidae,Drosophila,freycinetiae,Animalia|Insecta|Diptera|Drosophilidae|Drosophila|freycinetiae,Achiasmatic Meiosis,Heterogametic,NA,12
Animalia,Insecta,Diptera,Drosophilidae,Drosophila,fuliginea,Animalia|Insecta|Diptera|Drosophilidae|Drosophila|fuliginea,Achiasmatic Meiosis,Heterogametic,XY,8
Animalia,Insecta,Diptera,Drosophilidae,Drosophila,fulvalineata,Animalia|Insecta|Diptera|Drosophilidae|Drosophila|fulvalineata,Achiasmatic Meiosis,Heterogametic,XY,12
Animalia,Insecta,Diptera,Drosophilidae,Drosophila,fulvimacula,Animalia|Insecta|Diptera|Drosophilidae|Drosophila|fulvimacula,Achiasmatic Meiosis,Heterogametic,NA,12
Animalia,Insecta,Diptera,Drosophilidae,Drosophila,fulvimaculoides,Animalia|Insecta|Diptera|Drosophilidae|Drosophila|fulvimaculoides,Achiasmatic Meiosis,Heterogametic,XY,12
Animalia,Insecta,Diptera,Drosophilidae,Drosophila,fumida,Animalia|Insecta|Diptera|Drosophilidae|Drosophila|fumida,Achiasmatic Meiosis,Heterogametic,XY,8
Animalia,Insecta,Diptera,Drosophilidae,Drosophila,fumipennis,Animalia|Insecta|Diptera|Drosophilidae|Drosophila|fumipennis,Achiasmatic Meiosis,Heterogametic,XY,6
Animalia,Insecta,Diptera,Drosophilidae,Drosophila,fumosa,Animalia|Insecta|Diptera|Drosophilidae|Drosophila|fumosa,Achiasmatic Meiosis,Heterogametic,XY,8
Animalia,Insecta,Diptera,Drosophilidae,Drosophila,funebris,Animalia|Insecta|Diptera|Drosophilidae|Drosophila|funebris,Achiasmatic Meiosis,Heterogametic,NA,12
Animalia,Insecta,Diptera,Drosophilidae,Drosophila,fuscoamoeba,Animalia|Insecta|Diptera|Drosophilidae|Drosophila|fuscoamoeba,Achiasmatic Meiosis,Heterogametic,NA,12
Animalia,Insecta,Diptera,Drosophilidae,Drosophila,gasici,Animalia|Insecta|Diptera|Drosophilidae|Drosophila|gasici,Achiasmatic Meiosis,Heterogametic,NA,10
Animalia,Insecta,Diptera,Drosophilidae,Drosophila,gaucha,Animalia|Insecta|Diptera|Drosophilidae|Drosophila|gaucha,Achiasmatic Meiosis,Heterogametic,NA,10
Animalia,Insecta,Diptera,Drosophilidae,Drosophila,gibberosa,Animalia|Insecta|Diptera|Drosophilidae|Drosophila|gibberosa,Achiasmatic Meiosis,Heterogametic,XY,10
Animalia,Insecta,Diptera,Drosophilidae,Drosophila,giriensis,Animalia|Insecta|Diptera|Drosophilidae|Drosophila|giriensis,Achiasmatic Meiosis,Heterogametic,XY,8
Animalia,Insecta,Diptera,Drosophilidae,Drosophila,glabriapex,Animalia|Insecta|Diptera|Drosophilidae|Drosophila|glabriapex,Achiasmatic Meiosis,Heterogametic,NA,12
Animalia,Insecta,Diptera,Drosophilidae,Drosophila,goureaui,Animalia|Insecta|Diptera|Drosophilidae|Drosophila|goureaui,Achiasmatic Meiosis,Heterogametic,NA,12
Animalia,Insecta,Diptera,Drosophilidae,Drosophila,gradata,Animalia|Insecta|Diptera|Drosophilidae|Drosophila|gradata,Achiasmatic Meiosis,Heterogametic,NA,12
Animalia,Insecta,Diptera,Drosophilidae,Drosophila,greeni,Animalia|Insecta|Diptera|Drosophilidae|Drosophila|greeni,Achiasmatic Meiosis,Heterogametic,NA,8
Animalia,Insecta,Diptera,Drosophilidae,Drosophila,greerae,Animalia|Insecta|Diptera|Drosophilidae|Drosophila|greerae,Achiasmatic Meiosis,Heterogametic,XY,12
Animalia,Insecta,Diptera,Drosophilidae,Drosophila,grimshawi,Animalia|Insecta|Diptera|Drosophilidae|Drosophila|grimshawi,Achiasmatic Meiosis,Heterogametic,NA,12
Animalia,Insecta,Diptera,Drosophilidae,Drosophila,grisea,Animalia|Insecta|Diptera|Drosophilidae|Drosophila|grisea,Achiasmatic Meiosis,Heterogametic,XO,12
Animalia,Insecta,Diptera,Drosophilidae,Drosophila,griseolineata,Animalia|Insecta|Diptera|Drosophilidae|Drosophila|griseolineata,Achiasmatic Meiosis,Heterogametic,XY,12
Animalia,Insecta,Diptera,Drosophilidae,Drosophila,guanche,Animalia|Insecta|Diptera|Drosophilidae|Drosophila|guanche,Achiasmatic Meiosis,Heterogametic,XY,10
Animalia,Insecta,Diptera,Drosophilidae,Drosophila,guaraja,Animalia|Insecta|Diptera|Drosophilidae|Drosophila|guaraja,Achiasmatic Meiosis,Heterogametic,XY,10
Animalia,Insecta,Diptera,Drosophilidae,Drosophila,guaramunu,Animalia|Insecta|Diptera|Drosophilidae|Drosophila|guaramunu,Achiasmatic Meiosis,Heterogametic,XY,12
Animalia,Insecta,Diptera,Drosophilidae,Drosophila,guarani,Animalia|Insecta|Diptera|Drosophilidae|Drosophila|guarani,Achiasmatic Meiosis,Heterogametic,XY,12
Animalia,Insecta,Diptera,Drosophilidae,Drosophila,guaru,Animalia|Insecta|Diptera|Drosophilidae|Drosophila|guaru,Achiasmatic Meiosis,Heterogametic,XY,12
Animalia,Insecta,Diptera,Drosophilidae,Drosophila,guttifera,Animalia|Insecta|Diptera|Drosophilidae|Drosophila|guttifera,Achiasmatic Meiosis,Heterogametic,XY,12
Animalia,Insecta,Diptera,Drosophilidae,Drosophila,gymnobasis,Animalia|Insecta|Diptera|Drosophilidae|Drosophila|gymnobasis,Achiasmatic Meiosis,Heterogametic,NA,12
Animalia,Insecta,Diptera,Drosophilidae,Drosophila,gymnophallus,Animalia|Insecta|Diptera|Drosophilidae|Drosophila|gymnophallus,Achiasmatic Meiosis,Heterogametic,NA,12
Animalia,Insecta,Diptera,Drosophilidae,Drosophila,hamatofila,Animalia|Insecta|Diptera|Drosophilidae|Drosophila|hamatofila,Achiasmatic Meiosis,Heterogametic,XY,12
Animalia,Insecta,Diptera,Drosophilidae,Drosophila,hamifera,Animalia|Insecta|Diptera|Drosophilidae|Drosophila|hamifera,Achiasmatic Meiosis,Heterogametic,NA,12
Animalia,Insecta,Diptera,Drosophilidae,Drosophila,hanaulae,Animalia|Insecta|Diptera|Drosophilidae|Drosophila|hanaulae,Achiasmatic Meiosis,Heterogametic,NA,12
Animalia,Insecta,Diptera,Drosophilidae,Drosophila,hawaiiensis,Animalia|Insecta|Diptera|Drosophilidae|Drosophila|hawaiiensis,Achiasmatic Meiosis,Heterogametic,NA,12
Animalia,Insecta,Diptera,Drosophilidae,Drosophila,heedi,Animalia|Insecta|Diptera|Drosophilidae|Drosophila|heedi,Achiasmatic Meiosis,Heterogametic,NA,12
Animalia,Insecta,Diptera,Drosophilidae,Drosophila,helvetica,Animalia|Insecta|Diptera|Drosophilidae|Drosophila|helvetica,Achiasmatic Meiosis,Heterogametic,NA,10
Animalia,Insecta,Diptera,Drosophilidae,Drosophila,hemipeza,Animalia|Insecta|Diptera|Drosophilidae|Drosophila|hemipeza,Achiasmatic Meiosis,Heterogametic,NA,12
Animalia,Insecta,Diptera,Drosophilidae,Drosophila,heterobristalis,Animalia|Insecta|Diptera|Drosophilidae|Drosophila|heterobristalis,Achiasmatic Meiosis,Heterogametic,XY,8
Animalia,Insecta,Diptera,Drosophilidae,Drosophila,heteroneura,Animalia|Insecta|Diptera|Drosophilidae|Drosophila|heteroneura,Achiasmatic Meiosis,Heterogametic,NA,12
Animalia,Insecta,Diptera,Drosophilidae,Drosophila,hexachaetae,Animalia|Insecta|Diptera|Drosophilidae|Drosophila|hexachaetae,Achiasmatic Meiosis,Heterogametic,NA,12
Animalia,Insecta,Diptera,Drosophilidae,Drosophila,hexastigma,Animalia|Insecta|Diptera|Drosophilidae|Drosophila|hexastigma,Achiasmatic Meiosis,Heterogametic,XY,12
Animalia,Insecta,Diptera,Drosophilidae,Drosophila,hexastriata,Animalia|Insecta|Diptera|Drosophilidae|Drosophila|hexastriata,Achiasmatic Meiosis,Heterogametic,NA,8
Animalia,Insecta,Diptera,Drosophilidae,Drosophila,hirtipalpus,Animalia|Insecta|Diptera|Drosophilidae|Drosophila|hirtipalpus,Achiasmatic Meiosis,Heterogametic,NA,12
Animalia,Insecta,Diptera,Drosophilidae,Drosophila,histrio,Animalia|Insecta|Diptera|Drosophilidae|Drosophila|histrio,Achiasmatic Meiosis,Heterogametic,XY,12
Animalia,Insecta,Diptera,Drosophilidae,Drosophila,howensis,Animalia|Insecta|Diptera|Drosophilidae|Drosophila|howensis,Achiasmatic Meiosis,Heterogametic,XY,12
Animalia,Insecta,Diptera,Drosophilidae,Drosophila,hydei,Animalia|Insecta|Diptera|Drosophilidae|Drosophila|hydei,Achiasmatic Meiosis,Heterogametic,XY,12
Animalia,Insecta,Diptera,Drosophilidae,Drosophila,hydeoides,Animalia|Insecta|Diptera|Drosophilidae|Drosophila|hydeoides,Achiasmatic Meiosis,Heterogametic,XY,12
Animalia,Insecta,Diptera,Drosophilidae,Drosophila,hypocausta,Animalia|Insecta|Diptera|Drosophilidae|Drosophila|hypocausta,Achiasmatic Meiosis,Heterogametic,NA,8
Animalia,Insecta,Diptera,Drosophilidae,Drosophila,hystricosa,Animalia|Insecta|Diptera|Drosophilidae|Drosophila|hystricosa,Achiasmatic Meiosis,Heterogametic,NA,10
Animalia,Insecta,Diptera,Drosophilidae,Drosophila,imaii,Animalia|Insecta|Diptera|Drosophilidae|Drosophila|imaii,Achiasmatic Meiosis,Heterogametic,XY,12
Animalia,Insecta,Diptera,Drosophilidae,Drosophila,imeretensis,Animalia|Insecta|Diptera|Drosophilidae|Drosophila|imeretensis,Achiasmatic Meiosis,Heterogametic,XY,10
Animalia,Insecta,Diptera,Drosophilidae,Drosophila,immigrans,Animalia|Insecta|Diptera|Drosophilidae|Drosophila|immigrans,Achiasmatic Meiosis,Heterogametic,XY,8
Animalia,Insecta,Diptera,Drosophilidae,Drosophila,immigrans-like,Animalia|Insecta|Diptera|Drosophilidae|Drosophila|immigrans-like,Achiasmatic Meiosis,Heterogametic,NA,12
Animalia,Insecta,Diptera,Drosophilidae,Drosophila,imparisetae,Animalia|Insecta|Diptera|Drosophilidae|Drosophila|imparisetae,Achiasmatic Meiosis,Heterogametic,NA,12
Animalia,Insecta,Diptera,Drosophilidae,Drosophila,inca,Animalia|Insecta|Diptera|Drosophilidae|Drosophila|inca,Achiasmatic Meiosis,Heterogametic,NA,12
Animalia,Insecta,Diptera,Drosophilidae,Drosophila,inedita,Animalia|Insecta|Diptera|Drosophilidae|Drosophila|inedita,Achiasmatic Meiosis,Heterogametic,NA,12
Animalia,Insecta,Diptera,Drosophilidae,Drosophila,inflatus,Animalia|Insecta|Diptera|Drosophilidae|Drosophila|inflatus,Achiasmatic Meiosis,Heterogametic,NA,10
Animalia,Insecta,Diptera,Drosophilidae,Drosophila,infuscata,Animalia|Insecta|Diptera|Drosophilidae|Drosophila|infuscata,Achiasmatic Meiosis,Heterogametic,NA,12
Animalia,Insecta,Diptera,Drosophilidae,Drosophila,ingens,Animalia|Insecta|Diptera|Drosophilidae|Drosophila|ingens,Achiasmatic Meiosis,Heterogametic,NA,12
Animalia,Insecta,Diptera,Drosophilidae,Drosophila,innubila,Animalia|Insecta|Diptera|Drosophilidae|Drosophila|innubila,Achiasmatic Meiosis,Heterogametic,XY,12
Animalia,Insecta,Diptera,Drosophilidae,Drosophila,insularis,Animalia|Insecta|Diptera|Drosophilidae|Drosophila|insularis,Achiasmatic Meiosis,Heterogametic,NA,6
Animalia,Insecta,Diptera,Drosophilidae,Drosophila,ischnotrix,Animalia|Insecta|Diptera|Drosophilidae|Drosophila|ischnotrix,Achiasmatic Meiosis,Heterogametic,NA,8
Animalia,Insecta,Diptera,Drosophilidae,Drosophila,jambulina,Animalia|Insecta|Diptera|Drosophilidae|Drosophila|jambulina,Achiasmatic Meiosis,Heterogametic,XY,8
Animalia,Insecta,Diptera,Drosophilidae,Drosophila,johnstonae,Animalia|Insecta|Diptera|Drosophilidae|Drosophila|johnstonae,Achiasmatic Meiosis,Heterogametic,XY,12
Animalia,Insecta,Diptera,Drosophilidae,Drosophila,kambysellisi,Animalia|Insecta|Diptera|Drosophilidae|Drosophila|kambysellisi,Achiasmatic Meiosis,Heterogametic,NA,12
Animalia,Insecta,Diptera,Drosophilidae,Drosophila,kanapiae,Animalia|Insecta|Diptera|Drosophilidae|Drosophila|kanapiae,Achiasmatic Meiosis,Heterogametic,XY,6
Animalia,Insecta,Diptera,Drosophilidae,Drosophila,kanekoi,Animalia|Insecta|Diptera|Drosophilidae|Drosophila|kanekoi,Achiasmatic Meiosis,Heterogametic,XY,12
Animalia,Insecta,Diptera,Drosophilidae,Drosophila,kauluai,Animalia|Insecta|Diptera|Drosophilidae|Drosophila|kauluai,Achiasmatic Meiosis,Heterogametic,NA,12
Animalia,Insecta,Diptera,Drosophilidae,Drosophila,kepulauana,Animalia|Insecta|Diptera|Drosophilidae|Drosophila|kepulauana,Achiasmatic Meiosis,Heterogametic,XY,8
Animalia,Insecta,Diptera,Drosophilidae,Drosophila,khaoyana,Animalia|Insecta|Diptera|Drosophilidae|Drosophila|khaoyana,Achiasmatic Meiosis,Heterogametic,XY,6
Animalia,Insecta,Diptera,Drosophilidae,Drosophila,kikkawai,Animalia|Insecta|Diptera|Drosophilidae|Drosophila|kikkawai,Achiasmatic Meiosis,Heterogametic,XY,8
Animalia,Insecta,Diptera,Drosophilidae,Drosophila,kohkoa,Animalia|Insecta|Diptera|Drosophilidae|Drosophila|kohkoa,Achiasmatic Meiosis,Heterogametic,XY,8
Animalia,Insecta,Diptera,Drosophilidae,Drosophila,komaii,Animalia|Insecta|Diptera|Drosophilidae|Drosophila|komaii,Achiasmatic Meiosis,Heterogametic,XY,8
Animalia,Insecta,Diptera,Drosophilidae,Drosophila,lacertosa,Animalia|Insecta|Diptera|Drosophilidae|Drosophila|lacertosa,Achiasmatic Meiosis,Heterogametic,NA,12
Animalia,Insecta,Diptera,Drosophilidae,Drosophila,lacicola,Animalia|Insecta|Diptera|Drosophilidae|Drosophila|lacicola,Achiasmatic Meiosis,Heterogametic,NA,12
Animalia,Insecta,Diptera,Drosophilidae,Drosophila,lacteicornis,Animalia|Insecta|Diptera|Drosophilidae|Drosophila|lacteicornis,Achiasmatic Meiosis,Heterogametic,XY,8
Animalia,Insecta,Diptera,Drosophilidae,Drosophila,lamottei,Animalia|Insecta|Diptera|Drosophilidae|Drosophila|lamottei,Achiasmatic Meiosis,Heterogametic,XY,6
Animalia,Insecta,Diptera,Drosophilidae,Drosophila,lasiopoda,Animalia|Insecta|Diptera|Drosophilidae|Drosophila|lasiopoda,Achiasmatic Meiosis,Heterogametic,NA,12
Animalia,Insecta,Diptera,Drosophilidae,Drosophila,latifasciaeformis,Animalia|Insecta|Diptera|Drosophilidae|Drosophila|latifasciaeformis,Achiasmatic Meiosis,Heterogametic,NA,6
Animalia,Insecta,Diptera,Drosophilidae,Drosophila,latifshahi,Animalia|Insecta|Diptera|Drosophilidae|Drosophila|latifshahi,Achiasmatic Meiosis,Heterogametic,XY,12
Animalia,Insecta,Diptera,Drosophilidae,Drosophila,lativittata,Animalia|Insecta|Diptera|Drosophilidae|Drosophila|lativittata,Achiasmatic Meiosis,Heterogametic,XY,12
Animalia,Insecta,Diptera,Drosophilidae,Drosophila,lebanonensis,Animalia|Insecta|Diptera|Drosophilidae|Drosophila|lebanonensis,Achiasmatic Meiosis,Heterogametic,NA,8
Animalia,Insecta,Diptera,Drosophilidae,Drosophila,leonis,Animalia|Insecta|Diptera|Drosophilidae|Drosophila|leonis,Achiasmatic Meiosis,Heterogametic,XY,12
Animalia,Insecta,Diptera,Drosophilidae,Drosophila,leontia,Animalia|Insecta|Diptera|Drosophilidae|Drosophila|leontia,Achiasmatic Meiosis,Heterogametic,XY,8
Animalia,Insecta,Diptera,Drosophilidae,Drosophila,limbinervis,Animalia|Insecta|Diptera|Drosophilidae|Drosophila|limbinervis,Achiasmatic Meiosis,Heterogametic,XY,12
Animalia,Insecta,Diptera,Drosophilidae,Drosophila,limensis,Animalia|Insecta|Diptera|Drosophilidae|Drosophila|limensis,Achiasmatic Meiosis,Heterogametic,XY,12
Animalia,Insecta,Diptera,Drosophilidae,Drosophila,limitata,Animalia|Insecta|Diptera|Drosophilidae|Drosophila|limitata,Achiasmatic Meiosis,Heterogametic,NA,12
Animalia,Insecta,Diptera,Drosophilidae,Drosophila,limpiensis,Animalia|Insecta|Diptera|Drosophilidae|Drosophila|limpiensis,Achiasmatic Meiosis,Heterogametic,XY,12
Animalia,Insecta,Diptera,Drosophilidae,Drosophila,linearepleta,Animalia|Insecta|Diptera|Drosophilidae|Drosophila|linearepleta,Achiasmatic Meiosis,Heterogametic,NA,12
Animalia,Insecta,Diptera,Drosophilidae,Drosophila,lineosetae,Animalia|Insecta|Diptera|Drosophilidae|Drosophila|lineosetae,Achiasmatic Meiosis,Heterogametic,NA,12
Animalia,Insecta,Diptera,Drosophilidae,Drosophila,lini,Animalia|Insecta|Diptera|Drosophilidae|Drosophila|lini,Achiasmatic Meiosis,Heterogametic,XY,8
Animalia,Insecta,Diptera,Drosophilidae,Drosophila,liophallus,Animalia|Insecta|Diptera|Drosophilidae|Drosophila|liophallus,Achiasmatic Meiosis,Heterogametic,NA,12
Animalia,Insecta,Diptera,Drosophilidae,Drosophila,littoralis,Animalia|Insecta|Diptera|Drosophilidae|Drosophila|littoralis,Achiasmatic Meiosis,Heterogametic,NA,12
Animalia,Insecta,Diptera,Drosophilidae,Drosophila,longala,Animalia|Insecta|Diptera|Drosophilidae|Drosophila|longala,Achiasmatic Meiosis,Heterogametic,XO,12
Animalia,Insecta,Diptera,Drosophilidae,Drosophila,longicornis,Animalia|Insecta|Diptera|Drosophilidae|Drosophila|longicornis,Achiasmatic Meiosis,Heterogametic,XY,12
Animalia,Insecta,Diptera,Drosophilidae,Drosophila,longiseta,Animalia|Insecta|Diptera|Drosophilidae|Drosophila|longiseta,Achiasmatic Meiosis,Heterogametic,XY,12
Animalia,Insecta,Diptera,Drosophilidae,Drosophila,lowei,Animalia|Insecta|Diptera|Drosophilidae|Drosophila|lowei,Achiasmatic Meiosis,Heterogametic,XY,10
Animalia,Insecta,Diptera,Drosophilidae,Drosophila,lucipennis,Animalia|Insecta|Diptera|Drosophilidae|Drosophila|lucipennis,Achiasmatic Meiosis,Heterogametic,XY,6
Animalia,Insecta,Diptera,Drosophilidae,Drosophila,lummei,Animalia|Insecta|Diptera|Drosophilidae|Drosophila|lummei,Achiasmatic Meiosis,Heterogametic,NA,12
Animalia,Insecta,Diptera,Drosophilidae,Drosophila,lusaltans,Animalia|Insecta|Diptera|Drosophilidae|Drosophila|lusaltans,Achiasmatic Meiosis,Heterogametic,NA,6
Animalia,Insecta,Diptera,Drosophilidae,Drosophila,lutea,Animalia|Insecta|Diptera|Drosophilidae|Drosophila|lutea,Achiasmatic Meiosis,Heterogametic,XY,8
Animalia,Insecta,Diptera,Drosophilidae,Drosophila,lutescens,Animalia|Insecta|Diptera|Drosophilidae|Drosophila|lutescens,Achiasmatic Meiosis,Heterogametic,XY,8
Animalia,Insecta,Diptera,Drosophilidae,Drosophila,macroptera,Animalia|Insecta|Diptera|Drosophilidae|Drosophila|macroptera,Achiasmatic Meiosis,Heterogametic,NA,12
Animalia,Insecta,Diptera,Drosophilidae,Drosophila,macrospina,Animalia|Insecta|Diptera|Drosophilidae|Drosophila|macrospina,Achiasmatic Meiosis,Heterogametic,XY,12
Animalia,Insecta,Diptera,Drosophilidae,Drosophila,macrothrix,Animalia|Insecta|Diptera|Drosophilidae|Drosophila|macrothrix,Achiasmatic Meiosis,Heterogametic,NA,12
Animalia,Insecta,Diptera,Drosophilidae,Drosophila,magnaquinaria,Animalia|Insecta|Diptera|Drosophilidae|Drosophila|magnaquinaria,Achiasmatic Meiosis,Heterogametic,XY,12
Animalia,Insecta,Diptera,Drosophilidae,Drosophila,mainlandi,Animalia|Insecta|Diptera|Drosophilidae|Drosophila|mainlandi,Achiasmatic Meiosis,Heterogametic,XY,12
Animalia,Insecta,Diptera,Drosophilidae,Drosophila,malerkotliana,Animalia|Insecta|Diptera|Drosophilidae|Drosophila|malerkotliana,Achiasmatic Meiosis,Heterogametic,XY,8
Animalia,Insecta,Diptera,Drosophilidae,Drosophila,mangabeirai,Animalia|Insecta|Diptera|Drosophilidae|Drosophila|mangabeirai,Achiasmatic Meiosis,Heterogametic,NA,6
Animalia,Insecta,Diptera,Drosophilidae,Drosophila,martensis,Animalia|Insecta|Diptera|Drosophilidae|Drosophila|martensis,Achiasmatic Meiosis,Heterogametic,NA,12
Animalia,Insecta,Diptera,Drosophilidae,Drosophila,mathisis,Animalia|Insecta|Diptera|Drosophilidae|Drosophila|mathisis,Achiasmatic Meiosis,Heterogametic,XY,12
Animalia,Insecta,Diptera,Drosophilidae,Drosophila,mauritiana,Animalia|Insecta|Diptera|Drosophilidae|Drosophila|mauritiana,Achiasmatic Meiosis,Heterogametic,XY,8
Animalia,Insecta,Diptera,Drosophilidae,Drosophila,mayri,Animalia|Insecta|Diptera|Drosophilidae|Drosophila|mayri,Achiasmatic Meiosis,Heterogametic,XY,8
Animalia,Insecta,Diptera,Drosophilidae,Drosophila,mcclintockae,Animalia|Insecta|Diptera|Drosophilidae|Drosophila|mcclintockae,Achiasmatic Meiosis,Heterogametic,XY,10
Animalia,Insecta,Diptera,Drosophilidae,Drosophila,mediodiffusa,Animalia|Insecta|Diptera|Drosophilidae|Drosophila|mediodiffusa,Achiasmatic Meiosis,Heterogametic,XY,12
Animalia,Insecta,Diptera,Drosophilidae,Drosophila,medionotata,Animalia|Insecta|Diptera|Drosophilidae|Drosophila|medionotata,Achiasmatic Meiosis,Heterogametic,XY,12
Animalia,Insecta,Diptera,Drosophilidae,Drosophila,mediopictoides,Animalia|Insecta|Diptera|Drosophilidae|Drosophila|mediopictoides,Achiasmatic Meiosis,Heterogametic,NA,12
Animalia,Insecta,Diptera,Drosophilidae,Drosophila,mediopunctata,Animalia|Insecta|Diptera|Drosophilidae|Drosophila|mediopunctata,Achiasmatic Meiosis,Heterogametic,XY,10
Animalia,Insecta,Diptera,Drosophilidae,Drosophila,mediosignata,Animalia|Insecta|Diptera|Drosophilidae|Drosophila|mediosignata,Achiasmatic Meiosis,Heterogametic,XY,12
Animalia,Insecta,Diptera,Drosophilidae,Drosophila,mediostriata,Animalia|Insecta|Diptera|Drosophilidae|Drosophila|mediostriata,Achiasmatic Meiosis,Heterogametic,XY,12
Animalia,Insecta,Diptera,Drosophilidae,Drosophila,meitanensis,Animalia|Insecta|Diptera|Drosophilidae|Drosophila|meitanensis,Achiasmatic Meiosis,Heterogametic,XY,8
Animalia,Insecta,Diptera,Drosophilidae,Drosophila,melanica,Animalia|Insecta|Diptera|Drosophilidae|Drosophila|melanica,Achiasmatic Meiosis,Heterogametic,XY,10
Animalia,Insecta,Diptera,Drosophilidae,Drosophila,melanocephala,Animalia|Insecta|Diptera|Drosophilidae|Drosophila|melanocephala,Achiasmatic Meiosis,Heterogametic,NA,12
Animalia,Insecta,Diptera,Drosophilidae,Drosophila,melanogaster,Animalia|Insecta|Diptera|Drosophilidae|Drosophila|melanogaster,Achiasmatic Meiosis,Heterogametic,XY,8
Animalia,Insecta,Diptera,Drosophilidae,Drosophila,melanopalpa,Animalia|Insecta|Diptera|Drosophilidae|Drosophila|melanopalpa,Achiasmatic Meiosis,Heterogametic,XY,12
Animalia,Insecta,Diptera,Drosophilidae,Drosophila,melanosoma,Animalia|Insecta|Diptera|Drosophilidae|Drosophila|melanosoma,Achiasmatic Meiosis,Heterogametic,NA,12
Animalia,Insecta,Diptera,Drosophilidae,Drosophila,melanospila,Animalia|Insecta|Diptera|Drosophilidae|Drosophila|melanospila,Achiasmatic Meiosis,Heterogametic,XY,12
Animalia,Insecta,Diptera,Drosophilidae,Drosophila,melanura,Animalia|Insecta|Diptera|Drosophilidae|Drosophila|melanura,Achiasmatic Meiosis,Heterogametic,XY,10
Animalia,Insecta,Diptera,Drosophilidae,Drosophila,mercatorum,Animalia|Insecta|Diptera|Drosophilidae|Drosophila|mercatorum,Achiasmatic Meiosis,Heterogametic,XY,10
Animalia,Insecta,Diptera,Drosophilidae,Drosophila,meridiana,Animalia|Insecta|Diptera|Drosophilidae|Drosophila|meridiana,Achiasmatic Meiosis,Heterogametic,XY,12
Animalia,Insecta,Diptera,Drosophilidae,Drosophila,meridionalis,Animalia|Insecta|Diptera|Drosophilidae|Drosophila|meridionalis,Achiasmatic Meiosis,Heterogametic,NA,10
Animalia,Insecta,Diptera,Drosophilidae,Drosophila,mesophragmatica,Animalia|Insecta|Diptera|Drosophilidae|Drosophila|mesophragmatica,Achiasmatic Meiosis,Heterogametic,XY,10
Animalia,Insecta,Diptera,Drosophilidae,Drosophila,mettleri,Animalia|Insecta|Diptera|Drosophilidae|Drosophila|mettleri,Achiasmatic Meiosis,Heterogametic,XY,12
Animalia,Insecta,Diptera,Drosophilidae,Drosophila,metzii,Animalia|Insecta|Diptera|Drosophilidae|Drosophila|metzii,Achiasmatic Meiosis,Heterogametic,XY,12
Animalia,Insecta,Diptera,Drosophilidae,Drosophila,micromelanica,Animalia|Insecta|Diptera|Drosophilidae|Drosophila|micromelanica,Achiasmatic Meiosis,Heterogametic,XY,10
Animalia,Insecta,Diptera,Drosophilidae,Drosophila,micromyia,Animalia|Insecta|Diptera|Drosophilidae|Drosophila|micromyia,Achiasmatic Meiosis,Heterogametic,NA,14
Animalia,Insecta,Diptera,Drosophilidae,Drosophila,mimetica,Animalia|Insecta|Diptera|Drosophilidae|Drosophila|mimetica,Achiasmatic Meiosis,Heterogametic,XY,8
Animalia,Insecta,Diptera,Drosophilidae,Drosophila,mimica,Animalia|Insecta|Diptera|Drosophilidae|Drosophila|mimica,Achiasmatic Meiosis,Heterogametic,NA,12
Animalia,Insecta,Diptera,Drosophilidae,Drosophila,mimica-like,Animalia|Insecta|Diptera|Drosophilidae|Drosophila|mimica-like,Achiasmatic Meiosis,Heterogametic,NA,12
Animalia,Insecta,Diptera,Drosophilidae,Drosophila,miranda,Animalia|Insecta|Diptera|Drosophilidae|Drosophila|miranda,Achiasmatic Meiosis,Heterogametic,XY,10
Animalia,Insecta,Diptera,Drosophilidae,Drosophila,mitchelli,Animalia|Insecta|Diptera|Drosophilidae|Drosophila|mitchelli,Achiasmatic Meiosis,Heterogametic,NA,12
Animalia,Insecta,Diptera,Drosophilidae,Drosophila,modified,Animalia|Insecta|Diptera|Drosophilidae|Drosophila|modified,Achiasmatic Meiosis,Heterogametic,NA,8
Animalia,Insecta,Diptera,Drosophilidae,Drosophila,mojavensis,Animalia|Insecta|Diptera|Drosophilidae|Drosophila|mojavensis,Achiasmatic Meiosis,Heterogametic,XY,12
Animalia,Insecta,Diptera,Drosophilidae,Drosophila,moju,Animalia|Insecta|Diptera|Drosophilidae|Drosophila|moju,Achiasmatic Meiosis,Heterogametic,XY,12
Animalia,Insecta,Diptera,Drosophilidae,Drosophila,mojuoides,Animalia|Insecta|Diptera|Drosophilidae|Drosophila|mojuoides,Achiasmatic Meiosis,Heterogametic,NA,12
Animalia,Insecta,Diptera,Drosophilidae,Drosophila,montana,Animalia|Insecta|Diptera|Drosophilidae|Drosophila|montana,Achiasmatic Meiosis,Heterogametic,NA,12
Animalia,Insecta,Diptera,Drosophilidae,Drosophila,montgomeryi,Animalia|Insecta|Diptera|Drosophilidae|Drosophila|montgomeryi,Achiasmatic Meiosis,Heterogametic,NA,12
Animalia,Insecta,Diptera,Drosophilidae,Drosophila,montium,Animalia|Insecta|Diptera|Drosophilidae|Drosophila|montium,Achiasmatic Meiosis,Heterogametic,XY,8
Animalia,Insecta,Diptera,Drosophilidae,Drosophila,moriwakii,Animalia|Insecta|Diptera|Drosophilidae|Drosophila|moriwakii,Achiasmatic Meiosis,Heterogametic,NA,12
Animalia,Insecta,Diptera,Drosophilidae,Drosophila,mulleri,Animalia|Insecta|Diptera|Drosophilidae|Drosophila|mulleri,Achiasmatic Meiosis,Heterogametic,NA,12
Animalia,Insecta,Diptera,Drosophilidae,Drosophila,munda,Animalia|Insecta|Diptera|Drosophilidae|Drosophila|munda,Achiasmatic Meiosis,Heterogametic,NA,8
Animalia,Insecta,Diptera,Drosophilidae,Drosophila,murphyi,Animalia|Insecta|Diptera|Drosophilidae|Drosophila|murphyi,Achiasmatic Meiosis,Heterogametic,NA,12
Animalia,Insecta,Diptera,Drosophilidae,Drosophila,musaphila,Animalia|Insecta|Diptera|Drosophilidae|Drosophila|musaphila,Achiasmatic Meiosis,Heterogametic,NA,12
Animalia,Insecta,Diptera,Drosophilidae,Drosophila,mutandis,Animalia|Insecta|Diptera|Drosophilidae|Drosophila|mutandis,Achiasmatic Meiosis,Heterogametic,XY,12
Animalia,Insecta,Diptera,Drosophilidae,Drosophila,mycetophila,Animalia|Insecta|Diptera|Drosophilidae|Drosophila|mycetophila,Achiasmatic Meiosis,Heterogametic,NA,12
Animalia,Insecta,Diptera,Drosophilidae,Drosophila,mysorensis,Animalia|Insecta|Diptera|Drosophilidae|Drosophila|mysorensis,Achiasmatic Meiosis,Heterogametic,XY,8
Animalia,Insecta,Diptera,Drosophilidae,Drosophila,n.,Animalia|Insecta|Diptera|Drosophilidae|Drosophila|n.,Achiasmatic Meiosis,Heterogametic,NA,12
Animalia,Insecta,Diptera,Drosophilidae,Drosophila,n.sp.,Animalia|Insecta|Diptera|Drosophilidae|Drosophila|n.sp.,Achiasmatic Meiosis,Heterogametic,NA,10
Animalia,Insecta,Diptera,Drosophilidae,Drosophila,nagarholensis,Animalia|Insecta|Diptera|Drosophilidae|Drosophila|nagarholensis,Achiasmatic Meiosis,Heterogametic,XY,8
Animalia,Insecta,Diptera,Drosophilidae,Drosophila,nannoptera,Animalia|Insecta|Diptera|Drosophilidae|Drosophila|nannoptera,Achiasmatic Meiosis,Heterogametic,XY,10
Animalia,Insecta,Diptera,Drosophilidae,Drosophila,narragansett,Animalia|Insecta|Diptera|Drosophilidae|Drosophila|narragansett,Achiasmatic Meiosis,Heterogametic,XY,10
Animalia,Insecta,Diptera,Drosophilidae,Drosophila,nasalis,Animalia|Insecta|Diptera|Drosophilidae|Drosophila|nasalis,Achiasmatic Meiosis,Heterogametic,NA,10
Animalia,Insecta,Diptera,Drosophilidae,Drosophila,nasuta,Animalia|Insecta|Diptera|Drosophilidae|Drosophila|nasuta,Achiasmatic Meiosis,Heterogametic,XY,8
Animalia,Insecta,Diptera,Drosophilidae,Drosophila,nasutoides,Animalia|Insecta|Diptera|Drosophilidae|Drosophila|nasutoides,Achiasmatic Meiosis,Heterogametic,XY,8
Animalia,Insecta,Diptera,Drosophilidae,Drosophila,nebulosa,Animalia|Insecta|Diptera|Drosophilidae|Drosophila|nebulosa,Achiasmatic Meiosis,Heterogametic,NA,8
Animalia,Insecta,Diptera,Drosophilidae,Drosophila,neocardini,Animalia|Insecta|Diptera|Drosophilidae|Drosophila|neocardini,Achiasmatic Meiosis,Heterogametic,XY,8
Animalia,Insecta,Diptera,Drosophilidae,Drosophila,neocordata,Animalia|Insecta|Diptera|Drosophilidae|Drosophila|neocordata,Achiasmatic Meiosis,Heterogametic,NA,6
Animalia,Insecta,Diptera,Drosophilidae,Drosophila,neoelliptica,Animalia|Insecta|Diptera|Drosophilidae|Drosophila|neoelliptica,Achiasmatic Meiosis,Heterogametic,NA,6
Animalia,Insecta,Diptera,Drosophilidae,Drosophila,neogrimshawi,Animalia|Insecta|Diptera|Drosophilidae|Drosophila|neogrimshawi,Achiasmatic Meiosis,Heterogametic,NA,12
Animalia,Insecta,Diptera,Drosophilidae,Drosophila,neoguaramunu,Animalia|Insecta|Diptera|Drosophilidae|Drosophila|neoguaramunu,Achiasmatic Meiosis,Heterogametic,XY,6
Animalia,Insecta,Diptera,Drosophilidae,Drosophila,neohydei,Animalia|Insecta|Diptera|Drosophilidae|Drosophila|neohydei,Achiasmatic Meiosis,Heterogametic,XY,12
Animalia,Insecta,Diptera,Drosophilidae,Drosophila,neohypocausta,Animalia|Insecta|Diptera|Drosophilidae|Drosophila|neohypocausta,Achiasmatic Meiosis,Heterogametic,XY,6
Animalia,Insecta,Diptera,Drosophilidae,Drosophila,neomorpha,Animalia|Insecta|Diptera|Drosophilidae|Drosophila|neomorpha,Achiasmatic Meiosis,Heterogametic,XY,8
Animalia,Insecta,Diptera,Drosophilidae,Drosophila,neonasuta,Animalia|Insecta|Diptera|Drosophilidae|Drosophila|neonasuta,Achiasmatic Meiosis,Heterogametic,XY,8
Animalia,Insecta,Diptera,Drosophilidae,Drosophila,neoperkinsi,Animalia|Insecta|Diptera|Drosophilidae|Drosophila|neoperkinsi,Achiasmatic Meiosis,Heterogametic,NA,12
Animalia,Insecta,Diptera,Drosophilidae,Drosophila,neopicta,Animalia|Insecta|Diptera|Drosophilidae|Drosophila|neopicta,Achiasmatic Meiosis,Heterogametic,NA,12
Animalia,Insecta,Diptera,Drosophilidae,Drosophila,neorepleta,Animalia|Insecta|Diptera|Drosophilidae|Drosophila|neorepleta,Achiasmatic Meiosis,Heterogametic,XY,12
Animalia,Insecta,Diptera,Drosophilidae,Drosophila,neosaltans,Animalia|Insecta|Diptera|Drosophilidae|Drosophila|neosaltans,Achiasmatic Meiosis,Heterogametic,NA,6
Animalia,Insecta,Diptera,Drosophilidae,Drosophila,nepalensis,Animalia|Insecta|Diptera|Drosophilidae|Drosophila|nepalensis,Achiasmatic Meiosis,Heterogametic,XY,8
Animalia,Insecta,Diptera,Drosophilidae,Drosophila,nesoetes,Animalia|Insecta|Diptera|Drosophilidae|Drosophila|nesoetes,Achiasmatic Meiosis,Heterogametic,XY,8
Animalia,Insecta,Diptera,Drosophilidae,Drosophila,nigra,Animalia|Insecta|Diptera|Drosophilidae|Drosophila|nigra,Achiasmatic Meiosis,Heterogametic,NA,12
Animalia,Insecta,Diptera,Drosophilidae,Drosophila,nigribasis,Animalia|Insecta|Diptera|Drosophilidae|Drosophila|nigribasis,Achiasmatic Meiosis,Heterogametic,NA,12
Animalia,Insecta,Diptera,Drosophilidae,Drosophila,nigricruria,Animalia|Insecta|Diptera|Drosophilidae|Drosophila|nigricruria,Achiasmatic Meiosis,Heterogametic,XY,12
Animalia,Insecta,Diptera,Drosophilidae,Drosophila,nigrifacies,Animalia|Insecta|Diptera|Drosophilidae|Drosophila|nigrifacies,Achiasmatic Meiosis,Heterogametic,NA,12
Animalia,Insecta,Diptera,Drosophilidae,Drosophila,nigrilineata,Animalia|Insecta|Diptera|Drosophilidae|Drosophila|nigrilineata,Achiasmatic Meiosis,Heterogametic,NA,12
Animalia,Insecta,Diptera,Drosophilidae,Drosophila,nigrodunni,Animalia|Insecta|Diptera|Drosophilidae|Drosophila|nigrodunni,Achiasmatic Meiosis,Heterogametic,NA,8
Animalia,Insecta,Diptera,Drosophilidae,Drosophila,nigrohydei,Animalia|Insecta|Diptera|Drosophilidae|Drosophila|nigrohydei,Achiasmatic Meiosis,Heterogametic,XY,12
Animalia,Insecta,Diptera,Drosophilidae,Drosophila,nigromaculata,Animalia|Insecta|Diptera|Drosophilidae|Drosophila|nigromaculata,Achiasmatic Meiosis,Heterogametic,NA,12
Animalia,Insecta,Diptera,Drosophilidae,Drosophila,nigromelanica,Animalia|Insecta|Diptera|Drosophilidae|Drosophila|nigromelanica,Achiasmatic Meiosis,Heterogametic,NA,10
Animalia,Insecta,Diptera,Drosophilidae,Drosophila,nigrosaltans,Animalia|Insecta|Diptera|Drosophilidae|Drosophila|nigrosaltans,Achiasmatic Meiosis,Heterogametic,NA,6
Animalia,Insecta,Diptera,Drosophilidae,Drosophila,nigrosparsa,Animalia|Insecta|Diptera|Drosophilidae|Drosophila|nigrosparsa,Achiasmatic Meiosis,Heterogametic,XY,12
Animalia,Insecta,Diptera,Drosophilidae,Drosophila,nigrospiracula,Animalia|Insecta|Diptera|Drosophilidae|Drosophila|nigrospiracula,Achiasmatic Meiosis,Heterogametic,NA,12
Animalia,Insecta,Diptera,Drosophilidae,Drosophila,nikananu,Animalia|Insecta|Diptera|Drosophilidae|Drosophila|nikananu,Achiasmatic Meiosis,Heterogametic,XY,8
Animalia,Insecta,Diptera,Drosophilidae,Drosophila,nitidithorax,Animalia|Insecta|Diptera|Drosophilidae|Drosophila|nitidithorax,Achiasmatic Meiosis,Heterogametic,XY,12
Animalia,Insecta,Diptera,Drosophilidae,Drosophila,niveifrons,Animalia|Insecta|Diptera|Drosophilidae|Drosophila|niveifrons,Achiasmatic Meiosis,Heterogametic,XY,8
Animalia,Insecta,Diptera,Drosophilidae,Drosophila,nixifrons,Animalia|Insecta|Diptera|Drosophilidae|Drosophila|nixifrons,Achiasmatic Meiosis,Heterogametic,XY,10
Animalia,Insecta,Diptera,Drosophilidae,Drosophila,novamaculosa,Animalia|Insecta|Diptera|Drosophilidae|Drosophila|novamaculosa,Achiasmatic Meiosis,Heterogametic,XY,12
Animalia,Insecta,Diptera,Drosophilidae,Drosophila,novamexicana,Animalia|Insecta|Diptera|Drosophilidae|Drosophila|novamexicana,Achiasmatic Meiosis,Heterogametic,XY,12
Animalia,Insecta,Diptera,Drosophilidae,Drosophila,novemeristata,Animalia|Insecta|Diptera|Drosophilidae|Drosophila|novemeristata,Achiasmatic Meiosis,Heterogametic,XY,12
Animalia,Insecta,Diptera,Drosophilidae,Drosophila,novopaca,Animalia|Insecta|Diptera|Drosophilidae|Drosophila|novopaca,Achiasmatic Meiosis,Heterogametic,NA,12
Animalia,Insecta,Diptera,Drosophilidae,Drosophila,oahuensis,Animalia|Insecta|Diptera|Drosophilidae|Drosophila|oahuensis,Achiasmatic Meiosis,Heterogametic,NA,12
Animalia,Insecta,Diptera,Drosophilidae,Drosophila,obatai,Animalia|Insecta|Diptera|Drosophilidae|Drosophila|obatai,Achiasmatic Meiosis,Heterogametic,NA,12
Animalia,Insecta,Diptera,Drosophilidae,Drosophila,obscura,Animalia|Insecta|Diptera|Drosophilidae|Drosophila|obscura,Achiasmatic Meiosis,Heterogametic,NA,12
Animalia,Insecta,Diptera,Drosophilidae,Drosophila,obscuripes,Animalia|Insecta|Diptera|Drosophilidae|Drosophila|obscuripes,Achiasmatic Meiosis,Heterogametic,NA,12
Animalia,Insecta,Diptera,Drosophilidae,Drosophila,obscuroides,Animalia|Insecta|Diptera|Drosophilidae|Drosophila|obscuroides,Achiasmatic Meiosis,Heterogametic,XY,12
Animalia,Insecta,Diptera,Drosophilidae,Drosophila,occidentalis,Animalia|Insecta|Diptera|Drosophilidae|Drosophila|occidentalis,Achiasmatic Meiosis,Heterogametic,NA,12
Animalia,Insecta,Diptera,Drosophilidae,Drosophila,ocellata,Animalia|Insecta|Diptera|Drosophilidae|Drosophila|ocellata,Achiasmatic Meiosis,Heterogametic,NA,12
Animalia,Insecta,Diptera,Drosophilidae,Drosophila,ochracea,Animalia|Insecta|Diptera|Drosophilidae|Drosophila|ochracea,Achiasmatic Meiosis,Heterogametic,NA,12
Animalia,Insecta,Diptera,Drosophilidae,Drosophila,ochrobasis,Animalia|Insecta|Diptera|Drosophilidae|Drosophila|ochrobasis,Achiasmatic Meiosis,Heterogametic,NA,12
Animalia,Insecta,Diptera,Drosophilidae,Drosophila,odontophallus,Animalia|Insecta|Diptera|Drosophilidae|Drosophila|odontophallus,Achiasmatic Meiosis,Heterogametic,NA,12
Animalia,Insecta,Diptera,Drosophilidae,Drosophila,olaae,Animalia|Insecta|Diptera|Drosophilidae|Drosophila|olaae,Achiasmatic Meiosis,Heterogametic,NA,12
Animalia,Insecta,Diptera,Drosophilidae,Drosophila,onca,Animalia|Insecta|Diptera|Drosophilidae|Drosophila|onca,Achiasmatic Meiosis,Heterogametic,XY,8
Animalia,Insecta,Diptera,Drosophilidae,Drosophila,orbospiracula,Animalia|Insecta|Diptera|Drosophilidae|Drosophila|orbospiracula,Achiasmatic Meiosis,Heterogametic,XO,12
Animalia,Insecta,Diptera,Drosophilidae,Drosophila,orena,Animalia|Insecta|Diptera|Drosophilidae|Drosophila|orena,Achiasmatic Meiosis,Heterogametic,XY,8
Animalia,Insecta,Diptera,Drosophilidae,Drosophila,orkui,Animalia|Insecta|Diptera|Drosophilidae|Drosophila|orkui,Achiasmatic Meiosis,Heterogametic,NA,10
Animalia,Insecta,Diptera,Drosophilidae,Drosophila,ornata,Animalia|Insecta|Diptera|Drosophilidae|Drosophila|ornata,Achiasmatic Meiosis,Heterogametic,NA,12
Animalia,Insecta,Diptera,Drosophilidae,Drosophila,ornatipennis,Animalia|Insecta|Diptera|Drosophilidae|Drosophila|ornatipennis,Achiasmatic Meiosis,Heterogametic,NA,10
Animalia,Insecta,Diptera,Drosophilidae,Drosophila,orosa,Animalia|Insecta|Diptera|Drosophilidae|Drosophila|orosa,Achiasmatic Meiosis,Heterogametic,XY,8
Animalia,Insecta,Diptera,Drosophilidae,Drosophila,orphnopeza,Animalia|Insecta|Diptera|Drosophilidae|Drosophila|orphnopeza,Achiasmatic Meiosis,Heterogametic,NA,12
Animalia,Insecta,Diptera,Drosophilidae,Drosophila,orthofascia,Animalia|Insecta|Diptera|Drosophilidae|Drosophila|orthofascia,Achiasmatic Meiosis,Heterogametic,NA,12
Animalia,Insecta,Diptera,Drosophilidae,Drosophila,pachea,Animalia|Insecta|Diptera|Drosophilidae|Drosophila|pachea,Achiasmatic Meiosis,Heterogametic,XY,10
Animalia,Insecta,Diptera,Drosophilidae,Drosophila,pachuca,Animalia|Insecta|Diptera|Drosophilidae|Drosophila|pachuca,Achiasmatic Meiosis,Heterogametic,XY,12
Animalia,Insecta,Diptera,Drosophilidae,Drosophila,paenehamifera,Animalia|Insecta|Diptera|Drosophilidae|Drosophila|paenehamifera,Achiasmatic Meiosis,Heterogametic,NA,12
Animalia,Insecta,Diptera,Drosophilidae,Drosophila,pagliolii,Animalia|Insecta|Diptera|Drosophilidae|Drosophila|pagliolii,Achiasmatic Meiosis,Heterogametic,NA,10
Animalia,Insecta,Diptera,Drosophilidae,Drosophila,pallidifrons,Animalia|Insecta|Diptera|Drosophilidae|Drosophila|pallidifrons,Achiasmatic Meiosis,Heterogametic,XY,8
Animalia,Insecta,Diptera,Drosophilidae,Drosophila,pallidipennis,Animalia|Insecta|Diptera|Drosophilidae|Drosophila|pallidipennis,Achiasmatic Meiosis,Heterogametic,XY,12
Animalia,Insecta,Diptera,Drosophilidae,Drosophila,pallidosa,Animalia|Insecta|Diptera|Drosophilidae|Drosophila|pallidosa,Achiasmatic Meiosis,Heterogametic,XY,8
Animalia,Insecta,Diptera,Drosophilidae,Drosophila,palustris,Animalia|Insecta|Diptera|Drosophilidae|Drosophila|palustris,Achiasmatic Meiosis,Heterogametic,XY,12
Animalia,Insecta,Diptera,Drosophilidae,Drosophila,parabipectinata,Animalia|Insecta|Diptera|Drosophilidae|Drosophila|parabipectinata,Achiasmatic Meiosis,Heterogametic,XY,8
Animalia,Insecta,Diptera,Drosophilidae,Drosophila,parabocainensis,Animalia|Insecta|Diptera|Drosophilidae|Drosophila|parabocainensis,Achiasmatic Meiosis,Heterogametic,NA,6
Animalia,Insecta,Diptera,Drosophilidae,Drosophila,paracanalinea,Animalia|Insecta|Diptera|Drosophilidae|Drosophila|paracanalinea,Achiasmatic Meiosis,Heterogametic,NA,8
Animalia,Insecta,Diptera,Drosophilidae,Drosophila,parachrogaster,Animalia|Insecta|Diptera|Drosophilidae|Drosophila|parachrogaster,Achiasmatic Meiosis,Heterogametic,NA,12
Animalia,Insecta,Diptera,Drosophilidae,Drosophila,paraguttata,Animalia|Insecta|Diptera|Drosophilidae|Drosophila|paraguttata,Achiasmatic Meiosis,Heterogametic,XY,12
Animalia,Insecta,Diptera,Drosophilidae,Drosophila,paralutea,Animalia|Insecta|Diptera|Drosophilidae|Drosophila|paralutea,Achiasmatic Meiosis,Heterogametic,XY,6
Animalia,Insecta,Diptera,Drosophilidae,Drosophila,paramediostriata,Animalia|Insecta|Diptera|Drosophilidae|Drosophila|paramediostriata,Achiasmatic Meiosis,Heterogametic,NA,12
Animalia,Insecta,Diptera,Drosophilidae,Drosophila,paramelanica,Animalia|Insecta|Diptera|Drosophilidae|Drosophila|paramelanica,Achiasmatic Meiosis,Heterogametic,NA,10
Animalia,Insecta,Diptera,Drosophilidae,Drosophila,paranaensis,Animalia|Insecta|Diptera|Drosophilidae|Drosophila|paranaensis,Achiasmatic Meiosis,Heterogametic,XY,10
Animalia,Insecta,Diptera,Drosophilidae,Drosophila,pararepleta,Animalia|Insecta|Diptera|Drosophilidae|Drosophila|pararepleta,Achiasmatic Meiosis,Heterogametic,XY,10
Animalia,Insecta,Diptera,Drosophilidae,Drosophila,pararubida,Animalia|Insecta|Diptera|Drosophilidae|Drosophila|pararubida,Achiasmatic Meiosis,Heterogametic,NA,8
Animalia,Insecta,Diptera,Drosophilidae,Drosophila,parasaltans,Animalia|Insecta|Diptera|Drosophilidae|Drosophila|parasaltans,Achiasmatic Meiosis,Heterogametic,NA,6
Animalia,Insecta,Diptera,Drosophilidae,Drosophila,paratriangulata,Animalia|Insecta|Diptera|Drosophilidae|Drosophila|paratriangulata,Achiasmatic Meiosis,Heterogametic,XY,8
Animalia,Insecta,Diptera,Drosophilidae,Drosophila,parthenogenetica,Animalia|Insecta|Diptera|Drosophilidae|Drosophila|parthenogenetica,Achiasmatic Meiosis,Heterogametic,NA,8
Animalia,Insecta,Diptera,Drosophilidae,Drosophila,parva,Animalia|Insecta|Diptera|Drosophilidae|Drosophila|parva,Achiasmatic Meiosis,Heterogametic,NA,8
Animalia,Insecta,Diptera,Drosophilidae,Drosophila,parvula,Animalia|Insecta|Diptera|Drosophilidae|Drosophila|parvula,Achiasmatic Meiosis,Heterogametic,XY,6
Animalia,Insecta,Diptera,Drosophilidae,Drosophila,pattersoni,Animalia|Insecta|Diptera|Drosophilidae|Drosophila|pattersoni,Achiasmatic Meiosis,Heterogametic,NA,8
Animalia,Insecta,Diptera,Drosophilidae,Drosophila,paucicilia,Animalia|Insecta|Diptera|Drosophilidae|Drosophila|paucicilia,Achiasmatic Meiosis,Heterogametic,NA,12
Animalia,Insecta,Diptera,Drosophilidae,Drosophila,paucipuncta,Animalia|Insecta|Diptera|Drosophilidae|Drosophila|paucipuncta,Achiasmatic Meiosis,Heterogametic,NA,12
Animalia,Insecta,Diptera,Drosophilidae,Drosophila,paulistorum,Animalia|Insecta|Diptera|Drosophilidae|Drosophila|paulistorum,Achiasmatic Meiosis,Heterogametic,XY,6
Animalia,Insecta,Diptera,Drosophilidae,Drosophila,pavani,Animalia|Insecta|Diptera|Drosophilidae|Drosophila|pavani,Achiasmatic Meiosis,Heterogametic,NA,10
Animalia,Insecta,Diptera,Drosophilidae,Drosophila,pavlovskiana,Animalia|Insecta|Diptera|Drosophilidae|Drosophila|pavlovskiana,Achiasmatic Meiosis,Heterogametic,NA,6
Animalia,Insecta,Diptera,Drosophilidae,Drosophila,pectinitarsus,Animalia|Insecta|Diptera|Drosophilidae|Drosophila|pectinitarsus,Achiasmatic Meiosis,Heterogametic,NA,12
Animalia,Insecta,Diptera,Drosophilidae,Drosophila,pegasa,Animalia|Insecta|Diptera|Drosophilidae|Drosophila|pegasa,Achiasmatic Meiosis,Heterogametic,NA,12
Animalia,Insecta,Diptera,Drosophilidae,Drosophila,pellewae,Animalia|Insecta|Diptera|Drosophilidae|Drosophila|pellewae,Achiasmatic Meiosis,Heterogametic,XY,12
Animalia,Insecta,Diptera,Drosophilidae,Drosophila,pengi,Animalia|Insecta|Diptera|Drosophilidae|Drosophila|pengi,Achiasmatic Meiosis,Heterogametic,NA,10
Animalia,Insecta,Diptera,Drosophilidae,Drosophila,peniculipedis,Animalia|Insecta|Diptera|Drosophilidae|Drosophila|peniculipedis,Achiasmatic Meiosis,Heterogametic,NA,12
Animalia,Insecta,Diptera,Drosophilidae,Drosophila,peninsularis,Animalia|Insecta|Diptera|Drosophilidae|Drosophila|peninsularis,Achiasmatic Meiosis,Heterogametic,XY,12
Animalia,Insecta,Diptera,Drosophilidae,Drosophila,pennae,Animalia|Insecta|Diptera|Drosophilidae|Drosophila|pennae,Achiasmatic Meiosis,Heterogametic,XY,6
Animalia,Insecta,Diptera,Drosophilidae,Drosophila,percnosoma,Animalia|Insecta|Diptera|Drosophilidae|Drosophila|percnosoma,Achiasmatic Meiosis,Heterogametic,NA,12
Animalia,Insecta,Diptera,Drosophilidae,Drosophila,perkinsi,Animalia|Insecta|Diptera|Drosophilidae|Drosophila|perkinsi,Achiasmatic Meiosis,Heterogametic,NA,12
Animalia,Insecta,Diptera,Drosophilidae,Drosophila,persimilis,Animalia|Insecta|Diptera|Drosophilidae|Drosophila|persimilis,Achiasmatic Meiosis,Heterogametic,XY,10
Animalia,Insecta,Diptera,Drosophilidae,Drosophila,phaeopleura,Animalia|Insecta|Diptera|Drosophilidae|Drosophila|phaeopleura,Achiasmatic Meiosis,Heterogametic,XY,8
Animalia,Insecta,Diptera,Drosophilidae,Drosophila,phalerata,Animalia|Insecta|Diptera|Drosophilidae|Drosophila|phalerata,Achiasmatic Meiosis,Heterogametic,XY,12
Animalia,Insecta,Diptera,Drosophilidae,Drosophila,picta,Animalia|Insecta|Diptera|Drosophilidae|Drosophila|picta,Achiasmatic Meiosis,Heterogametic,NA,12
Animalia,Insecta,Diptera,Drosophilidae,Drosophila,picticornis,Animalia|Insecta|Diptera|Drosophilidae|Drosophila|picticornis,Achiasmatic Meiosis,Heterogametic,NA,12
Animalia,Insecta,Diptera,Drosophilidae,Drosophila,pictilis,Animalia|Insecta|Diptera|Drosophilidae|Drosophila|pictilis,Achiasmatic Meiosis,Heterogametic,XY,12
Animalia,Insecta,Diptera,Drosophilidae,Drosophila,pictiventris,Animalia|Insecta|Diptera|Drosophilidae|Drosophila|pictiventris,Achiasmatic Meiosis,Heterogametic,XO,8
Animalia,Insecta,Diptera,Drosophilidae,Drosophila,pictura,Animalia|Insecta|Diptera|Drosophilidae|Drosophila|pictura,Achiasmatic Meiosis,Heterogametic,XY,12
Animalia,Insecta,Diptera,Drosophilidae,Drosophila,pilimana,Animalia|Insecta|Diptera|Drosophilidae|Drosophila|pilimana,Achiasmatic Meiosis,Heterogametic,NA,12
Animalia,Insecta,Diptera,Drosophilidae,Drosophila,pinicola,Animalia|Insecta|Diptera|Drosophilidae|Drosophila|pinicola,Achiasmatic Meiosis,Heterogametic,XY,6
Animalia,Insecta,Diptera,Drosophilidae,Drosophila,planitibia,Animalia|Insecta|Diptera|Drosophilidae|Drosophila|planitibia,Achiasmatic Meiosis,Heterogametic,NA,12
Animalia,Insecta,Diptera,Drosophilidae,Drosophila,polliciforma,Animalia|Insecta|Diptera|Drosophilidae|Drosophila|polliciforma,Achiasmatic Meiosis,Heterogametic,NA,12
Animalia,Insecta,Diptera,Drosophilidae,Drosophila,polychaeta,Animalia|Insecta|Diptera|Drosophilidae|Drosophila|polychaeta,Achiasmatic Meiosis,Heterogametic,XY,12
Animalia,Insecta,Diptera,Drosophilidae,Drosophila,polymorpha,Animalia|Insecta|Diptera|Drosophilidae|Drosophila|polymorpha,Achiasmatic Meiosis,Heterogametic,XY,8
Animalia,Insecta,Diptera,Drosophilidae,Drosophila,ponera,Animalia|Insecta|Diptera|Drosophilidae|Drosophila|ponera,Achiasmatic Meiosis,Heterogametic,XY,12
Animalia,Insecta,Diptera,Drosophilidae,Drosophila,primaeva,Animalia|Insecta|Diptera|Drosophilidae|Drosophila|primaeva,Achiasmatic Meiosis,Heterogametic,NA,12
Animalia,Insecta,Diptera,Drosophilidae,Drosophila,procardinoides,Animalia|Insecta|Diptera|Drosophilidae|Drosophila|procardinoides,Achiasmatic Meiosis,Heterogametic,NA,8
Animalia,Insecta,Diptera,Drosophilidae,Drosophila,prolaticilia,Animalia|Insecta|Diptera|Drosophilidae|Drosophila|prolaticilia,Achiasmatic Meiosis,Heterogametic,NA,12
Animalia,Insecta,Diptera,Drosophilidae,Drosophila,prolongata,Animalia|Insecta|Diptera|Drosophilidae|Drosophila|prolongata,Achiasmatic Meiosis,Heterogametic,XY,8
Animalia,Insecta,Diptera,Drosophilidae,Drosophila,promeridiana,Animalia|Insecta|Diptera|Drosophilidae|Drosophila|promeridiana,Achiasmatic Meiosis,Heterogametic,XY,10
Animalia,Insecta,Diptera,Drosophilidae,Drosophila,propachuca,Animalia|Insecta|Diptera|Drosophilidae|Drosophila|propachuca,Achiasmatic Meiosis,Heterogametic,XY,10
Animalia,Insecta,Diptera,Drosophilidae,Drosophila,prosaltans,Animalia|Insecta|Diptera|Drosophilidae|Drosophila|prosaltans,Achiasmatic Meiosis,Heterogametic,NA,6
Animalia,Insecta,Diptera,Drosophilidae,Drosophila,prosaltansII,Animalia|Insecta|Diptera|Drosophilidae|Drosophila|prosaltansII,Achiasmatic Meiosis,Heterogametic,NA,6
Animalia,Insecta,Diptera,Drosophilidae,Drosophila,prosimilis,Animalia|Insecta|Diptera|Drosophilidae|Drosophila|prosimilis,Achiasmatic Meiosis,Heterogametic,XY,12
Animalia,Insecta,Diptera,Drosophilidae,Drosophila,prostipennis,Animalia|Insecta|Diptera|Drosophilidae|Drosophila|prostipennis,Achiasmatic Meiosis,Heterogametic,XY,6
Animalia,Insecta,Diptera,Drosophilidae,Drosophila,prostopalpis,Animalia|Insecta|Diptera|Drosophilidae|Drosophila|prostopalpis,Achiasmatic Meiosis,Heterogametic,NA,12
Animalia,Insecta,Diptera,Drosophilidae,Drosophila,pseudoananassae,Animalia|Insecta|Diptera|Drosophilidae|Drosophila|pseudoananassae,Achiasmatic Meiosis,Heterogametic,XY,8
Animalia,Insecta,Diptera,Drosophilidae,Drosophila,pseudomayri,Animalia|Insecta|Diptera|Drosophilidae|Drosophila|pseudomayri,Achiasmatic Meiosis,Heterogametic,XY,8
Animalia,Insecta,Diptera,Drosophilidae,Drosophila,pseudoobscura,Animalia|Insecta|Diptera|Drosophilidae|Drosophila|pseudoobscura,Achiasmatic Meiosis,Heterogametic,XY,10
Animalia,Insecta,Diptera,Drosophilidae,Drosophila,pseudosaltans,Animalia|Insecta|Diptera|Drosophilidae|Drosophila|pseudosaltans,Achiasmatic Meiosis,Heterogametic,NA,6
Animalia,Insecta,Diptera,Drosophilidae,Drosophila,pseudosordidula,Animalia|Insecta|Diptera|Drosophilidae|Drosophila|pseudosordidula,Achiasmatic Meiosis,Heterogametic,NA,10
Animalia,Insecta,Diptera,Drosophilidae,Drosophila,pseudotakahashii,Animalia|Insecta|Diptera|Drosophilidae|Drosophila|pseudotakahashii,Achiasmatic Meiosis,Heterogametic,XY,8
Animalia,Insecta,Diptera,Drosophilidae,Drosophila,pseudotetrachaeta,Animalia|Insecta|Diptera|Drosophilidae|Drosophila|pseudotetrachaeta,Achiasmatic Meiosis,Heterogametic,NA,12
Animalia,Insecta,Diptera,Drosophilidae,Drosophila,psilophallus,Animalia|Insecta|Diptera|Drosophilidae|Drosophila|psilophallus,Achiasmatic Meiosis,Heterogametic,NA,12
Animalia,Insecta,Diptera,Drosophilidae,Drosophila,psiolotarsalis,Animalia|Insecta|Diptera|Drosophilidae|Drosophila|psiolotarsalis,Achiasmatic Meiosis,Heterogametic,NA,12
Animalia,Insecta,Diptera,Drosophilidae,Drosophila,pulaua,Animalia|Insecta|Diptera|Drosophilidae|Drosophila|pulaua,Achiasmatic Meiosis,Heterogametic,XY,8
Animalia,Insecta,Diptera,Drosophilidae,Drosophila,pulchrella,Animalia|Insecta|Diptera|Drosophilidae|Drosophila|pulchrella,Achiasmatic Meiosis,Heterogametic,XY,8
Animalia,Insecta,Diptera,Drosophilidae,Drosophila,pulla,Animalia|Insecta|Diptera|Drosophilidae|Drosophila|pulla,Achiasmatic Meiosis,Heterogametic,XY,10
Animalia,Insecta,Diptera,Drosophilidae,Drosophila,pullata,Animalia|Insecta|Diptera|Drosophilidae|Drosophila|pullata,Achiasmatic Meiosis,Heterogametic,NA,10
Animalia,Insecta,Diptera,Drosophilidae,Drosophila,pullipes,Animalia|Insecta|Diptera|Drosophilidae|Drosophila|pullipes,Achiasmatic Meiosis,Heterogametic,NA,12
Animalia,Insecta,Diptera,Drosophilidae,Drosophila,punalua,Animalia|Insecta|Diptera|Drosophilidae|Drosophila|punalua,Achiasmatic Meiosis,Heterogametic,NA,12
Animalia,Insecta,Diptera,Drosophilidae,Drosophila,punjabiensis,Animalia|Insecta|Diptera|Drosophilidae|Drosophila|punjabiensis,Achiasmatic Meiosis,Heterogametic,XY,8
Animalia,Insecta,Diptera,Drosophilidae,Drosophila,putrida,Animalia|Insecta|Diptera|Drosophilidae|Drosophila|putrida,Achiasmatic Meiosis,Heterogametic,XY,10
Animalia,Insecta,Diptera,Drosophilidae,Drosophila,pychnochaetae,Animalia|Insecta|Diptera|Drosophilidae|Drosophila|pychnochaetae,Achiasmatic Meiosis,Heterogametic,NA,12
Animalia,Insecta,Diptera,Drosophilidae,Drosophila,quadraria,Animalia|Insecta|Diptera|Drosophilidae|Drosophila|quadraria,Achiasmatic Meiosis,Heterogametic,XY,6
Animalia,Insecta,Diptera,Drosophilidae,Drosophila,quadrilineata,Animalia|Insecta|Diptera|Drosophilidae|Drosophila|quadrilineata,Achiasmatic Meiosis,Heterogametic,XY,12
Animalia,Insecta,Diptera,Drosophilidae,Drosophila,quadrisetae,Animalia|Insecta|Diptera|Drosophilidae|Drosophila|quadrisetae,Achiasmatic Meiosis,Heterogametic,NA,12
Animalia,Insecta,Diptera,Drosophilidae,Drosophila,quasianomalipes,Animalia|Insecta|Diptera|Drosophilidae|Drosophila|quasianomalipes,Achiasmatic Meiosis,Heterogametic,NA,12
Animalia,Insecta,Diptera,Drosophilidae,Drosophila,quinaria,Animalia|Insecta|Diptera|Drosophilidae|Drosophila|quinaria,Achiasmatic Meiosis,Heterogametic,XY,6
Animalia,Insecta,Diptera,Drosophilidae,Drosophila,racemova,Animalia|Insecta|Diptera|Drosophilidae|Drosophila|racemova,Achiasmatic Meiosis,Heterogametic,XY,12
Animalia,Insecta,Diptera,Drosophilidae,Drosophila,ramsdeni,Animalia|Insecta|Diptera|Drosophilidae|Drosophila|ramsdeni,Achiasmatic Meiosis,Heterogametic,XY,12
Animalia,Insecta,Diptera,Drosophilidae,Drosophila,rectangularis,Animalia|Insecta|Diptera|Drosophilidae|Drosophila|rectangularis,Achiasmatic Meiosis,Heterogametic,NA,6
Animalia,Insecta,Diptera,Drosophilidae,Drosophila,recticilia,Animalia|Insecta|Diptera|Drosophilidae|Drosophila|recticilia,Achiasmatic Meiosis,Heterogametic,NA,12
Animalia,Insecta,Diptera,Drosophilidae,Drosophila,reducta,Animalia|Insecta|Diptera|Drosophilidae|Drosophila|reducta,Achiasmatic Meiosis,Heterogametic,NA,10
Animalia,Insecta,Diptera,Drosophilidae,Drosophila,repleta,Animalia|Insecta|Diptera|Drosophilidae|Drosophila|repleta,Achiasmatic Meiosis,Heterogametic,NA,12
Animalia,Insecta,Diptera,Drosophilidae,Drosophila,repletoides,Animalia|Insecta|Diptera|Drosophilidae|Drosophila|repletoides,Achiasmatic Meiosis,Heterogametic,NA,8
Animalia,Insecta,Diptera,Drosophilidae,Drosophila,reynoldsiae,Animalia|Insecta|Diptera|Drosophilidae|Drosophila|reynoldsiae,Achiasmatic Meiosis,Heterogametic,NA,12
Animalia,Insecta,Diptera,Drosophilidae,Drosophila,rhopaloa,Animalia|Insecta|Diptera|Drosophilidae|Drosophila|rhopaloa,Achiasmatic Meiosis,Heterogametic,XY,8
Animalia,Insecta,Diptera,Drosophilidae,Drosophila,rioensis,Animalia|Insecta|Diptera|Drosophilidae|Drosophila|rioensis,Achiasmatic Meiosis,Heterogametic,XY,10
Animalia,Insecta,Diptera,Drosophilidae,Drosophila,ritae,Animalia|Insecta|Diptera|Drosophilidae|Drosophila|ritae,Achiasmatic Meiosis,Heterogametic,XY,12
Animalia,Insecta,Diptera,Drosophilidae,Drosophila,robusta,Animalia|Insecta|Diptera|Drosophilidae|Drosophila|robusta,Achiasmatic Meiosis,Heterogametic,XY,8
Animalia,Insecta,Diptera,Drosophilidae,Drosophila,roehrae,Animalia|Insecta|Diptera|Drosophilidae|Drosophila|roehrae,Achiasmatic Meiosis,Heterogametic,NA,12
Animalia,Insecta,Diptera,Drosophilidae,Drosophila,ruberrima,Animalia|Insecta|Diptera|Drosophilidae|Drosophila|ruberrima,Achiasmatic Meiosis,Heterogametic,XY,8
Animalia,Insecta,Diptera,Drosophilidae,Drosophila,rubida,Animalia|Insecta|Diptera|Drosophilidae|Drosophila|rubida,Achiasmatic Meiosis,Heterogametic,NA,8
Animalia,Insecta,Diptera,Drosophilidae,Drosophila,rubifrons,Animalia|Insecta|Diptera|Drosophilidae|Drosophila|rubifrons,Achiasmatic Meiosis,Heterogametic,NA,12
Animalia,Insecta,Diptera,Drosophilidae,Drosophila,rubra,Animalia|Insecta|Diptera|Drosophilidae|Drosophila|rubra,Achiasmatic Meiosis,Heterogametic,XY,8
Animalia,Insecta,Diptera,Drosophilidae,Drosophila,rufa,Animalia|Insecta|Diptera|Drosophilidae|Drosophila|rufa,Achiasmatic Meiosis,Heterogametic,XY,8
Animalia,Insecta,Diptera,Drosophilidae,Drosophila,rufifrons,Animalia|Insecta|Diptera|Drosophilidae|Drosophila|rufifrons,Achiasmatic Meiosis,Heterogametic,XY,8
Animalia,Insecta,Diptera,Drosophilidae,Drosophila,s.,Animalia|Insecta|Diptera|Drosophilidae|Drosophila|s.,Achiasmatic Meiosis,Heterogametic,XY,8
Animalia,Insecta,Diptera,Drosophilidae,Drosophila,saltans,Animalia|Insecta|Diptera|Drosophilidae|Drosophila|saltans,Achiasmatic Meiosis,Heterogametic,NA,6
Animalia,Insecta,Diptera,Drosophilidae,Drosophila,sechellia,Animalia|Insecta|Diptera|Drosophilidae|Drosophila|sechellia,Achiasmatic Meiosis,Heterogametic,XY,8
Animalia,Insecta,Diptera,Drosophilidae,Drosophila,seguyi,Animalia|Insecta|Diptera|Drosophilidae|Drosophila|seguyi,Achiasmatic Meiosis,Heterogametic,XY,8
Animalia,Insecta,Diptera,Drosophilidae,Drosophila,sejuncta,Animalia|Insecta|Diptera|Drosophilidae|Drosophila|sejuncta,Achiasmatic Meiosis,Heterogametic,NA,12
Animalia,Insecta,Diptera,Drosophilidae,Drosophila,sellata,Animalia|Insecta|Diptera|Drosophilidae|Drosophila|sellata,Achiasmatic Meiosis,Heterogametic,NA,6
Animalia,Insecta,Diptera,Drosophilidae,Drosophila,septentriosaltans,Animalia|Insecta|Diptera|Drosophilidae|Drosophila|septentriosaltans,Achiasmatic Meiosis,Heterogametic,NA,6
Animalia,Insecta,Diptera,Drosophilidae,Drosophila,serenensis,Animalia|Insecta|Diptera|Drosophilidae|Drosophila|serenensis,Achiasmatic Meiosis,Heterogametic,NA,12
Animalia,Insecta,Diptera,Drosophilidae,Drosophila,serido,Animalia|Insecta|Diptera|Drosophilidae|Drosophila|serido,Achiasmatic Meiosis,Heterogametic,NA,12
Animalia,Insecta,Diptera,Drosophilidae,Drosophila,serrata,Animalia|Insecta|Diptera|Drosophilidae|Drosophila|serrata,Achiasmatic Meiosis,Heterogametic,NA,8
Animalia,Insecta,Diptera,Drosophilidae,Drosophila,setosifrons,Animalia|Insecta|Diptera|Drosophilidae|Drosophila|setosifrons,Achiasmatic Meiosis,Heterogametic,NA,12
Animalia,Insecta,Diptera,Drosophilidae,Drosophila,setosimentum,Animalia|Insecta|Diptera|Drosophilidae|Drosophila|setosimentum,Achiasmatic Meiosis,Heterogametic,NA,12
Animalia,Insecta,Diptera,Drosophilidae,Drosophila,setula,Animalia|Insecta|Diptera|Drosophilidae|Drosophila|setula,Achiasmatic Meiosis,Heterogametic,NA,12
Animalia,Insecta,Diptera,Drosophilidae,Drosophila,sigmoides,Animalia|Insecta|Diptera|Drosophilidae|Drosophila|sigmoides,Achiasmatic Meiosis,Heterogametic,NA,12
Animalia,Insecta,Diptera,Drosophilidae,Drosophila,silvarentis,Animalia|Insecta|Diptera|Drosophilidae|Drosophila|silvarentis,Achiasmatic Meiosis,Heterogametic,NA,12
Animalia,Insecta,Diptera,Drosophilidae,Drosophila,silvestris,Animalia|Insecta|Diptera|Drosophilidae|Drosophila|silvestris,Achiasmatic Meiosis,Heterogametic,NA,12
Animalia,Insecta,Diptera,Drosophilidae,Drosophila,silvistriata,Animalia|Insecta|Diptera|Drosophilidae|Drosophila|silvistriata,Achiasmatic Meiosis,Heterogametic,XY,10
Animalia,Insecta,Diptera,Drosophilidae,Drosophila,similis,Animalia|Insecta|Diptera|Drosophilidae|Drosophila|similis,Achiasmatic Meiosis,Heterogametic,XY,12
Animalia,Insecta,Diptera,Drosophilidae,Drosophila,simulans,Animalia|Insecta|Diptera|Drosophilidae|Drosophila|simulans,Achiasmatic Meiosis,Heterogametic,XY,8
Animalia,Insecta,Diptera,Drosophilidae,Drosophila,sobrina,Animalia|Insecta|Diptera|Drosophilidae|Drosophila|sobrina,Achiasmatic Meiosis,Heterogametic,NA,12
Animalia,Insecta,Diptera,Drosophilidae,Drosophila,sodomae,Animalia|Insecta|Diptera|Drosophilidae|Drosophila|sodomae,Achiasmatic Meiosis,Heterogametic,NA,12
Animalia,Insecta,Diptera,Drosophilidae,Drosophila,sordidula,Animalia|Insecta|Diptera|Drosophilidae|Drosophila|sordidula,Achiasmatic Meiosis,Heterogametic,XY,10
Animalia,Insecta,Diptera,Drosophilidae,Drosophila,spaniothrix,Animalia|Insecta|Diptera|Drosophilidae|Drosophila|spaniothrix,Achiasmatic Meiosis,Heterogametic,NA,12
Animalia,Insecta,Diptera,Drosophilidae,Drosophila,spectabilis,Animalia|Insecta|Diptera|Drosophilidae|Drosophila|spectabilis,Achiasmatic Meiosis,Heterogametic,NA,12
Animalia,Insecta,Diptera,Drosophilidae,Drosophila,spencensis,Animalia|Insecta|Diptera|Drosophilidae|Drosophila|spencensis,Achiasmatic Meiosis,Heterogametic,XY,12
Animalia,Insecta,Diptera,Drosophilidae,Drosophila,spenceri,Animalia|Insecta|Diptera|Drosophilidae|Drosophila|spenceri,Achiasmatic Meiosis,Heterogametic,XY,12
Animalia,Insecta,Diptera,Drosophilidae,Drosophila,spinatermina,Animalia|Insecta|Diptera|Drosophilidae|Drosophila|spinatermina,Achiasmatic Meiosis,Heterogametic,NA,10
Animalia,Insecta,Diptera,Drosophilidae,Drosophila,spinofemora,Animalia|Insecta|Diptera|Drosophilidae|Drosophila|spinofemora,Achiasmatic Meiosis,Heterogametic,NA,8
Animalia,Insecta,Diptera,Drosophilidae,Drosophila,sproati,Animalia|Insecta|Diptera|Drosophilidae|Drosophila|sproati,Achiasmatic Meiosis,Heterogametic,NA,12
Animalia,Insecta,Diptera,Drosophilidae,Drosophila,stalkeri,Animalia|Insecta|Diptera|Drosophilidae|Drosophila|stalkeri,Achiasmatic Meiosis,Heterogametic,XY,12
Animalia,Insecta,Diptera,Drosophilidae,Drosophila,starmeri,Animalia|Insecta|Diptera|Drosophilidae|Drosophila|starmeri,Achiasmatic Meiosis,Heterogametic,NA,12
Animalia,Insecta,Diptera,Drosophilidae,Drosophila,sternopleuralis,Animalia|Insecta|Diptera|Drosophilidae|Drosophila|sternopleuralis,Achiasmatic Meiosis,Heterogametic,NA,8
Animalia,Insecta,Diptera,Drosophilidae,Drosophila,sticta,Animalia|Insecta|Diptera|Drosophilidae|Drosophila|sticta,Achiasmatic Meiosis,Heterogametic,XY,12
Animalia,Insecta,Diptera,Drosophilidae,Drosophila,stonei,Animalia|Insecta|Diptera|Drosophilidae|Drosophila|stonei,Achiasmatic Meiosis,Heterogametic,XY,8
Animalia,Insecta,Diptera,Drosophilidae,Drosophila,sturtevanti,Animalia|Insecta|Diptera|Drosophilidae|Drosophila|sturtevanti,Achiasmatic Meiosis,Heterogametic,XY,6
Animalia,Insecta,Diptera,Drosophilidae,Drosophila,subarctica,Animalia|Insecta|Diptera|Drosophilidae|Drosophila|subarctica,Achiasmatic Meiosis,Heterogametic,NA,12
Animalia,Insecta,Diptera,Drosophilidae,Drosophila,subbadia,Animalia|Insecta|Diptera|Drosophilidae|Drosophila|subbadia,Achiasmatic Meiosis,Heterogametic,XY,12
Animalia,Insecta,Diptera,Drosophilidae,Drosophila,subfunebris,Animalia|Insecta|Diptera|Drosophilidae|Drosophila|subfunebris,Achiasmatic Meiosis,Heterogametic,XY,12
Animalia,Insecta,Diptera,Drosophilidae,Drosophila,submacroptera,Animalia|Insecta|Diptera|Drosophilidae|Drosophila|submacroptera,Achiasmatic Meiosis,Heterogametic,XY,10
Animalia,Insecta,Diptera,Drosophilidae,Drosophila,subobscura,Animalia|Insecta|Diptera|Drosophilidae|Drosophila|subobscura,Achiasmatic Meiosis,Heterogametic,XY,12
Animalia,Insecta,Diptera,Drosophilidae,Drosophila,suboccidentalis,Animalia|Insecta|Diptera|Drosophilidae|Drosophila|suboccidentalis,Achiasmatic Meiosis,Heterogametic,NA,12
Animalia,Insecta,Diptera,Drosophilidae,Drosophila,subpalustris,Animalia|Insecta|Diptera|Drosophilidae|Drosophila|subpalustris,Achiasmatic Meiosis,Heterogametic,NA,12
Animalia,Insecta,Diptera,Drosophilidae,Drosophila,subquinaria,Animalia|Insecta|Diptera|Drosophilidae|Drosophila|subquinaria,Achiasmatic Meiosis,Heterogametic,XY,12
Animalia,Insecta,Diptera,Drosophilidae,Drosophila,subsaltans,Animalia|Insecta|Diptera|Drosophilidae|Drosophila|subsaltans,Achiasmatic Meiosis,Heterogametic,NA,6
Animalia,Insecta,Diptera,Drosophilidae,Drosophila,subsilvestris,Animalia|Insecta|Diptera|Drosophilidae|Drosophila|subsilvestris,Achiasmatic Meiosis,Heterogametic,XY,12
Animalia,Insecta,Diptera,Drosophilidae,Drosophila,substenoptera,Animalia|Insecta|Diptera|Drosophilidae|Drosophila|substenoptera,Achiasmatic Meiosis,Heterogametic,NA,12
Animalia,Insecta,Diptera,Drosophilidae,Drosophila,subtilis,Animalia|Insecta|Diptera|Drosophilidae|Drosophila|subtilis,Achiasmatic Meiosis,Heterogametic,NA,10
Animalia,Insecta,Diptera,Drosophilidae,Drosophila,sucinea,Animalia|Insecta|Diptera|Drosophilidae|Drosophila|sucinea,Achiasmatic Meiosis,Heterogametic,XY,6
Animalia,Insecta,Diptera,Drosophilidae,Drosophila,suffusca,Animalia|Insecta|Diptera|Drosophilidae|Drosophila|suffusca,Achiasmatic Meiosis,Heterogametic,XY,8
Animalia,Insecta,Diptera,Drosophilidae,Drosophila,sulfurigaster,Animalia|Insecta|Diptera|Drosophilidae|Drosophila|sulfurigaster,Achiasmatic Meiosis,Heterogametic,NA,8
Animalia,Insecta,Diptera,Drosophilidae,Drosophila,suzukii,Animalia|Insecta|Diptera|Drosophilidae|Drosophila|suzukii,Achiasmatic Meiosis,Heterogametic,XY,8
Animalia,Insecta,Diptera,Drosophilidae,Drosophila,takahashii,Animalia|Insecta|Diptera|Drosophilidae|Drosophila|takahashii,Achiasmatic Meiosis,Heterogametic,XY,6
Animalia,Insecta,Diptera,Drosophilidae,Drosophila,talamancana,Animalia|Insecta|Diptera|Drosophilidae|Drosophila|talamancana,Achiasmatic Meiosis,Heterogametic,XY,10
Animalia,Insecta,Diptera,Drosophilidae,Drosophila,tani,Animalia|Insecta|Diptera|Drosophilidae|Drosophila|tani,Achiasmatic Meiosis,Heterogametic,NA,8
Animalia,Insecta,Diptera,Drosophilidae,Drosophila,tanytrix,Animalia|Insecta|Diptera|Drosophilidae|Drosophila|tanytrix,Achiasmatic Meiosis,Heterogametic,XY,12
Animalia,Insecta,Diptera,Drosophilidae,Drosophila,tarphytrichia,Animalia|Insecta|Diptera|Drosophilidae|Drosophila|tarphytrichia,Achiasmatic Meiosis,Heterogametic,NA,12
Animalia,Insecta,Diptera,Drosophilidae,Drosophila,teisseri,Animalia|Insecta|Diptera|Drosophilidae|Drosophila|teisseri,Achiasmatic Meiosis,Heterogametic,XY,8
Animalia,Insecta,Diptera,Drosophilidae,Drosophila,tendomentum,Animalia|Insecta|Diptera|Drosophilidae|Drosophila|tendomentum,Achiasmatic Meiosis,Heterogametic,NA,12
Animalia,Insecta,Diptera,Drosophilidae,Drosophila,tenebrosa,Animalia|Insecta|Diptera|Drosophilidae|Drosophila|tenebrosa,Achiasmatic Meiosis,Heterogametic,NA,10
Animalia,Insecta,Diptera,Drosophilidae,Drosophila,tenuicauda,Animalia|Insecta|Diptera|Drosophilidae|Drosophila|tenuicauda,Achiasmatic Meiosis,Heterogametic,NA,12
Animalia,Insecta,Diptera,Drosophilidae,Drosophila,testacea,Animalia|Insecta|Diptera|Drosophilidae|Drosophila|testacea,Achiasmatic Meiosis,Heterogametic,XY,8
Animalia,Insecta,Diptera,Drosophilidae,Drosophila,tetrachaeta,Animalia|Insecta|Diptera|Drosophilidae|Drosophila|tetrachaeta,Achiasmatic Meiosis,Heterogametic,NA,12
Animalia,Insecta,Diptera,Drosophilidae,Drosophila,texana,Animalia|Insecta|Diptera|Drosophilidae|Drosophila|texana,Achiasmatic Meiosis,Heterogametic,XY,10
Animalia,Insecta,Diptera,Drosophilidae,Drosophila,thoracis,Animalia|Insecta|Diptera|Drosophilidae|Drosophila|thoracis,Achiasmatic Meiosis,Heterogametic,XO,12
Animalia,Insecta,Diptera,Drosophilidae,Drosophila,tira,Animalia|Insecta|Diptera|Drosophilidae|Drosophila|tira,Achiasmatic Meiosis,Heterogametic,XY,12
Animalia,Insecta,Diptera,Drosophilidae,Drosophila,tolteca,Animalia|Insecta|Diptera|Drosophilidae|Drosophila|tolteca,Achiasmatic Meiosis,Heterogametic,XY,10
Animalia,Insecta,Diptera,Drosophilidae,Drosophila,tongpua,Animalia|Insecta|Diptera|Drosophilidae|Drosophila|tongpua,Achiasmatic Meiosis,Heterogametic,XY,8
Animalia,Insecta,Diptera,Drosophilidae,Drosophila,touchardiae,Animalia|Insecta|Diptera|Drosophilidae|Drosophila|touchardiae,Achiasmatic Meiosis,Heterogametic,NA,12
Animalia,Insecta,Diptera,Drosophilidae,Drosophila,tranquilla,Animalia|Insecta|Diptera|Drosophilidae|Drosophila|tranquilla,Achiasmatic Meiosis,Heterogametic,NA,8
Animalia,Insecta,Diptera,Drosophilidae,Drosophila,transversa,Animalia|Insecta|Diptera|Drosophilidae|Drosophila|transversa,Achiasmatic Meiosis,Heterogametic,NA,12
Animalia,Insecta,Diptera,Drosophilidae,Drosophila,trapeza,Animalia|Insecta|Diptera|Drosophilidae|Drosophila|trapeza,Achiasmatic Meiosis,Heterogametic,XY,12
Animalia,Insecta,Diptera,Drosophilidae,Drosophila,trapezifrons,Animalia|Insecta|Diptera|Drosophilidae|Drosophila|trapezifrons,Achiasmatic Meiosis,Heterogametic,NA,6
Animalia,Insecta,Diptera,Drosophilidae,Drosophila,triangula,Animalia|Insecta|Diptera|Drosophilidae|Drosophila|triangula,Achiasmatic Meiosis,Heterogametic,NA,12
Animalia,Insecta,Diptera,Drosophilidae,Drosophila,triauraria,Animalia|Insecta|Diptera|Drosophilidae|Drosophila|triauraria,Achiasmatic Meiosis,Heterogametic,XY,6
Animalia,Insecta,Diptera,Drosophilidae,Drosophila,trifiloides,Animalia|Insecta|Diptera|Drosophilidae|Drosophila|trifiloides,Achiasmatic Meiosis,Heterogametic,XY,12
Animalia,Insecta,Diptera,Drosophilidae,Drosophila,trilutea,Animalia|Insecta|Diptera|Drosophilidae|Drosophila|trilutea,Achiasmatic Meiosis,Heterogametic,XY,6
Animalia,Insecta,Diptera,Drosophilidae,Drosophila,tripunctata,Animalia|Insecta|Diptera|Drosophilidae|Drosophila|tripunctata,Achiasmatic Meiosis,Heterogametic,NA,8
Animalia,Insecta,Diptera,Drosophilidae,Drosophila,trispina,Animalia|Insecta|Diptera|Drosophilidae|Drosophila|trispina,Achiasmatic Meiosis,Heterogametic,XY,14
Animalia,Insecta,Diptera,Drosophilidae,Drosophila,tristis,Animalia|Insecta|Diptera|Drosophilidae|Drosophila|tristis,Achiasmatic Meiosis,Heterogametic,XY,10
Animalia,Insecta,Diptera,Drosophilidae,Drosophila,tristriata,Animalia|Insecta|Diptera|Drosophilidae|Drosophila|tristriata,Achiasmatic Meiosis,Heterogametic,NA,12
Animalia,Insecta,Diptera,Drosophilidae,Drosophila,trivittata,Animalia|Insecta|Diptera|Drosophilidae|Drosophila|trivittata,Achiasmatic Meiosis,Heterogametic,NA,10
Animalia,Insecta,Diptera,Drosophilidae,Drosophila,tropicalis,Animalia|Insecta|Diptera|Drosophilidae|Drosophila|tropicalis,Achiasmatic Meiosis,Heterogametic,XY,6
Animalia,Insecta,Diptera,Drosophilidae,Drosophila,truncata,Animalia|Insecta|Diptera|Drosophilidae|Drosophila|truncata,Achiasmatic Meiosis,Heterogametic,NA,6
Animalia,Insecta,Diptera,Drosophilidae,Drosophila,truncipenna,Animalia|Insecta|Diptera|Drosophilidae|Drosophila|truncipenna,Achiasmatic Meiosis,Heterogametic,NA,12
Animalia,Insecta,Diptera,Drosophilidae,Drosophila,tsacasi,Animalia|Insecta|Diptera|Drosophilidae|Drosophila|tsacasi,Achiasmatic Meiosis,Heterogametic,XY,8
Animalia,Insecta,Diptera,Drosophilidae,Drosophila,tsigana,Animalia|Insecta|Diptera|Drosophilidae|Drosophila|tsigana,Achiasmatic Meiosis,Heterogametic,XY,10
Animalia,Insecta,Diptera,Drosophilidae,Drosophila,tumiditarsus,Animalia|Insecta|Diptera|Drosophilidae|Drosophila|tumiditarsus,Achiasmatic Meiosis,Heterogametic,XY,8
Animalia,Insecta,Diptera,Drosophilidae,Drosophila,turbata,Animalia|Insecta|Diptera|Drosophilidae|Drosophila|turbata,Achiasmatic Meiosis,Heterogametic,NA,12
Animalia,Insecta,Diptera,Drosophilidae,Drosophila,unipunctata,Animalia|Insecta|Diptera|Drosophilidae|Drosophila|unipunctata,Achiasmatic Meiosis,Heterogametic,XY,10
Animalia,Insecta,Diptera,Drosophilidae,Drosophila,uniseriata,Animalia|Insecta|Diptera|Drosophilidae|Drosophila|uniseriata,Achiasmatic Meiosis,Heterogametic,NA,12
Animalia,Insecta,Diptera,Drosophilidae,Drosophila,uniseta,Animalia|Insecta|Diptera|Drosophilidae|Drosophila|uniseta,Achiasmatic Meiosis,Heterogametic,NA,12
Animalia,Insecta,Diptera,Drosophilidae,Drosophila,unispina,Animalia|Insecta|Diptera|Drosophilidae|Drosophila|unispina,Achiasmatic Meiosis,Heterogametic,NA,12
Animalia,Insecta,Diptera,Drosophilidae,Drosophila,varians,Animalia|Insecta|Diptera|Drosophilidae|Drosophila|varians,Achiasmatic Meiosis,Heterogametic,XY,8
Animalia,Insecta,Diptera,Drosophilidae,Drosophila,varipennis,Animalia|Insecta|Diptera|Drosophilidae|Drosophila|varipennis,Achiasmatic Meiosis,Heterogametic,NA,12
Animalia,Insecta,Diptera,Drosophilidae,Drosophila,vesciseta,Animalia|Insecta|Diptera|Drosophilidae|Drosophila|vesciseta,Achiasmatic Meiosis,Heterogametic,NA,12
Animalia,Insecta,Diptera,Drosophilidae,Drosophila,vibrissina,Animalia|Insecta|Diptera|Drosophilidae|Drosophila|vibrissina,Achiasmatic Meiosis,Heterogametic,NA,8
Animalia,Insecta,Diptera,Drosophilidae,Drosophila,victoria,Animalia|Insecta|Diptera|Drosophilidae|Drosophila|victoria,Achiasmatic Meiosis,Heterogametic,NA,8
Animalia,Insecta,Diptera,Drosophilidae,Drosophila,villitibia,Animalia|Insecta|Diptera|Drosophilidae|Drosophila|villitibia,Achiasmatic Meiosis,Heterogametic,NA,12
Animalia,Insecta,Diptera,Drosophilidae,Drosophila,villosipedis,Animalia|Insecta|Diptera|Drosophilidae|Drosophila|villosipedis,Achiasmatic Meiosis,Heterogametic,NA,12
Animalia,Insecta,Diptera,Drosophilidae,Drosophila,viracochi,Animalia|Insecta|Diptera|Drosophilidae|Drosophila|viracochi,Achiasmatic Meiosis,Heterogametic,NA,10
Animalia,Insecta,Diptera,Drosophilidae,Drosophila,virgulata,Animalia|Insecta|Diptera|Drosophilidae|Drosophila|virgulata,Achiasmatic Meiosis,Heterogametic,NA,12
Animalia,Insecta,Diptera,Drosophilidae,Drosophila,virilis,Animalia|Insecta|Diptera|Drosophilidae|Drosophila|virilis,Achiasmatic Meiosis,Heterogametic,XY,12
Animalia,Insecta,Diptera,Drosophilidae,Drosophila,vulcana,Animalia|Insecta|Diptera|Drosophilidae|Drosophila|vulcana,Achiasmatic Meiosis,Heterogametic,XY,8
Animalia,Insecta,Diptera,Drosophilidae,Drosophila,wheeleri,Animalia|Insecta|Diptera|Drosophilidae|Drosophila|wheeleri,Achiasmatic Meiosis,Heterogametic,XY,12
Animalia,Insecta,Diptera,Drosophilidae,Drosophila,willistoni,Animalia|Insecta|Diptera|Drosophilidae|Drosophila|willistoni,Achiasmatic Meiosis,Heterogametic,XY,8
Animalia,Insecta,Diptera,Drosophilidae,Drosophila,wingei,Animalia|Insecta|Diptera|Drosophilidae|Drosophila|wingei,Achiasmatic Meiosis,Heterogametic,NA,6
Animalia,Insecta,Diptera,Drosophilidae,Drosophila,xanthia,Animalia|Insecta|Diptera|Drosophilidae|Drosophila|xanthia,Achiasmatic Meiosis,Heterogametic,XY,10
Animalia,Insecta,Diptera,Drosophilidae,Drosophila,xanthogaster,Animalia|Insecta|Diptera|Drosophilidae|Drosophila|xanthogaster,Achiasmatic Meiosis,Heterogametic,NA,10
Animalia,Insecta,Diptera,Drosophilidae,Drosophila,yakuba,Animalia|Insecta|Diptera|Drosophilidae|Drosophila|yakuba,Achiasmatic Meiosis,Heterogametic,XY,8
Animalia,Insecta,Diptera,Drosophilidae,Exalloscaptomyza,spp.,Animalia|Insecta|Diptera|Drosophilidae|Exalloscaptomyza|spp.,Achiasmatic Meiosis,Heterogametic,NA,10
Animalia,Insecta,Diptera,Drosophilidae,Hirtodrosophila,duncani,Animalia|Insecta|Diptera|Drosophilidae|Hirtodrosophila|duncani,Achiasmatic Meiosis,Heterogametic,XY,10
Animalia,Insecta,Diptera,Drosophilidae,Hirtodrosophila,grisea,Animalia|Insecta|Diptera|Drosophilidae|Hirtodrosophila|grisea,Achiasmatic Meiosis,Heterogametic,XO,12
Animalia,Insecta,Diptera,Drosophilidae,Hirtodrosophila,longala,Animalia|Insecta|Diptera|Drosophilidae|Hirtodrosophila|longala,Achiasmatic Meiosis,Heterogametic,XO,12
Animalia,Insecta,Diptera,Drosophilidae,Hirtodrosophila,orbospiracula,Animalia|Insecta|Diptera|Drosophilidae|Hirtodrosophila|orbospiracula,Achiasmatic Meiosis,Heterogametic,XO,12
Animalia,Insecta,Diptera,Drosophilidae,Hirtodrosophila,pictiventris,Animalia|Insecta|Diptera|Drosophilidae|Hirtodrosophila|pictiventris,Achiasmatic Meiosis,Heterogametic,XO,8
Animalia,Insecta,Diptera,Drosophilidae,Hirtodrosophila,thoracis,Animalia|Insecta|Diptera|Drosophilidae|Hirtodrosophila|thoracis,Achiasmatic Meiosis,Heterogametic,XO,12
Animalia,Insecta,Diptera,Drosophilidae,Leucophenga,maculata,Animalia|Insecta|Diptera|Drosophilidae|Leucophenga|maculata,Achiasmatic Meiosis,Heterogametic,XY,12
Animalia,Insecta,Diptera,Drosophilidae,Leucophenga,varia,Animalia|Insecta|Diptera|Drosophilidae|Leucophenga|varia,Achiasmatic Meiosis,Heterogametic,NA,12
Animalia,Insecta,Diptera,Drosophilidae,Microdrosophila,congesta,Animalia|Insecta|Diptera|Drosophilidae|Microdrosophila|congesta,Achiasmatic Meiosis,Heterogametic,NA,10
Animalia,Insecta,Diptera,Drosophilidae,Microdrosophila,spp.,Animalia|Insecta|Diptera|Drosophilidae|Microdrosophila|spp.,Achiasmatic Meiosis,Heterogametic,NA,10
Animalia,Insecta,Diptera,Drosophilidae,Mycodrosophila,claytonae,Animalia|Insecta|Diptera|Drosophilidae|Mycodrosophila|claytonae,Achiasmatic Meiosis,Heterogametic,XY,8
Animalia,Insecta,Diptera,Drosophilidae,Mycodrosophila,dimidiata,Animalia|Insecta|Diptera|Drosophilidae|Mycodrosophila|dimidiata,Achiasmatic Meiosis,Heterogametic,XY,8
Animalia,Insecta,Diptera,Drosophilidae,Mycodrosophila,nigropteropleura,Animalia|Insecta|Diptera|Drosophilidae|Mycodrosophila|nigropteropleura,Achiasmatic Meiosis,Heterogametic,NA,8
Animalia,Insecta,Diptera,Drosophilidae,Mycodrosophila,poecilogastra,Animalia|Insecta|Diptera|Drosophilidae|Mycodrosophila|poecilogastra,Achiasmatic Meiosis,Heterogametic,NA,12
Animalia,Insecta,Diptera,Drosophilidae,Mycodrosophila,stalkeri,Animalia|Insecta|Diptera|Drosophilidae|Mycodrosophila|stalkeri,Achiasmatic Meiosis,Heterogametic,NA,8
Animalia,Insecta,Diptera,Drosophilidae,Pholadoris,baeomyia,Animalia|Insecta|Diptera|Drosophilidae|Pholadoris|baeomyia,Achiasmatic Meiosis,Heterogametic,NA,6
Animalia,Insecta,Diptera,Drosophilidae,Pholadoris,coracina,Animalia|Insecta|Diptera|Drosophilidae|Pholadoris|coracina,Achiasmatic Meiosis,Heterogametic,NA,8
Animalia,Insecta,Diptera,Drosophilidae,Pholadoris,lebanonensis,Animalia|Insecta|Diptera|Drosophilidae|Pholadoris|lebanonensis,Achiasmatic Meiosis,Heterogametic,NA,8
Animalia,Insecta,Diptera,Drosophilidae,Pholadoris,mirim,Animalia|Insecta|Diptera|Drosophilidae|Pholadoris|mirim,Achiasmatic Meiosis,Heterogametic,NA,6
Animalia,Insecta,Diptera,Drosophilidae,Pholadoris,nitens,Animalia|Insecta|Diptera|Drosophilidae|Pholadoris|nitens,Achiasmatic Meiosis,Heterogametic,NA,8
Animalia,Insecta,Diptera,Drosophilidae,Pholadoris,victoria,Animalia|Insecta|Diptera|Drosophilidae|Pholadoris|victoria,Achiasmatic Meiosis,Heterogametic,NA,8
Animalia,Insecta,Diptera,Drosophilidae,Samoaia,Afiamallu,Animalia|Insecta|Diptera|Drosophilidae|Samoaia|Afiamallu,Achiasmatic Meiosis,Heterogametic,NA,10
Animalia,Insecta,Diptera,Drosophilidae,Samoaia,attenuata,Animalia|Insecta|Diptera|Drosophilidae|Samoaia|attenuata,Achiasmatic Meiosis,Heterogametic,NA,8
Animalia,Insecta,Diptera,Drosophilidae,Samoaia,blackwing,Animalia|Insecta|Diptera|Drosophilidae|Samoaia|blackwing,Achiasmatic Meiosis,Heterogametic,NA,12
Animalia,Insecta,Diptera,Drosophilidae,Samoaia,leonensis,Animalia|Insecta|Diptera|Drosophilidae|Samoaia|leonensis,Achiasmatic Meiosis,Heterogametic,NA,8
Animalia,Insecta,Diptera,Drosophilidae,Scaptomyza,adusta,Animalia|Insecta|Diptera|Drosophilidae|Scaptomyza|adusta,Achiasmatic Meiosis,Heterogametic,NA,10
Animalia,Insecta,Diptera,Drosophilidae,Scaptomyza,albovittata,Animalia|Insecta|Diptera|Drosophilidae|Scaptomyza|albovittata,Achiasmatic Meiosis,Heterogametic,NA,10
Animalia,Insecta,Diptera,Drosophilidae,Scaptomyza,anomala,Animalia|Insecta|Diptera|Drosophilidae|Scaptomyza|anomala,Achiasmatic Meiosis,Heterogametic,NA,10
Animalia,Insecta,Diptera,Drosophilidae,Scaptomyza,argentifrons,Animalia|Insecta|Diptera|Drosophilidae|Scaptomyza|argentifrons,Achiasmatic Meiosis,Heterogametic,NA,10
Animalia,Insecta,Diptera,Drosophilidae,Scaptomyza,denticauda,Animalia|Insecta|Diptera|Drosophilidae|Scaptomyza|denticauda,Achiasmatic Meiosis,Heterogametic,XY,8
Animalia,Insecta,Diptera,Drosophilidae,Scaptomyza,graminum,Animalia|Insecta|Diptera|Drosophilidae|Scaptomyza|graminum,Achiasmatic Meiosis,Heterogametic,XY,8
Animalia,Insecta,Diptera,Drosophilidae,Scaptomyza,hamata,Animalia|Insecta|Diptera|Drosophilidae|Scaptomyza|hamata,Achiasmatic Meiosis,Heterogametic,NA,8
Animalia,Insecta,Diptera,Drosophilidae,Scaptomyza,melancholica,Animalia|Insecta|Diptera|Drosophilidae|Scaptomyza|melancholica,Achiasmatic Meiosis,Heterogametic,NA,8
Animalia,Insecta,Diptera,Drosophilidae,Scaptomyza,noei,Animalia|Insecta|Diptera|Drosophilidae|Scaptomyza|noei,Achiasmatic Meiosis,Heterogametic,NA,10
Animalia,Insecta,Diptera,Drosophilidae,Scaptomyza,pallida,Animalia|Insecta|Diptera|Drosophilidae|Scaptomyza|pallida,Achiasmatic Meiosis,Heterogametic,NA,8
Animalia,Insecta,Diptera,Drosophilidae,Scaptomyza,palmae,Animalia|Insecta|Diptera|Drosophilidae|Scaptomyza|palmae,Achiasmatic Meiosis,Heterogametic,NA,10
Animalia,Insecta,Diptera,Drosophilidae,Scaptomyza,spp.,Animalia|Insecta|Diptera|Drosophilidae|Scaptomyza|spp.,Achiasmatic Meiosis,Heterogametic,NA,10
Animalia,Insecta,Diptera,Drosophilidae,Scaptomyza,varifrons,Animalia|Insecta|Diptera|Drosophilidae|Scaptomyza|varifrons,Achiasmatic Meiosis,Heterogametic,NA,10
Animalia,Insecta,Diptera,Drosophilidae,Scaptomyza,waialealeae,Animalia|Insecta|Diptera|Drosophilidae|Scaptomyza|waialealeae,Achiasmatic Meiosis,Heterogametic,NA,8
Animalia,Insecta,Diptera,Drosophilidae,Scaptomyza,xanthopleura,Animalia|Insecta|Diptera|Drosophilidae|Scaptomyza|xanthopleura,Achiasmatic Meiosis,Heterogametic,NA,10
Animalia,Insecta,Diptera,Drosophilidae,Tantalia,albovittata,Animalia|Insecta|Diptera|Drosophilidae|Tantalia|albovittata,Achiasmatic Meiosis,Heterogametic,NA,10
Animalia,Insecta,Diptera,Drosophilidae,Titanochaeta,bryani,Animalia|Insecta|Diptera|Drosophilidae|Titanochaeta|bryani,Achiasmatic Meiosis,Heterogametic,NA,10
Animalia,Insecta,Diptera,Drosophilidae,Titanochaeta,n.sp.,Animalia|Insecta|Diptera|Drosophilidae|Titanochaeta|n.sp.,Achiasmatic Meiosis,Heterogametic,NA,8
Animalia,Insecta,Diptera,Drosophilidae,Titanochaeta,new,Animalia|Insecta|Diptera|Drosophilidae|Titanochaeta|new,Achiasmatic Meiosis,Heterogametic,NA,8
Animalia,Insecta,Diptera,Drosophilidae,Trogloscaptomyza,argentifrons,Animalia|Insecta|Diptera|Drosophilidae|Trogloscaptomyza|argentifrons,Achiasmatic Meiosis,Heterogametic,NA,10
Animalia,Insecta,Diptera,Drosophilidae,Trogloscaptomyza,n.sp.,Animalia|Insecta|Diptera|Drosophilidae|Trogloscaptomyza|n.sp.,Achiasmatic Meiosis,Heterogametic,NA,10
Animalia,Insecta,Diptera,Drosophilidae,Trogloscaptomyza,spp.,Animalia|Insecta|Diptera|Drosophilidae|Trogloscaptomyza|spp.,Achiasmatic Meiosis,Heterogametic,NA,10
Animalia,Insecta,Diptera,Drosophilidae,Trogloscaptomyza,waialealeae,Animalia|Insecta|Diptera|Drosophilidae|Trogloscaptomyza|waialealeae,Achiasmatic Meiosis,Heterogametic,NA,8
Animalia,Insecta,Diptera,Drosophilidae,Zaprionus,bogoriensis,Animalia|Insecta|Diptera|Drosophilidae|Zaprionus|bogoriensis,Achiasmatic Meiosis,Heterogametic,XY,12
Animalia,Insecta,Diptera,Drosophilidae,Zaprionus,ghesquieri,Animalia|Insecta|Diptera|Drosophilidae|Zaprionus|ghesquieri,Achiasmatic Meiosis,Heterogametic,NA,8
Animalia,Insecta,Diptera,Drosophilidae,Zaprionus,indianus,Animalia|Insecta|Diptera|Drosophilidae|Zaprionus|indianus,Achiasmatic Meiosis,Heterogametic,XY,12
Animalia,Insecta,Diptera,Drosophilidae,Zaprionus,inermis,Animalia|Insecta|Diptera|Drosophilidae|Zaprionus|inermis,Achiasmatic Meiosis,Heterogametic,NA,12
Animalia,Insecta,Diptera,Drosophilidae,Zaprionus,multistriatus,Animalia|Insecta|Diptera|Drosophilidae|Zaprionus|multistriatus,Achiasmatic Meiosis,Heterogametic,NA,12
Animalia,Insecta,Diptera,Drosophilidae,Zaprionus,obscuricornis,Animalia|Insecta|Diptera|Drosophilidae|Zaprionus|obscuricornis,Achiasmatic Meiosis,Heterogametic,XY,12
Animalia,Insecta,Diptera,Drosophilidae,Zaprionus,ornatus,Animalia|Insecta|Diptera|Drosophilidae|Zaprionus|ornatus,Achiasmatic Meiosis,Heterogametic,NA,12
Animalia,Insecta,Diptera,Drosophilidae,Zaprionus,paravittiger,Animalia|Insecta|Diptera|Drosophilidae|Zaprionus|paravittiger,Achiasmatic Meiosis,Heterogametic,XY,12
Animalia,Insecta,Diptera,Drosophilidae,Zaprionus,sepsoides,Animalia|Insecta|Diptera|Drosophilidae|Zaprionus|sepsoides,Achiasmatic Meiosis,Heterogametic,NA,12
Animalia,Insecta,Diptera,Drosophilidae,Zaprionus,sp.,Animalia|Insecta|Diptera|Drosophilidae|Zaprionus|sp.,Achiasmatic Meiosis,Heterogametic,NA,8
Animalia,Insecta,Diptera,Drosophilidae,Zaprionus,tuberculatus,Animalia|Insecta|Diptera|Drosophilidae|Zaprionus|tuberculatus,Achiasmatic Meiosis,Heterogametic,NA,12
Animalia,Insecta,Diptera,Drosophilidae,Zaprionus,vittiger,Animalia|Insecta|Diptera|Drosophilidae|Zaprionus|vittiger,Achiasmatic Meiosis,Heterogametic,NA,12
Animalia,Insecta,Diptera,Dryomyzidae,Dryomyza,anilis,Animalia|Insecta|Diptera|Dryomyzidae|Dryomyza|anilis,Achiasmatic Meiosis,Heterogametic,XY,12
Animalia,Insecta,Diptera,Dryomyzidae,Neuroctena,analis,Animalia|Insecta|Diptera|Dryomyzidae|Neuroctena|analis,Achiasmatic Meiosis,Heterogametic,XY,12
Animalia,Insecta,Diptera,Glossinidae,Glossina,brevipalpis,Animalia|Insecta|Diptera|Glossinidae|Glossina|brevipalpis,Achiasmatic Meiosis,Heterogametic,NA,16
Animalia,Insecta,Diptera,Heleomyzidae,Suillia,nemorum,Animalia|Insecta|Diptera|Heleomyzidae|Suillia|nemorum,Achiasmatic Meiosis,Heterogametic,XY,12
Animalia,Insecta,Diptera,Heleomyzidae,Suillia,sp,Animalia|Insecta|Diptera|Heleomyzidae|Suillia|sp,Achiasmatic Meiosis,Heterogametic,XY,12
Animalia,Insecta,Diptera,Hippoboscidae,Hippobosca,camelina,Animalia|Insecta|Diptera|Hippoboscidae|Hippobosca|camelina,Asynaptic Sex Chromosomes,Heterogametic,XY,26
Animalia,Insecta,Diptera,Hippoboscidae,Melophagus,ovinus,Animalia|Insecta|Diptera|Hippoboscidae|Melophagus|ovinus,Achiasmatic Meiosis,Heterogametic,XY,18
Animalia,Insecta,Diptera,Hippoboscidae,Olfersia,bisulcata,Animalia|Insecta|Diptera|Hippoboscidae|Olfersia|bisulcata,Achiasmatic Meiosis,Heterogametic,XY,8
Animalia,Insecta,Diptera,Lauxaniidae,Calliopum,aeneum,Animalia|Insecta|Diptera|Lauxaniidae|Calliopum|aeneum,Achiasmatic Meiosis,Heterogametic,XY,12
Animalia,Insecta,Diptera,Lauxaniidae,Depressa,striatipennis,Animalia|Insecta|Diptera|Lauxaniidae|Depressa|striatipennis,Achiasmatic Meiosis,Heterogametic,XY,12
Animalia,Insecta,Diptera,Lauxaniidae,Homoneura,armata,Animalia|Insecta|Diptera|Lauxaniidae|Homoneura|armata,Achiasmatic Meiosis,Heterogametic,XY,12
Animalia,Insecta,Diptera,Lauxaniidae,Homoneura,biroi,Animalia|Insecta|Diptera|Lauxaniidae|Homoneura|biroi,Achiasmatic Meiosis,Heterogametic,NA,12
Animalia,Insecta,Diptera,Lauxaniidae,Homoneura,horvathi,Animalia|Insecta|Diptera|Lauxaniidae|Homoneura|horvathi,Achiasmatic Meiosis,Heterogametic,XY,12
Animalia,Insecta,Diptera,Lauxaniidae,Homoneura,laticosta,Animalia|Insecta|Diptera|Lauxaniidae|Homoneura|laticosta,Achiasmatic Meiosis,Heterogametic,XY,12
Animalia,Insecta,Diptera,Lauxaniidae,Homoneura,newspecies,Animalia|Insecta|Diptera|Lauxaniidae|Homoneura|newspecies,Achiasmatic Meiosis,Heterogametic,XY,12
Animalia,Insecta,Diptera,Lauxaniidae,Homoneura,nsp.Nearpreapicalis,Animalia|Insecta|Diptera|Lauxaniidae|Homoneura|nsp.Nearpreapicalis,Achiasmatic Meiosis,Heterogametic,XY,12
Animalia,Insecta,Diptera,Lauxaniidae,Homoneura,sp1,Animalia|Insecta|Diptera|Lauxaniidae|Homoneura|sp1,Achiasmatic Meiosis,Heterogametic,XY,12
Animalia,Insecta,Diptera,Lauxaniidae,Homoneura,sp2,Animalia|Insecta|Diptera|Lauxaniidae|Homoneura|sp2,Achiasmatic Meiosis,Heterogametic,XY,12
Animalia,Insecta,Diptera,Lauxaniidae,Homoneura,spA,Animalia|Insecta|Diptera|Lauxaniidae|Homoneura|spA,Achiasmatic Meiosis,Heterogametic,NA,12
Animalia,Insecta,Diptera,Lauxaniidae,Homoneura,spB,Animalia|Insecta|Diptera|Lauxaniidae|Homoneura|spB,Achiasmatic Meiosis,Heterogametic,NA,12
Animalia,Insecta,Diptera,Lauxaniidae,Homoneura,speciesA,Animalia|Insecta|Diptera|Lauxaniidae|Homoneura|speciesA,Achiasmatic Meiosis,Heterogametic,XY,12
Animalia,Insecta,Diptera,Lauxaniidae,Homoneura,speciesB,Animalia|Insecta|Diptera|Lauxaniidae|Homoneura|speciesB,Achiasmatic Meiosis,Heterogametic,XY,12
Animalia,Insecta,Diptera,Lauxaniidae,Lauxania,cylindricornis,Animalia|Insecta|Diptera|Lauxaniidae|Lauxania|cylindricornis,Achiasmatic Meiosis,Heterogametic,XY,12
Animalia,Insecta,Diptera,Lauxaniidae,Lyciella,bicoloripes,Animalia|Insecta|Diptera|Lauxaniidae|Lyciella|bicoloripes,Achiasmatic Meiosis,Heterogametic,XY,12
Animalia,Insecta,Diptera,Lauxaniidae,Lyciella,hirtiventris,Animalia|Insecta|Diptera|Lauxaniidae|Lyciella|hirtiventris,Achiasmatic Meiosis,Heterogametic,XY,12
Animalia,Insecta,Diptera,Lauxaniidae,Lyciella,illota,Animalia|Insecta|Diptera|Lauxaniidae|Lyciella|illota,Achiasmatic Meiosis,Heterogametic,XY,10
Animalia,Insecta,Diptera,Lauxaniidae,Lyciella,newspecies,Animalia|Insecta|Diptera|Lauxaniidae|Lyciella|newspecies,Achiasmatic Meiosis,Heterogametic,NA,12
Animalia,Insecta,Diptera,Lauxaniidae,Lyciella,nsp.Nr.Spinigera,Animalia|Insecta|Diptera|Lauxaniidae|Lyciella|nsp.Nr.Spinigera,Achiasmatic Meiosis,Heterogametic,XY,12
Animalia,Insecta,Diptera,Lauxaniidae,Lyciella,rorida,Animalia|Insecta|Diptera|Lauxaniidae|Lyciella|rorida,Achiasmatic Meiosis,Heterogametic,XY,10
Animalia,Insecta,Diptera,Lauxaniidae,Lyciella,sp1,Animalia|Insecta|Diptera|Lauxaniidae|Lyciella|sp1,Achiasmatic Meiosis,Heterogametic,NA,12
Animalia,Insecta,Diptera,Lauxaniidae,Lyciella,sp2,Animalia|Insecta|Diptera|Lauxaniidae|Lyciella|sp2,Achiasmatic Meiosis,Heterogametic,XY,12
Animalia,Insecta,Diptera,Lauxaniidae,Lyciella,spinigera,Animalia|Insecta|Diptera|Lauxaniidae|Lyciella|spinigera,Achiasmatic Meiosis,Heterogametic,XY,12
Animalia,Insecta,Diptera,Lauxaniidae,Minettia,flaveola,Animalia|Insecta|Diptera|Lauxaniidae|Minettia|flaveola,Achiasmatic Meiosis,Heterogametic,XY,10
Animalia,Insecta,Diptera,Lauxaniidae,Minettia,lupulina,Animalia|Insecta|Diptera|Lauxaniidae|Minettia|lupulina,Achiasmatic Meiosis,Heterogametic,XY,12
Animalia,Insecta,Diptera,Lauxaniidae,Paralauxania,elevata,Animalia|Insecta|Diptera|Lauxaniidae|Paralauxania|elevata,Achiasmatic Meiosis,Heterogametic,XY,12
Animalia,Insecta,Diptera,Lauxaniidae,Paranomina,newspecies,Animalia|Insecta|Diptera|Lauxaniidae|Paranomina|newspecies,Achiasmatic Meiosis,Heterogametic,NA,12
Animalia,Insecta,Diptera,Lauxaniidae,Paranomina,sp,Animalia|Insecta|Diptera|Lauxaniidae|Paranomina|sp,Achiasmatic Meiosis,Heterogametic,XY,12
Animalia,Insecta,Diptera,Lauxaniidae,Physegenua,vittata,Animalia|Insecta|Diptera|Lauxaniidae|Physegenua|vittata,Achiasmatic Meiosis,Heterogametic,XY,12
Animalia,Insecta,Diptera,Lauxaniidae,Sapromyza,avicola,Animalia|Insecta|Diptera|Lauxaniidae|Sapromyza|avicola,Achiasmatic Meiosis,Heterogametic,XY,12
Animalia,Insecta,Diptera,Lauxaniidae,Sapromyza,sp,Animalia|Insecta|Diptera|Lauxaniidae|Sapromyza|sp,Achiasmatic Meiosis,Heterogametic,XY,8
Animalia,Insecta,Diptera,Lauxaniidae,Sapromyza,species,Animalia|Insecta|Diptera|Lauxaniidae|Sapromyza|species,Achiasmatic Meiosis,Heterogametic,XY,8
Animalia,Insecta,Diptera,Lauxaniidae,Sapromyza,stigmatica,Animalia|Insecta|Diptera|Lauxaniidae|Sapromyza|stigmatica,Achiasmatic Meiosis,Heterogametic,XY,12
Animalia,Insecta,Diptera,Lauxaniidae,Sp,sp,Animalia|Insecta|Diptera|Lauxaniidae|Sp|sp,Achiasmatic Meiosis,Heterogametic,XY,12
Animalia,Insecta,Diptera,Muscidae,Fannia,canicularis,Animalia|Insecta|Diptera|Muscidae|Fannia|canicularis,Achiasmatic Meiosis,Heterogametic,XY,12
Animalia,Insecta,Diptera,Muscidae,Fannia,glaucescens,Animalia|Insecta|Diptera|Muscidae|Fannia|glaucescens,Achiasmatic Meiosis,Heterogametic,XY,12
Animalia,Insecta,Diptera,Muscidae,Fannia,sp.,Animalia|Insecta|Diptera|Muscidae|Fannia|sp.,Achiasmatic Meiosis,Heterogametic,XY,12
Animalia,Insecta,Diptera,Muscidae,Haematobia,irritans,Animalia|Insecta|Diptera|Muscidae|Haematobia|irritans,Achiasmatic Meiosis,Heterogametic,XY,10
Animalia,Insecta,Diptera,Muscidae,Homalomyia,sp,Animalia|Insecta|Diptera|Muscidae|Homalomyia|sp,Achiasmatic Meiosis,Heterogametic,XY,12
Animalia,Insecta,Diptera,Muscidae,Hydrotaea,houghi,Animalia|Insecta|Diptera|Muscidae|Hydrotaea|houghi,Achiasmatic Meiosis,Heterogametic,NA,12
Animalia,Insecta,Diptera,Muscidae,Hydrotaea,irritans,Animalia|Insecta|Diptera|Muscidae|Hydrotaea|irritans,Achiasmatic Meiosis,Heterogametic,NA,10
Animalia,Insecta,Diptera,Muscidae,Hydrotaea,meridionalis,Animalia|Insecta|Diptera|Muscidae|Hydrotaea|meridionalis,Achiasmatic Meiosis,Heterogametic,NA,10
Animalia,Insecta,Diptera,Muscidae,Hydrotaea,meteorica,Animalia|Insecta|Diptera|Muscidae|Hydrotaea|meteorica,Achiasmatic Meiosis,Heterogametic,NA,10
Animalia,Insecta,Diptera,Muscidae,Hydrotaea,pandellei,Animalia|Insecta|Diptera|Muscidae|Hydrotaea|pandellei,Achiasmatic Meiosis,Heterogametic,NA,10
Animalia,Insecta,Diptera,Muscidae,Hydrotaea,pellucens,Animalia|Insecta|Diptera|Muscidae|Hydrotaea|pellucens,Achiasmatic Meiosis,Heterogametic,NA,10
Animalia,Insecta,Diptera,Muscidae,Hydrotaea,scambus,Animalia|Insecta|Diptera|Muscidae|Hydrotaea|scambus,Achiasmatic Meiosis,Heterogametic,XY,10
Animalia,Insecta,Diptera,Muscidae,Hydrotaea,stabulans,Animalia|Insecta|Diptera|Muscidae|Hydrotaea|stabulans,Achiasmatic Meiosis,Heterogametic,NA,10
Animalia,Insecta,Diptera,Muscidae,Hydrotaea,velutina,Animalia|Insecta|Diptera|Muscidae|Hydrotaea|velutina,Achiasmatic Meiosis,Heterogametic,NA,10
Animalia,Insecta,Diptera,Muscidae,Macrorchus,ausoba,Animalia|Insecta|Diptera|Muscidae|Macrorchus|ausoba,Achiasmatic Meiosis,Heterogametic,NA,12
Animalia,Insecta,Diptera,Muscidae,Musca,autumnalis,Animalia|Insecta|Diptera|Muscidae|Musca|autumnalis,Achiasmatic Meiosis,Heterogametic,XY,12
Animalia,Insecta,Diptera,Muscidae,Musca,domestica,Animalia|Insecta|Diptera|Muscidae|Musca|domestica,Achiasmatic Meiosis,Heterogametic,NA,12
Animalia,Insecta,Diptera,Muscidae,Musca,sorbens,Animalia|Insecta|Diptera|Muscidae|Musca|sorbens,Achiasmatic Meiosis,Heterogametic,XY,12
Animalia,Insecta,Diptera,Muscidae,Musca,stabulans,Animalia|Insecta|Diptera|Muscidae|Musca|stabulans,Achiasmatic Meiosis,Heterogametic,NA,10
Animalia,Insecta,Diptera,Muscidae,Musca,velustissima,Animalia|Insecta|Diptera|Muscidae|Musca|velustissima,Achiasmatic Meiosis,Heterogametic,XY,12
Animalia,Insecta,Diptera,Muscidae,Musca,vestustissima,Animalia|Insecta|Diptera|Muscidae|Musca|vestustissima,Achiasmatic Meiosis,Heterogametic,XY,12
Animalia,Insecta,Diptera,Muscidae,Mydaea,neglecta,Animalia|Insecta|Diptera|Muscidae|Mydaea|neglecta,Achiasmatic Meiosis,Heterogametic,XY,12
Animalia,Insecta,Diptera,Muscidae,Orthellia,nudissima,Animalia|Insecta|Diptera|Muscidae|Orthellia|nudissima,Achiasmatic Meiosis,Heterogametic,XY,10
Animalia,Insecta,Diptera,Muscidae,Peregle,radicum,Animalia|Insecta|Diptera|Muscidae|Peregle|radicum,Achiasmatic Meiosis,Heterogametic,XY,12
Animalia,Insecta,Diptera,Muscidae,Phaonia,basalis,Animalia|Insecta|Diptera|Muscidae|Phaonia|basalis,Achiasmatic Meiosis,Heterogametic,XY,12
Animalia,Insecta,Diptera,Muscidae,Phaonia,variegata,Animalia|Insecta|Diptera|Muscidae|Phaonia|variegata,Achiasmatic Meiosis,Heterogametic,NA,10
Animalia,Insecta,Diptera,Muscidae,Psudopyrellia,cornicina,Animalia|Insecta|Diptera|Muscidae|Psudopyrellia|cornicina,Achiasmatic Meiosis,Heterogametic,NA,12
Animalia,Insecta,Diptera,Muscidae,Stomoxya,calcitrans,Animalia|Insecta|Diptera|Muscidae|Stomoxya|calcitrans,Achiasmatic Meiosis,Heterogametic,XY,10
Animalia,Insecta,Diptera,Muscidae,Stomoxys,calcitrans,Animalia|Insecta|Diptera|Muscidae|Stomoxys|calcitrans,Achiasmatic Meiosis,Heterogametic,NA,10
Animalia,Insecta,Diptera,Mycetophilidae,Brachypeza,radiata,Animalia|Insecta|Diptera|Mycetophilidae|Brachypeza|radiata,Achiasmatic Meiosis,Heterogametic,XY,12
Animalia,Insecta,Diptera,Mycetophilidae,Exechia,indecisa,Animalia|Insecta|Diptera|Mycetophilidae|Exechia|indecisa,Achiasmatic Meiosis,Heterogametic,XY,14
Animalia,Insecta,Diptera,Mycetophilidae,Exechia,speciosa,Animalia|Insecta|Diptera|Mycetophilidae|Exechia|speciosa,Achiasmatic Meiosis,Heterogametic,XY,12
Animalia,Insecta,Diptera,Mycetophilidae,Fungivora,blanda,Animalia|Insecta|Diptera|Mycetophilidae|Fungivora|blanda,Achiasmatic Meiosis,Heterogametic,XY,8
Animalia,Insecta,Diptera,Mycetophilidae,Fungivora,funorum,Animalia|Insecta|Diptera|Mycetophilidae|Fungivora|funorum,Achiasmatic Meiosis,Heterogametic,XY,14
Animalia,Insecta,Diptera,Mycetophilidae,Fungivora,guttata,Animalia|Insecta|Diptera|Mycetophilidae|Fungivora|guttata,Achiasmatic Meiosis,Heterogametic,XY,8
Animalia,Insecta,Diptera,Mycetophilidae,Fungivora,lineola,Animalia|Insecta|Diptera|Mycetophilidae|Fungivora|lineola,Achiasmatic Meiosis,Heterogametic,XY,14
Animalia,Insecta,Diptera,Mycetophilidae,Fungivora,unipunctata,Animalia|Insecta|Diptera|Mycetophilidae|Fungivora|unipunctata,Achiasmatic Meiosis,Heterogametic,XY,14
Animalia,Insecta,Diptera,Mycetophilidae,Mycetophila,punctata,Animalia|Insecta|Diptera|Mycetophilidae|Mycetophila|punctata,Achiasmatic Meiosis,Heterogametic,XY,14
Animalia,Insecta,Diptera,Mycetophilidae,Rhymosia,domestica,Animalia|Insecta|Diptera|Mycetophilidae|Rhymosia|domestica,Achiasmatic Meiosis,Heterogametic,XY,14
Animalia,Insecta,Diptera,Mycetophilidae,Rhymosia,fenestralis,Animalia|Insecta|Diptera|Mycetophilidae|Rhymosia|fenestralis,Achiasmatic Meiosis,Heterogametic,XY,8
Animalia,Insecta,Diptera,Oestridae,Cephenemyia,phobifer,Animalia|Insecta|Diptera|Oestridae|Cephenemyia|phobifer,Achiasmatic Meiosis,Heterogametic,XY,12
Animalia,Insecta,Diptera,Oestridae,Cuterebra,emasculator,Animalia|Insecta|Diptera|Oestridae|Cuterebra|emasculator,Achiasmatic Meiosis,Heterogametic,XY,12
Animalia,Insecta,Diptera,Oestridae,Hypoderma,bovis,Animalia|Insecta|Diptera|Oestridae|Hypoderma|bovis,Achiasmatic Meiosis,Heterogametic,XY,12
Animalia,Insecta,Diptera,Oestridae,Hypoderma,lineatum,Animalia|Insecta|Diptera|Oestridae|Hypoderma|lineatum,Achiasmatic Meiosis,Heterogametic,XY,12
Animalia,Insecta,Diptera,Oestridae,Oestrus,ovis,Animalia|Insecta|Diptera|Oestridae|Oestrus|ovis,Achiasmatic Meiosis,Heterogametic,XY,12
Animalia,Insecta,Diptera,Phoridae,Aphiocaeta,sp,Animalia|Insecta|Diptera|Phoridae|Aphiocaeta|sp,Achiasmatic Meiosis,Heterogametic,NA,6
Animalia,Insecta,Diptera,Phoridae,Megaselia,scalaris,Animalia|Insecta|Diptera|Phoridae|Megaselia|scalaris,Achiasmatic Meiosis,Heterogametic,NA,6
Animalia,Insecta,Diptera,Phoridae,Phora,sp.,Animalia|Insecta|Diptera|Phoridae|Phora|sp.,Achiasmatic Meiosis,Heterogametic,NA,8
Animalia,Insecta,Diptera,Piophilidae,Piophila,casei,Animalia|Insecta|Diptera|Piophilidae|Piophila|casei,Achiasmatic Meiosis,Heterogametic,NA,12
Animalia,Insecta,Diptera,Platystomatidae,Amphicnephes,sp.,Animalia|Insecta|Diptera|Platystomatidae|Amphicnephes|sp.,Achiasmatic Meiosis,Heterogametic,XY,6
Animalia,Insecta,Diptera,Platystomatidae,Laglasia,sp.,Animalia|Insecta|Diptera|Platystomatidae|Laglasia|sp.,Achiasmatic Meiosis,Heterogametic,XY,12
Animalia,Insecta,Diptera,Platystomatidae,Lenophila,caerulea,Animalia|Insecta|Diptera|Platystomatidae|Lenophila|caerulea,Achiasmatic Meiosis,Heterogametic,XY,12
Animalia,Insecta,Diptera,Platystomatidae,Plagiostenopterina,sp1.,Animalia|Insecta|Diptera|Platystomatidae|Plagiostenopterina|sp1.,Achiasmatic Meiosis,Heterogametic,XY,6
Animalia,Insecta,Diptera,Platystomatidae,Plagiostenopterina,sp2.,Animalia|Insecta|Diptera|Platystomatidae|Plagiostenopterina|sp2.,Achiasmatic Meiosis,Heterogametic,XY,6
Animalia,Insecta,Diptera,Platystomatidae,Platystoma,lugubre,Animalia|Insecta|Diptera|Platystomatidae|Platystoma|lugubre,Achiasmatic Meiosis,Heterogametic,XY,12
Animalia,Insecta,Diptera,Platystomatidae,Pogonortalis,doclea,Animalia|Insecta|Diptera|Platystomatidae|Pogonortalis|doclea,Achiasmatic Meiosis,Heterogametic,XY,10
Animalia,Insecta,Diptera,Platystomatidae,Rivellia,sp.,Animalia|Insecta|Diptera|Platystomatidae|Rivellia|sp.,Achiasmatic Meiosis,Heterogametic,XY,6
Animalia,Insecta,Diptera,Platystomatidae,Rivellia,sp.Probably,Animalia|Insecta|Diptera|Platystomatidae|Rivellia|sp.Probably,Achiasmatic Meiosis,Heterogametic,XY,6
Animalia,Insecta,Diptera,Platystomatidae,Rivellia,viridulans,Animalia|Insecta|Diptera|Platystomatidae|Rivellia|viridulans,Achiasmatic Meiosis,Heterogametic,XY,6
Animalia,Insecta,Diptera,Psilidae,Chamaepsila,rosae,Animalia|Insecta|Diptera|Psilidae|Chamaepsila|rosae,Achiasmatic Meiosis,Heterogametic,NA,8
Animalia,Insecta,Diptera,Rhagionidae,Chrysopilus,sp.,Animalia|Insecta|Diptera|Rhagionidae|Chrysopilus|sp.,Achiasmatic Meiosis,Heterogametic,XY,10
Animalia,Insecta,Diptera,Rhagionidae,Leptis,sp.,Animalia|Insecta|Diptera|Rhagionidae|Leptis|sp.,Achiasmatic Meiosis,Heterogametic,XY,10
Animalia,Insecta,Diptera,Richardiidae,Setellia,pernix,Animalia|Insecta|Diptera|Richardiidae|Setellia|pernix,Achiasmatic Meiosis,Heterogametic,XY,10
Animalia,Insecta,Diptera,Sarcophagidae,Acridiophaga,aculeata,Animalia|Insecta|Diptera|Sarcophagidae|Acridiophaga|aculeata,Achiasmatic Meiosis,Heterogametic,XY,12
Animalia,Insecta,Diptera,Sarcophagidae,Agria,affinis,Animalia|Insecta|Diptera|Sarcophagidae|Agria|affinis,Achiasmatic Meiosis,Heterogametic,NA,20
Animalia,Insecta,Diptera,Sarcophagidae,Arachnidiomyia,aldrichi,Animalia|Insecta|Diptera|Sarcophagidae|Arachnidiomyia|aldrichi,Achiasmatic Meiosis,Heterogametic,XY,12
Animalia,Insecta,Diptera,Sarcophagidae,Blaesoxipha,hunteri,Animalia|Insecta|Diptera|Sarcophagidae|Blaesoxipha|hunteri,Achiasmatic Meiosis,Heterogametic,XY,12
Animalia,Insecta,Diptera,Sarcophagidae,Blaesoxipha,opifera,Animalia|Insecta|Diptera|Sarcophagidae|Blaesoxipha|opifera,Achiasmatic Meiosis,Heterogametic,XY,12
Animalia,Insecta,Diptera,Sarcophagidae,Boettcheria,cimbicis,Animalia|Insecta|Diptera|Sarcophagidae|Boettcheria|cimbicis,Achiasmatic Meiosis,Heterogametic,XY,12
Animalia,Insecta,Diptera,Sarcophagidae,Boettcherisca,peregrina,Animalia|Insecta|Diptera|Sarcophagidae|Boettcherisca|peregrina,Achiasmatic Meiosis,Heterogametic,XY,12
Animalia,Insecta,Diptera,Sarcophagidae,Euboettcheria,sp,Animalia|Insecta|Diptera|Sarcophagidae|Euboettcheria|sp,Achiasmatic Meiosis,Heterogametic,XY,12
Animalia,Insecta,Diptera,Sarcophagidae,Helicobia,rapax,Animalia|Insecta|Diptera|Sarcophagidae|Helicobia|rapax,Achiasmatic Meiosis,Heterogametic,XY,12
Animalia,Insecta,Diptera,Sarcophagidae,Helicobia,sp,Animalia|Insecta|Diptera|Sarcophagidae|Helicobia|sp,Achiasmatic Meiosis,Heterogametic,XY,12
Animalia,Insecta,Diptera,Sarcophagidae,Hystricocnema,plinthopyga,Animalia|Insecta|Diptera|Sarcophagidae|Hystricocnema|plinthopyga,Achiasmatic Meiosis,Heterogametic,XY,12
Animalia,Insecta,Diptera,Sarcophagidae,Kellymyia,kellyi,Animalia|Insecta|Diptera|Sarcophagidae|Kellymyia|kellyi,Achiasmatic Meiosis,Heterogametic,XY,12
Animalia,Insecta,Diptera,Sarcophagidae,Neobellieria,bullata,Animalia|Insecta|Diptera|Sarcophagidae|Neobellieria|bullata,Achiasmatic Meiosis,Heterogametic,XY,12
Animalia,Insecta,Diptera,Sarcophagidae,Neobellieria,cooleyi,Animalia|Insecta|Diptera|Sarcophagidae|Neobellieria|cooleyi,Achiasmatic Meiosis,Heterogametic,XY,12
Animalia,Insecta,Diptera,Sarcophagidae,Paraphrissopoda,chrysostoma,Animalia|Insecta|Diptera|Sarcophagidae|Paraphrissopoda|chrysostoma,Achiasmatic Meiosis,Heterogametic,XY,12
Animalia,Insecta,Diptera,Sarcophagidae,Parasarcophaga,albiceps,Animalia|Insecta|Diptera|Sarcophagidae|Parasarcophaga|albiceps,Achiasmatic Meiosis,Heterogametic,XY,12
Animalia,Insecta,Diptera,Sarcophagidae,Parasarcophaga,argyrostoma,Animalia|Insecta|Diptera|Sarcophagidae|Parasarcophaga|argyrostoma,Achiasmatic Meiosis,Heterogametic,XY,12
Animalia,Insecta,Diptera,Sarcophagidae,Parasarcophaga,knabi,Animalia|Insecta|Diptera|Sarcophagidae|Parasarcophaga|knabi,Achiasmatic Meiosis,Heterogametic,XY,12
Animalia,Insecta,Diptera,Sarcophagidae,Parasarcophaga,misera,Animalia|Insecta|Diptera|Sarcophagidae|Parasarcophaga|misera,Achiasmatic Meiosis,Heterogametic,XY,12
Animalia,Insecta,Diptera,Sarcophagidae,Parasarcophaga,ruficornis,Animalia|Insecta|Diptera|Sarcophagidae|Parasarcophaga|ruficornis,Achiasmatic Meiosis,Heterogametic,XY,12
Animalia,Insecta,Diptera,Sarcophagidae,Pattonela,intermutans,Animalia|Insecta|Diptera|Sarcophagidae|Pattonela|intermutans,Achiasmatic Meiosis,Heterogametic,XY,12
Animalia,Insecta,Diptera,Sarcophagidae,Protodexia,australis,Animalia|Insecta|Diptera|Sarcophagidae|Protodexia|australis,Achiasmatic Meiosis,Heterogametic,XY,12
Animalia,Insecta,Diptera,Sarcophagidae,Protodexia,hunteri,Animalia|Insecta|Diptera|Sarcophagidae|Protodexia|hunteri,Achiasmatic Meiosis,Heterogametic,XY,12
Animalia,Insecta,Diptera,Sarcophagidae,Pseudosarcophaga,affinis,Animalia|Insecta|Diptera|Sarcophagidae|Pseudosarcophaga|affinis,Achiasmatic Meiosis,Heterogametic,XY,18
Animalia,Insecta,Diptera,Sarcophagidae,Ravinia,communis,Animalia|Insecta|Diptera|Sarcophagidae|Ravinia|communis,Achiasmatic Meiosis,Heterogametic,XY,12
Animalia,Insecta,Diptera,Sarcophagidae,Ravinia,duplicata,Animalia|Insecta|Diptera|Sarcophagidae|Ravinia|duplicata,Achiasmatic Meiosis,Heterogametic,XY,12
Animalia,Insecta,Diptera,Sarcophagidae,Ravinia,l'herminieri,Animalia|Insecta|Diptera|Sarcophagidae|Ravinia|l'herminieri,Achiasmatic Meiosis,Heterogametic,XY,12
Animalia,Insecta,Diptera,Sarcophagidae,Ravinia,peniculata,Animalia|Insecta|Diptera|Sarcophagidae|Ravinia|peniculata,Achiasmatic Meiosis,Heterogametic,XY,12
Animalia,Insecta,Diptera,Sarcophagidae,Ravinia,pusiola,Animalia|Insecta|Diptera|Sarcophagidae|Ravinia|pusiola,Achiasmatic Meiosis,Heterogametic,XY,12
Animalia,Insecta,Diptera,Sarcophagidae,Ravinia,querula,Animalia|Insecta|Diptera|Sarcophagidae|Ravinia|querula,Achiasmatic Meiosis,Heterogametic,XY,12
Animalia,Insecta,Diptera,Sarcophagidae,Rawinia,peniculata,Animalia|Insecta|Diptera|Sarcophagidae|Rawinia|peniculata,Achiasmatic Meiosis,Heterogametic,XY,12
Animalia,Insecta,Diptera,Sarcophagidae,Sacrophaga,carnria,Animalia|Insecta|Diptera|Sarcophagidae|Sacrophaga|carnria,Achiasmatic Meiosis,Heterogametic,XY,12
Animalia,Insecta,Diptera,Sarcophagidae,Sacrophaga,sgrracinae,Animalia|Insecta|Diptera|Sarcophagidae|Sacrophaga|sgrracinae,Achiasmatic Meiosis,Heterogametic,XY,12
Animalia,Insecta,Diptera,Sarcophagidae,Sacrophaga,sp,Animalia|Insecta|Diptera|Sarcophagidae|Sacrophaga|sp,Achiasmatic Meiosis,Heterogametic,XY,12
Animalia,Insecta,Diptera,Sarcophagidae,Sacrophaga,tuberosa,Animalia|Insecta|Diptera|Sarcophagidae|Sacrophaga|tuberosa,Achiasmatic Meiosis,Heterogametic,XY,12
Animalia,Insecta,Diptera,Sarcophagidae,Sarcophaga,aldrichi,Animalia|Insecta|Diptera|Sarcophagidae|Sarcophaga|aldrichi,Achiasmatic Meiosis,Heterogametic,XY,12
Animalia,Insecta,Diptera,Sarcophagidae,Sarcophaga,argyrostoma,Animalia|Insecta|Diptera|Sarcophagidae|Sarcophaga|argyrostoma,Achiasmatic Meiosis,Heterogametic,XY,12
Animalia,Insecta,Diptera,Sarcophagidae,Sarcophaga,bullata,Animalia|Insecta|Diptera|Sarcophagidae|Sarcophaga|bullata,Achiasmatic Meiosis,Heterogametic,XY,12
Animalia,Insecta,Diptera,Sarcophagidae,Sarcophaga,carnaria,Animalia|Insecta|Diptera|Sarcophagidae|Sarcophaga|carnaria,Achiasmatic Meiosis,Heterogametic,XY,12
Animalia,Insecta,Diptera,Sarcophagidae,Sarcophaga,cooleyi,Animalia|Insecta|Diptera|Sarcophagidae|Sarcophaga|cooleyi,Achiasmatic Meiosis,Heterogametic,XY,12
Animalia,Insecta,Diptera,Sarcophagidae,Sarcophaga,crassipalpis,Animalia|Insecta|Diptera|Sarcophagidae|Sarcophaga|crassipalpis,Achiasmatic Meiosis,Heterogametic,XY,12
Animalia,Insecta,Diptera,Sarcophagidae,Sarcophaga,dalmatina,Animalia|Insecta|Diptera|Sarcophagidae|Sarcophaga|dalmatina,Achiasmatic Meiosis,Heterogametic,XY,12
Animalia,Insecta,Diptera,Sarcophagidae,Sarcophaga,exuberans,Animalia|Insecta|Diptera|Sarcophagidae|Sarcophaga|exuberans,Achiasmatic Meiosis,Heterogametic,XY,12
Animalia,Insecta,Diptera,Sarcophagidae,Sarcophaga,falculata,Animalia|Insecta|Diptera|Sarcophagidae|Sarcophaga|falculata,Achiasmatic Meiosis,Heterogametic,XY,12
Animalia,Insecta,Diptera,Sarcophagidae,Sarcophaga,latisterna,Animalia|Insecta|Diptera|Sarcophagidae|Sarcophaga|latisterna,Achiasmatic Meiosis,Heterogametic,XY,12
Animalia,Insecta,Diptera,Sarcophagidae,Sarcophaga,occipitalis,Animalia|Insecta|Diptera|Sarcophagidae|Sarcophaga|occipitalis,Achiasmatic Meiosis,Heterogametic,XY,12
Animalia,Insecta,Diptera,Sarcophagidae,Sarcophaga,raversa,Animalia|Insecta|Diptera|Sarcophagidae|Sarcophaga|raversa,Achiasmatic Meiosis,Heterogametic,XY,12
Animalia,Insecta,Diptera,Sarcophagidae,Sarcophaga,sarraceniae,Animalia|Insecta|Diptera|Sarcophagidae|Sarcophaga|sarraceniae,Achiasmatic Meiosis,Heterogametic,XY,12
Animalia,Insecta,Diptera,Sarcophagidae,Sarcophaga,securifera,Animalia|Insecta|Diptera|Sarcophagidae|Sarcophaga|securifera,Achiasmatic Meiosis,Heterogametic,XY,12
Animalia,Insecta,Diptera,Sarcophagidae,Sarcophaga,sp,Animalia|Insecta|Diptera|Sarcophagidae|Sarcophaga|sp,Achiasmatic Meiosis,Heterogametic,XY,12
Animalia,Insecta,Diptera,Sarcophagidae,Sarcophaga,tuberosa,Animalia|Insecta|Diptera|Sarcophagidae|Sarcophaga|tuberosa,Achiasmatic Meiosis,Heterogametic,XY,12
Animalia,Insecta,Diptera,Sarcophagidae,Sarcophage,latisterna,Animalia|Insecta|Diptera|Sarcophagidae|Sarcophage|latisterna,Achiasmatic Meiosis,Heterogametic,XY,12
Animalia,Insecta,Diptera,Sarcophagidae,Servasia,aculeata,Animalia|Insecta|Diptera|Sarcophagidae|Servasia|aculeata,Achiasmatic Meiosis,Heterogametic,XY,12
Animalia,Insecta,Diptera,Sarcophagidae,Servasia,australis,Animalia|Insecta|Diptera|Sarcophagidae|Servasia|australis,Achiasmatic Meiosis,Heterogametic,XY,12
Animalia,Insecta,Diptera,Sarcophagidae,Servasia,reversa,Animalia|Insecta|Diptera|Sarcophagidae|Servasia|reversa,Achiasmatic Meiosis,Heterogametic,XY,12
Animalia,Insecta,Diptera,Sarcophagidae,Servasia,sp.,Animalia|Insecta|Diptera|Sarcophagidae|Servasia|sp.,Achiasmatic Meiosis,Heterogametic,NA,12
Animalia,Insecta,Diptera,Sarcophagidae,Servasia,tergata,Animalia|Insecta|Diptera|Sarcophagidae|Servasia|tergata,Achiasmatic Meiosis,Heterogametic,XY,12
Animalia,Insecta,Diptera,Sarcophagidae,Wohlfahrtia,meigeni,Animalia|Insecta|Diptera|Sarcophagidae|Wohlfahrtia|meigeni,Achiasmatic Meiosis,Heterogametic,XY,12
Animalia,Insecta,Diptera,Sarcophagidae,Wohlfahrtia,opaca,Animalia|Insecta|Diptera|Sarcophagidae|Wohlfahrtia|opaca,Achiasmatic Meiosis,Heterogametic,XY,12
Animalia,Insecta,Diptera,Scathophagidae,Cordilura,ciliata,Animalia|Insecta|Diptera|Scathophagidae|Cordilura|ciliata,Achiasmatic Meiosis,Heterogametic,XY,12
Animalia,Insecta,Diptera,Scathophagidae,Cordilura,ontario,Animalia|Insecta|Diptera|Scathophagidae|Cordilura|ontario,Achiasmatic Meiosis,Heterogametic,XY,12
Animalia,Insecta,Diptera,Scathophagidae,Cordilura,praensia,Animalia|Insecta|Diptera|Scathophagidae|Cordilura|praensia,Achiasmatic Meiosis,Heterogametic,XY,12
Animalia,Insecta,Diptera,Scathophagidae,Cordilura,varipes,Animalia|Insecta|Diptera|Scathophagidae|Cordilura|varipes,Achiasmatic Meiosis,Heterogametic,XY,12
Animalia,Insecta,Diptera,Scathophagidae,Neochirosia,nuda,Animalia|Insecta|Diptera|Scathophagidae|Neochirosia|nuda,Achiasmatic Meiosis,Heterogametic,XY,12
Animalia,Insecta,Diptera,Scathophagidae,Orthochaeta,hirtipes,Animalia|Insecta|Diptera|Scathophagidae|Orthochaeta|hirtipes,Achiasmatic Meiosis,Heterogametic,XY,12
Animalia,Insecta,Diptera,Scathophagidae,Scaptophaga,furcala,Animalia|Insecta|Diptera|Scathophagidae|Scaptophaga|furcala,Achiasmatic Meiosis,Heterogametic,XY,12
Animalia,Insecta,Diptera,Scathophagidae,Scaptophaga,nigrolimbata,Animalia|Insecta|Diptera|Scathophagidae|Scaptophaga|nigrolimbata,Achiasmatic Meiosis,Heterogametic,XY,12
Animalia,Insecta,Diptera,Scathophagidae,Scaptophaga,pallida,Animalia|Insecta|Diptera|Scathophagidae|Scaptophaga|pallida,Achiasmatic Meiosis,Heterogametic,XY,12
Animalia,Insecta,Diptera,Scathophagidae,Scaptophaga,stercoraria,Animalia|Insecta|Diptera|Scathophagidae|Scaptophaga|stercoraria,Achiasmatic Meiosis,Heterogametic,XY,12
Animalia,Insecta,Diptera,Scathophagidae,Scathopaga,nigrolimbala,Animalia|Insecta|Diptera|Scathophagidae|Scathopaga|nigrolimbala,Achiasmatic Meiosis,Heterogametic,XY,12
Animalia,Insecta,Diptera,Scathophagidae,Scathophaga,furcata,Animalia|Insecta|Diptera|Scathophagidae|Scathophaga|furcata,Achiasmatic Meiosis,Heterogametic,XY,12
Animalia,Insecta,Diptera,Scathophagidae,Scathophaga,pallida,Animalia|Insecta|Diptera|Scathophagidae|Scathophaga|pallida,Achiasmatic Meiosis,Heterogametic,XY,12
Animalia,Insecta,Diptera,Scathophagidae,Scathophaga,stercoraria,Animalia|Insecta|Diptera|Scathophagidae|Scathophaga|stercoraria,Achiasmatic Meiosis,Heterogametic,XY,12
Animalia,Insecta,Diptera,Scatopsidae,Scatopse,notata,Animalia|Insecta|Diptera|Scatopsidae|Scatopse|notata,Achiasmatic Meiosis,Heterogametic,XY,12
Animalia,Insecta,Diptera,Scatopsidae,Scatopse,sp,Animalia|Insecta|Diptera|Scatopsidae|Scatopse|sp,Achiasmatic Meiosis,Heterogametic,XY,12
Animalia,Insecta,Diptera,Sciaridae,Bradysia,hygida,Animalia|Insecta|Diptera|Sciaridae|Bradysia|hygida,Achiasmatic Meiosis,Heterogametic,XO,8
Animalia,Insecta,Diptera,Sciaridae,Rhynchosciara,americana,Animalia|Insecta|Diptera|Sciaridae|Rhynchosciara|americana,Achiasmatic Meiosis,Heterogametic,XO,8
Animalia,Insecta,Diptera,Sciaridae,Rhynchosciara,hollaenderi,Animalia|Insecta|Diptera|Sciaridae|Rhynchosciara|hollaenderi,Achiasmatic Meiosis,Heterogametic,XO,8
Animalia,Insecta,Diptera,Sciaridae,Sciara,agarica,Animalia|Insecta|Diptera|Sciaridae|Sciara|agarica,Achiasmatic Meiosis,Heterogametic,XO,8
Animalia,Insecta,Diptera,Sciaridae,Sciara,coprophila,Animalia|Insecta|Diptera|Sciaridae|Sciara|coprophila,Achiasmatic Meiosis,Heterogametic,XO,8
Animalia,Insecta,Diptera,Sciaridae,Sciara,fenestralis,Animalia|Insecta|Diptera|Sciaridae|Sciara|fenestralis,Achiasmatic Meiosis,Heterogametic,XO,8
Animalia,Insecta,Diptera,Sciaridae,Sciara,nacta,Animalia|Insecta|Diptera|Sciaridae|Sciara|nacta,Achiasmatic Meiosis,Heterogametic,XO,8
Animalia,Insecta,Diptera,Sciaridae,Sciara,ocellaris,Animalia|Insecta|Diptera|Sciaridae|Sciara|ocellaris,Achiasmatic Meiosis,Heterogametic,XO,8
Animalia,Insecta,Diptera,Sciaridae,Sciara,pauciseta,Animalia|Insecta|Diptera|Sciaridae|Sciara|pauciseta,Achiasmatic Meiosis,Heterogametic,XO,8
Animalia,Insecta,Diptera,Sciaridae,Sciara,prolifica,Animalia|Insecta|Diptera|Sciaridae|Sciara|prolifica,Achiasmatic Meiosis,Heterogametic,XO,8
Animalia,Insecta,Diptera,Sciaridae,Sciara,reynoldsi,Animalia|Insecta|Diptera|Sciaridae|Sciara|reynoldsi,Achiasmatic Meiosis,Heterogametic,XO,8
Animalia,Insecta,Diptera,Sciaridae,Sciara,similans,Animalia|Insecta|Diptera|Sciaridae|Sciara|similans,Achiasmatic Meiosis,Heterogametic,XO,8
Animalia,Insecta,Diptera,Sciaridae,Sciara,sp,Animalia|Insecta|Diptera|Sciaridae|Sciara|sp,Achiasmatic Meiosis,Heterogametic,XO,8
Animalia,Insecta,Diptera,Sciaridae,Trichosia,pubescens,Animalia|Insecta|Diptera|Sciaridae|Trichosia|pubescens,Achiasmatic Meiosis,Heterogametic,XO,8
Animalia,Insecta,Diptera,Sciomyzidae,Antichaeta,melanosoma,Animalia|Insecta|Diptera|Sciomyzidae|Antichaeta|melanosoma,Achiasmatic Meiosis,Heterogametic,NA,12
Animalia,Insecta,Diptera,Sciomyzidae,Atrichomelina,pubera,Animalia|Insecta|Diptera|Sciomyzidae|Atrichomelina|pubera,Achiasmatic Meiosis,Heterogametic,XY,12
Animalia,Insecta,Diptera,Sciomyzidae,Colobaea,americana,Animalia|Insecta|Diptera|Sciomyzidae|Colobaea|americana,Achiasmatic Meiosis,Heterogametic,NA,12
Animalia,Insecta,Diptera,Sciomyzidae,Dichetophora,boyesi,Animalia|Insecta|Diptera|Sciomyzidae|Dichetophora|boyesi,Achiasmatic Meiosis,Heterogametic,NA,12
Animalia,Insecta,Diptera,Sciomyzidae,Dichrochirosa,dissimilis,Animalia|Insecta|Diptera|Sciomyzidae|Dichrochirosa|dissimilis,Achiasmatic Meiosis,Heterogametic,NA,12
Animalia,Insecta,Diptera,Sciomyzidae,Dichrochirosa,sp,Animalia|Insecta|Diptera|Sciomyzidae|Dichrochirosa|sp,Achiasmatic Meiosis,Heterogametic,XY,12
Animalia,Insecta,Diptera,Sciomyzidae,Dichrochirosa,sp.Neardissimilis,Animalia|Insecta|Diptera|Sciomyzidae|Dichrochirosa|sp.Neardissimilis,Achiasmatic Meiosis,Heterogametic,XY,12
Animalia,Insecta,Diptera,Sciomyzidae,Dictya,atlantica,Animalia|Insecta|Diptera|Sciomyzidae|Dictya|atlantica,Achiasmatic Meiosis,Heterogametic,XY,12
Animalia,Insecta,Diptera,Sciomyzidae,Dictya,brimleyi,Animalia|Insecta|Diptera|Sciomyzidae|Dictya|brimleyi,Achiasmatic Meiosis,Heterogametic,XY,12
Animalia,Insecta,Diptera,Sciomyzidae,Dictya,brimleyiE,Animalia|Insecta|Diptera|Sciomyzidae|Dictya|brimleyiE,Achiasmatic Meiosis,Heterogametic,XY,12
Animalia,Insecta,Diptera,Sciomyzidae,Dictya,floridensis,Animalia|Insecta|Diptera|Sciomyzidae|Dictya|floridensis,Achiasmatic Meiosis,Heterogametic,XY,12
Animalia,Insecta,Diptera,Sciomyzidae,Dictya,sabroski,Animalia|Insecta|Diptera|Sciomyzidae|Dictya|sabroski,Achiasmatic Meiosis,Heterogametic,XY,12
Animalia,Insecta,Diptera,Sciomyzidae,Dictya,sabroskyi,Animalia|Insecta|Diptera|Sciomyzidae|Dictya|sabroskyi,Achiasmatic Meiosis,Heterogametic,XY,12
Animalia,Insecta,Diptera,Sciomyzidae,Dictya,stricta,Animalia|Insecta|Diptera|Sciomyzidae|Dictya|stricta,Achiasmatic Meiosis,Heterogametic,XY,12
Animalia,Insecta,Diptera,Sciomyzidae,Dictya,texensis,Animalia|Insecta|Diptera|Sciomyzidae|Dictya|texensis,Achiasmatic Meiosis,Heterogametic,XY,12
Animalia,Insecta,Diptera,Sciomyzidae,Dictya,txensis,Animalia|Insecta|Diptera|Sciomyzidae|Dictya|txensis,Achiasmatic Meiosis,Heterogametic,XY,12
Animalia,Insecta,Diptera,Sciomyzidae,Dictya,umbrarum,Animalia|Insecta|Diptera|Sciomyzidae|Dictya|umbrarum,Achiasmatic Meiosis,Heterogametic,XY,12
Animalia,Insecta,Diptera,Sciomyzidae,Dictya,umbrarumseriesII,Animalia|Insecta|Diptera|Sciomyzidae|Dictya|umbrarumseriesII,Achiasmatic Meiosis,Heterogametic,XY,12
Animalia,Insecta,Diptera,Sciomyzidae,Dictyodes,dictyodes,Animalia|Insecta|Diptera|Sciomyzidae|Dictyodes|dictyodes,Achiasmatic Meiosis,Heterogametic,XY,12
Animalia,Insecta,Diptera,Sciomyzidae,Elgiva,cucularia,Animalia|Insecta|Diptera|Sciomyzidae|Elgiva|cucularia,Achiasmatic Meiosis,Heterogametic,XY,12
Animalia,Insecta,Diptera,Sciomyzidae,Elgiva,divisa,Animalia|Insecta|Diptera|Sciomyzidae|Elgiva|divisa,Achiasmatic Meiosis,Heterogametic,NA,12
Animalia,Insecta,Diptera,Sciomyzidae,Elgiva,rufa,Animalia|Insecta|Diptera|Sciomyzidae|Elgiva|rufa,Achiasmatic Meiosis,Heterogametic,XY,12
Animalia,Insecta,Diptera,Sciomyzidae,Euthycera,chaerophylli,Animalia|Insecta|Diptera|Sciomyzidae|Euthycera|chaerophylli,Achiasmatic Meiosis,Heterogametic,NA,12
Animalia,Insecta,Diptera,Sciomyzidae,Helosciomyza,ferruginea,Animalia|Insecta|Diptera|Sciomyzidae|Helosciomyza|ferruginea,Achiasmatic Meiosis,Heterogametic,XY,12
Animalia,Insecta,Diptera,Sciomyzidae,Hoplodictya,spinicornis,Animalia|Insecta|Diptera|Sciomyzidae|Hoplodictya|spinicornis,Achiasmatic Meiosis,Heterogametic,XO,12
Animalia,Insecta,Diptera,Sciomyzidae,Hydromya,dorsalis,Animalia|Insecta|Diptera|Sciomyzidae|Hydromya|dorsalis,Achiasmatic Meiosis,Heterogametic,XY,12
Animalia,Insecta,Diptera,Sciomyzidae,Hydromya,dorsalisseriesII,Animalia|Insecta|Diptera|Sciomyzidae|Hydromya|dorsalisseriesII,Achiasmatic Meiosis,Heterogametic,XY,12
Animalia,Insecta,Diptera,Sciomyzidae,Knutsonia,lineata,Animalia|Insecta|Diptera|Sciomyzidae|Knutsonia|lineata,Achiasmatic Meiosis,Heterogametic,NA,12
Animalia,Insecta,Diptera,Sciomyzidae,Limnia,boscii,Animalia|Insecta|Diptera|Sciomyzidae|Limnia|boscii,Achiasmatic Meiosis,Heterogametic,XY,12
Animalia,Insecta,Diptera,Sciomyzidae,Limnia,paludicola,Animalia|Insecta|Diptera|Sciomyzidae|Limnia|paludicola,Achiasmatic Meiosis,Heterogametic,XY,12
Animalia,Insecta,Diptera,Sciomyzidae,Limnia,unguicornis,Animalia|Insecta|Diptera|Sciomyzidae|Limnia|unguicornis,Achiasmatic Meiosis,Heterogametic,NA,12
Animalia,Insecta,Diptera,Sciomyzidae,Perilimnia,albifacies,Animalia|Insecta|Diptera|Sciomyzidae|Perilimnia|albifacies,Achiasmatic Meiosis,Heterogametic,XY,12
Animalia,Insecta,Diptera,Sciomyzidae,Pherbellia,albocostata,Animalia|Insecta|Diptera|Sciomyzidae|Pherbellia|albocostata,Achiasmatic Meiosis,Heterogametic,XY,12
Animalia,Insecta,Diptera,Sciomyzidae,Pherbellia,brunnipes,Animalia|Insecta|Diptera|Sciomyzidae|Pherbellia|brunnipes,Achiasmatic Meiosis,Heterogametic,XY,12
Animalia,Insecta,Diptera,Sciomyzidae,Pherbellia,chiloensis,Animalia|Insecta|Diptera|Sciomyzidae|Pherbellia|chiloensis,Achiasmatic Meiosis,Heterogametic,XY,12
Animalia,Insecta,Diptera,Sciomyzidae,Pherbellia,dubia,Animalia|Insecta|Diptera|Sciomyzidae|Pherbellia|dubia,Achiasmatic Meiosis,Heterogametic,XY,12
Animalia,Insecta,Diptera,Sciomyzidae,Pherbellia,glabricula,Animalia|Insecta|Diptera|Sciomyzidae|Pherbellia|glabricula,Achiasmatic Meiosis,Heterogametic,XY,10
Animalia,Insecta,Diptera,Sciomyzidae,Pherbellia,grisescens,Animalia|Insecta|Diptera|Sciomyzidae|Pherbellia|grisescens,Achiasmatic Meiosis,Heterogametic,XY,12
Animalia,Insecta,Diptera,Sciomyzidae,Pherbellia,humilis,Animalia|Insecta|Diptera|Sciomyzidae|Pherbellia|humilis,Achiasmatic Meiosis,Heterogametic,XO,12
Animalia,Insecta,Diptera,Sciomyzidae,Pherbellia,javana,Animalia|Insecta|Diptera|Sciomyzidae|Pherbellia|javana,Achiasmatic Meiosis,Heterogametic,XY,12
Animalia,Insecta,Diptera,Sciomyzidae,Pherbellia,lapponica,Animalia|Insecta|Diptera|Sciomyzidae|Pherbellia|lapponica,Achiasmatic Meiosis,Heterogametic,XY,12
Animalia,Insecta,Diptera,Sciomyzidae,Pherbellia,nana,Animalia|Insecta|Diptera|Sciomyzidae|Pherbellia|nana,Achiasmatic Meiosis,Heterogametic,XY,12
Animalia,Insecta,Diptera,Sciomyzidae,Pherbellia,obscura,Animalia|Insecta|Diptera|Sciomyzidae|Pherbellia|obscura,Achiasmatic Meiosis,Heterogametic,XY,12
Animalia,Insecta,Diptera,Sciomyzidae,Pherbellia,obtusa,Animalia|Insecta|Diptera|Sciomyzidae|Pherbellia|obtusa,Achiasmatic Meiosis,Heterogametic,XY,12
Animalia,Insecta,Diptera,Sciomyzidae,Pherbellia,patagonensis,Animalia|Insecta|Diptera|Sciomyzidae|Pherbellia|patagonensis,Achiasmatic Meiosis,Heterogametic,XO,12
Animalia,Insecta,Diptera,Sciomyzidae,Pherbellia,scutellaris,Animalia|Insecta|Diptera|Sciomyzidae|Pherbellia|scutellaris,Achiasmatic Meiosis,Heterogametic,NA,12
Animalia,Insecta,Diptera,Sciomyzidae,Pherbellia,sp.,Animalia|Insecta|Diptera|Sciomyzidae|Pherbellia|sp.,Achiasmatic Meiosis,Heterogametic,XY,12
Animalia,Insecta,Diptera,Sciomyzidae,Pherbellia,sp1.,Animalia|Insecta|Diptera|Sciomyzidae|Pherbellia|sp1.,Achiasmatic Meiosis,Heterogametic,XY,12
Animalia,Insecta,Diptera,Sciomyzidae,Pherbellia,sp4.,Animalia|Insecta|Diptera|Sciomyzidae|Pherbellia|sp4.,Achiasmatic Meiosis,Heterogametic,XY,12
Animalia,Insecta,Diptera,Sciomyzidae,Pherbellia,trabeculata,Animalia|Insecta|Diptera|Sciomyzidae|Pherbellia|trabeculata,Achiasmatic Meiosis,Heterogametic,XY,12
Animalia,Insecta,Diptera,Sciomyzidae,Pherbina,corlleti,Animalia|Insecta|Diptera|Sciomyzidae|Pherbina|corlleti,Achiasmatic Meiosis,Heterogametic,XY,12
Animalia,Insecta,Diptera,Sciomyzidae,Pherbina,coryleti,Animalia|Insecta|Diptera|Sciomyzidae|Pherbina|coryleti,Achiasmatic Meiosis,Heterogametic,XY,12
Animalia,Insecta,Diptera,Sciomyzidae,Protodictya,chilensis,Animalia|Insecta|Diptera|Sciomyzidae|Protodictya|chilensis,Achiasmatic Meiosis,Heterogametic,XY,12
Animalia,Insecta,Diptera,Sciomyzidae,Protodictya,guttularis,Animalia|Insecta|Diptera|Sciomyzidae|Protodictya|guttularis,Achiasmatic Meiosis,Heterogametic,XY,12
Animalia,Insecta,Diptera,Sciomyzidae,Psacadina,zerni,Animalia|Insecta|Diptera|Sciomyzidae|Psacadina|zerni,Achiasmatic Meiosis,Heterogametic,XY,12
Animalia,Insecta,Diptera,Sciomyzidae,Psacadina,zernyi,Animalia|Insecta|Diptera|Sciomyzidae|Psacadina|zernyi,Achiasmatic Meiosis,Heterogametic,XY,12
Animalia,Insecta,Diptera,Sciomyzidae,Pteromicra,glabricula,Animalia|Insecta|Diptera|Sciomyzidae|Pteromicra|glabricula,Achiasmatic Meiosis,Heterogametic,XY,10
Animalia,Insecta,Diptera,Sciomyzidae,Pteromicra,pectorosa,Animalia|Insecta|Diptera|Sciomyzidae|Pteromicra|pectorosa,Achiasmatic Meiosis,Heterogametic,XO,10
Animalia,Insecta,Diptera,Sciomyzidae,Pteromicra,similis,Animalia|Insecta|Diptera|Sciomyzidae|Pteromicra|similis,Achiasmatic Meiosis,Heterogametic,NA,10
Animalia,Insecta,Diptera,Sciomyzidae,Renocera,fuscinervis,Animalia|Insecta|Diptera|Sciomyzidae|Renocera|fuscinervis,Achiasmatic Meiosis,Heterogametic,XY,12
Animalia,Insecta,Diptera,Sciomyzidae,Salticella,fasciata,Animalia|Insecta|Diptera|Sciomyzidae|Salticella|fasciata,Achiasmatic Meiosis,Heterogametic,XY,12
Animalia,Insecta,Diptera,Sciomyzidae,Sepedon,armipes,Animalia|Insecta|Diptera|Sciomyzidae|Sepedon|armipes,Achiasmatic Meiosis,Heterogametic,XO,12
Animalia,Insecta,Diptera,Sciomyzidae,Sepedon,fuscipennis,Animalia|Insecta|Diptera|Sciomyzidae|Sepedon|fuscipennis,Achiasmatic Meiosis,Heterogametic,XY,12
Animalia,Insecta,Diptera,Sciomyzidae,Sepedon,macropus,Animalia|Insecta|Diptera|Sciomyzidae|Sepedon|macropus,Achiasmatic Meiosis,Heterogametic,XY,12
Animalia,Insecta,Diptera,Sciomyzidae,Sepedon,plumbella,Animalia|Insecta|Diptera|Sciomyzidae|Sepedon|plumbella,Achiasmatic Meiosis,Heterogametic,XY,12
Animalia,Insecta,Diptera,Sciomyzidae,Sepedon,saegeri,Animalia|Insecta|Diptera|Sciomyzidae|Sepedon|saegeri,Achiasmatic Meiosis,Heterogametic,XY,12
Animalia,Insecta,Diptera,Sciomyzidae,Sepedon,sphegea,Animalia|Insecta|Diptera|Sciomyzidae|Sepedon|sphegea,Achiasmatic Meiosis,Heterogametic,XY,12
Animalia,Insecta,Diptera,Sciomyzidae,Sepedon,spinipesamericana,Animalia|Insecta|Diptera|Sciomyzidae|Sepedon|spinipesamericana,Achiasmatic Meiosis,Heterogametic,NA,12
Animalia,Insecta,Diptera,Sciomyzidae,Tetanocera,arrogans,Animalia|Insecta|Diptera|Sciomyzidae|Tetanocera|arrogans,Achiasmatic Meiosis,Heterogametic,XY,10
Animalia,Insecta,Diptera,Sciomyzidae,Tetanocera,elata,Animalia|Insecta|Diptera|Sciomyzidae|Tetanocera|elata,Achiasmatic Meiosis,Heterogametic,XY,12
Animalia,Insecta,Diptera,Sciomyzidae,Tetanocera,ferruginea,Animalia|Insecta|Diptera|Sciomyzidae|Tetanocera|ferruginea,Achiasmatic Meiosis,Heterogametic,XY,12
Animalia,Insecta,Diptera,Sciomyzidae,Tetanocera,hyalipennis,Animalia|Insecta|Diptera|Sciomyzidae|Tetanocera|hyalipennis,Achiasmatic Meiosis,Heterogametic,NA,12
Animalia,Insecta,Diptera,Sciomyzidae,Tetanocera,loewi,Animalia|Insecta|Diptera|Sciomyzidae|Tetanocera|loewi,Achiasmatic Meiosis,Heterogametic,XY,12
Animalia,Insecta,Diptera,Sciomyzidae,Tetanocera,loewiE,Animalia|Insecta|Diptera|Sciomyzidae|Tetanocera|loewiE,Achiasmatic Meiosis,Heterogametic,XY,12
Animalia,Insecta,Diptera,Sciomyzidae,Tetanocera,montana,Animalia|Insecta|Diptera|Sciomyzidae|Tetanocera|montana,Achiasmatic Meiosis,Heterogametic,XY,12
Animalia,Insecta,Diptera,Sciomyzidae,Tetanocera,plebeia,Animalia|Insecta|Diptera|Sciomyzidae|Tetanocera|plebeia,Achiasmatic Meiosis,Heterogametic,XY,12
Animalia,Insecta,Diptera,Sciomyzidae,Tetanocera,plumosa,Animalia|Insecta|Diptera|Sciomyzidae|Tetanocera|plumosa,Achiasmatic Meiosis,Heterogametic,XY,12
Animalia,Insecta,Diptera,Sciomyzidae,Tetanocera,silvatica,Animalia|Insecta|Diptera|Sciomyzidae|Tetanocera|silvatica,Achiasmatic Meiosis,Heterogametic,NA,12
Animalia,Insecta,Diptera,Sciomyzidae,Tetanocera,sp.,Animalia|Insecta|Diptera|Sciomyzidae|Tetanocera|sp.,Achiasmatic Meiosis,Heterogametic,XY,12
Animalia,Insecta,Diptera,Sciomyzidae,Tetanocera,sparsa,Animalia|Insecta|Diptera|Sciomyzidae|Tetanocera|sparsa,Achiasmatic Meiosis,Heterogametic,XY,12
Animalia,Insecta,Diptera,Sciomyzidae,Tetanocera,unicolor,Animalia|Insecta|Diptera|Sciomyzidae|Tetanocera|unicolor,Achiasmatic Meiosis,Heterogametic,XY,12
Animalia,Insecta,Diptera,Sciomyzidae,Tetanocera,vicina,Animalia|Insecta|Diptera|Sciomyzidae|Tetanocera|vicina,Achiasmatic Meiosis,Heterogametic,XY,12
Animalia,Insecta,Diptera,Sciomyzidae,Tetanoceroides,mesopleuralis,Animalia|Insecta|Diptera|Sciomyzidae|Tetanoceroides|mesopleuralis,Achiasmatic Meiosis,Heterogametic,XY,12
Animalia,Insecta,Diptera,Sciomyzidae,Tetanoceroides,occidentalis,Animalia|Insecta|Diptera|Sciomyzidae|Tetanoceroides|occidentalis,Achiasmatic Meiosis,Heterogametic,NA,12
Animalia,Insecta,Diptera,Sciomyzidae,Trypetoptera,punctulata,Animalia|Insecta|Diptera|Sciomyzidae|Trypetoptera|punctulata,Achiasmatic Meiosis,Heterogametic,XY,12
Animalia,Insecta,Diptera,Simuliidae,Cnephia,dacotensis,Animalia|Insecta|Diptera|Simuliidae|Cnephia|dacotensis,Achiasmatic Meiosis,Heterogametic,NA,6
Animalia,Insecta,Diptera,Simuliidae,Cnephia,ornithophilia,Animalia|Insecta|Diptera|Simuliidae|Cnephia|ornithophilia,Achiasmatic Meiosis,Heterogametic,NA,6
Animalia,Insecta,Diptera,Simuliidae,Crozetia,crozetensis,Animalia|Insecta|Diptera|Simuliidae|Crozetia|crozetensis,Achiasmatic Meiosis,Heterogametic,NA,6
Animalia,Insecta,Diptera,Simuliidae,Eusimulium,aureum,Animalia|Insecta|Diptera|Simuliidae|Eusimulium|aureum,Achiasmatic Meiosis,Heterogametic,NA,4
Animalia,Insecta,Diptera,Simuliidae,Prosimulium,decemarticulatum,Animalia|Insecta|Diptera|Simuliidae|Prosimulium|decemarticulatum,Achiasmatic Meiosis,Heterogametic,NA,6
Animalia,Insecta,Diptera,Stratiomyidae,Actina,incisularis,Animalia|Insecta|Diptera|Stratiomyidae|Actina|incisularis,Achiasmatic Meiosis,Heterogametic,NA,10
Animalia,Insecta,Diptera,Stratiomyidae,Actina,incisurali,Animalia|Insecta|Diptera|Stratiomyidae|Actina|incisurali,Achiasmatic Meiosis,Heterogametic,XY,10
Animalia,Insecta,Diptera,Stratiomyidae,Adoxomyia,rustica,Animalia|Insecta|Diptera|Stratiomyidae|Adoxomyia|rustica,Achiasmatic Meiosis,Heterogametic,NA,8
Animalia,Insecta,Diptera,Stratiomyidae,Beris,chalybeata,Animalia|Insecta|Diptera|Stratiomyidae|Beris|chalybeata,Achiasmatic Meiosis,Heterogametic,XY,10
Animalia,Insecta,Diptera,Stratiomyidae,Chloromyia,formosa,Animalia|Insecta|Diptera|Stratiomyidae|Chloromyia|formosa,Achiasmatic Meiosis,Heterogametic,NA,14
Animalia,Insecta,Diptera,Stratiomyidae,Hermetia,illucens,Animalia|Insecta|Diptera|Stratiomyidae|Hermetia|illucens,Achiasmatic Meiosis,Heterogametic,XY,14
Animalia,Insecta,Diptera,Stratiomyidae,Himantoloba,flavopilosa,Animalia|Insecta|Diptera|Stratiomyidae|Himantoloba|flavopilosa,Achiasmatic Meiosis,Heterogametic,XY,16
Animalia,Insecta,Diptera,Stratiomyidae,Lasionemopoda,hirsuta,Animalia|Insecta|Diptera|Stratiomyidae|Lasionemopoda|hirsuta,Achiasmatic Meiosis,Heterogametic,NA,16
Animalia,Insecta,Diptera,Stratiomyidae,Merosargus,melanothorax,Animalia|Insecta|Diptera|Stratiomyidae|Merosargus|melanothorax,Achiasmatic Meiosis,Heterogametic,XY,16
Animalia,Insecta,Diptera,Stratiomyidae,Neoexaireta,spinigera,Animalia|Insecta|Diptera|Stratiomyidae|Neoexaireta|spinigera,Achiasmatic Meiosis,Heterogametic,XY,12
Animalia,Insecta,Diptera,Stratiomyidae,Odontomyia,regisgeorgei,Animalia|Insecta|Diptera|Stratiomyidae|Odontomyia|regisgeorgei,Achiasmatic Meiosis,Heterogametic,XY,12
Animalia,Insecta,Diptera,Stratiomyidae,Ptecticus,australis,Animalia|Insecta|Diptera|Stratiomyidae|Ptecticus|australis,Achiasmatic Meiosis,Heterogametic,XY,16
Animalia,Insecta,Diptera,Stratiomyidae,Ptecticus,longipennis,Animalia|Insecta|Diptera|Stratiomyidae|Ptecticus|longipennis,Achiasmatic Meiosis,Heterogametic,XY,16
Animalia,Insecta,Diptera,Stratiomyidae,Ptecticus,matsumurae,Animalia|Insecta|Diptera|Stratiomyidae|Ptecticus|matsumurae,Achiasmatic Meiosis,Heterogametic,XY,16
Animalia,Insecta,Diptera,Stratiomyidae,Ptecticus,n.sp.1,Animalia|Insecta|Diptera|Stratiomyidae|Ptecticus|n.sp.1,Achiasmatic Meiosis,Heterogametic,XY,16
Animalia,Insecta,Diptera,Stratiomyidae,Ptecticus,n.sp.2,Animalia|Insecta|Diptera|Stratiomyidae|Ptecticus|n.sp.2,Achiasmatic Meiosis,Heterogametic,NA,16
Animalia,Insecta,Diptera,Stratiomyidae,Ptecticus,n.sp.3nr.Longipennis,Animalia|Insecta|Diptera|Stratiomyidae|Ptecticus|n.sp.3nr.Longipennis,Achiasmatic Meiosis,Heterogametic,XY,16
Animalia,Insecta,Diptera,Stratiomyidae,Ptecticus,n.sp1,Animalia|Insecta|Diptera|Stratiomyidae|Ptecticus|n.sp1,Achiasmatic Meiosis,Heterogametic,XY,16
Animalia,Insecta,Diptera,Stratiomyidae,Ptecticus,n.sp2,Animalia|Insecta|Diptera|Stratiomyidae|Ptecticus|n.sp2,Achiasmatic Meiosis,Heterogametic,NA,16
Animalia,Insecta,Diptera,Stratiomyidae,Ptecticus,n.sp3,Animalia|Insecta|Diptera|Stratiomyidae|Ptecticus|n.sp3,Achiasmatic Meiosis,Heterogametic,XY,16
Animalia,Insecta,Diptera,Stratiomyidae,Ptecticus,n.sp4,Animalia|Insecta|Diptera|Stratiomyidae|Ptecticus|n.sp4,Achiasmatic Meiosis,Heterogametic,XY,16
Animalia,Insecta,Diptera,Stratiomyidae,Ptecticus,n.sp5,Animalia|Insecta|Diptera|Stratiomyidae|Ptecticus|n.sp5,Achiasmatic Meiosis,Heterogametic,XY,16
Animalia,Insecta,Diptera,Stratiomyidae,Ptecticus,sackenii,Animalia|Insecta|Diptera|Stratiomyidae|Ptecticus|sackenii,Achiasmatic Meiosis,Heterogametic,NA,16
Animalia,Insecta,Diptera,Stratiomyidae,Ptecticus,sp.4,Animalia|Insecta|Diptera|Stratiomyidae|Ptecticus|sp.4,Achiasmatic Meiosis,Heterogametic,XY,16
Animalia,Insecta,Diptera,Stratiomyidae,Ptecticus,sp.5,Animalia|Insecta|Diptera|Stratiomyidae|Ptecticus|sp.5,Achiasmatic Meiosis,Heterogametic,XY,16
Animalia,Insecta,Diptera,Stratiomyidae,Ptecticus,tenebrifer,Animalia|Insecta|Diptera|Stratiomyidae|Ptecticus|tenebrifer,Achiasmatic Meiosis,Heterogametic,XY,16
Animalia,Insecta,Diptera,Stratiomyidae,Ptecticus,trivittatus,Animalia|Insecta|Diptera|Stratiomyidae|Ptecticus|trivittatus,Achiasmatic Meiosis,Heterogametic,XY,16
Animalia,Insecta,Diptera,Stratiomyidae,Ptecticus,wulpii,Animalia|Insecta|Diptera|Stratiomyidae|Ptecticus|wulpii,Achiasmatic Meiosis,Heterogametic,XY,16
Animalia,Insecta,Diptera,Stratiomyidae,Sargus,cuprarius,Animalia|Insecta|Diptera|Stratiomyidae|Sargus|cuprarius,Achiasmatic Meiosis,Heterogametic,NA,16
Animalia,Insecta,Diptera,Stratiomyidae,Sargus,fasciatus,Animalia|Insecta|Diptera|Stratiomyidae|Sargus|fasciatus,Achiasmatic Meiosis,Heterogametic,XY,8
Animalia,Insecta,Diptera,Stratiomyidae,Stratiomys,barbata,Animalia|Insecta|Diptera|Stratiomyidae|Stratiomys|barbata,Achiasmatic Meiosis,Heterogametic,XY,14
Animalia,Insecta,Diptera,Stratiomyidae,Stratiomys,sp,Animalia|Insecta|Diptera|Stratiomyidae|Stratiomys|sp,Achiasmatic Meiosis,Heterogametic,XY,12
Animalia,Insecta,Diptera,Stratiomyidae,Stratiomys,sp.,Animalia|Insecta|Diptera|Stratiomyidae|Stratiomys|sp.,Achiasmatic Meiosis,Heterogametic,NA,12
Animalia,Insecta,Diptera,Syrphidae,Allographa,exotica,Animalia|Insecta|Diptera|Syrphidae|Allographa|exotica,Achiasmatic Meiosis,Heterogametic,XY,10
Animalia,Insecta,Diptera,Syrphidae,Allographa,hortensis,Animalia|Insecta|Diptera|Syrphidae|Allographa|hortensis,Achiasmatic Meiosis,Heterogametic,XY,8
Animalia,Insecta,Diptera,Syrphidae,Allographa,neotropica,Animalia|Insecta|Diptera|Syrphidae|Allographa|neotropica,Achiasmatic Meiosis,Heterogametic,XY,10
Animalia,Insecta,Diptera,Syrphidae,Allographa,piurana,Animalia|Insecta|Diptera|Syrphidae|Allographa|piurana,Achiasmatic Meiosis,Heterogametic,XY,10
Animalia,Insecta,Diptera,Syrphidae,Allographa,pulchra,Animalia|Insecta|Diptera|Syrphidae|Allographa|pulchra,Achiasmatic Meiosis,Heterogametic,XY,10
Animalia,Insecta,Diptera,Syrphidae,Allograpta,calopoides,Animalia|Insecta|Diptera|Syrphidae|Allograpta|calopoides,Achiasmatic Meiosis,Heterogametic,NA,8
Animalia,Insecta,Diptera,Syrphidae,Allograpta,calopus,Animalia|Insecta|Diptera|Syrphidae|Allograpta|calopus,Achiasmatic Meiosis,Heterogametic,XY,8
Animalia,Insecta,Diptera,Syrphidae,Allograpta,exotica,Animalia|Insecta|Diptera|Syrphidae|Allograpta|exotica,Achiasmatic Meiosis,Heterogametic,XY,10
Animalia,Insecta,Diptera,Syrphidae,Allograpta,fuscisquama,Animalia|Insecta|Diptera|Syrphidae|Allograpta|fuscisquama,Achiasmatic Meiosis,Heterogametic,XY,10
Animalia,Insecta,Diptera,Syrphidae,Allograpta,hortensis,Animalia|Insecta|Diptera|Syrphidae|Allograpta|hortensis,Achiasmatic Meiosis,Heterogametic,XY,8
Animalia,Insecta,Diptera,Syrphidae,Allograpta,neotropica,Animalia|Insecta|Diptera|Syrphidae|Allograpta|neotropica,Achiasmatic Meiosis,Heterogametic,XY,10
Animalia,Insecta,Diptera,Syrphidae,Allograpta,nummularia,Animalia|Insecta|Diptera|Syrphidae|Allograpta|nummularia,Achiasmatic Meiosis,Heterogametic,XY,8
Animalia,Insecta,Diptera,Syrphidae,Allograpta,obliqua,Animalia|Insecta|Diptera|Syrphidae|Allograpta|obliqua,Achiasmatic Meiosis,Heterogametic,XY,10
Animalia,Insecta,Diptera,Syrphidae,Allograpta,pfeifferi,Animalia|Insecta|Diptera|Syrphidae|Allograpta|pfeifferi,Achiasmatic Meiosis,Heterogametic,XY,12
Animalia,Insecta,Diptera,Syrphidae,Allograpta,pulchra(I),Animalia|Insecta|Diptera|Syrphidae|Allograpta|pulchra(I),Achiasmatic Meiosis,Heterogametic,XY,10
Animalia,Insecta,Diptera,Syrphidae,Allograpta,pulchra(hybrid?),Animalia|Insecta|Diptera|Syrphidae|Allograpta|pulchra(hybrid?),Achiasmatic Meiosis,Heterogametic,XY,8
Animalia,Insecta,Diptera,Syrphidae,Allograpta,sp.25,Animalia|Insecta|Diptera|Syrphidae|Allograpta|sp.25,Achiasmatic Meiosis,Heterogametic,XY,8
Animalia,Insecta,Diptera,Syrphidae,Allograpta,sp.26,Animalia|Insecta|Diptera|Syrphidae|Allograpta|sp.26,Achiasmatic Meiosis,Heterogametic,XY,10
Animalia,Insecta,Diptera,Syrphidae,Allograpta,sp.27,Animalia|Insecta|Diptera|Syrphidae|Allograpta|sp.27,Achiasmatic Meiosis,Heterogametic,XY,10
Animalia,Insecta,Diptera,Syrphidae,Allograpta,sp.AE,Animalia|Insecta|Diptera|Syrphidae|Allograpta|sp.AE,Achiasmatic Meiosis,Heterogametic,XY,8
Animalia,Insecta,Diptera,Syrphidae,Allograpta,sp.BP,Animalia|Insecta|Diptera|Syrphidae|Allograpta|sp.BP,Achiasmatic Meiosis,Heterogametic,NA,10
Animalia,Insecta,Diptera,Syrphidae,Allograpta,venusta,Animalia|Insecta|Diptera|Syrphidae|Allograpta|venusta,Achiasmatic Meiosis,Heterogametic,XY,8
Animalia,Insecta,Diptera,Syrphidae,Asarkina,clara,Animalia|Insecta|Diptera|Syrphidae|Asarkina|clara,Achiasmatic Meiosis,Heterogametic,XY,10
Animalia,Insecta,Diptera,Syrphidae,Asarkina,fulva,Animalia|Insecta|Diptera|Syrphidae|Asarkina|fulva,Achiasmatic Meiosis,Heterogametic,XY,10
Animalia,Insecta,Diptera,Syrphidae,Asarkina,morokaensis,Animalia|Insecta|Diptera|Syrphidae|Asarkina|morokaensis,Achiasmatic Meiosis,Heterogametic,XY,10
Animalia,Insecta,Diptera,Syrphidae,Asarkina,porcina,Animalia|Insecta|Diptera|Syrphidae|Asarkina|porcina,Achiasmatic Meiosis,Heterogametic,XY,10
Animalia,Insecta,Diptera,Syrphidae,Asarkina,rostrata,Animalia|Insecta|Diptera|Syrphidae|Asarkina|rostrata,Achiasmatic Meiosis,Heterogametic,XY,10
Animalia,Insecta,Diptera,Syrphidae,Asarkina,sp.1,Animalia|Insecta|Diptera|Syrphidae|Asarkina|sp.1,Achiasmatic Meiosis,Heterogametic,XY,10
Animalia,Insecta,Diptera,Syrphidae,Asarkina,sp.A,Animalia|Insecta|Diptera|Syrphidae|Asarkina|sp.A,Achiasmatic Meiosis,Heterogametic,NA,10
Animalia,Insecta,Diptera,Syrphidae,Asarkina,sp.B,Animalia|Insecta|Diptera|Syrphidae|Asarkina|sp.B,Achiasmatic Meiosis,Heterogametic,XY,10
Animalia,Insecta,Diptera,Syrphidae,Asarkina,sp.C,Animalia|Insecta|Diptera|Syrphidae|Asarkina|sp.C,Achiasmatic Meiosis,Heterogametic,XY,10
Animalia,Insecta,Diptera,Syrphidae,Asarkina,sp.D,Animalia|Insecta|Diptera|Syrphidae|Asarkina|sp.D,Achiasmatic Meiosis,Heterogametic,XY,10
Animalia,Insecta,Diptera,Syrphidae,Asarkina,sp.E,Animalia|Insecta|Diptera|Syrphidae|Asarkina|sp.E,Achiasmatic Meiosis,Heterogametic,XY,10
Animalia,Insecta,Diptera,Syrphidae,Axona,chalcopyga,Animalia|Insecta|Diptera|Syrphidae|Axona|chalcopyga,Achiasmatic Meiosis,Heterogametic,XY,10
Animalia,Insecta,Diptera,Syrphidae,Baccha,alicia,Animalia|Insecta|Diptera|Syrphidae|Baccha|alicia,Achiasmatic Meiosis,Heterogametic,XY,10
Animalia,Insecta,Diptera,Syrphidae,Baccha,asthenia,Animalia|Insecta|Diptera|Syrphidae|Baccha|asthenia,Achiasmatic Meiosis,Heterogametic,XY,10
Animalia,Insecta,Diptera,Syrphidae,Baccha,clavata,Animalia|Insecta|Diptera|Syrphidae|Baccha|clavata,Achiasmatic Meiosis,Heterogametic,XY,10
Animalia,Insecta,Diptera,Syrphidae,Baccha,clavata(I),Animalia|Insecta|Diptera|Syrphidae|Baccha|clavata(I),Achiasmatic Meiosis,Heterogametic,XY,10
Animalia,Insecta,Diptera,Syrphidae,Baccha,clavata(II),Animalia|Insecta|Diptera|Syrphidae|Baccha|clavata(II),Achiasmatic Meiosis,Heterogametic,XY,10
Animalia,Insecta,Diptera,Syrphidae,Baccha,costata,Animalia|Insecta|Diptera|Syrphidae|Baccha|costata,Achiasmatic Meiosis,Heterogametic,XY,10
Animalia,Insecta,Diptera,Syrphidae,Baccha,debasa,Animalia|Insecta|Diptera|Syrphidae|Baccha|debasa,Achiasmatic Meiosis,Heterogametic,XY,10
Animalia,Insecta,Diptera,Syrphidae,Baccha,elongata,Animalia|Insecta|Diptera|Syrphidae|Baccha|elongata,Achiasmatic Meiosis,Heterogametic,XY,6
Animalia,Insecta,Diptera,Syrphidae,Baccha,estrelita,Animalia|Insecta|Diptera|Syrphidae|Baccha|estrelita,Achiasmatic Meiosis,Heterogametic,XY,10
Animalia,Insecta,Diptera,Syrphidae,Baccha,fasciata,Animalia|Insecta|Diptera|Syrphidae|Baccha|fasciata,Achiasmatic Meiosis,Heterogametic,XY,10
Animalia,Insecta,Diptera,Syrphidae,Baccha,fascipennis,Animalia|Insecta|Diptera|Syrphidae|Baccha|fascipennis,Achiasmatic Meiosis,Heterogametic,XY,10
Animalia,Insecta,Diptera,Syrphidae,Baccha,flavipennis,Animalia|Insecta|Diptera|Syrphidae|Baccha|flavipennis,Achiasmatic Meiosis,Heterogametic,XY,10
Animalia,Insecta,Diptera,Syrphidae,Baccha,funebris,Animalia|Insecta|Diptera|Syrphidae|Baccha|funebris,Achiasmatic Meiosis,Heterogametic,XY,10
Animalia,Insecta,Diptera,Syrphidae,Baccha,fuscipennis,Animalia|Insecta|Diptera|Syrphidae|Baccha|fuscipennis,Achiasmatic Meiosis,Heterogametic,XY,10
Animalia,Insecta,Diptera,Syrphidae,Baccha,gastrostacta,Animalia|Insecta|Diptera|Syrphidae|Baccha|gastrostacta,Achiasmatic Meiosis,Heterogametic,XY,10
Animalia,Insecta,Diptera,Syrphidae,Baccha,laudabilis,Animalia|Insecta|Diptera|Syrphidae|Baccha|laudabilis,Achiasmatic Meiosis,Heterogametic,XY,10
Animalia,Insecta,Diptera,Syrphidae,Baccha,livida,Animalia|Insecta|Diptera|Syrphidae|Baccha|livida,Achiasmatic Meiosis,Heterogametic,XY,8
Animalia,Insecta,Diptera,Syrphidae,Baccha,loewi,Animalia|Insecta|Diptera|Syrphidae|Baccha|loewi,Achiasmatic Meiosis,Heterogametic,XY,10
Animalia,Insecta,Diptera,Syrphidae,Baccha,maculata,Animalia|Insecta|Diptera|Syrphidae|Baccha|maculata,Achiasmatic Meiosis,Heterogametic,XY,8
Animalia,Insecta,Diptera,Syrphidae,Baccha,melanorrhina,Animalia|Insecta|Diptera|Syrphidae|Baccha|melanorrhina,Achiasmatic Meiosis,Heterogametic,XY,10
Animalia,Insecta,Diptera,Syrphidae,Baccha,mexicana,Animalia|Insecta|Diptera|Syrphidae|Baccha|mexicana,Achiasmatic Meiosis,Heterogametic,XY,10
Animalia,Insecta,Diptera,Syrphidae,Baccha,n.sp.1,Animalia|Insecta|Diptera|Syrphidae|Baccha|n.sp.1,Achiasmatic Meiosis,Heterogametic,XY,10
Animalia,Insecta,Diptera,Syrphidae,Baccha,neavei,Animalia|Insecta|Diptera|Syrphidae|Baccha|neavei,Achiasmatic Meiosis,Heterogametic,XY,10
Animalia,Insecta,Diptera,Syrphidae,Baccha,norina,Animalia|Insecta|Diptera|Syrphidae|Baccha|norina,Achiasmatic Meiosis,Heterogametic,XY,8
Animalia,Insecta,Diptera,Syrphidae,Baccha,nymphaea,Animalia|Insecta|Diptera|Syrphidae|Baccha|nymphaea,Achiasmatic Meiosis,Heterogametic,XY,10
Animalia,Insecta,Diptera,Syrphidae,Baccha,obscuripennis,Animalia|Insecta|Diptera|Syrphidae|Baccha|obscuripennis,Achiasmatic Meiosis,Heterogametic,XY,6
Animalia,Insecta,Diptera,Syrphidae,Baccha,polista,Animalia|Insecta|Diptera|Syrphidae|Baccha|polista,Achiasmatic Meiosis,Heterogametic,XY,10
Animalia,Insecta,Diptera,Syrphidae,Baccha,purpuricola,Animalia|Insecta|Diptera|Syrphidae|Baccha|purpuricola,Achiasmatic Meiosis,Heterogametic,XY,10
Animalia,Insecta,Diptera,Syrphidae,Baccha,sapphirina,Animalia|Insecta|Diptera|Syrphidae|Baccha|sapphirina,Achiasmatic Meiosis,Heterogametic,XY,10
Animalia,Insecta,Diptera,Syrphidae,Baccha,scutellata,Animalia|Insecta|Diptera|Syrphidae|Baccha|scutellata,Achiasmatic Meiosis,Heterogametic,NA,8
Animalia,Insecta,Diptera,Syrphidae,Baccha,siphanticida,Animalia|Insecta|Diptera|Syrphidae|Baccha|siphanticida,Achiasmatic Meiosis,Heterogametic,XY,10
Animalia,Insecta,Diptera,Syrphidae,Baccha,sp.A1,Animalia|Insecta|Diptera|Syrphidae|Baccha|sp.A1,Achiasmatic Meiosis,Heterogametic,XY,10
Animalia,Insecta,Diptera,Syrphidae,Baccha,sp.B1,Animalia|Insecta|Diptera|Syrphidae|Baccha|sp.B1,Achiasmatic Meiosis,Heterogametic,XY,10
Animalia,Insecta,Diptera,Syrphidae,Baccha,virginio,Animalia|Insecta|Diptera|Syrphidae|Baccha|virginio,Achiasmatic Meiosis,Heterogametic,XY,8
Animalia,Insecta,Diptera,Syrphidae,Baccha,vittiger,Animalia|Insecta|Diptera|Syrphidae|Baccha|vittiger,Achiasmatic Meiosis,Heterogametic,XY,10
Animalia,Insecta,Diptera,Syrphidae,Baccha,zilla,Animalia|Insecta|Diptera|Syrphidae|Baccha|zilla,Achiasmatic Meiosis,Heterogametic,XY,10
Animalia,Insecta,Diptera,Syrphidae,Betasyrphus,adligatus,Animalia|Insecta|Diptera|Syrphidae|Betasyrphus|adligatus,Achiasmatic Meiosis,Heterogametic,XY,8
Animalia,Insecta,Diptera,Syrphidae,Betasyrphus,hirticeps,Animalia|Insecta|Diptera|Syrphidae|Betasyrphus|hirticeps,Achiasmatic Meiosis,Heterogametic,XY,8
Animalia,Insecta,Diptera,Syrphidae,Betasyrphus,sp.C,Animalia|Insecta|Diptera|Syrphidae|Betasyrphus|sp.C,Achiasmatic Meiosis,Heterogametic,XY,8
Animalia,Insecta,Diptera,Syrphidae,Betasyrphus,sp.D,Animalia|Insecta|Diptera|Syrphidae|Betasyrphus|sp.D,Achiasmatic Meiosis,Heterogametic,XY,8
Animalia,Insecta,Diptera,Syrphidae,Betasyrphus,sp.E,Animalia|Insecta|Diptera|Syrphidae|Betasyrphus|sp.E,Achiasmatic Meiosis,Heterogametic,XY,8
Animalia,Insecta,Diptera,Syrphidae,Betasyrphus,sp.F,Animalia|Insecta|Diptera|Syrphidae|Betasyrphus|sp.F,Achiasmatic Meiosis,Heterogametic,XY,8
Animalia,Insecta,Diptera,Syrphidae,Blera,analis,Animalia|Insecta|Diptera|Syrphidae|Blera|analis,Achiasmatic Meiosis,Heterogametic,NA,12
Animalia,Insecta,Diptera,Syrphidae,Blera,badia,Animalia|Insecta|Diptera|Syrphidae|Blera|badia,Achiasmatic Meiosis,Heterogametic,XY,12
Animalia,Insecta,Diptera,Syrphidae,Blera,confusa,Animalia|Insecta|Diptera|Syrphidae|Blera|confusa,Achiasmatic Meiosis,Heterogametic,XY,12
Animalia,Insecta,Diptera,Syrphidae,Blera,fallax,Animalia|Insecta|Diptera|Syrphidae|Blera|fallax,Achiasmatic Meiosis,Heterogametic,XY,12
Animalia,Insecta,Diptera,Syrphidae,Blera,nigra,Animalia|Insecta|Diptera|Syrphidae|Blera|nigra,Achiasmatic Meiosis,Heterogametic,XY,12
Animalia,Insecta,Diptera,Syrphidae,Blera,scitula,Animalia|Insecta|Diptera|Syrphidae|Blera|scitula,Achiasmatic Meiosis,Heterogametic,XY,12
Animalia,Insecta,Diptera,Syrphidae,Brachyopa,scutellaris,Animalia|Insecta|Diptera|Syrphidae|Brachyopa|scutellaris,Achiasmatic Meiosis,Heterogametic,XY,10
Animalia,Insecta,Diptera,Syrphidae,Calliprobola,crawfordi,Animalia|Insecta|Diptera|Syrphidae|Calliprobola|crawfordi,Achiasmatic Meiosis,Heterogametic,XY,10
Animalia,Insecta,Diptera,Syrphidae,Carposcalis,obscura,Animalia|Insecta|Diptera|Syrphidae|Carposcalis|obscura,Achiasmatic Meiosis,Heterogametic,XY,8
Animalia,Insecta,Diptera,Syrphidae,Carposcalis,sp.,Animalia|Insecta|Diptera|Syrphidae|Carposcalis|sp.,Achiasmatic Meiosis,Heterogametic,XY,8
Animalia,Insecta,Diptera,Syrphidae,Carposcalis,sp.1,Animalia|Insecta|Diptera|Syrphidae|Carposcalis|sp.1,Achiasmatic Meiosis,Heterogametic,XY,8
Animalia,Insecta,Diptera,Syrphidae,Carposcalis,sp.2,Animalia|Insecta|Diptera|Syrphidae|Carposcalis|sp.2,Achiasmatic Meiosis,Heterogametic,XY,8
Animalia,Insecta,Diptera,Syrphidae,Carposcalis,sp.3,Animalia|Insecta|Diptera|Syrphidae|Carposcalis|sp.3,Achiasmatic Meiosis,Heterogametic,XY,8
Animalia,Insecta,Diptera,Syrphidae,Carposcalis,sp.4,Animalia|Insecta|Diptera|Syrphidae|Carposcalis|sp.4,Achiasmatic Meiosis,Heterogametic,XY,8
Animalia,Insecta,Diptera,Syrphidae,Carposcalis,sp.5,Animalia|Insecta|Diptera|Syrphidae|Carposcalis|sp.5,Achiasmatic Meiosis,Heterogametic,XY,8
Animalia,Insecta,Diptera,Syrphidae,Carposcalis,sp.6,Animalia|Insecta|Diptera|Syrphidae|Carposcalis|sp.6,Achiasmatic Meiosis,Heterogametic,XY,8
Animalia,Insecta,Diptera,Syrphidae,Carposcalis,sp.8,Animalia|Insecta|Diptera|Syrphidae|Carposcalis|sp.8,Achiasmatic Meiosis,Heterogametic,XY,8
Animalia,Insecta,Diptera,Syrphidae,Carposcalis,sp.A,Animalia|Insecta|Diptera|Syrphidae|Carposcalis|sp.A,Achiasmatic Meiosis,Heterogametic,XY,8
Animalia,Insecta,Diptera,Syrphidae,Carposcalis,sp.B,Animalia|Insecta|Diptera|Syrphidae|Carposcalis|sp.B,Achiasmatic Meiosis,Heterogametic,XY,8
Animalia,Insecta,Diptera,Syrphidae,Carposcalis,stegna,Animalia|Insecta|Diptera|Syrphidae|Carposcalis|stegna,Achiasmatic Meiosis,Heterogametic,XY,8
Animalia,Insecta,Diptera,Syrphidae,Ceriana,conopsoides,Animalia|Insecta|Diptera|Syrphidae|Ceriana|conopsoides,Achiasmatic Meiosis,Heterogametic,XY,10
Animalia,Insecta,Diptera,Syrphidae,Ceriana,vespiformis,Animalia|Insecta|Diptera|Syrphidae|Ceriana|vespiformis,Achiasmatic Meiosis,Heterogametic,XY,10
Animalia,Insecta,Diptera,Syrphidae,Ceriogaster,sp.,Animalia|Insecta|Diptera|Syrphidae|Ceriogaster|sp.,Achiasmatic Meiosis,Heterogametic,NA,10
Animalia,Insecta,Diptera,Syrphidae,Chalcosyrphus,anthreas,Animalia|Insecta|Diptera|Syrphidae|Chalcosyrphus|anthreas,Achiasmatic Meiosis,Heterogametic,XY,10
Animalia,Insecta,Diptera,Syrphidae,Chalcosyrphus,ariel,Animalia|Insecta|Diptera|Syrphidae|Chalcosyrphus|ariel,Achiasmatic Meiosis,Heterogametic,XY,10
Animalia,Insecta,Diptera,Syrphidae,Chalcosyrphus,nemorum,Animalia|Insecta|Diptera|Syrphidae|Chalcosyrphus|nemorum,Achiasmatic Meiosis,Heterogametic,XY,8
Animalia,Insecta,Diptera,Syrphidae,Chalcosyrphus,plesia,Animalia|Insecta|Diptera|Syrphidae|Chalcosyrphus|plesia,Achiasmatic Meiosis,Heterogametic,NA,10
Animalia,Insecta,Diptera,Syrphidae,Chalcosyrphus,sp.2,Animalia|Insecta|Diptera|Syrphidae|Chalcosyrphus|sp.2,Achiasmatic Meiosis,Heterogametic,XY,10
Animalia,Insecta,Diptera,Syrphidae,Chamaesphegina,argentifacies,Animalia|Insecta|Diptera|Syrphidae|Chamaesphegina|argentifacies,Achiasmatic Meiosis,Heterogametic,XY,12
Animalia,Insecta,Diptera,Syrphidae,Cheilosia,barbata,Animalia|Insecta|Diptera|Syrphidae|Cheilosia|barbata,Achiasmatic Meiosis,Heterogametic,XY,12
Animalia,Insecta,Diptera,Syrphidae,Cheilosia,burkei,Animalia|Insecta|Diptera|Syrphidae|Cheilosia|burkei,Achiasmatic Meiosis,Heterogametic,XY,12
Animalia,Insecta,Diptera,Syrphidae,Cheilosia,canicularis,Animalia|Insecta|Diptera|Syrphidae|Cheilosia|canicularis,Achiasmatic Meiosis,Heterogametic,NA,12
Animalia,Insecta,Diptera,Syrphidae,Cheilosia,chalybescens,Animalia|Insecta|Diptera|Syrphidae|Cheilosia|chalybescens,Achiasmatic Meiosis,Heterogametic,XY,12
Animalia,Insecta,Diptera,Syrphidae,Cheilosia,derasa,Animalia|Insecta|Diptera|Syrphidae|Cheilosia|derasa,Achiasmatic Meiosis,Heterogametic,XY,12
Animalia,Insecta,Diptera,Syrphidae,Cheilosia,frontosa,Animalia|Insecta|Diptera|Syrphidae|Cheilosia|frontosa,Achiasmatic Meiosis,Heterogametic,XY,10
Animalia,Insecta,Diptera,Syrphidae,Cheilosia,illustrata,Animalia|Insecta|Diptera|Syrphidae|Cheilosia|illustrata,Achiasmatic Meiosis,Heterogametic,XY,12
Animalia,Insecta,Diptera,Syrphidae,Cheilosia,impressa,Animalia|Insecta|Diptera|Syrphidae|Cheilosia|impressa,Achiasmatic Meiosis,Heterogametic,XY,12
Animalia,Insecta,Diptera,Syrphidae,Cheilosia,longula,Animalia|Insecta|Diptera|Syrphidae|Cheilosia|longula,Achiasmatic Meiosis,Heterogametic,NA,10
Animalia,Insecta,Diptera,Syrphidae,Cheilosia,montana,Animalia|Insecta|Diptera|Syrphidae|Cheilosia|montana,Achiasmatic Meiosis,Heterogametic,NA,12
Animalia,Insecta,Diptera,Syrphidae,Cheilosia,pagana,Animalia|Insecta|Diptera|Syrphidae|Cheilosia|pagana,Achiasmatic Meiosis,Heterogametic,XY,12
Animalia,Insecta,Diptera,Syrphidae,Cheilosia,pallipes,Animalia|Insecta|Diptera|Syrphidae|Cheilosia|pallipes,Achiasmatic Meiosis,Heterogametic,XY,10
Animalia,Insecta,Diptera,Syrphidae,Cheilosia,plutonia,Animalia|Insecta|Diptera|Syrphidae|Cheilosia|plutonia,Achiasmatic Meiosis,Heterogametic,XY,12
Animalia,Insecta,Diptera,Syrphidae,Cheilosia,scutellata,Animalia|Insecta|Diptera|Syrphidae|Cheilosia|scutellata,Achiasmatic Meiosis,Heterogametic,XY,10
Animalia,Insecta,Diptera,Syrphidae,Cheilosia,soror,Animalia|Insecta|Diptera|Syrphidae|Cheilosia|soror,Achiasmatic Meiosis,Heterogametic,XY,10
Animalia,Insecta,Diptera,Syrphidae,Cheilosia,sp.1,Animalia|Insecta|Diptera|Syrphidae|Cheilosia|sp.1,Achiasmatic Meiosis,Heterogametic,XY,10
Animalia,Insecta,Diptera,Syrphidae,Cheilosia,sp.Nr.Frontalis,Animalia|Insecta|Diptera|Syrphidae|Cheilosia|sp.Nr.Frontalis,Achiasmatic Meiosis,Heterogametic,XY,12
Animalia,Insecta,Diptera,Syrphidae,Cheilosia,tristis,Animalia|Insecta|Diptera|Syrphidae|Cheilosia|tristis,Achiasmatic Meiosis,Heterogametic,XY,10
Animalia,Insecta,Diptera,Syrphidae,Cheilosia,variabilis,Animalia|Insecta|Diptera|Syrphidae|Cheilosia|variabilis,Achiasmatic Meiosis,Heterogametic,XY,12
Animalia,Insecta,Diptera,Syrphidae,Cheilosia,vernalis,Animalia|Insecta|Diptera|Syrphidae|Cheilosia|vernalis,Achiasmatic Meiosis,Heterogametic,XY,10
Animalia,Insecta,Diptera,Syrphidae,Cheilosia,vulpina,Animalia|Insecta|Diptera|Syrphidae|Cheilosia|vulpina,Achiasmatic Meiosis,Heterogametic,XY,12
Animalia,Insecta,Diptera,Syrphidae,Chrysogaster,hirtella,Animalia|Insecta|Diptera|Syrphidae|Chrysogaster|hirtella,Achiasmatic Meiosis,Heterogametic,XY,12
Animalia,Insecta,Diptera,Syrphidae,Chrysogaster,metallina,Animalia|Insecta|Diptera|Syrphidae|Chrysogaster|metallina,Achiasmatic Meiosis,Heterogametic,XY,12
Animalia,Insecta,Diptera,Syrphidae,Chrysogaster,nigrovittata,Animalia|Insecta|Diptera|Syrphidae|Chrysogaster|nigrovittata,Achiasmatic Meiosis,Heterogametic,XY,12
Animalia,Insecta,Diptera,Syrphidae,Chrysogaster,nitida,Animalia|Insecta|Diptera|Syrphidae|Chrysogaster|nitida,Achiasmatic Meiosis,Heterogametic,NA,10
Animalia,Insecta,Diptera,Syrphidae,Chrysogaster,nobilis,Animalia|Insecta|Diptera|Syrphidae|Chrysogaster|nobilis,Achiasmatic Meiosis,Heterogametic,XY,10
Animalia,Insecta,Diptera,Syrphidae,Chrysogaster,parva,Animalia|Insecta|Diptera|Syrphidae|Chrysogaster|parva,Achiasmatic Meiosis,Heterogametic,XY,10
Animalia,Insecta,Diptera,Syrphidae,Chrysogaster,poecilophthalma,Animalia|Insecta|Diptera|Syrphidae|Chrysogaster|poecilophthalma,Achiasmatic Meiosis,Heterogametic,NA,8
Animalia,Insecta,Diptera,Syrphidae,Chrysogaster,pulchella,Animalia|Insecta|Diptera|Syrphidae|Chrysogaster|pulchella,Achiasmatic Meiosis,Heterogametic,XY,8
Animalia,Insecta,Diptera,Syrphidae,Chrysogaster,solstitialis,Animalia|Insecta|Diptera|Syrphidae|Chrysogaster|solstitialis,Achiasmatic Meiosis,Heterogametic,XY,12
Animalia,Insecta,Diptera,Syrphidae,Chrysogaster,splendens,Animalia|Insecta|Diptera|Syrphidae|Chrysogaster|splendens,Achiasmatic Meiosis,Heterogametic,XY,12
Animalia,Insecta,Diptera,Syrphidae,Chrysogaster,splendida,Animalia|Insecta|Diptera|Syrphidae|Chrysogaster|splendida,Achiasmatic Meiosis,Heterogametic,XY,12
Animalia,Insecta,Diptera,Syrphidae,Chrysogaster,splendita,Animalia|Insecta|Diptera|Syrphidae|Chrysogaster|splendita,Achiasmatic Meiosis,Heterogametic,XY,12
Animalia,Insecta,Diptera,Syrphidae,Chrysogaster,viduata,Animalia|Insecta|Diptera|Syrphidae|Chrysogaster|viduata,Achiasmatic Meiosis,Heterogametic,XY,12
Animalia,Insecta,Diptera,Syrphidae,Chrysotoxum,arcuatum,Animalia|Insecta|Diptera|Syrphidae|Chrysotoxum|arcuatum,Achiasmatic Meiosis,Heterogametic,XY,10
Animalia,Insecta,Diptera,Syrphidae,Chrysotoxum,bicinctum,Animalia|Insecta|Diptera|Syrphidae|Chrysotoxum|bicinctum,Achiasmatic Meiosis,Heterogametic,XY,10
Animalia,Insecta,Diptera,Syrphidae,Chrysotoxum,cautum,Animalia|Insecta|Diptera|Syrphidae|Chrysotoxum|cautum,Achiasmatic Meiosis,Heterogametic,NA,10
Animalia,Insecta,Diptera,Syrphidae,Chrysotoxum,continuum,Animalia|Insecta|Diptera|Syrphidae|Chrysotoxum|continuum,Achiasmatic Meiosis,Heterogametic,XY,10
Animalia,Insecta,Diptera,Syrphidae,Chrysotoxum,derivatum,Animalia|Insecta|Diptera|Syrphidae|Chrysotoxum|derivatum,Achiasmatic Meiosis,Heterogametic,XY,10
Animalia,Insecta,Diptera,Syrphidae,Chrysotoxum,elegans,Animalia|Insecta|Diptera|Syrphidae|Chrysotoxum|elegans,Achiasmatic Meiosis,Heterogametic,NA,10
Animalia,Insecta,Diptera,Syrphidae,Chrysotoxum,fascilatum,Animalia|Insecta|Diptera|Syrphidae|Chrysotoxum|fascilatum,Achiasmatic Meiosis,Heterogametic,XY,10
Animalia,Insecta,Diptera,Syrphidae,Chrysotoxum,festivum,Animalia|Insecta|Diptera|Syrphidae|Chrysotoxum|festivum,Achiasmatic Meiosis,Heterogametic,XY,10
Animalia,Insecta,Diptera,Syrphidae,Chrysotoxum,intermedium,Animalia|Insecta|Diptera|Syrphidae|Chrysotoxum|intermedium,Achiasmatic Meiosis,Heterogametic,XY,10
Animalia,Insecta,Diptera,Syrphidae,Chrysotoxum,latifasciatum,Animalia|Insecta|Diptera|Syrphidae|Chrysotoxum|latifasciatum,Achiasmatic Meiosis,Heterogametic,XY,10
Animalia,Insecta,Diptera,Syrphidae,Chrysotoxum,latilimbatum,Animalia|Insecta|Diptera|Syrphidae|Chrysotoxum|latilimbatum,Achiasmatic Meiosis,Heterogametic,XY,10
Animalia,Insecta,Diptera,Syrphidae,Chrysotoxum,lessonae,Animalia|Insecta|Diptera|Syrphidae|Chrysotoxum|lessonae,Achiasmatic Meiosis,Heterogametic,XY,10
Animalia,Insecta,Diptera,Syrphidae,Chrysotoxum,octomaculatum,Animalia|Insecta|Diptera|Syrphidae|Chrysotoxum|octomaculatum,Achiasmatic Meiosis,Heterogametic,XY,10
Animalia,Insecta,Diptera,Syrphidae,Chrysotoxum,parmense,Animalia|Insecta|Diptera|Syrphidae|Chrysotoxum|parmense,Achiasmatic Meiosis,Heterogametic,XY,10
Animalia,Insecta,Diptera,Syrphidae,Chrysotoxum,testaceum,Animalia|Insecta|Diptera|Syrphidae|Chrysotoxum|testaceum,Achiasmatic Meiosis,Heterogametic,XY,10
Animalia,Insecta,Diptera,Syrphidae,Chrysotoxum,ventricosum,Animalia|Insecta|Diptera|Syrphidae|Chrysotoxum|ventricosum,Achiasmatic Meiosis,Heterogametic,XY,10
Animalia,Insecta,Diptera,Syrphidae,Chrysotoxum,verralli,Animalia|Insecta|Diptera|Syrphidae|Chrysotoxum|verralli,Achiasmatic Meiosis,Heterogametic,XY,10
Animalia,Insecta,Diptera,Syrphidae,Citrogramma,circumdatum,Animalia|Insecta|Diptera|Syrphidae|Citrogramma|circumdatum,Achiasmatic Meiosis,Heterogametic,XY,8
Animalia,Insecta,Diptera,Syrphidae,Citrogramma,sp.B,Animalia|Insecta|Diptera|Syrphidae|Citrogramma|sp.B,Achiasmatic Meiosis,Heterogametic,XY,8
Animalia,Insecta,Diptera,Syrphidae,Citrogramma,sp.C,Animalia|Insecta|Diptera|Syrphidae|Citrogramma|sp.C,Achiasmatic Meiosis,Heterogametic,XY,8
Animalia,Insecta,Diptera,Syrphidae,Citrogramma,sp.D,Animalia|Insecta|Diptera|Syrphidae|Citrogramma|sp.D,Achiasmatic Meiosis,Heterogametic,XY,8
Animalia,Insecta,Diptera,Syrphidae,Cnemodon,latitarsis,Animalia|Insecta|Diptera|Syrphidae|Cnemodon|latitarsis,Achiasmatic Meiosis,Heterogametic,XY,8
Animalia,Insecta,Diptera,Syrphidae,Copestylum,belinda,Animalia|Insecta|Diptera|Syrphidae|Copestylum|belinda,Achiasmatic Meiosis,Heterogametic,XY,12
Animalia,Insecta,Diptera,Syrphidae,Copestylum,dispar,Animalia|Insecta|Diptera|Syrphidae|Copestylum|dispar,Achiasmatic Meiosis,Heterogametic,XY,14
Animalia,Insecta,Diptera,Syrphidae,Copestylum,limbipenne,Animalia|Insecta|Diptera|Syrphidae|Copestylum|limbipenne,Achiasmatic Meiosis,Heterogametic,XY,12
Animalia,Insecta,Diptera,Syrphidae,Copestylum,marginatum,Animalia|Insecta|Diptera|Syrphidae|Copestylum|marginatum,Achiasmatic Meiosis,Heterogametic,XY,12
Animalia,Insecta,Diptera,Syrphidae,Copestylum,mexicanum,Animalia|Insecta|Diptera|Syrphidae|Copestylum|mexicanum,Achiasmatic Meiosis,Heterogametic,XY,12
Animalia,Insecta,Diptera,Syrphidae,Copestylum,omochroma,Animalia|Insecta|Diptera|Syrphidae|Copestylum|omochroma,Achiasmatic Meiosis,Heterogametic,XY,12
Animalia,Insecta,Diptera,Syrphidae,Copestylum,scutellatum,Animalia|Insecta|Diptera|Syrphidae|Copestylum|scutellatum,Achiasmatic Meiosis,Heterogametic,XY,12
Animalia,Insecta,Diptera,Syrphidae,Copestylum,sp.1,Animalia|Insecta|Diptera|Syrphidae|Copestylum|sp.1,Achiasmatic Meiosis,Heterogametic,XY,12
Animalia,Insecta,Diptera,Syrphidae,Copestylum,sp.12,Animalia|Insecta|Diptera|Syrphidae|Copestylum|sp.12,Achiasmatic Meiosis,Heterogametic,XY,12
Animalia,Insecta,Diptera,Syrphidae,Copestylum,sp.13,Animalia|Insecta|Diptera|Syrphidae|Copestylum|sp.13,Achiasmatic Meiosis,Heterogametic,XY,10
Animalia,Insecta,Diptera,Syrphidae,Copestylum,sp.14,Animalia|Insecta|Diptera|Syrphidae|Copestylum|sp.14,Achiasmatic Meiosis,Heterogametic,XY,10
Animalia,Insecta,Diptera,Syrphidae,Copestylum,sp.15,Animalia|Insecta|Diptera|Syrphidae|Copestylum|sp.15,Achiasmatic Meiosis,Heterogametic,XY,12
Animalia,Insecta,Diptera,Syrphidae,Copestylum,tamaulipanum,Animalia|Insecta|Diptera|Syrphidae|Copestylum|tamaulipanum,Achiasmatic Meiosis,Heterogametic,XY,12
Animalia,Insecta,Diptera,Syrphidae,Criorhina,asilica,Animalia|Insecta|Diptera|Syrphidae|Criorhina|asilica,Achiasmatic Meiosis,Heterogametic,XY,12
Animalia,Insecta,Diptera,Syrphidae,Criorhina,berberina,Animalia|Insecta|Diptera|Syrphidae|Criorhina|berberina,Achiasmatic Meiosis,Heterogametic,XY,8
Animalia,Insecta,Diptera,Syrphidae,Criorhina,caudata,Animalia|Insecta|Diptera|Syrphidae|Criorhina|caudata,Achiasmatic Meiosis,Heterogametic,XY,12
Animalia,Insecta,Diptera,Syrphidae,Criorhina,coquilletti,Animalia|Insecta|Diptera|Syrphidae|Criorhina|coquilletti,Achiasmatic Meiosis,Heterogametic,XY,12
Animalia,Insecta,Diptera,Syrphidae,Criorhina,luna,Animalia|Insecta|Diptera|Syrphidae|Criorhina|luna,Achiasmatic Meiosis,Heterogametic,XY,12
Animalia,Insecta,Diptera,Syrphidae,Criorhina,pachymera,Animalia|Insecta|Diptera|Syrphidae|Criorhina|pachymera,Achiasmatic Meiosis,Heterogametic,XY,8
Animalia,Insecta,Diptera,Syrphidae,Criorhina,tricolor,Animalia|Insecta|Diptera|Syrphidae|Criorhina|tricolor,Achiasmatic Meiosis,Heterogametic,XY,12
Animalia,Insecta,Diptera,Syrphidae,Cynorhinella,bella,Animalia|Insecta|Diptera|Syrphidae|Cynorhinella|bella,Achiasmatic Meiosis,Heterogametic,XY,12
Animalia,Insecta,Diptera,Syrphidae,Dasysyrphus,albostriatus,Animalia|Insecta|Diptera|Syrphidae|Dasysyrphus|albostriatus,Achiasmatic Meiosis,Heterogametic,XY,10
Animalia,Insecta,Diptera,Syrphidae,Dasysyrphus,amalopis,Animalia|Insecta|Diptera|Syrphidae|Dasysyrphus|amalopis,Achiasmatic Meiosis,Heterogametic,XY,10
Animalia,Insecta,Diptera,Syrphidae,Dasysyrphus,arcuatus,Animalia|Insecta|Diptera|Syrphidae|Dasysyrphus|arcuatus,Achiasmatic Meiosis,Heterogametic,XY,10
Animalia,Insecta,Diptera,Syrphidae,Dasysyrphus,lunulatus,Animalia|Insecta|Diptera|Syrphidae|Dasysyrphus|lunulatus,Achiasmatic Meiosis,Heterogametic,XY,10
Animalia,Insecta,Diptera,Syrphidae,Dasysyrphus,sp.,Animalia|Insecta|Diptera|Syrphidae|Dasysyrphus|sp.,Achiasmatic Meiosis,Heterogametic,XY,10
Animalia,Insecta,Diptera,Syrphidae,Dasysyrphus,sp.A,Animalia|Insecta|Diptera|Syrphidae|Dasysyrphus|sp.A,Achiasmatic Meiosis,Heterogametic,XY,10
Animalia,Insecta,Diptera,Syrphidae,Dasysyrphus,sp.A1,Animalia|Insecta|Diptera|Syrphidae|Dasysyrphus|sp.A1,Achiasmatic Meiosis,Heterogametic,XY,10
Animalia,Insecta,Diptera,Syrphidae,Dasysyrphus,sp.B1,Animalia|Insecta|Diptera|Syrphidae|Dasysyrphus|sp.B1,Achiasmatic Meiosis,Heterogametic,XY,10
Animalia,Insecta,Diptera,Syrphidae,Dasysyrphus,sp.C1,Animalia|Insecta|Diptera|Syrphidae|Dasysyrphus|sp.C1,Achiasmatic Meiosis,Heterogametic,XY,10
Animalia,Insecta,Diptera,Syrphidae,Dasysyrphus,sp.venustusgrp,Animalia|Insecta|Diptera|Syrphidae|Dasysyrphus|sp.venustusgrp,Achiasmatic Meiosis,Heterogametic,XY,10
Animalia,Insecta,Diptera,Syrphidae,Dasysyrphus,tricinctus,Animalia|Insecta|Diptera|Syrphidae|Dasysyrphus|tricinctus,Achiasmatic Meiosis,Heterogametic,XY,10
Animalia,Insecta,Diptera,Syrphidae,Dasysyrphus,venustus,Animalia|Insecta|Diptera|Syrphidae|Dasysyrphus|venustus,Achiasmatic Meiosis,Heterogametic,XY,10
Animalia,Insecta,Diptera,Syrphidae,Didea,alneti,Animalia|Insecta|Diptera|Syrphidae|Didea|alneti,Achiasmatic Meiosis,Heterogametic,XY,8
Animalia,Insecta,Diptera,Syrphidae,Didea,fasciata,Animalia|Insecta|Diptera|Syrphidae|Didea|fasciata,Achiasmatic Meiosis,Heterogametic,XY,10
Animalia,Insecta,Diptera,Syrphidae,Didea,fuscipes,Animalia|Insecta|Diptera|Syrphidae|Didea|fuscipes,Achiasmatic Meiosis,Heterogametic,XY,8
Animalia,Insecta,Diptera,Syrphidae,Didea,intermedia,Animalia|Insecta|Diptera|Syrphidae|Didea|intermedia,Achiasmatic Meiosis,Heterogametic,XY,10
Animalia,Insecta,Diptera,Syrphidae,Didea,laxa,Animalia|Insecta|Diptera|Syrphidae|Didea|laxa,Achiasmatic Meiosis,Heterogametic,XY,10
Animalia,Insecta,Diptera,Syrphidae,Dideoides,latus,Animalia|Insecta|Diptera|Syrphidae|Dideoides|latus,Achiasmatic Meiosis,Heterogametic,NA,8
Animalia,Insecta,Diptera,Syrphidae,Dissoptera,sp.,Animalia|Insecta|Diptera|Syrphidae|Dissoptera|sp.,Achiasmatic Meiosis,Heterogametic,XY,10
Animalia,Insecta,Diptera,Syrphidae,Doros,aequalis,Animalia|Insecta|Diptera|Syrphidae|Doros|aequalis,Achiasmatic Meiosis,Heterogametic,NA,10
Animalia,Insecta,Diptera,Syrphidae,Doros,conopseus,Animalia|Insecta|Diptera|Syrphidae|Doros|conopseus,Achiasmatic Meiosis,Heterogametic,XY,10
Animalia,Insecta,Diptera,Syrphidae,Epistrophe,eligans,Animalia|Insecta|Diptera|Syrphidae|Epistrophe|eligans,Achiasmatic Meiosis,Heterogametic,XY,10
Animalia,Insecta,Diptera,Syrphidae,Epistrophe,emarginata,Animalia|Insecta|Diptera|Syrphidae|Epistrophe|emarginata,Achiasmatic Meiosis,Heterogametic,NA,10
Animalia,Insecta,Diptera,Syrphidae,Epistrophe,grossulariae,Animalia|Insecta|Diptera|Syrphidae|Epistrophe|grossulariae,Achiasmatic Meiosis,Heterogametic,XY,10
Animalia,Insecta,Diptera,Syrphidae,Epistrophe,melanostomoides,Animalia|Insecta|Diptera|Syrphidae|Epistrophe|melanostomoides,Achiasmatic Meiosis,Heterogametic,NA,10
Animalia,Insecta,Diptera,Syrphidae,Epistrophe,metcalfi,Animalia|Insecta|Diptera|Syrphidae|Epistrophe|metcalfi,Achiasmatic Meiosis,Heterogametic,XY,10
Animalia,Insecta,Diptera,Syrphidae,Epistrophe,nitidicollis,Animalia|Insecta|Diptera|Syrphidae|Epistrophe|nitidicollis,Achiasmatic Meiosis,Heterogametic,XY,10
Animalia,Insecta,Diptera,Syrphidae,Episyrphus,arcifer,Animalia|Insecta|Diptera|Syrphidae|Episyrphus|arcifer,Achiasmatic Meiosis,Heterogametic,XY,10
Animalia,Insecta,Diptera,Syrphidae,Episyrphus,balteatus,Animalia|Insecta|Diptera|Syrphidae|Episyrphus|balteatus,Achiasmatic Meiosis,Heterogametic,XY,10
Animalia,Insecta,Diptera,Syrphidae,Episyrphus,circularis,Animalia|Insecta|Diptera|Syrphidae|Episyrphus|circularis,Achiasmatic Meiosis,Heterogametic,XY,10
Animalia,Insecta,Diptera,Syrphidae,Episyrphus,nectarinus,Animalia|Insecta|Diptera|Syrphidae|Episyrphus|nectarinus,Achiasmatic Meiosis,Heterogametic,XY,10
Animalia,Insecta,Diptera,Syrphidae,Episyrphus,sp.BA,Animalia|Insecta|Diptera|Syrphidae|Episyrphus|sp.BA,Achiasmatic Meiosis,Heterogametic,XY,10
Animalia,Insecta,Diptera,Syrphidae,Episyrphus,sp.CA,Animalia|Insecta|Diptera|Syrphidae|Episyrphus|sp.CA,Achiasmatic Meiosis,Heterogametic,XY,10
Animalia,Insecta,Diptera,Syrphidae,Episyrphus,sp.DP,Animalia|Insecta|Diptera|Syrphidae|Episyrphus|sp.DP,Achiasmatic Meiosis,Heterogametic,XY,10
Animalia,Insecta,Diptera,Syrphidae,Episyrphus,sp.ET,Animalia|Insecta|Diptera|Syrphidae|Episyrphus|sp.ET,Achiasmatic Meiosis,Heterogametic,XY,10
Animalia,Insecta,Diptera,Syrphidae,Episyrphus,sp.FJ,Animalia|Insecta|Diptera|Syrphidae|Episyrphus|sp.FJ,Achiasmatic Meiosis,Heterogametic,XY,10
Animalia,Insecta,Diptera,Syrphidae,Episyrphus,trisectus,Animalia|Insecta|Diptera|Syrphidae|Episyrphus|trisectus,Achiasmatic Meiosis,Heterogametic,NA,10
Animalia,Insecta,Diptera,Syrphidae,Eristalinus,abusiva,Animalia|Insecta|Diptera|Syrphidae|Eristalinus|abusiva,Achiasmatic Meiosis,Heterogametic,XY,10
Animalia,Insecta,Diptera,Syrphidae,Eristalinus,aeneus,Animalia|Insecta|Diptera|Syrphidae|Eristalinus|aeneus,Achiasmatic Meiosis,Heterogametic,XY,12
Animalia,Insecta,Diptera,Syrphidae,Eristalinus,anthophorina,Animalia|Insecta|Diptera|Syrphidae|Eristalinus|anthophorina,Achiasmatic Meiosis,Heterogametic,XY,12
Animalia,Insecta,Diptera,Syrphidae,Eristalinus,arbustorum,Animalia|Insecta|Diptera|Syrphidae|Eristalinus|arbustorum,Achiasmatic Meiosis,Heterogametic,XY,10
Animalia,Insecta,Diptera,Syrphidae,Eristalinus,arvorum,Animalia|Insecta|Diptera|Syrphidae|Eristalinus|arvorum,Achiasmatic Meiosis,Heterogametic,XY,12
Animalia,Insecta,Diptera,Syrphidae,Eristalinus,barda,Animalia|Insecta|Diptera|Syrphidae|Eristalinus|barda,Achiasmatic Meiosis,Heterogametic,XY,12
Animalia,Insecta,Diptera,Syrphidae,Eristalinus,bastardii,Animalia|Insecta|Diptera|Syrphidae|Eristalinus|bastardii,Achiasmatic Meiosis,Heterogametic,NA,12
Animalia,Insecta,Diptera,Syrphidae,Eristalinus,bellardii,Animalia|Insecta|Diptera|Syrphidae|Eristalinus|bellardii,Achiasmatic Meiosis,Heterogametic,XY,12
Animalia,Insecta,Diptera,Syrphidae,Eristalinus,cerealis,Animalia|Insecta|Diptera|Syrphidae|Eristalinus|cerealis,Achiasmatic Meiosis,Heterogametic,XY,12
Animalia,Insecta,Diptera,Syrphidae,Eristalinus,cressoni,Animalia|Insecta|Diptera|Syrphidae|Eristalinus|cressoni,Achiasmatic Meiosis,Heterogametic,XY,12
Animalia,Insecta,Diptera,Syrphidae,Eristalinus,dimidiata,Animalia|Insecta|Diptera|Syrphidae|Eristalinus|dimidiata,Achiasmatic Meiosis,Heterogametic,XY,12
Animalia,Insecta,Diptera,Syrphidae,Eristalinus,gymnops,Animalia|Insecta|Diptera|Syrphidae|Eristalinus|gymnops,Achiasmatic Meiosis,Heterogametic,XY,10
Animalia,Insecta,Diptera,Syrphidae,Eristalinus,hirta,Animalia|Insecta|Diptera|Syrphidae|Eristalinus|hirta,Achiasmatic Meiosis,Heterogametic,XY,12
Animalia,Insecta,Diptera,Syrphidae,Eristalinus,horticola,Animalia|Insecta|Diptera|Syrphidae|Eristalinus|horticola,Achiasmatic Meiosis,Heterogametic,XY,12
Animalia,Insecta,Diptera,Syrphidae,Eristalinus,intricaria,Animalia|Insecta|Diptera|Syrphidae|Eristalinus|intricaria,Achiasmatic Meiosis,Heterogametic,XY,12
Animalia,Insecta,Diptera,Syrphidae,Eristalinus,intricarius,Animalia|Insecta|Diptera|Syrphidae|Eristalinus|intricarius,Achiasmatic Meiosis,Heterogametic,XY,12
Animalia,Insecta,Diptera,Syrphidae,Eristalinus,jugorum,Animalia|Insecta|Diptera|Syrphidae|Eristalinus|jugorum,Achiasmatic Meiosis,Heterogametic,XY,12
Animalia,Insecta,Diptera,Syrphidae,Eristalinus,laetus,Animalia|Insecta|Diptera|Syrphidae|Eristalinus|laetus,Achiasmatic Meiosis,Heterogametic,XY,12
Animalia,Insecta,Diptera,Syrphidae,Eristalinus,lineifacies,Animalia|Insecta|Diptera|Syrphidae|Eristalinus|lineifacies,Achiasmatic Meiosis,Heterogametic,XY,12
Animalia,Insecta,Diptera,Syrphidae,Eristalinus,lugens,Animalia|Insecta|Diptera|Syrphidae|Eristalinus|lugens,Achiasmatic Meiosis,Heterogametic,XY,12
Animalia,Insecta,Diptera,Syrphidae,Eristalinus,madagascariensis,Animalia|Insecta|Diptera|Syrphidae|Eristalinus|madagascariensis,Achiasmatic Meiosis,Heterogametic,XY,12
Animalia,Insecta,Diptera,Syrphidae,Eristalinus,nemorum,Animalia|Insecta|Diptera|Syrphidae|Eristalinus|nemorum,Achiasmatic Meiosis,Heterogametic,XY,12
Animalia,Insecta,Diptera,Syrphidae,Eristalinus,obscura,Animalia|Insecta|Diptera|Syrphidae|Eristalinus|obscura,Achiasmatic Meiosis,Heterogametic,XY,12
Animalia,Insecta,Diptera,Syrphidae,Eristalinus,paria,Animalia|Insecta|Diptera|Syrphidae|Eristalinus|paria,Achiasmatic Meiosis,Heterogametic,XY,12
Animalia,Insecta,Diptera,Syrphidae,Eristalinus,pertinax,Animalia|Insecta|Diptera|Syrphidae|Eristalinus|pertinax,Achiasmatic Meiosis,Heterogametic,XY,12
Animalia,Insecta,Diptera,Syrphidae,Eristalinus,pexalis,Animalia|Insecta|Diptera|Syrphidae|Eristalinus|pexalis,Achiasmatic Meiosis,Heterogametic,XY,12
Animalia,Insecta,Diptera,Syrphidae,Eristalinus,pratorum,Animalia|Insecta|Diptera|Syrphidae|Eristalinus|pratorum,Achiasmatic Meiosis,Heterogametic,XY,12
Animalia,Insecta,Diptera,Syrphidae,Eristalinus,punctulatus,Animalia|Insecta|Diptera|Syrphidae|Eristalinus|punctulatus,Achiasmatic Meiosis,Heterogametic,NA,12
Animalia,Insecta,Diptera,Syrphidae,Eristalinus,quinquelineatus,Animalia|Insecta|Diptera|Syrphidae|Eristalinus|quinquelineatus,Achiasmatic Meiosis,Heterogametic,XY,12
Animalia,Insecta,Diptera,Syrphidae,Eristalinus,rupium,Animalia|Insecta|Diptera|Syrphidae|Eristalinus|rupium,Achiasmatic Meiosis,Heterogametic,XY,12
Animalia,Insecta,Diptera,Syrphidae,Eristalinus,saxorum,Animalia|Insecta|Diptera|Syrphidae|Eristalinus|saxorum,Achiasmatic Meiosis,Heterogametic,XY,12
Animalia,Insecta,Diptera,Syrphidae,Eristalinus,sepulchralis,Animalia|Insecta|Diptera|Syrphidae|Eristalinus|sepulchralis,Achiasmatic Meiosis,Heterogametic,XY,12
Animalia,Insecta,Diptera,Syrphidae,Eristalinus,sp.3,Animalia|Insecta|Diptera|Syrphidae|Eristalinus|sp.3,Achiasmatic Meiosis,Heterogametic,XY,12
Animalia,Insecta,Diptera,Syrphidae,Eristalinus,sp.4,Animalia|Insecta|Diptera|Syrphidae|Eristalinus|sp.4,Achiasmatic Meiosis,Heterogametic,XY,12
Animalia,Insecta,Diptera,Syrphidae,Eristalinus,sp.5,Animalia|Insecta|Diptera|Syrphidae|Eristalinus|sp.5,Achiasmatic Meiosis,Heterogametic,XY,12
Animalia,Insecta,Diptera,Syrphidae,Eristalinus,supulcralis,Animalia|Insecta|Diptera|Syrphidae|Eristalinus|supulcralis,Achiasmatic Meiosis,Heterogametic,XY,12
Animalia,Insecta,Diptera,Syrphidae,Eristalinus,taeniops,Animalia|Insecta|Diptera|Syrphidae|Eristalinus|taeniops,Achiasmatic Meiosis,Heterogametic,XY,12
Animalia,Insecta,Diptera,Syrphidae,Eristalinus,tarsalis,Animalia|Insecta|Diptera|Syrphidae|Eristalinus|tarsalis,Achiasmatic Meiosis,Heterogametic,XY,12
Animalia,Insecta,Diptera,Syrphidae,Eristalinus,tenax,Animalia|Insecta|Diptera|Syrphidae|Eristalinus|tenax,Achiasmatic Meiosis,Heterogametic,XY,12
Animalia,Insecta,Diptera,Syrphidae,Eristalinus,transversa,Animalia|Insecta|Diptera|Syrphidae|Eristalinus|transversa,Achiasmatic Meiosis,Heterogametic,XY,14
Animalia,Insecta,Diptera,Syrphidae,Eumerus,amoenus,Animalia|Insecta|Diptera|Syrphidae|Eumerus|amoenus,Achiasmatic Meiosis,Heterogametic,XY,12
Animalia,Insecta,Diptera,Syrphidae,Eumerus,argyropus,Animalia|Insecta|Diptera|Syrphidae|Eumerus|argyropus,Achiasmatic Meiosis,Heterogametic,XY,12
Animalia,Insecta,Diptera,Syrphidae,Eumerus,aurifrons,Animalia|Insecta|Diptera|Syrphidae|Eumerus|aurifrons,Achiasmatic Meiosis,Heterogametic,XY,12
Animalia,Insecta,Diptera,Syrphidae,Eumerus,figurans,Animalia|Insecta|Diptera|Syrphidae|Eumerus|figurans,Achiasmatic Meiosis,Heterogametic,XY,12
Animalia,Insecta,Diptera,Syrphidae,Eumerus,n.sp.,Animalia|Insecta|Diptera|Syrphidae|Eumerus|n.sp.,Achiasmatic Meiosis,Heterogametic,NA,12
Animalia,Insecta,Diptera,Syrphidae,Eumerus,nigrostriatus,Animalia|Insecta|Diptera|Syrphidae|Eumerus|nigrostriatus,Achiasmatic Meiosis,Heterogametic,NA,12
Animalia,Insecta,Diptera,Syrphidae,Eumerus,obliquus,Animalia|Insecta|Diptera|Syrphidae|Eumerus|obliquus,Achiasmatic Meiosis,Heterogametic,XY,12
Animalia,Insecta,Diptera,Syrphidae,Eumerus,okinawaensis,Animalia|Insecta|Diptera|Syrphidae|Eumerus|okinawaensis,Achiasmatic Meiosis,Heterogametic,XY,12
Animalia,Insecta,Diptera,Syrphidae,Eumerus,olivaceus,Animalia|Insecta|Diptera|Syrphidae|Eumerus|olivaceus,Achiasmatic Meiosis,Heterogametic,XY,12
Animalia,Insecta,Diptera,Syrphidae,Eumerus,pusillus,Animalia|Insecta|Diptera|Syrphidae|Eumerus|pusillus,Achiasmatic Meiosis,Heterogametic,XY,12
Animalia,Insecta,Diptera,Syrphidae,Eumerus,sp.,Animalia|Insecta|Diptera|Syrphidae|Eumerus|sp.,Achiasmatic Meiosis,Heterogametic,XY,12
Animalia,Insecta,Diptera,Syrphidae,Eumerus,sp.19,Animalia|Insecta|Diptera|Syrphidae|Eumerus|sp.19,Achiasmatic Meiosis,Heterogametic,XY,12
Animalia,Insecta,Diptera,Syrphidae,Eumerus,strigatus,Animalia|Insecta|Diptera|Syrphidae|Eumerus|strigatus,Achiasmatic Meiosis,Heterogametic,XY,12
Animalia,Insecta,Diptera,Syrphidae,Eumerus,tuberculatus,Animalia|Insecta|Diptera|Syrphidae|Eumerus|tuberculatus,Achiasmatic Meiosis,Heterogametic,XY,12
Animalia,Insecta,Diptera,Syrphidae,Eumerus,uncipes,Animalia|Insecta|Diptera|Syrphidae|Eumerus|uncipes,Achiasmatic Meiosis,Heterogametic,NA,12
Animalia,Insecta,Diptera,Syrphidae,Eupeodes,volucris,Animalia|Insecta|Diptera|Syrphidae|Eupeodes|volucris,Achiasmatic Meiosis,Heterogametic,XY,8
Animalia,Insecta,Diptera,Syrphidae,Exallandra,cinctifacies,Animalia|Insecta|Diptera|Syrphidae|Exallandra|cinctifacies,Achiasmatic Meiosis,Heterogametic,XY,8
Animalia,Insecta,Diptera,Syrphidae,Ferdinandea,croesus,Animalia|Insecta|Diptera|Syrphidae|Ferdinandea|croesus,Achiasmatic Meiosis,Heterogametic,XY,10
Animalia,Insecta,Diptera,Syrphidae,Habromyia,lipoflava,Animalia|Insecta|Diptera|Syrphidae|Habromyia|lipoflava,Achiasmatic Meiosis,Heterogametic,NA,10
Animalia,Insecta,Diptera,Syrphidae,Hadromyia,aldrichi,Animalia|Insecta|Diptera|Syrphidae|Hadromyia|aldrichi,Achiasmatic Meiosis,Heterogametic,XY,10
Animalia,Insecta,Diptera,Syrphidae,Hadromyia,grandis,Animalia|Insecta|Diptera|Syrphidae|Hadromyia|grandis,Achiasmatic Meiosis,Heterogametic,XY,10
Animalia,Insecta,Diptera,Syrphidae,Hadromyia,pulchra,Animalia|Insecta|Diptera|Syrphidae|Hadromyia|pulchra,Achiasmatic Meiosis,Heterogametic,XY,8
Animalia,Insecta,Diptera,Syrphidae,Helophilus,antipodus,Animalia|Insecta|Diptera|Syrphidae|Helophilus|antipodus,Achiasmatic Meiosis,Heterogametic,XY,12
Animalia,Insecta,Diptera,Syrphidae,Helophilus,fasciatus,Animalia|Insecta|Diptera|Syrphidae|Helophilus|fasciatus,Achiasmatic Meiosis,Heterogametic,XY,12
Animalia,Insecta,Diptera,Syrphidae,Helophilus,hochstetteri,Animalia|Insecta|Diptera|Syrphidae|Helophilus|hochstetteri,Achiasmatic Meiosis,Heterogametic,XY,12
Animalia,Insecta,Diptera,Syrphidae,Helophilus,hybridus,Animalia|Insecta|Diptera|Syrphidae|Helophilus|hybridus,Achiasmatic Meiosis,Heterogametic,XY,12
Animalia,Insecta,Diptera,Syrphidae,Helophilus,intentus,Animalia|Insecta|Diptera|Syrphidae|Helophilus|intentus,Achiasmatic Meiosis,Heterogametic,XY,12
Animalia,Insecta,Diptera,Syrphidae,Helophilus,latrifrons,Animalia|Insecta|Diptera|Syrphidae|Helophilus|latrifrons,Achiasmatic Meiosis,Heterogametic,XY,12
Animalia,Insecta,Diptera,Syrphidae,Helophilus,obscurus,Animalia|Insecta|Diptera|Syrphidae|Helophilus|obscurus,Achiasmatic Meiosis,Heterogametic,XY,12
Animalia,Insecta,Diptera,Syrphidae,Helophilus,pendulus,Animalia|Insecta|Diptera|Syrphidae|Helophilus|pendulus,Achiasmatic Meiosis,Heterogametic,XY,12
Animalia,Insecta,Diptera,Syrphidae,Helophilus,trivittatus,Animalia|Insecta|Diptera|Syrphidae|Helophilus|trivittatus,Achiasmatic Meiosis,Heterogametic,XY,12
Animalia,Insecta,Diptera,Syrphidae,Hiatomyia,plutonia,Animalia|Insecta|Diptera|Syrphidae|Hiatomyia|plutonia,Achiasmatic Meiosis,Heterogametic,XY,10
Animalia,Insecta,Diptera,Syrphidae,Hiatomyia,sp.A,Animalia|Insecta|Diptera|Syrphidae|Hiatomyia|sp.A,Achiasmatic Meiosis,Heterogametic,XY,12
Animalia,Insecta,Diptera,Syrphidae,Hiatomyia,sp.B,Animalia|Insecta|Diptera|Syrphidae|Hiatomyia|sp.B,Achiasmatic Meiosis,Heterogametic,XY,12
Animalia,Insecta,Diptera,Syrphidae,Ischiodon,aegyptius,Animalia|Insecta|Diptera|Syrphidae|Ischiodon|aegyptius,Achiasmatic Meiosis,Heterogametic,XY,8
Animalia,Insecta,Diptera,Syrphidae,Ischiodon,scutellaris,Animalia|Insecta|Diptera|Syrphidae|Ischiodon|scutellaris,Achiasmatic Meiosis,Heterogametic,XY,10
Animalia,Insecta,Diptera,Syrphidae,Ischyrosyrphus,glaucius,Animalia|Insecta|Diptera|Syrphidae|Ischyrosyrphus|glaucius,Achiasmatic Meiosis,Heterogametic,XY,10
Animalia,Insecta,Diptera,Syrphidae,Ischyrosyrphus,laternarius,Animalia|Insecta|Diptera|Syrphidae|Ischyrosyrphus|laternarius,Achiasmatic Meiosis,Heterogametic,XY,10
Animalia,Insecta,Diptera,Syrphidae,Ischyrosyrphus,velutinus,Animalia|Insecta|Diptera|Syrphidae|Ischyrosyrphus|velutinus,Achiasmatic Meiosis,Heterogametic,XY,10
Animalia,Insecta,Diptera,Syrphidae,Lejops,Bithynia,Animalia|Insecta|Diptera|Syrphidae|Lejops|Bithynia,Achiasmatic Meiosis,Heterogametic,NA,10
Animalia,Insecta,Diptera,Syrphidae,Lejops,arquatus,Animalia|Insecta|Diptera|Syrphidae|Lejops|arquatus,Achiasmatic Meiosis,Heterogametic,XY,12
Animalia,Insecta,Diptera,Syrphidae,Lejops,lineatus,Animalia|Insecta|Diptera|Syrphidae|Lejops|lineatus,Achiasmatic Meiosis,Heterogametic,XY,12
Animalia,Insecta,Diptera,Syrphidae,Lejops,lunulatus,Animalia|Insecta|Diptera|Syrphidae|Lejops|lunulatus,Achiasmatic Meiosis,Heterogametic,XY,10
Animalia,Insecta,Diptera,Syrphidae,Lejops,mexicanus,Animalia|Insecta|Diptera|Syrphidae|Lejops|mexicanus,Achiasmatic Meiosis,Heterogametic,XY,12
Animalia,Insecta,Diptera,Syrphidae,Lejops,obsoletus,Animalia|Insecta|Diptera|Syrphidae|Lejops|obsoletus,Achiasmatic Meiosis,Heterogametic,XY,14
Animalia,Insecta,Diptera,Syrphidae,Lejops,relictus,Animalia|Insecta|Diptera|Syrphidae|Lejops|relictus,Achiasmatic Meiosis,Heterogametic,XY,10
Animalia,Insecta,Diptera,Syrphidae,Lejops,rex,Animalia|Insecta|Diptera|Syrphidae|Lejops|rex,Achiasmatic Meiosis,Heterogametic,XY,12
Animalia,Insecta,Diptera,Syrphidae,Lejops,sp.1,Animalia|Insecta|Diptera|Syrphidae|Lejops|sp.1,Achiasmatic Meiosis,Heterogametic,XY,10
Animalia,Insecta,Diptera,Syrphidae,Lejops,stipatus,Animalia|Insecta|Diptera|Syrphidae|Lejops|stipatus,Achiasmatic Meiosis,Heterogametic,XY,12
Animalia,Insecta,Diptera,Syrphidae,Lejops,transfugus,Animalia|Insecta|Diptera|Syrphidae|Lejops|transfugus,Achiasmatic Meiosis,Heterogametic,XY,10
Animalia,Insecta,Diptera,Syrphidae,Lejops,versicolor,Animalia|Insecta|Diptera|Syrphidae|Lejops|versicolor,Achiasmatic Meiosis,Heterogametic,XY,12
Animalia,Insecta,Diptera,Syrphidae,Lejota,cyanea,Animalia|Insecta|Diptera|Syrphidae|Lejota|cyanea,Achiasmatic Meiosis,Heterogametic,XY,12
Animalia,Insecta,Diptera,Syrphidae,Leucozona,lucorum,Animalia|Insecta|Diptera|Syrphidae|Leucozona|lucorum,Achiasmatic Meiosis,Heterogametic,XY,10
Animalia,Insecta,Diptera,Syrphidae,Mallota,bautias,Animalia|Insecta|Diptera|Syrphidae|Mallota|bautias,Achiasmatic Meiosis,Heterogametic,NA,8
Animalia,Insecta,Diptera,Syrphidae,Mallota,cimbiciformis,Animalia|Insecta|Diptera|Syrphidae|Mallota|cimbiciformis,Achiasmatic Meiosis,Heterogametic,NA,12
Animalia,Insecta,Diptera,Syrphidae,Mallota,margarita,Animalia|Insecta|Diptera|Syrphidae|Mallota|margarita,Achiasmatic Meiosis,Heterogametic,XY,10
Animalia,Insecta,Diptera,Syrphidae,Mallota,posticata,Animalia|Insecta|Diptera|Syrphidae|Mallota|posticata,Achiasmatic Meiosis,Heterogametic,XY,12
Animalia,Insecta,Diptera,Syrphidae,Mallota,sp.,Animalia|Insecta|Diptera|Syrphidae|Mallota|sp.,Achiasmatic Meiosis,Heterogametic,NA,8
Animalia,Insecta,Diptera,Syrphidae,Mallota,takasagoensis,Animalia|Insecta|Diptera|Syrphidae|Mallota|takasagoensis,Achiasmatic Meiosis,Heterogametic,XY,12
Animalia,Insecta,Diptera,Syrphidae,Megasyrphus,annulipes,Animalia|Insecta|Diptera|Syrphidae|Megasyrphus|annulipes,Achiasmatic Meiosis,Heterogametic,XY,10
Animalia,Insecta,Diptera,Syrphidae,Megasyrphus,laxus,Animalia|Insecta|Diptera|Syrphidae|Megasyrphus|laxus,Achiasmatic Meiosis,Heterogametic,XY,10
Animalia,Insecta,Diptera,Syrphidae,Melangyna,cincta,Animalia|Insecta|Diptera|Syrphidae|Melangyna|cincta,Achiasmatic Meiosis,Heterogametic,XY,10
Animalia,Insecta,Diptera,Syrphidae,Melangyna,compositarum,Animalia|Insecta|Diptera|Syrphidae|Melangyna|compositarum,Achiasmatic Meiosis,Heterogametic,XY,10
Animalia,Insecta,Diptera,Syrphidae,Melangyna,garretti,Animalia|Insecta|Diptera|Syrphidae|Melangyna|garretti,Achiasmatic Meiosis,Heterogametic,XY,10
Animalia,Insecta,Diptera,Syrphidae,Melangyna,guttata,Animalia|Insecta|Diptera|Syrphidae|Melangyna|guttata,Achiasmatic Meiosis,Heterogametic,XY,10
Animalia,Insecta,Diptera,Syrphidae,Melangyna,labiatarum,Animalia|Insecta|Diptera|Syrphidae|Melangyna|labiatarum,Achiasmatic Meiosis,Heterogametic,XY,10
Animalia,Insecta,Diptera,Syrphidae,Melangyna,lasiophthalma,Animalia|Insecta|Diptera|Syrphidae|Melangyna|lasiophthalma,Achiasmatic Meiosis,Heterogametic,XY,10
Animalia,Insecta,Diptera,Syrphidae,Melangyna,mentalis,Animalia|Insecta|Diptera|Syrphidae|Melangyna|mentalis,Achiasmatic Meiosis,Heterogametic,XY,10
Animalia,Insecta,Diptera,Syrphidae,Melangyna,novaezelandiae,Animalia|Insecta|Diptera|Syrphidae|Melangyna|novaezelandiae,Achiasmatic Meiosis,Heterogametic,XY,8
Animalia,Insecta,Diptera,Syrphidae,Melangyna,pullula,Animalia|Insecta|Diptera|Syrphidae|Melangyna|pullula,Achiasmatic Meiosis,Heterogametic,XY,10
Animalia,Insecta,Diptera,Syrphidae,Melangyna,s.DA,Animalia|Insecta|Diptera|Syrphidae|Melangyna|s.DA,Achiasmatic Meiosis,Heterogametic,XY,8
Animalia,Insecta,Diptera,Syrphidae,Melangyna,sp.1,Animalia|Insecta|Diptera|Syrphidae|Melangyna|sp.1,Achiasmatic Meiosis,Heterogametic,XY,10
Animalia,Insecta,Diptera,Syrphidae,Melangyna,sp.3,Animalia|Insecta|Diptera|Syrphidae|Melangyna|sp.3,Achiasmatic Meiosis,Heterogametic,XY,10
Animalia,Insecta,Diptera,Syrphidae,Melangyna,sp.A,Animalia|Insecta|Diptera|Syrphidae|Melangyna|sp.A,Achiasmatic Meiosis,Heterogametic,XY,10
Animalia,Insecta,Diptera,Syrphidae,Melangyna,sp.AA,Animalia|Insecta|Diptera|Syrphidae|Melangyna|sp.AA,Achiasmatic Meiosis,Heterogametic,XY,8
Animalia,Insecta,Diptera,Syrphidae,Melangyna,sp.BA,Animalia|Insecta|Diptera|Syrphidae|Melangyna|sp.BA,Achiasmatic Meiosis,Heterogametic,NA,8
Animalia,Insecta,Diptera,Syrphidae,Melangyna,sp.C,Animalia|Insecta|Diptera|Syrphidae|Melangyna|sp.C,Achiasmatic Meiosis,Heterogametic,NA,8
Animalia,Insecta,Diptera,Syrphidae,Melangyna,sp.CA,Animalia|Insecta|Diptera|Syrphidae|Melangyna|sp.CA,Achiasmatic Meiosis,Heterogametic,XY,8
Animalia,Insecta,Diptera,Syrphidae,Melangyna,tenuis,Animalia|Insecta|Diptera|Syrphidae|Melangyna|tenuis,Achiasmatic Meiosis,Heterogametic,XY,10
Animalia,Insecta,Diptera,Syrphidae,Melangyna,umbellatarum,Animalia|Insecta|Diptera|Syrphidae|Melangyna|umbellatarum,Achiasmatic Meiosis,Heterogametic,XY,10
Animalia,Insecta,Diptera,Syrphidae,Melanostoma,angustatum,Animalia|Insecta|Diptera|Syrphidae|Melanostoma|angustatum,Achiasmatic Meiosis,Heterogametic,XY,8
Animalia,Insecta,Diptera,Syrphidae,Melanostoma,annulipes,Animalia|Insecta|Diptera|Syrphidae|Melanostoma|annulipes,Achiasmatic Meiosis,Heterogametic,XY,8
Animalia,Insecta,Diptera,Syrphidae,Melanostoma,apicale,Animalia|Insecta|Diptera|Syrphidae|Melanostoma|apicale,Achiasmatic Meiosis,Heterogametic,XY,8
Animalia,Insecta,Diptera,Syrphidae,Melanostoma,bituberculatum,Animalia|Insecta|Diptera|Syrphidae|Melanostoma|bituberculatum,Achiasmatic Meiosis,Heterogametic,XY,10
Animalia,Insecta,Diptera,Syrphidae,Melanostoma,diffusum,Animalia|Insecta|Diptera|Syrphidae|Melanostoma|diffusum,Achiasmatic Meiosis,Heterogametic,XY,8
Animalia,Insecta,Diptera,Syrphidae,Melanostoma,dubium,Animalia|Insecta|Diptera|Syrphidae|Melanostoma|dubium,Achiasmatic Meiosis,Heterogametic,XY,8
Animalia,Insecta,Diptera,Syrphidae,Melanostoma,fasciatum,Animalia|Insecta|Diptera|Syrphidae|Melanostoma|fasciatum,Achiasmatic Meiosis,Heterogametic,XY,8
Animalia,Insecta,Diptera,Syrphidae,Melanostoma,gymnocera,Animalia|Insecta|Diptera|Syrphidae|Melanostoma|gymnocera,Achiasmatic Meiosis,Heterogametic,XY,8
Animalia,Insecta,Diptera,Syrphidae,Melanostoma,infuscatum,Animalia|Insecta|Diptera|Syrphidae|Melanostoma|infuscatum,Achiasmatic Meiosis,Heterogametic,XY,8
Animalia,Insecta,Diptera,Syrphidae,Melanostoma,melanderi,Animalia|Insecta|Diptera|Syrphidae|Melanostoma|melanderi,Achiasmatic Meiosis,Heterogametic,XY,8
Animalia,Insecta,Diptera,Syrphidae,Melanostoma,mellinum,Animalia|Insecta|Diptera|Syrphidae|Melanostoma|mellinum,Achiasmatic Meiosis,Heterogametic,XY,8
Animalia,Insecta,Diptera,Syrphidae,Melanostoma,montivagum,Animalia|Insecta|Diptera|Syrphidae|Melanostoma|montivagum,Achiasmatic Meiosis,Heterogametic,XY,8
Animalia,Insecta,Diptera,Syrphidae,Melanostoma,pictipes,Animalia|Insecta|Diptera|Syrphidae|Melanostoma|pictipes,Achiasmatic Meiosis,Heterogametic,XY,8
Animalia,Insecta,Diptera,Syrphidae,Melanostoma,scalare,Animalia|Insecta|Diptera|Syrphidae|Melanostoma|scalare,Achiasmatic Meiosis,Heterogametic,XY,8
Animalia,Insecta,Diptera,Syrphidae,Melanostoma,sp.10,Animalia|Insecta|Diptera|Syrphidae|Melanostoma|sp.10,Achiasmatic Meiosis,Heterogametic,XY,8
Animalia,Insecta,Diptera,Syrphidae,Melanostoma,sp.3,Animalia|Insecta|Diptera|Syrphidae|Melanostoma|sp.3,Achiasmatic Meiosis,Heterogametic,XY,8
Animalia,Insecta,Diptera,Syrphidae,Melanostoma,sp.7,Animalia|Insecta|Diptera|Syrphidae|Melanostoma|sp.7,Achiasmatic Meiosis,Heterogametic,XY,8
Animalia,Insecta,Diptera,Syrphidae,Melanostoma,sp.A,Animalia|Insecta|Diptera|Syrphidae|Melanostoma|sp.A,Achiasmatic Meiosis,Heterogametic,XY,8
Animalia,Insecta,Diptera,Syrphidae,Melanostoma,univittatum,Animalia|Insecta|Diptera|Syrphidae|Melanostoma|univittatum,Achiasmatic Meiosis,Heterogametic,XY,8
Animalia,Insecta,Diptera,Syrphidae,Meliscaeva,auricollis,Animalia|Insecta|Diptera|Syrphidae|Meliscaeva|auricollis,Achiasmatic Meiosis,Heterogametic,XY,10
Animalia,Insecta,Diptera,Syrphidae,Meliscaeva,cinctella,Animalia|Insecta|Diptera|Syrphidae|Meliscaeva|cinctella,Achiasmatic Meiosis,Heterogametic,XY,10
Animalia,Insecta,Diptera,Syrphidae,Meliscaeva,sp,Animalia|Insecta|Diptera|Syrphidae|Meliscaeva|sp,Achiasmatic Meiosis,Heterogametic,XY,10
Animalia,Insecta,Diptera,Syrphidae,Meliscaeva,sp.A,Animalia|Insecta|Diptera|Syrphidae|Meliscaeva|sp.A,Achiasmatic Meiosis,Heterogametic,XY,10
Animalia,Insecta,Diptera,Syrphidae,Merodon,aeneus,Animalia|Insecta|Diptera|Syrphidae|Merodon|aeneus,Achiasmatic Meiosis,Heterogametic,XY,12
Animalia,Insecta,Diptera,Syrphidae,Merodon,avidus,Animalia|Insecta|Diptera|Syrphidae|Merodon|avidus,Achiasmatic Meiosis,Heterogametic,XY,12
Animalia,Insecta,Diptera,Syrphidae,Merodon,clavipes,Animalia|Insecta|Diptera|Syrphidae|Merodon|clavipes,Achiasmatic Meiosis,Heterogametic,XY,12
Animalia,Insecta,Diptera,Syrphidae,Merodon,equestris,Animalia|Insecta|Diptera|Syrphidae|Merodon|equestris,Achiasmatic Meiosis,Heterogametic,XY,12
Animalia,Insecta,Diptera,Syrphidae,Merodon,funestus,Animalia|Insecta|Diptera|Syrphidae|Merodon|funestus,Achiasmatic Meiosis,Heterogametic,XY,12
Animalia,Insecta,Diptera,Syrphidae,Merodon,pruni,Animalia|Insecta|Diptera|Syrphidae|Merodon|pruni,Achiasmatic Meiosis,Heterogametic,XY,12
Animalia,Insecta,Diptera,Syrphidae,Mesembrius,bengalensis,Animalia|Insecta|Diptera|Syrphidae|Mesembrius|bengalensis,Achiasmatic Meiosis,Heterogametic,XY,10
Animalia,Insecta,Diptera,Syrphidae,Mesembrius,cteniferus,Animalia|Insecta|Diptera|Syrphidae|Mesembrius|cteniferus,Achiasmatic Meiosis,Heterogametic,XY,10
Animalia,Insecta,Diptera,Syrphidae,Mesembrius,formosanus,Animalia|Insecta|Diptera|Syrphidae|Mesembrius|formosanus,Achiasmatic Meiosis,Heterogametic,NA,10
Animalia,Insecta,Diptera,Syrphidae,Mesembrius,madagascariensis,Animalia|Insecta|Diptera|Syrphidae|Mesembrius|madagascariensis,Achiasmatic Meiosis,Heterogametic,XY,10
Animalia,Insecta,Diptera,Syrphidae,Mesembrius,niveiceps,Animalia|Insecta|Diptera|Syrphidae|Mesembrius|niveiceps,Achiasmatic Meiosis,Heterogametic,NA,10
Animalia,Insecta,Diptera,Syrphidae,Mesembrius,peregrinus,Animalia|Insecta|Diptera|Syrphidae|Mesembrius|peregrinus,Achiasmatic Meiosis,Heterogametic,XY,12
Animalia,Insecta,Diptera,Syrphidae,Mesembrius,platytarsus,Animalia|Insecta|Diptera|Syrphidae|Mesembrius|platytarsus,Achiasmatic Meiosis,Heterogametic,XY,10
Animalia,Insecta,Diptera,Syrphidae,Mesembrius,simplicipes,Animalia|Insecta|Diptera|Syrphidae|Mesembrius|simplicipes,Achiasmatic Meiosis,Heterogametic,XY,10
Animalia,Insecta,Diptera,Syrphidae,Metasyrphus,aberrantis,Animalia|Insecta|Diptera|Syrphidae|Metasyrphus|aberrantis,Achiasmatic Meiosis,Heterogametic,XY,8
Animalia,Insecta,Diptera,Syrphidae,Metasyrphus,americanus,Animalia|Insecta|Diptera|Syrphidae|Metasyrphus|americanus,Achiasmatic Meiosis,Heterogametic,XY,8
Animalia,Insecta,Diptera,Syrphidae,Metasyrphus,astutus,Animalia|Insecta|Diptera|Syrphidae|Metasyrphus|astutus,Achiasmatic Meiosis,Heterogametic,XY,8
Animalia,Insecta,Diptera,Syrphidae,Metasyrphus,braueri,Animalia|Insecta|Diptera|Syrphidae|Metasyrphus|braueri,Achiasmatic Meiosis,Heterogametic,XY,8
Animalia,Insecta,Diptera,Syrphidae,Metasyrphus,canadensis,Animalia|Insecta|Diptera|Syrphidae|Metasyrphus|canadensis,Achiasmatic Meiosis,Heterogametic,XY,8
Animalia,Insecta,Diptera,Syrphidae,Metasyrphus,corollae,Animalia|Insecta|Diptera|Syrphidae|Metasyrphus|corollae,Achiasmatic Meiosis,Heterogametic,XY,8
Animalia,Insecta,Diptera,Syrphidae,Metasyrphus,curtus,Animalia|Insecta|Diptera|Syrphidae|Metasyrphus|curtus,Achiasmatic Meiosis,Heterogametic,XY,8
Animalia,Insecta,Diptera,Syrphidae,Metasyrphus,depressus,Animalia|Insecta|Diptera|Syrphidae|Metasyrphus|depressus,Achiasmatic Meiosis,Heterogametic,XY,8
Animalia,Insecta,Diptera,Syrphidae,Metasyrphus,lapponicus,Animalia|Insecta|Diptera|Syrphidae|Metasyrphus|lapponicus,Achiasmatic Meiosis,Heterogametic,XY,10
Animalia,Insecta,Diptera,Syrphidae,Metasyrphus,latifasciatus,Animalia|Insecta|Diptera|Syrphidae|Metasyrphus|latifasciatus,Achiasmatic Meiosis,Heterogametic,XY,8
Animalia,Insecta,Diptera,Syrphidae,Metasyrphus,lundbecki,Animalia|Insecta|Diptera|Syrphidae|Metasyrphus|lundbecki,Achiasmatic Meiosis,Heterogametic,XY,8
Animalia,Insecta,Diptera,Syrphidae,Metasyrphus,luniger,Animalia|Insecta|Diptera|Syrphidae|Metasyrphus|luniger,Achiasmatic Meiosis,Heterogametic,XY,8
Animalia,Insecta,Diptera,Syrphidae,Metasyrphus,n.sp.1,Animalia|Insecta|Diptera|Syrphidae|Metasyrphus|n.sp.1,Achiasmatic Meiosis,Heterogametic,XY,8
Animalia,Insecta,Diptera,Syrphidae,Metasyrphus,n.sp.2,Animalia|Insecta|Diptera|Syrphidae|Metasyrphus|n.sp.2,Achiasmatic Meiosis,Heterogametic,XY,8
Animalia,Insecta,Diptera,Syrphidae,Metasyrphus,perplexus,Animalia|Insecta|Diptera|Syrphidae|Metasyrphus|perplexus,Achiasmatic Meiosis,Heterogametic,XY,8
Animalia,Insecta,Diptera,Syrphidae,Metasyrphus,snowi,Animalia|Insecta|Diptera|Syrphidae|Metasyrphus|snowi,Achiasmatic Meiosis,Heterogametic,XY,8
Animalia,Insecta,Diptera,Syrphidae,Metasyrphus,sp.A,Animalia|Insecta|Diptera|Syrphidae|Metasyrphus|sp.A,Achiasmatic Meiosis,Heterogametic,XY,8
Animalia,Insecta,Diptera,Syrphidae,Metasyrphus,sp.B,Animalia|Insecta|Diptera|Syrphidae|Metasyrphus|sp.B,Achiasmatic Meiosis,Heterogametic,XY,8
Animalia,Insecta,Diptera,Syrphidae,Metasyrphus,sp.C,Animalia|Insecta|Diptera|Syrphidae|Metasyrphus|sp.C,Achiasmatic Meiosis,Heterogametic,XY,8
Animalia,Insecta,Diptera,Syrphidae,Metasyrphus,wiedemanni,Animalia|Insecta|Diptera|Syrphidae|Metasyrphus|wiedemanni,Achiasmatic Meiosis,Heterogametic,XY,8
Animalia,Insecta,Diptera,Syrphidae,Microdon,brachycerus,Animalia|Insecta|Diptera|Syrphidae|Microdon|brachycerus,Achiasmatic Meiosis,Heterogametic,NA,14
Animalia,Insecta,Diptera,Syrphidae,Microdon,fulgens,Animalia|Insecta|Diptera|Syrphidae|Microdon|fulgens,Achiasmatic Meiosis,Heterogametic,XY,14
Animalia,Insecta,Diptera,Syrphidae,Microdon,piperi,Animalia|Insecta|Diptera|Syrphidae|Microdon|piperi,Achiasmatic Meiosis,Heterogametic,NA,14
Animalia,Insecta,Diptera,Syrphidae,Microdon,violaceus,Animalia|Insecta|Diptera|Syrphidae|Microdon|violaceus,Achiasmatic Meiosis,Heterogametic,XY,14
Animalia,Insecta,Diptera,Syrphidae,Milesia,undulata,Animalia|Insecta|Diptera|Syrphidae|Milesia|undulata,Achiasmatic Meiosis,Heterogametic,XY,12
Animalia,Insecta,Diptera,Syrphidae,Milesia,virginiensis,Animalia|Insecta|Diptera|Syrphidae|Milesia|virginiensis,Achiasmatic Meiosis,Heterogametic,XY,12
Animalia,Insecta,Diptera,Syrphidae,Myathropa,florea,Animalia|Insecta|Diptera|Syrphidae|Myathropa|florea,Achiasmatic Meiosis,Heterogametic,XY,10
Animalia,Insecta,Diptera,Syrphidae,Myolepta,luctuosa,Animalia|Insecta|Diptera|Syrphidae|Myolepta|luctuosa,Achiasmatic Meiosis,Heterogametic,XY,10
Animalia,Insecta,Diptera,Syrphidae,Myolepta,luteola,Animalia|Insecta|Diptera|Syrphidae|Myolepta|luteola,Achiasmatic Meiosis,Heterogametic,XY,10
Animalia,Insecta,Diptera,Syrphidae,Myolepta,pretiosa,Animalia|Insecta|Diptera|Syrphidae|Myolepta|pretiosa,Achiasmatic Meiosis,Heterogametic,XY,10
Animalia,Insecta,Diptera,Syrphidae,Myolepta,ruficornis,Animalia|Insecta|Diptera|Syrphidae|Myolepta|ruficornis,Achiasmatic Meiosis,Heterogametic,NA,10
Animalia,Insecta,Diptera,Syrphidae,Myolepta,strigilata,Animalia|Insecta|Diptera|Syrphidae|Myolepta|strigilata,Achiasmatic Meiosis,Heterogametic,XY,10
Animalia,Insecta,Diptera,Syrphidae,Nausigaster,punctulata,Animalia|Insecta|Diptera|Syrphidae|Nausigaster|punctulata,Achiasmatic Meiosis,Heterogametic,NA,8
Animalia,Insecta,Diptera,Syrphidae,Neoascia,dispar,Animalia|Insecta|Diptera|Syrphidae|Neoascia|dispar,Achiasmatic Meiosis,Heterogametic,XY,8
Animalia,Insecta,Diptera,Syrphidae,Neoascia,floralis,Animalia|Insecta|Diptera|Syrphidae|Neoascia|floralis,Achiasmatic Meiosis,Heterogametic,XY,8
Animalia,Insecta,Diptera,Syrphidae,Neoascia,geniculata,Animalia|Insecta|Diptera|Syrphidae|Neoascia|geniculata,Achiasmatic Meiosis,Heterogametic,XY,8
Animalia,Insecta,Diptera,Syrphidae,Neoascia,globosa,Animalia|Insecta|Diptera|Syrphidae|Neoascia|globosa,Achiasmatic Meiosis,Heterogametic,XY,8
Animalia,Insecta,Diptera,Syrphidae,Neoascia,metallica,Animalia|Insecta|Diptera|Syrphidae|Neoascia|metallica,Achiasmatic Meiosis,Heterogametic,NA,8
Animalia,Insecta,Diptera,Syrphidae,Neoascia,podagrica,Animalia|Insecta|Diptera|Syrphidae|Neoascia|podagrica,Achiasmatic Meiosis,Heterogametic,NA,8
Animalia,Insecta,Diptera,Syrphidae,Neoascia,sp.,Animalia|Insecta|Diptera|Syrphidae|Neoascia|sp.,Achiasmatic Meiosis,Heterogametic,NA,8
Animalia,Insecta,Diptera,Syrphidae,Neoascia,sphaerophoria,Animalia|Insecta|Diptera|Syrphidae|Neoascia|sphaerophoria,Achiasmatic Meiosis,Heterogametic,XY,8
Animalia,Insecta,Diptera,Syrphidae,Neocnemodon,calcaratus,Animalia|Insecta|Diptera|Syrphidae|Neocnemodon|calcaratus,Achiasmatic Meiosis,Heterogametic,XY,8
Animalia,Insecta,Diptera,Syrphidae,Neocnemodon,latitarsus,Animalia|Insecta|Diptera|Syrphidae|Neocnemodon|latitarsus,Achiasmatic Meiosis,Heterogametic,XY,8
Animalia,Insecta,Diptera,Syrphidae,Neocnemodon,rita,Animalia|Insecta|Diptera|Syrphidae|Neocnemodon|rita,Achiasmatic Meiosis,Heterogametic,XY,8
Animalia,Insecta,Diptera,Syrphidae,Neocnemodon,sp.1,Animalia|Insecta|Diptera|Syrphidae|Neocnemodon|sp.1,Achiasmatic Meiosis,Heterogametic,XY,8
Animalia,Insecta,Diptera,Syrphidae,Neocnemodon,sp.4,Animalia|Insecta|Diptera|Syrphidae|Neocnemodon|sp.4,Achiasmatic Meiosis,Heterogametic,XY,8
Animalia,Insecta,Diptera,Syrphidae,Neocnemodon,sp.A,Animalia|Insecta|Diptera|Syrphidae|Neocnemodon|sp.A,Achiasmatic Meiosis,Heterogametic,XY,8
Animalia,Insecta,Diptera,Syrphidae,Neocnemodon,sp.B,Animalia|Insecta|Diptera|Syrphidae|Neocnemodon|sp.B,Achiasmatic Meiosis,Heterogametic,XY,8
Animalia,Insecta,Diptera,Syrphidae,Neocnemodon,sp.C,Animalia|Insecta|Diptera|Syrphidae|Neocnemodon|sp.C,Achiasmatic Meiosis,Heterogametic,XY,8
Animalia,Insecta,Diptera,Syrphidae,Neocnemodon,vitripennis,Animalia|Insecta|Diptera|Syrphidae|Neocnemodon|vitripennis,Achiasmatic Meiosis,Heterogametic,XY,8
Animalia,Insecta,Diptera,Syrphidae,NewGenus1,sinuata,Animalia|Insecta|Diptera|Syrphidae|NewGenus1|sinuata,Achiasmatic Meiosis,Heterogametic,XY,12
Animalia,Insecta,Diptera,Syrphidae,NewGenus1,sp.1,Animalia|Insecta|Diptera|Syrphidae|NewGenus1|sp.1,Achiasmatic Meiosis,Heterogametic,NA,12
Animalia,Insecta,Diptera,Syrphidae,NewGenus1,sp.5,Animalia|Insecta|Diptera|Syrphidae|NewGenus1|sp.5,Achiasmatic Meiosis,Heterogametic,XY,12
Animalia,Insecta,Diptera,Syrphidae,Ornidia,obesa,Animalia|Insecta|Diptera|Syrphidae|Ornidia|obesa,Achiasmatic Meiosis,Heterogametic,XY,12
Animalia,Insecta,Diptera,Syrphidae,Orphnabaccha,coerulea,Animalia|Insecta|Diptera|Syrphidae|Orphnabaccha|coerulea,Achiasmatic Meiosis,Heterogametic,XY,8
Animalia,Insecta,Diptera,Syrphidae,Orphnabaccha,decipiens,Animalia|Insecta|Diptera|Syrphidae|Orphnabaccha|decipiens,Achiasmatic Meiosis,Heterogametic,XY,8
Animalia,Insecta,Diptera,Syrphidae,Orphnabaccha,sp.,Animalia|Insecta|Diptera|Syrphidae|Orphnabaccha|sp.,Achiasmatic Meiosis,Heterogametic,XY,10
Animalia,Insecta,Diptera,Syrphidae,Orphnabaccha,sp.2,Animalia|Insecta|Diptera|Syrphidae|Orphnabaccha|sp.2,Achiasmatic Meiosis,Heterogametic,XY,10
Animalia,Insecta,Diptera,Syrphidae,Orphnabaccha,sp.5,Animalia|Insecta|Diptera|Syrphidae|Orphnabaccha|sp.5,Achiasmatic Meiosis,Heterogametic,XY,8
Animalia,Insecta,Diptera,Syrphidae,Orthoprosopa,grisea,Animalia|Insecta|Diptera|Syrphidae|Orthoprosopa|grisea,Achiasmatic Meiosis,Heterogametic,NA,12
Animalia,Insecta,Diptera,Syrphidae,Palpada,agrorum,Animalia|Insecta|Diptera|Syrphidae|Palpada|agrorum,Achiasmatic Meiosis,Heterogametic,XY,8
Animalia,Insecta,Diptera,Syrphidae,Palpada,albifrons,Animalia|Insecta|Diptera|Syrphidae|Palpada|albifrons,Achiasmatic Meiosis,Heterogametic,XY,12
Animalia,Insecta,Diptera,Syrphidae,Palpada,conica,Animalia|Insecta|Diptera|Syrphidae|Palpada|conica,Achiasmatic Meiosis,Heterogametic,XY,12
Animalia,Insecta,Diptera,Syrphidae,Palpada,distinguenda,Animalia|Insecta|Diptera|Syrphidae|Palpada|distinguenda,Achiasmatic Meiosis,Heterogametic,XY,10
Animalia,Insecta,Diptera,Syrphidae,Palpada,elegans,Animalia|Insecta|Diptera|Syrphidae|Palpada|elegans,Achiasmatic Meiosis,Heterogametic,XY,8
Animalia,Insecta,Diptera,Syrphidae,Palpada,fasciata,Animalia|Insecta|Diptera|Syrphidae|Palpada|fasciata,Achiasmatic Meiosis,Heterogametic,XY,10
Animalia,Insecta,Diptera,Syrphidae,Palpada,furcata,Animalia|Insecta|Diptera|Syrphidae|Palpada|furcata,Achiasmatic Meiosis,Heterogametic,XY,12
Animalia,Insecta,Diptera,Syrphidae,Palpada,lateralis,Animalia|Insecta|Diptera|Syrphidae|Palpada|lateralis,Achiasmatic Meiosis,Heterogametic,XY,12
Animalia,Insecta,Diptera,Syrphidae,Palpada,meigenii,Animalia|Insecta|Diptera|Syrphidae|Palpada|meigenii,Achiasmatic Meiosis,Heterogametic,XY,10
Animalia,Insecta,Diptera,Syrphidae,Palpada,melanaspis,Animalia|Insecta|Diptera|Syrphidae|Palpada|melanaspis,Achiasmatic Meiosis,Heterogametic,XY,12
Animalia,Insecta,Diptera,Syrphidae,Palpada,obsoleta,Animalia|Insecta|Diptera|Syrphidae|Palpada|obsoleta,Achiasmatic Meiosis,Heterogametic,XY,12
Animalia,Insecta,Diptera,Syrphidae,Palpada,pusilla,Animalia|Insecta|Diptera|Syrphidae|Palpada|pusilla,Achiasmatic Meiosis,Heterogametic,NA,10
Animalia,Insecta,Diptera,Syrphidae,Palpada,rufiventris,Animalia|Insecta|Diptera|Syrphidae|Palpada|rufiventris,Achiasmatic Meiosis,Heterogametic,XY,12
Animalia,Insecta,Diptera,Syrphidae,Palpada,sp.12,Animalia|Insecta|Diptera|Syrphidae|Palpada|sp.12,Achiasmatic Meiosis,Heterogametic,XY,8
Animalia,Insecta,Diptera,Syrphidae,Palpada,sp.16,Animalia|Insecta|Diptera|Syrphidae|Palpada|sp.16,Achiasmatic Meiosis,Heterogametic,XY,12
Animalia,Insecta,Diptera,Syrphidae,Palpada,sp.17,Animalia|Insecta|Diptera|Syrphidae|Palpada|sp.17,Achiasmatic Meiosis,Heterogametic,NA,10
Animalia,Insecta,Diptera,Syrphidae,Palpada,testaceicornis,Animalia|Insecta|Diptera|Syrphidae|Palpada|testaceicornis,Achiasmatic Meiosis,Heterogametic,XY,12
Animalia,Insecta,Diptera,Syrphidae,Palpada,urotaenia,Animalia|Insecta|Diptera|Syrphidae|Palpada|urotaenia,Achiasmatic Meiosis,Heterogametic,XY,12
Animalia,Insecta,Diptera,Syrphidae,Palpada,vinetorum,Animalia|Insecta|Diptera|Syrphidae|Palpada|vinetorum,Achiasmatic Meiosis,Heterogametic,XY,12
Animalia,Insecta,Diptera,Syrphidae,Paragopsis,strigalus,Animalia|Insecta|Diptera|Syrphidae|Paragopsis|strigalus,Achiasmatic Meiosis,Heterogametic,XY,12
Animalia,Insecta,Diptera,Syrphidae,Paragus,albifrons,Animalia|Insecta|Diptera|Syrphidae|Paragus|albifrons,Achiasmatic Meiosis,Heterogametic,XY,8
Animalia,Insecta,Diptera,Syrphidae,Paragus,azureus,Animalia|Insecta|Diptera|Syrphidae|Paragus|azureus,Achiasmatic Meiosis,Heterogametic,NA,8
Animalia,Insecta,Diptera,Syrphidae,Paragus,bicolor,Animalia|Insecta|Diptera|Syrphidae|Paragus|bicolor,Achiasmatic Meiosis,Heterogametic,XY,8
Animalia,Insecta,Diptera,Syrphidae,Paragus,borbonicus,Animalia|Insecta|Diptera|Syrphidae|Paragus|borbonicus,Achiasmatic Meiosis,Heterogametic,XY,8
Animalia,Insecta,Diptera,Syrphidae,Paragus,crenulatus,Animalia|Insecta|Diptera|Syrphidae|Paragus|crenulatus,Achiasmatic Meiosis,Heterogametic,XY,8
Animalia,Insecta,Diptera,Syrphidae,Paragus,longiventris,Animalia|Insecta|Diptera|Syrphidae|Paragus|longiventris,Achiasmatic Meiosis,Heterogametic,XY,8
Animalia,Insecta,Diptera,Syrphidae,Paragus,minutus,Animalia|Insecta|Diptera|Syrphidae|Paragus|minutus,Achiasmatic Meiosis,Heterogametic,XY,8
Animalia,Insecta,Diptera,Syrphidae,Paragus,naso,Animalia|Insecta|Diptera|Syrphidae|Paragus|naso,Achiasmatic Meiosis,Heterogametic,XY,8
Animalia,Insecta,Diptera,Syrphidae,Paragus,politus,Animalia|Insecta|Diptera|Syrphidae|Paragus|politus,Achiasmatic Meiosis,Heterogametic,XY,8
Animalia,Insecta,Diptera,Syrphidae,Paragus,quadrifasciatus,Animalia|Insecta|Diptera|Syrphidae|Paragus|quadrifasciatus,Achiasmatic Meiosis,Heterogametic,XY,8
Animalia,Insecta,Diptera,Syrphidae,Paragus,sp.10,Animalia|Insecta|Diptera|Syrphidae|Paragus|sp.10,Achiasmatic Meiosis,Heterogametic,XY,8
Animalia,Insecta,Diptera,Syrphidae,Paragus,sp.11,Animalia|Insecta|Diptera|Syrphidae|Paragus|sp.11,Achiasmatic Meiosis,Heterogametic,XY,8
Animalia,Insecta,Diptera,Syrphidae,Paragus,sp.2,Animalia|Insecta|Diptera|Syrphidae|Paragus|sp.2,Achiasmatic Meiosis,Heterogametic,XY,8
Animalia,Insecta,Diptera,Syrphidae,Paragus,sp.4,Animalia|Insecta|Diptera|Syrphidae|Paragus|sp.4,Achiasmatic Meiosis,Heterogametic,XY,8
Animalia,Insecta,Diptera,Syrphidae,Paragus,sp.5,Animalia|Insecta|Diptera|Syrphidae|Paragus|sp.5,Achiasmatic Meiosis,Heterogametic,XY,8
Animalia,Insecta,Diptera,Syrphidae,Paragus,sp.6,Animalia|Insecta|Diptera|Syrphidae|Paragus|sp.6,Achiasmatic Meiosis,Heterogametic,XY,8
Animalia,Insecta,Diptera,Syrphidae,Paragus,sp.7,Animalia|Insecta|Diptera|Syrphidae|Paragus|sp.7,Achiasmatic Meiosis,Heterogametic,XY,8
Animalia,Insecta,Diptera,Syrphidae,Paragus,sp.8,Animalia|Insecta|Diptera|Syrphidae|Paragus|sp.8,Achiasmatic Meiosis,Heterogametic,XY,8
Animalia,Insecta,Diptera,Syrphidae,Paragus,sp.9,Animalia|Insecta|Diptera|Syrphidae|Paragus|sp.9,Achiasmatic Meiosis,Heterogametic,XY,8
Animalia,Insecta,Diptera,Syrphidae,Paragus,sp.A,Animalia|Insecta|Diptera|Syrphidae|Paragus|sp.A,Achiasmatic Meiosis,Heterogametic,XY,8
Animalia,Insecta,Diptera,Syrphidae,Paragus,sp.B,Animalia|Insecta|Diptera|Syrphidae|Paragus|sp.B,Achiasmatic Meiosis,Heterogametic,XY,8
Animalia,Insecta,Diptera,Syrphidae,Paragus,tibialis,Animalia|Insecta|Diptera|Syrphidae|Paragus|tibialis,Achiasmatic Meiosis,Heterogametic,XY,8
Animalia,Insecta,Diptera,Syrphidae,Parapenium,sp.1,Animalia|Insecta|Diptera|Syrphidae|Parapenium|sp.1,Achiasmatic Meiosis,Heterogametic,XY,10
Animalia,Insecta,Diptera,Syrphidae,Parapenium,sp.2,Animalia|Insecta|Diptera|Syrphidae|Parapenium|sp.2,Achiasmatic Meiosis,Heterogametic,XY,12
Animalia,Insecta,Diptera,Syrphidae,Parhelophilus,consimilis,Animalia|Insecta|Diptera|Syrphidae|Parhelophilus|consimilis,Achiasmatic Meiosis,Heterogametic,XY,12
Animalia,Insecta,Diptera,Syrphidae,Parhelophilus,frutetorum,Animalia|Insecta|Diptera|Syrphidae|Parhelophilus|frutetorum,Achiasmatic Meiosis,Heterogametic,XY,12
Animalia,Insecta,Diptera,Syrphidae,Parhelophilus,integer,Animalia|Insecta|Diptera|Syrphidae|Parhelophilus|integer,Achiasmatic Meiosis,Heterogametic,XY,12
Animalia,Insecta,Diptera,Syrphidae,Parhelophilus,obsoletus,Animalia|Insecta|Diptera|Syrphidae|Parhelophilus|obsoletus,Achiasmatic Meiosis,Heterogametic,XY,12
Animalia,Insecta,Diptera,Syrphidae,Parhelophilus,rex,Animalia|Insecta|Diptera|Syrphidae|Parhelophilus|rex,Achiasmatic Meiosis,Heterogametic,XY,12
Animalia,Insecta,Diptera,Syrphidae,Parhelophilus,versicolor,Animalia|Insecta|Diptera|Syrphidae|Parhelophilus|versicolor,Achiasmatic Meiosis,Heterogametic,XY,12
Animalia,Insecta,Diptera,Syrphidae,Phalacrodira,annulata,Animalia|Insecta|Diptera|Syrphidae|Phalacrodira|annulata,Achiasmatic Meiosis,Heterogametic,XY,8
Animalia,Insecta,Diptera,Syrphidae,Phalacrodira,rectoides,Animalia|Insecta|Diptera|Syrphidae|Phalacrodira|rectoides,Achiasmatic Meiosis,Heterogametic,XY,8
Animalia,Insecta,Diptera,Syrphidae,Phalacrodira,sp.1,Animalia|Insecta|Diptera|Syrphidae|Phalacrodira|sp.1,Achiasmatic Meiosis,Heterogametic,XY,10
Animalia,Insecta,Diptera,Syrphidae,Phalacrodira,vittiger,Animalia|Insecta|Diptera|Syrphidae|Phalacrodira|vittiger,Achiasmatic Meiosis,Heterogametic,XY,8
Animalia,Insecta,Diptera,Syrphidae,Phytomia,errans,Animalia|Insecta|Diptera|Syrphidae|Phytomia|errans,Achiasmatic Meiosis,Heterogametic,XY,12
Animalia,Insecta,Diptera,Syrphidae,Phytomia,erratica,Animalia|Insecta|Diptera|Syrphidae|Phytomia|erratica,Achiasmatic Meiosis,Heterogametic,XY,12
Animalia,Insecta,Diptera,Syrphidae,Phytomia,fronto,Animalia|Insecta|Diptera|Syrphidae|Phytomia|fronto,Achiasmatic Meiosis,Heterogametic,NA,12
Animalia,Insecta,Diptera,Syrphidae,Phytomia,incisa,Animalia|Insecta|Diptera|Syrphidae|Phytomia|incisa,Achiasmatic Meiosis,Heterogametic,XY,12
Animalia,Insecta,Diptera,Syrphidae,Phytomia,zonata,Animalia|Insecta|Diptera|Syrphidae|Phytomia|zonata,Achiasmatic Meiosis,Heterogametic,XY,12
Animalia,Insecta,Diptera,Syrphidae,Pipiza,femoralis,Animalia|Insecta|Diptera|Syrphidae|Pipiza|femoralis,Achiasmatic Meiosis,Heterogametic,XY,8
Animalia,Insecta,Diptera,Syrphidae,Pipiza,festiva,Animalia|Insecta|Diptera|Syrphidae|Pipiza|festiva,Achiasmatic Meiosis,Heterogametic,XY,8
Animalia,Insecta,Diptera,Syrphidae,Pipiza,lugubris,Animalia|Insecta|Diptera|Syrphidae|Pipiza|lugubris,Achiasmatic Meiosis,Heterogametic,XY,8
Animalia,Insecta,Diptera,Syrphidae,Pipiza,macrofemoralis,Animalia|Insecta|Diptera|Syrphidae|Pipiza|macrofemoralis,Achiasmatic Meiosis,Heterogametic,XY,8
Animalia,Insecta,Diptera,Syrphidae,Pipiza,nigripilosa,Animalia|Insecta|Diptera|Syrphidae|Pipiza|nigripilosa,Achiasmatic Meiosis,Heterogametic,XY,8
Animalia,Insecta,Diptera,Syrphidae,Pipiza,noctiluca,Animalia|Insecta|Diptera|Syrphidae|Pipiza|noctiluca,Achiasmatic Meiosis,Heterogametic,XY,8
Animalia,Insecta,Diptera,Syrphidae,Pipiza,quadrimaculata,Animalia|Insecta|Diptera|Syrphidae|Pipiza|quadrimaculata,Achiasmatic Meiosis,Heterogametic,XY,8
Animalia,Insecta,Diptera,Syrphidae,Pipiza,sp.,Animalia|Insecta|Diptera|Syrphidae|Pipiza|sp.,Achiasmatic Meiosis,Heterogametic,XY,8
Animalia,Insecta,Diptera,Syrphidae,Pipiza,sp.1,Animalia|Insecta|Diptera|Syrphidae|Pipiza|sp.1,Achiasmatic Meiosis,Heterogametic,XY,8
Animalia,Insecta,Diptera,Syrphidae,Pipiza,sp.A,Animalia|Insecta|Diptera|Syrphidae|Pipiza|sp.A,Achiasmatic Meiosis,Heterogametic,XY,8
Animalia,Insecta,Diptera,Syrphidae,Pipiza,sp.X,Animalia|Insecta|Diptera|Syrphidae|Pipiza|sp.X,Achiasmatic Meiosis,Heterogametic,XY,8
Animalia,Insecta,Diptera,Syrphidae,Pipizella,sp.,Animalia|Insecta|Diptera|Syrphidae|Pipizella|sp.,Achiasmatic Meiosis,Heterogametic,XY,8
Animalia,Insecta,Diptera,Syrphidae,Pipizella,varipes,Animalia|Insecta|Diptera|Syrphidae|Pipizella|varipes,Achiasmatic Meiosis,Heterogametic,XY,8
Animalia,Insecta,Diptera,Syrphidae,Pipizella,virens,Animalia|Insecta|Diptera|Syrphidae|Pipizella|virens,Achiasmatic Meiosis,Heterogametic,XY,8
Animalia,Insecta,Diptera,Syrphidae,Platycheirus,albimanus,Animalia|Insecta|Diptera|Syrphidae|Platycheirus|albimanus,Achiasmatic Meiosis,Heterogametic,XY,8
Animalia,Insecta,Diptera,Syrphidae,Platycheirus,angustatus,Animalia|Insecta|Diptera|Syrphidae|Platycheirus|angustatus,Achiasmatic Meiosis,Heterogametic,XY,8
Animalia,Insecta,Diptera,Syrphidae,Platycheirus,clypeatus,Animalia|Insecta|Diptera|Syrphidae|Platycheirus|clypeatus,Achiasmatic Meiosis,Heterogametic,XY,8
Animalia,Insecta,Diptera,Syrphidae,Platycheirus,fulviventris,Animalia|Insecta|Diptera|Syrphidae|Platycheirus|fulviventris,Achiasmatic Meiosis,Heterogametic,XY,8
Animalia,Insecta,Diptera,Syrphidae,Platycheirus,manicatus,Animalia|Insecta|Diptera|Syrphidae|Platycheirus|manicatus,Achiasmatic Meiosis,Heterogametic,XY,8
Animalia,Insecta,Diptera,Syrphidae,Platycheirus,peltatus,Animalia|Insecta|Diptera|Syrphidae|Platycheirus|peltatus,Achiasmatic Meiosis,Heterogametic,XY,8
Animalia,Insecta,Diptera,Syrphidae,Platycheirus,quadratus,Animalia|Insecta|Diptera|Syrphidae|Platycheirus|quadratus,Achiasmatic Meiosis,Heterogametic,XY,8
Animalia,Insecta,Diptera,Syrphidae,Platycheirus,scambus,Animalia|Insecta|Diptera|Syrphidae|Platycheirus|scambus,Achiasmatic Meiosis,Heterogametic,XY,8
Animalia,Insecta,Diptera,Syrphidae,Platycheirus,scutatus,Animalia|Insecta|Diptera|Syrphidae|Platycheirus|scutatus,Achiasmatic Meiosis,Heterogametic,XY,8
Animalia,Insecta,Diptera,Syrphidae,Platycheirus,sp.nr.scambus,Animalia|Insecta|Diptera|Syrphidae|Platycheirus|sp.nr.scambus,Achiasmatic Meiosis,Heterogametic,XY,8
Animalia,Insecta,Diptera,Syrphidae,Polybiomyia,arietis,Animalia|Insecta|Diptera|Syrphidae|Polybiomyia|arietis,Achiasmatic Meiosis,Heterogametic,XY,12
Animalia,Insecta,Diptera,Syrphidae,Psarus,abdominalis,Animalia|Insecta|Diptera|Syrphidae|Psarus|abdominalis,Achiasmatic Meiosis,Heterogametic,XY,10
Animalia,Insecta,Diptera,Syrphidae,Pseudoscaeva,sericea,Animalia|Insecta|Diptera|Syrphidae|Pseudoscaeva|sericea,Achiasmatic Meiosis,Heterogametic,XY,10
Animalia,Insecta,Diptera,Syrphidae,Psilota,sp.1,Animalia|Insecta|Diptera|Syrphidae|Psilota|sp.1,Achiasmatic Meiosis,Heterogametic,NA,8
Animalia,Insecta,Diptera,Syrphidae,Rhingia,austriaca,Animalia|Insecta|Diptera|Syrphidae|Rhingia|austriaca,Achiasmatic Meiosis,Heterogametic,XY,12
Animalia,Insecta,Diptera,Syrphidae,Rhingia,campestris,Animalia|Insecta|Diptera|Syrphidae|Rhingia|campestris,Achiasmatic Meiosis,Heterogametic,XY,10
Animalia,Insecta,Diptera,Syrphidae,Rhingia,cyanoprora,Animalia|Insecta|Diptera|Syrphidae|Rhingia|cyanoprora,Achiasmatic Meiosis,Heterogametic,XY,10
Animalia,Insecta,Diptera,Syrphidae,Rhingia,nasica,Animalia|Insecta|Diptera|Syrphidae|Rhingia|nasica,Achiasmatic Meiosis,Heterogametic,XY,10
Animalia,Insecta,Diptera,Syrphidae,Rhingia,rostrata,Animalia|Insecta|Diptera|Syrphidae|Rhingia|rostrata,Achiasmatic Meiosis,Heterogametic,XY,12
Animalia,Insecta,Diptera,Syrphidae,Rhingia,sp.2,Animalia|Insecta|Diptera|Syrphidae|Rhingia|sp.2,Achiasmatic Meiosis,Heterogametic,XY,10
Animalia,Insecta,Diptera,Syrphidae,Rhinoprosopa,nasuta,Animalia|Insecta|Diptera|Syrphidae|Rhinoprosopa|nasuta,Achiasmatic Meiosis,Heterogametic,XY,10
Animalia,Insecta,Diptera,Syrphidae,Rhysops,currani,Animalia|Insecta|Diptera|Syrphidae|Rhysops|currani,Achiasmatic Meiosis,Heterogametic,XY,10
Animalia,Insecta,Diptera,Syrphidae,Rhysops,neotropica,Animalia|Insecta|Diptera|Syrphidae|Rhysops|neotropica,Achiasmatic Meiosis,Heterogametic,XY,14
Animalia,Insecta,Diptera,Syrphidae,Rhysops,nigrans,Animalia|Insecta|Diptera|Syrphidae|Rhysops|nigrans,Achiasmatic Meiosis,Heterogametic,XY,8
Animalia,Insecta,Diptera,Syrphidae,Rhysops,sp.(13),Animalia|Insecta|Diptera|Syrphidae|Rhysops|sp.(13),Achiasmatic Meiosis,Heterogametic,XY,8
Animalia,Insecta,Diptera,Syrphidae,Rhysops,sp.13,Animalia|Insecta|Diptera|Syrphidae|Rhysops|sp.13,Achiasmatic Meiosis,Heterogametic,XY,8
Animalia,Insecta,Diptera,Syrphidae,Salpingogaster,limbipennis,Animalia|Insecta|Diptera|Syrphidae|Salpingogaster|limbipennis,Achiasmatic Meiosis,Heterogametic,XY,10
Animalia,Insecta,Diptera,Syrphidae,Salpingogaster,nigra,Animalia|Insecta|Diptera|Syrphidae|Salpingogaster|nigra,Achiasmatic Meiosis,Heterogametic,XY,8
Animalia,Insecta,Diptera,Syrphidae,Salpingogaster,sp.1,Animalia|Insecta|Diptera|Syrphidae|Salpingogaster|sp.1,Achiasmatic Meiosis,Heterogametic,XY,8
Animalia,Insecta,Diptera,Syrphidae,Scaeva,albomaculata,Animalia|Insecta|Diptera|Syrphidae|Scaeva|albomaculata,Achiasmatic Meiosis,Heterogametic,XY,8
Animalia,Insecta,Diptera,Syrphidae,Scaeva,melanostoma,Animalia|Insecta|Diptera|Syrphidae|Scaeva|melanostoma,Achiasmatic Meiosis,Heterogametic,XY,10
Animalia,Insecta,Diptera,Syrphidae,Scaeva,occidentalis,Animalia|Insecta|Diptera|Syrphidae|Scaeva|occidentalis,Achiasmatic Meiosis,Heterogametic,XY,10
Animalia,Insecta,Diptera,Syrphidae,Scaeva,pyrastri,Animalia|Insecta|Diptera|Syrphidae|Scaeva|pyrastri,Achiasmatic Meiosis,Heterogametic,XY,8
Animalia,Insecta,Diptera,Syrphidae,Scaeva,selenitica,Animalia|Insecta|Diptera|Syrphidae|Scaeva|selenitica,Achiasmatic Meiosis,Heterogametic,XY,8
Animalia,Insecta,Diptera,Syrphidae,Sericomyia,chacopyga,Animalia|Insecta|Diptera|Syrphidae|Sericomyia|chacopyga,Achiasmatic Meiosis,Heterogametic,NA,12
Animalia,Insecta,Diptera,Syrphidae,Sericomyia,chrysotoxoides,Animalia|Insecta|Diptera|Syrphidae|Sericomyia|chrysotoxoides,Achiasmatic Meiosis,Heterogametic,NA,10
Animalia,Insecta,Diptera,Syrphidae,Sericomyia,lata,Animalia|Insecta|Diptera|Syrphidae|Sericomyia|lata,Achiasmatic Meiosis,Heterogametic,NA,12
Animalia,Insecta,Diptera,Syrphidae,Sericomyia,militaris,Animalia|Insecta|Diptera|Syrphidae|Sericomyia|militaris,Achiasmatic Meiosis,Heterogametic,NA,12
Animalia,Insecta,Diptera,Syrphidae,Sericomyia,sp.1,Animalia|Insecta|Diptera|Syrphidae|Sericomyia|sp.1,Achiasmatic Meiosis,Heterogametic,NA,10
Animalia,Insecta,Diptera,Syrphidae,Simoides,expletus,Animalia|Insecta|Diptera|Syrphidae|Simoides|expletus,Achiasmatic Meiosis,Heterogametic,XY,12
Animalia,Insecta,Diptera,Syrphidae,Simosyrphus,grandicornis,Animalia|Insecta|Diptera|Syrphidae|Simosyrphus|grandicornis,Achiasmatic Meiosis,Heterogametic,XY,10
Animalia,Insecta,Diptera,Syrphidae,Somula,decora,Animalia|Insecta|Diptera|Syrphidae|Somula|decora,Achiasmatic Meiosis,Heterogametic,XY,12
Animalia,Insecta,Diptera,Syrphidae,Sphaerophoia,scripta,Animalia|Insecta|Diptera|Syrphidae|Sphaerophoia|scripta,Achiasmatic Meiosis,Heterogametic,XY,8
Animalia,Insecta,Diptera,Syrphidae,Sphaerophoria,Species6,Animalia|Insecta|Diptera|Syrphidae|Sphaerophoria|Species6,Achiasmatic Meiosis,Heterogametic,XY,8
Animalia,Insecta,Diptera,Syrphidae,Sphaerophoria,Species7,Animalia|Insecta|Diptera|Syrphidae|Sphaerophoria|Species7,Achiasmatic Meiosis,Heterogametic,XY,8
Animalia,Insecta,Diptera,Syrphidae,Sphaerophoria,contigua,Animalia|Insecta|Diptera|Syrphidae|Sphaerophoria|contigua,Achiasmatic Meiosis,Heterogametic,XY,8
Animalia,Insecta,Diptera,Syrphidae,Sphaerophoria,cylindrica,Animalia|Insecta|Diptera|Syrphidae|Sphaerophoria|cylindrica,Achiasmatic Meiosis,Heterogametic,XY,8
Animalia,Insecta,Diptera,Syrphidae,Sphaerophoria,dubia,Animalia|Insecta|Diptera|Syrphidae|Sphaerophoria|dubia,Achiasmatic Meiosis,Heterogametic,XY,8
Animalia,Insecta,Diptera,Syrphidae,Sphaerophoria,kerteszi,Animalia|Insecta|Diptera|Syrphidae|Sphaerophoria|kerteszi,Achiasmatic Meiosis,Heterogametic,XY,8
Animalia,Insecta,Diptera,Syrphidae,Sphaerophoria,menthastri,Animalia|Insecta|Diptera|Syrphidae|Sphaerophoria|menthastri,Achiasmatic Meiosis,Heterogametic,XY,8
Animalia,Insecta,Diptera,Syrphidae,Sphaerophoria,nigricauda,Animalia|Insecta|Diptera|Syrphidae|Sphaerophoria|nigricauda,Achiasmatic Meiosis,Heterogametic,XY,8
Animalia,Insecta,Diptera,Syrphidae,Sphaerophoria,novaeangliae,Animalia|Insecta|Diptera|Syrphidae|Sphaerophoria|novaeangliae,Achiasmatic Meiosis,Heterogametic,XY,8
Animalia,Insecta,Diptera,Syrphidae,Sphaerophoria,philanthus,Animalia|Insecta|Diptera|Syrphidae|Sphaerophoria|philanthus,Achiasmatic Meiosis,Heterogametic,XY,8
Animalia,Insecta,Diptera,Syrphidae,Sphaerophoria,picta,Animalia|Insecta|Diptera|Syrphidae|Sphaerophoria|picta,Achiasmatic Meiosis,Heterogametic,XY,8
Animalia,Insecta,Diptera,Syrphidae,Sphaerophoria,robusta,Animalia|Insecta|Diptera|Syrphidae|Sphaerophoria|robusta,Achiasmatic Meiosis,Heterogametic,XY,8
Animalia,Insecta,Diptera,Syrphidae,Sphaerophoria,rueppellii,Animalia|Insecta|Diptera|Syrphidae|Sphaerophoria|rueppellii,Achiasmatic Meiosis,Heterogametic,XY,8
Animalia,Insecta,Diptera,Syrphidae,Sphaerophoria,scripta,Animalia|Insecta|Diptera|Syrphidae|Sphaerophoria|scripta,Achiasmatic Meiosis,Heterogametic,XY,8
Animalia,Insecta,Diptera,Syrphidae,Sphaerophoria,sp.11,Animalia|Insecta|Diptera|Syrphidae|Sphaerophoria|sp.11,Achiasmatic Meiosis,Heterogametic,XY,8
Animalia,Insecta,Diptera,Syrphidae,Sphaerophoria,sp.philanthusgroup,Animalia|Insecta|Diptera|Syrphidae|Sphaerophoria|sp.philanthusgroup,Achiasmatic Meiosis,Heterogametic,XY,8
Animalia,Insecta,Diptera,Syrphidae,Sphaerophoria,sp.scriptagroup,Animalia|Insecta|Diptera|Syrphidae|Sphaerophoria|sp.scriptagroup,Achiasmatic Meiosis,Heterogametic,XY,8
Animalia,Insecta,Diptera,Syrphidae,Sphaerophoria,sulphuripes,Animalia|Insecta|Diptera|Syrphidae|Sphaerophoria|sulphuripes,Achiasmatic Meiosis,Heterogametic,XY,8
Animalia,Insecta,Diptera,Syrphidae,Sphaerophoria,sylindrica,Animalia|Insecta|Diptera|Syrphidae|Sphaerophoria|sylindrica,Achiasmatic Meiosis,Heterogametic,XY,8
Animalia,Insecta,Diptera,Syrphidae,Sphaerophoria,taeniata,Animalia|Insecta|Diptera|Syrphidae|Sphaerophoria|taeniata,Achiasmatic Meiosis,Heterogametic,XY,8
Animalia,Insecta,Diptera,Syrphidae,Sphecomyia,brevicornis,Animalia|Insecta|Diptera|Syrphidae|Sphecomyia|brevicornis,Achiasmatic Meiosis,Heterogametic,XY,14
Animalia,Insecta,Diptera,Syrphidae,Sphecomyia,occidentalis,Animalia|Insecta|Diptera|Syrphidae|Sphecomyia|occidentalis,Achiasmatic Meiosis,Heterogametic,XY,12
Animalia,Insecta,Diptera,Syrphidae,Sphecomyia,pattonii,Animalia|Insecta|Diptera|Syrphidae|Sphecomyia|pattonii,Achiasmatic Meiosis,Heterogametic,XY,12
Animalia,Insecta,Diptera,Syrphidae,Sphegina,armatipes,Animalia|Insecta|Diptera|Syrphidae|Sphegina|armatipes,Achiasmatic Meiosis,Heterogametic,XY,12
Animalia,Insecta,Diptera,Syrphidae,Sphegina,californica,Animalia|Insecta|Diptera|Syrphidae|Sphegina|californica,Achiasmatic Meiosis,Heterogametic,XY,12
Animalia,Insecta,Diptera,Syrphidae,Sphegina,clunipes,Animalia|Insecta|Diptera|Syrphidae|Sphegina|clunipes,Achiasmatic Meiosis,Heterogametic,XY,12
Animalia,Insecta,Diptera,Syrphidae,Sphegina,flavimana,Animalia|Insecta|Diptera|Syrphidae|Sphegina|flavimana,Achiasmatic Meiosis,Heterogametic,XY,12
Animalia,Insecta,Diptera,Syrphidae,Sphegina,infuscata,Animalia|Insecta|Diptera|Syrphidae|Sphegina|infuscata,Achiasmatic Meiosis,Heterogametic,XY,12
Animalia,Insecta,Diptera,Syrphidae,Sphegina,lobata,Animalia|Insecta|Diptera|Syrphidae|Sphegina|lobata,Achiasmatic Meiosis,Heterogametic,XY,12
Animalia,Insecta,Diptera,Syrphidae,Sphegina,nitidifrons,Animalia|Insecta|Diptera|Syrphidae|Sphegina|nitidifrons,Achiasmatic Meiosis,Heterogametic,XY,10
Animalia,Insecta,Diptera,Syrphidae,Sphegina,occidentalis,Animalia|Insecta|Diptera|Syrphidae|Sphegina|occidentalis,Achiasmatic Meiosis,Heterogametic,XY,12
Animalia,Insecta,Diptera,Syrphidae,Sphegina,sibirica,Animalia|Insecta|Diptera|Syrphidae|Sphegina|sibirica,Achiasmatic Meiosis,Heterogametic,XY,12
Animalia,Insecta,Diptera,Syrphidae,Sphegina,sp.13,Animalia|Insecta|Diptera|Syrphidae|Sphegina|sp.13,Achiasmatic Meiosis,Heterogametic,XY,12
Animalia,Insecta,Diptera,Syrphidae,Sphegina,sp.14,Animalia|Insecta|Diptera|Syrphidae|Sphegina|sp.14,Achiasmatic Meiosis,Heterogametic,XY,12
Animalia,Insecta,Diptera,Syrphidae,Sphegina,violovitshi,Animalia|Insecta|Diptera|Syrphidae|Sphegina|violovitshi,Achiasmatic Meiosis,Heterogametic,XY,12
Animalia,Insecta,Diptera,Syrphidae,Spilomyia,digitata,Animalia|Insecta|Diptera|Syrphidae|Spilomyia|digitata,Achiasmatic Meiosis,Heterogametic,NA,10
Animalia,Insecta,Diptera,Syrphidae,Spilomyia,longicornis,Animalia|Insecta|Diptera|Syrphidae|Spilomyia|longicornis,Achiasmatic Meiosis,Heterogametic,XY,10
Animalia,Insecta,Diptera,Syrphidae,Spilomyia,suzukii,Animalia|Insecta|Diptera|Syrphidae|Spilomyia|suzukii,Achiasmatic Meiosis,Heterogametic,NA,10
Animalia,Insecta,Diptera,Syrphidae,Syritta,hackeri,Animalia|Insecta|Diptera|Syrphidae|Syritta|hackeri,Achiasmatic Meiosis,Heterogametic,XY,10
Animalia,Insecta,Diptera,Syrphidae,Syritta,indica,Animalia|Insecta|Diptera|Syrphidae|Syritta|indica,Achiasmatic Meiosis,Heterogametic,XY,10
Animalia,Insecta,Diptera,Syrphidae,Syritta,oceanica,Animalia|Insecta|Diptera|Syrphidae|Syritta|oceanica,Achiasmatic Meiosis,Heterogametic,XY,10
Animalia,Insecta,Diptera,Syrphidae,Syritta,pipiens,Animalia|Insecta|Diptera|Syrphidae|Syritta|pipiens,Achiasmatic Meiosis,Heterogametic,XY,10
Animalia,Insecta,Diptera,Syrphidae,Syritta,sp.2,Animalia|Insecta|Diptera|Syrphidae|Syritta|sp.2,Achiasmatic Meiosis,Heterogametic,XY,10
Animalia,Insecta,Diptera,Syrphidae,Syritta,sp.4,Animalia|Insecta|Diptera|Syrphidae|Syritta|sp.4,Achiasmatic Meiosis,Heterogametic,XY,10
Animalia,Insecta,Diptera,Syrphidae,Syritta,stigmatica,Animalia|Insecta|Diptera|Syrphidae|Syritta|stigmatica,Achiasmatic Meiosis,Heterogametic,XO,10
Animalia,Insecta,Diptera,Syrphidae,Syrphus,balteatus,Animalia|Insecta|Diptera|Syrphidae|Syrphus|balteatus,Achiasmatic Meiosis,Heterogametic,XY,10
Animalia,Insecta,Diptera,Syrphidae,Syrphus,corollae,Animalia|Insecta|Diptera|Syrphidae|Syrphus|corollae,Achiasmatic Meiosis,Heterogametic,XY,8
Animalia,Insecta,Diptera,Syrphidae,Syrphus,knabi,Animalia|Insecta|Diptera|Syrphidae|Syrphus|knabi,Achiasmatic Meiosis,Heterogametic,XY,8
Animalia,Insecta,Diptera,Syrphidae,Syrphus,lasiophthalmus,Animalia|Insecta|Diptera|Syrphidae|Syrphus|lasiophthalmus,Achiasmatic Meiosis,Heterogametic,XY,10
Animalia,Insecta,Diptera,Syrphidae,Syrphus,luniger,Animalia|Insecta|Diptera|Syrphidae|Syrphus|luniger,Achiasmatic Meiosis,Heterogametic,XY,8
Animalia,Insecta,Diptera,Syrphidae,Syrphus,melanostomoides,Animalia|Insecta|Diptera|Syrphidae|Syrphus|melanostomoides,Achiasmatic Meiosis,Heterogametic,XY,10
Animalia,Insecta,Diptera,Syrphidae,Syrphus,octomaculatus,Animalia|Insecta|Diptera|Syrphidae|Syrphus|octomaculatus,Achiasmatic Meiosis,Heterogametic,XY,8
Animalia,Insecta,Diptera,Syrphidae,Syrphus,opinator,Animalia|Insecta|Diptera|Syrphidae|Syrphus|opinator,Achiasmatic Meiosis,Heterogametic,XY,8
Animalia,Insecta,Diptera,Syrphidae,Syrphus,phaeostigma,Animalia|Insecta|Diptera|Syrphidae|Syrphus|phaeostigma,Achiasmatic Meiosis,Heterogametic,XY,8
Animalia,Insecta,Diptera,Syrphidae,Syrphus,rectus,Animalia|Insecta|Diptera|Syrphidae|Syrphus|rectus,Achiasmatic Meiosis,Heterogametic,XY,8
Animalia,Insecta,Diptera,Syrphidae,Syrphus,reedi,Animalia|Insecta|Diptera|Syrphidae|Syrphus|reedi,Achiasmatic Meiosis,Heterogametic,XY,8
Animalia,Insecta,Diptera,Syrphidae,Syrphus,ribesii,Animalia|Insecta|Diptera|Syrphidae|Syrphus|ribesii,Achiasmatic Meiosis,Heterogametic,XY,8
Animalia,Insecta,Diptera,Syrphidae,Syrphus,shorae,Animalia|Insecta|Diptera|Syrphidae|Syrphus|shorae,Achiasmatic Meiosis,Heterogametic,XY,8
Animalia,Insecta,Diptera,Syrphidae,Syrphus,sp,Animalia|Insecta|Diptera|Syrphidae|Syrphus|sp,Achiasmatic Meiosis,Heterogametic,XY,8
Animalia,Insecta,Diptera,Syrphidae,Syrphus,torvus,Animalia|Insecta|Diptera|Syrphidae|Syrphus|torvus,Achiasmatic Meiosis,Heterogametic,XY,8
Animalia,Insecta,Diptera,Syrphidae,Syrphus,vitripennis,Animalia|Insecta|Diptera|Syrphidae|Syrphus|vitripennis,Achiasmatic Meiosis,Heterogametic,XY,8
Animalia,Insecta,Diptera,Syrphidae,Syrphus,vittafrons,Animalia|Insecta|Diptera|Syrphidae|Syrphus|vittafrons,Achiasmatic Meiosis,Heterogametic,XY,8
Animalia,Insecta,Diptera,Syrphidae,Tcmnostoma,alternans,Animalia|Insecta|Diptera|Syrphidae|Tcmnostoma|alternans,Achiasmatic Meiosis,Heterogametic,XY,8
Animalia,Insecta,Diptera,Syrphidae,Temnostoma,acra,Animalia|Insecta|Diptera|Syrphidae|Temnostoma|acra,Achiasmatic Meiosis,Heterogametic,XY,12
Animalia,Insecta,Diptera,Syrphidae,Temnostoma,alternans,Animalia|Insecta|Diptera|Syrphidae|Temnostoma|alternans,Achiasmatic Meiosis,Heterogametic,XY,8
Animalia,Insecta,Diptera,Syrphidae,Temnostoma,balyras,Animalia|Insecta|Diptera|Syrphidae|Temnostoma|balyras,Achiasmatic Meiosis,Heterogametic,NA,8
Animalia,Insecta,Diptera,Syrphidae,Temnostoma,vespiforme,Animalia|Insecta|Diptera|Syrphidae|Temnostoma|vespiforme,Achiasmatic Meiosis,Heterogametic,NA,8
Animalia,Insecta,Diptera,Syrphidae,Toxomerus,anthrax,Animalia|Insecta|Diptera|Syrphidae|Toxomerus|anthrax,Achiasmatic Meiosis,Heterogametic,XY,10
Animalia,Insecta,Diptera,Syrphidae,Toxomerus,arciferus,Animalia|Insecta|Diptera|Syrphidae|Toxomerus|arciferus,Achiasmatic Meiosis,Heterogametic,XY,10
Animalia,Insecta,Diptera,Syrphidae,Toxomerus,aurulentus,Animalia|Insecta|Diptera|Syrphidae|Toxomerus|aurulentus,Achiasmatic Meiosis,Heterogametic,XY,10
Animalia,Insecta,Diptera,Syrphidae,Toxomerus,basilaris,Animalia|Insecta|Diptera|Syrphidae|Toxomerus|basilaris,Achiasmatic Meiosis,Heterogametic,XY,10
Animalia,Insecta,Diptera,Syrphidae,Toxomerus,calceolatus,Animalia|Insecta|Diptera|Syrphidae|Toxomerus|calceolatus,Achiasmatic Meiosis,Heterogametic,XY,10
Animalia,Insecta,Diptera,Syrphidae,Toxomerus,croesus,Animalia|Insecta|Diptera|Syrphidae|Toxomerus|croesus,Achiasmatic Meiosis,Heterogametic,XY,10
Animalia,Insecta,Diptera,Syrphidae,Toxomerus,floralis,Animalia|Insecta|Diptera|Syrphidae|Toxomerus|floralis,Achiasmatic Meiosis,Heterogametic,XY,10
Animalia,Insecta,Diptera,Syrphidae,Toxomerus,geminatus,Animalia|Insecta|Diptera|Syrphidae|Toxomerus|geminatus,Achiasmatic Meiosis,Heterogametic,XY,10
Animalia,Insecta,Diptera,Syrphidae,Toxomerus,lachrymosus,Animalia|Insecta|Diptera|Syrphidae|Toxomerus|lachrymosus,Achiasmatic Meiosis,Heterogametic,XY,12
Animalia,Insecta,Diptera,Syrphidae,Toxomerus,laciniosus,Animalia|Insecta|Diptera|Syrphidae|Toxomerus|laciniosus,Achiasmatic Meiosis,Heterogametic,XY,10
Animalia,Insecta,Diptera,Syrphidae,Toxomerus,laenas,Animalia|Insecta|Diptera|Syrphidae|Toxomerus|laenas,Achiasmatic Meiosis,Heterogametic,XY,10
Animalia,Insecta,Diptera,Syrphidae,Toxomerus,marginatus,Animalia|Insecta|Diptera|Syrphidae|Toxomerus|marginatus,Achiasmatic Meiosis,Heterogametic,XY,12
Animalia,Insecta,Diptera,Syrphidae,Toxomerus,mutuus,Animalia|Insecta|Diptera|Syrphidae|Toxomerus|mutuus,Achiasmatic Meiosis,Heterogametic,XY,8
Animalia,Insecta,Diptera,Syrphidae,Toxomerus,n.sp.,Animalia|Insecta|Diptera|Syrphidae|Toxomerus|n.sp.,Achiasmatic Meiosis,Heterogametic,XY,10
Animalia,Insecta,Diptera,Syrphidae,Toxomerus,occidentalis,Animalia|Insecta|Diptera|Syrphidae|Toxomerus|occidentalis,Achiasmatic Meiosis,Heterogametic,XY,10
Animalia,Insecta,Diptera,Syrphidae,Toxomerus,philippii,Animalia|Insecta|Diptera|Syrphidae|Toxomerus|philippii,Achiasmatic Meiosis,Heterogametic,XY,10
Animalia,Insecta,Diptera,Syrphidae,Toxomerus,pictus,Animalia|Insecta|Diptera|Syrphidae|Toxomerus|pictus,Achiasmatic Meiosis,Heterogametic,XY,12
Animalia,Insecta,Diptera,Syrphidae,Toxomerus,politus,Animalia|Insecta|Diptera|Syrphidae|Toxomerus|politus,Achiasmatic Meiosis,Heterogametic,XY,10
Animalia,Insecta,Diptera,Syrphidae,Toxomerus,portius,Animalia|Insecta|Diptera|Syrphidae|Toxomerus|portius,Achiasmatic Meiosis,Heterogametic,XY,10
Animalia,Insecta,Diptera,Syrphidae,Toxomerus,sp.(10),Animalia|Insecta|Diptera|Syrphidae|Toxomerus|sp.(10),Achiasmatic Meiosis,Heterogametic,XY,10
Animalia,Insecta,Diptera,Syrphidae,Toxomerus,sp.(11),Animalia|Insecta|Diptera|Syrphidae|Toxomerus|sp.(11),Achiasmatic Meiosis,Heterogametic,XY,10
Animalia,Insecta,Diptera,Syrphidae,Toxomerus,sp.(12),Animalia|Insecta|Diptera|Syrphidae|Toxomerus|sp.(12),Achiasmatic Meiosis,Heterogametic,XY,10
Animalia,Insecta,Diptera,Syrphidae,Toxomerus,sp.(15),Animalia|Insecta|Diptera|Syrphidae|Toxomerus|sp.(15),Achiasmatic Meiosis,Heterogametic,XY,10
Animalia,Insecta,Diptera,Syrphidae,Toxomerus,sp.(16),Animalia|Insecta|Diptera|Syrphidae|Toxomerus|sp.(16),Achiasmatic Meiosis,Heterogametic,XY,8
Animalia,Insecta,Diptera,Syrphidae,Toxomerus,sp.(19),Animalia|Insecta|Diptera|Syrphidae|Toxomerus|sp.(19),Achiasmatic Meiosis,Heterogametic,XY,10
Animalia,Insecta,Diptera,Syrphidae,Toxomerus,sp.(3),Animalia|Insecta|Diptera|Syrphidae|Toxomerus|sp.(3),Achiasmatic Meiosis,Heterogametic,XY,10
Animalia,Insecta,Diptera,Syrphidae,Toxomerus,sp.(4),Animalia|Insecta|Diptera|Syrphidae|Toxomerus|sp.(4),Achiasmatic Meiosis,Heterogametic,XY,10
Animalia,Insecta,Diptera,Syrphidae,Toxomerus,sp.(6),Animalia|Insecta|Diptera|Syrphidae|Toxomerus|sp.(6),Achiasmatic Meiosis,Heterogametic,XY,12
Animalia,Insecta,Diptera,Syrphidae,Toxomerus,sp.1,Animalia|Insecta|Diptera|Syrphidae|Toxomerus|sp.1,Achiasmatic Meiosis,Heterogametic,XY,10
Animalia,Insecta,Diptera,Syrphidae,Toxomerus,sp.10,Animalia|Insecta|Diptera|Syrphidae|Toxomerus|sp.10,Achiasmatic Meiosis,Heterogametic,NA,10
Animalia,Insecta,Diptera,Syrphidae,Toxomerus,sp.10b,Animalia|Insecta|Diptera|Syrphidae|Toxomerus|sp.10b,Achiasmatic Meiosis,Heterogametic,XY,10
Animalia,Insecta,Diptera,Syrphidae,Toxomerus,sp.11,Animalia|Insecta|Diptera|Syrphidae|Toxomerus|sp.11,Achiasmatic Meiosis,Heterogametic,XY,10
Animalia,Insecta,Diptera,Syrphidae,Toxomerus,sp.12,Animalia|Insecta|Diptera|Syrphidae|Toxomerus|sp.12,Achiasmatic Meiosis,Heterogametic,XY,10
Animalia,Insecta,Diptera,Syrphidae,Toxomerus,sp.15,Animalia|Insecta|Diptera|Syrphidae|Toxomerus|sp.15,Achiasmatic Meiosis,Heterogametic,XY,10
Animalia,Insecta,Diptera,Syrphidae,Toxomerus,sp.16,Animalia|Insecta|Diptera|Syrphidae|Toxomerus|sp.16,Achiasmatic Meiosis,Heterogametic,XY,8
Animalia,Insecta,Diptera,Syrphidae,Toxomerus,sp.19,Animalia|Insecta|Diptera|Syrphidae|Toxomerus|sp.19,Achiasmatic Meiosis,Heterogametic,XY,10
Animalia,Insecta,Diptera,Syrphidae,Toxomerus,sp.2,Animalia|Insecta|Diptera|Syrphidae|Toxomerus|sp.2,Achiasmatic Meiosis,Heterogametic,XY,10
Animalia,Insecta,Diptera,Syrphidae,Toxomerus,sp.3,Animalia|Insecta|Diptera|Syrphidae|Toxomerus|sp.3,Achiasmatic Meiosis,Heterogametic,XY,10
Animalia,Insecta,Diptera,Syrphidae,Toxomerus,sp.4,Animalia|Insecta|Diptera|Syrphidae|Toxomerus|sp.4,Achiasmatic Meiosis,Heterogametic,XY,10
Animalia,Insecta,Diptera,Syrphidae,Toxomerus,sp.6,Animalia|Insecta|Diptera|Syrphidae|Toxomerus|sp.6,Achiasmatic Meiosis,Heterogametic,XY,12
Animalia,Insecta,Diptera,Syrphidae,Toxomerus,steatogaster,Animalia|Insecta|Diptera|Syrphidae|Toxomerus|steatogaster,Achiasmatic Meiosis,Heterogametic,XY,10
Animalia,Insecta,Diptera,Syrphidae,Toxomerus,violaceus,Animalia|Insecta|Diptera|Syrphidae|Toxomerus|violaceus,Achiasmatic Meiosis,Heterogametic,XY,10
Animalia,Insecta,Diptera,Syrphidae,Toxomerus,vitreus,Animalia|Insecta|Diptera|Syrphidae|Toxomerus|vitreus,Achiasmatic Meiosis,Heterogametic,XY,10
Animalia,Insecta,Diptera,Syrphidae,Tropidia,quadrata,Animalia|Insecta|Diptera|Syrphidae|Tropidia|quadrata,Achiasmatic Meiosis,Heterogametic,XY,10
Animalia,Insecta,Diptera,Syrphidae,Tropidia,scita,Animalia|Insecta|Diptera|Syrphidae|Tropidia|scita,Achiasmatic Meiosis,Heterogametic,XY,10
Animalia,Insecta,Diptera,Syrphidae,Tubifera,sp.,Animalia|Insecta|Diptera|Syrphidae|Tubifera|sp.,Achiasmatic Meiosis,Heterogametic,NA,14
Animalia,Insecta,Diptera,Syrphidae,Volucella,bombylans,Animalia|Insecta|Diptera|Syrphidae|Volucella|bombylans,Achiasmatic Meiosis,Heterogametic,XY,12
Animalia,Insecta,Diptera,Syrphidae,Volucella,elegans,Animalia|Insecta|Diptera|Syrphidae|Volucella|elegans,Achiasmatic Meiosis,Heterogametic,XY,10
Animalia,Insecta,Diptera,Syrphidae,Volucella,inanis,Animalia|Insecta|Diptera|Syrphidae|Volucella|inanis,Achiasmatic Meiosis,Heterogametic,XY,12
Animalia,Insecta,Diptera,Syrphidae,Volucella,inflata,Animalia|Insecta|Diptera|Syrphidae|Volucella|inflata,Achiasmatic Meiosis,Heterogametic,XY,12
Animalia,Insecta,Diptera,Syrphidae,Volucella,obesa,Animalia|Insecta|Diptera|Syrphidae|Volucella|obesa,Achiasmatic Meiosis,Heterogametic,XY,12
Animalia,Insecta,Diptera,Syrphidae,Volucella,pellucens,Animalia|Insecta|Diptera|Syrphidae|Volucella|pellucens,Achiasmatic Meiosis,Heterogametic,XY,10
Animalia,Insecta,Diptera,Syrphidae,Volucella,zonaria,Animalia|Insecta|Diptera|Syrphidae|Volucella|zonaria,Achiasmatic Meiosis,Heterogametic,XY,10
Animalia,Insecta,Diptera,Syrphidae,Xanthandrus,bucephalus,Animalia|Insecta|Diptera|Syrphidae|Xanthandrus|bucephalus,Achiasmatic Meiosis,Heterogametic,NA,10
Animalia,Insecta,Diptera,Syrphidae,Xanthandrus,comtus,Animalia|Insecta|Diptera|Syrphidae|Xanthandrus|comtus,Achiasmatic Meiosis,Heterogametic,XY,8
Animalia,Insecta,Diptera,Syrphidae,Xanthandrus,cubanus,Animalia|Insecta|Diptera|Syrphidae|Xanthandrus|cubanus,Achiasmatic Meiosis,Heterogametic,XY,8
Animalia,Insecta,Diptera,Syrphidae,Xanthogramma,ornatum,Animalia|Insecta|Diptera|Syrphidae|Xanthogramma|ornatum,Achiasmatic Meiosis,Heterogametic,XY,10
Animalia,Insecta,Diptera,Syrphidae,Xylota,angustiventris,Animalia|Insecta|Diptera|Syrphidae|Xylota|angustiventris,Achiasmatic Meiosis,Heterogametic,XY,10
Animalia,Insecta,Diptera,Syrphidae,Xylota,annulifera,Animalia|Insecta|Diptera|Syrphidae|Xylota|annulifera,Achiasmatic Meiosis,Heterogametic,XY,10
Animalia,Insecta,Diptera,Syrphidae,Xylota,barbata,Animalia|Insecta|Diptera|Syrphidae|Xylota|barbata,Achiasmatic Meiosis,Heterogametic,XY,10
Animalia,Insecta,Diptera,Syrphidae,Xylota,bigelowi,Animalia|Insecta|Diptera|Syrphidae|Xylota|bigelowi,Achiasmatic Meiosis,Heterogametic,NA,8
Animalia,Insecta,Diptera,Syrphidae,Xylota,chalybea,Animalia|Insecta|Diptera|Syrphidae|Xylota|chalybea,Achiasmatic Meiosis,Heterogametic,XY,10
Animalia,Insecta,Diptera,Syrphidae,Xylota,coeruleiventris,Animalia|Insecta|Diptera|Syrphidae|Xylota|coeruleiventris,Achiasmatic Meiosis,Heterogametic,XY,10
Animalia,Insecta,Diptera,Syrphidae,Xylota,coquilletti,Animalia|Insecta|Diptera|Syrphidae|Xylota|coquilletti,Achiasmatic Meiosis,Heterogametic,XY,10
Animalia,Insecta,Diptera,Syrphidae,Xylota,curvaria,Animalia|Insecta|Diptera|Syrphidae|Xylota|curvaria,Achiasmatic Meiosis,Heterogametic,XY,10
Animalia,Insecta,Diptera,Syrphidae,Xylota,ejuncida,Animalia|Insecta|Diptera|Syrphidae|Xylota|ejuncida,Achiasmatic Meiosis,Heterogametic,XY,10
Animalia,Insecta,Diptera,Syrphidae,Xylota,flavitibia,Animalia|Insecta|Diptera|Syrphidae|Xylota|flavitibia,Achiasmatic Meiosis,Heterogametic,XY,10
Animalia,Insecta,Diptera,Syrphidae,Xylota,flexa,Animalia|Insecta|Diptera|Syrphidae|Xylota|flexa,Achiasmatic Meiosis,Heterogametic,XY,10
Animalia,Insecta,Diptera,Syrphidae,Xylota,florum,Animalia|Insecta|Diptera|Syrphidae|Xylota|florum,Achiasmatic Meiosis,Heterogametic,XY,10
Animalia,Insecta,Diptera,Syrphidae,Xylota,hinei,Animalia|Insecta|Diptera|Syrphidae|Xylota|hinei,Achiasmatic Meiosis,Heterogametic,XY,10
Animalia,Insecta,Diptera,Syrphidae,Xylota,ignava,Animalia|Insecta|Diptera|Syrphidae|Xylota|ignava,Achiasmatic Meiosis,Heterogametic,XY,10
Animalia,Insecta,Diptera,Syrphidae,Xylota,inarmata,Animalia|Insecta|Diptera|Syrphidae|Xylota|inarmata,Achiasmatic Meiosis,Heterogametic,XY,10
Animalia,Insecta,Diptera,Syrphidae,Xylota,lenta,Animalia|Insecta|Diptera|Syrphidae|Xylota|lenta,Achiasmatic Meiosis,Heterogametic,XY,10
Animalia,Insecta,Diptera,Syrphidae,Xylota,libo,Animalia|Insecta|Diptera|Syrphidae|Xylota|libo,Achiasmatic Meiosis,Heterogametic,XY,10
Animalia,Insecta,Diptera,Syrphidae,Xylota,lovetti,Animalia|Insecta|Diptera|Syrphidae|Xylota|lovetti,Achiasmatic Meiosis,Heterogametic,XY,10
Animalia,Insecta,Diptera,Syrphidae,Xylota,nemorum,Animalia|Insecta|Diptera|Syrphidae|Xylota|nemorum,Achiasmatic Meiosis,Heterogametic,XY,10
Animalia,Insecta,Diptera,Syrphidae,Xylota,pigra,Animalia|Insecta|Diptera|Syrphidae|Xylota|pigra,Achiasmatic Meiosis,Heterogametic,XY,10
Animalia,Insecta,Diptera,Syrphidae,Xylota,quadrimaculata,Animalia|Insecta|Diptera|Syrphidae|Xylota|quadrimaculata,Achiasmatic Meiosis,Heterogametic,XY,10
Animalia,Insecta,Diptera,Syrphidae,Xylota,segnis,Animalia|Insecta|Diptera|Syrphidae|Xylota|segnis,Achiasmatic Meiosis,Heterogametic,XY,10
Animalia,Insecta,Diptera,Syrphidae,Xylota,sp.5,Animalia|Insecta|Diptera|Syrphidae|Xylota|sp.5,Achiasmatic Meiosis,Heterogametic,XY,10
Animalia,Insecta,Diptera,Syrphidae,Xylota,sp2,Animalia|Insecta|Diptera|Syrphidae|Xylota|sp2,Achiasmatic Meiosis,Heterogametic,XY,10
Animalia,Insecta,Diptera,Syrphidae,Xylota,subfasciata,Animalia|Insecta|Diptera|Syrphidae|Xylota|subfasciata,Achiasmatic Meiosis,Heterogametic,XY,8
Animalia,Insecta,Diptera,Syrphidae,Xylota,sylvarum,Animalia|Insecta|Diptera|Syrphidae|Xylota|sylvarum,Achiasmatic Meiosis,Heterogametic,XY,10
Animalia,Insecta,Diptera,Syrphidae,Xylota,tarda,Animalia|Insecta|Diptera|Syrphidae|Xylota|tarda,Achiasmatic Meiosis,Heterogametic,XY,10
Animalia,Insecta,Diptera,Syrphidae,Xylota,tuberculata,Animalia|Insecta|Diptera|Syrphidae|Xylota|tuberculata,Achiasmatic Meiosis,Heterogametic,XY,10
Animalia,Insecta,Diptera,Syrphidae,Xylota,vecors,Animalia|Insecta|Diptera|Syrphidae|Xylota|vecors,Achiasmatic Meiosis,Heterogametic,XY,10
Animalia,Insecta,Diptera,Tabanidae,Atylotus,bicolor,Animalia|Insecta|Diptera|Tabanidae|Atylotus|bicolor,Achiasmatic Meiosis,Heterogametic,XY,18
Animalia,Insecta,Diptera,Tabanidae,Atylotus,fulvus,Animalia|Insecta|Diptera|Tabanidae|Atylotus|fulvus,Achiasmatic Meiosis,Heterogametic,NA,18
Animalia,Insecta,Diptera,Tabanidae,Atylotus,horvathi,Animalia|Insecta|Diptera|Tabanidae|Atylotus|horvathi,Achiasmatic Meiosis,Heterogametic,XY,12
Animalia,Insecta,Diptera,Tabanidae,Atylotus,loewianus,Animalia|Insecta|Diptera|Tabanidae|Atylotus|loewianus,Achiasmatic Meiosis,Heterogametic,NA,18
Animalia,Insecta,Diptera,Tabanidae,Atylotus,ohioensis,Animalia|Insecta|Diptera|Tabanidae|Atylotus|ohioensis,Achiasmatic Meiosis,Heterogametic,XY,18
Animalia,Insecta,Diptera,Tabanidae,Atylotus,pulchelluskarybenthinus,Animalia|Insecta|Diptera|Tabanidae|Atylotus|pulchelluskarybenthinus,Achiasmatic Meiosis,Heterogametic,XY,18
Animalia,Insecta,Diptera,Tabanidae,Chrysops,aberrans,Animalia|Insecta|Diptera|Tabanidae|Chrysops|aberrans,Achiasmatic Meiosis,Heterogametic,NA,12
Animalia,Insecta,Diptera,Tabanidae,Chrysops,aestuans,Animalia|Insecta|Diptera|Tabanidae|Chrysops|aestuans,Achiasmatic Meiosis,Heterogametic,XY,10
Animalia,Insecta,Diptera,Tabanidae,Chrysops,caecutiens,Animalia|Insecta|Diptera|Tabanidae|Chrysops|caecutiens,Achiasmatic Meiosis,Heterogametic,XY,10
Animalia,Insecta,Diptera,Tabanidae,Chrysops,flavipes,Animalia|Insecta|Diptera|Tabanidae|Chrysops|flavipes,Achiasmatic Meiosis,Heterogametic,XY,10
Animalia,Insecta,Diptera,Tabanidae,Chrysops,frigidus,Animalia|Insecta|Diptera|Tabanidae|Chrysops|frigidus,Achiasmatic Meiosis,Heterogametic,NA,10
Animalia,Insecta,Diptera,Tabanidae,Chrysops,indus,Animalia|Insecta|Diptera|Tabanidae|Chrysops|indus,Achiasmatic Meiosis,Heterogametic,NA,10
Animalia,Insecta,Diptera,Tabanidae,Chrysops,ludens,Animalia|Insecta|Diptera|Tabanidae|Chrysops|ludens,Achiasmatic Meiosis,Heterogametic,XY,10
Animalia,Insecta,Diptera,Tabanidae,Chrysops,mlokosiewiczi,Animalia|Insecta|Diptera|Tabanidae|Chrysops|mlokosiewiczi,Achiasmatic Meiosis,Heterogametic,XY,10
Animalia,Insecta,Diptera,Tabanidae,Chrysops,pictus,Animalia|Insecta|Diptera|Tabanidae|Chrysops|pictus,Achiasmatic Meiosis,Heterogametic,XY,10
Animalia,Insecta,Diptera,Tabanidae,Chrysops,relictus,Animalia|Insecta|Diptera|Tabanidae|Chrysops|relictus,Achiasmatic Meiosis,Heterogametic,XY,10
Animalia,Insecta,Diptera,Tabanidae,Chrysops,shermani,Animalia|Insecta|Diptera|Tabanidae|Chrysops|shermani,Achiasmatic Meiosis,Heterogametic,XY,12
Animalia,Insecta,Diptera,Tabanidae,Chrysops,suavis,Animalia|Insecta|Diptera|Tabanidae|Chrysops|suavis,Achiasmatic Meiosis,Heterogametic,XY,10
Animalia,Insecta,Diptera,Tabanidae,Chrysops,vanderwulpi,Animalia|Insecta|Diptera|Tabanidae|Chrysops|vanderwulpi,Achiasmatic Meiosis,Heterogametic,XY,10
Animalia,Insecta,Diptera,Tabanidae,Chrysops,vittatus,Animalia|Insecta|Diptera|Tabanidae|Chrysops|vittatus,Achiasmatic Meiosis,Heterogametic,NA,8
Animalia,Insecta,Diptera,Tabanidae,Dasyrhamphis,umbrinus,Animalia|Insecta|Diptera|Tabanidae|Dasyrhamphis|umbrinus,Achiasmatic Meiosis,Heterogametic,NA,12
Animalia,Insecta,Diptera,Tabanidae,Haematopota,crassicornis,Animalia|Insecta|Diptera|Tabanidae|Haematopota|crassicornis,Achiasmatic Meiosis,Heterogametic,XY,18
Animalia,Insecta,Diptera,Tabanidae,Haematopota,italica,Animalia|Insecta|Diptera|Tabanidae|Haematopota|italica,Achiasmatic Meiosis,Heterogametic,NA,14
Animalia,Insecta,Diptera,Tabanidae,Haematopota,pallens,Animalia|Insecta|Diptera|Tabanidae|Haematopota|pallens,Achiasmatic Meiosis,Heterogametic,XY,18
Animalia,Insecta,Diptera,Tabanidae,Haematopota,pellucens,Animalia|Insecta|Diptera|Tabanidae|Haematopota|pellucens,Achiasmatic Meiosis,Heterogametic,XY,14
Animalia,Insecta,Diptera,Tabanidae,Haematopota,pluvialis,Animalia|Insecta|Diptera|Tabanidae|Haematopota|pluvialis,Achiasmatic Meiosis,Heterogametic,NA,18
Animalia,Insecta,Diptera,Tabanidae,Haematopota,scutellatarossica,Animalia|Insecta|Diptera|Tabanidae|Haematopota|scutellatarossica,Achiasmatic Meiosis,Heterogametic,XY,18
Animalia,Insecta,Diptera,Tabanidae,Haematopota,subcylindrica,Animalia|Insecta|Diptera|Tabanidae|Haematopota|subcylindrica,Achiasmatic Meiosis,Heterogametic,XY,26
Animalia,Insecta,Diptera,Tabanidae,Haematopota,tamerlani,Animalia|Insecta|Diptera|Tabanidae|Haematopota|tamerlani,Achiasmatic Meiosis,Heterogametic,XY,18
Animalia,Insecta,Diptera,Tabanidae,Hybomitra,arpadi,Animalia|Insecta|Diptera|Tabanidae|Hybomitra|arpadi,Achiasmatic Meiosis,Heterogametic,XY,12
Animalia,Insecta,Diptera,Tabanidae,Hybomitra,bimaculata,Animalia|Insecta|Diptera|Tabanidae|Hybomitra|bimaculata,Achiasmatic Meiosis,Heterogametic,XY,14
Animalia,Insecta,Diptera,Tabanidae,Hybomitra,brevis,Animalia|Insecta|Diptera|Tabanidae|Hybomitra|brevis,Achiasmatic Meiosis,Heterogametic,XY,18
Animalia,Insecta,Diptera,Tabanidae,Hybomitra,ciureai,Animalia|Insecta|Diptera|Tabanidae|Hybomitra|ciureai,Achiasmatic Meiosis,Heterogametic,XY,12
Animalia,Insecta,Diptera,Tabanidae,Hybomitra,distinguendadistinguenda,Animalia|Insecta|Diptera|Tabanidae|Hybomitra|distinguendadistinguenda,Achiasmatic Meiosis,Heterogametic,XY,16
Animalia,Insecta,Diptera,Tabanidae,Hybomitra,erberi,Animalia|Insecta|Diptera|Tabanidae|Hybomitra|erberi,Achiasmatic Meiosis,Heterogametic,XY,10
Animalia,Insecta,Diptera,Tabanidae,Hybomitra,lasiophthalma,Animalia|Insecta|Diptera|Tabanidae|Hybomitra|lasiophthalma,Achiasmatic Meiosis,Heterogametic,XY,14
Animalia,Insecta,Diptera,Tabanidae,Hybomitra,lundbecki,Animalia|Insecta|Diptera|Tabanidae|Hybomitra|lundbecki,Achiasmatic Meiosis,Heterogametic,XY,18
Animalia,Insecta,Diptera,Tabanidae,Hybomitra,m.acrocentrica,Animalia|Insecta|Diptera|Tabanidae|Hybomitra|m.acrocentrica,Achiasmatic Meiosis,Heterogametic,XY,16
Animalia,Insecta,Diptera,Tabanidae,Hybomitra,montanamontana,Animalia|Insecta|Diptera|Tabanidae|Hybomitra|montanamontana,Achiasmatic Meiosis,Heterogametic,XY,16
Animalia,Insecta,Diptera,Tabanidae,Hybomitra,muhlfeldi,Animalia|Insecta|Diptera|Tabanidae|Hybomitra|muhlfeldi,Achiasmatic Meiosis,Heterogametic,XY,10
Animalia,Insecta,Diptera,Tabanidae,Hybomitra,nigella,Animalia|Insecta|Diptera|Tabanidae|Hybomitra|nigella,Achiasmatic Meiosis,Heterogametic,XY,18
Animalia,Insecta,Diptera,Tabanidae,Hybomitra,peculiaris,Animalia|Insecta|Diptera|Tabanidae|Hybomitra|peculiaris,Achiasmatic Meiosis,Heterogametic,XY,14
Animalia,Insecta,Diptera,Tabanidae,Hybomitra,stenopselapha,Animalia|Insecta|Diptera|Tabanidae|Hybomitra|stenopselapha,Achiasmatic Meiosis,Heterogametic,XY,18
Animalia,Insecta,Diptera,Tabanidae,Hybomitra,tarandina,Animalia|Insecta|Diptera|Tabanidae|Hybomitra|tarandina,Achiasmatic Meiosis,Heterogametic,XY,18
Animalia,Insecta,Diptera,Tabanidae,Hybomitra,tarandinoides,Animalia|Insecta|Diptera|Tabanidae|Hybomitra|tarandinoides,Achiasmatic Meiosis,Heterogametic,XY,10
Animalia,Insecta,Diptera,Tabanidae,Hybomitra,ussuriensis,Animalia|Insecta|Diptera|Tabanidae|Hybomitra|ussuriensis,Achiasmatic Meiosis,Heterogametic,XY,18
Animalia,Insecta,Diptera,Tabanidae,Tabanus,autumnalis,Animalia|Insecta|Diptera|Tabanidae|Tabanus|autumnalis,Achiasmatic Meiosis,Heterogametic,NA,14
Animalia,Insecta,Diptera,Tabanidae,Tabanus,bifarius,Animalia|Insecta|Diptera|Tabanidae|Tabanus|bifarius,Achiasmatic Meiosis,Heterogametic,NA,16
Animalia,Insecta,Diptera,Tabanidae,Tabanus,bovines,Animalia|Insecta|Diptera|Tabanidae|Tabanus|bovines,Achiasmatic Meiosis,Heterogametic,XY,14
Animalia,Insecta,Diptera,Tabanidae,Tabanus,bromius,Animalia|Insecta|Diptera|Tabanidae|Tabanus|bromius,Achiasmatic Meiosis,Heterogametic,NA,10
Animalia,Insecta,Diptera,Tabanidae,Tabanus,buddha,Animalia|Insecta|Diptera|Tabanidae|Tabanus|buddha,Achiasmatic Meiosis,Heterogametic,XY,12
Animalia,Insecta,Diptera,Tabanidae,Tabanus,colchidicus,Animalia|Insecta|Diptera|Tabanidae|Tabanus|colchidicus,Achiasmatic Meiosis,Heterogametic,XY,16
Animalia,Insecta,Diptera,Tabanidae,Tabanus,cordiger,Animalia|Insecta|Diptera|Tabanidae|Tabanus|cordiger,Achiasmatic Meiosis,Heterogametic,NA,12
Animalia,Insecta,Diptera,Tabanidae,Tabanus,dolini,Animalia|Insecta|Diptera|Tabanidae|Tabanus|dolini,Achiasmatic Meiosis,Heterogametic,XY,12
Animalia,Insecta,Diptera,Tabanidae,Tabanus,flavofemoratus,Animalia|Insecta|Diptera|Tabanidae|Tabanus|flavofemoratus,Achiasmatic Meiosis,Heterogametic,XY,10
Animalia,Insecta,Diptera,Tabanidae,Tabanus,geminus,Animalia|Insecta|Diptera|Tabanidae|Tabanus|geminus,Achiasmatic Meiosis,Heterogametic,XY,14
Animalia,Insecta,Diptera,Tabanidae,Tabanus,hauseri,Animalia|Insecta|Diptera|Tabanidae|Tabanus|hauseri,Achiasmatic Meiosis,Heterogametic,XY,14
Animalia,Insecta,Diptera,Tabanidae,Tabanus,indrae,Animalia|Insecta|Diptera|Tabanidae|Tabanus|indrae,Achiasmatic Meiosis,Heterogametic,XY,10
Animalia,Insecta,Diptera,Tabanidae,Tabanus,infestus,Animalia|Insecta|Diptera|Tabanidae|Tabanus|infestus,Achiasmatic Meiosis,Heterogametic,XY,10
Animalia,Insecta,Diptera,Tabanidae,Tabanus,maculicornis,Animalia|Insecta|Diptera|Tabanidae|Tabanus|maculicornis,Achiasmatic Meiosis,Heterogametic,XY,10
Animalia,Insecta,Diptera,Tabanidae,Tabanus,marginalis,Animalia|Insecta|Diptera|Tabanidae|Tabanus|marginalis,Achiasmatic Meiosis,Heterogametic,XY,10
Animalia,Insecta,Diptera,Tabanidae,Tabanus,miki,Animalia|Insecta|Diptera|Tabanidae|Tabanus|miki,Achiasmatic Meiosis,Heterogametic,NA,10
Animalia,Insecta,Diptera,Tabanidae,Tabanus,pleskei,Animalia|Insecta|Diptera|Tabanidae|Tabanus|pleskei,Achiasmatic Meiosis,Heterogametic,XY,12
Animalia,Insecta,Diptera,Tabanidae,Tabanus,quatuornotatus,Animalia|Insecta|Diptera|Tabanidae|Tabanus|quatuornotatus,Achiasmatic Meiosis,Heterogametic,NA,12
Animalia,Insecta,Diptera,Tabanidae,Tabanus,sabuletorum,Animalia|Insecta|Diptera|Tabanidae|Tabanus|sabuletorum,Achiasmatic Meiosis,Heterogametic,XY,12
Animalia,Insecta,Diptera,Tabanidae,Tabanus,shelkovnikovi,Animalia|Insecta|Diptera|Tabanidae|Tabanus|shelkovnikovi,Achiasmatic Meiosis,Heterogametic,XY,12
Animalia,Insecta,Diptera,Tabanidae,Tabanus,spectabilis,Animalia|Insecta|Diptera|Tabanidae|Tabanus|spectabilis,Achiasmatic Meiosis,Heterogametic,XY,10
Animalia,Insecta,Diptera,Tabanidae,Tabanus,sudeticus,Animalia|Insecta|Diptera|Tabanidae|Tabanus|sudeticus,Achiasmatic Meiosis,Heterogametic,XY,14
Animalia,Insecta,Diptera,Tabanidae,Tabanus,unifasciatus,Animalia|Insecta|Diptera|Tabanidae|Tabanus|unifasciatus,Achiasmatic Meiosis,Heterogametic,XY,12
Animalia,Insecta,Diptera,Tabanidae,Tabanus,zimini,Animalia|Insecta|Diptera|Tabanidae|Tabanus|zimini,Achiasmatic Meiosis,Heterogametic,XY,12
Animalia,Insecta,Diptera,Tachinidae,Aplomya,caesar,Animalia|Insecta|Diptera|Tachinidae|Aplomya|caesar,Achiasmatic Meiosis,Heterogametic,XY,12
Animalia,Insecta,Diptera,Tachinidae,Aplomya,mitis,Animalia|Insecta|Diptera|Tachinidae|Aplomya|mitis,Achiasmatic Meiosis,Heterogametic,XY,12
Animalia,Insecta,Diptera,Tachinidae,Archylas,apicifer,Animalia|Insecta|Diptera|Tachinidae|Archylas|apicifer,Achiasmatic Meiosis,Heterogametic,XY,12
Animalia,Insecta,Diptera,Tachinidae,Archytas,apicifera,Animalia|Insecta|Diptera|Tachinidae|Archytas|apicifera,Achiasmatic Meiosis,Heterogametic,XY,12
Animalia,Insecta,Diptera,Tachinidae,Archytas,prob.Apicifer,Animalia|Insecta|Diptera|Tachinidae|Archytas|prob.Apicifer,Achiasmatic Meiosis,Heterogametic,NA,12
Animalia,Insecta,Diptera,Tachinidae,Bessa,selecta,Animalia|Insecta|Diptera|Tachinidae|Bessa|selecta,Achiasmatic Meiosis,Heterogametic,XY,12
Animalia,Insecta,Diptera,Tachinidae,Ceracia,dentata,Animalia|Insecta|Diptera|Tachinidae|Ceracia|dentata,Achiasmatic Meiosis,Heterogametic,XY,12
Animalia,Insecta,Diptera,Tachinidae,Ceromasia,auricaudata,Animalia|Insecta|Diptera|Tachinidae|Ceromasia|auricaudata,Achiasmatic Meiosis,Heterogametic,XY,12
Animalia,Insecta,Diptera,Tachinidae,Drino,bohemica,Animalia|Insecta|Diptera|Tachinidae|Drino|bohemica,Achiasmatic Meiosis,Heterogametic,XY,12
Animalia,Insecta,Diptera,Tachinidae,Eumea,westermanni,Animalia|Insecta|Diptera|Tachinidae|Eumea|westermanni,Achiasmatic Meiosis,Heterogametic,NA,12
Animalia,Insecta,Diptera,Tachinidae,Exorista,bombycis,Animalia|Insecta|Diptera|Tachinidae|Exorista|bombycis,Achiasmatic Meiosis,Heterogametic,XY,12
Animalia,Insecta,Diptera,Tachinidae,Lydella,grisescens,Animalia|Insecta|Diptera|Tachinidae|Lydella|grisescens,Achiasmatic Meiosis,Heterogametic,XY,12
Animalia,Insecta,Diptera,Tachinidae,Madremyia,saundersii,Animalia|Insecta|Diptera|Tachinidae|Madremyia|saundersii,Achiasmatic Meiosis,Heterogametic,XY,12
Animalia,Insecta,Diptera,Tachinidae,Mercia,ampelus,Animalia|Insecta|Diptera|Tachinidae|Mercia|ampelus,Achiasmatic Meiosis,Heterogametic,XY,12
Animalia,Insecta,Diptera,Tachinidae,Nemorella,pyste,Animalia|Insecta|Diptera|Tachinidae|Nemorella|pyste,Achiasmatic Meiosis,Heterogametic,XY,12
Animalia,Insecta,Diptera,Tachinidae,Neophorocera,hamata,Animalia|Insecta|Diptera|Tachinidae|Neophorocera|hamata,Achiasmatic Meiosis,Heterogametic,XY,12
Animalia,Insecta,Diptera,Tachinidae,Omoloma,fumiferanae,Animalia|Insecta|Diptera|Tachinidae|Omoloma|fumiferanae,Achiasmatic Meiosis,Heterogametic,XY,12
Animalia,Insecta,Diptera,Tachinidae,Omotoma,fumiferonae,Animalia|Insecta|Diptera|Tachinidae|Omotoma|fumiferonae,Achiasmatic Meiosis,Heterogametic,XY,12
Animalia,Insecta,Diptera,Tachinidae,Peletieria,iterans,Animalia|Insecta|Diptera|Tachinidae|Peletieria|iterans,Achiasmatic Meiosis,Heterogametic,XY,12
Animalia,Insecta,Diptera,Tachinidae,Phorocera,hamata,Animalia|Insecta|Diptera|Tachinidae|Phorocera|hamata,Achiasmatic Meiosis,Heterogametic,XY,12
Animalia,Insecta,Diptera,Tachinidae,Phryxe,pecosensis,Animalia|Insecta|Diptera|Tachinidae|Phryxe|pecosensis,Achiasmatic Meiosis,Heterogametic,XY,12
Animalia,Insecta,Diptera,Tachinidae,Spathimeigenia,sp.,Animalia|Insecta|Diptera|Tachinidae|Spathimeigenia|sp.,Achiasmatic Meiosis,Heterogametic,XY,12
Animalia,Insecta,Diptera,Tachinidae,Voria,ruralis,Animalia|Insecta|Diptera|Tachinidae|Voria|ruralis,Achiasmatic Meiosis,Heterogametic,NA,12
Animalia,Insecta,Diptera,Tachinidae,Winthemia,datanae,Animalia|Insecta|Diptera|Tachinidae|Winthemia|datanae,Achiasmatic Meiosis,Heterogametic,XY,12
Animalia,Insecta,Diptera,Tachinidae,Winthemia,occidentis,Animalia|Insecta|Diptera|Tachinidae|Winthemia|occidentis,Achiasmatic Meiosis,Heterogametic,XY,12
Animalia,Insecta,Diptera,Tachinidae,Winthemia,rufopicta,Animalia|Insecta|Diptera|Tachinidae|Winthemia|rufopicta,Achiasmatic Meiosis,Heterogametic,XY,12
Animalia,Insecta,Diptera,Tachinidae,NA,mitis,Animalia|Insecta|Diptera|Tachinidae|NA|mitis,Achiasmatic Meiosis,Heterogametic,XY,12
Animalia,Insecta,Diptera,Tephritidae,Acinia,fucata,Animalia|Insecta|Diptera|Tephritidae|Acinia|fucata,Achiasmatic Meiosis,Heterogametic,ZW,12
Animalia,Insecta,Diptera,Tephritidae,Acinia,mallochi,Animalia|Insecta|Diptera|Tephritidae|Acinia|mallochi,Achiasmatic Meiosis,Heterogametic,ZW,12
Animalia,Insecta,Diptera,Tephritidae,Afrodacus,jarvisi,Animalia|Insecta|Diptera|Tephritidae|Afrodacus|jarvisi,Achiasmatic Meiosis,Heterogametic,XY,14
Animalia,Insecta,Diptera,Tephritidae,Anastepha,ludens,Animalia|Insecta|Diptera|Tephritidae|Anastepha|ludens,Achiasmatic Meiosis,Heterogametic,NA,10
Animalia,Insecta,Diptera,Tephritidae,Anastrepha,amita,Animalia|Insecta|Diptera|Tephritidae|Anastrepha|amita,Achiasmatic Meiosis,Heterogametic,XY,12
Animalia,Insecta,Diptera,Tephritidae,Anastrepha,aphelocentema,Animalia|Insecta|Diptera|Tephritidae|Anastrepha|aphelocentema,Achiasmatic Meiosis,Heterogametic,NA,12
Animalia,Insecta,Diptera,Tephritidae,Anastrepha,barnesi,Animalia|Insecta|Diptera|Tephritidae|Anastrepha|barnesi,Achiasmatic Meiosis,Heterogametic,XY,12
Animalia,Insecta,Diptera,Tephritidae,Anastrepha,bistrigata,Animalia|Insecta|Diptera|Tephritidae|Anastrepha|bistrigata,Achiasmatic Meiosis,Heterogametic,NA,12
Animalia,Insecta,Diptera,Tephritidae,Anastrepha,distincta,Animalia|Insecta|Diptera|Tephritidae|Anastrepha|distincta,Achiasmatic Meiosis,Heterogametic,XY,12
Animalia,Insecta,Diptera,Tephritidae,Anastrepha,fraterculus,Animalia|Insecta|Diptera|Tephritidae|Anastrepha|fraterculus,Achiasmatic Meiosis,Heterogametic,XY,12
Animalia,Insecta,Diptera,Tephritidae,Anastrepha,grandis,Animalia|Insecta|Diptera|Tephritidae|Anastrepha|grandis,Achiasmatic Meiosis,Heterogametic,XY,12
Animalia,Insecta,Diptera,Tephritidae,Anastrepha,leptozona,Animalia|Insecta|Diptera|Tephritidae|Anastrepha|leptozona,Achiasmatic Meiosis,Heterogametic,XY,10
Animalia,Insecta,Diptera,Tephritidae,Anastrepha,ludens,Animalia|Insecta|Diptera|Tephritidae|Anastrepha|ludens,Achiasmatic Meiosis,Heterogametic,XY,12
Animalia,Insecta,Diptera,Tephritidae,Anastrepha,mombinpraeoptans,Animalia|Insecta|Diptera|Tephritidae|Anastrepha|mombinpraeoptans,Achiasmatic Meiosis,Heterogametic,NA,12
Animalia,Insecta,Diptera,Tephritidae,Anastrepha,montei,Animalia|Insecta|Diptera|Tephritidae|Anastrepha|montei,Achiasmatic Meiosis,Heterogametic,XY,8
Animalia,Insecta,Diptera,Tephritidae,Anastrepha,obliqua,Animalia|Insecta|Diptera|Tephritidae|Anastrepha|obliqua,Achiasmatic Meiosis,Heterogametic,XY,12
Animalia,Insecta,Diptera,Tephritidae,Anastrepha,pickeli,Animalia|Insecta|Diptera|Tephritidae|Anastrepha|pickeli,Achiasmatic Meiosis,Heterogametic,XY,8
Animalia,Insecta,Diptera,Tephritidae,Anastrepha,pseudoparallela,Animalia|Insecta|Diptera|Tephritidae|Anastrepha|pseudoparallela,Achiasmatic Meiosis,Heterogametic,XY,12
Animalia,Insecta,Diptera,Tephritidae,Anastrepha,serpentina,Animalia|Insecta|Diptera|Tephritidae|Anastrepha|serpentina,Achiasmatic Meiosis,Heterogametic,NA,12
Animalia,Insecta,Diptera,Tephritidae,Anastrepha,sororcula,Animalia|Insecta|Diptera|Tephritidae|Anastrepha|sororcula,Achiasmatic Meiosis,Heterogametic,XY,12
Animalia,Insecta,Diptera,Tephritidae,Anastrepha,spatula,Animalia|Insecta|Diptera|Tephritidae|Anastrepha|spatula,Achiasmatic Meiosis,Heterogametic,XY,12
Animalia,Insecta,Diptera,Tephritidae,Anastrepha,spatulata,Animalia|Insecta|Diptera|Tephritidae|Anastrepha|spatulata,Achiasmatic Meiosis,Heterogametic,XY,12
Animalia,Insecta,Diptera,Tephritidae,Anastrepha,striata,Animalia|Insecta|Diptera|Tephritidae|Anastrepha|striata,Achiasmatic Meiosis,Heterogametic,XY,12
Animalia,Insecta,Diptera,Tephritidae,Anastrepha,suspensa,Animalia|Insecta|Diptera|Tephritidae|Anastrepha|suspensa,Achiasmatic Meiosis,Heterogametic,XY,12
Animalia,Insecta,Diptera,Tephritidae,Anastrepha,turpiniae,Animalia|Insecta|Diptera|Tephritidae|Anastrepha|turpiniae,Achiasmatic Meiosis,Heterogametic,XY,12
Animalia,Insecta,Diptera,Tephritidae,Anastrepha,zenildae,Animalia|Insecta|Diptera|Tephritidae|Anastrepha|zenildae,Achiasmatic Meiosis,Heterogametic,XY,12
Animalia,Insecta,Diptera,Tephritidae,Anastrepha,zuelaniae,Animalia|Insecta|Diptera|Tephritidae|Anastrepha|zuelaniae,Achiasmatic Meiosis,Heterogametic,XY,12
Animalia,Insecta,Diptera,Tephritidae,Austrodacus,cucumis,Animalia|Insecta|Diptera|Tephritidae|Austrodacus|cucumis,Achiasmatic Meiosis,Heterogametic,XY,12
Animalia,Insecta,Diptera,Tephritidae,Bactrocera,arecae,Animalia|Insecta|Diptera|Tephritidae|Bactrocera|arecae,Achiasmatic Meiosis,Heterogametic,XY,12
Animalia,Insecta,Diptera,Tephritidae,Bactrocera,carambolae,Animalia|Insecta|Diptera|Tephritidae|Bactrocera|carambolae,Achiasmatic Meiosis,Heterogametic,XY,12
Animalia,Insecta,Diptera,Tephritidae,Bactrocera,cucurbitae,Animalia|Insecta|Diptera|Tephritidae|Bactrocera|cucurbitae,Achiasmatic Meiosis,Heterogametic,XY,12
Animalia,Insecta,Diptera,Tephritidae,Bactrocera,diversa,Animalia|Insecta|Diptera|Tephritidae|Bactrocera|diversa,Achiasmatic Meiosis,Heterogametic,XY,12
Animalia,Insecta,Diptera,Tephritidae,Bactrocera,diversus,Animalia|Insecta|Diptera|Tephritidae|Bactrocera|diversus,Achiasmatic Meiosis,Heterogametic,XY,12
Animalia,Insecta,Diptera,Tephritidae,Bactrocera,irvingiae,Animalia|Insecta|Diptera|Tephritidae|Bactrocera|irvingiae,Achiasmatic Meiosis,Heterogametic,XY,12
Animalia,Insecta,Diptera,Tephritidae,Bactrocera,latifrons,Animalia|Insecta|Diptera|Tephritidae|Bactrocera|latifrons,Achiasmatic Meiosis,Heterogametic,XY,12
Animalia,Insecta,Diptera,Tephritidae,Bactrocera,melastomatos,Animalia|Insecta|Diptera|Tephritidae|Bactrocera|melastomatos,Achiasmatic Meiosis,Heterogametic,XY,12
Animalia,Insecta,Diptera,Tephritidae,Bactrocera,modican.comb.,Animalia|Insecta|Diptera|Tephritidae|Bactrocera|modican.comb.,Achiasmatic Meiosis,Heterogametic,XY,12
Animalia,Insecta,Diptera,Tephritidae,Bactrocera,oleae,Animalia|Insecta|Diptera|Tephritidae|Bactrocera|oleae,Achiasmatic Meiosis,Heterogametic,XY,12
Animalia,Insecta,Diptera,Tephritidae,Bactrocera,propinqua,Animalia|Insecta|Diptera|Tephritidae|Bactrocera|propinqua,Achiasmatic Meiosis,Heterogametic,XY,12
Animalia,Insecta,Diptera,Tephritidae,Bactrocera,pyrifoliae,Animalia|Insecta|Diptera|Tephritidae|Bactrocera|pyrifoliae,Achiasmatic Meiosis,Heterogametic,XY,12
Animalia,Insecta,Diptera,Tephritidae,Bactrocera,rubellan.comb.,Animalia|Insecta|Diptera|Tephritidae|Bactrocera|rubellan.comb.,Achiasmatic Meiosis,Heterogametic,XY,12
Animalia,Insecta,Diptera,Tephritidae,Bactrocera,scutellaris,Animalia|Insecta|Diptera|Tephritidae|Bactrocera|scutellaris,Achiasmatic Meiosis,Heterogametic,XY,12
Animalia,Insecta,Diptera,Tephritidae,Bactrocera,tau,Animalia|Insecta|Diptera|Tephritidae|Bactrocera|tau,Achiasmatic Meiosis,Heterogametic,XY,12
Animalia,Insecta,Diptera,Tephritidae,Bactrocera,zonatus,Animalia|Insecta|Diptera|Tephritidae|Bactrocera|zonatus,Achiasmatic Meiosis,Heterogametic,XY,12
Animalia,Insecta,Diptera,Tephritidae,Cecidocharella,borrichia,Animalia|Insecta|Diptera|Tephritidae|Cecidocharella|borrichia,Achiasmatic Meiosis,Heterogametic,ZW,12
Animalia,Insecta,Diptera,Tephritidae,Ceratitis,capitata,Animalia|Insecta|Diptera|Tephritidae|Ceratitis|capitata,Achiasmatic Meiosis,Heterogametic,XY,12
Animalia,Insecta,Diptera,Tephritidae,Ceratitis,fasciventris,Animalia|Insecta|Diptera|Tephritidae|Ceratitis|fasciventris,Achiasmatic Meiosis,Heterogametic,NA,12
Animalia,Insecta,Diptera,Tephritidae,Ceratitis,rosa,Animalia|Insecta|Diptera|Tephritidae|Ceratitis|rosa,Achiasmatic Meiosis,Heterogametic,XY,12
Animalia,Insecta,Diptera,Tephritidae,Chrysotrypanea,sp,Animalia|Insecta|Diptera|Tephritidae|Chrysotrypanea|sp,Achiasmatic Meiosis,Heterogametic,ZW,12
Animalia,Insecta,Diptera,Tephritidae,Chrysotrypanea,trifasciata,Animalia|Insecta|Diptera|Tephritidae|Chrysotrypanea|trifasciata,Achiasmatic Meiosis,Heterogametic,ZW,12
Animalia,Insecta,Diptera,Tephritidae,Dacus,ciliatus,Animalia|Insecta|Diptera|Tephritidae|Dacus|ciliatus,Achiasmatic Meiosis,Heterogametic,XY,12
Animalia,Insecta,Diptera,Tephritidae,Dacus,olea,Animalia|Insecta|Diptera|Tephritidae|Dacus|olea,Achiasmatic Meiosis,Heterogametic,XY,12
Animalia,Insecta,Diptera,Tephritidae,Dioxina,chilensis,Animalia|Insecta|Diptera|Tephritidae|Dioxina|chilensis,Achiasmatic Meiosis,Heterogametic,NA,12
Animalia,Insecta,Diptera,Tephritidae,Diplodacus,sienatiles,Animalia|Insecta|Diptera|Tephritidae|Diplodacus|sienatiles,Achiasmatic Meiosis,Heterogametic,XY,12
Animalia,Insecta,Diptera,Tephritidae,Dyseuaresta,impluvita,Animalia|Insecta|Diptera|Tephritidae|Dyseuaresta|impluvita,Achiasmatic Meiosis,Heterogametic,NA,12
Animalia,Insecta,Diptera,Tephritidae,Dyseuaresta,mexicana,Animalia|Insecta|Diptera|Tephritidae|Dyseuaresta|mexicana,Achiasmatic Meiosis,Heterogametic,NA,12
Animalia,Insecta,Diptera,Tephritidae,Epochra,canadensis,Animalia|Insecta|Diptera|Tephritidae|Epochra|canadensis,Achiasmatic Meiosis,Heterogametic,XY,10
Animalia,Insecta,Diptera,Tephritidae,Euaresta,melanogaster,Animalia|Insecta|Diptera|Tephritidae|Euaresta|melanogaster,Achiasmatic Meiosis,Heterogametic,NA,12
Animalia,Insecta,Diptera,Tephritidae,Procecidochares,utilis,Animalia|Insecta|Diptera|Tephritidae|Procecidochares|utilis,Achiasmatic Meiosis,Heterogametic,XY,12
Animalia,Insecta,Diptera,Tephritidae,Rhachiptera,limbata,Animalia|Insecta|Diptera|Tephritidae|Rhachiptera|limbata,Achiasmatic Meiosis,Heterogametic,ZW,12
Animalia,Insecta,Diptera,Tephritidae,Rhagoletis,basiola,Animalia|Insecta|Diptera|Tephritidae|Rhagoletis|basiola,Achiasmatic Meiosis,Heterogametic,XY,10
Animalia,Insecta,Diptera,Tephritidae,Rhagoletis,berberedis,Animalia|Insecta|Diptera|Tephritidae|Rhagoletis|berberedis,Achiasmatic Meiosis,Heterogametic,XY,12
Animalia,Insecta,Diptera,Tephritidae,Rhagoletis,berberidis,Animalia|Insecta|Diptera|Tephritidae|Rhagoletis|berberidis,Achiasmatic Meiosis,Heterogametic,NA,12
Animalia,Insecta,Diptera,Tephritidae,Rhagoletis,berberis,Animalia|Insecta|Diptera|Tephritidae|Rhagoletis|berberis,Achiasmatic Meiosis,Heterogametic,NA,10
Animalia,Insecta,Diptera,Tephritidae,Rhagoletis,boycei,Animalia|Insecta|Diptera|Tephritidae|Rhagoletis|boycei,Achiasmatic Meiosis,Heterogametic,NA,12
Animalia,Insecta,Diptera,Tephritidae,Rhagoletis,cerasi,Animalia|Insecta|Diptera|Tephritidae|Rhagoletis|cerasi,Achiasmatic Meiosis,Heterogametic,XY,12
Animalia,Insecta,Diptera,Tephritidae,Rhagoletis,cingulata,Animalia|Insecta|Diptera|Tephritidae|Rhagoletis|cingulata,Achiasmatic Meiosis,Heterogametic,NA,12
Animalia,Insecta,Diptera,Tephritidae,Rhagoletis,completa,Animalia|Insecta|Diptera|Tephritidae|Rhagoletis|completa,Achiasmatic Meiosis,Heterogametic,NA,12
Animalia,Insecta,Diptera,Tephritidae,Rhagoletis,conivora,Animalia|Insecta|Diptera|Tephritidae|Rhagoletis|conivora,Achiasmatic Meiosis,Heterogametic,XY,12
Animalia,Insecta,Diptera,Tephritidae,Rhagoletis,conversa,Animalia|Insecta|Diptera|Tephritidae|Rhagoletis|conversa,Achiasmatic Meiosis,Heterogametic,XY,12
Animalia,Insecta,Diptera,Tephritidae,Rhagoletis,fausta,Animalia|Insecta|Diptera|Tephritidae|Rhagoletis|fausta,Achiasmatic Meiosis,Heterogametic,NA,12
Animalia,Insecta,Diptera,Tephritidae,Rhagoletis,indifferens,Animalia|Insecta|Diptera|Tephritidae|Rhagoletis|indifferens,Achiasmatic Meiosis,Heterogametic,NA,12
Animalia,Insecta,Diptera,Tephritidae,Rhagoletis,jungladis,Animalia|Insecta|Diptera|Tephritidae|Rhagoletis|jungladis,Achiasmatic Meiosis,Heterogametic,NA,12
Animalia,Insecta,Diptera,Tephritidae,Rhagoletis,juniperina,Animalia|Insecta|Diptera|Tephritidae|Rhagoletis|juniperina,Achiasmatic Meiosis,Heterogametic,NA,12
Animalia,Insecta,Diptera,Tephritidae,Rhagoletis,meigeni,Animalia|Insecta|Diptera|Tephritidae|Rhagoletis|meigeni,Achiasmatic Meiosis,Heterogametic,XO,10
Animalia,Insecta,Diptera,Tephritidae,Rhagoletis,mendax,Animalia|Insecta|Diptera|Tephritidae|Rhagoletis|mendax,Achiasmatic Meiosis,Heterogametic,NA,12
Animalia,Insecta,Diptera,Tephritidae,Rhagoletis,nova,Animalia|Insecta|Diptera|Tephritidae|Rhagoletis|nova,Achiasmatic Meiosis,Heterogametic,XY,12
Animalia,Insecta,Diptera,Tephritidae,Rhagoletis,pomella,Animalia|Insecta|Diptera|Tephritidae|Rhagoletis|pomella,Achiasmatic Meiosis,Heterogametic,NA,12
Animalia,Insecta,Diptera,Tephritidae,Rhagoletis,ribicola,Animalia|Insecta|Diptera|Tephritidae|Rhagoletis|ribicola,Achiasmatic Meiosis,Heterogametic,NA,12
Animalia,Insecta,Diptera,Tephritidae,Rhagoletis,striatelia,Animalia|Insecta|Diptera|Tephritidae|Rhagoletis|striatelia,Achiasmatic Meiosis,Heterogametic,NA,12
Animalia,Insecta,Diptera,Tephritidae,Rhagoletis,suavis,Animalia|Insecta|Diptera|Tephritidae|Rhagoletis|suavis,Achiasmatic Meiosis,Heterogametic,NA,12
Animalia,Insecta,Diptera,Tephritidae,Rhagoletis,tabelaria,Animalia|Insecta|Diptera|Tephritidae|Rhagoletis|tabelaria,Achiasmatic Meiosis,Heterogametic,NA,12
Animalia,Insecta,Diptera,Tephritidae,Rhagoletis,tomatis,Animalia|Insecta|Diptera|Tephritidae|Rhagoletis|tomatis,Achiasmatic Meiosis,Heterogametic,XY,12
Animalia,Insecta,Diptera,Tephritidae,Rhagoletis,zephyria,Animalia|Insecta|Diptera|Tephritidae|Rhagoletis|zephyria,Achiasmatic Meiosis,Heterogametic,NA,12
Animalia,Insecta,Diptera,Tephritidae,Rhagoletis,zoqui,Animalia|Insecta|Diptera|Tephritidae|Rhagoletis|zoqui,Achiasmatic Meiosis,Heterogametic,NA,12
Animalia,Insecta,Diptera,Tephritidae,Strumata,bryoniae,Animalia|Insecta|Diptera|Tephritidae|Strumata|bryoniae,Achiasmatic Meiosis,Heterogametic,XY,12
Animalia,Insecta,Diptera,Tephritidae,Strumata,cacuminata,Animalia|Insecta|Diptera|Tephritidae|Strumata|cacuminata,Achiasmatic Meiosis,Heterogametic,XY,12
Animalia,Insecta,Diptera,Tephritidae,Strumata,humeralis,Animalia|Insecta|Diptera|Tephritidae|Strumata|humeralis,Achiasmatic Meiosis,Heterogametic,XY,12
Animalia,Insecta,Diptera,Tephritidae,Strumata,tryoni,Animalia|Insecta|Diptera|Tephritidae|Strumata|tryoni,Achiasmatic Meiosis,Heterogametic,XY,12
Animalia,Insecta,Diptera,Tephritidae,Tehpritis,arnicae,Animalia|Insecta|Diptera|Tephritidae|Tehpritis|arnicae,Achiasmatic Meiosis,Heterogametic,XY,12
Animalia,Insecta,Diptera,Tephritidae,Tephritis,arnicae,Animalia|Insecta|Diptera|Tephritidae|Tephritis|arnicae,Achiasmatic Meiosis,Heterogametic,XO,12
Animalia,Insecta,Diptera,Tephritidae,Tephritis,sp.,Animalia|Insecta|Diptera|Tephritidae|Tephritis|sp.,Achiasmatic Meiosis,Heterogametic,ZW,12
Animalia,Insecta,Diptera,Tephritidae,Trirhithrum,coffeae,Animalia|Insecta|Diptera|Tephritidae|Trirhithrum|coffeae,Achiasmatic Meiosis,Heterogametic,XY,12
Animalia,Insecta,Diptera,Tephritidae,Trupanea,chrysanthemifolii,Animalia|Insecta|Diptera|Tephritidae|Trupanea|chrysanthemifolii,Achiasmatic Meiosis,Heterogametic,NA,12
Animalia,Insecta,Diptera,Tephritidae,Trupanea,foliosi,Animalia|Insecta|Diptera|Tephritidae|Trupanea|foliosi,Achiasmatic Meiosis,Heterogametic,NA,12
Animalia,Insecta,Diptera,Tephritidae,Trupanea,footei,Animalia|Insecta|Diptera|Tephritidae|Trupanea|footei,Achiasmatic Meiosis,Heterogametic,NA,12
Animalia,Insecta,Diptera,Tephritidae,Trupanea,thuriferae,Animalia|Insecta|Diptera|Tephritidae|Trupanea|thuriferae,Achiasmatic Meiosis,Heterogametic,NA,12
Animalia,Insecta,Diptera,Tephritidae,Trypanaresta,marisolae,Animalia|Insecta|Diptera|Tephritidae|Trypanaresta|marisolae,Achiasmatic Meiosis,Heterogametic,NA,12
Animalia,Insecta,Diptera,Tephritidae,Zonosemata,electa,Animalia|Insecta|Diptera|Tephritidae|Zonosemata|electa,Achiasmatic Meiosis,Heterogametic,XY,12
Animalia,Insecta,Diptera,Tephritidae,Zonosemata,vittigera,Animalia|Insecta|Diptera|Tephritidae|Zonosemata|vittigera,Achiasmatic Meiosis,Heterogametic,XY,12
Animalia,Insecta,Diptera,Thaumaleidae,Thaumalea,testacea,Animalia|Insecta|Diptera|Thaumaleidae|Thaumalea|testacea,Achiasmatic Meiosis,Heterogametic,XY,6
Animalia,Insecta,Diptera,Tipulidae,Tipula,maxima,Animalia|Insecta|Diptera|Tipulidae|Tipula|maxima,Achiasmatic Meiosis,Heterogametic,NA,NA
Animalia,Insecta,Diptera,Ulidiidae,Camptoneura,picta,Animalia|Insecta|Diptera|Ulidiidae|Camptoneura|picta,Achiasmatic Meiosis,Heterogametic,NA,12
Animalia,Insecta,Diptera,Ulidiidae,Ceroxys,latiusculus,Animalia|Insecta|Diptera|Ulidiidae|Ceroxys|latiusculus,Achiasmatic Meiosis,Heterogametic,XY,12
Animalia,Insecta,Diptera,Ulidiidae,Ceroxys,urticae,Animalia|Insecta|Diptera|Ulidiidae|Ceroxys|urticae,Achiasmatic Meiosis,Heterogametic,XY,12
Animalia,Insecta,Diptera,Ulidiidae,Chaetopsis,fulvifrons,Animalia|Insecta|Diptera|Ulidiidae|Chaetopsis|fulvifrons,Achiasmatic Meiosis,Heterogametic,NA,8
Animalia,Insecta,Diptera,Ulidiidae,Chaetopsis,ulvi,Animalia|Insecta|Diptera|Ulidiidae|Chaetopsis|ulvi,Achiasmatic Meiosis,Heterogametic,NA,8
Animalia,Insecta,Diptera,Ulidiidae,Delphinia,picta,Animalia|Insecta|Diptera|Ulidiidae|Delphinia|picta,Achiasmatic Meiosis,Heterogametic,XY,12
Animalia,Insecta,Diptera,Ulidiidae,Euxesta,notata,Animalia|Insecta|Diptera|Ulidiidae|Euxesta|notata,Achiasmatic Meiosis,Heterogametic,XY,12
Animalia,Insecta,Diptera,Ulidiidae,Euxesta,notatasp.1,Animalia|Insecta|Diptera|Ulidiidae|Euxesta|notatasp.1,Achiasmatic Meiosis,Heterogametic,XY,12
Animalia,Insecta,Diptera,Ulidiidae,Euxesta,notatasp.2,Animalia|Insecta|Diptera|Ulidiidae|Euxesta|notatasp.2,Achiasmatic Meiosis,Heterogametic,XY,12
Animalia,Insecta,Diptera,Ulidiidae,Euxesta,sp1.,Animalia|Insecta|Diptera|Ulidiidae|Euxesta|sp1.,Achiasmatic Meiosis,Heterogametic,XY,12
Animalia,Insecta,Diptera,Ulidiidae,Euxesta,sp2.,Animalia|Insecta|Diptera|Ulidiidae|Euxesta|sp2.,Achiasmatic Meiosis,Heterogametic,XY,12
Animalia,Insecta,Diptera,Ulidiidae,Melieria,crassipennis,Animalia|Insecta|Diptera|Ulidiidae|Melieria|crassipennis,Achiasmatic Meiosis,Heterogametic,XY,8
Animalia,Insecta,Diptera,Ulidiidae,Melieria,crassipennisI,Animalia|Insecta|Diptera|Ulidiidae|Melieria|crassipennisI,Achiasmatic Meiosis,Heterogametic,XY,8
Animalia,Insecta,Diptera,Ulidiidae,Melieria,crassipennisII,Animalia|Insecta|Diptera|Ulidiidae|Melieria|crassipennisII,Achiasmatic Meiosis,Heterogametic,XY,8
Animalia,Insecta,Diptera,Ulidiidae,Myrmecotheca,myrmecoides,Animalia|Insecta|Diptera|Ulidiidae|Myrmecotheca|myrmecoides,Achiasmatic Meiosis,Heterogametic,XY,12
Animalia,Insecta,Diptera,Ulidiidae,Physiphora,aenea,Animalia|Insecta|Diptera|Ulidiidae|Physiphora|aenea,Achiasmatic Meiosis,Heterogametic,XY,10
Animalia,Insecta,Diptera,Ulidiidae,Pterocalla,sp.,Animalia|Insecta|Diptera|Ulidiidae|Pterocalla|sp.,Achiasmatic Meiosis,Heterogametic,XY,10
Animalia,Insecta,Diptera,Ulidiidae,Seioptera,vibrans,Animalia|Insecta|Diptera|Ulidiidae|Seioptera|vibrans,Achiasmatic Meiosis,Heterogametic,XY,6
Animalia,Insecta,Diptera,Xylomyidae,Solva,pallipes,Animalia|Insecta|Diptera|Xylomyidae|Solva|pallipes,Achiasmatic Meiosis,Heterogametic,XY,10
Animalia,Insecta,Hemiptera,Belostomatidae,Belostoma,candidulum,Animalia|Insecta|Hemiptera|Belostomatidae|Belostoma|candidulum,Achiasmatic Sex Chromosomes,Heterogametic,XY,16
Animalia,Insecta,Hemiptera,Belostomatidae,Belostoma,cummings,Animalia|Insecta|Hemiptera|Belostomatidae|Belostoma|cummings,Achiasmatic Sex Chromosomes,Heterogametic,XY,24
Animalia,Insecta,Hemiptera,Belostomatidae,Belostoma,dentatum,Animalia|Insecta|Hemiptera|Belostomatidae|Belostoma|dentatum,Achiasmatic Sex Chromosomes,Heterogametic,NA,30
Animalia,Insecta,Hemiptera,Belostomatidae,Belostoma,dialatatum,Animalia|Insecta|Hemiptera|Belostomatidae|Belostoma|dialatatum,Achiasmatic Sex Chromosomes,Heterogametic,NA,32
Animalia,Insecta,Hemiptera,Belostomatidae,Belostoma,discretum,Animalia|Insecta|Hemiptera|Belostomatidae|Belostoma|discretum,Achiasmatic Sex Chromosomes,Heterogametic,NA,30
Animalia,Insecta,Hemiptera,Belostomatidae,Belostoma,elongatum,Animalia|Insecta|Hemiptera|Belostomatidae|Belostoma|elongatum,Achiasmatic Sex Chromosomes,Heterogametic,NA,30
Animalia,Insecta,Hemiptera,Belostomatidae,Belostoma,gestroi,Animalia|Insecta|Hemiptera|Belostomatidae|Belostoma|gestroi,Achiasmatic Sex Chromosomes,Heterogametic,NA,30
Animalia,Insecta,Hemiptera,Belostomatidae,Belostoma,horvathi,Animalia|Insecta|Hemiptera|Belostomatidae|Belostoma|horvathi,Achiasmatic Sex Chromosomes,Heterogametic,XY,16
Animalia,Insecta,Hemiptera,Belostomatidae,Belostoma,sp.,Animalia|Insecta|Hemiptera|Belostomatidae|Belostoma|sp.,Achiasmatic Sex Chromosomes,Heterogametic,XY,16
Animalia,Insecta,Hemiptera,Belostomatidae,Belostoma,testacopallidum,Animalia|Insecta|Hemiptera|Belostomatidae|Belostoma|testacopallidum,Achiasmatic Sex Chromosomes,Heterogametic,NA,32
Animalia,Insecta,Hemiptera,Cimicidae,Acanthocrios,furnarii,Animalia|Insecta|Hemiptera|Cimicidae|Acanthocrios|furnarii,Achiasmatic Meiosis,Heterogametic,XY,12
Animalia,Insecta,Hemiptera,Cimicidae,Cimex,lectularius,Animalia|Insecta|Hemiptera|Cimicidae|Cimex|lectularius,Achiasmatic Meiosis,Heterogametic,NA,36
Animalia,Insecta,Hemiptera,Cimicidae,Cyanolicimex,patagonicus,Animalia|Insecta|Hemiptera|Cimicidae|Cyanolicimex|patagonicus,Achiasmatic Meiosis,Heterogametic,XY,32
Animalia,Insecta,Hemiptera,Cimicidae,Psitticimex,uritui,Animalia|Insecta|Hemiptera|Cimicidae|Psitticimex|uritui,Achiasmatic Meiosis,Heterogametic,XY,28
Animalia,Insecta,Hemiptera,Coreidae,Camptischium,clavipes,Animalia|Insecta|Hemiptera|Coreidae|Camptischium|clavipes,Achiasmatic Meiosis,Heterogametic,XO,20
Animalia,Insecta,Hemiptera,Corixidae,Cymatia,coleoptrata,Animalia|Insecta|Hemiptera|Corixidae|Cymatia|coleoptrata,Achiasmatic Meiosis,Heterogametic,XY,24
Animalia,Insecta,Hemiptera,Corixidae,Cymatia,rogenhoferi,Animalia|Insecta|Hemiptera|Corixidae|Cymatia|rogenhoferi,Achiasmatic Meiosis,Heterogametic,XY,34
Animalia,Insecta,Hemiptera,Largidae,Largus,rufipennis,Animalia|Insecta|Hemiptera|Largidae|Largus|rufipennis,Achiasmatic Sex Chromosomes,Heterogametic,XO,14
Animalia,Insecta,Hemiptera,Micronectidae,Micronecta,griseola,Animalia|Insecta|Hemiptera|Micronectidae|Micronecta|griseola,Achiasmatic Meiosis,Heterogametic,XY,22
Animalia,Insecta,Hemiptera,Micronectidae,Micronecta,poweri,Animalia|Insecta|Hemiptera|Micronectidae|Micronecta|poweri,Achiasmatic Meiosis,Heterogametic,XY,22
Animalia,Insecta,Hemiptera,Micronectidae,Micronecta,scholtzi,Animalia|Insecta|Hemiptera|Micronectidae|Micronecta|scholtzi,Achiasmatic Meiosis,Heterogametic,XY,22
Animalia,Insecta,Hemiptera,Micronectidae,Tenagobia,fuscata,Animalia|Insecta|Hemiptera|Micronectidae|Tenagobia|fuscata,Achiasmatic Meiosis,Heterogametic,XY,28
Animalia,Insecta,Hemiptera,Miridae,Calocoris,quadripunctatus,Animalia|Insecta|Hemiptera|Miridae|Calocoris|quadripunctatus,Achiasmatic Meiosis,Heterogametic,XY,16
Animalia,Insecta,Hemiptera,Miridae,Capsus,ater,Animalia|Insecta|Hemiptera|Miridae|Capsus|ater,Achiasmatic Meiosis,Heterogametic,XY,32
Animalia,Insecta,Hemiptera,Miridae,Myrmedobia,coleoptrata,Animalia|Insecta|Hemiptera|Miridae|Myrmedobia|coleoptrata,Achiasmatic Meiosis,Heterogametic,XY,16
Animalia,Insecta,Hemiptera,Miridae,Pilophorus,cinnamopterus,Animalia|Insecta|Hemiptera|Miridae|Pilophorus|cinnamopterus,Achiasmatic Meiosis,Heterogametic,XY,NA
Animalia,Insecta,Hemiptera,Miridae,Plagiognathus,arbustorum,Animalia|Insecta|Hemiptera|Miridae|Plagiognathus|arbustorum,Achiasmatic Meiosis,Heterogametic,XY,12
Animalia,Insecta,Hemiptera,Nabidae,Himacerus,apterus,Animalia|Insecta|Hemiptera|Nabidae|Himacerus|apterus,Asynaptic Sex Chromosomes,Heterogametic,XY,38
Animalia,Insecta,Hemiptera,Nabidae,Himacerus,maracandicus,Animalia|Insecta|Hemiptera|Nabidae|Himacerus|maracandicus,Asynaptic Sex Chromosomes,Heterogametic,XY,34
Animalia,Insecta,Hemiptera,Nabidae,Himacerus,mirmicoides,Animalia|Insecta|Hemiptera|Nabidae|Himacerus|mirmicoides,Asynaptic Sex Chromosomes,Heterogametic,XY,34
Animalia,Insecta,Hemiptera,Nabidae,Hoplistoscelis,sordidus,Animalia|Insecta|Hemiptera|Nabidae|Hoplistoscelis|sordidus,Asynaptic Sex Chromosomes,Heterogametic,XY,18
Animalia,Insecta,Hemiptera,Nabidae,Nabis,brevis,Animalia|Insecta|Hemiptera|Nabidae|Nabis|brevis,Achiasmatic Meiosis,Heterogametic,XY,18
Animalia,Insecta,Hemiptera,Nabidae,Nabis,ericetorum,Animalia|Insecta|Hemiptera|Nabidae|Nabis|ericetorum,Asynaptic Sex Chromosomes,NA,NA,NA
Animalia,Insecta,Hemiptera,Nabidae,Nabis,ferus,Animalia|Insecta|Hemiptera|Nabidae|Nabis|ferus,Asynaptic Sex Chromosomes,Heterogametic,XY,18
Animalia,Insecta,Hemiptera,Nabidae,Nabis,flavomarginatus,Animalia|Insecta|Hemiptera|Nabidae|Nabis|flavomarginatus,Achiasmatic Meiosis,Heterogametic,XY,18
Animalia,Insecta,Hemiptera,Nabidae,Nabis,indicus,Animalia|Insecta|Hemiptera|Nabidae|Nabis|indicus,Asynaptic Sex Chromosomes,Heterogametic,XY,34
Animalia,Insecta,Hemiptera,Nabidae,Nabis,limbatrus,Animalia|Insecta|Hemiptera|Nabidae|Nabis|limbatrus,Achiasmatic Meiosis,NA,NA,NA
Animalia,Insecta,Hemiptera,Nabidae,Nabis,limbatus,Animalia|Insecta|Hemiptera|Nabidae|Nabis|limbatus,Achiasmatic Meiosis,Heterogametic,XY,18
Animalia,Insecta,Hemiptera,Nabidae,Nabis,meridionalis,Animalia|Insecta|Hemiptera|Nabidae|Nabis|meridionalis,Asynaptic Sex Chromosomes,Heterogametic,XY,18
Animalia,Insecta,Hemiptera,Nabidae,Nabis,pallidus,Animalia|Insecta|Hemiptera|Nabidae|Nabis|pallidus,Asynaptic Sex Chromosomes,Heterogametic,XY,34
Animalia,Insecta,Hemiptera,Nabidae,Nabis,pseudoferus,Animalia|Insecta|Hemiptera|Nabidae|Nabis|pseudoferus,Asynaptic Sex Chromosomes,Heterogametic,XY,18
Animalia,Insecta,Hemiptera,Nabidae,Nabis,pseudoferus pseudoferus,Animalia|Insecta|Hemiptera|Nabidae|Nabis|pseudoferus pseudoferus,Asynaptic Sex Chromosomes,NA,NA,NA
Animalia,Insecta,Hemiptera,Nabidae,Nabis,punctatus,Animalia|Insecta|Hemiptera|Nabidae|Nabis|punctatus,Asynaptic Sex Chromosomes,Heterogametic,XY,18
Animalia,Insecta,Hemiptera,Nabidae,Nabis,reuteri,Animalia|Insecta|Hemiptera|Nabidae|Nabis|reuteri,Asynaptic Sex Chromosomes,Heterogametic,XY,18
Animalia,Insecta,Hemiptera,Nabidae,Nabis,rugosus,Animalia|Insecta|Hemiptera|Nabidae|Nabis|rugosus,Asynaptic Sex Chromosomes,Heterogametic,XY,18
Animalia,Insecta,Hemiptera,Nabidae,Nabis,sareptanus,Animalia|Insecta|Hemiptera|Nabidae|Nabis|sareptanus,Asynaptic Sex Chromosomes,Heterogametic,XY,34
Animalia,Insecta,Hemiptera,Nabidae,Nabis,sp.,Animalia|Insecta|Hemiptera|Nabidae|Nabis|sp.,Achiasmatic Meiosis,Heterogametic,XY,NA
Animalia,Insecta,Hemiptera,Nabidae,Nabis,stenoferus,Animalia|Insecta|Hemiptera|Nabidae|Nabis|stenoferus,Asynaptic Sex Chromosomes,Heterogametic,XY,18
Animalia,Insecta,Hemiptera,Nabidae,Nabis,tesquorum,Animalia|Insecta|Hemiptera|Nabidae|Nabis|tesquorum,Asynaptic Sex Chromosomes,Heterogametic,XY,18
Animalia,Insecta,Hemiptera,Nabidae,Nabis,ussuriensis,Animalia|Insecta|Hemiptera|Nabidae|Nabis|ussuriensis,Asynaptic Sex Chromosomes,Heterogametic,XY,18
Animalia,Insecta,Hemiptera,Nabidae,Nabis,viridulus,Animalia|Insecta|Hemiptera|Nabidae|Nabis|viridulus,Asynaptic Sex Chromosomes,Heterogametic,XY,34
Animalia,Insecta,Hemiptera,Nabidae,Pagasa,fusca,Animalia|Insecta|Hemiptera|Nabidae|Pagasa|fusca,Asynaptic Sex Chromosomes,Heterogametic,XY,NA
Animalia,Insecta,Hemiptera,Pentatomidae,Acledra,bonariensis,Animalia|Insecta|Hemiptera|Pentatomidae|Acledra|bonariensis,Achiasmatic Sex Chromosomes,Heterogametic,XY,12
Animalia,Insecta,Hemiptera,Pentatomidae,Acledra,kinbergii,Animalia|Insecta|Hemiptera|Pentatomidae|Acledra|kinbergii,Achiasmatic Sex Chromosomes,Heterogametic,XY,14
Animalia,Insecta,Hemiptera,Pentatomidae,Acledra,modesta,Animalia|Insecta|Hemiptera|Pentatomidae|Acledra|modesta,Achiasmatic Sex Chromosomes,Heterogametic,XY,14
Animalia,Insecta,Hemiptera,Pentatomidae,Loxa,flavicolis,Animalia|Insecta|Hemiptera|Pentatomidae|Loxa|flavicolis,Asynaptic Sex Chromosomes,NA,NA,NA
Animalia,Insecta,Hemiptera,Psyllidae,Cacopsylla,myrtilli,Animalia|Insecta|Hemiptera|Psyllidae|Cacopsylla|myrtilli,Asynaptic Sex Chromosomes,Heterogametic,XY,NA
Animalia,Insecta,Hemiptera,Psyllidae,Cacopsylla,peregrina,Animalia|Insecta|Hemiptera|Psyllidae|Cacopsylla|peregrina,Achiasmatic Sex Chromosomes,Heterogametic,XY,28
Animalia,Insecta,Hemiptera,Psyllidae,Heteropsylla,cubana,Animalia|Insecta|Hemiptera|Psyllidae|Heteropsylla|cubana,Achiasmatic Sex Chromosomes,Heterogametic,XY,24
Animalia,Insecta,Hemiptera,Pyrrhocoridae,Dysdercus,intermedius,Animalia|Insecta|Hemiptera|Pyrrhocoridae|Dysdercus|intermedius,Achiasmatic Sex Chromosomes,Heterogametic,NA,18
Animalia,Insecta,Hemiptera,Reduviidae,Microtomus,lunifer,Animalia|Insecta|Hemiptera|Reduviidae|Microtomus|lunifer,Achiasmatic Sex Chromosomes,Heterogametic,XY,32
Animalia,Insecta,Hemiptera,Reduviidae,Rhodnius,pallescens,Animalia|Insecta|Hemiptera|Reduviidae|Rhodnius|pallescens,Achiasmatic Sex Chromosomes,Heterogametic,XY,22
Animalia,Insecta,Hemiptera,Saldidae,Saldula,orthochila,Animalia|Insecta|Hemiptera|Saldidae|Saldula|orthochila,Achiasmatic Meiosis,Heterogametic,XY,32
Animalia,Insecta,Hemiptera,Saldidae,Saldula,saltatoria,Animalia|Insecta|Hemiptera|Saldidae|Saldula|saltatoria,Achiasmatic Meiosis,Heterogametic,XY,32
Animalia,Insecta,Hemiptera,Saldidae,Saluda,orthothila,Animalia|Insecta|Hemiptera|Saldidae|Saluda|orthothila,Achiasmatic Meiosis,Heterogametic,XY,36
Animalia,Insecta,Hemiptera,Saldidae,Saluda,saltatoria,Animalia|Insecta|Hemiptera|Saldidae|Saluda|saltatoria,Achiasmatic Meiosis,Heterogametic,XO,36
Animalia,Insecta,Hempitera,Reduviidae,Triatoma,melanosoma,Animalia|Insecta|Hempitera|Reduviidae|Triatoma|melanosoma,Achiasmatic Sex Chromosomes,Heterogametic,XY,22
Animalia,Insecta,Hymenoptera,Trichogrammatidae,Trichogramma,cacoeciae,Animalia|Insecta|Hymenoptera|Trichogrammatidae|Trichogramma|cacoeciae,Achiasmatic Meiosis,Heterogametic,NA,10
Animalia,Insecta,Lepidoptera,Acrididae,Aiolopus,thalassiunus,Animalia|Insecta|Lepidoptera|Acrididae|Aiolopus|thalassiunus,Asynaptic Sex Chromosomes,Heterogametic,NA,NA
Animalia,Insecta,Lepidoptera,Belostomatidae,Belostoma,angustum,Animalia|Insecta|Lepidoptera|Belostomatidae|Belostoma|angustum,Achiasmatic Meiosis,Heterogametic,ZW,30
Animalia,Insecta,Lepidoptera,Belostomatidae,Belostoma,nessimiani,Animalia|Insecta|Lepidoptera|Belostomatidae|Belostoma|nessimiani,Achiasmatic Meiosis,Heterogametic,ZW,16
Animalia,Insecta,Lepidoptera,Belostomatidae,Belostoma,sanctulum,Animalia|Insecta|Lepidoptera|Belostomatidae|Belostoma|sanctulum,Achiasmatic Meiosis,Heterogametic,ZW,16
Animalia,Insecta,Lepidoptera,Bombycidae,Bombyx,mandarina,Animalia|Insecta|Lepidoptera|Bombycidae|Bombyx|mandarina,Achiasmatic Meiosis,Heterogametic,NA,NA
Animalia,Insecta,Lepidoptera,Bombycidae,Bombyx,mori,Animalia|Insecta|Lepidoptera|Bombycidae|Bombyx|mori,Achiasmatic Meiosis,Heterogametic,NA,NA
Animalia,Insecta,Lepidoptera,Erebidae,Orgyia,antiqua,Animalia|Insecta|Lepidoptera|Erebidae|Orgyia|antiqua,Achiasmatic Meiosis,Heterogametic,NA,28
Animalia,Insecta,Lepidoptera,Erebidae,Orgyia,ericue,Animalia|Insecta|Lepidoptera|Erebidae|Orgyia|ericue,Achiasmatic Meiosis,Heterogametic,NA,60
Animalia,Insecta,Lepidoptera,Erebidae,Orgyia,recens,Animalia|Insecta|Lepidoptera|Erebidae|Orgyia|recens,Achiasmatic Meiosis,Heterogametic,NA,60
Animalia,Insecta,Lepidoptera,Erebidae,Orgyia,thyellina,Animalia|Insecta|Lepidoptera|Erebidae|Orgyia|thyellina,Achiasmatic Meiosis,Heterogametic,NA,22
Animalia,Insecta,Lepidoptera,Eriocraniidae,Eriocrania,semipurpurella,Animalia|Insecta|Lepidoptera|Eriocraniidae|Eriocrania|semipurpurella,Achiasmatic Meiosis,Heterogametic,NA,NA
Animalia,Insecta,Lepidoptera,Geometridae,Cidaria,variata,Animalia|Insecta|Lepidoptera|Geometridae|Cidaria|variata,Achiasmatic Meiosis,Heterogametic,NA,NA
Animalia,Insecta,Lepidoptera,Geometridae,Cideria,sp.,Animalia|Insecta|Lepidoptera|Geometridae|Cideria|sp.,Achiasmatic Meiosis,Heterogametic,NA,NA
Animalia,Insecta,Lepidoptera,Gracillariidae,Cameraria,ohridella,Animalia|Insecta|Lepidoptera|Gracillariidae|Cameraria|ohridella,Achiasmatic Meiosis,Heterogametic,ZW,60
Animalia,Insecta,Lepidoptera,Hepialidae,Hepialus,hecta,Animalia|Insecta|Lepidoptera|Hepialidae|Hepialus|hecta,Achiasmatic Meiosis,Heterogametic,NA,NA
Animalia,Insecta,Lepidoptera,Incurvariidae,Incurvaria,pectinea,Animalia|Insecta|Lepidoptera|Incurvariidae|Incurvaria|pectinea,Achiasmatic Meiosis,Heterogametic,NA,NA
Animalia,Insecta,Lepidoptera,Lasiocampidae,Trabala,vishnu,Animalia|Insecta|Lepidoptera|Lasiocampidae|Trabala|vishnu,Achiasmatic Meiosis,Heterogametic,ZW,NA
Animalia,Insecta,Lepidoptera,Lycaenidae,Polyommatus,admetus malievi,Animalia|Insecta|Lepidoptera|Lycaenidae|Polyommatus|admetus malievi,Asynaptic Sex Chromosomes,Heterogametic,NA,NA
Animalia,Insecta,Lepidoptera,Lycaenidae,Polyommatus,atlanticus,Animalia|Insecta|Lepidoptera|Lycaenidae|Polyommatus|atlanticus,Asynaptic Sex Chromosomes,Heterogametic,NA,52
Animalia,Insecta,Lepidoptera,Lycaenidae,Polyommatus,bogra birjandensis,Animalia|Insecta|Lepidoptera|Lycaenidae|Polyommatus|bogra birjandensis,Asynaptic Sex Chromosomes,Heterogametic,NA,106
Animalia,Insecta,Lepidoptera,Lycaenidae,Polyommatus,ripartii pelopi,Animalia|Insecta|Lepidoptera|Lycaenidae|Polyommatus|ripartii pelopi,Asynaptic Sex Chromosomes,Heterogametic,NA,180
Animalia,Insecta,Lepidoptera,Lycaenidae,Polyommatus,rjabovianus masul,Animalia|Insecta|Lepidoptera|Lycaenidae|Polyommatus|rjabovianus masul,Asynaptic Sex Chromosomes,Heterogametic,NA,86
Animalia,Insecta,Lepidoptera,Lycaenidae,Polyommatus,rjabovianus rjabovianus,Animalia|Insecta|Lepidoptera|Lycaenidae|Polyommatus|rjabovianus rjabovianus,Asynaptic Sex Chromosomes,Heterogametic,NA,98
Animalia,Insecta,Lepidoptera,Lycaenidae,Polyommatus,shirkuhensis,Animalia|Insecta|Lepidoptera|Lycaenidae|Polyommatus|shirkuhensis,Asynaptic Sex Chromosomes,Heterogametic,NA,42
Animalia,Insecta,Lepidoptera,Lycaenidae,Polyommatus,valiabadi,Animalia|Insecta|Lepidoptera|Lycaenidae|Polyommatus|valiabadi,Asynaptic Sex Chromosomes,Heterogametic,NA,46
Animalia,Insecta,Lepidoptera,Micropterigidae,Micropteryx,aureatella,Animalia|Insecta|Lepidoptera|Micropterigidae|Micropteryx|aureatella,Achiasmatic Meiosis,Heterogametic,NA,NA
Animalia,Insecta,Lepidoptera,Noctuidae,Euxoa,annir,Animalia|Insecta|Lepidoptera|Noctuidae|Euxoa|annir,Achiasmatic Meiosis,Heterogametic,NA,62
Animalia,Insecta,Lepidoptera,Noctuidae,Euxoa,biformata,Animalia|Insecta|Lepidoptera|Noctuidae|Euxoa|biformata,Achiasmatic Meiosis,Heterogametic,NA,62
Animalia,Insecta,Lepidoptera,Noctuidae,Euxoa,declarata,Animalia|Insecta|Lepidoptera|Noctuidae|Euxoa|declarata,Achiasmatic Meiosis,Heterogametic,NA,62
Animalia,Insecta,Lepidoptera,Noctuidae,Euxoa,messoria,Animalia|Insecta|Lepidoptera|Noctuidae|Euxoa|messoria,Achiasmatic Meiosis,Heterogametic,NA,62
Animalia,Insecta,Lepidoptera,Noctuidae,Euxoa,rockburnei,Animalia|Insecta|Lepidoptera|Noctuidae|Euxoa|rockburnei,Achiasmatic Meiosis,Heterogametic,NA,62
Animalia,Insecta,Lepidoptera,Noctuidae,Euxoa,shasta,Animalia|Insecta|Lepidoptera|Noctuidae|Euxoa|shasta,Achiasmatic Meiosis,Heterogametic,NA,62
Animalia,Insecta,Lepidoptera,Noctuidae,Helicoverpa,armigera,Animalia|Insecta|Lepidoptera|Noctuidae|Helicoverpa|armigera,Achiasmatic Meiosis,Heterogametic,NA,62
Animalia,Insecta,Lepidoptera,Noctuidae,Helicoverpa,punctigera,Animalia|Insecta|Lepidoptera|Noctuidae|Helicoverpa|punctigera,Achiasmatic Meiosis,Heterogametic,NA,62
Animalia,Insecta,Lepidoptera,Noctuidae,Heliothis,subflexa,Animalia|Insecta|Lepidoptera|Noctuidae|Heliothis|subflexa,Asynaptic Sex Chromosomes,Heterogametic,NA,NA
Animalia,Insecta,Lepidoptera,Noctuidae,Heliothis,virescens,Animalia|Insecta|Lepidoptera|Noctuidae|Heliothis|virescens,Achiasmatic Meiosis,Heterogametic,ZW,NA
Animalia,Insecta,Lepidoptera,Nymphalidae,Agraulis,vanillae,Animalia|Insecta|Lepidoptera|Nymphalidae|Agraulis|vanillae,Achiasmatic Meiosis,Heterogametic,NA,NA
Animalia,Insecta,Lepidoptera,Nymphalidae,Charaxes,jasius,Animalia|Insecta|Lepidoptera|Nymphalidae|Charaxes|jasius,Achiasmatic Meiosis,Both,ZW,50
Animalia,Insecta,Lepidoptera,Nymphalidae,Charexes,jasius,Animalia|Insecta|Lepidoptera|Nymphalidae|Charexes|jasius,Achiasmatic Meiosis,Heterogametic,NA,NA
Animalia,Insecta,Lepidoptera,Nymphalidae,Danaus,chrysippus,Animalia|Insecta|Lepidoptera|Nymphalidae|Danaus|chrysippus,Achiasmatic Meiosis,Heterogametic,NA,NA
Animalia,Insecta,Lepidoptera,Nymphalidae,Danaus,melanogaster,Animalia|Insecta|Lepidoptera|Nymphalidae|Danaus|melanogaster,Achiasmatic Meiosis,Heterogametic,NA,NA
Animalia,Insecta,Lepidoptera,Nymphalidae,Danaus,plexippus,Animalia|Insecta|Lepidoptera|Nymphalidae|Danaus|plexippus,Achiasmatic Meiosis,Heterogametic,NA,NA
Animalia,Insecta,Lepidoptera,Nymphalidae,Dryadula,phaetusa,Animalia|Insecta|Lepidoptera|Nymphalidae|Dryadula|phaetusa,Achiasmatic Meiosis,Heterogametic,NA,NA
Animalia,Insecta,Lepidoptera,Nymphalidae,Heliconius,aliphera,Animalia|Insecta|Lepidoptera|Nymphalidae|Heliconius|aliphera,Achiasmatic Meiosis,Heterogametic,NA,NA
Animalia,Insecta,Lepidoptera,Nymphalidae,Heliconius,doris,Animalia|Insecta|Lepidoptera|Nymphalidae|Heliconius|doris,Achiasmatic Meiosis,Heterogametic,NA,NA
Animalia,Insecta,Lepidoptera,Nymphalidae,Heliconius,erato,Animalia|Insecta|Lepidoptera|Nymphalidae|Heliconius|erato,Achiasmatic Meiosis,Heterogametic,NA,NA
Animalia,Insecta,Lepidoptera,Nymphalidae,Heliconius,ethilla,Animalia|Insecta|Lepidoptera|Nymphalidae|Heliconius|ethilla,Achiasmatic Meiosis,Heterogametic,NA,NA
Animalia,Insecta,Lepidoptera,Nymphalidae,Heliconius,isabella,Animalia|Insecta|Lepidoptera|Nymphalidae|Heliconius|isabella,Achiasmatic Meiosis,Heterogametic,NA,NA
Animalia,Insecta,Lepidoptera,Nymphalidae,Heliconius,melpomene,Animalia|Insecta|Lepidoptera|Nymphalidae|Heliconius|melpomene,Achiasmatic Meiosis,Heterogametic,NA,NA
Animalia,Insecta,Lepidoptera,Nymphalidae,Heliconius,ricini,Animalia|Insecta|Lepidoptera|Nymphalidae|Heliconius|ricini,Achiasmatic Meiosis,Heterogametic,NA,NA
Animalia,Insecta,Lepidoptera,Nymphalidae,Heliconius,sara,Animalia|Insecta|Lepidoptera|Nymphalidae|Heliconius|sara,Achiasmatic Meiosis,Heterogametic,NA,NA
Animalia,Insecta,Lepidoptera,Nymphalidae,Melitaea,acentria,Animalia|Insecta|Lepidoptera|Nymphalidae|Melitaea|acentria,Achiasmatic Meiosis,Heterogametic,ZW,NA
Animalia,Insecta,Lepidoptera,Nymphalidae,Melitaea,didyma,Animalia|Insecta|Lepidoptera|Nymphalidae|Melitaea|didyma,Achiasmatic Meiosis,Heterogametic,ZW,NA
Animalia,Insecta,Lepidoptera,Nymphalidae,Melitaea,persea,Animalia|Insecta|Lepidoptera|Nymphalidae|Melitaea|persea,Achiasmatic Meiosis,Heterogametic,ZW,NA
Animalia,Insecta,Lepidoptera,Pieridae,Anthocharis,cardamines,Animalia|Insecta|Lepidoptera|Pieridae|Anthocharis|cardamines,Asynaptic Sex Chromosomes,Heterogametic,NA,30
Animalia,Insecta,Lepidoptera,Pieridae,Anthocharis,nemorum,Animalia|Insecta|Lepidoptera|Pieridae|Anthocharis|nemorum,Achiasmatic Meiosis,Heterogametic,ZW,28
Animalia,Insecta,Lepidoptera,Pieridae,Pieris,napo L.,Animalia|Insecta|Lepidoptera|Pieridae|Pieris|napo L.,Achiasmatic Meiosis,Heterogametic,NA,NA
Animalia,Insecta,Lepidoptera,Psychidae,Dahlica,triquetrella,Animalia|Insecta|Lepidoptera|Psychidae|Dahlica|triquetrella,Achiasmatic Meiosis,Heterogametic,NA,NA
Animalia,Insecta,Lepidoptera,Pyralidae,Ectomylois,ceratoniae,Animalia|Insecta|Lepidoptera|Pyralidae|Ectomylois|ceratoniae,Achiasmatic Meiosis,Heterogametic,NA,NA
Animalia,Insecta,Lepidoptera,Pyralidae,Ephestia,kuehniella,Animalia|Insecta|Lepidoptera|Pyralidae|Ephestia|kuehniella,Achiasmatic Meiosis,Heterogametic,NA,60
Animalia,Insecta,Lepidoptera,Saldidae,Saldula,orthothila,Animalia|Insecta|Lepidoptera|Saldidae|Saldula|orthothila,Achiasmatic Meiosis,Heterogametic,ZW,32
Animalia,Insecta,Lepidoptera,Saldidae,Saldula,saltatirua,Animalia|Insecta|Lepidoptera|Saldidae|Saldula|saltatirua,Achiasmatic Meiosis,Heterogametic,ZO,32
Animalia,Insecta,Lepidoptera,Saturniidae,Antheraea,assamensis,Animalia|Insecta|Lepidoptera|Saturniidae|Antheraea|assamensis,Achiasmatic Meiosis,Heterogametic,ZO,30
Animalia,Insecta,Lepidoptera,Saturniidae,Antheraea,compata,Animalia|Insecta|Lepidoptera|Saturniidae|Antheraea|compata,Achiasmatic Meiosis,Heterogametic,ZW,30
Animalia,Insecta,Lepidoptera,Saturniidae,Antheraea,compta,Animalia|Insecta|Lepidoptera|Saturniidae|Antheraea|compta,Achiasmatic Meiosis,Heterogametic,ZW,30
Animalia,Insecta,Lepidoptera,Saturniidae,Philosomia,ricini,Animalia|Insecta|Lepidoptera|Saturniidae|Philosomia|ricini,Achiasmatic Meiosis,Heterogametic,NA,NA
Animalia,Insecta,Lepidoptera,Sphingdae,Sphinx,ligustri,Animalia|Insecta|Lepidoptera|Sphingdae|Sphinx|ligustri,Achiasmatic Meiosis,Heterogametic,NA,NA
Animalia,Insecta,Lepidoptera,Sphingidae,Sphinx,lugustri,Animalia|Insecta|Lepidoptera|Sphingidae|Sphinx|lugustri,Achiasmatic Meiosis,Heterogametic,NA,28
Animalia,Insecta,Mantodea,Epaphroditidae,Callimantis,antillarun,Animalia|Insecta|Mantodea|Epaphroditidae|Callimantis|antillarun,Achiasmatic Meiosis,Heterogametic,NA,18
Animalia,Insecta,Mantodea,Galinthiadidae,Harpagomatis,nana,Animalia|Insecta|Mantodea|Galinthiadidae|Harpagomatis|nana,Achiasmatic Meiosis,Heterogametic,XO,NA
Animalia,Insecta,Mantodea,Galinthiadidae,Harpagomatis,tricolor,Animalia|Insecta|Mantodea|Galinthiadidae|Harpagomatis|tricolor,Achiasmatic Meiosis,Heterogametic,XO,26
Animalia,Insecta,Mantodea,Nanomantidae,Bolbe,lowi,Animalia|Insecta|Mantodea|Nanomantidae|Bolbe|lowi,Achiasmatic Meiosis,Heterogametic,XO,NA
Animalia,Insecta,Mantodea,Nanomantidae,Bolbe,maia,Animalia|Insecta|Mantodea|Nanomantidae|Bolbe|maia,Achiasmatic Meiosis,Heterogametic,XO,NA
Animalia,Insecta,Mantodea,Nanomantidae,Bolbe,nigra,Animalia|Insecta|Mantodea|Nanomantidae|Bolbe|nigra,Achiasmatic Meiosis,Heterogametic,XO,NA
Animalia,Insecta,Mantodea,Nanomantidae,Bolbe,pallida,Animalia|Insecta|Mantodea|Nanomantidae|Bolbe|pallida,Achiasmatic Meiosis,Heterogametic,XO,26
Animalia,Insecta,Mantodea,Nanomantidae,Bolbe,pygmea,Animalia|Insecta|Mantodea|Nanomantidae|Bolbe|pygmea,Achiasmatic Meiosis,Heterogametic,XO,NA
Animalia,Insecta,Mantodea,Nanomantidae,Ima,fusca,Animalia|Insecta|Mantodea|Nanomantidae|Ima|fusca,Achiasmatic Meiosis,Heterogametic,XY,34
Animalia,Insecta,Mecoptera,Panorpidae,Neopanorpa,lui,Animalia|Insecta|Mecoptera|Panorpidae|Neopanorpa|lui,Achiasmatic Meiosis,Heterogametic,XO,20
Animalia,Insecta,Mecoptera,Panorpidae,Panorpa,acuta,Animalia|Insecta|Mecoptera|Panorpidae|Panorpa|acuta,Achiasmatic Meiosis,Heterogametic,XO,22
Animalia,Insecta,Mecoptera,Panorpidae,Panorpa,anomala,Animalia|Insecta|Mecoptera|Panorpidae|Panorpa|anomala,Achiasmatic Meiosis,Heterogametic,XO,22
Animalia,Insecta,Mecoptera,Panorpidae,Panorpa,cognata,Animalia|Insecta|Mecoptera|Panorpidae|Panorpa|cognata,Achiasmatic Meiosis,Heterogametic,XO,22
Animalia,Insecta,Mecoptera,Panorpidae,Panorpa,communis,Animalia|Insecta|Mecoptera|Panorpidae|Panorpa|communis,Achiasmatic Meiosis,Heterogametic,XO,22
Animalia,Insecta,Mecoptera,Panorpidae,Panorpa,dubai,Animalia|Insecta|Mecoptera|Panorpidae|Panorpa|dubai,Achiasmatic Meiosis,Heterogametic,XO,20
Animalia,Insecta,Mecoptera,Panorpidae,Panorpa,emarginata,Animalia|Insecta|Mecoptera|Panorpidae|Panorpa|emarginata,Achiasmatic Meiosis,Heterogametic,XO,20
Animalia,Insecta,Mecoptera,Panorpidae,Panorpa,germanica,Animalia|Insecta|Mecoptera|Panorpidae|Panorpa|germanica,Achiasmatic Meiosis,Heterogametic,XO,20
Animalia,Insecta,Neuroptera,Ascalaphidae,Ascalohybris,subjacens,Animalia|Insecta|Neuroptera|Ascalaphidae|Ascalohybris|subjacens,Asynaptic Sex Chromosomes,Heterogametic,XY,22
Animalia,Insecta,Neuroptera,Ascalaphidae,Bubopsis,hamatus,Animalia|Insecta|Neuroptera|Ascalaphidae|Bubopsis|hamatus,Asynaptic Sex Chromosomes,Heterogametic,XY,18
Animalia,Insecta,Neuroptera,Ascalaphidae,G1yptobasis,dentifera,Animalia|Insecta|Neuroptera|Ascalaphidae|G1yptobasis|dentifera,Asynaptic Sex Chromosomes,Heterogametic,XY,22
Animalia,Insecta,Neuroptera,Ascalaphidae,Libelloides,coccajus,Animalia|Insecta|Neuroptera|Ascalaphidae|Libelloides|coccajus,Asynaptic Sex Chromosomes,Heterogametic,XY,22
Animalia,Insecta,Neuroptera,Ascalaphidae,Libelloides,corsicus,Animalia|Insecta|Neuroptera|Ascalaphidae|Libelloides|corsicus,Asynaptic Sex Chromosomes,Heterogametic,XY,20
Animalia,Insecta,Neuroptera,Ascalaphidae,Libelloides,longicornis,Animalia|Insecta|Neuroptera|Ascalaphidae|Libelloides|longicornis,Asynaptic Sex Chromosomes,Heterogametic,XY,22
Animalia,Insecta,Neuroptera,Ascalaphidae,Ogcogaster,segmentator,Animalia|Insecta|Neuroptera|Ascalaphidae|Ogcogaster|segmentator,Asynaptic Sex Chromosomes,Heterogametic,XY,22
Animalia,Insecta,Neuroptera,Hemerobiidae,Hemerobius,marginatus,Animalia|Insecta|Neuroptera|Hemerobiidae|Hemerobius|marginatus,Asynaptic Sex Chromosomes,Heterogametic,XY,12
Animalia,Insecta,Neuroptera,Mantispidae,Entanoneura,phthisica,Animalia|Insecta|Neuroptera|Mantispidae|Entanoneura|phthisica,Asynaptic Sex Chromosomes,Heterogametic,NA,20
Animalia,Insecta,Neuroptera,Mantispidae,Mantispa,pulchella,Animalia|Insecta|Neuroptera|Mantispidae|Mantispa|pulchella,Asynaptic Sex Chromosomes,Heterogametic,NA,22
Animalia,Insecta,Neuroptera,Mantispidae,Mantispa,viridis,Animalia|Insecta|Neuroptera|Mantispidae|Mantispa|viridis,Asynaptic Sex Chromosomes,Heterogametic,NA,20
Animalia,Insecta,Neuroptera,Myrmeleontidae,Baliga,micans,Animalia|Insecta|Neuroptera|Myrmeleontidae|Baliga|micans,Asynaptic Sex Chromosomes,Heterogametic,XY,14
Animalia,Insecta,Neuroptera,Myrmeleontidae,Baliga,sagax,Animalia|Insecta|Neuroptera|Myrmeleontidae|Baliga|sagax,Asynaptic Sex Chromosomes,Heterogametic,XY,14
Animalia,Insecta,Neuroptera,Myrmeleontidae,Brachynemurus,hubbardi,Animalia|Insecta|Neuroptera|Myrmeleontidae|Brachynemurus|hubbardi,Asynaptic Sex Chromosomes,Heterogametic,XY,14
Animalia,Insecta,Neuroptera,Myrmeleontidae,Brachynemurus,mexicanus,Animalia|Insecta|Neuroptera|Myrmeleontidae|Brachynemurus|mexicanus,Asynaptic Sex Chromosomes,Heterogametic,XY,14
Animalia,Insecta,Neuroptera,Myrmeleontidae,Centroclisis,brachygaster,Animalia|Insecta|Neuroptera|Myrmeleontidae|Centroclisis|brachygaster,Asynaptic Sex Chromosomes,Heterogametic,XY,14
Animalia,Insecta,Neuroptera,Myrmeleontidae,Clathroneuria,coquilletti,Animalia|Insecta|Neuroptera|Myrmeleontidae|Clathroneuria|coquilletti,Asynaptic Sex Chromosomes,Heterogametic,XY,14
Animalia,Insecta,Neuroptera,Myrmeleontidae,Clathroneuria,schwarzi,Animalia|Insecta|Neuroptera|Myrmeleontidae|Clathroneuria|schwarzi,Asynaptic Sex Chromosomes,Heterogametic,XY,14
Animalia,Insecta,Neuroptera,Myrmeleontidae,Creoleon,lugdunensis,Animalia|Insecta|Neuroptera|Myrmeleontidae|Creoleon|lugdunensis,Asynaptic Sex Chromosomes,Heterogametic,XY,18
Animalia,Insecta,Neuroptera,Myrmeleontidae,Dendroleon,jezoensis,Animalia|Insecta|Neuroptera|Myrmeleontidae|Dendroleon|jezoensis,Asynaptic Sex Chromosomes,Heterogametic,XY,16
Animalia,Insecta,Neuroptera,Myrmeleontidae,Distoleon,tetragrammicus,Animalia|Insecta|Neuroptera|Myrmeleontidae|Distoleon|tetragrammicus,Asynaptic Sex Chromosomes,Heterogametic,XY,18
Animalia,Insecta,Neuroptera,Myrmeleontidae,Epacanthaclisis,moiwanus,Animalia|Insecta|Neuroptera|Myrmeleontidae|Epacanthaclisis|moiwanus,Asynaptic Sex Chromosomes,Heterogametic,XY,16
Animalia,Insecta,Neuroptera,Myrmeleontidae,Euroleon,nostras,Animalia|Insecta|Neuroptera|Myrmeleontidae|Euroleon|nostras,Asynaptic Sex Chromosomes,Heterogametic,XY,14
Animalia,Insecta,Neuroptera,Myrmeleontidae,Indopalpares,pardus,Animalia|Insecta|Neuroptera|Myrmeleontidae|Indopalpares|pardus,Asynaptic Sex Chromosomes,Heterogametic,XY,24
Animalia,Insecta,Neuroptera,Myrmeleontidae,Macronemurus,appendiculatus,Animalia|Insecta|Neuroptera|Myrmeleontidae|Macronemurus|appendiculatus,Asynaptic Sex Chromosomes,Heterogametic,XY,16
Animalia,Insecta,Neuroptera,Myrmeleontidae,Macronemurus,bilineatus,Animalia|Insecta|Neuroptera|Myrmeleontidae|Macronemurus|bilineatus,Asynaptic Sex Chromosomes,Heterogametic,XY,16
Animalia,Insecta,Neuroptera,Myrmeleontidae,Macronemurus,sp.,Animalia|Insecta|Neuroptera|Myrmeleontidae|Macronemurus|sp.,Asynaptic Sex Chromosomes,Heterogametic,XY,16
Animalia,Insecta,Neuroptera,Myrmeleontidae,Myrmecaelurus,sp.,Animalia|Insecta|Neuroptera|Myrmeleontidae|Myrmecaelurus|sp.,Asynaptic Sex Chromosomes,Heterogametic,XY,14
Animalia,Insecta,Neuroptera,Myrmeleontidae,Myrmecaelurus,trigammus,Animalia|Insecta|Neuroptera|Myrmeleontidae|Myrmecaelurus|trigammus,Asynaptic Sex Chromosomes,Heterogametic,XY,16
Animalia,Insecta,Neuroptera,Myrmeleontidae,Myrmecaelurus,trigrammus,Animalia|Insecta|Neuroptera|Myrmeleontidae|Myrmecaelurus|trigrammus,Asynaptic Sex Chromosomes,Heterogametic,XY,16
Animalia,Insecta,Neuroptera,Myrmeleontidae,Myrmeleon,alcestris,Animalia|Insecta|Neuroptera|Myrmeleontidae|Myrmeleon|alcestris,Asynaptic Sex Chromosomes,Heterogametic,XY,14
Animalia,Insecta,Neuroptera,Myrmeleontidae,Myrmeleon,californicus,Animalia|Insecta|Neuroptera|Myrmeleontidae|Myrmeleon|californicus,Asynaptic Sex Chromosomes,Heterogametic,XY,14
Animalia,Insecta,Neuroptera,Myrmeleontidae,Myrmeleon,exitialis,Animalia|Insecta|Neuroptera|Myrmeleontidae|Myrmeleon|exitialis,Asynaptic Sex Chromosomes,Heterogametic,XY,14
Animalia,Insecta,Neuroptera,Myrmeleontidae,Myrmeleon,formicarius,Animalia|Insecta|Neuroptera|Myrmeleontidae|Myrmeleon|formicarius,Asynaptic Sex Chromosomes,Heterogametic,XY,14
Animalia,Insecta,Neuroptera,Myrmeleontidae,Myrmeleon,hyalinus,Animalia|Insecta|Neuroptera|Myrmeleontidae|Myrmeleon|hyalinus,Asynaptic Sex Chromosomes,Heterogametic,XY,14
Animalia,Insecta,Neuroptera,Myrmeleontidae,Myrmeleon,immaculatus,Animalia|Insecta|Neuroptera|Myrmeleontidae|Myrmeleon|immaculatus,Asynaptic Sex Chromosomes,Heterogametic,XY,14
Animalia,Insecta,Neuroptera,Myrmeleontidae,Myrmeleon,mexicanus,Animalia|Insecta|Neuroptera|Myrmeleontidae|Myrmeleon|mexicanus,Asynaptic Sex Chromosomes,Heterogametic,XY,14
Animalia,Insecta,Neuroptera,Myrmeleontidae,Myrmeleon,obscurus,Animalia|Insecta|Neuroptera|Myrmeleontidae|Myrmeleon|obscurus,Asynaptic Sex Chromosomes,Heterogametic,XY,14
Animalia,Insecta,Neuroptera,Myrmeleontidae,Neuroleon,sp.,Animalia|Insecta|Neuroptera|Myrmeleontidae|Neuroleon|sp.,Asynaptic Sex Chromosomes,Heterogametic,XY,16
Animalia,Insecta,Neuroptera,Myrmeleontidae,Palpares,libelluloides,Animalia|Insecta|Neuroptera|Myrmeleontidae|Palpares|libelluloides,Asynaptic Sex Chromosomes,Heterogametic,XY,26
Animalia,Insecta,Neuroptera,Myrmeleontidae,Palpares,sobrinus,Animalia|Insecta|Neuroptera|Myrmeleontidae|Palpares|sobrinus,Asynaptic Sex Chromosomes,Heterogametic,XY,22
Animalia,Insecta,Neuroptera,Myrmeleontidae,Palparidius,concinnus,Animalia|Insecta|Neuroptera|Myrmeleontidae|Palparidius|concinnus,Asynaptic Sex Chromosomes,Heterogametic,XY,18
Animalia,Insecta,Neuroptera,Myrmeleontidae,Scotoleon,dissimilis,Animalia|Insecta|Neuroptera|Myrmeleontidae|Scotoleon|dissimilis,Asynaptic Sex Chromosomes,Heterogametic,XY,16
Animalia,Insecta,Neuroptera,Myrmeleontidae,Scotoleon,niger,Animalia|Insecta|Neuroptera|Myrmeleontidae|Scotoleon|niger,Asynaptic Sex Chromosomes,Heterogametic,XY,16
Animalia,Insecta,Neuroptera,Myrmeleontidae,Scotoleon,nigrilabris,Animalia|Insecta|Neuroptera|Myrmeleontidae|Scotoleon|nigrilabris,Asynaptic Sex Chromosomes,Heterogametic,XY,16
Animalia,Insecta,Neuroptera,Myrmeleontidae,Synclisis,japonica,Animalia|Insecta|Neuroptera|Myrmeleontidae|Synclisis|japonica,Asynaptic Sex Chromosomes,Heterogametic,XY,14
Animalia,Insecta,Neuroptera,Myrmeleontidae,Vella,fallax,Animalia|Insecta|Neuroptera|Myrmeleontidae|Vella|fallax,Asynaptic Sex Chromosomes,Heterogametic,XY,14
Animalia,Insecta,Neuroptera,Osmylidae,Plethosmylus (updated genus: Osmylus),decoratus,Animalia|Insecta|Neuroptera|Osmylidae|Plethosmylus (updated genus: Osmylus)|decoratus,Asynaptic Sex Chromosomes,Heterogametic,NA,16
Animalia,Insecta,Orthoptera,Gryllotalpidae,Neocurtilla,hexadactyla,Animalia|Insecta|Orthoptera|Gryllotalpidae|Neocurtilla|hexadactyla,Achiasmatic Sex Chromosomes,Heterogametic,NA,24
Animalia,Insecta,Phthiraptera,Bovicolidae,Bovicola,caprae,Animalia|Insecta|Phthiraptera|Bovicolidae|Bovicola|caprae,Achiasmatic Meiosis,Heterogametic,NA,14
Animalia,Insecta,Phthiraptera,Bovicolidae,Bovicola,limbata,Animalia|Insecta|Phthiraptera|Bovicolidae|Bovicola|limbata,Achiasmatic Meiosis,Heterogametic,NA,14
Animalia,Insecta,Phthiraptera,Pediculidae,Pediculus,humanus captis,Animalia|Insecta|Phthiraptera|Pediculidae|Pediculus|humanus captis,Achiasmatic Meiosis,Heterogametic,NA,12
Animalia,Insecta,Phthiraptera,Pediculidae,Pediculus,humanus humanus,Animalia|Insecta|Phthiraptera|Pediculidae|Pediculus|humanus humanus,Achiasmatic Meiosis,Heterogametic,NA,12
Animalia,Insecta,Psocodea,Haematopinidae,Haemalopinus,suis,Animalia|Insecta|Psocodea|Haematopinidae|Haemalopinus|suis,Achiasmatic Meiosis,Heterogametic,NA,10
Animalia,Insecta,Psocodea,Menoponidae,Menacanthus,stramineus,Animalia|Insecta|Psocodea|Menoponidae|Menacanthus|stramineus,Achiasmatic Meiosis,Heterogametic,NA,10
Animalia,Insecta,Trichoptera,Calcocidae,Caenota,plicata,Animalia|Insecta|Trichoptera|Calcocidae|Caenota|plicata,Achiasmatic Meiosis,Heterogametic,ZW,44
Animalia,Insecta,Trichoptera,Calcocidae,Tamasia,variegata,Animalia|Insecta|Trichoptera|Calcocidae|Tamasia|variegata,Achiasmatic Meiosis,Heterogametic,ZW,44
Animalia,Insecta,Trichoptera,Conoesucidae,Conoesucus,adiastolus,Animalia|Insecta|Trichoptera|Conoesucidae|Conoesucus|adiastolus,Achiasmatic Meiosis,Both,ZO,50
Animalia,Insecta,Trichoptera,Conoesucidae,Conoesucus,brontensis,Animalia|Insecta|Trichoptera|Conoesucidae|Conoesucus|brontensis,Achiasmatic Meiosis,Heterogametic,NA,50
Animalia,Insecta,Trichoptera,Conoesucidae,Conoesucus,digitiferus,Animalia|Insecta|Trichoptera|Conoesucidae|Conoesucus|digitiferus,Achiasmatic Meiosis,Both,ZO,50
Animalia,Insecta,Trichoptera,Conoesucidae,Conoesucus,fromus,Animalia|Insecta|Trichoptera|Conoesucidae|Conoesucus|fromus,Achiasmatic Meiosis,Both,ZO,50
Animalia,Insecta,Trichoptera,Conoesucidae,Conoesucus,nepotulus,Animalia|Insecta|Trichoptera|Conoesucidae|Conoesucus|nepotulus,Achiasmatic Meiosis,Both,ZO,50
Animalia,Insecta,Trichoptera,Conoesucidae,Conoesucus,norelus,Animalia|Insecta|Trichoptera|Conoesucidae|Conoesucus|norelus,Achiasmatic Meiosis,Heterogametic,NA,50
Animalia,Insecta,Trichoptera,Conoesucidae,Conoesucus,notialis,Animalia|Insecta|Trichoptera|Conoesucidae|Conoesucus|notialis,Achiasmatic Meiosis,Heterogametic,NA,50
Animalia,Insecta,Trichoptera,Conoesucidae,Costora,delora,Animalia|Insecta|Trichoptera|Conoesucidae|Costora|delora,Achiasmatic Meiosis,Both,ZO,50
Animalia,Insecta,Trichoptera,Conoesucidae,Costora,ebenina,Animalia|Insecta|Trichoptera|Conoesucidae|Costora|ebenina,Achiasmatic Meiosis,Both,ZO,50
Animalia,Insecta,Trichoptera,Conoesucidae,Costora,luxata,Animalia|Insecta|Trichoptera|Conoesucidae|Costora|luxata,Achiasmatic Meiosis,Heterogametic,NA,50
Animalia,Insecta,Trichoptera,Conoesucidae,Costora,ramosa,Animalia|Insecta|Trichoptera|Conoesucidae|Costora|ramosa,Achiasmatic Meiosis,Both,ZO,50
Animalia,Insecta,Trichoptera,Conoesucidae,Costora,rotosca,Animalia|Insecta|Trichoptera|Conoesucidae|Costora|rotosca,Achiasmatic Meiosis,Both,ZO,50
Animalia,Insecta,Trichoptera,Conoesucidae,Costora,seposita,Animalia|Insecta|Trichoptera|Conoesucidae|Costora|seposita,Achiasmatic Meiosis,Heterogametic,NA,50
Animalia,Insecta,Trichoptera,Conoesucidae,Lingora,aurata,Animalia|Insecta|Trichoptera|Conoesucidae|Lingora|aurata,Achiasmatic Meiosis,Heterogametic,NA,50
Animalia,Insecta,Trichoptera,Conoesucidae,Matasia,satana,Animalia|Insecta|Trichoptera|Conoesucidae|Matasia|satana,Achiasmatic Meiosis,Both,ZO,50
Animalia,Insecta,Trichoptera,Helicophidae,Alloecella,grisea,Animalia|Insecta|Trichoptera|Helicophidae|Alloecella|grisea,Achiasmatic Meiosis,Heterogametic,NA,58
Animalia,Insecta,Trichoptera,Helicophidae,Alloecella,longispina,Animalia|Insecta|Trichoptera|Helicophidae|Alloecella|longispina,Achiasmatic Meiosis,Heterogametic,NA,NA
Animalia,Insecta,Trichoptera,Helicophidae,Alloecella,pilosa,Animalia|Insecta|Trichoptera|Helicophidae|Alloecella|pilosa,Achiasmatic Meiosis,Both,ZO,52
Animalia,Insecta,Trichoptera,Hydropsychidae,Smicridea,pampeana,Animalia|Insecta|Trichoptera|Hydropsychidae|Smicridea|pampeana,Achiasmatic Meiosis,Heterogametic,ZO,32
Animalia,Insecta,Trichoptera,Leptoceridae,Triplectides,misionensis,Animalia|Insecta|Trichoptera|Leptoceridae|Triplectides|misionensis,Achiasmatic Meiosis,Heterogametic,ZO,48
Animalia,Insecta,Trichoptera,Limnephilidae,Allogamus,auricollis,Animalia|Insecta|Trichoptera|Limnephilidae|Allogamus|auricollis,Achiasmatic Meiosis,Heterogametic,NA,NA
Animalia,Insecta,Trichoptera,Limnephilidae,Anabolia,furcata,Animalia|Insecta|Trichoptera|Limnephilidae|Anabolia|furcata,Achiasmatic Meiosis,Heterogametic,NA,NA
Animalia,Insecta,Trichoptera,Limnephilidae,Glyphotaelius,pellucides,Animalia|Insecta|Trichoptera|Limnephilidae|Glyphotaelius|pellucides,Achiasmatic Meiosis,Heterogametic,XO,60
Animalia,Insecta,Trichoptera,Limnephilidae,Glyphotaelius,pellucidus,Animalia|Insecta|Trichoptera|Limnephilidae|Glyphotaelius|pellucidus,Achiasmatic Meiosis,Heterogametic,NA,NA
Animalia,Insecta,Trichoptera,Limnephilidae,Limnephilus,affinis,Animalia|Insecta|Trichoptera|Limnephilidae|Limnephilus|affinis,Achiasmatic Meiosis,Heterogametic,NA,6
Animalia,Insecta,Trichoptera,Limnephilidae,Limnephilus,borealis,Animalia|Insecta|Trichoptera|Limnephilidae|Limnephilus|borealis,Achiasmatic Meiosis,Heterogametic,NA,NA
Animalia,Insecta,Trichoptera,Limnephilidae,Limnephilus,decipens,Animalia|Insecta|Trichoptera|Limnephilidae|Limnephilus|decipens,Achiasmatic Meiosis,Heterogametic,NA,20
Animalia,Insecta,Trichoptera,Limnephilidae,Limnephilus,decipiens,Animalia|Insecta|Trichoptera|Limnephilidae|Limnephilus|decipiens,Achiasmatic Meiosis,Heterogametic,NA,NA
Animalia,Insecta,Trichoptera,Limnephilidae,Limnephilus,lunatus,Animalia|Insecta|Trichoptera|Limnephilidae|Limnephilus|lunatus,Achiasmatic Meiosis,Heterogametic,ZO,26
Animalia,Insecta,Trichoptera,Odontoceridae,Marilia,flexuosa,Animalia|Insecta|Trichoptera|Odontoceridae|Marilia|flexuosa,Achiasmatic Meiosis,Heterogametic,ZO,58
Animalia,Insecta,Trichoptera,Phryganeidae,Agrypnetes,crassicornis,Animalia|Insecta|Trichoptera|Phryganeidae|Agrypnetes|crassicornis,Achiasmatic Meiosis,Heterogametic,ZW,50
Animalia,Insecta,Trichoptera,Sericostomatidae,Grumicha,grumicha,Animalia|Insecta|Trichoptera|Sericostomatidae|Grumicha|grumicha,Achiasmatic Meiosis,Heterogametic,ZO,36
Animalia,Malacostraca,Amphipoda,Anisogammaridae,Anisogammarus,annandalei,Animalia|Malacostraca|Amphipoda|Anisogammaridae|Anisogammarus|annandalei,Achiasmatic Meiosis,Heterogametic,XY,54
Animalia,Malacostraca,Decapoda,Grapsidae,Pachygrapsus,crassipes,Animalia|Malacostraca|Decapoda|Grapsidae|Pachygrapsus|crassipes,Asynaptic Sex Chromosomes,Heterogametic,XY,118
Animalia,Malacostraca,Decapoda,Munididae,Cervimunida,princeps,Animalia|Malacostraca|Decapoda|Munididae|Cervimunida|princeps,Asynaptic Sex Chromosomes,Heterogametic,NA,110
Animalia,Malacostraca,Decapoda,Plagusiidae,Plagusia,dentipes,Animalia|Malacostraca|Decapoda|Plagusiidae|Plagusia|dentipes,Asynaptic Sex Chromosomes,Heterogametic,XY,106
Animalia,Malacostraca,Decapoda,Varunidae,Eriocheir,japonicus,Animalia|Malacostraca|Decapoda|Varunidae|Eriocheir|japonicus,Asynaptic Sex Chromosomes,Heterogametic,XY,148
Animalia,Malacostraca,Decapoda,Varunidae,Gaetice,depressus,Animalia|Malacostraca|Decapoda|Varunidae|Gaetice|depressus,Asynaptic Sex Chromosomes,Heterogametic,XY,152
Animalia,Malacostraca,Decapoda,Varunidae,Hemigrapsus,penicillatus,Animalia|Malacostraca|Decapoda|Varunidae|Hemigrapsus|penicillatus,Asynaptic Sex Chromosomes,Heterogametic,XY,138
Animalia,Malacostraca,Decapoda,Varunidae,Hemigrapsus,sanguineus,Animalia|Malacostraca|Decapoda|Varunidae|Hemigrapsus|sanguineus,Asynaptic Sex Chromosomes,Heterogametic,XY,128
Animalia,Mammalia,Dasyuromorphia,Dasyuridae,Antechinomys,laniger,Animalia|Mammalia|Dasyuromorphia|Dasyuridae|Antechinomys|laniger,Asynaptic Sex Chromosomes,Heterogametic,XY,14
Animalia,Mammalia,Dasyuromorphia,Dasyuridae,Antechinus,flavipes,Animalia|Mammalia|Dasyuromorphia|Dasyuridae|Antechinus|flavipes,Asynaptic Sex Chromosomes,Heterogametic,XY,14
Animalia,Mammalia,Dasyuromorphia,Dasyuridae,Dasyuroides,byrnei,Animalia|Mammalia|Dasyuromorphia|Dasyuridae|Dasyuroides|byrnei,Asynaptic Sex Chromosomes,Heterogametic,XY,14
Animalia,Mammalia,Dasyuromorphia,Dasyuridae,Dasyurops,maculatus,Animalia|Mammalia|Dasyuromorphia|Dasyuridae|Dasyurops|maculatus,Asynaptic Sex Chromosomes,Heterogametic,XY,14
Animalia,Mammalia,Dasyuromorphia,Dasyuridae,Dasyurus,albopunctatus,Animalia|Mammalia|Dasyuromorphia|Dasyuridae|Dasyurus|albopunctatus,Asynaptic Sex Chromosomes,Heterogametic,XY,14
Animalia,Mammalia,Dasyuromorphia,Dasyuridae,Dasyurus,hallucatus,Animalia|Mammalia|Dasyuromorphia|Dasyuridae|Dasyurus|hallucatus,Asynaptic Sex Chromosomes,Heterogametic,XY,14
Animalia,Mammalia,Dasyuromorphia,Dasyuridae,Dasyurus,maculatus,Animalia|Mammalia|Dasyuromorphia|Dasyuridae|Dasyurus|maculatus,Asynaptic Sex Chromosomes,Heterogametic,XY,14
Animalia,Mammalia,Dasyuromorphia,Dasyuridae,Dasyurus,viverrinus,Animalia|Mammalia|Dasyuromorphia|Dasyuridae|Dasyurus|viverrinus,Asynaptic Sex Chromosomes,Heterogametic,XY,14
Animalia,Mammalia,Dasyuromorphia,Dasyuridae,Ningaui,sp.,Animalia|Mammalia|Dasyuromorphia|Dasyuridae|Ningaui|sp.,Asynaptic Sex Chromosomes,Heterogametic,XY,14
Animalia,Mammalia,Dasyuromorphia,Dasyuridae,Phascogale,tapoatafa,Animalia|Mammalia|Dasyuromorphia|Dasyuridae|Phascogale|tapoatafa,Asynaptic Sex Chromosomes,Heterogametic,XY,14
Animalia,Mammalia,Dasyuromorphia,Dasyuridae,Phascolosorex,dorsalis,Animalia|Mammalia|Dasyuromorphia|Dasyuridae|Phascolosorex|dorsalis,Asynaptic Sex Chromosomes,Heterogametic,XY,14
Animalia,Mammalia,Dasyuromorphia,Dasyuridae,Planigale,maculata,Animalia|Mammalia|Dasyuromorphia|Dasyuridae|Planigale|maculata,Asynaptic Sex Chromosomes,Heterogametic,XY,14
Animalia,Mammalia,Dasyuromorphia,Dasyuridae,Sarcophilus,harrisii,Animalia|Mammalia|Dasyuromorphia|Dasyuridae|Sarcophilus|harrisii,Asynaptic Sex Chromosomes,Heterogametic,XY,14
Animalia,Mammalia,Dasyuromorphia,Dasyuridae,Sminthopsis,crassicaudata,Animalia|Mammalia|Dasyuromorphia|Dasyuridae|Sminthopsis|crassicaudata,Asynaptic Sex Chromosomes,Heterogametic,XY,14
Animalia,Mammalia,Dasyuromorphia,Myrmecobiidae,Myrmecobius,fasciatus,Animalia|Mammalia|Dasyuromorphia|Myrmecobiidae|Myrmecobius|fasciatus,Asynaptic Sex Chromosomes,Heterogametic,XY,14
Animalia,Mammalia,Didelphimorphia,Didelphidae,Caluromys,derbianus,Animalia|Mammalia|Didelphimorphia|Didelphidae|Caluromys|derbianus,Asynaptic Sex Chromosomes,Heterogametic,XY,14
Animalia,Mammalia,Didelphimorphia,Didelphidae,Caluromys,lanatus,Animalia|Mammalia|Didelphimorphia|Didelphidae|Caluromys|lanatus,Asynaptic Sex Chromosomes,Heterogametic,XY,14
Animalia,Mammalia,Didelphimorphia,Didelphidae,Chironectes,panamensis,Animalia|Mammalia|Didelphimorphia|Didelphidae|Chironectes|panamensis,Asynaptic Sex Chromosomes,Heterogametic,XY,22
Animalia,Mammalia,Didelphimorphia,Didelphidae,Didelphis,marsupialis,Animalia|Mammalia|Didelphimorphia|Didelphidae|Didelphis|marsupialis,Asynaptic Sex Chromosomes,Heterogametic,XY,22
Animalia,Mammalia,Didelphimorphia,Didelphidae,Didelphis,virginiana,Animalia|Mammalia|Didelphimorphia|Didelphidae|Didelphis|virginiana,Asynaptic Sex Chromosomes,Heterogametic,XY,22
Animalia,Mammalia,Didelphimorphia,Didelphidae,Didelphys,albiventris,Animalia|Mammalia|Didelphimorphia|Didelphidae|Didelphys|albiventris,Asynaptic Sex Chromosomes,Heterogametic,XY,22
Animalia,Mammalia,Didelphimorphia,Didelphidae,Lutreolina,crassicaudata,Animalia|Mammalia|Didelphimorphia|Didelphidae|Lutreolina|crassicaudata,Asynaptic Sex Chromosomes,Heterogametic,XY,22
Animalia,Mammalia,Didelphimorphia,Didelphidae,Marmosa,alstoni,Animalia|Mammalia|Didelphimorphia|Didelphidae|Marmosa|alstoni,Asynaptic Sex Chromosomes,Heterogametic,XY,14
Animalia,Mammalia,Didelphimorphia,Didelphidae,Marmosa,murina,Animalia|Mammalia|Didelphimorphia|Didelphidae|Marmosa|murina,Asynaptic Sex Chromosomes,Heterogametic,XY,14
Animalia,Mammalia,Didelphimorphia,Didelphidae,Marmosa,pusilla,Animalia|Mammalia|Didelphimorphia|Didelphidae|Marmosa|pusilla,Asynaptic Sex Chromosomes,Heterogametic,XY,14
Animalia,Mammalia,Didelphimorphia,Didelphidae,Marmosa,robinsoni,Animalia|Mammalia|Didelphimorphia|Didelphidae|Marmosa|robinsoni,Asynaptic Sex Chromosomes,Heterogametic,XY,14
Animalia,Mammalia,Didelphimorphia,Didelphidae,Marmosa,sp.,Animalia|Mammalia|Didelphimorphia|Didelphidae|Marmosa|sp.,Asynaptic Sex Chromosomes,Heterogametic,XY,14
Animalia,Mammalia,Didelphimorphia,Didelphidae,Marmosops,incanus,Animalia|Mammalia|Didelphimorphia|Didelphidae|Marmosops|incanus,Asynaptic Sex Chromosomes,Heterogametic,XY,14
Animalia,Mammalia,Didelphimorphia,Didelphidae,Metachirus,nudicaudatus,Animalia|Mammalia|Didelphimorphia|Didelphidae|Metachirus|nudicaudatus,Asynaptic Sex Chromosomes,Heterogametic,XY,14
Animalia,Mammalia,Didelphimorphia,Didelphidae,Micoureus,demerarae,Animalia|Mammalia|Didelphimorphia|Didelphidae|Micoureus|demerarae,Asynaptic Sex Chromosomes,Heterogametic,XY,14
Animalia,Mammalia,Didelphimorphia,Didelphidae,Monodelphis,brevicaudata,Animalia|Mammalia|Didelphimorphia|Didelphidae|Monodelphis|brevicaudata,Asynaptic Sex Chromosomes,Heterogametic,XY,18
Animalia,Mammalia,Didelphimorphia,Didelphidae,Monodelphis,domestica,Animalia|Mammalia|Didelphimorphia|Didelphidae|Monodelphis|domestica,Asynaptic Sex Chromosomes,Heterogametic,XY,18
Animalia,Mammalia,Didelphimorphia,Didelphidae,Philander,opossum,Animalia|Mammalia|Didelphimorphia|Didelphidae|Philander|opossum,Asynaptic Sex Chromosomes,Heterogametic,XY,22
Animalia,Mammalia,Didelphimorphia,Didelphidae,Thylamys,elegans,Animalia|Mammalia|Didelphimorphia|Didelphidae|Thylamys|elegans,Achiasmatic Sex Chromosomes,Heterogametic,XY,14
Animalia,Mammalia,Diprodontia,Acrobatidae,Acrobates,pygmaeus,Animalia|Mammalia|Diprodontia|Acrobatidae|Acrobates|pygmaeus,Asynaptic Sex Chromosomes,Heterogametic,XY,14
Animalia,Mammalia,Diprodontia,Acrobatidae,Dactylopsila,palpator,Animalia|Mammalia|Diprodontia|Acrobatidae|Dactylopsila|palpator,Asynaptic Sex Chromosomes,Heterogametic,XY,18
Animalia,Mammalia,Diprodontia,Acrobatidae,Dactylopsila,trivirgata,Animalia|Mammalia|Diprodontia|Acrobatidae|Dactylopsila|trivirgata,Asynaptic Sex Chromosomes,Heterogametic,XY,18
Animalia,Mammalia,Diprodontia,Acrobatidae,Distoechurus,pennatus,Animalia|Mammalia|Diprodontia|Acrobatidae|Distoechurus|pennatus,Asynaptic Sex Chromosomes,Heterogametic,XY,14
Animalia,Mammalia,Diprodontia,Burramyidae,Burramys,parvus,Animalia|Mammalia|Diprodontia|Burramyidae|Burramys|parvus,Asynaptic Sex Chromosomes,Heterogametic,XY,14
Animalia,Mammalia,Diprodontia,Burramyidae,Cercartetus,concinnus,Animalia|Mammalia|Diprodontia|Burramyidae|Cercartetus|concinnus,Asynaptic Sex Chromosomes,Heterogametic,XY,14
Animalia,Mammalia,Diprodontia,Burramyidae,Cercartetus,lepidus,Animalia|Mammalia|Diprodontia|Burramyidae|Cercartetus|lepidus,Asynaptic Sex Chromosomes,Heterogametic,XY,14
Animalia,Mammalia,Diprodontia,Burramyidae,Cercartetus,nanus,Animalia|Mammalia|Diprodontia|Burramyidae|Cercartetus|nanus,Asynaptic Sex Chromosomes,Heterogametic,XY,14
Animalia,Mammalia,Diprodontia,Hypsiprymnodontidae,Hypsiprymnodon,moschatus,Animalia|Mammalia|Diprodontia|Hypsiprymnodontidae|Hypsiprymnodon|moschatus,Asynaptic Sex Chromosomes,Heterogametic,XY,22
Animalia,Mammalia,Diprodontia,Macropodidae,Dendrolagus,dorianus,Animalia|Mammalia|Diprodontia|Macropodidae|Dendrolagus|dorianus,Asynaptic Sex Chromosomes,Heterogametic,XY,12
Animalia,Mammalia,Diprodontia,Macropodidae,Dendrolagus,goodfellowi,Animalia|Mammalia|Diprodontia|Macropodidae|Dendrolagus|goodfellowi,Asynaptic Sex Chromosomes,Heterogametic,XY,14
Animalia,Mammalia,Diprodontia,Macropodidae,Dorcopsis,muelleri,Animalia|Mammalia|Diprodontia|Macropodidae|Dorcopsis|muelleri,Asynaptic Sex Chromosomes,Heterogametic,XY,22
Animalia,Mammalia,Diprodontia,Macropodidae,Dorcopsulus,vanheurni,Animalia|Mammalia|Diprodontia|Macropodidae|Dorcopsulus|vanheurni,Asynaptic Sex Chromosomes,Heterogametic,XY,18
Animalia,Mammalia,Diprodontia,Macropodidae,Lagorchestes,conspicillata,Animalia|Mammalia|Diprodontia|Macropodidae|Lagorchestes|conspicillata,Asynaptic Sex Chromosomes,Heterogametic,XY,16
Animalia,Mammalia,Diprodontia,Macropodidae,Lagorchestes,hirsutus,Animalia|Mammalia|Diprodontia|Macropodidae|Lagorchestes|hirsutus,Asynaptic Sex Chromosomes,Heterogametic,XY,20
Animalia,Mammalia,Diprodontia,Macropodidae,Lagostrphus,fasciatus,Animalia|Mammalia|Diprodontia|Macropodidae|Lagostrphus|fasciatus,Asynaptic Sex Chromosomes,Heterogametic,XY,32
Animalia,Mammalia,Diprodontia,Macropodidae,Macropus,agilis,Animalia|Mammalia|Diprodontia|Macropodidae|Macropus|agilis,Asynaptic Sex Chromosomes,Heterogametic,XY,16
Animalia,Mammalia,Diprodontia,Macropodidae,Macropus,antilopinus,Animalia|Mammalia|Diprodontia|Macropodidae|Macropus|antilopinus,Asynaptic Sex Chromosomes,Heterogametic,XY,16
Animalia,Mammalia,Diprodontia,Macropodidae,Macropus,bicolor,Animalia|Mammalia|Diprodontia|Macropodidae|Macropus|bicolor,Asynaptic Sex Chromosomes,Heterogametic,XY,10
Animalia,Mammalia,Diprodontia,Macropodidae,Macropus,eugenii,Animalia|Mammalia|Diprodontia|Macropodidae|Macropus|eugenii,Asynaptic Sex Chromosomes,Heterogametic,XY,16
Animalia,Mammalia,Diprodontia,Macropodidae,Macropus,fuliginosus,Animalia|Mammalia|Diprodontia|Macropodidae|Macropus|fuliginosus,Asynaptic Sex Chromosomes,Heterogametic,XY,16
Animalia,Mammalia,Diprodontia,Macropodidae,Macropus,giganteus,Animalia|Mammalia|Diprodontia|Macropodidae|Macropus|giganteus,Asynaptic Sex Chromosomes,Heterogametic,XY,16
Animalia,Mammalia,Diprodontia,Macropodidae,Macropus,irma,Animalia|Mammalia|Diprodontia|Macropodidae|Macropus|irma,Asynaptic Sex Chromosomes,Heterogametic,XY,16
Animalia,Mammalia,Diprodontia,Macropodidae,Macropus,parma,Animalia|Mammalia|Diprodontia|Macropodidae|Macropus|parma,Asynaptic Sex Chromosomes,Heterogametic,XY,16
Animalia,Mammalia,Diprodontia,Macropodidae,Macropus,parryi,Animalia|Mammalia|Diprodontia|Macropodidae|Macropus|parryi,Asynaptic Sex Chromosomes,Heterogametic,XY,16
Animalia,Mammalia,Diprodontia,Macropodidae,Macropus,robustus,Animalia|Mammalia|Diprodontia|Macropodidae|Macropus|robustus,Asynaptic Sex Chromosomes,Heterogametic,XY,16
Animalia,Mammalia,Diprodontia,Macropodidae,Macropus,rufogriseus,Animalia|Mammalia|Diprodontia|Macropodidae|Macropus|rufogriseus,Asynaptic Sex Chromosomes,Heterogametic,XY,16
Animalia,Mammalia,Diprodontia,Macropodidae,Macropus,rufus,Animalia|Mammalia|Diprodontia|Macropodidae|Macropus|rufus,Asynaptic Sex Chromosomes,Heterogametic,XY,20
Animalia,Mammalia,Diprodontia,Macropodidae,Onychogalea,fraenata,Animalia|Mammalia|Diprodontia|Macropodidae|Onychogalea|fraenata,Asynaptic Sex Chromosomes,Heterogametic,XY,18
Animalia,Mammalia,Diprodontia,Macropodidae,Onychogalea,unguifera,Animalia|Mammalia|Diprodontia|Macropodidae|Onychogalea|unguifera,Asynaptic Sex Chromosomes,Heterogametic,XY,20
Animalia,Mammalia,Diprodontia,Macropodidae,Peradorcas,concinna,Animalia|Mammalia|Diprodontia|Macropodidae|Peradorcas|concinna,Asynaptic Sex Chromosomes,Heterogametic,XY,16
Animalia,Mammalia,Diprodontia,Macropodidae,Petrogale,lateralis,Animalia|Mammalia|Diprodontia|Macropodidae|Petrogale|lateralis,Asynaptic Sex Chromosomes,Heterogametic,XY,22
Animalia,Mammalia,Diprodontia,Macropodidae,Petrogale,xanthopus,Animalia|Mammalia|Diprodontia|Macropodidae|Petrogale|xanthopus,Asynaptic Sex Chromosomes,Heterogametic,XY,22
Animalia,Mammalia,Diprodontia,Macropodidae,Setonix,brachyurus,Animalia|Mammalia|Diprodontia|Macropodidae|Setonix|brachyurus,Asynaptic Sex Chromosomes,Heterogametic,XY,22
Animalia,Mammalia,Diprodontia,Macropodidae,Thylogale,brunii,Animalia|Mammalia|Diprodontia|Macropodidae|Thylogale|brunii,Asynaptic Sex Chromosomes,Heterogametic,XY,22
Animalia,Mammalia,Diprodontia,Macropodidae,Thylogale,stigmatica,Animalia|Mammalia|Diprodontia|Macropodidae|Thylogale|stigmatica,Asynaptic Sex Chromosomes,Heterogametic,XY,22
Animalia,Mammalia,Diprodontia,Macropodidae,Wallabia,eugenii,Animalia|Mammalia|Diprodontia|Macropodidae|Wallabia|eugenii,Asynaptic Sex Chromosomes,Heterogametic,XY,16
Animalia,Mammalia,Diprodontia,Petauridae,Gymnobelideus,leadbeateri,Animalia|Mammalia|Diprodontia|Petauridae|Gymnobelideus|leadbeateri,Asynaptic Sex Chromosomes,Heterogametic,XY,22
Animalia,Mammalia,Diprodontia,Petauridae,Petarurus,breviceps,Animalia|Mammalia|Diprodontia|Petauridae|Petarurus|breviceps,Asynaptic Sex Chromosomes,Heterogametic,XY,22
Animalia,Mammalia,Diprodontia,Petauridae,Petarurus,norfolcensis,Animalia|Mammalia|Diprodontia|Petauridae|Petarurus|norfolcensis,Asynaptic Sex Chromosomes,Heterogametic,XY,22
Animalia,Mammalia,Diprodontia,Phalangeridae,Ailurops,ursinus,Animalia|Mammalia|Diprodontia|Phalangeridae|Ailurops|ursinus,Asynaptic Sex Chromosomes,Heterogametic,XY,NA
Animalia,Mammalia,Diprodontia,Phalangeridae,Phalanger,gymnotis,Animalia|Mammalia|Diprodontia|Phalangeridae|Phalanger|gymnotis,Asynaptic Sex Chromosomes,Heterogametic,XY,14
Animalia,Mammalia,Diprodontia,Phalangeridae,Phalanger,orientalis,Animalia|Mammalia|Diprodontia|Phalangeridae|Phalanger|orientalis,Asynaptic Sex Chromosomes,Heterogametic,XY,14
Animalia,Mammalia,Diprodontia,Phalangeridae,Spilocuscus,maculatus,Animalia|Mammalia|Diprodontia|Phalangeridae|Spilocuscus|maculatus,Asynaptic Sex Chromosomes,Heterogametic,XY,NA
Animalia,Mammalia,Diprodontia,Phalangeridae,Spilocuscus,rufoniger,Animalia|Mammalia|Diprodontia|Phalangeridae|Spilocuscus|rufoniger,Asynaptic Sex Chromosomes,Heterogametic,XY,NA
Animalia,Mammalia,Diprodontia,Phalangeridae,Strigocuscus,celebensis,Animalia|Mammalia|Diprodontia|Phalangeridae|Strigocuscus|celebensis,Asynaptic Sex Chromosomes,Heterogametic,XY,NA
Animalia,Mammalia,Diprodontia,Phalangeridae,Strigocuscus,pelengensis,Animalia|Mammalia|Diprodontia|Phalangeridae|Strigocuscus|pelengensis,Asynaptic Sex Chromosomes,Heterogametic,XY,NA
Animalia,Mammalia,Diprodontia,Phalangeridae,Trichosurus,caninus,Animalia|Mammalia|Diprodontia|Phalangeridae|Trichosurus|caninus,Asynaptic Sex Chromosomes,Heterogametic,XY,20
Animalia,Mammalia,Diprodontia,Phalangeridae,Trichosurus,johnstonii,Animalia|Mammalia|Diprodontia|Phalangeridae|Trichosurus|johnstonii,Asynaptic Sex Chromosomes,Heterogametic,XY,20
Animalia,Mammalia,Diprodontia,Phalangeridae,Wyulda,squamicaudata,Animalia|Mammalia|Diprodontia|Phalangeridae|Wyulda|squamicaudata,Asynaptic Sex Chromosomes,Heterogametic,XY,NA
Animalia,Mammalia,Diprodontia,Phascolarctidae,Phascolarctos,cinereus,Animalia|Mammalia|Diprodontia|Phascolarctidae|Phascolarctos|cinereus,Asynaptic Sex Chromosomes,Heterogametic,XY,16
Animalia,Mammalia,Diprodontia,Potoroidae,Aepyprymnus,rufescens,Animalia|Mammalia|Diprodontia|Potoroidae|Aepyprymnus|rufescens,Asynaptic Sex Chromosomes,Heterogametic,XY,32
Animalia,Mammalia,Diprodontia,Potoroidae,Bettongia,gaimardi,Animalia|Mammalia|Diprodontia|Potoroidae|Bettongia|gaimardi,Asynaptic Sex Chromosomes,Heterogametic,XY,22
Animalia,Mammalia,Diprodontia,Potoroidae,Bettongia,penicillata,Animalia|Mammalia|Diprodontia|Potoroidae|Bettongia|penicillata,Asynaptic Sex Chromosomes,Heterogametic,XY,22
Animalia,Mammalia,Diprodontia,Potoroidae,Potorous,longipes,Animalia|Mammalia|Diprodontia|Potoroidae|Potorous|longipes,Asynaptic Sex Chromosomes,Heterogametic,XY,32
Animalia,Mammalia,Diprodontia,Potoroidae,Potorous,tridactylus,Animalia|Mammalia|Diprodontia|Potoroidae|Potorous|tridactylus,Asynaptic Sex Chromosomes,Heterogametic,XY,12
Animalia,Mammalia,Diprodontia,Pseudocheiridae,Hemibelideus,lemuroides,Animalia|Mammalia|Diprodontia|Pseudocheiridae|Hemibelideus|lemuroides,Asynaptic Sex Chromosomes,Heterogametic,XY,20
Animalia,Mammalia,Diprodontia,Pseudocheiridae,Petauroides,volans,Animalia|Mammalia|Diprodontia|Pseudocheiridae|Petauroides|volans,Asynaptic Sex Chromosomes,Heterogametic,XY,22
Animalia,Mammalia,Diprodontia,Pseudocheiridae,Pseudochirops,archeri,Animalia|Mammalia|Diprodontia|Pseudocheiridae|Pseudochirops|archeri,Asynaptic Sex Chromosomes,Heterogametic,XY,16
Animalia,Mammalia,Diprodontia,Pseudocheiridae,Pseudochirops,corinnae,Animalia|Mammalia|Diprodontia|Pseudocheiridae|Pseudochirops|corinnae,Asynaptic Sex Chromosomes,Heterogametic,XY,16
Animalia,Mammalia,Diprodontia,Pseudocheiridae,Pseudochirops,cupreus,Animalia|Mammalia|Diprodontia|Pseudocheiridae|Pseudochirops|cupreus,Asynaptic Sex Chromosomes,Heterogametic,XY,10
Animalia,Mammalia,Diprodontia,Pseudocheiridae,Pseudochirops,dahli,Animalia|Mammalia|Diprodontia|Pseudocheiridae|Pseudochirops|dahli,Asynaptic Sex Chromosomes,Heterogametic,XY,16
Animalia,Mammalia,Diprodontia,Pseudocheiridae,Pseudochirulus,canescens,Animalia|Mammalia|Diprodontia|Pseudocheiridae|Pseudochirulus|canescens,Asynaptic Sex Chromosomes,Heterogametic,XY,18
Animalia,Mammalia,Diprodontia,Pseudocheiridae,Pseudochirulus,herbertensis,Animalia|Mammalia|Diprodontia|Pseudocheiridae|Pseudochirulus|herbertensis,Asynaptic Sex Chromosomes,Heterogametic,XY,12
Animalia,Mammalia,Diprodontia,Pseudocheiridae,Pseudochirulus,mayeri,Animalia|Mammalia|Diprodontia|Pseudocheiridae|Pseudochirulus|mayeri,Asynaptic Sex Chromosomes,Heterogametic,XY,NA
Animalia,Mammalia,Diprodontia,Pseudocheiridae,Pseudochirulus,peregrinus,Animalia|Mammalia|Diprodontia|Pseudocheiridae|Pseudochirulus|peregrinus,Asynaptic Sex Chromosomes,Heterogametic,XY,20
Animalia,Mammalia,Diprodontia,Tarsipedidae,Tarsipes,rostratus,Animalia|Mammalia|Diprodontia|Tarsipedidae|Tarsipes|rostratus,Asynaptic Sex Chromosomes,Heterogametic,XY,32
Animalia,Mammalia,Diprodontia,Vombatidae,Lasiorhinus,latifrons,Animalia|Mammalia|Diprodontia|Vombatidae|Lasiorhinus|latifrons,Asynaptic Sex Chromosomes,Heterogametic,XY,14
Animalia,Mammalia,Diprodontia,Vombatidae,Vombatus,ursinus,Animalia|Mammalia|Diprodontia|Vombatidae|Vombatus|ursinus,Asynaptic Sex Chromosomes,Heterogametic,XY,14
Animalia,Mammalia,Microbiotheria,Microbiotheriidae,Dromiciops,australis,Animalia|Mammalia|Microbiotheria|Microbiotheriidae|Dromiciops|australis,Asynaptic Sex Chromosomes,Heterogametic,XO,14
Animalia,Mammalia,Microbiotheria,Microbiotheriidae,Dromiciops,gliroides,Animalia|Mammalia|Microbiotheria|Microbiotheriidae|Dromiciops|gliroides,Asynaptic Sex Chromosomes,Heterogametic,XY,14
Animalia,Mammalia,Notoryctemorphia,Notoryctidae,Notoryctes,typhlops,Animalia|Mammalia|Notoryctemorphia|Notoryctidae|Notoryctes|typhlops,Asynaptic Sex Chromosomes,Heterogametic,XY,20
Animalia,Mammalia,Paucituberculata,Caenolestidae,Caenolestes,fuliginosus,Animalia|Mammalia|Paucituberculata|Caenolestidae|Caenolestes|fuliginosus,Asynaptic Sex Chromosomes,Heterogametic,XY,14
Animalia,Mammalia,Paucituberculata,Caenolestidae,Rhyncholestes,raphanurus,Animalia|Mammalia|Paucituberculata|Caenolestidae|Rhyncholestes|raphanurus,Asynaptic Sex Chromosomes,Heterogametic,XY,14
Animalia,Mammalia,Peramelemorphia,Peramelidae,Echymipera,kalubu,Animalia|Mammalia|Peramelemorphia|Peramelidae|Echymipera|kalubu,Asynaptic Sex Chromosomes,Heterogametic,XY,14
Animalia,Mammalia,Peramelemorphia,Peramelidae,Isoodon,macrourus,Animalia|Mammalia|Peramelemorphia|Peramelidae|Isoodon|macrourus,Asynaptic Sex Chromosomes,Heterogametic,XY,14
Animalia,Mammalia,Peramelemorphia,Peramelidae,Isoodon,obesulus,Animalia|Mammalia|Peramelemorphia|Peramelidae|Isoodon|obesulus,Asynaptic Sex Chromosomes,Heterogametic,XY,14
Animalia,Mammalia,Peramelemorphia,Peramelidae,Microperoryctes,longicauda,Animalia|Mammalia|Peramelemorphia|Peramelidae|Microperoryctes|longicauda,Asynaptic Sex Chromosomes,Heterogametic,XY,14
Animalia,Mammalia,Peramelemorphia,Peramelidae,Perameles,nasuta,Animalia|Mammalia|Peramelemorphia|Peramelidae|Perameles|nasuta,Asynaptic Sex Chromosomes,Heterogametic,XY,14
Animalia,Mammalia,Peramelemorphia,Peramelidae,Peroryctes,raffrayana,Animalia|Mammalia|Peramelemorphia|Peramelidae|Peroryctes|raffrayana,Asynaptic Sex Chromosomes,Heterogametic,XY,14
Animalia,Mammalia,Peramelemorphia,Thylacomyidae,Macrotis,lagotis,Animalia|Mammalia|Peramelemorphia|Thylacomyidae|Macrotis|lagotis,Asynaptic Sex Chromosomes,Heterogametic,NA,18
Animalia,Mammalia,Rodentia,Chinchillinae,Chinchilla,laniger,Animalia|Mammalia|Rodentia|Chinchillinae|Chinchilla|laniger,Achiasmatic Sex Chromosomes,Heterogametic,XY,64
Animalia,Mammalia,Rodentia,Cricetidae,Arvicola,terrestris,Animalia|Mammalia|Rodentia|Cricetidae|Arvicola|terrestris,Asynaptic Sex Chromosomes,Heterogametic,NA,NA
Animalia,Mammalia,Rodentia,Cricetidae,Clethrionomys,glareolus,Animalia|Mammalia|Rodentia|Cricetidae|Clethrionomys|glareolus,Asynaptic Sex Chromosomes,Heterogametic,XY,56
Animalia,Mammalia,Rodentia,Cricetidae,Ellobius,talpinus,Animalia|Mammalia|Rodentia|Cricetidae|Ellobius|talpinus,Asynaptic Sex Chromosomes,Heterogametic,XY,54
Animalia,Mammalia,Rodentia,Cricetidae,Ellobius,tancrei,Animalia|Mammalia|Rodentia|Cricetidae|Ellobius|tancrei,Asynaptic Sex Chromosomes,Heterogametic,XO,34
Animalia,Mammalia,Rodentia,Cricetidae,Holochilus,chacarius,Animalia|Mammalia|Rodentia|Cricetidae|Holochilus|chacarius,Achiasmatic Sex Chromosomes,Heterogametic,NA,NA
Animalia,Mammalia,Rodentia,Cricetidae,Microtus,agrestis,Animalia|Mammalia|Rodentia|Cricetidae|Microtus|agrestis,Asynaptic Sex Chromosomes,Heterogametic,XY,50
Animalia,Mammalia,Rodentia,Cricetidae,Microtus,arvalis,Animalia|Mammalia|Rodentia|Cricetidae|Microtus|arvalis,Asynaptic Sex Chromosomes,Heterogametic,XY,46
Animalia,Mammalia,Rodentia,Cricetidae,Microtus,cabrerae,Animalia|Mammalia|Rodentia|Cricetidae|Microtus|cabrerae,Asynaptic Sex Chromosomes,Heterogametic,XY,54
Animalia,Mammalia,Rodentia,Cricetidae,Microtus,duodecimcostatus,Animalia|Mammalia|Rodentia|Cricetidae|Microtus|duodecimcostatus,Asynaptic Sex Chromosomes,Heterogametic,XY,62
Animalia,Mammalia,Rodentia,Cricetidae,Microtus,guentheri,Animalia|Mammalia|Rodentia|Cricetidae|Microtus|guentheri,Asynaptic Sex Chromosomes,Heterogametic,XY,54
Animalia,Mammalia,Rodentia,Cricetidae,Microtus,kikuchii,Animalia|Mammalia|Rodentia|Cricetidae|Microtus|kikuchii,Asynaptic Sex Chromosomes,Heterogametic,XY,30
Animalia,Mammalia,Rodentia,Cricetidae,Microtus,kirgisorum,Animalia|Mammalia|Rodentia|Cricetidae|Microtus|kirgisorum,Asynaptic Sex Chromosomes,Heterogametic,XY,54
Animalia,Mammalia,Rodentia,Cricetidae,Microtus,oeconomus,Animalia|Mammalia|Rodentia|Cricetidae|Microtus|oeconomus,Asynaptic Sex Chromosomes,Heterogametic,XY,30
Animalia,Mammalia,Rodentia,Cricetidae,Microtus,rossiaemeridionalis,Animalia|Mammalia|Rodentia|Cricetidae|Microtus|rossiaemeridionalis,Asynaptic Sex Chromosomes,Heterogametic,XY,54
Animalia,Mammalia,Rodentia,Cricetidae,Microtus,subterraneus,Animalia|Mammalia|Rodentia|Cricetidae|Microtus|subterraneus,Asynaptic Sex Chromosomes,Heterogametic,XY,52
Animalia,Mammalia,Rodentia,Cricetidae,Microtus,thomasi,Animalia|Mammalia|Rodentia|Cricetidae|Microtus|thomasi,Asynaptic Sex Chromosomes,Heterogametic,NA,44
Animalia,Mammalia,Rodentia,Cricetidae,Microtus,transcapicus,Animalia|Mammalia|Rodentia|Cricetidae|Microtus|transcapicus,Asynaptic Sex Chromosomes,Heterogametic,XY,52
Animalia,Mammalia,Rodentia,Cricetidae,Microtus,transcaspicus,Animalia|Mammalia|Rodentia|Cricetidae|Microtus|transcaspicus,Asynaptic Sex Chromosomes,Heterogametic,NA,NA
Animalia,Mammalia,Rodentia,Cricetidae,Myopus,schisticolor,Animalia|Mammalia|Rodentia|Cricetidae|Myopus|schisticolor,Asynaptic Sex Chromosomes,Heterogametic,XY,NA
Animalia,Mammalia,Rodentia,Cricetidae,Phodopus,campbelli,Animalia|Mammalia|Rodentia|Cricetidae|Phodopus|campbelli,Asynaptic Sex Chromosomes,Heterogametic,XY,NA
Animalia,Mammalia,Rodentia,Cricetidae,Phodopus,sungorus,Animalia|Mammalia|Rodentia|Cricetidae|Phodopus|sungorus,Asynaptic Sex Chromosomes,Heterogametic,XY,28
Animalia,Mammalia,Rodentia,Cricetidae,Pitymys,duodecimcostatus,Animalia|Mammalia|Rodentia|Cricetidae|Pitymys|duodecimcostatus,Achiasmatic Sex Chromosomes,Heterogametic,XY,62
Animalia,Mammalia,Rodentia,Echimyidae,Trichomys,apereoide,Animalia|Mammalia|Rodentia|Echimyidae|Trichomys|apereoide,Asynaptic Sex Chromosomes,Heterogametic,NA,26
Animalia,Mammalia,Rodentia,Muridae,Meriones,unguiculatus,Animalia|Mammalia|Rodentia|Muridae|Meriones|unguiculatus,Achiasmatic Sex Chromosomes,Heterogametic,NA,44
Animalia,Mammalia,Rodentia,Muridae,Mus,dunni,Animalia|Mammalia|Rodentia|Muridae|Mus|dunni,Achiasmatic Sex Chromosomes,Heterogametic,XY,40
Animalia,Mammalia,Rodentia,Muridae,Mus,minutoides,Animalia|Mammalia|Rodentia|Muridae|Mus|minutoides,Asynaptic Sex Chromosomes,Heterogametic,XY,18
Animalia,Mammalia,Rodentia,Muridae,Psammomys,obesus,Animalia|Mammalia|Rodentia|Muridae|Psammomys|obesus,Achiasmatic Sex Chromosomes,Heterogametic,NA,48
Animalia,Mammalia,Rodentia,Octodontidae,Octodon,degus,Animalia|Mammalia|Rodentia|Octodontidae|Octodon|degus,Asynaptic Sex Chromosomes,Heterogametic,XY,58
Animalia,Maxillopoda,Cyclopoida,Cyclopidae,Acanthocyclops,vernalis,Animalia|Maxillopoda|Cyclopoida|Cyclopidae|Acanthocyclops|vernalis,Achiasmatic Meiosis,Heterogametic,NA,8
Animalia,Maxillopoda,Cyclopoida,Cyclopidae,Acanthocyclops,vernalis ssp. parcus?,Animalia|Maxillopoda|Cyclopoida|Cyclopidae|Acanthocyclops|vernalis ssp. parcus?,Achiasmatic Meiosis,Heterogametic,NA,6
Animalia,Maxillopoda,Cyclopoida,Cyclopidae,Cyclops,furcifer,Animalia|Maxillopoda|Cyclopoida|Cyclopidae|Cyclops|furcifer,Asynaptic Sex Chromosomes,Heterogametic,NA,22
Animalia,Maxillopoda,Cyclopoida,Cyclopidae,Cyclops,strenuus divulsus,Animalia|Maxillopoda|Cyclopoida|Cyclopidae|Cyclops|strenuus divulsus,Asynaptic Sex Chromosomes,Heterogametic,NA,22
Animalia,Maxillopoda,Cyclopoida,Cyclopidae,Cyclops,strenuus strenuus,Animalia|Maxillopoda|Cyclopoida|Cyclopidae|Cyclops|strenuus strenuus,Asynaptic Sex Chromosomes,Heterogametic,NA,22
Animalia,Maxillopoda,Cyclopoida,Cyclopidae,Diacyclops,bicuspidatus,Animalia|Maxillopoda|Cyclopoida|Cyclopidae|Diacyclops|bicuspidatus,Achiasmatic Meiosis,Heterogametic,NA,NA
Animalia,Maxillopoda,Cyclopoida,Cyclopidae,Diacyclops,biscupidatus thomasi,Animalia|Maxillopoda|Cyclopoida|Cyclopidae|Diacyclops|biscupidatus thomasi,Achiasmatic Meiosis,Heterogametic,NA,18
Animalia,Maxillopoda,Cyclopoida,Cyclopidae,Eucyclops,serrulatus,Animalia|Maxillopoda|Cyclopoida|Cyclopidae|Eucyclops|serrulatus,Achiasmatic Meiosis,Heterogametic,NA,14
Animalia,Maxillopoda,Cyclopoida,Cyclopidae,Eucyclops,speratus,Animalia|Maxillopoda|Cyclopoida|Cyclopidae|Eucyclops|speratus,Achiasmatic Meiosis,Heterogametic,NA,14
Animalia,Maxillopoda,Cyclopoida,Cyclopidae,Macrocyclops,albidus,Animalia|Maxillopoda|Cyclopoida|Cyclopidae|Macrocyclops|albidus,Achiasmatic Meiosis,Heterogametic,NA,14
Animalia,Maxillopoda,Cyclopoida,Cyclopidae,Macrocyclops,ater,Animalia|Maxillopoda|Cyclopoida|Cyclopidae|Macrocyclops|ater,Achiasmatic Meiosis,Heterogametic,NA,22
Animalia,Maxillopoda,Cyclopoida,Cyclopidae,Mesocyclops,edax,Animalia|Maxillopoda|Cyclopoida|Cyclopidae|Mesocyclops|edax,Achiasmatic Meiosis,Heterogametic,NA,14
Animalia,Maxillopoda,Cyclopoida,Cyclopidae,Mesocyclops,leuckarti,Animalia|Maxillopoda|Cyclopoida|Cyclopidae|Mesocyclops|leuckarti,Achiasmatic Meiosis,Heterogametic,NA,12
Animalia,Maxillopoda,Cyclopoida,Cyclopidae,Tropocyclops,prasinus,Animalia|Maxillopoda|Cyclopoida|Cyclopidae|Tropocyclops|prasinus,Achiasmatic Meiosis,Heterogametic,NA,NA
Animalia,Maxillopoda,Cyclopoida,Cyclopidae,Tropocyclops,prasinus mexicanus,Animalia|Maxillopoda|Cyclopoida|Cyclopidae|Tropocyclops|prasinus mexicanus,Achiasmatic Meiosis,Heterogametic,NA,12
Animalia,Maxillopoda,Cyclopoida,Mytilicolidae,Mytilicola,intestinalis,Animalia|Maxillopoda|Cyclopoida|Mytilicolidae|Mytilicola|intestinalis,Achiasmatic Meiosis,Heterogametic,ZW,22
Animalia,Maxillopoda,Harpacticoida,Harpacticidae,Tigriopus,brevicornis,Animalia|Maxillopoda|Harpacticoida|Harpacticidae|Tigriopus|brevicornis,Achiasmatic Meiosis,Heterogametic,NA,24
Animalia,Maxillopoda,Harpacticoida,Harpacticidae,Tigriopus,californicus,Animalia|Maxillopoda|Harpacticoida|Harpacticidae|Tigriopus|californicus,Achiasmatic Meiosis,Heterogametic,NA,24
Animalia,Maxillopoda,Harpacticoida,Harpacticidae,Tigriopus,japonicus,Animalia|Maxillopoda|Harpacticoida|Harpacticidae|Tigriopus|japonicus,Asynaptic Sex Chromosomes,Heterogametic,NA,24
Animalia,Maxillopoda,Harpacticoida,Tisbidae,Tisbe,biminiensis,Animalia|Maxillopoda|Harpacticoida|Tisbidae|Tisbe|biminiensis,Achiasmatic Meiosis,Heterogametic,ZW,16
Animalia,Maxillopoda,Harpacticoida,Tisbidae,Tisbe,holothuriae,Animalia|Maxillopoda|Harpacticoida|Tisbidae|Tisbe|holothuriae,Achiasmatic Meiosis,Heterogametic,ZW,24
Animalia,Maxillopoda,Siphonostomatoida,Caligidae,Lepeoptheirus,salmonis salmonis,Animalia|Maxillopoda|Siphonostomatoida|Caligidae|Lepeoptheirus|salmonis salmonis,Achiasmatic Meiosis,Heterogametic,ZW,16
Animalia,Reptilia,Squamata,Lacertidae,Darevskia,unisexualis,Animalia|Reptilia|Squamata|Lacertidae|Darevskia|unisexualis,Asynaptic Sex Chromosomes,Heterogametic,ZW,38
Plantae,Equisetopsida,Isoetales,Isoetaceae,Isoetes,coromandelina,Plantae|Equisetopsida|Isoetales|Isoetaceae|Isoetes|coromandelina,Asynaptic Sex Chromosomes,NA,NA,46
Plantae,Equisetopsida,Solanales,Convolvulaceae,Poranopsis,paniculata,Plantae|Equisetopsida|Solanales|Convolvulaceae|Poranopsis|paniculata,Asynaptic Sex Chromosomes,NA,NA,14
Plantae,Liliopsida,Cyperales,Cyperaceae,Rhynchospora,tenuis,Plantae|Liliopsida|Cyperales|Cyperaceae|Rhynchospora|tenuis,Achiasmatic Meiosis,Heterogametic,NA,4
Plantae,Liliopsida,Zingberales,Zingiberaceae,Mantisia,spathulata,Plantae|Liliopsida|Zingberales|Zingiberaceae|Mantisia|spathulata,Asynaptic Sex Chromosomes,Heterogametic,NA,20
Plantae,Liliopsida,Zingberales,Zingiberaceae,Mantisia,wengeri,Plantae|Liliopsida|Zingberales|Zingiberaceae|Mantisia|wengeri,Asynaptic Sex Chromosomes,Heterogametic,NA,20
Plantae,Magnoliopsida,Caryophyllales,Caryophyllaceae,Dianthus,angulatus,Plantae|Magnoliopsida|Caryophyllales|Caryophyllaceae|Dianthus|angulatus,Asynaptic Sex Chromosomes,Hermaphroditic,NA,30
Plantae,Magnoliopsida,Rosales,Rosacease,Rubus,canadensis,Plantae|Magnoliopsida|Rosales|Rosacease|Rubus|canadensis,Asynaptic Sex Chromosomes,Heterogametic,NA,NA
Plantae,Magnoliopsida,Solanales,Convolvulaceae,Calystegia,hederacea,Plantae|Magnoliopsida|Solanales|Convolvulaceae|Calystegia|hederacea,Asynaptic Sex Chromosomes,NA,NA,12
Plantae,Magnoliopsida,Solanales,Convolvulaceae,Ipomoea,bona-nox,Plantae|Magnoliopsida|Solanales|Convolvulaceae|Ipomoea|bona-nox,Asynaptic Sex Chromosomes,NA,NA,16
Plantae,Magnoliopsida,Solanales,Solanaceae,Solanum,Solanum nigrum,Plantae|Magnoliopsida|Solanales|Solanaceae|Solanum|Solanum nigrum,Asynaptic Sex Chromosomes,Hermaphroditic,NA,12
Plantae,Pinopsida,Araucariales,Podocarpaceae,Pales,ferruginea,Plantae|Pinopsida|Araucariales|Podocarpaceae|Pales|ferruginea,Achiasmatic Meiosis,Heterogametic,NA,NA
